ScanNumber,RetentionTime,m/z,Intensity
scanId=169008,2.816666666667,102.1224760169524,1864.0
scanId=169008,2.816666666667,102.12829562159484,1957.0
scanId=169008,2.816666666667,102.13411539205212,1422.0
scanId=169008,2.816666666667,115.11652508210744,2000.0
scanId=169008,2.816666666667,115.12270384186276,2564.0
scanId=169008,2.816666666667,115.12888276743298,2141.0
scanId=169008,2.816666666667,115.13506185881812,1458.0
scanId=169008,2.816666666667,115.1412411160182,1051.0
scanId=169008,2.816666666667,118.12016852331502,1497.0
scanId=169008,2.816666666667,118.12642737167585,1490.0
scanId=169008,2.816666666667,118.1326867363697,1116.0
scanId=169008,2.816666666667,121.09285687347696,1528.0
scanId=169008,2.816666666667,121.09919398647916,2016.0
scanId=169008,2.816666666667,121.10553159782424,1642.0
scanId=169008,2.816666666667,121.11186904245632,1135.0
scanId=169008,2.816666666667,122.08983989557744,1234.0
scanId=169008,2.816666666667,122.09620336818892,1351.0
scanId=169008,2.816666666667,122.10256667994824,1100.0
scanId=169008,2.816666666667,125.10530989186763,1144.0
scanId=169008,2.816666666667,127.11657717800676,1345.0
scanId=169008,2.816666666667,127.12307028913428,1719.0
scanId=169008,2.816666666667,127.1295632681597,1440.0
scanId=169008,2.816666666667,127.13605671084488,1038.0
scanId=169008,2.816666666667,129.0915305695146,1258.0
scanId=169008,2.816666666667,129.09807362464534,2464.0
scanId=169008,2.816666666667,129.10461713261213,2567.0
scanId=169008,2.816666666667,129.11116051937267,1953.0
scanId=169008,2.816666666667,129.11770435889815,1371.0
scanId=169008,2.816666666667,130.1536909117446,1234.0
scanId=169008,2.816666666667,130.16026082889206,1255.0
scanId=169008,2.816666666667,136.10694086595652,1011.0
scanId=169008,2.816666666667,136.11365935327072,1130.0
scanId=169008,2.816666666667,138.11642444615794,2789.0
scanId=169008,2.816666666667,138.12319234631775,5043.0
scanId=169008,2.816666666667,138.12996065258886,4785.0
scanId=169008,2.816666666667,138.13672888437856,3353.0
scanId=169008,2.816666666667,138.14349752221278,2254.0
scanId=169008,2.816666666667,138.1502660856323,1552.0
scanId=169008,2.816666666667,138.15703505502975,1058.0
scanId=169008,2.816666666667,139.11989500673894,1158.0
scanId=169008,2.816666666667,139.12668744750673,1459.0
scanId=169008,2.816666666667,139.13348028946885,1348.0
scanId=169008,2.816666666667,139.14027306186642,1032.0
scanId=169008,2.816666666667,143.1149740282483,1469.0
scanId=169008,2.816666666667,143.12186330492827,1397.0
scanId=169008,2.816666666667,143.1287529637462,1010.0
scanId=169008,2.816666666667,150.08012041814993,1512.0
scanId=169008,2.816666666667,150.08717552894797,1965.0
scanId=169008,2.816666666667,150.0942306205462,1780.0
scanId=169008,2.816666666667,150.1012860629129,1421.0
scanId=169008,2.816666666667,150.10834148614094,1070.0
scanId=169008,2.816666666667,157.13853777709002,1062.0
scanId=169008,2.816666666667,164.1082054402802,1149.0
scanId=169008,2.816666666667,164.115582838718,1590.0
scanId=169008,2.816666666667,164.1229602745173,1827.0
scanId=169008,2.816666666667,164.13033800452973,1530.0
scanId=169008,2.816666666667,164.13771577195888,1041.0
scanId=169008,2.816666666667,164.9059155347579,1396.0
scanId=169008,2.816666666667,164.9133108382317,3917.0
scanId=169008,2.816666666667,164.92070618204218,5777.0
scanId=169008,2.816666666667,164.92810181709092,5745.0
scanId=169008,2.816666666667,164.93549749253123,4490.0
scanId=169008,2.816666666667,164.94289345915482,3108.0
scanId=169008,2.816666666667,164.95028946622497,2044.0
scanId=169008,2.816666666667,164.9576857644235,1383.0
scanId=169008,2.816666666667,165.10564529337302,1151.0
scanId=169008,2.816666666667,165.11304494837137,1401.0
scanId=169008,2.816666666667,165.12044489389436,1181.0
scanId=169008,2.816666666667,165.1278448805226,1115.0
scanId=169008,2.816666666667,165.13524515762057,1118.0
scanId=169008,2.816666666667,178.15512675137305,1198.0
scanId=169008,2.816666666667,178.16281326617997,1141.0
scanId=169008,2.816666666667,180.08965395676412,1466.0
scanId=169008,2.816666666667,180.09738216437097,2520.0
scanId=169008,2.816666666667,180.10511046453735,2318.0
scanId=169008,2.816666666667,180.1128390037249,1604.0
scanId=169008,2.816666666667,180.12056763552104,1120.0
scanId=169008,2.816666666667,186.8994564546273,1426.0
scanId=169008,2.816666666667,186.9073293454024,2427.0
scanId=169008,2.816666666667,186.9152024543046,2330.0
scanId=169008,2.816666666667,186.92307567670943,1765.0
scanId=169008,2.816666666667,186.9309491171948,1327.0
scanId=169008,2.816666666667,189.11826879294168,1579.0
scanId=169008,2.816666666667,189.1261883235344,7610.0
scanId=169008,2.816666666667,189.13410797411643,14691.0
scanId=169008,2.816666666667,189.14202783629304,14905.0
scanId=169008,2.816666666667,189.14994781850484,10912.0
scanId=169008,2.816666666667,189.15786801226537,7232.0
scanId=169008,2.816666666667,189.165788326107,4869.0
scanId=169008,2.816666666667,189.1737088514515,3378.0
scanId=169008,2.816666666667,189.1816294969229,2292.0
scanId=169008,2.816666666667,189.18955035385125,1480.0
scanId=169008,2.816666666667,190.13331342722063,1870.0
scanId=169008,2.816666666667,190.14125417919325,2323.0
scanId=169008,2.816666666667,190.1491950540848,1926.0
scanId=169008,2.816666666667,190.1571361376416,1310.0
scanId=169008,2.816666666667,191.14311281875135,1764.0
scanId=169008,2.816666666667,191.15107458632264,2898.0
scanId=169008,2.816666666667,191.1590365596973,2822.0
scanId=169008,2.816666666667,191.1669986588984,2091.0
scanId=169008,2.816666666667,191.17496096385767,1420.0
scanId=169008,2.816666666667,193.1627305461897,1482.0
scanId=169008,2.816666666667,193.1707342992645,1615.0
scanId=169008,2.816666666667,193.17873818382495,1199.0
scanId=169008,2.816666666667,194.1002928087912,5662.0
scanId=169008,2.816666666667,194.10831592788216,12813.0
scanId=169008,2.816666666667,194.1163392444968,14164.0
scanId=169008,2.816666666667,194.1243626952176,10795.0
scanId=169008,2.816666666667,194.1323863434177,7319.0
scanId=169008,2.816666666667,194.14041012576837,4887.0
scanId=169008,2.816666666667,194.1484341055541,3326.0
scanId=169008,2.816666666667,194.15645821953456,2301.0
scanId=169008,2.816666666667,194.16448253090596,1617.0
scanId=169008,2.816666666667,194.17250697651625,1192.0
scanId=169008,2.816666666667,195.11251351816173,1269.0
scanId=169008,2.816666666667,195.1205575299324,1235.0
scanId=169008,2.816666666667,197.1610236316646,1281.0
scanId=169008,2.816666666667,197.16910976042448,1344.0
scanId=169008,2.816666666667,197.1771960783952,1009.0
scanId=169008,2.816666666667,203.11623137180175,1135.0
scanId=169008,2.816666666667,203.1244387192288,1131.0
scanId=169008,2.816666666667,203.1326462245089,1087.0
scanId=169008,2.816666666667,203.1408539035245,1079.0
scanId=169008,2.816666666667,210.0938665058814,1514.0
scanId=169008,2.816666666667,210.10221362732267,2610.0
scanId=169008,2.816666666667,210.11056090555863,2755.0
scanId=169008,2.816666666667,210.1189083586297,2074.0
scanId=169008,2.816666666667,210.1272559684564,1413.0
scanId=169008,2.816666666667,211.12180593077628,1019.0
scanId=169008,2.816666666667,215.115039168766,1240.0
scanId=169008,2.816666666667,215.12348544752828,1055.0
scanId=169008,2.816666666667,217.1299272893669,1132.0
scanId=169008,2.816666666667,217.13841303207977,1052.0
scanId=169008,2.816666666667,219.14568229372344,1010.0
scanId=169008,2.816666666667,219.1542073052829,3380.0
scanId=169008,2.816666666667,219.1627325119463,8328.0
scanId=169008,2.816666666667,219.1712578550992,11546.0
scanId=169008,2.816666666667,219.17978339339248,10259.0
scanId=169008,2.816666666667,219.18830906813864,7284.0
scanId=169008,2.816666666667,219.19683493806173,4877.0
scanId=169008,2.816666666667,219.2053609444013,3239.0
scanId=169008,2.816666666667,219.21388714595423,2192.0
scanId=169008,2.816666666667,219.2224134838872,1498.0
scanId=169008,2.816666666667,220.12714714917863,1026.0
scanId=169008,2.816666666667,220.161324519495,1068.0
scanId=169008,2.816666666667,220.1698692923188,1664.0
scanId=169008,2.816666666667,220.1784141994884,1626.0
scanId=169008,2.816666666667,220.186959303942,1206.0
scanId=169008,2.816666666667,224.16114557259417,1058.0
scanId=169008,2.816666666667,224.16976761516983,1891.0
scanId=169008,2.816666666667,224.17838978379257,1959.0
scanId=169008,2.816666666667,224.18701215799803,1444.0
scanId=169008,2.816666666667,225.17104740966028,1237.0
scanId=169008,2.816666666667,225.1796888107887,1296.0
scanId=169008,2.816666666667,225.1883304195247,1043.0
scanId=169008,2.816666666667,230.23712597013105,1047.0
scanId=169008,2.816666666667,230.24586408314943,1383.0
scanId=169008,2.816666666667,230.25460231024192,1161.0
scanId=169008,2.816666666667,238.0973889910312,1766.0
scanId=169008,2.816666666667,238.1062750109567,2057.0
scanId=169008,2.816666666667,238.1151611305402,1666.0
scanId=169008,2.816666666667,238.12404748209556,1292.0
scanId=169008,2.816666666667,238.13293393327757,1021.0
scanId=169008,2.816666666667,243.1174516148579,1300.0
scanId=169008,2.816666666667,243.12643082276756,1221.0
scanId=169008,2.816666666667,244.1691397744527,2211.0
scanId=169008,2.816666666667,244.1781383062098,3203.0
scanId=169008,2.816666666667,244.1871370802797,2881.0
scanId=169008,2.816666666667,244.19613594363688,2087.0
scanId=169008,2.816666666667,244.2051350493366,1444.0
scanId=169008,2.816666666667,244.2141342442939,1101.0
scanId=169008,2.816666666667,247.12050983503968,1284.0
scanId=169008,2.816666666667,247.1295626647729,5168.0
scanId=169008,2.816666666667,247.13861557900807,8715.0
scanId=169008,2.816666666667,247.1476687403712,8381.0
scanId=169008,2.816666666667,247.1567219862071,6077.0
scanId=169008,2.816666666667,247.1657754792,4190.0
scanId=169008,2.816666666667,247.1748290566368,3031.0
scanId=169008,2.816666666667,247.1838828812596,2195.0
scanId=169008,2.816666666667,247.1929367902972,1629.0
scanId=169008,2.816666666667,247.2019909465498,1218.0
scanId=169008,2.816666666667,248.1354528726445,1294.0
scanId=169008,2.816666666667,248.14452427364864,1791.0
scanId=169008,2.816666666667,248.15359575753808,1507.0
scanId=169008,2.816666666667,248.162667490172,1086.0
scanId=169008,2.816666666667,249.1433860804893,1087.0
scanId=169008,2.816666666667,249.15247580244576,1268.0
scanId=169008,2.816666666667,249.1615657747208,1149.0
scanId=169008,2.816666666667,249.1706558282785,1035.0
scanId=169008,2.816666666667,249.1797461321833,1379.0
scanId=169008,2.816666666667,249.18883651734245,1932.0
scanId=169008,2.816666666667,249.19792715287707,1948.0
scanId=169008,2.816666666667,249.20701786963764,1487.0
scanId=169008,2.816666666667,249.21610883680208,1043.0
scanId=169008,2.816666666667,250.1715786252276,1032.0
scanId=169008,2.816666666667,250.1806871687734,1148.0
scanId=169008,2.816666666667,250.18979579201357,1287.0
scanId=169008,2.816666666667,250.1989046671892,1296.0
scanId=169008,2.816666666667,250.2080136220309,1065.0
scanId=169008,2.816666666667,251.2110156495244,1018.0
scanId=169008,2.816666666667,251.22014309597083,1023.0
scanId=169008,2.816666666667,256.2561199392296,1044.0
scanId=169008,2.816666666667,256.2653385838811,1163.0
scanId=169008,2.816666666667,256.27455729909394,1049.0
scanId=169008,2.816666666667,257.1788003928278,1013.0
scanId=169008,2.816666666667,258.2789507464734,1175.0
scanId=169008,2.816666666667,259.1681781012339,1036.0
scanId=169008,2.816666666667,259.17744887817986,1079.0
scanId=169008,2.816666666667,261.11869036407563,1817.0
scanId=169008,2.816666666667,261.1279959594376,2731.0
scanId=169008,2.816666666667,261.13730182273605,3029.0
scanId=169008,2.816666666667,261.14660774970207,3344.0
scanId=169008,2.816666666667,261.1559139446304,3337.0
scanId=169008,2.816666666667,261.1652202032006,2782.0
scanId=169008,2.816666666667,261.1745267297588,2177.0
scanId=169008,2.816666666667,261.1838333199332,1670.0
scanId=169008,2.816666666667,261.19314017812127,1251.0
scanId=169008,2.816666666667,268.2293726247889,1208.0
scanId=169008,2.816666666667,268.2388041757954,1398.0
scanId=169008,2.816666666667,268.2482357810549,1085.0
scanId=169008,2.816666666667,269.1922392198792,1562.0
scanId=169008,2.816666666667,269.20168768400737,1753.0
scanId=169008,2.816666666667,269.21113620116785,1401.0
scanId=169008,2.816666666667,269.2205849969259,1081.0
scanId=169008,2.816666666667,273.1466069185207,1158.0
scanId=169008,2.816666666667,273.1561244098208,2437.0
scanId=169008,2.816666666667,273.1656421845848,3040.0
scanId=169008,2.816666666667,273.17516000749174,2626.0
scanId=169008,2.816666666667,273.1846781138856,2016.0
scanId=169008,2.816666666667,273.19419626839937,1566.0
scanId=169008,2.816666666667,273.20371470642306,1161.0
scanId=169008,2.816666666667,274.270822414442,1114.0
scanId=169008,2.816666666667,279.20438258635,1277.0
scanId=169008,2.816666666667,279.2140051561423,1550.0
scanId=169008,2.816666666667,279.2236277670255,1297.0
scanId=169008,2.816666666667,279.2332506684477,1066.0
scanId=169008,2.816666666667,282.1953013390421,1460.0
scanId=169008,2.816666666667,282.20497531145907,1497.0
scanId=169008,2.816666666667,282.21464932165577,1198.0
scanId=169008,2.816666666667,287.1407576601865,1309.0
scanId=169008,2.816666666667,287.1505158991424,1198.0
scanId=169008,2.816666666667,289.13488526025384,1302.0
scanId=169008,2.816666666667,289.14467732342854,2694.0
scanId=169008,2.816666666667,289.15446968769714,3225.0
scanId=169008,2.816666666667,289.164262082482,2685.0
scanId=169008,2.816666666667,289.17405477838054,2063.0
scanId=169008,2.816666666667,289.1838475047756,1636.0
scanId=169008,2.816666666667,289.1936405323039,1263.0
scanId=169008,2.816666666667,291.1457390969611,1101.0
scanId=169008,2.816666666667,291.15556528747305,1314.0
scanId=169008,2.816666666667,291.1653915065179,1471.0
scanId=169008,2.816666666667,291.1752180286597,1623.0
scanId=169008,2.816666666667,291.1850445793152,1733.0
scanId=169008,2.816666666667,291.1948714330869,1628.0
scanId=169008,2.816666666667,291.2046983153529,1451.0
scanId=169008,2.816666666667,291.2145255007544,1194.0
scanId=169008,2.816666666667,293.16356124062315,2000.0
scanId=169008,2.816666666667,293.1734212839684,2585.0
scanId=169008,2.816666666667,293.1832816323536,2437.0
scanId=169008,2.816666666667,293.1931420073097,2218.0
scanId=169008,2.816666666667,293.20300268732467,2012.0
scanId=169008,2.816666666667,293.2128633938918,1650.0
scanId=169008,2.816666666667,293.2227244055365,1253.0
scanId=169008,2.816666666667,293.23258544371464,1070.0
scanId=169008,2.816666666667,294.1701468509961,1073.0
scanId=169008,2.816666666667,294.1800238065064,1381.0
scanId=169008,2.816666666667,294.1899010680132,1223.0
scanId=169008,2.816666666667,295.178457551248,1471.0
scanId=169008,2.816666666667,295.1883514189335,1683.0
scanId=169008,2.816666666667,295.198245593562,1322.0
scanId=169008,2.816666666667,297.23003794003506,1016.0
scanId=169008,2.816666666667,299.15922470924056,1468.0
scanId=169008,2.816666666667,299.1691852098363,2321.0
scanId=169008,2.816666666667,299.1791457314852,2479.0
scanId=169008,2.816666666667,299.1891065637108,2105.0
scanId=169008,2.816666666667,299.19906741697184,1658.0
scanId=169008,2.816666666667,299.20902858082724,1337.0
scanId=169008,2.816666666667,299.2189897657004,1070.0
scanId=169008,2.816666666667,301.17459732856634,1319.0
scanId=169008,2.816666666667,301.1845913237755,1786.0
scanId=169008,2.816666666667,301.19458533826975,2130.0
scanId=169008,2.816666666667,301.2045796651088,2353.0
scanId=169008,2.816666666667,301.21457401121546,2196.0
scanId=169008,2.816666666667,301.22456866968434,1875.0
scanId=169008,2.816666666667,301.2345633474036,1667.0
scanId=169008,2.816666666667,301.2445583375023,1340.0
scanId=169008,2.816666666667,304.24047499751174,1490.0
scanId=169008,2.816666666667,304.25051973208593,3033.0
scanId=169008,2.816666666667,304.2605644833393,3451.0
scanId=169008,2.816666666667,304.27060954954334,2795.0
scanId=169008,2.816666666667,304.2806546324098,2395.0
scanId=169008,2.816666666667,304.29070003024367,2631.0
scanId=169008,2.816666666667,304.3007454447232,2637.0
scanId=169008,2.816666666667,304.31079117418693,2019.0
scanId=169008,2.816666666667,304.32083692027953,1397.0
scanId=169008,2.816666666667,304.33088298137307,1026.0
scanId=169008,2.816666666667,305.1350991280711,1123.0
scanId=169008,2.816666666667,305.14515847030395,2335.0
scanId=169008,2.816666666667,305.1552181282208,2871.0
scanId=169008,2.816666666667,305.1652778020669,2601.0
scanId=169008,2.816666666667,305.1753377916136,2189.0
scanId=169008,2.816666666667,305.185397797073,2041.0
scanId=169008,2.816666666667,305.1954581182495,1897.0
scanId=169008,2.816666666667,305.2055184553224,1635.0
scanId=169008,2.816666666667,305.2155791081287,1353.0
scanId=169008,2.816666666667,305.2256397768146,1075.0
scanId=169008,2.816666666667,305.2357007612508,1029.0
scanId=169008,2.816666666667,305.24576176155,1166.0
scanId=169008,2.816666666667,305.25582307761607,1277.0
scanId=169008,2.816666666667,305.2658844095285,1210.0
scanId=169008,2.816666666667,305.2759460572244,1008.0
scanId=169008,2.816666666667,306.162013770727,1225.0
scanId=169008,2.816666666667,306.1720900252405,1234.0
scanId=169008,2.816666666667,306.2224742371131,1344.0
scanId=169008,2.816666666667,306.23255148646706,2538.0
scanId=169008,2.816666666667,306.24262905239505,3044.0
scanId=169008,2.816666666667,306.2527066333625,2497.0
scanId=169008,2.816666666667,306.2627845309203,1764.0
scanId=169008,2.816666666667,306.27286244350125,1245.0
scanId=169008,2.816666666667,306.84758191900096,1122.0
scanId=169008,2.816666666667,306.8576694483737,1290.0
scanId=169008,2.816666666667,306.8677572948266,1061.0
scanId=169008,2.816666666667,307.16037470052225,1031.0
scanId=169008,2.816666666667,307.1704675214228,1436.0
scanId=169008,2.816666666667,307.180560356613,1563.0
scanId=169008,2.816666666667,307.1906535091433,1404.0
scanId=169008,2.816666666667,307.20074667594724,1100.0
scanId=169008,2.816666666667,309.20247534579363,1030.0
scanId=169008,2.816666666667,309.2126016613076,1173.0
scanId=169008,2.816666666667,309.22272798949274,1010.0
scanId=169008,2.816666666667,313.2254340473402,1027.0
scanId=169008,2.816666666667,313.23562602556177,1123.0
scanId=169008,2.816666666667,313.2458180133893,1049.0
scanId=169008,2.816666666667,315.1546490497904,1428.0
scanId=169008,2.816666666667,315.1648722094167,1642.0
scanId=169008,2.816666666667,315.1750956924728,1672.0
scanId=169008,2.816666666667,315.1853191837143,1441.0
scanId=169008,2.816666666667,315.1955429984002,1312.0
scanId=169008,2.816666666667,315.2057668212566,1314.0
scanId=169008,2.816666666667,315.21599096757234,1178.0
scanId=169008,2.816666666667,317.2128527019552,1744.0
scanId=169008,2.816666666667,317.2231093479949,2752.0
scanId=169008,2.816666666667,317.2333660007596,3088.0
scanId=169008,2.816666666667,317.2436229784291,2760.0
scanId=169008,2.816666666667,317.25387996280915,2063.0
scanId=169008,2.816666666667,317.26413727210854,1409.0
scanId=169008,2.816666666667,317.274394588104,1013.0
scanId=169008,2.816666666667,318.21878431984567,2986.0
scanId=169008,2.816666666667,318.2290572157475,6556.0
scanId=169008,2.816666666667,318.23933011767144,8052.0
scanId=169008,2.816666666667,318.249603345203,6600.0
scanId=169008,2.816666666667,318.25987657874254,4647.0
scanId=169008,2.816666666667,318.2701501379039,3152.0
scanId=169008,2.816666666667,318.28042370305906,2248.0
scanId=169008,2.816666666667,318.29069759385027,1711.0
scanId=169008,2.816666666667,318.300971490621,1261.0
scanId=169008,2.816666666667,319.1542896542652,1098.0
scanId=169008,2.816666666667,319.164577478894,1195.0
scanId=169008,2.816666666667,319.22630838998725,1279.0
scanId=169008,2.816666666667,319.23659753575095,2159.0
scanId=169008,2.816666666667,319.2468866868428,2352.0
scanId=169008,2.816666666667,319.2571761642363,1908.0
scanId=169008,2.816666666667,319.26746564694395,1453.0
scanId=169008,2.816666666667,319.27775545596734,1039.0
scanId=169008,2.816666666667,320.22511984414336,2071.0
scanId=169008,2.816666666667,320.2354249127956,11316.0
scanId=169008,2.816666666667,320.2457303084213,24700.0
scanId=169008,2.816666666667,320.2560357086895,28128.0
scanId=169008,2.816666666667,320.26634143594504,22345.0
scanId=169008,2.816666666667,320.2766471678292,15494.0
scanId=169008,2.816666666667,320.2869532267145,10511.0
scanId=169008,2.816666666667,320.2972592902147,7061.0
scanId=169008,2.816666666667,320.3075656807299,4672.0
scanId=169008,2.816666666667,320.31787207584586,3020.0
scanId=169008,2.816666666667,320.3281787979909,1954.0
scanId=169008,2.816666666667,320.33848552472284,1207.0
scanId=169008,2.816666666667,321.1635673413819,1050.0
scanId=169008,2.816666666667,321.1738876603504,1512.0
scanId=169008,2.816666666667,321.184207983339,1611.0
scanId=169008,2.816666666667,321.1945286339372,1324.0
scanId=169008,2.816666666667,321.23581257084845,1830.0
scanId=169008,2.816666666667,321.2461338886854,4012.0
scanId=169008,2.816666666667,321.2564555341731,5287.0
scanId=169008,2.816666666667,321.26677718362606,4651.0
scanId=169008,2.816666666667,321.2770991607437,3320.0
scanId=169008,2.816666666667,321.2874211418128,2270.0
scanId=169008,2.816666666667,321.2977434505601,1544.0
scanId=169008,2.816666666667,321.30806576324534,1092.0
scanId=169008,2.816666666667,322.1757387745472,1142.0
scanId=169008,2.816666666667,322.18607534337747,1277.0
scanId=169008,2.816666666667,322.19641191555866,1169.0
scanId=169008,2.816666666667,322.2584353180696,1000.0
scanId=169008,2.816666666667,323.1687976847569,2251.0
scanId=169008,2.816666666667,323.17915017181934,3250.0
scanId=169008,2.816666666667,323.1895026615849,3112.0
scanId=169008,2.816666666667,323.1998554802772,2415.0
scanId=169008,2.816666666667,323.2102083016593,1736.0
scanId=169008,2.816666666667,323.22056145198144,1263.0
scanId=169008,2.816666666667,329.1383463379112,1192.0
scanId=169008,2.816666666667,329.1487940027367,1114.0
scanId=169008,2.816666666667,329.1696896630147,1023.0
scanId=169008,2.816666666667,329.18013765845484,1407.0
scanId=169008,2.816666666667,329.19058598654004,1489.0
scanId=169008,2.816666666667,329.20103431359763,1256.0
scanId=169008,2.816666666667,329.2114829733127,1105.0
scanId=169008,2.816666666667,329.2219316319877,1277.0
scanId=169008,2.816666666667,329.2323806233326,1446.0
scanId=169008,2.816666666667,329.2428296136249,1285.0
scanId=169008,2.816666666667,329.25327893659966,1012.0
scanId=169008,2.816666666667,331.1787611294305,1756.0
scanId=169008,2.816666666667,331.1892409601587,3303.0
scanId=169008,2.816666666667,331.1997211247082,4637.0
scanId=169008,2.816666666667,331.2102012870541,4675.0
scanId=169008,2.816666666667,331.22068178323343,3774.0
scanId=169008,2.816666666667,331.23116227719703,2812.0
scanId=169008,2.816666666667,331.24164310500623,2212.0
scanId=169008,2.816666666667,331.2521239305876,2313.0
scanId=169008,2.816666666667,331.2626050900266,2955.0
scanId=169008,2.816666666667,331.2730862472257,3266.0
scanId=169008,2.816666666667,331.2835677382945,2670.0
scanId=169008,2.816666666667,331.29404922711143,1768.0
scanId=169008,2.816666666667,331.30453104981024,1129.0
scanId=169008,2.816666666667,332.19608479447544,1224.0
scanId=169008,2.816666666667,332.2065808772571,1519.0
scanId=169008,2.816666666667,332.2170769572589,1444.0
scanId=169008,2.816666666667,332.2275733716704,1276.0
scanId=169008,2.816666666667,332.2380697832901,1061.0
scanId=169008,2.816666666667,332.259063272569,1011.0
scanId=169008,2.816666666667,332.26956035024017,1015.0
scanId=169008,2.816666666667,333.1834334161701,1469.0
scanId=169008,2.816666666667,333.1939450855542,1606.0
scanId=169008,2.816666666667,333.2044567516015,1331.0
scanId=169008,2.816666666667,333.21496875261533,1082.0
scanId=169008,2.816666666667,333.2570180764814,1290.0
scanId=169008,2.816666666667,333.267530737383,2436.0
scanId=169008,2.816666666667,333.2780437332863,4552.0
scanId=169008,2.816666666667,333.288556725806,5753.0
scanId=169008,2.816666666667,333.2990700533392,4848.0
scanId=169008,2.816666666667,333.30958337747705,3302.0
scanId=169008,2.816666666667,333.32009703664005,2235.0
scanId=169008,2.816666666667,333.3306106923959,1535.0
scanId=169008,2.816666666667,333.34112468318875,1085.0
scanId=169008,2.816666666667,334.21435683190987,1164.0
scanId=169008,2.816666666667,334.22488475115586,1302.0
scanId=169008,2.816666666667,334.23541266649266,1270.0
scanId=169008,2.816666666667,334.2459409173685,1193.0
scanId=169008,2.816666666667,334.2564691643236,1196.0
scanId=169008,2.816666666667,334.26699774682925,1331.0
scanId=169008,2.816666666667,334.27752632540256,1538.0
scanId=169008,2.816666666667,334.28805523953804,1574.0
scanId=169008,2.816666666667,334.29858414972966,1355.0
scanId=169008,2.816666666667,335.16252600377885,3418.0
scanId=169008,2.816666666667,335.17306884636747,17932.0
scanId=169008,2.816666666667,335.1836116845284,43023.0
scanId=169008,2.816666666667,335.1941548587468,55340.0
scanId=169008,2.816666666667,335.2046980285262,47463.0
scanId=169008,2.816666666667,335.21524153437446,33769.0
scanId=169008,2.816666666667,335.22578503577205,23132.0
scanId=169008,2.816666666667,335.2363288732502,16222.0
scanId=169008,2.816666666667,335.2468727062663,13713.0
scanId=169008,2.816666666667,335.2574168753742,14132.0
scanId=169008,2.816666666667,335.26796104000863,13033.0
scanId=169008,2.816666666667,335.27850554074644,9928.0
scanId=169008,2.816666666667,335.2890500369993,6817.0
scanId=169008,2.816666666667,335.2995948693669,4780.0
scanId=169008,2.816666666667,335.31013969723824,3296.0
scanId=169008,2.816666666667,335.3206848612357,2134.0
scanId=169008,2.816666666667,335.33123002072534,1428.0
scanId=169008,2.816666666667,336.17538682380933,3232.0
scanId=169008,2.816666666667,336.18594558463013,8810.0
scanId=169008,2.816666666667,336.19650434047736,12208.0
scanId=169008,2.816666666667,336.20706343292807,10791.0
scanId=169008,2.816666666667,336.2176225203939,7897.0
scanId=169008,2.816666666667,336.2281819444744,5666.0
scanId=169008,2.816666666667,336.2387413635587,4401.0
scanId=169008,2.816666666667,336.2493011192689,3910.0
scanId=169008,2.816666666667,336.2598608699718,4071.0
scanId=169008,2.816666666667,336.2704209573119,3876.0
scanId=169008,2.816666666667,336.28098103963333,3069.0
scanId=169008,2.816666666667,336.2915414586033,2262.0
scanId=169008,2.816666666667,336.30210187254335,1667.0
scanId=169008,2.816666666667,336.3126626231431,1187.0
scanId=169008,2.816666666667,337.1792014261876,1031.0
scanId=169008,2.816666666667,337.1897757681102,2065.0
scanId=169008,2.816666666667,337.20035044716315,2519.0
scanId=169008,2.816666666667,337.2109251207046,2147.0
scanId=169008,2.816666666667,337.22150013138736,1645.0
scanId=169008,2.816666666667,337.23207513654734,1243.0
scanId=169008,2.816666666667,339.18071397180114,2476.0
scanId=169008,2.816666666667,339.1913198240587,6334.0
scanId=169008,2.816666666667,339.20192566977306,9613.0
scanId=169008,2.816666666667,339.21253185366044,9221.0
scanId=169008,2.816666666667,339.2231380309938,6879.0
scanId=169008,2.816666666667,339.2337445465112,4776.0
scanId=169008,2.816666666667,339.24435105546354,3405.0
scanId=169008,2.816666666667,339.25495790261056,2579.0
scanId=169008,2.816666666667,339.265564743182,1968.0
scanId=169008,2.816666666667,339.27617192195885,1456.0
scanId=169008,2.816666666667,339.28677909414927,1107.0
scanId=169008,2.816666666667,340.18900218740646,1428.0
scanId=169008,2.816666666667,340.19962361921824,2493.0
scanId=169008,2.816666666667,340.21024538970795,2919.0
scanId=169008,2.816666666667,340.22086715313884,2381.0
scanId=169008,2.816666666667,340.2314892552584,1681.0
scanId=169008,2.816666666667,340.24211135030873,1189.0
scanId=169008,2.816666666667,340.3802148850846,1332.0
scanId=169008,2.816666666667,340.3908393014691,1655.0
scanId=169008,2.816666666667,340.40146405662733,1445.0
scanId=169008,2.816666666667,340.412088804631,1053.0
scanId=169008,2.816666666667,341.2413367622317,1174.0
scanId=169008,2.816666666667,341.25197478258355,1401.0
scanId=169008,2.816666666667,341.26261279535805,1326.0
scanId=169008,2.816666666667,343.1695039239542,1137.0
scanId=169008,2.816666666667,343.18017178248215,1195.0
scanId=169008,2.816666666667,343.190839981149,1225.0
scanId=169008,2.816666666667,343.2015081712966,1157.0
scanId=169008,2.816666666667,345.1886913949152,1003.0
scanId=169008,2.816666666667,345.2100901291942,1083.0
scanId=169008,2.816666666667,345.2207898326955,1350.0
scanId=169008,2.816666666667,345.2314895267229,1378.0
scanId=169008,2.816666666667,345.242189561854,1196.0
scanId=169008,2.816666666667,345.2528895875014,1003.0
scanId=169008,2.816666666667,347.1708811943638,1286.0
scanId=169008,2.816666666667,347.1816110658193,1594.0
scanId=169008,2.816666666667,347.1923412792655,1753.0
scanId=169008,2.816666666667,347.2030714823412,1709.0
scanId=169008,2.816666666667,347.2138020274173,1440.0
scanId=169008,2.816666666667,347.2245325621132,1137.0
scanId=169008,2.816666666667,347.2567255134712,1001.0
scanId=169008,2.816666666667,349.1587457510575,1002.0
scanId=169008,2.816666666667,349.1695064744487,2383.0
scanId=169008,2.816666666667,349.18026718659985,3261.0
scanId=169008,2.816666666667,349.191028241621,2948.0
scanId=169008,2.816666666667,349.20178928539264,2172.0
scanId=169008,2.816666666667,349.21255067204345,1588.0
scanId=169008,2.816666666667,349.2233120474356,1247.0
scanId=169008,2.816666666667,349.23407376571635,1129.0
scanId=169008,2.816666666667,349.24483547272905,1458.0
scanId=169008,2.816666666667,349.2555975226396,1713.0
scanId=169008,2.816666666667,349.26635956127285,1526.0
scanId=169008,2.816666666667,349.27712194281327,1163.0
scanId=169008,2.816666666667,350.20329944518494,1082.0
scanId=169008,2.816666666667,350.2140760751254,1662.0
scanId=169008,2.816666666667,350.2248530483785,2013.0
scanId=169008,2.816666666667,350.23563000993954,1758.0
scanId=169008,2.816666666667,350.24640731482253,1349.0
scanId=169008,2.816666666667,350.25718460800425,1129.0
scanId=169008,2.816666666667,352.21062192833074,1043.0
scanId=169008,2.816666666667,352.22142939900846,4584.0
scanId=169008,2.816666666667,352.23223721383647,11254.0
scanId=169008,2.816666666667,352.2430450161352,14569.0
scanId=169008,2.816666666667,352.253853162593,12431.0
scanId=169008,2.816666666667,352.2646612965126,8708.0
scanId=169008,2.816666666667,352.2754697746004,5771.0
scanId=169008,2.816666666667,352.2862782401411,3914.0
scanId=169008,2.816666666667,352.29708704985853,2706.0
scanId=169008,2.816666666667,352.30789584702023,1757.0
scanId=169008,2.816666666667,352.3187049883676,1128.0
scanId=169008,2.816666666667,353.2056115262373,1047.0
scanId=169008,2.816666666667,353.2164342514834,1761.0
scanId=169008,2.816666666667,353.22725732128384,2970.0
scanId=169008,2.816666666667,353.2380803781511,4367.0
scanId=169008,2.816666666667,353.2489037795814,4582.0
scanId=169008,2.816666666667,353.25972716806973,3838.0
scanId=169008,2.816666666667,353.2705509011298,2871.0
scanId=169008,2.816666666667,353.2813746212393,1953.0
scanId=169008,2.816666666667,353.29219868592924,1297.0
scanId=169008,2.816666666667,355.1780948885473,1047.0
scanId=169008,2.816666666667,355.1889477913287,3231.0
scanId=169008,2.816666666667,355.19980103944425,6138.0
scanId=169008,2.816666666667,355.21065427384707,7176.0
scanId=169008,2.816666666667,355.22150785359247,5924.0
scanId=169008,2.816666666667,355.23236141961667,4220.0
scanId=169008,2.816666666667,355.2432153309919,2967.0
scanId=169008,2.816666666667,355.2540692286377,2264.0
scanId=169008,2.816666666667,355.2649234716428,1963.0
scanId=169008,2.816666666667,355.2757777009098,1600.0
scanId=169008,2.816666666667,355.2866322755447,1105.0
scanId=169008,2.816666666667,356.1990009553549,1427.0
scanId=169008,2.816666666667,356.209869444346,1890.0
scanId=169008,2.816666666667,356.2207382790639,1970.0
scanId=169008,2.816666666667,356.2316070996766,1663.0
scanId=169008,2.816666666667,356.24247626602425,1255.0
scanId=169008,2.816666666667,356.25334541825845,1015.0
scanId=169008,2.816666666667,357.1451875396097,1165.0
scanId=169008,2.816666666667,357.1560706344106,2760.0
scanId=169008,2.816666666667,357.1669537147531,4928.0
scanId=169008,2.816666666667,357.1778371411838,5417.0
scanId=169008,2.816666666667,357.188720553148,4728.0
scanId=169008,2.816666666667,357.1996043112086,4266.0
scanId=169008,2.816666666667,357.21048805479467,3916.0
scanId=169008,2.816666666667,357.22137214448503,3428.0
scanId=169008,2.816666666667,357.2322562196927,2894.0
scanId=169008,2.816666666667,357.2431406410129,2331.0
scanId=169008,2.816666666667,357.2540250478422,1830.0
scanId=169008,2.816666666667,357.2649098007922,1509.0
scanId=169008,2.816666666667,357.2757945392433,1185.0
scanId=169008,2.816666666667,358.17981342770935,1038.0
scanId=169008,2.816666666667,358.22340945015816,1023.0
scanId=169008,2.816666666667,359.21593559674966,1052.0
scanId=169008,2.816666666667,359.226850196385,1036.0
scanId=169008,2.816666666667,368.22151144242383,1209.0
scanId=169008,2.816666666667,368.23256201029216,1075.0
scanId=169008,2.816666666667,368.3983389539606,1720.0
scanId=169008,2.816666666667,368.4093921748676,4978.0
scanId=169008,2.816666666667,368.4204453775416,7197.0
scanId=169008,2.816666666667,368.4314989300784,6668.0
scanId=169008,2.816666666667,368.4425524643756,4873.0
scanId=169008,2.816666666667,368.4536063485422,3266.0
scanId=169008,2.816666666667,368.4646602144627,2156.0
scanId=169008,2.816666666667,368.4757144302593,1442.0
scanId=169008,2.816666666667,369.20565321192544,1051.0
scanId=169008,2.816666666667,369.2167183530385,1109.0
scanId=169008,2.816666666667,369.4048527799566,1125.0
scanId=169008,2.816666666667,369.41592090568014,1900.0
scanId=169008,2.816666666667,369.4269893815596,2248.0
scanId=169008,2.816666666667,369.4380578389065,2035.0
scanId=169008,2.816666666667,369.4491266464157,1564.0
scanId=169008,2.816666666667,369.4601954353859,1052.0
scanId=169008,2.816666666667,371.2222567756194,1063.0
scanId=169008,2.816666666667,371.2333520944706,1255.0
scanId=169008,2.816666666667,371.2444477639967,1187.0
scanId=169008,2.816666666667,371.2555434144715,1057.0
scanId=169008,2.816666666667,373.21097687548206,1084.0
scanId=169008,2.816666666667,373.2221020600636,1116.0
scanId=169008,2.816666666667,373.2332272250535,1073.0
scanId=169008,2.816666666667,373.2443527412648,1009.0
scanId=169008,2.816666666667,374.2128992274358,1143.0
scanId=169008,2.816666666667,374.2240393353599,1129.0
scanId=169008,2.816666666667,379.2090145233705,2415.0
scanId=169008,2.816666666667,379.22022856366925,6414.0
scanId=169008,2.816666666667,379.2314429566768,9997.0
scanId=169008,2.816666666667,379.2426573286002,9754.0
scanId=169008,2.816666666667,379.2538720532376,7568.0
scanId=169008,2.816666666667,379.2650867567857,5693.0
scanId=169008,2.816666666667,379.2763018130529,4445.0
scanId=169008,2.816666666667,379.2875168482257,3407.0
scanId=169008,2.816666666667,379.2987322361227,2371.0
scanId=169008,2.816666666667,379.3099476029202,1503.0
scanId=169008,2.816666666667,379.3211633224472,1065.0
scanId=169008,2.816666666667,380.2189506441625,1592.0
scanId=169008,2.816666666667,380.2301796075746,2699.0
scanId=169008,2.816666666667,380.2414089239247,3186.0
scanId=169008,2.816666666667,380.2526382189616,2850.0
scanId=169008,2.816666666667,380.2638678669416,2115.0
scanId=169008,2.816666666667,380.27509749360337,1561.0
scanId=169008,2.816666666667,380.2863274732132,1275.0
scanId=169008,2.816666666667,380.2975574314996,1053.0
scanId=169008,2.816666666667,383.1891780734768,1168.0
scanId=169008,2.816666666667,383.2004508113877,1453.0
scanId=169008,2.816666666667,383.21172390287626,1549.0
scanId=169008,2.816666666667,383.2229969724125,1415.0
scanId=169008,2.816666666667,383.23427039553087,1202.0
scanId=169008,2.816666666667,384.19310933576446,1184.0
scanId=169008,2.816666666667,384.204397018966,1218.0
scanId=169008,2.816666666667,384.21568468001294,1102.0
scanId=169008,2.816666666667,385.2887776129714,1194.0
scanId=169008,2.816666666667,385.3000811920363,1017.0
scanId=169008,2.816666666667,389.18702353353416,1231.0
scanId=169008,2.816666666667,389.1983841522167,1911.0
scanId=169008,2.816666666667,389.2097451256119,2100.0
scanId=169008,2.816666666667,389.22110607592026,2079.0
scanId=169008,2.816666666667,389.23246738094537,2264.0
scanId=169008,2.816666666667,389.2438286628799,2418.0
scanId=169008,2.816666666667,389.2551902995348,2097.0
scanId=169008,2.816666666667,389.26655191309504,1555.0
scanId=169008,2.816666666667,389.2779138813798,1169.0
scanId=169008,2.816666666667,393.1848188717904,1096.0
scanId=169008,2.816666666667,393.1962378804071,2020.0
scanId=169008,2.816666666667,393.2076568652948,2531.0
scanId=169008,2.816666666667,393.2190762055412,2393.0
scanId=169008,2.816666666667,393.2304955220555,1948.0
scanId=169008,2.816666666667,393.2419151939318,1536.0
scanId=169008,2.816666666667,393.2533348420724,1280.0
scanId=169008,2.816666666667,393.2647548455785,1282.0
scanId=169008,2.816666666667,393.2761748253455,1472.0
scanId=169008,2.816666666667,393.2875951604815,1437.0
scanId=169008,2.816666666667,393.2990154718749,1219.0
scanId=169008,2.816666666667,395.2314461291227,1054.0
scanId=169008,2.816666666667,395.2428946287716,1042.0
scanId=169008,2.816666666667,397.225997252655,1232.0
scanId=169008,2.816666666667,397.2374746038328,1645.0
scanId=169008,2.816666666667,397.2489523109305,1647.0
scanId=169008,2.816666666667,397.2604299937352,1393.0
scanId=169008,2.816666666667,397.2719080324627,1134.0
scanId=169008,2.816666666667,397.2833860468942,1010.0
scanId=169008,2.816666666667,399.2946088409441,1316.0
scanId=169008,2.816666666667,399.3061160385525,1593.0
scanId=169008,2.816666666667,399.31762359233545,1511.0
scanId=169008,2.816666666667,399.32913112157104,1139.0
scanId=169008,2.816666666667,401.2070902701337,1070.0
scanId=169008,2.816666666667,401.21862499280303,1325.0
scanId=169008,2.816666666667,401.2301600718624,1308.0
scanId=169008,2.816666666667,401.241695126159,1105.0
scanId=169008,2.816666666667,405.2312184571466,1119.0
scanId=169008,2.816666666667,405.2428108830149,1378.0
scanId=169008,2.816666666667,405.2544036656658,1471.0
scanId=169008,2.816666666667,405.26599642316177,1173.0
scanId=169008,2.816666666667,413.257766259394,1075.0
scanId=169008,2.816666666667,413.2694731227087,1050.0
scanId=169008,2.816666666667,415.3911290882042,1020.0
scanId=169008,2.816666666667,415.402866129834,1173.0
scanId=169008,2.816666666667,418.1891986675432,1404.0
scanId=169008,2.816666666667,418.2009751731235,1315.0
scanId=169008,2.816666666667,419.2379485602864,1465.0
scanId=169008,2.816666666667,419.249739631675,2642.0
scanId=169008,2.816666666667,419.261531060598,3853.0
scanId=169008,2.816666666667,419.273322463616,3793.0
scanId=169008,2.816666666667,419.285114224169,2941.0
scanId=169008,2.816666666667,419.2969059588162,2275.0
scanId=169008,2.816666666667,419.3086980509989,1661.0
scanId=169008,2.816666666667,419.3204901172756,1178.0
scanId=169008,2.816666666667,420.252594996756,1081.0
scanId=169008,2.816666666667,420.2644003282086,1537.0
scanId=169008,2.816666666667,420.2762060172147,1579.0
scanId=169008,2.816666666667,420.2880116802967,1189.0
scanId=169008,2.816666666667,423.303892505441,1143.0
scanId=169008,2.816666666667,423.315740617113,1020.0
scanId=169008,2.816666666667,425.1898402121298,1059.0
scanId=169008,2.816666666667,425.20171488014176,1524.0
scanId=169008,2.816666666667,425.2135895222029,1603.0
scanId=169008,2.816666666667,425.2254645218448,1225.0
scanId=169008,2.816666666667,427.2347050932376,1322.0
scanId=169008,2.816666666667,427.2466082814154,1265.0
scanId=169008,2.816666666667,427.2585114436623,1066.0
scanId=169008,2.816666666667,429.3083388361488,1316.0
scanId=169008,2.816666666667,429.3202708761225,1468.0
scanId=169008,2.816666666667,429.3322028902036,1240.0
scanId=169008,2.816666666667,431.2315176333725,1114.0
scanId=169008,2.816666666667,431.2434761778916,1161.0
scanId=169008,2.816666666667,431.255435079882,1194.0
scanId=169008,2.816666666667,431.26739395603175,1158.0
scanId=169008,2.816666666667,431.279353189652,1144.0
scanId=169008,2.816666666667,431.2913123974324,1124.0
scanId=169008,2.816666666667,433.24289526619737,1075.0
scanId=169008,2.816666666667,433.2548816676932,1063.0
scanId=169008,2.816666666667,435.24693858169775,1172.0
scanId=169008,2.816666666667,435.25895286587087,1322.0
scanId=169008,2.816666666667,435.2709671243597,1329.0
scanId=169008,2.816666666667,435.2829817401629,1485.0
scanId=169008,2.816666666667,435.29499633028274,1683.0
scanId=169008,2.816666666667,435.3070112777156,1561.0
scanId=169008,2.816666666667,435.3190261994664,1337.0
scanId=169008,2.816666666667,435.331041478529,1166.0
scanId=169008,2.816666666667,437.2074406487336,1789.0
scanId=169008,2.816666666667,437.2194817693388,3103.0
scanId=169008,2.816666666667,437.2315232471585,3744.0
scanId=169008,2.816666666667,437.2435646993949,3404.0
scanId=169008,2.816666666667,437.2556065088445,3077.0
scanId=169008,2.816666666667,437.267648292712,3015.0
scanId=169008,2.816666666667,437.27969043379136,2747.0
scanId=169008,2.816666666667,437.29173254929015,2267.0
scanId=169008,2.816666666667,437.30377502199934,1761.0
scanId=169008,2.816666666667,437.3158174691293,1267.0
scanId=169008,2.816666666667,438.2315358994447,1412.0
scanId=169008,2.816666666667,438.24359130571753,1701.0
scanId=169008,2.816666666667,438.2556466864648,1558.0
scanId=169008,2.816666666667,438.2677024243675,1581.0
scanId=169008,2.816666666667,438.27975813674607,1746.0
scanId=169008,2.816666666667,438.29181420627856,1530.0
scanId=169008,2.816666666667,438.3038702502884,1098.0
scanId=169008,2.816666666667,439.2447600221239,1054.0
scanId=169008,2.816666666667,439.2568293568498,1127.0
scanId=169008,2.816666666667,439.26889866611214,1052.0
scanId=169008,2.816666666667,441.2505245512139,1141.0
scanId=169008,2.816666666667,441.26262141121634,1305.0
scanId=169008,2.816666666667,441.2747182458893,1271.0
scanId=169008,2.816666666667,441.2868154375217,1210.0
scanId=169008,2.816666666667,441.2989126038262,1046.0
scanId=169008,2.816666666667,443.3214814905417,1185.0
scanId=169008,2.816666666667,443.3336065139048,1588.0
scanId=169008,2.816666666667,443.34573189407314,1483.0
scanId=169008,2.816666666667,443.35785724906793,1119.0
scanId=169008,2.816666666667,445.2393068786333,1068.0
scanId=169008,2.816666666667,445.2514581009112,1309.0
scanId=169008,2.816666666667,445.2636096798368,1432.0
scanId=169008,2.816666666667,445.27576123374655,1468.0
scanId=169008,2.816666666667,445.28791314430185,1325.0
scanId=169008,2.816666666667,445.3000650298436,1186.0
scanId=169008,2.816666666667,445.3122172720287,1013.0
scanId=169008,2.816666666667,449.24603704426113,1032.0
scanId=169008,2.816666666667,449.25824301047976,1162.0
scanId=169008,2.816666666667,449.270448952056,1287.0
scanId=169008,2.816666666667,449.2826552499045,1307.0
scanId=169008,2.816666666667,449.29486152311273,1161.0
scanId=169008,2.816666666667,451.2500161771642,1128.0
scanId=169008,2.816666666667,451.2622493370295,1438.0
scanId=169008,2.816666666667,451.2744824724612,1379.0
scanId=169008,2.816666666667,451.2867159639562,1160.0
scanId=169008,2.816666666667,454.2643469565045,1255.0
scanId=169008,2.816666666667,454.2766209068397,1123.0
scanId=169008,2.816666666667,456.26717474265655,1033.0
scanId=169008,2.816666666667,456.2794755311594,1154.0
scanId=169008,2.816666666667,456.2917766751411,1096.0
scanId=169008,2.816666666667,457.33797181451513,1355.0
scanId=169008,2.816666666667,457.3502872185798,1432.0
scanId=169008,2.816666666667,457.3626025989335,1089.0
scanId=169008,2.816666666667,459.2611647776717,1454.0
scanId=169008,2.816666666667,459.2735060488638,1679.0
scanId=169008,2.816666666667,459.2858472965996,1722.0
scanId=169008,2.816666666667,459.29818889942135,1563.0
scanId=169008,2.816666666667,459.3105304787903,1311.0
scanId=169008,2.816666666667,459.3228724132419,1019.0
scanId=169008,2.816666666667,461.2502300048074,1077.0
scanId=169008,2.816666666667,461.2625977832052,1032.0
scanId=169008,2.816666666667,461.3120709329479,1234.0
scanId=169008,2.816666666667,461.3244397294162,1318.0
scanId=169008,2.816666666667,461.336808502714,1070.0
scanId=169008,2.816666666667,463.2807774538001,1091.0
scanId=169008,2.816666666667,463.2931724261405,1578.0
scanId=169008,2.816666666667,463.3055677529957,2377.0
scanId=169008,2.816666666667,463.3179630569697,2951.0
scanId=169008,2.816666666667,463.3303587154549,2888.0
scanId=169008,2.816666666667,463.3427543510624,2273.0
scanId=169008,2.816666666667,463.3551503411773,1643.0
scanId=169008,2.816666666667,463.36754630841824,1324.0
scanId=169008,2.816666666667,463.379942630163,1010.0
scanId=169008,2.816666666667,463.76430782993407,1167.0
scanId=169008,2.816666666667,463.77670945775617,1243.0
scanId=169008,2.816666666667,464.2480906006082,1390.0
scanId=169008,2.816666666667,464.260498506658,1929.0
scanId=169008,2.816666666667,464.2729067670769,2384.0
scanId=169008,2.816666666667,464.2853150047603,2546.0
scanId=169008,2.816666666667,464.297723596809,2300.0
scanId=169008,2.816666666667,464.3101321661261,2018.0
scanId=169008,2.816666666667,464.32254108980464,1852.0
scanId=169008,2.816666666667,464.3349499907553,1580.0
scanId=169008,2.816666666667,464.34735924606366,1225.0
scanId=169008,2.816666666667,464.7569544887633,1321.0
scanId=169008,2.816666666667,464.7693693817789,1301.0
scanId=169008,2.816666666667,464.7817842521353,1097.0
scanId=169008,2.816666666667,465.241254604871,1067.0
scanId=169008,2.816666666667,465.25367577626713,1317.0
scanId=169008,2.816666666667,465.2660973018795,1236.0
scanId=169008,2.816666666667,465.2785188049093,1216.0
scanId=169008,2.816666666667,465.2909406621515,1178.0
scanId=169008,2.816666666667,467.2432139806015,1293.0
scanId=169008,2.816666666667,467.2556620366008,1342.0
scanId=169008,2.816666666667,467.26811007033353,1272.0
scanId=169008,2.816666666667,467.28055845796274,1143.0
scanId=169008,2.816666666667,469.27442114150017,1046.0
scanId=169008,2.816666666667,469.2868960375832,1051.0
scanId=169008,2.816666666667,471.2725287138266,1131.0
scanId=169008,2.816666666667,471.28503014063926,1316.0
scanId=169008,2.816666666667,471.297531920672,1112.0
scanId=169008,2.816666666667,472.2356308775046,1281.0
scanId=169008,2.816666666667,472.24814525947113,4484.0
scanId=169008,2.816666666667,472.2606596200192,14941.0
scanId=169008,2.816666666667,472.2731743336156,30652.0
scanId=169008,2.816666666667,472.285689025798,39394.0
scanId=169008,2.816666666667,472.2982040710244,36260.0
scanId=169008,2.816666666667,472.310719094841,27277.0
scanId=169008,2.816666666667,472.3232344716971,18992.0
scanId=169008,2.816666666667,472.3357498271481,12942.0
scanId=169008,2.816666666667,472.348265535634,8791.0
scanId=169008,2.816666666667,472.3607812227192,6185.0
scanId=169008,2.816666666667,472.3732972628349,4365.0
scanId=169008,2.816666666667,472.3858132815545,2974.0
scanId=169008,2.816666666667,472.3983296533,2106.0
scanId=169008,2.816666666667,472.4108460036539,1527.0
scanId=169008,2.816666666667,472.4233627070293,1175.0
scanId=169008,2.816666666667,472.7488527625468,2420.0
scanId=169008,2.816666666667,472.76137375578094,9226.0
scanId=169008,2.816666666667,472.773895101974,20644.0
scanId=169008,2.816666666667,472.78641642684255,27424.0
scanId=169008,2.816666666667,472.7989381046655,25165.0
scanId=169008,2.816666666667,472.8114597611683,18854.0
scanId=169008,2.816666666667,472.82398177062106,13261.0
scanId=169008,2.816666666667,472.8365037587584,9313.0
scanId=169008,2.816666666667,472.849026099841,6413.0
scanId=169008,2.816666666667,472.86154841961246,4370.0
scanId=169008,2.816666666667,472.8740710923249,3057.0
scanId=169008,2.816666666667,472.8865937437308,2161.0
scanId=169008,2.816666666667,472.8991167480731,1501.0
scanId=169008,2.816666666667,472.9116397311132,1118.0
scanId=169008,2.816666666667,473.2372979241259,1115.0
scanId=169008,2.816666666667,473.249825571286,2200.0
scanId=169008,2.816666666667,473.262353197207,4954.0
scanId=169008,2.816666666667,473.2748811759969,9067.0
scanId=169008,2.816666666667,473.2874091335523,11826.0
scanId=169008,2.816666666667,473.299937443972,11463.0
scanId=169008,2.816666666667,473.3124657331617,9412.0
scanId=169008,2.816666666667,473.3249943752112,7267.0
scanId=169008,2.816666666667,473.3375229960354,5855.0
scanId=169008,2.816666666667,473.35005196971474,4613.0
scanId=169008,2.816666666667,473.3625809221734,3367.0
scanId=169008,2.816666666667,473.3751102274826,2367.0
scanId=169008,2.816666666667,473.38763951157546,1661.0
scanId=169008,2.816666666667,473.40016914851446,1192.0
scanId=169008,2.816666666667,473.76359794431374,1547.0
scanId=169008,2.816666666667,473.7761325557003,2233.0
scanId=169008,2.816666666667,473.78866714594346,2473.0
scanId=169008,2.816666666667,473.8012020889599,2158.0
scanId=169008,2.816666666667,473.8137370108374,1626.0
scanId=169008,2.816666666667,473.8262722854837,1214.0
scanId=169008,2.816666666667,474.2776492411006,1008.0
scanId=169008,2.816666666667,474.2901904640324,1092.0
scanId=169008,2.816666666667,474.3027320396456,1219.0
scanId=169008,2.816666666667,474.3152735942117,1149.0
scanId=169008,2.816666666667,474.3403573876553,1000.0
scanId=169008,2.816666666667,475.2814785290572,1064.0
scanId=169008,2.816666666667,475.2940330173684,1407.0
scanId=169008,2.816666666667,475.306587858175,1854.0
scanId=169008,2.816666666667,475.3191426781207,2297.0
scanId=169008,2.816666666667,475.3316978505572,2127.0
scanId=169008,2.816666666667,475.3442530021375,1601.0
scanId=169008,2.816666666667,475.3568085062039,1116.0
scanId=169008,2.816666666667,476.29893679369,1166.0
scanId=169008,2.816666666667,476.3115048996901,1291.0
scanId=169008,2.816666666667,476.3240729850187,1170.0
scanId=169008,2.816666666667,477.2923207740461,1053.0
scanId=169008,2.816666666667,477.304901793126,1013.0
scanId=169008,2.816666666667,478.28673942657895,1006.0
scanId=169008,2.816666666667,478.2993337313361,1042.0
scanId=169008,2.816666666667,479.2821931238166,1330.0
scanId=169008,2.816666666667,479.2948003420432,1568.0
scanId=169008,2.816666666667,479.3074079119938,1502.0
scanId=169008,2.816666666667,479.32001546185535,1336.0
scanId=169008,2.816666666667,479.3326233634358,1150.0
scanId=169008,2.816666666667,480.2660613418794,1253.0
scanId=169008,2.816666666667,480.27868149386654,1681.0
scanId=169008,2.816666666667,480.2913019973809,1751.0
scanId=169008,2.816666666667,480.30392248100304,1538.0
scanId=169008,2.816666666667,480.3165433161471,1363.0
scanId=169008,2.816666666667,480.3291641314042,1246.0
scanId=169008,2.816666666667,480.3417852981781,1007.0
scanId=169008,2.816666666667,481.22567252607854,2083.0
scanId=169008,2.816666666667,481.2383052801943,5769.0
scanId=169008,2.816666666667,481.2509383856423,9369.0
scanId=169008,2.816666666667,481.26357147139305,9948.0
scanId=169008,2.816666666667,481.2762049084709,8401.0
scanId=169008,2.816666666667,481.2888383258567,6680.0
scanId=169008,2.816666666667,481.3014720945644,5240.0
scanId=169008,2.816666666667,481.3141058435851,4005.0
scanId=169008,2.816666666667,481.3267399439226,2932.0
scanId=169008,2.816666666667,481.3393740245784,2013.0
scanId=169008,2.816666666667,481.3520084565459,1464.0
scanId=169008,2.816666666667,481.3646428688367,1117.0
scanId=169008,2.816666666667,482.2368242552224,1305.0
scanId=169008,2.816666666667,482.2494702747397,2512.0
scanId=169008,2.816666666667,482.2621166453813,3331.0
scanId=169008,2.816666666667,482.2747629965336,3171.0
scanId=169008,2.816666666667,482.28740969880505,2525.0
scanId=169008,2.816666666667,482.3000563815925,1914.0
scanId=169008,2.816666666667,482.3127034154937,1524.0
scanId=169008,2.816666666667,482.3253504299162,1211.0
scanId=169008,2.816666666667,483.2363779040237,1222.0
scanId=169008,2.816666666667,483.2490372082288,2445.0
scanId=169008,2.816666666667,483.2616964931509,4598.0
scanId=169008,2.816666666667,483.27435612898574,5710.0
scanId=169008,2.816666666667,483.2870157455429,4988.0
scanId=169008,2.816666666667,483.2996757130077,3760.0
scanId=169008,2.816666666667,483.3123356612,2724.0
scanId=169008,2.816666666667,483.3249959602946,1887.0
scanId=169008,2.816666666667,483.33765624012216,1333.0
scanId=169008,2.816666666667,483.48959364222,1758.0
scanId=169008,2.816666666667,483.5022562627236,2201.0
scanId=169008,2.816666666667,483.5149188639973,1931.0
scanId=169008,2.816666666667,483.5275818161306,1325.0
scanId=169008,2.816666666667,483.7682075613452,1585.0
scanId=169008,2.816666666667,483.7808738297769,1795.0
scanId=169008,2.816666666667,483.7935400790376,1513.0
scanId=169008,2.816666666667,483.8062066790991,1062.0
scanId=169008,2.816666666667,484.2496388158244,1388.0
scanId=169008,2.816666666667,484.262311385223,2131.0
scanId=169008,2.816666666667,484.2749839355528,2499.0
scanId=169008,2.816666666667,484.2876568365812,2269.0
scanId=169008,2.816666666667,484.3003297185464,1771.0
scanId=169008,2.816666666667,484.3130029512047,1216.0
scanId=169008,2.816666666667,485.2639609517382,1372.0
scanId=169008,2.816666666667,485.2766467863302,2032.0
scanId=169008,2.816666666667,485.2893326020711,2202.0
scanId=169008,2.816666666667,485.3020187682929,1823.0
scanId=169008,2.816666666667,485.3147049156691,1279.0
scanId=169008,2.816666666667,485.7842124459653,1048.0
scanId=169008,2.816666666667,486.27934431188953,1109.0
scanId=169008,2.816666666667,486.29204341167497,1145.0
scanId=169008,2.816666666667,487.3212136079535,1088.0
scanId=169008,2.816666666667,487.3339263045623,1472.0
scanId=169008,2.816666666667,487.3466389827698,1739.0
scanId=169008,2.816666666667,487.3593520110084,1704.0
scanId=169008,2.816666666667,487.3720650208514,1426.0
scanId=169008,2.816666666667,487.3847783807199,1276.0
scanId=169008,2.816666666667,487.39749172219854,1071.0
scanId=169008,2.816666666667,489.28090818324057,1205.0
scanId=169008,2.816666666667,489.2936464153467,1474.0
scanId=169008,2.816666666667,489.3063846294911,1535.0
scanId=169008,2.816666666667,489.3191231932272,1520.0
scanId=169008,2.816666666667,489.3318617390072,1564.0
scanId=169008,2.816666666667,489.344600634373,1619.0
scanId=169008,2.816666666667,489.3573395117886,1422.0
scanId=169008,2.816666666667,489.3700787387843,1120.0
scanId=169008,2.816666666667,493.2760426452268,1129.0
scanId=169008,2.816666666667,493.2888325945506,1521.0
scanId=169008,2.816666666667,493.3016228925412,1566.0
scanId=169008,2.816666666667,493.31441317350095,1282.0
scanId=169008,2.816666666667,493.3272038031213,1011.0
scanId=169008,2.816666666667,495.260477889454,1064.0
scanId=169008,2.816666666667,495.273293722942,1116.0
scanId=169008,2.816666666667,495.2861095398728,1177.0
scanId=169008,2.816666666667,495.2989257049905,1291.0
scanId=169008,2.816666666667,495.31174185355735,1121.0
scanId=169008,2.816666666667,497.2874217949111,1322.0
scanId=169008,2.816666666667,497.3002638271561,1676.0
scanId=169008,2.816666666667,497.3131058433414,1562.0
scanId=169008,2.816666666667,497.3259482072162,1271.0
scanId=169008,2.816666666667,498.2767365454873,1022.0
scanId=169008,2.816666666667,498.28959116384976,1297.0
scanId=169008,2.816666666667,498.3024461296584,1180.0
scanId=169008,2.816666666667,499.2670342406267,1004.0
scanId=169008,2.816666666667,499.27990180836906,1552.0
scanId=169008,2.816666666667,499.29276936054777,1776.0
scanId=169008,2.816666666667,499.30563725992,1556.0
scanId=169008,2.816666666667,499.3185051437352,1379.0
scanId=169008,2.816666666667,499.33137337473727,1265.0
scanId=169008,2.816666666667,499.34424159018863,1158.0
scanId=169008,2.816666666667,501.3408338537428,1057.0
scanId=169008,2.816666666667,501.35372793683536,1126.0
scanId=169008,2.816666666667,501.3666223665945,1286.0
scanId=169008,2.816666666667,501.37951678132345,1410.0
scanId=169008,2.816666666667,501.3924115427124,1606.0
scanId=169008,2.816666666667,501.4053062890778,1629.0
scanId=169008,2.816666666667,501.41820138209664,1410.0
scanId=169008,2.816666666667,501.43109646009856,1140.0
scanId=169008,2.816666666667,503.2380566485047,1062.0
scanId=169008,2.816666666667,503.2509752872419,1176.0
scanId=169008,2.816666666667,503.2638939114399,1301.0
scanId=169008,2.816666666667,503.2768128818071,1274.0
scanId=169008,2.816666666667,503.2897318376417,1207.0
scanId=169008,2.816666666667,503.30265113963856,1094.0
scanId=169008,2.816666666667,503.3414096798445,1315.0
scanId=169008,2.816666666667,503.354329645101,1494.0
scanId=169008,2.816666666667,503.3672495958455,1418.0
scanId=169008,2.816666666667,503.380169892732,1195.0
scanId=169008,2.816666666667,504.3496578843614,1075.0
scanId=169008,2.816666666667,504.36259078318176,1028.0
scanId=169008,2.816666666667,505.2812439445141,1060.0
scanId=169008,2.816666666667,505.29418878200846,1384.0
scanId=169008,2.816666666667,505.3071336055057,1709.0
scanId=169008,2.816666666667,505.32007877462985,1773.0
scanId=169008,2.816666666667,505.3330239297641,1520.0
scanId=169008,2.816666666667,505.3459694305181,1108.0
scanId=169008,2.816666666667,507.289658932089,1278.0
scanId=169008,2.816666666667,507.30262929162296,1899.0
scanId=169008,2.816666666667,507.3155999962445,2321.0
scanId=169008,2.816666666667,507.3285706874154,2273.0
scanId=169008,2.816666666667,507.3415417236668,1944.0
scanId=169008,2.816666666667,507.3545127464746,1568.0
scanId=169008,2.816666666667,507.3674841143558,1382.0
scanId=169008,2.816666666667,507.3804554688007,1090.0
scanId=169008,2.816666666667,508.27588564653735,1005.0
scanId=169008,2.816666666667,509.2890615906949,1192.0
scanId=169008,2.816666666667,509.3020574862761,1693.0
scanId=169008,2.816666666667,509.31505372639526,1734.0
scanId=169008,2.816666666667,509.3280499536135,1509.0
scanId=169008,2.816666666667,509.3410465253623,1276.0
scanId=169008,2.816666666667,509.3540430842175,1057.0
scanId=169008,2.816666666667,511.2793753146484,1239.0
scanId=169008,2.816666666667,511.2923967586349,1380.0
scanId=169008,2.816666666667,511.3054181902737,1323.0
scanId=169008,2.816666666667,511.3184399658901,1117.0
scanId=169008,2.816666666667,513.2474778688703,1987.0
scanId=169008,2.816666666667,513.2605241733025,5345.0
scanId=169008,2.816666666667,513.2735708211567,8954.0
scanId=169008,2.816666666667,513.2866174572263,9414.0
scanId=169008,2.816666666667,513.2996644367103,7506.0
scanId=169008,2.816666666667,513.3127114044172,5320.0
scanId=169008,2.816666666667,513.325758715531,3665.0
scanId=169008,2.816666666667,513.3388060148752,2561.0
scanId=169008,2.816666666667,513.3518536576188,1812.0
scanId=169008,2.816666666667,513.3649012886003,1484.0
scanId=169008,2.816666666667,513.3779492629739,1320.0
scanId=169008,2.816666666667,514.2525352392247,1948.0
scanId=169008,2.816666666667,514.2655944890125,2984.0
scanId=169008,2.816666666667,514.2786537273015,3938.0
scanId=169008,2.816666666667,514.2917133087192,3825.0
scanId=169008,2.816666666667,514.3047728786453,2982.0
scanId=169008,2.816666666667,514.3178327916929,2228.0
scanId=169008,2.816666666667,514.3308926932563,1598.0
scanId=169008,2.816666666667,514.3439529379338,1094.0
scanId=169008,2.816666666667,515.2847199385872,1127.0
scanId=169008,2.816666666667,515.297792110735,1211.0
scanId=169008,2.816666666667,515.3108646257165,1215.0
scanId=169008,2.816666666667,515.3239371295016,1124.0
scanId=169008,2.816666666667,515.3370099761128,1046.0
scanId=169008,2.816666666667,515.3500828115355,1018.0
scanId=169008,2.816666666667,515.4023761654051,1532.0
scanId=169008,2.816666666667,515.4154500069059,2045.0
scanId=169008,2.816666666667,515.4285238372408,1843.0
scanId=169008,2.816666666667,515.4415980103714,1334.0
scanId=169008,2.816666666667,516.3048542176963,1134.0
scanId=169008,2.816666666667,516.4095404155182,1051.0
scanId=169008,2.816666666667,516.4226268480777,1160.0
scanId=169008,2.816666666667,516.4357136231421,1101.0
scanId=169008,2.816666666667,516.5142372256179,1142.0
scanId=169008,2.816666666667,516.5273249847274,1176.0
scanId=169008,2.816666666667,517.2867038488778,1269.0
scanId=169008,2.816666666667,517.2998015677267,1408.0
scanId=169008,2.816666666667,517.3128992759628,1343.0
scanId=169008,2.816666666667,517.3259973264417,1342.0
scanId=169008,2.816666666667,517.3390953663155,1448.0
scanId=169008,2.816666666667,517.352193748424,1457.0
scanId=169008,2.816666666667,517.3652921199352,1231.0
scanId=169008,2.816666666667,518.269486376291,1021.0
scanId=169008,2.816666666667,518.2825963551186,1316.0
scanId=169008,2.816666666667,518.2957066759014,1287.0
scanId=169008,2.816666666667,518.3088169863668,1117.0
scanId=169008,2.816666666667,518.3219276387794,1007.0
scanId=169008,2.816666666667,518.3350382808823,1029.0
scanId=169008,2.816666666667,518.3481492649247,1061.0
scanId=169008,2.816666666667,518.3612602386653,1075.0
scanId=169008,2.816666666667,519.2663240385382,1087.0
scanId=169008,2.816666666667,519.2794466195974,1234.0
scanId=169008,2.816666666667,519.2925695423139,1248.0
scanId=169008,2.816666666667,519.3056924550109,1334.0
scanId=169008,2.816666666667,519.3188157093572,1353.0
scanId=169008,2.816666666667,519.3319389536917,1296.0
scanId=169008,2.816666666667,519.345062539668,1304.0
scanId=169008,2.816666666667,519.3581861156404,1162.0
scanId=169008,2.816666666667,520.3166615382681,1119.0
scanId=169008,2.816666666667,520.329797384837,1205.0
scanId=169008,2.816666666667,520.3429335727469,1194.0
scanId=169008,2.816666666667,520.3560697509535,1058.0
scanId=169008,2.816666666667,521.2365773892637,1166.0
scanId=169008,2.816666666667,521.2497248431555,7570.0
scanId=169008,2.816666666667,521.2628726381098,25892.0
scanId=169008,2.816666666667,521.2760204236395,47701.0
scanId=169008,2.816666666667,521.2891685502235,56096.0
scanId=169008,2.816666666667,521.3023166673911,47645.0
scanId=169008,2.816666666667,521.315465125605,34154.0
scanId=169008,2.816666666667,521.3286135744103,23506.0
scanId=169008,2.816666666667,521.341762364254,16033.0
scanId=169008,2.816666666667,521.3549111446973,10836.0
scanId=169008,2.816666666667,521.3680602661709,7322.0
scanId=169008,2.816666666667,521.3812093782519,4896.0
scanId=169008,2.816666666667,521.3943588313554,3161.0
scanId=169008,2.816666666667,521.4075082750742,2070.0
scanId=169008,2.816666666667,521.4206580598075,1454.0
scanId=169008,2.816666666667,521.4338078351641,1054.0
scanId=169008,2.816666666667,522.2494231787311,1803.0
scanId=169008,2.816666666667,522.2625835756193,7231.0
scanId=169008,2.816666666667,522.2757439633878,15775.0
scanId=169008,2.816666666667,522.2889046919057,20979.0
scanId=169008,2.816666666667,522.302065411312,19254.0
scanId=169008,2.816666666667,522.3152264714597,14372.0
scanId=169008,2.816666666667,522.3283875225042,10006.0
scanId=169008,2.816666666667,522.3415489142817,6906.0
scanId=169008,2.816666666667,522.354710296964,4701.0
scanId=169008,2.816666666667,522.3678720203712,3260.0
scanId=169008,2.816666666667,522.3810337346915,2259.0
scanId=169008,2.816666666667,522.3941957897287,1535.0
scanId=169008,2.816666666667,522.4073578356868,1070.0
scanId=169008,2.816666666667,523.2632522717338,2053.0
scanId=169008,2.816666666667,523.2764252617436,5436.0
scanId=169008,2.816666666667,523.2895985921953,9947.0
scanId=169008,2.816666666667,523.3027719138431,12771.0
scanId=169008,2.816666666667,523.3159455759245,12763.0
scanId=169008,2.816666666667,523.3291192292103,10427.0
scanId=169008,2.816666666667,523.3422932229216,7419.0
scanId=169008,2.816666666667,523.3554672078453,5087.0
scanId=169008,2.816666666667,523.3686415331865,3432.0
scanId=169008,2.816666666667,523.3818158497481,2438.0
scanId=169008,2.816666666667,523.3949905067191,1808.0
scanId=169008,2.816666666667,523.4081651549186,1287.0
scanId=169008,2.816666666667,524.2780643187984,1810.0
scanId=169008,2.816666666667,524.2912502511839,3325.0
scanId=169008,2.816666666667,524.3044361750754,4572.0
scanId=169008,2.816666666667,524.3176224390907,4570.0
scanId=169008,2.816666666667,524.3308086946201,3817.0
scanId=169008,2.816666666667,524.3439952902653,2836.0
scanId=169008,2.816666666667,524.3571818774328,1954.0
scanId=169008,2.816666666667,524.3703688047077,1347.0
scanId=169008,2.816666666667,525.2674629401436,1827.0
scanId=169008,2.816666666667,525.2806611346432,2677.0
scanId=169008,2.816666666667,525.2938596689623,3280.0
scanId=169008,2.816666666667,525.3070581951,3141.0
scanId=169008,2.816666666667,525.320257061049,2537.0
scanId=169008,2.816666666667,525.3334559188247,1946.0
scanId=169008,2.816666666667,525.3466551164037,1469.0
scanId=169008,2.816666666667,525.3598543058174,1055.0
scanId=169008,2.816666666667,527.2622812375093,1039.0
scanId=169008,2.816666666667,527.2755046440664,1355.0
scanId=169008,2.816666666667,527.2887280430651,1389.0
scanId=169008,2.816666666667,527.3019517812519,1211.0
scanId=169008,2.816666666667,527.3151755118888,1004.0
scanId=169008,2.816666666667,529.313874929785,1020.0
scanId=169008,2.816666666667,529.3271238649309,1032.0
scanId=169008,2.816666666667,529.3933715460796,1173.0
scanId=169008,2.816666666667,529.4066214761406,1726.0
scanId=169008,2.816666666667,529.4198717447142,2496.0
scanId=169008,2.816666666667,529.4331220064133,2956.0
scanId=169008,2.816666666667,529.4463726066169,2781.0
scanId=169008,2.816666666667,529.4596231999545,2154.0
scanId=169008,2.816666666667,529.472874131788,1536.0
scanId=169008,2.816666666667,529.4861250567639,1184.0
scanId=169008,2.816666666667,530.427370774563,1222.0
scanId=169008,2.816666666667,530.4406336385205,1218.0
scanId=169008,2.816666666667,531.3561777324923,1109.0
scanId=169008,2.816666666667,531.3694522037947,1294.0
scanId=169008,2.816666666667,531.3827270129764,1278.0
scanId=169008,2.816666666667,531.3960018159173,1057.0
scanId=169008,2.816666666667,533.3492143384351,1177.0
scanId=169008,2.816666666667,533.3625136826265,1208.0
scanId=169008,2.816666666667,533.3758133640458,1087.0
scanId=169008,2.816666666667,535.2926862775294,1251.0
scanId=169008,2.816666666667,535.3060098313415,1380.0
scanId=169008,2.816666666667,535.3193337217389,1174.0
scanId=169008,2.816666666667,537.3331311112423,1027.0
scanId=169008,2.816666666667,537.3464802055074,1103.0
scanId=169008,2.816666666667,537.3598292955038,1176.0
scanId=169008,2.816666666667,537.3731787213986,1518.0
scanId=169008,2.816666666667,537.3865281430337,1785.0
scanId=169008,2.816666666667,537.3998779005584,1662.0
scanId=169008,2.816666666667,537.4132276538325,1247.0
scanId=169008,2.816666666667,538.3882138073519,1289.0
scanId=169008,2.816666666667,538.4015758312634,1283.0
scanId=169008,2.816666666667,539.2838416324439,1303.0
scanId=169008,2.816666666667,539.297214935687,1608.0
scanId=169008,2.816666666667,539.3105882353212,1612.0
scanId=169008,2.816666666667,539.3239618701942,1436.0
scanId=169008,2.816666666667,539.3373355014674,1262.0
scanId=169008,2.816666666667,539.3507094679701,1075.0
scanId=169008,2.816666666667,541.3184737672146,1069.0
scanId=169008,2.816666666667,541.3318722743253,1093.0
scanId=169008,2.816666666667,543.2361318461857,1787.0
scanId=169008,2.816666666667,543.2495538967594,4450.0
scanId=169008,2.816666666667,543.2629762812182,6644.0
scanId=169008,2.816666666667,543.2763986634312,6605.0
scanId=169008,2.816666666667,543.2898213795198,5072.0
scanId=169008,2.816666666667,543.303244093372,3646.0
scanId=169008,2.816666666667,543.3166671410905,2816.0
scanId=169008,2.816666666667,543.3300901865817,2133.0
scanId=169008,2.816666666667,543.3435135659302,1572.0
scanId=169008,2.816666666667,543.3569369430605,1174.0
scanId=169008,2.816666666667,543.4374811921109,1285.0
scanId=169008,2.816666666667,543.4509058979786,1548.0
scanId=169008,2.816666666667,543.4643306016657,1491.0
scanId=169008,2.816666666667,543.4777556391632,1232.0
scanId=169008,2.816666666667,544.2566866555412,1268.0
scanId=169008,2.816666666667,544.2701213084041,1680.0
scanId=169008,2.816666666667,544.2835562947967,1697.0
scanId=169008,2.816666666667,544.2969912792989,1440.0
scanId=169008,2.816666666667,544.3104265973215,1148.0
scanId=169008,2.816666666667,545.2781992254066,1511.0
scanId=169008,2.816666666667,545.291646480561,2111.0
scanId=169008,2.816666666667,545.3050940688873,2350.0
scanId=169008,2.816666666667,545.3185416556806,2252.0
scanId=169008,2.816666666667,545.331989575637,1920.0
scanId=169008,2.816666666667,545.3454374940696,1474.0
scanId=169008,2.816666666667,545.3588857456557,1163.0
scanId=169008,2.816666666667,545.3723339957276,1078.0
scanId=169008,2.816666666667,545.3857825789436,1172.0
scanId=169008,2.816666666667,545.3992311606547,1215.0
scanId=169008,2.816666666667,545.4126800755006,1052.0
scanId=169008,2.816666666667,546.3006695558652,1188.0
scanId=169008,2.816666666667,546.3141294133128,1166.0
scanId=169008,2.816666666667,546.327589603573,1065.0
scanId=169008,2.816666666667,546.3410497926598,1106.0
scanId=169008,2.816666666667,546.3545103145498,1149.0
scanId=169008,2.816666666667,546.3679708352761,1047.0
scanId=169008,2.816666666667,547.2971530583313,1273.0
scanId=169008,2.816666666667,547.3106251864351,1469.0
scanId=169008,2.816666666667,547.3240976469992,1501.0
scanId=169008,2.816666666667,547.3375701067425,1337.0
scanId=169008,2.816666666667,547.3510428989365,1067.0
scanId=169008,2.816666666667,549.3333347816894,1037.0
scanId=169008,2.816666666667,549.3468321144913,1210.0
scanId=169008,2.816666666667,549.3603294471927,1384.0
scanId=169008,2.816666666667,549.3738271116245,1214.0
scanId=169008,2.816666666667,550.3595983491748,1031.0
scanId=169008,2.816666666667,550.3731082839105,1014.0
scanId=169008,2.816666666667,551.3192099771265,1251.0
scanId=169008,2.816666666667,551.3327315195155,2383.0
scanId=169008,2.816666666667,551.3462533929253,3222.0
scanId=169008,2.816666666667,551.3597752669538,3081.0
scanId=169008,2.816666666667,551.3732974719934,2241.0
scanId=169008,2.816666666667,551.3868196776614,1536.0
scanId=169008,2.816666666667,551.4003422143309,1096.0
scanId=169008,2.816666666667,552.3473260559094,1138.0
scanId=169008,2.816666666667,552.3608602006044,1057.0
scanId=169008,2.816666666667,553.2680312314216,2020.0
scanId=169008,2.816666666667,553.281576651866,8324.0
scanId=169008,2.816666666667,553.2951224026242,19303.0
scanId=169008,2.816666666667,553.3086681547082,27427.0
scanId=169008,2.816666666667,553.3222142370962,26674.0
scanId=169008,2.816666666667,553.33576032082,20596.0
scanId=169008,2.816666666667,553.3493067348377,14477.0
scanId=169008,2.816666666667,553.3628531502013,10055.0
scanId=169008,2.816666666667,553.3763998958489,7021.0
scanId=169008,2.816666666667,553.3899466428521,4867.0
scanId=169008,2.816666666667,553.4034937201295,3311.0
scanId=169008,2.816666666667,553.4170407987725,2168.0
scanId=169008,2.816666666667,553.4305882076796,1436.0
scanId=169008,2.816666666667,554.2708463034451,1307.0
scanId=169008,2.816666666667,554.2844039945599,3221.0
scanId=169008,2.816666666667,554.2979620156219,6995.0
scanId=169008,2.816666666667,554.3115200383766,10656.0
scanId=169008,2.816666666667,554.3250783910684,10957.0
scanId=169008,2.816666666667,554.3386367454627,8502.0
scanId=169008,2.816666666667,554.3521954297844,6055.0
scanId=169008,2.816666666667,554.3657541158184,4295.0
scanId=169008,2.816666666667,554.3793131317699,3130.0
scanId=169008,2.816666666667,554.3928721494439,2210.0
scanId=169008,2.816666666667,554.4064314970251,1490.0
scanId=169008,2.816666666667,554.4199908463388,1008.0
scanId=169008,2.816666666667,555.2881393533419,1718.0
scanId=169008,2.816666666667,555.301709644708,2755.0
scanId=169008,2.816666666667,555.315279938135,3442.0
scanId=169008,2.816666666667,555.3288505611307,3203.0
scanId=169008,2.816666666667,555.3424211861975,2634.0
scanId=169008,2.816666666667,555.3559921408231,2074.0
scanId=169008,2.816666666667,555.3695630975297,1594.0
scanId=169008,2.816666666667,555.3831343837852,1286.0
scanId=169008,2.816666666667,556.3742800954085,1125.0
scanId=169008,2.816666666667,557.3527141162369,1065.0
scanId=169008,2.816666666667,557.3663096114705,1326.0
scanId=169008,2.816666666667,557.379905109528,1407.0
scanId=169008,2.816666666667,557.3935009363913,1245.0
scanId=169008,2.816666666667,557.4070967660889,1063.0
scanId=169008,2.816666666667,559.2440670619725,1078.0
scanId=169008,2.816666666667,559.2576854431887,1689.0
scanId=169008,2.816666666667,559.2713041525108,2578.0
scanId=169008,2.816666666667,559.2849228653672,2861.0
scanId=169008,2.816666666667,559.2985419063191,2658.0
scanId=169008,2.816666666667,559.3121609508155,2372.0
scanId=169008,2.816666666667,559.3257803233972,2016.0
scanId=169008,2.816666666667,559.3393996995338,1776.0
scanId=169008,2.816666666667,559.3530194037454,1564.0
scanId=169008,2.816666666667,559.3666391115217,1349.0
scanId=169008,2.816666666667,559.3802591473632,1161.0
scanId=169008,2.816666666667,560.2795427811607,1433.0
scanId=169008,2.816666666667,560.2931737646991,1729.0
scanId=169008,2.816666666667,560.3068050759549,1654.0
scanId=169008,2.816666666667,560.3204363911335,1423.0
scanId=169008,2.816666666667,560.3340680340192,1144.0
scanId=169008,2.816666666667,561.247760335518,1215.0
scanId=169008,2.816666666667,561.2614032538181,3555.0
scanId=169008,2.816666666667,561.2750461764006,15418.0
scanId=169008,2.816666666667,561.2886894263305,51465.0
scanId=169008,2.816666666667,561.3023326805529,106125.0
scanId=169008,2.816666666667,561.3159762621128,141325.0
scanId=169008,2.816666666667,561.3296198479756,131281.0
scanId=169008,2.816666666667,561.3432637611652,98090.0
scanId=169008,2.816666666667,561.3569076786681,67314.0
scanId=169008,2.816666666667,561.3705519234876,45848.0
scanId=169008,2.816666666667,561.3841961726306,31448.0
scanId=169008,2.816666666667,561.3978407490799,21419.0
scanId=169008,2.816666666667,561.411485329863,14221.0
scanId=169008,2.816666666667,561.4251302379422,9393.0
scanId=169008,2.816666666667,561.4387751503655,6136.0
scanId=169008,2.816666666667,561.4524203900744,4054.0
scanId=169008,2.816666666667,561.4660656341377,2957.0
scanId=169008,2.816666666667,561.4797112054766,2155.0
scanId=169008,2.816666666667,561.4933567811801,1566.0
scanId=169008,2.816666666667,561.5070026841489,1109.0
scanId=169008,2.816666666667,562.2577781859857,1368.0
scanId=169008,2.816666666667,562.2714333745897,3709.0
scanId=169008,2.816666666667,562.2850885678581,12879.0
scanId=169008,2.816666666667,562.298744088092,32615.0
scanId=169008,2.816666666667,562.3123996130005,53068.0
scanId=169008,2.816666666667,562.3260554648643,57922.0
scanId=169008,2.816666666667,562.339711321413,47552.0
scanId=169008,2.816666666667,562.3533675049066,34116.0
scanId=169008,2.816666666667,562.3670236930958,23802.0
scanId=169008,2.816666666667,562.3806802082192,16543.0
scanId=169008,2.816666666667,562.3943367280483,11406.0
scanId=169008,2.816666666667,562.4079935748015,7763.0
scanId=169008,2.816666666667,562.4216504262708,5363.0
scanId=169008,2.816666666667,562.4353076046539,3683.0
scanId=169008,2.816666666667,562.4489647877634,2543.0
scanId=169008,2.816666666667,562.4626222977764,1957.0
scanId=169008,2.816666666667,562.4762798125262,1564.0
scanId=169008,2.816666666667,562.4899376541689,1190.0
scanId=169008,2.816666666667,563.2823715120222,2192.0
scanId=169008,2.816666666667,563.2960389759785,5968.0
scanId=169008,2.816666666667,563.3097067665163,11444.0
scanId=169008,2.816666666667,563.3233745621128,14851.0
scanId=169008,2.816666666667,563.3370426842805,14538.0
scanId=169008,2.816666666667,563.3507108115173,11774.0
scanId=169008,2.816666666667,563.3643792653148,8762.0
scanId=169008,2.816666666667,563.3780477241918,6547.0
scanId=169008,2.816666666667,563.3917165096192,4753.0
scanId=169008,2.816666666667,563.4053853001365,3297.0
scanId=169008,2.816666666667,563.4190544171937,2454.0
scanId=169008,2.816666666667,563.4327235393511,2232.0
scanId=169008,2.816666666667,563.4463929880382,2108.0
scanId=169008,2.816666666667,563.4600624418359,1688.0
scanId=169008,2.816666666667,563.4737322221528,1159.0
scanId=169008,2.816666666667,564.2942176661865,1308.0
scanId=169008,2.816666666667,564.3078974008324,2420.0
scanId=169008,2.816666666667,564.3215774616742,3313.0
scanId=169008,2.816666666667,564.3352575279606,3319.0
scanId=169008,2.816666666667,564.3489379204323,2662.0
scanId=169008,2.816666666667,564.3626183183588,1961.0
scanId=169008,2.816666666667,564.3762990424603,1535.0
scanId=169008,2.816666666667,564.3899797720275,1136.0
scanId=169008,2.816666666667,565.2795881639397,1019.0
scanId=169008,2.816666666667,565.2932798376371,1461.0
scanId=169008,2.816666666667,565.306971837153,1580.0
scanId=169008,2.816666666667,565.3206638424908,1573.0
scanId=169008,2.816666666667,565.3343561736366,1605.0
scanId=169008,2.816666666667,565.3480485106145,1573.0
scanId=169008,2.816666666667,565.3617411733901,1393.0
scanId=169008,2.816666666667,565.3754338420085,1104.0
scanId=169008,2.816666666667,569.2846251686094,1437.0
scanId=169008,2.816666666667,569.2983652618109,2159.0
scanId=169008,2.816666666667,569.3121056792829,2497.0
scanId=169008,2.816666666667,569.3258461041254,2332.0
scanId=169008,2.816666666667,569.3395868532273,1945.0
scanId=169008,2.816666666667,569.35332760971,1554.0
scanId=169008,2.816666666667,569.3670686904418,1138.0
scanId=169008,2.816666666667,571.3062098253924,1097.0
scanId=169008,2.816666666667,571.3199744518425,1258.0
scanId=169008,2.816666666667,571.3337390864477,1296.0
scanId=169008,2.816666666667,571.3475040445277,1159.0
scanId=169008,2.816666666667,575.2634403916352,1083.0
scanId=169008,2.816666666667,575.2772524508657,1510.0
scanId=169008,2.816666666667,575.2910648320122,1629.0
scanId=169008,2.816666666667,575.3048772228835,1657.0
scanId=169008,2.816666666667,575.3186899356601,1659.0
scanId=169008,2.816666666667,575.3325026581723,1574.0
scanId=169008,2.816666666667,575.3463157025785,1637.0
scanId=169008,2.816666666667,575.3601287567316,1721.0
scanId=169008,2.816666666667,575.3739421327676,1577.0
scanId=169008,2.816666666667,575.3877555185614,1486.0
scanId=169008,2.816666666667,575.4015692262274,1426.0
scanId=169008,2.816666666667,575.4153829436622,1292.0
scanId=169008,2.816666666667,575.4291969829579,1188.0
scanId=169008,2.816666666667,575.4430110320334,1104.0
scanId=169008,2.816666666667,576.2859864238635,1496.0
scanId=169008,2.816666666667,576.2998107538057,1745.0
scanId=169008,2.816666666667,576.3136354052562,1653.0
scanId=169008,2.816666666667,576.3274600668392,1384.0
scanId=169008,2.816666666667,576.3412850499197,1119.0
scanId=169008,2.816666666667,576.3827606827185,1021.0
scanId=169008,2.816666666667,576.3965863290586,1300.0
scanId=169008,2.816666666667,576.4104119855643,1521.0
scanId=169008,2.816666666667,576.4242379635342,1454.0
scanId=169008,2.816666666667,576.4380639516806,1154.0
scanId=169008,2.816666666667,577.2817676145615,1097.0
scanId=169008,2.816666666667,577.2956038835762,2378.0
scanId=169008,2.816666666667,577.3094404737008,3712.0
scanId=169008,2.816666666667,577.3232770743564,4967.0
scanId=169008,2.816666666667,577.3371139961109,6583.0
scanId=169008,2.816666666667,577.3509509284074,8165.0
scanId=169008,2.816666666667,577.3647881817918,8318.0
scanId=169008,2.816666666667,577.3786254457293,6851.0
scanId=169008,2.816666666667,577.3924630307434,5104.0
scanId=169008,2.816666666667,577.4063006263218,3682.0
scanId=169008,2.816666666667,577.4201385429658,2679.0
scanId=169008,2.816666666667,577.433976470185,2084.0
scanId=169008,2.816666666667,577.4478147184589,1662.0
scanId=169008,2.816666666667,577.4616529773191,1274.0
scanId=169008,2.816666666667,578.3061051410551,1206.0
scanId=169008,2.816666666667,578.3199536807849,1659.0
scanId=169008,2.816666666667,578.3338025412136,2235.0
scanId=169008,2.816666666667,578.3476514125844,2950.0
scanId=169008,2.816666666667,578.3615006046427,3310.0
scanId=169008,2.816666666667,578.3753498076546,3052.0
scanId=169008,2.816666666667,578.389199331343,2499.0
scanId=169008,2.816666666667,578.4030488659957,1842.0
scanId=169008,2.816666666667,578.4168987213138,1420.0
scanId=169008,2.816666666667,578.4307485876076,1158.0
scanId=169008,2.816666666667,579.3036294073801,1489.0
scanId=169008,2.816666666667,579.3174898861859,2590.0
scanId=169008,2.816666666667,579.3313506852886,2887.0
scanId=169008,2.816666666667,579.3452114957354,2435.0
scanId=169008,2.816666666667,579.3590726264679,1986.0
scanId=169008,2.816666666667,579.3729337685556,1832.0
scanId=169008,2.816666666667,579.386795230918,1678.0
scanId=169008,2.816666666667,579.4006567046468,1323.0
scanId=169008,2.816666666667,580.3158856906196,1160.0
scanId=169008,2.816666666667,580.3297584283963,1518.0
scanId=169008,2.816666666667,580.3436311779207,1620.0
scanId=169008,2.816666666667,580.3575042473274,1621.0
scanId=169008,2.816666666667,580.3713773284929,1450.0
scanId=169008,2.816666666667,580.3852507295294,1177.0
scanId=169008,2.816666666667,581.3151410941462,1146.0
scanId=169008,2.816666666667,581.3290257705972,1496.0
scanId=169008,2.816666666667,581.342910459201,1788.0
scanId=169008,2.816666666667,581.3567954672817,1692.0
scanId=169008,2.816666666667,581.3706804875266,1495.0
scanId=169008,2.816666666667,581.3845658272372,1368.0
scanId=169008,2.816666666667,581.3984511791232,1165.0
scanId=169008,2.816666666667,581.4123368504637,1004.0
scanId=169008,2.816666666667,583.2605984473986,2225.0
scanId=169008,2.816666666667,583.2745063379381,5992.0
scanId=169008,2.816666666667,583.2884142414231,10893.0
scanId=169008,2.816666666667,583.3023224635924,13249.0
scanId=169008,2.816666666667,583.3162306987185,12012.0
scanId=169008,2.816666666667,583.3301392525177,9005.0
scanId=169008,2.816666666667,583.3440478192852,6323.0
scanId=169008,2.816666666667,583.3579567047142,4496.0
scanId=169008,2.816666666667,583.3718656031227,3267.0
scanId=169008,2.816666666667,583.3857748201817,2397.0
scanId=169008,2.816666666667,583.3996840502316,1632.0
scanId=169008,2.816666666667,583.4135935989202,1057.0
scanId=169008,2.816666666667,584.2623848930467,1391.0
scanId=169008,2.816666666667,584.2763047222604,2670.0
scanId=169008,2.816666666667,584.2902245648297,4395.0
scanId=169008,2.816666666667,584.3041447256732,5254.0
scanId=169008,2.816666666667,584.3180648998836,4735.0
scanId=169008,2.816666666667,584.3319853923568,3625.0
scanId=169008,2.816666666667,584.3459058982085,2610.0
scanId=169008,2.816666666667,584.3598267223116,1938.0
scanId=169008,2.816666666667,584.3737475598045,1480.0
scanId=169008,2.816666666667,584.3876687155374,1022.0
scanId=169008,2.816666666667,585.2650309380231,1222.0
scanId=169008,2.816666666667,585.2789627059108,1673.0
scanId=169008,2.816666666667,585.2928944875657,2350.0
scanId=169008,2.816666666667,585.3068265870835,2954.0
scanId=169008,2.816666666667,585.3207587003798,3163.0
scanId=169008,2.816666666667,585.3346911315272,2806.0
scanId=169008,2.816666666667,585.3486235764648,2405.0
scanId=169008,2.816666666667,585.362556339242,1981.0
scanId=169008,2.816666666667,585.376489115821,1503.0
scanId=169008,2.816666666667,585.390422210228,1062.0
scanId=169008,2.816666666667,585.8084898675556,1196.0
scanId=169008,2.816666666667,585.8224279503955,1216.0
scanId=169008,2.816666666667,586.2964240096907,1013.0
scanId=169008,2.816666666667,587.3008131312628,1440.0
scanId=169008,2.816666666667,587.3147691081285,2256.0
scanId=169008,2.816666666667,587.3287250996015,2841.0
scanId=169008,2.816666666667,587.3426814080971,2725.0
scanId=169008,2.816666666667,587.3566377312115,2206.0
scanId=169008,2.816666666667,587.3705943713371,1645.0
scanId=169008,2.816666666667,587.3845510260929,1130.0
scanId=169008,2.816666666667,588.333997698444,1124.0
scanId=169008,2.816666666667,588.3479659456137,1001.0
scanId=169008,2.816666666667,591.3689771557848,1003.0
scanId=169008,2.816666666667,591.3829812352722,1168.0
scanId=169008,2.816666666667,591.396985630094,1185.0
scanId=169008,2.816666666667,591.4109900412228,1050.0
scanId=169008,2.816666666667,592.3356527328617,1041.0
scanId=169008,2.816666666667,592.3496684030981,1272.0
scanId=169008,2.816666666667,592.3636840900409,1490.0
scanId=169008,2.816666666667,592.3777000919071,1348.0
scanId=169008,2.816666666667,592.3917161104914,1030.0
scanId=169008,2.816666666667,593.3031179178928,1445.0
scanId=169008,2.816666666667,593.317144880651,3676.0
scanId=169008,2.816666666667,593.3311721579315,6195.0
scanId=169008,2.816666666667,593.3451994523314,7804.0
scanId=169008,2.816666666667,593.3592270612419,7369.0
scanId=169008,2.816666666667,593.3732546872834,5793.0
scanId=169008,2.816666666667,593.3872826278237,4143.0
scanId=169008,2.816666666667,593.4013105855068,2916.0
scanId=169008,2.816666666667,593.4153388576769,2086.0
scanId=169008,2.816666666667,593.4293671470017,1507.0
scanId=169008,2.816666666667,593.4433957508019,1025.0
scanId=169008,2.816666666667,594.3134884203371,1486.0
scanId=169008,2.816666666667,594.3275273221955,2575.0
scanId=169008,2.816666666667,594.3415665381503,3158.0
scanId=169008,2.816666666667,594.3556057716504,2958.0
scanId=169008,2.816666666667,594.369645319235,2342.0
scanId=169008,2.816666666667,594.3836848843769,1696.0
scanId=169008,2.816666666667,594.3977247635912,1232.0
scanId=169008,2.816666666667,595.3247185226842,1381.0
scanId=169008,2.816666666667,595.3387693636442,2383.0
scanId=169008,2.816666666667,595.3528205182731,3935.0
scanId=169008,2.816666666667,595.3668716908751,4741.0
scanId=169008,2.816666666667,595.3809231771339,4559.0
scanId=169008,2.816666666667,595.3949746813776,3649.0
scanId=169008,2.816666666667,595.409026499266,2532.0
scanId=169008,2.816666666667,595.4230783351514,1725.0
scanId=169008,2.816666666667,595.4371304846698,1255.0
scanId=169008,2.816666666667,596.3649340983562,1137.0
scanId=169008,2.816666666667,596.3789972100616,1448.0
scanId=169008,2.816666666667,596.3930606349943,1316.0
scanId=169008,2.816666666667,596.4071240783413,1039.0
scanId=169008,2.816666666667,597.3216084394362,1088.0
scanId=169008,2.816666666667,597.3356828269627,1077.0
scanId=169008,2.816666666667,597.34975752731,1029.0
scanId=169008,2.816666666667,597.3638322464783,1084.0
scanId=169008,2.816666666667,597.3779072784554,1028.0
scanId=169008,2.816666666667,597.3919823292656,1124.0
scanId=169008,2.816666666667,597.4060576928724,1321.0
scanId=169008,2.816666666667,597.4201330753245,1177.0
scanId=169008,2.816666666667,599.2654515381007,1115.0
scanId=169008,2.816666666667,599.2795488089157,1436.0
scanId=169008,2.816666666667,599.2936463917216,1444.0
scanId=169008,2.816666666667,599.3077439941786,1288.0
scanId=169008,2.816666666667,599.3218419086144,1223.0
scanId=169008,2.816666666667,599.3359398427132,1216.0
scanId=169008,2.816666666667,599.3500380887788,1167.0
scanId=169008,2.816666666667,599.3641363545196,1081.0
scanId=169008,2.816666666667,599.378234932215,1169.0
scanId=169008,2.816666666667,599.3923335295977,1073.0
scanId=169008,2.816666666667,600.3373222557426,1216.0
scanId=169008,2.816666666667,600.3514321289508,1372.0
scanId=169008,2.816666666667,600.3655423136905,1299.0
scanId=169008,2.816666666667,600.3796525185408,1073.0
scanId=169008,2.816666666667,601.2971763214521,2505.0
scanId=169008,2.816666666667,601.3112974704871,10905.0
scanId=169008,2.816666666667,601.3254189306414,30220.0
scanId=169008,2.816666666667,601.3395404113186,50769.0
scanId=169008,2.816666666667,601.3536622031027,55404.0
scanId=169008,2.816666666667,601.3677840154218,45137.0
scanId=169008,2.816666666667,601.3819061388356,32150.0
scanId=169008,2.816666666667,601.3960282827967,22005.0
scanId=169008,2.816666666667,601.4101507378404,14906.0
scanId=169008,2.816666666667,601.4242732134435,10049.0
scanId=169008,2.816666666667,601.438396000117,6613.0
scanId=169008,2.816666666667,601.4525188073619,4572.0
scanId=169008,2.816666666667,601.4666419256654,3204.0
scanId=169008,2.816666666667,601.4807650645524,2349.0
scanId=169008,2.816666666667,601.4948885144858,1700.0
scanId=169008,2.816666666667,601.5090119850148,1243.0
scanId=169008,2.816666666667,602.3001950463268,1484.0
scanId=169008,2.816666666667,602.3143281135253,6176.0
scanId=169008,2.816666666667,602.3284612016727,16053.0
scanId=169008,2.816666666667,602.342594600501,25524.0
scanId=169008,2.816666666667,602.3567280202905,27420.0
scanId=169008,2.816666666667,602.3708617507485,22361.0
scanId=169008,2.816666666667,602.3849955021802,15897.0
scanId=169008,2.816666666667,602.3991295642682,10948.0
scanId=169008,2.816666666667,602.4132636473416,7539.0
scanId=169008,2.816666666667,602.4273980410595,5240.0
scanId=169008,2.816666666667,602.441532455775,3797.0
scanId=169008,2.816666666667,602.4556671811227,2669.0
scanId=169008,2.816666666667,602.4698019274803,1749.0
scanId=169008,2.816666666667,602.4839369844577,1238.0
scanId=169008,2.816666666667,603.304049804444,1098.0
scanId=169008,2.816666666667,603.3181945000633,2191.0
scanId=169008,2.816666666667,603.3323395059359,4434.0
scanId=169008,2.816666666667,603.346484533197,7439.0
scanId=169008,2.816666666667,603.3606298706994,8688.0
scanId=169008,2.816666666667,603.3747752296027,7503.0
scanId=169008,2.816666666667,603.3889208987349,5413.0
scanId=169008,2.816666666667,603.4030665892802,3715.0
scanId=169008,2.816666666667,603.4172125900424,2625.0
scanId=169008,2.816666666667,603.4313586122298,1890.0
scanId=169008,2.816666666667,603.4455049446219,1444.0
scanId=169008,2.816666666667,603.4596512984515,1169.0
scanId=169008,2.816666666667,603.4737979624732,1055.0
scanId=169008,2.816666666667,604.3087403065393,1021.0
scanId=169008,2.816666666667,604.3228969194562,1534.0
scanId=169008,2.816666666667,604.3370535541907,2061.0
scanId=169008,2.816666666667,604.3512104987374,2495.0
scanId=169008,2.816666666667,604.3653674651139,2535.0
scanId=169008,2.816666666667,604.3795247412904,2178.0
scanId=169008,2.816666666667,604.393682039309,1650.0
scanId=169008,2.816666666667,604.4078396471155,1184.0
scanId=169008,2.816666666667,604.8468054314178,1124.0
scanId=169008,2.816666666667,604.8609683453016,1010.0
scanId=169008,2.816666666667,605.3000986211506,1199.0
scanId=169008,2.816666666667,605.3142668411117,1990.0
scanId=169008,2.816666666667,605.3284350833206,2791.0
scanId=169008,2.816666666667,605.3426036349116,3121.0
scanId=169008,2.816666666667,605.3567722087628,3007.0
scanId=169008,2.816666666667,605.3709410919836,2579.0
scanId=169008,2.816666666667,605.385109997477,2056.0
scanId=169008,2.816666666667,605.3992792123277,1680.0
scanId=169008,2.816666666667,605.4134484494631,1479.0
scanId=169008,2.816666666667,605.4276179959436,1271.0
scanId=169008,2.816666666667,605.4417875647212,1092.0
scanId=169008,2.816666666667,605.8244306101262,1025.0
scanId=169008,2.816666666667,605.8386048218943,1206.0
scanId=169008,2.816666666667,605.8527793428223,1271.0
scanId=169008,2.816666666667,605.8669538862324,1064.0
scanId=169008,2.816666666667,606.3348092792713,1079.0
scanId=169008,2.816666666667,606.3489894605985,1413.0
scanId=169008,2.816666666667,606.3631699508636,1477.0
scanId=169008,2.816666666667,606.3773504638331,1397.0
scanId=169008,2.816666666667,606.391531285728,1430.0
scanId=169008,2.816666666667,606.4057121303395,1429.0
scanId=169008,2.816666666667,606.4198932838642,1236.0
scanId=169008,2.816666666667,607.3278274318651,1133.0
scanId=169008,2.816666666667,607.34201922067,1704.0
scanId=169008,2.816666666667,607.3562113179793,2024.0
scanId=169008,2.816666666667,607.3704034384261,2006.0
scanId=169008,2.816666666667,607.3845958673653,1808.0
scanId=169008,2.816666666667,607.3987883194542,1513.0
scanId=169008,2.816666666667,607.4129810800232,1186.0
scanId=169008,2.816666666667,608.3642689213043,1082.0
scanId=169008,2.816666666667,608.3784729572877,1117.0
scanId=169008,2.816666666667,608.3926770168558,1011.0
scanId=169008,2.816666666667,609.3163012619491,1165.0
scanId=169008,2.816666666667,609.3305162657127,1486.0
scanId=169008,2.816666666667,609.3447315771106,1580.0
scanId=169008,2.816666666667,609.3589469125163,1583.0
scanId=169008,2.816666666667,609.3731625555441,1580.0
scanId=169008,2.816666666667,609.3873782225924,1422.0
scanId=169008,2.816666666667,609.4015941972499,1197.0
scanId=169008,2.816666666667,609.4158101959404,1090.0
scanId=169008,2.816666666667,609.4300265022279,1003.0
scanId=169008,2.816666666667,610.3544374121102,1050.0
scanId=169008,2.816666666667,610.3686646621823,1331.0
scanId=169008,2.816666666667,610.382891936712,1477.0
scanId=169008,2.816666666667,610.3971195184138,1262.0
scanId=169008,2.816666666667,611.3507404201331,1219.0
scanId=169008,2.816666666667,611.3649792772494,1195.0
scanId=169008,2.816666666667,611.3792181592621,1077.0
scanId=169008,2.816666666667,612.3193556462478,1019.0
scanId=169008,2.816666666667,612.3336057787785,2305.0
scanId=169008,2.816666666667,612.3478559366331,3959.0
scanId=169008,2.816666666667,612.3621064007937,4340.0
scanId=169008,2.816666666667,612.3763568902908,3657.0
scanId=169008,2.816666666667,612.3906076860812,2757.0
scanId=169008,2.816666666667,612.4048585072206,1997.0
scanId=169008,2.816666666667,612.4191096346409,1391.0
scanId=169008,2.816666666667,612.4333607874229,1011.0
scanId=169008,2.816666666667,612.8467184557103,2024.0
scanId=169008,2.816666666667,612.8609745831288,2656.0
scanId=169008,2.816666666667,612.8752310166265,2375.0
scanId=169008,2.816666666667,612.8894874756875,1763.0
scanId=169008,2.816666666667,612.903744240815,1259.0
scanId=169008,2.816666666667,613.3029990230441,1269.0
scanId=169008,2.816666666667,613.3172604567419,1873.0
scanId=169008,2.816666666667,613.3315221963169,2775.0
scanId=169008,2.816666666667,613.3457839616572,3166.0
scanId=169008,2.816666666667,613.3600460328622,3007.0
scanId=169008,2.816666666667,613.374308129845,2548.0
scanId=169008,2.816666666667,613.3885705326796,1956.0
scanId=169008,2.816666666667,613.4028329613049,1373.0
scanId=169008,2.816666666667,614.315977775806,1019.0
scanId=169008,2.816666666667,614.3302511224254,1549.0
scanId=169008,2.816666666667,614.3445244952526,1839.0
scanId=169008,2.816666666667,614.3587981735017,1885.0
scanId=169008,2.816666666667,614.3730718779715,1644.0
scanId=169008,2.816666666667,614.3873458878504,1254.0
scanId=169008,2.816666666667,615.3155076034866,1041.0
scanId=169008,2.816666666667,615.3297925571503,1922.0
scanId=169008,2.816666666667,615.344077537466,3020.0
scanId=169008,2.816666666667,615.3583628227593,3710.0
scanId=169008,2.816666666667,615.3726481347175,3794.0
scanId=169008,2.816666666667,615.3869337516408,3320.0
scanId=169008,2.816666666667,615.4012193952414,2682.0
scanId=169008,2.816666666667,615.4155053437944,2210.0
scanId=169008,2.816666666667,615.4297913190377,1912.0
scanId=169008,2.816666666667,615.4440775992206,1735.0
scanId=169008,2.816666666667,615.4583639061063,1412.0
scanId=169008,2.816666666667,616.3158499398305,1241.0
scanId=169008,2.816666666667,616.3301465005384,1657.0
scanId=169008,2.816666666667,616.3444430883436,1977.0
scanId=169008,2.816666666667,616.3587399806813,2199.0
scanId=169008,2.816666666667,616.373036900129,2256.0
scanId=169008,2.816666666667,616.3873341240967,1974.0
scanId=169008,2.816666666667,616.4016313751872,1507.0
scanId=169008,2.816666666667,616.4159289307845,1139.0
scanId=169008,2.816666666667,617.3026969212303,1581.0
scanId=169008,2.816666666667,617.3170047848839,3542.0
scanId=169008,2.816666666667,617.331312952636,6458.0
scanId=169008,2.816666666667,617.3456211479323,9271.0
scanId=169008,2.816666666667,617.3599296473143,11463.0
scanId=169008,2.816666666667,617.374238174253,13931.0
scanId=169008,2.816666666667,617.3885470052649,14835.0
scanId=169008,2.816666666667,617.4028558638462,12944.0
scanId=169008,2.816666666667,617.4171650264879,9822.0
scanId=169008,2.816666666667,617.4314742167119,6976.0
scanId=169008,2.816666666667,617.4457837109835,4846.0
scanId=169008,2.816666666667,617.4600932328501,3345.0
scanId=169008,2.816666666667,617.4744030587515,2325.0
scanId=169008,2.816666666667,617.4887129122608,1720.0
scanId=169008,2.816666666667,617.5030230697919,1508.0
scanId=169008,2.816666666667,617.5173332549438,1466.0
scanId=169008,2.816666666667,617.5316437441047,1267.0
scanId=169008,2.816666666667,618.304652667547,1104.0
scanId=169008,2.816666666667,618.3189721386927,2211.0
scanId=169008,2.816666666667,618.3332919134891,3474.0
scanId=169008,2.816666666667,618.3476117162776,4562.0
scanId=169008,2.816666666667,618.3619318227039,5934.0
scanId=169008,2.816666666667,618.3762519571351,7345.0
scanId=169008,2.816666666667,618.3905723951912,7697.0
scanId=169008,2.816666666667,618.4048928612649,6436.0
scanId=169008,2.816666666667,618.4192136309508,4716.0
scanId=169008,2.816666666667,618.4335344286673,3419.0
scanId=169008,2.816666666667,618.4478555299829,2526.0
scanId=169008,2.816666666667,618.462176659342,1805.0
scanId=169008,2.816666666667,618.4764980922876,1283.0
scanId=169008,2.816666666667,619.3217520013029,1928.0
scanId=169008,2.816666666667,619.3360833831437,4253.0
scanId=169008,2.816666666667,619.3504147934258,7204.0
scanId=169008,2.816666666667,619.3647465068963,8203.0
scanId=169008,2.816666666667,619.379078248821,7429.0
scanId=169008,2.816666666667,619.3934102939213,6247.0
scanId=169008,2.816666666667,619.4077423674886,5275.0
scanId=169008,2.816666666667,619.422074744219,4426.0
scanId=169008,2.816666666667,619.4364071494291,3429.0
scanId=169008,2.816666666667,619.4507398577891,2537.0
scanId=169008,2.816666666667,619.4650725946419,1841.0
scanId=169008,2.816666666667,619.4794056346318,1309.0
scanId=169008,2.816666666667,620.3396873616451,1993.0
scanId=169008,2.816666666667,620.354030379422,2878.0
scanId=169008,2.816666666667,620.3683736999368,2898.0
scanId=169008,2.816666666667,620.3827170493564,2422.0
scanId=169008,2.816666666667,620.397060701501,1981.0
scanId=169008,2.816666666667,620.4114043825633,1679.0
scanId=169008,2.816666666667,620.4257483663379,1448.0
scanId=169008,2.816666666667,620.4400923790429,1152.0
scanId=169008,2.816666666667,621.3297492531094,1627.0
scanId=169008,2.816666666667,621.3441038490386,2220.0
scanId=169008,2.816666666667,621.3584584743118,2149.0
scanId=169008,2.816666666667,621.3728134018708,2026.0
scanId=169008,2.816666666667,621.3871683587865,1914.0
scanId=169008,2.816666666667,621.4015236179756,1766.0
scanId=169008,2.816666666667,621.4158789065342,1513.0
scanId=169008,2.816666666667,621.430234497353,1214.0
scanId=169008,2.816666666667,622.3636990781401,1032.0
scanId=169008,2.816666666667,623.2978643766669,2445.0
scanId=169008,2.816666666667,623.3122415536506,5271.0
scanId=169008,2.816666666667,623.3266190320385,7169.0
scanId=169008,2.816666666667,623.3409965406648,7000.0
scanId=169008,2.816666666667,623.3553743506826,5549.0
scanId=169008,2.816666666667,623.369752190952,4015.0
scanId=169008,2.816666666667,623.3841303325996,2774.0
scanId=169008,2.816666666667,623.3985085045118,1964.0
scanId=169008,2.816666666667,623.4128869777893,1449.0
scanId=169008,2.816666666667,623.4272654813441,1066.0
scanId=169008,2.816666666667,624.3046719619185,1736.0
scanId=169008,2.816666666667,624.319060746402,3341.0
scanId=169008,2.816666666667,624.3334498318342,4343.0
scanId=169008,2.816666666667,624.3478389479606,4086.0
scanId=169008,2.816666666667,624.3622283650226,3370.0
scanId=169008,2.816666666667,624.3766178127919,2679.0
scanId=169008,2.816666666667,624.3910075614838,1944.0
scanId=169008,2.816666666667,624.4053973408959,1355.0
scanId=169008,2.816666666667,625.3122920562386,1461.0
scanId=169008,2.816666666667,625.3266924482232,2441.0
scanId=169008,2.816666666667,625.3410931406996,3196.0
scanId=169008,2.816666666667,625.3554938643274,3277.0
scanId=169008,2.816666666667,625.3698948884337,2831.0
scanId=169008,2.816666666667,625.3842959437042,2337.0
scanId=169008,2.816666666667,625.3986972994404,1771.0
scanId=169008,2.816666666667,625.4130986863538,1246.0
scanId=169008,2.816666666667,625.8308130572713,1043.0
scanId=169008,2.816666666667,625.8452194188285,1315.0
scanId=169008,2.816666666667,625.8596260806421,1236.0
scanId=169008,2.816666666667,626.3207246596714,1264.0
scanId=169008,2.816666666667,626.3351366591585,1693.0
scanId=169008,2.816666666667,626.3495489586793,1814.0
scanId=169008,2.816666666667,626.3639612898094,1645.0
scanId=169008,2.816666666667,626.3783739209599,1324.0
scanId=169008,2.816666666667,626.3927865837329,1207.0
scanId=169008,2.816666666667,626.4071995465134,1013.0
scanId=169008,2.816666666667,627.3155461973256,1242.0
scanId=169008,2.816666666667,627.3299697722608,1868.0
scanId=169008,2.816666666667,627.3443933792518,2409.0
scanId=169008,2.816666666667,627.3588172858168,2435.0
scanId=169008,2.816666666667,627.3732412244506,1954.0
scanId=169008,2.816666666667,627.3876654626455,1462.0
scanId=169008,2.816666666667,627.4020897329223,1191.0
scanId=169008,2.816666666667,627.8493264970091,1067.0
scanId=169008,2.816666666667,627.8637560735737,1014.0
scanId=169008,2.816666666667,628.3255922120711,1020.0
scanId=169008,2.816666666667,628.3400273940506,1414.0
scanId=169008,2.816666666667,628.3544626085464,1594.0
scanId=169008,2.816666666667,628.3688981221558,1462.0
scanId=169008,2.816666666667,628.3833336682945,1244.0
scanId=169008,2.816666666667,628.3977695135337,1035.0
scanId=169008,2.816666666667,629.3364507360606,1104.0
scanId=169008,2.816666666667,629.3508975250843,1236.0
scanId=169008,2.816666666667,629.3653443470863,1394.0
scanId=169008,2.816666666667,629.3797914677399,1303.0
scanId=169008,2.816666666667,629.3942386213848,1024.0
scanId=169008,2.816666666667,629.4664772753439,1449.0
scanId=169008,2.816666666667,629.4809254239182,1764.0
scanId=169008,2.816666666667,629.4953738710911,1681.0
scanId=169008,2.816666666667,629.5098223513083,1335.0
scanId=169008,2.816666666667,631.3461356065679,1182.0
scanId=169008,2.816666666667,631.3606053119429,1583.0
scanId=169008,2.816666666667,631.3750753150553,1824.0
scanId=169008,2.816666666667,631.3895453520732,1799.0
scanId=169008,2.816666666667,631.4040156868153,1587.0
scanId=169008,2.816666666667,631.4184860554765,1261.0
scanId=169008,2.816666666667,631.4329567218485,1021.0
scanId=169008,2.816666666667,631.4474274221527,1229.0
scanId=169008,2.816666666667,631.4618984201545,1644.0
scanId=169008,2.816666666667,631.4763694521022,1987.0
scanId=169008,2.816666666667,631.4908407817338,2167.0
scanId=169008,2.816666666667,631.5053121453243,2040.0
scanId=169008,2.816666666667,631.5197838065858,1711.0
scanId=169008,2.816666666667,631.5342555018193,1315.0
scanId=169008,2.816666666667,631.5487274947106,1066.0
scanId=169008,2.816666666667,632.3304577912685,1019.0
scanId=169008,2.816666666667,632.3449387725101,1505.0
scanId=169008,2.816666666667,632.3594200510369,2340.0
scanId=169008,2.816666666667,632.3739013639215,2686.0
scanId=169008,2.816666666667,632.3883829740784,2308.0
scanId=169008,2.816666666667,632.4028646186061,1700.0
scanId=169008,2.816666666667,632.4173465603926,1211.0
scanId=169008,2.816666666667,632.5042412989734,1024.0
scanId=169008,2.816666666667,633.3300389766549,1028.0
scanId=169008,2.816666666667,633.3445315305961,1802.0
scanId=169008,2.816666666667,633.3590241193486,2654.0
scanId=169008,2.816666666667,633.3735170049197,3313.0
scanId=169008,2.816666666667,633.3880099253154,3359.0
scanId=169008,2.816666666667,633.4025031425163,2780.0
scanId=169008,2.816666666667,633.4169963945551,2278.0
scanId=169008,2.816666666667,633.4314899433858,1853.0
scanId=169008,2.816666666667,633.445983527068,1415.0
scanId=169008,2.816666666667,633.4604774075287,1176.0
scanId=169008,2.816666666667,633.474971322854,1191.0
scanId=169008,2.816666666667,633.4894655349443,1497.0
scanId=169008,2.816666666667,633.503959781913,1704.0
scanId=169008,2.816666666667,633.5184543256331,1525.0
scanId=169008,2.816666666667,633.5329489042447,1263.0
scanId=169008,2.816666666667,633.5474437795948,1006.0
scanId=169008,2.816666666667,634.3304097537715,1256.0
scanId=169008,2.816666666667,634.344913618393,1446.0
scanId=169008,2.816666666667,634.3594177793784,1719.0
scanId=169008,2.816666666667,634.3739219756432,1950.0
scanId=169008,2.816666666667,634.3884264682587,1967.0
scanId=169008,2.816666666667,634.4029309961667,1751.0
scanId=169008,2.816666666667,634.4174358204118,1438.0
scanId=169008,2.816666666667,634.431940679963,1185.0
scanId=169008,2.816666666667,634.446445835838,1115.0
scanId=169008,2.816666666667,634.4609510270323,1021.0
scanId=169008,2.816666666667,635.3460852974933,1207.0
scanId=169008,2.816666666667,635.3606007696281,1671.0
scanId=169008,2.816666666667,635.3751165376578,2074.0
scanId=169008,2.816666666667,635.389632341436,2438.0
scanId=169008,2.816666666667,635.4041484410956,2516.0
scanId=169008,2.816666666667,635.4186645765169,2304.0
scanId=169008,2.816666666667,635.4331810078063,1975.0
scanId=169008,2.816666666667,635.447697474871,1575.0
scanId=169008,2.816666666667,635.4622142377905,1232.0
scanId=169008,2.816666666667,636.3044664311249,1011.0
scanId=169008,2.816666666667,636.3189928474877,2062.0
scanId=169008,2.816666666667,636.3335195593021,3541.0
scanId=169008,2.816666666667,636.3480463073082,4997.0
scanId=169008,2.816666666667,636.3625733507523,5360.0
scanId=169008,2.816666666667,636.3771004304019,4914.0
scanId=169008,2.816666666667,636.391627805476,4190.0
scanId=169008,2.816666666667,636.4061552167686,3259.0
scanId=169008,2.816666666667,636.4206829234726,2479.0
scanId=169008,2.816666666667,636.4352106664085,1950.0
scanId=169008,2.816666666667,636.4497387047422,1566.0
scanId=169008,2.816666666667,636.4642667793215,1216.0
scanId=169008,2.816666666667,636.8129918695821,1086.0
scanId=169008,2.816666666667,636.8275242191037,1981.0
scanId=169008,2.816666666667,636.842056605046,3265.0
scanId=169008,2.816666666667,636.8565892861974,3808.0
scanId=169008,2.816666666667,636.871122003783,3269.0
scanId=169008,2.816666666667,636.8856550165642,2433.0
scanId=169008,2.816666666667,636.9001880657929,1820.0
scanId=169008,2.816666666667,636.914721410204,1308.0
scanId=169008,2.816666666667,637.3217205648433,1236.0
scanId=169008,2.816666666667,637.3362585887218,2089.0
scanId=169008,2.816666666667,637.3507969075804,2907.0
scanId=169008,2.816666666667,637.3653352631022,3545.0
scanId=169008,2.816666666667,637.3798739135907,3581.0
scanId=169008,2.816666666667,637.3944126007559,3117.0
scanId=169008,2.816666666667,637.4089515828742,2562.0
scanId=169008,2.816666666667,637.4234906016826,2141.0
scanId=169008,2.816666666667,637.4380299154308,1896.0
scanId=169008,2.816666666667,637.4525692658827,1524.0
scanId=169008,2.816666666667,637.4671089112608,1159.0
scanId=169008,2.816666666667,637.8742844965603,1050.0
scanId=169008,2.816666666667,638.3543368395749,1041.0
scanId=169008,2.816666666667,638.3688867654778,1182.0
scanId=169008,2.816666666667,638.3834367285167,1119.0
scanId=169008,2.816666666667,639.3004228072735,1626.0
scanId=169008,2.816666666667,639.3149833829003,2144.0
scanId=169008,2.816666666667,639.3295442525879,2274.0
scanId=169008,2.816666666667,639.3441051598578,2491.0
scanId=169008,2.816666666667,639.3586663611751,2940.0
scanId=169008,2.816666666667,639.3732276000885,3565.0
scanId=169008,2.816666666667,639.3877891330357,4018.0
scanId=169008,2.816666666667,639.4023507035923,3842.0
scanId=169008,2.816666666667,639.4169125681694,3180.0
scanId=169008,2.816666666667,639.4314744703695,2296.0
scanId=169008,2.816666666667,639.4460366665764,1573.0
scanId=169008,2.816666666667,639.4605989004201,1137.0
scanId=169008,2.816666666667,640.3346402239879,1007.0
scanId=169008,2.816666666667,640.3492127007197,1187.0
scanId=169008,2.816666666667,640.3637852155089,1590.0
scanId=169008,2.816666666667,640.3783580238705,1836.0
scanId=169008,2.816666666667,640.3929308703032,1894.0
scanId=169008,2.816666666667,640.4075040102947,1880.0
scanId=169008,2.816666666667,640.4220771883705,1623.0
scanId=169008,2.816666666667,640.4366506599919,1203.0
scanId=169008,2.816666666667,641.2530261404628,1068.0
scanId=169008,2.816666666667,641.2676089361984,1172.0
scanId=169008,2.816666666667,641.2821920250849,1318.0
scanId=169008,2.816666666667,641.296775152464,1527.0
scanId=169008,2.816666666667,641.3113585729806,1829.0
scanId=169008,2.816666666667,641.325942032003,2287.0
scanId=169008,2.816666666667,641.3405257841492,3563.0
scanId=169008,2.816666666667,641.3551095748153,6210.0
scanId=169008,2.816666666667,641.3696936585914,8578.0
scanId=169008,2.816666666667,641.3842777809007,8513.0
scanId=169008,2.816666666667,641.3988621963067,6799.0
scanId=169008,2.816666666667,641.4134466502595,4984.0
scanId=169008,2.816666666667,641.4280313972953,3408.0
scanId=169008,2.816666666667,641.4426161828915,2296.0
scanId=169008,2.816666666667,641.4572012615571,1579.0
scanId=169008,2.816666666667,641.4717863787971,1150.0
scanId=169008,2.816666666667,642.3326056115004,1090.0
scanId=169008,2.816666666667,642.3472006780443,1758.0
scanId=169008,2.816666666667,642.3617960372347,3019.0
scanId=169008,2.816666666667,642.3763914354222,3945.0
scanId=169008,2.816666666667,642.3909871262427,3838.0
scanId=169008,2.816666666667,642.4055828560736,3036.0
scanId=169008,2.816666666667,642.4201788785238,2248.0
scanId=169008,2.816666666667,642.4347749399981,1690.0
scanId=169008,2.816666666667,642.4493712940781,1312.0
scanId=169008,2.816666666667,643.3400585252331,1423.0
scanId=169008,2.816666666667,643.3546651598381,2317.0
scanId=169008,2.816666666667,643.3692718339045,3162.0
scanId=169008,2.816666666667,643.3838788001393,3353.0
scanId=169008,2.816666666667,643.3984858058493,2853.0
scanId=169008,2.816666666667,643.4130931037139,2228.0
scanId=169008,2.816666666667,643.4277004410674,1823.0
scanId=169008,2.816666666667,643.4423080705619,1504.0
scanId=169008,2.816666666667,643.4569157395588,1272.0
scanId=169008,2.816666666667,643.4715237006833,1152.0
scanId=169008,2.816666666667,644.3336831164182,1403.0
scanId=169008,2.816666666667,644.3483010264376,1662.0
scanId=169008,2.816666666667,644.3629189763841,1879.0
scanId=169008,2.816666666667,644.3775372180334,2205.0
scanId=169008,2.816666666667,644.3921554996235,2172.0
scanId=169008,2.816666666667,644.4067740729027,1916.0
scanId=169008,2.816666666667,644.4213926861363,1504.0
scanId=169008,2.816666666667,644.4360115910453,1260.0
scanId=169008,2.816666666667,644.4506305359224,1133.0
scanId=169008,2.816666666667,644.4652497724611,1120.0
scanId=169008,2.816666666667,644.4798690489819,1068.0
scanId=169008,2.816666666667,645.3280744516359,1359.0
scanId=169008,2.816666666667,645.3427036370699,2071.0
scanId=169008,2.816666666667,645.3573328628976,3064.0
scanId=169008,2.816666666667,645.3719623799614,3848.0
scanId=169008,2.816666666667,645.3865919374326,3841.0
scanId=169008,2.816666666667,645.4012217861261,3241.0
scanId=169008,2.816666666667,645.415851675241,2424.0
scanId=169008,2.816666666667,645.4304818555644,1820.0
scanId=169008,2.816666666667,645.4451120763229,1791.0
scanId=169008,2.816666666667,645.4597425882761,2149.0
scanId=169008,2.816666666667,645.474373140678,2445.0
scanId=169008,2.816666666667,645.4890039842612,2432.0
scanId=169008,2.816666666667,645.5036348683069,1958.0
scanId=169008,2.816666666667,645.5182660435197,1363.0
scanId=169008,2.816666666667,645.532897259209,1037.0
scanId=169008,2.816666666667,645.8548273351782,1040.0
scanId=169008,2.816666666667,645.8694624899492,1077.0
scanId=169008,2.816666666667,646.337872991771,1360.0
scanId=169008,2.816666666667,646.3525134934808,1928.0
scanId=169008,2.816666666667,646.367154285959,2414.0
scanId=169008,2.816666666667,646.3817951193125,2587.0
scanId=169008,2.816666666667,646.3964362434206,2283.0
scanId=169008,2.816666666667,646.4110774084178,1705.0
scanId=169008,2.816666666667,646.4257188641557,1421.0
scanId=169008,2.816666666667,646.4403603607965,1647.0
scanId=169008,2.816666666667,646.4550021481641,1815.0
scanId=169008,2.816666666667,646.4696439764487,1888.0
scanId=169008,2.816666666667,646.4842860954461,1767.0
scanId=169008,2.816666666667,646.498928255374,1365.0
scanId=169008,2.816666666667,647.3045059083645,1064.0
scanId=169008,2.816666666667,647.3191573543141,1767.0
scanId=169008,2.816666666667,647.3338090905769,2330.0
scanId=169008,2.816666666667,647.3484608681704,2761.0
scanId=169008,2.816666666667,647.363112936063,2793.0
scanId=169008,2.816666666667,647.3777650452998,2367.0
scanId=169008,2.816666666667,647.3924174448222,1834.0
scanId=169008,2.816666666667,647.4070698857026,1371.0
scanId=169008,2.816666666667,647.4217226168549,1046.0
scanId=169008,2.816666666667,647.4363753893792,1007.0
scanId=169008,2.816666666667,647.4510284521613,1487.0
scanId=169008,2.816666666667,647.4656815563291,2445.0
scanId=169008,2.816666666667,647.4803349507409,3358.0
scanId=169008,2.816666666667,647.4949883865524,3386.0
scanId=169008,2.816666666667,647.5096421125944,2763.0
scanId=169008,2.816666666667,647.5242958800496,2021.0
scanId=169008,2.816666666667,647.5389499377212,1457.0
scanId=169008,2.816666666667,647.5536040368199,1027.0
scanId=169008,2.816666666667,647.8320646690305,1421.0
scanId=169008,2.816666666667,647.8467220845658,2020.0
scanId=169008,2.816666666667,647.8613797901656,2034.0
scanId=169008,2.816666666667,647.8760375373446,1643.0
scanId=169008,2.816666666667,647.8906955745742,1266.0
scanId=169008,2.816666666667,648.3305119335237,1048.0
scanId=169008,2.816666666667,648.3451749870012,1048.0
scanId=169008,2.816666666667,648.3598383303082,1062.0
scanId=169008,2.816666666667,648.3745017154296,1077.0
scanId=169008,2.816666666667,648.3891653903664,1048.0
scanId=169008,2.816666666667,648.4918152618781,1462.0
scanId=169008,2.816666666667,648.5064802633343,1590.0
scanId=169008,2.816666666667,648.5211453066739,1284.0
scanId=169008,2.816666666667,649.3426558500095,1316.0
scanId=169008,2.816666666667,649.3573304687309,1606.0
scanId=169008,2.816666666667,649.3720051297379,1830.0
scanId=169008,2.816666666667,649.3866800800891,1804.0
scanId=169008,2.816666666667,649.4013550727396,1592.0
scanId=169008,2.816666666667,649.4160303547208,1450.0
scanId=169008,2.816666666667,649.4307056790147,1470.0
scanId=169008,2.816666666667,649.4453812926257,1408.0
scanId=169008,2.816666666667,649.4600569485636,1267.0
scanId=169008,2.816666666667,649.4747328938043,1714.0
scanId=169008,2.816666666667,649.489408881386,2507.0
scanId=169008,2.816666666667,649.5040851582565,2814.0
scanId=169008,2.816666666667,649.518761477482,2393.0
scanId=169008,2.816666666667,649.5334380859825,1707.0
scanId=169008,2.816666666667,649.5481147368514,1267.0
scanId=169008,2.816666666667,649.5627916769816,1001.0
scanId=169008,2.816666666667,650.3702752882596,1057.0
scanId=169008,2.816666666667,650.3849615140253,1050.0
scanId=169008,2.816666666667,650.3996477825623,1225.0
scanId=169008,2.816666666667,650.4143343399578,1334.0
scanId=169008,2.816666666667,650.4290209401386,1207.0
scanId=169008,2.816666666667,650.4730819816438,1069.0
scanId=169008,2.816666666667,650.4877692451118,1582.0
scanId=169008,2.816666666667,650.5024567973969,1840.0
scanId=169008,2.816666666667,650.5171443925088,1625.0
scanId=169008,2.816666666667,650.5318322764238,1206.0
scanId=169008,2.816666666667,651.3693121910303,1167.0
scanId=169008,2.816666666667,651.3840096922107,1387.0
scanId=169008,2.816666666667,651.3987072366351,1637.0
scanId=169008,2.816666666667,651.4134050694452,1582.0
scanId=169008,2.816666666667,651.4281029455134,1226.0
scanId=169008,2.816666666667,651.4428011099532,1021.0
scanId=169008,2.816666666667,652.3838246146795,1229.0
scanId=169008,2.816666666667,652.3985334349926,1394.0
scanId=169008,2.816666666667,652.413242543217,1240.0
scanId=169008,2.816666666667,653.3549664648992,1006.0
scanId=169008,2.816666666667,653.369686229458,1161.0
scanId=169008,2.816666666667,653.384406281467,1121.0
scanId=169008,2.816666666667,654.3415613289411,1051.0
scanId=169008,2.816666666667,654.356292324735,1566.0
scanId=169008,2.816666666667,654.3710233651843,2163.0
scanId=169008,2.816666666667,654.3857546926077,2231.0
scanId=169008,2.816666666667,654.4004860647009,1825.0
scanId=169008,2.816666666667,654.4152177237543,1288.0
scanId=169008,2.816666666667,655.3141587334736,1034.0
scanId=169008,2.816666666667,655.3289006730519,1461.0
scanId=169008,2.816666666667,655.3436426577489,1969.0
scanId=169008,2.816666666667,655.358384928957,2496.0
scanId=169008,2.816666666667,655.3731272452978,2942.0
scanId=169008,2.816666666667,655.3878698481358,2757.0
scanId=169008,2.816666666667,655.4026124961205,2371.0
scanId=169008,2.816666666667,655.4173554305883,1982.0
scanId=169008,2.816666666667,655.4320984102169,1465.0
scanId=169008,2.816666666667,655.4468416763148,1126.0
scanId=169008,2.816666666667,656.346490730977,1065.0
scanId=169008,2.816666666667,656.3612442775996,1455.0
scanId=169008,2.816666666667,656.3759978698332,1803.0
scanId=169008,2.816666666667,656.3907517480856,1766.0
scanId=169008,2.816666666667,656.4055056719628,1575.0
scanId=169008,2.816666666667,656.420259881845,1291.0
scanId=169008,2.816666666667,656.4350141373664,1019.0
scanId=169008,2.816666666667,656.8629614810893,1305.0
scanId=169008,2.816666666667,656.8777207112694,1448.0
scanId=169008,2.816666666667,656.8924802272289,1155.0
scanId=169008,2.816666666667,657.3353410121769,1759.0
scanId=169008,2.816666666667,657.3501055486598,4110.0
scanId=169008,2.816666666667,657.3648703706968,6501.0
scanId=169008,2.816666666667,657.3796352388239,7618.0
scanId=169008,2.816666666667,657.3944003924906,7907.0
scanId=169008,2.816666666667,657.4091655922615,8063.0
scanId=169008,2.816666666667,657.4239310775581,7421.0
scanId=169008,2.816666666667,657.438696608973,5709.0
scanId=169008,2.816666666667,657.4534624258995,3995.0
scanId=169008,2.816666666667,657.4682282889586,2787.0
scanId=169008,2.816666666667,657.4829944375149,1833.0
scanId=169008,2.816666666667,657.4977606322175,1182.0
scanId=169008,2.816666666667,658.3249355326317,1073.0
scanId=169008,2.816666666667,658.3397112984532,1777.0
scanId=169008,2.816666666667,658.3544871108307,2968.0
scanId=169008,2.816666666667,658.3692632082822,3840.0
scanId=169008,2.816666666667,658.3840393523036,4117.0
scanId=169008,2.816666666667,658.3988157813849,4067.0
scanId=169008,2.816666666667,658.4135922570506,3956.0
scanId=169008,2.816666666667,658.4283690177616,3455.0
scanId=169008,2.816666666667,658.443145825071,2571.0
scanId=169008,2.816666666667,658.457922917412,1884.0
scanId=169008,2.816666666667,658.4727000563655,1441.0
scanId=169008,2.816666666667,658.4874774803362,1111.0
scanId=169008,2.816666666667,659.3448483292502,1783.0
scanId=169008,2.816666666667,659.3596354175236,3509.0
scanId=169008,2.816666666667,659.3744227903894,6084.0
scanId=169008,2.816666666667,659.3892102103064,8103.0
scanId=169008,2.816666666667,659.4039979148021,7805.0
scanId=169008,2.816666666667,659.4187856663632,5964.0
scanId=169008,2.816666666667,659.4335737024887,4209.0
scanId=169008,2.816666666667,659.4483617856937,2988.0
scanId=169008,2.816666666667,659.4631501534491,2125.0
scanId=169008,2.816666666667,659.4779385682981,1562.0
scanId=169008,2.816666666667,659.4927272676833,1189.0
scanId=169008,2.816666666667,659.5075160141766,1008.0
scanId=169008,2.816666666667,660.3507521046017,1258.0
scanId=169008,2.816666666667,660.3655504687713,2611.0
scanId=169008,2.816666666667,660.3803491170517,4146.0
scanId=169008,2.816666666667,660.395147812865,4679.0
scanId=169008,2.816666666667,660.4099467927753,4022.0
scanId=169008,2.816666666667,660.4247458202328,2918.0
scanId=169008,2.816666666667,660.4395451317728,2116.0
scanId=169008,2.816666666667,660.4543444908746,1484.0
scanId=169008,2.816666666667,660.4691441340444,1056.0
scanId=169008,2.816666666667,661.3722322646072,1259.0
scanId=169008,2.816666666667,661.3870421883021,1650.0
scanId=169008,2.816666666667,661.4018521600132,1697.0
scanId=169008,2.816666666667,661.4166624153377,1566.0
scanId=169008,2.816666666667,661.4314727186928,1485.0
scanId=169008,2.816666666667,661.4462833056473,1362.0
scanId=169008,2.816666666667,661.4610939406464,1151.0
scanId=169008,2.816666666667,661.4759048592306,1057.0
scanId=169008,2.816666666667,662.4686101350421,1081.0
scanId=169008,2.816666666667,662.4834323290411,1085.0
scanId=169008,2.816666666667,663.3285680839323,1251.0
scanId=169008,2.816666666667,663.3433998951962,1918.0
scanId=169008,2.816666666667,663.3582317554169,2465.0
scanId=169008,2.816666666667,663.3730638983108,2592.0
scanId=169008,2.816666666667,663.3878960901754,2246.0
scanId=169008,2.816666666667,663.4027285646991,1819.0
scanId=169008,2.816666666667,663.4175610882079,1469.0
scanId=169008,2.816666666667,663.4323938943616,1477.0
scanId=169008,2.816666666667,663.4472267495146,1925.0
scanId=169008,2.816666666667,663.4620598872979,2267.0
scanId=169008,2.816666666667,663.476893074095,2407.0
scanId=169008,2.816666666667,663.4917265435081,2286.0
scanId=169008,2.816666666667,663.5065600619494,1860.0
scanId=169008,2.816666666667,663.5213938629923,1349.0
scanId=169008,2.816666666667,664.3226622066234,1036.0
scanId=169008,2.816666666667,664.3375050111001,1671.0
scanId=169008,2.816666666667,664.3523480977785,2218.0
scanId=169008,2.816666666667,664.3671912338997,2825.0
scanId=169008,2.816666666667,664.382034652208,3067.0
scanId=169008,2.816666666667,664.3968781199729,2746.0
scanId=169008,2.816666666667,664.4117218699109,2291.0
scanId=169008,2.816666666667,664.4265656693202,1859.0
scanId=169008,2.816666666667,664.4414097508882,1685.0
scanId=169008,2.816666666667,664.4562538819415,1719.0
scanId=169008,2.816666666667,664.4710982951392,1614.0
scanId=169008,2.816666666667,664.4859427578368,1360.0
scanId=169008,2.816666666667,664.5007875026644,1047.0
scanId=169008,2.816666666667,665.3175005721439,1095.0
scanId=169008,2.816666666667,665.332354602607,1753.0
scanId=169008,2.816666666667,665.347208682985,3526.0
scanId=169008,2.816666666667,665.3620630450778,5873.0
scanId=169008,2.816666666667,665.3769174571,7018.0
scanId=169008,2.816666666667,665.3917721508227,6361.0
scanId=169008,2.816666666667,665.406626894489,5267.0
scanId=169008,2.816666666667,665.4214819198415,4208.0
scanId=169008,2.816666666667,665.436336995152,3251.0
scanId=169008,2.816666666667,665.4511923521344,2665.0
scanId=169008,2.816666666667,665.4660477590891,2333.0
scanId=169008,2.816666666667,665.4809034477014,2137.0
scanId=169008,2.816666666667,665.4957591863002,1933.0
scanId=169008,2.816666666667,665.5106152065423,1600.0
scanId=169008,2.816666666667,665.5254712767854,1185.0
scanId=169008,2.816666666667,666.3428137433384,1303.0
scanId=169008,2.816666666667,666.3576790996186,2095.0
scanId=169008,2.816666666667,666.3725447371258,2637.0
scanId=169008,2.816666666667,666.3874104250502,2580.0
scanId=169008,2.816666666667,666.4022763941873,2257.0
scanId=169008,2.816666666667,666.417142413756,1867.0
scanId=169008,2.816666666667,666.4320087145229,1452.0
scanId=169008,2.816666666667,666.4468750657358,1028.0
scanId=169008,2.816666666667,667.3391630475578,1307.0
scanId=169008,2.816666666667,667.3540396288497,1842.0
scanId=169008,2.816666666667,667.3689162610332,2295.0
scanId=169008,2.816666666667,667.3837931739549,2363.0
scanId=169008,2.816666666667,667.3986701377825,2105.0
scanId=169008,2.816666666667,667.413547382334,1785.0
scanId=169008,2.816666666667,667.4284246778057,1378.0
scanId=169008,2.816666666667,667.4433022539871,1120.0
scanId=169008,2.816666666667,669.3638925022183,1003.0
scanId=169008,2.816666666667,669.3787916343391,1069.0
scanId=169008,2.816666666667,669.3936908183314,1047.0
scanId=169008,2.816666666667,671.3469251083802,1087.0
scanId=169008,2.816666666667,671.3618461808964,1448.0
scanId=169008,2.816666666667,671.3767675322161,1610.0
scanId=169008,2.816666666667,671.3916889363768,1578.0
scanId=169008,2.816666666667,671.4066106193264,1420.0
scanId=169008,2.816666666667,671.4215323551314,1193.0
scanId=169008,2.816666666667,672.376871964043,1115.0
scanId=169008,2.816666666667,672.3918045907772,1223.0
scanId=169008,2.816666666667,672.4067372708455,1365.0
scanId=169008,2.816666666667,672.4216702292096,1257.0
scanId=169008,2.816666666667,672.4366032409223,1009.0
scanId=169008,2.816666666667,673.3627772973047,1096.0
scanId=169008,2.816666666667,673.3777208678235,1326.0
scanId=169008,2.816666666667,673.392664492156,1908.0
scanId=169008,2.816666666667,673.4076083943047,2288.0
scanId=169008,2.816666666667,673.4225523502815,2202.0
scanId=169008,2.816666666667,673.43749658406,1845.0
scanId=169008,2.816666666667,673.4524408716812,1349.0
scanId=169008,2.816666666667,673.4673854370895,1013.0
scanId=169008,2.816666666667,674.3793140190908,1123.0
scanId=169008,2.816666666667,674.3942688650241,1391.0
scanId=169008,2.816666666667,674.4092237652659,1602.0
scanId=169008,2.816666666667,674.424178942829,1500.0
scanId=169008,2.816666666667,674.4391341747153,1133.0
scanId=169008,2.816666666667,675.3517203388142,1171.0
scanId=169008,2.816666666667,675.3666858516775,1762.0
scanId=169008,2.816666666667,675.3816516413955,2129.0
scanId=169008,2.816666666667,675.3966174859032,2069.0
scanId=169008,2.816666666667,675.411583607251,1941.0
scanId=169008,2.816666666667,675.4265497834034,1928.0
scanId=169008,2.816666666667,675.441516236381,1748.0
scanId=169008,2.816666666667,675.4564827441776,1498.0
scanId=169008,2.816666666667,675.471449528785,1180.0
scanId=169008,2.816666666667,676.3847335122211,1122.0
scanId=169008,2.816666666667,676.3997105773535,1069.0
scanId=169008,2.816666666667,676.4296650945347,1170.0
scanId=169008,2.816666666667,676.4446425465982,1274.0
scanId=169008,2.816666666667,676.4596202749901,1065.0
scanId=169008,2.816666666667,677.373571844247,1032.0
scanId=169008,2.816666666667,677.3885598531639,1070.0
scanId=169008,2.816666666667,677.4035479178503,1131.0
scanId=169008,2.816666666667,677.4185362583971,1090.0
scanId=169008,2.816666666667,678.4081297279956,1033.0
scanId=169008,2.816666666667,679.3384058039511,1320.0
scanId=169008,2.816666666667,679.3534154255308,1445.0
scanId=169008,2.816666666667,679.3684253220168,1497.0
scanId=169008,2.816666666667,679.3834352752411,1785.0
scanId=169008,2.816666666667,679.3984455033572,1937.0
scanId=169008,2.816666666667,679.4134557882257,1904.0
scanId=169008,2.816666666667,679.4284663479716,1762.0
scanId=169008,2.816666666667,679.4434769644848,1530.0
scanId=169008,2.816666666667,679.4584878558604,1467.0
scanId=169008,2.816666666667,679.4734988040182,1456.0
scanId=169008,2.816666666667,679.4885100270236,1211.0
scanId=169008,2.816666666667,680.3594415151136,1135.0
scanId=169008,2.816666666667,680.3744624126077,1310.0
scanId=169008,2.816666666667,680.3894835845083,1342.0
scanId=169008,2.816666666667,680.404504813647,1252.0
scanId=169008,2.816666666667,680.4195263171774,1158.0
scanId=169008,2.816666666667,680.4345478779607,1161.0
scanId=169008,2.816666666667,680.4495697131209,1100.0
scanId=169008,2.816666666667,681.3511800140258,1511.0
scanId=169008,2.816666666667,681.3662118557908,2193.0
scanId=169008,2.816666666667,681.381243971476,2168.0
scanId=169008,2.816666666667,681.3962761448856,2208.0
scanId=169008,2.816666666667,681.4113085922006,2441.0
scanId=169008,2.816666666667,681.4263410972547,2257.0
scanId=169008,2.816666666667,681.4413738761996,1958.0
scanId=169008,2.816666666667,681.4564067128986,2369.0
scanId=169008,2.816666666667,681.4714398234732,3996.0
scanId=169008,2.816666666667,681.4864729918165,5536.0
scanId=169008,2.816666666667,681.501506434021,5608.0
scanId=169008,2.816666666667,681.5165399340091,4610.0
scanId=169008,2.816666666667,681.5315737078434,3379.0
scanId=169008,2.816666666667,681.5466075394759,2364.0
scanId=169008,2.816666666667,681.5616416449401,1576.0
scanId=169008,2.816666666667,681.5766758082171,1087.0
scanId=169008,2.816666666667,682.3586836048171,1081.0
scanId=169008,2.816666666667,682.3737266642868,1445.0
scanId=169008,2.816666666667,682.388769781968,1551.0
scanId=169008,2.816666666667,682.4038131730675,1511.0
scanId=169008,2.816666666667,682.4188566223936,1332.0
scanId=169008,2.816666666667,682.4339003451231,1085.0
scanId=169008,2.816666666667,682.4639881804529,1059.0
scanId=169008,2.816666666667,682.4790322930679,1534.0
scanId=169008,2.816666666667,682.494076679057,2121.0
scanId=169008,2.816666666667,682.5091211233167,2075.0
scanId=169008,2.816666666667,682.5241658409357,1705.0
scanId=169008,2.816666666667,682.5392106168399,1298.0
scanId=169008,2.816666666667,683.3368239294035,1029.0
scanId=169008,2.816666666667,683.3518776597125,1395.0
scanId=169008,2.816666666667,683.366931662967,1763.0
scanId=169008,2.816666666667,683.3819857249207,2193.0
scanId=169008,2.816666666667,683.3970400598049,2472.0
scanId=169008,2.816666666667,683.4120944534034,2679.0
scanId=169008,2.816666666667,683.4271491199174,2608.0
scanId=169008,2.816666666667,683.4422038451604,2202.0
scanId=169008,2.816666666667,683.4572588433042,1736.0
scanId=169008,2.816666666667,683.4723139001918,1283.0
scanId=169008,2.816666666667,683.4873692299656,1111.0
scanId=169008,2.816666666667,683.5024246184978,1070.0
scanId=169008,2.816666666667,684.3909892524385,1026.0
scanId=169008,2.816666666667,684.4060545903102,1267.0
scanId=169008,2.816666666667,684.4211202006088,1577.0
scanId=169008,2.816666666667,684.436185870125,1646.0
scanId=169008,2.816666666667,684.4512518120534,1353.0
scanId=169008,2.816666666667,685.3555085780399,1146.0
scanId=169008,2.816666666667,685.3705845285409,1746.0
scanId=169008,2.816666666667,685.3856607509944,2735.0
scanId=169008,2.816666666667,685.40073703314,4382.0
scanId=169008,2.816666666667,685.4158135872233,5896.0
scanId=169008,2.816666666667,685.4308902010135,6113.0
scanId=169008,2.816666666667,685.4459670867269,5245.0
scanId=169008,2.816666666667,685.4610440321619,3757.0
scanId=169008,2.816666666667,685.4761212495049,2581.0
scanId=169008,2.816666666667,685.4911985265845,1818.0
scanId=169008,2.816666666667,685.5062760755573,1269.0
scanId=169008,2.816666666667,686.3659673892604,1339.0
scanId=169008,2.816666666667,686.3810545554984,1708.0
scanId=169008,2.816666666667,686.396141781919,2320.0
scanId=169008,2.816666666667,686.411229279787,3235.0
scanId=169008,2.816666666667,686.426316837852,3925.0
scanId=169008,2.816666666667,686.4414046673497,3935.0
scanId=169008,2.816666666667,686.4564925570597,3215.0
scanId=169008,2.816666666667,686.4715807181873,2456.0
scanId=169008,2.816666666667,686.4866689395419,1792.0
scanId=169008,2.816666666667,686.5017574322992,1292.0
scanId=169008,2.816666666667,686.5168459852986,1037.0
scanId=169008,2.816666666667,687.3318769385094,1576.0
scanId=169008,2.816666666667,687.3469747169022,2218.0
scanId=169008,2.816666666667,687.3620725559538,2274.0
scanId=169008,2.816666666667,687.3771706659765,2044.0
scanId=169008,2.816666666667,687.3922688366724,1745.0
scanId=169008,2.816666666667,687.407367278325,1628.0
scanId=169008,2.816666666667,687.4224657806658,1758.0
scanId=169008,2.816666666667,687.437564553948,1800.0
scanId=169008,2.816666666667,687.4526633879335,1514.0
scanId=169008,2.816666666667,687.4677624928457,1102.0
scanId=169008,2.816666666667,688.3589000286462,1283.0
scanId=169008,2.816666666667,688.3740090824534,1336.0
scanId=169008,2.816666666667,688.389118197426,1170.0
scanId=169008,2.816666666667,688.4042275828631,1153.0
scanId=169008,2.816666666667,688.4193370294802,1253.0
scanId=169008,2.816666666667,688.4344467465471,1187.0
scanId=169008,2.816666666667,689.3866898642046,1292.0
scanId=169008,2.816666666667,689.4018101934264,1349.0
scanId=169008,2.816666666667,689.4169305843208,1239.0
scanId=169008,2.816666666667,689.4320512451725,1058.0
scanId=169008,2.816666666667,690.384983837034,1008.0
scanId=169008,2.816666666667,690.4001151100405,1126.0
scanId=169008,2.816666666667,690.4152464452127,1041.0
scanId=169008,2.816666666667,691.3688581681326,1001.0
scanId=169008,2.816666666667,691.3840001159389,1108.0
scanId=169008,2.816666666667,691.3991423327298,1186.0
scanId=169008,2.816666666667,691.4142846121807,1166.0
scanId=169008,2.816666666667,692.3382804194717,1001.0
scanId=169008,2.816666666667,692.3534329799124,1044.0
scanId=169008,2.816666666667,692.3685858088581,1037.0
scanId=169008,2.816666666667,692.3837387009437,1162.0
scanId=169008,2.816666666667,692.3988918615192,1070.0
scanId=169008,2.816666666667,693.3993636964335,1264.0
scanId=169008,2.816666666667,693.414527864444,1418.0
scanId=169008,2.816666666667,693.429692300434,1436.0
scanId=169008,2.816666666667,693.4448568000896,1321.0
scanId=169008,2.816666666667,693.4600215677094,1248.0
scanId=169008,2.816666666667,693.4751863990097,1134.0
scanId=169008,2.816666666667,693.4903514982593,1071.0
scanId=169008,2.816666666667,693.5055166612044,1100.0
scanId=169008,2.816666666667,694.3702080087057,1095.0
scanId=169008,2.816666666667,694.3853827893523,1539.0
scanId=169008,2.816666666667,694.4005578374971,1829.0
scanId=169008,2.816666666667,694.4157329497887,1834.0
scanId=169008,2.816666666667,694.4309083295632,1721.0
scanId=169008,2.816666666667,694.4460837734996,1620.0
scanId=169008,2.816666666667,694.461259484904,1399.0
scanId=169008,2.816666666667,694.4764352604852,1074.0
scanId=169008,2.816666666667,695.3721025678768,1063.0
scanId=169008,2.816666666667,695.387288292805,1230.0
scanId=169008,2.816666666667,695.4024742847344,1092.0
scanId=169008,2.816666666667,695.4328466648666,1080.0
scanId=169008,2.816666666667,695.4480330530845,1089.0
scanId=169008,2.816666666667,696.3899161024551,1003.0
scanId=169008,2.816666666667,696.405113038169,1118.0
scanId=169008,2.816666666667,696.4203100390246,1076.0
scanId=169008,2.816666666667,696.4355073063683,1053.0
scanId=169008,2.816666666667,696.4507046388686,1038.0
scanId=169008,2.816666666667,697.3324365588769,1178.0
scanId=169008,2.816666666667,697.3476437751158,1639.0
scanId=169008,2.816666666667,697.3628510569644,2192.0
scanId=169008,2.816666666667,697.3780586048331,2802.0
scanId=169008,2.816666666667,697.3932662183267,3379.0
scanId=169008,2.816666666667,697.4084740978253,3614.0
scanId=169008,2.816666666667,697.4236820429638,3629.0
scanId=169008,2.816666666667,697.4388902540921,3379.0
scanId=169008,2.816666666667,697.4540985308756,2789.0
scanId=169008,2.816666666667,697.469307073634,2116.0
scanId=169008,2.816666666667,697.4845156820625,1554.0
scanId=169008,2.816666666667,697.4997245564505,1092.0
scanId=169008,2.816666666667,698.3821200826663,1138.0
scanId=169008,2.816666666667,698.3973386404438,1446.0
scanId=169008,2.816666666667,698.4125574637269,1492.0
scanId=169008,2.816666666667,698.4277763531494,1414.0
scanId=169008,2.816666666667,698.4429955080623,1302.0
scanId=169008,2.816666666667,698.4582147291297,1186.0
scanId=169008,2.816666666667,699.3716744313299,1406.0
scanId=169008,2.816666666667,699.3869038667677,2149.0
scanId=169008,2.816666666667,699.4021333688298,3111.0
scanId=169008,2.816666666667,699.4173631358975,3617.0
scanId=169008,2.816666666667,699.4325929696045,3062.0
scanId=169008,2.816666666667,699.447823068302,2199.0
scanId=169008,2.816666666667,699.4630532336538,1523.0
scanId=169008,2.816666666667,699.4782836639812,1138.0
scanId=169008,2.816666666667,700.3924099571609,1204.0
scanId=169008,2.816666666667,700.407650403508,1816.0
scanId=169008,2.816666666667,700.4228911143604,2422.0
scanId=169008,2.816666666667,700.4381318923524,2316.0
scanId=169008,2.816666666667,700.4533729348346,1820.0
scanId=169008,2.816666666667,700.4686140444718,1428.0
scanId=169008,2.816666666667,700.4838554185837,1165.0
scanId=169008,2.816666666667,701.3528849804965,1140.0
scanId=169008,2.816666666667,701.3681359718738,2003.0
scanId=169008,2.816666666667,701.3833870308616,2627.0
scanId=169008,2.816666666667,701.3986383538688,2565.0
scanId=169008,2.816666666667,701.4138897445017,2315.0
scanId=169008,2.816666666667,701.4291413991386,2150.0
scanId=169008,2.816666666667,701.4443931214167,1992.0
scanId=169008,2.816666666667,701.4596451076835,1781.0
scanId=169008,2.816666666667,701.4748971616065,1381.0
scanId=169008,2.816666666667,702.3598028516866,1058.0
scanId=169008,2.816666666667,702.3750647868485,1310.0
scanId=169008,2.816666666667,702.390326790123,1498.0
scanId=169008,2.816666666667,702.4055890569148,1615.0
scanId=169008,2.816666666667,702.4208513918343,1555.0
scanId=169008,2.816666666667,702.4361139902558,1497.0
scanId=169008,2.816666666667,702.4513766568205,1327.0
scanId=169008,2.816666666667,702.466639586872,1049.0
scanId=169008,2.816666666667,703.3674430292369,1076.0
scanId=169008,2.816666666667,703.3827159081834,1390.0
scanId=169008,2.816666666667,703.3979888557451,1690.0
scanId=169008,2.816666666667,703.4132620663214,1775.0
scanId=169008,2.816666666667,703.4285353455283,1723.0
scanId=169008,2.816666666667,703.4438088877346,1493.0
scanId=169008,2.816666666667,703.4590824985867,1227.0
scanId=169008,2.816666666667,703.4743563724227,1040.0
scanId=169008,2.816666666667,705.3695957990157,1599.0
scanId=169008,2.816666666667,705.3848903035091,2455.0
scanId=169008,2.816666666667,705.4001850700248,2875.0
scanId=169008,2.816666666667,705.4154799061632,2735.0
scanId=169008,2.816666666667,705.4307750043088,2138.0
scanId=169008,2.816666666667,705.4460701720922,1565.0
scanId=169008,2.816666666667,705.4613656018676,1117.0
scanId=169008,2.816666666667,706.3793919514934,1135.0
scanId=169008,2.816666666667,706.3946974002758,1649.0
scanId=169008,2.816666666667,706.4100031105762,1935.0
scanId=169008,2.816666666667,706.425308891004,1809.0
scanId=169008,2.816666666667,706.4406149329341,1387.0
scanId=169008,2.816666666667,706.4559210450069,1047.0
scanId=169008,2.816666666667,707.3286463059305,1322.0
scanId=169008,2.816666666667,707.3439620357128,1528.0
scanId=169008,2.816666666667,707.359278026538,1405.0
scanId=169008,2.816666666667,707.3745940879653,1241.0
scanId=169008,2.816666666667,707.3899104104204,1229.0
scanId=169008,2.816666666667,707.405226803493,1269.0
scanId=169008,2.816666666667,707.4205434575779,1265.0
scanId=169008,2.816666666667,707.4358601822955,1207.0
scanId=169008,2.816666666667,707.4511771680103,1188.0
scanId=169008,2.816666666667,707.4664942243732,1289.0
scanId=169008,2.816666666667,707.4818115417179,1219.0
scanId=169008,2.816666666667,707.4971289297259,1055.0
scanId=169008,2.816666666667,711.393127608913,1093.0
scanId=169008,2.816666666667,711.4084873748766,1188.0
scanId=169008,2.816666666667,711.4238472134705,1172.0
scanId=169008,2.816666666667,711.4392073110639,1103.0
scanId=169008,2.816666666667,713.4220442347731,1067.0
scanId=169008,2.816666666667,713.437425888306,1355.0
scanId=169008,2.816666666667,713.4528076154869,1356.0
scanId=169008,2.816666666667,713.4681896006496,1097.0
scanId=169008,2.816666666667,714.406801402075,1111.0
scanId=169008,2.816666666667,714.4221936677626,1103.0
scanId=169008,2.816666666667,714.4375860075927,1029.0
scanId=169008,2.816666666667,714.4529786049102,1012.0
scanId=169008,2.816666666667,715.3922377631137,1004.0
scanId=169008,2.816666666667,715.4076406409561,1274.0
scanId=169008,2.816666666667,715.4230435934361,1429.0
scanId=169008,2.816666666667,715.4384468029083,1494.0
scanId=169008,2.816666666667,715.4538500870337,1503.0
scanId=169008,2.816666666667,715.4692536281358,1481.0
scanId=169008,2.816666666667,715.4846572439064,1252.0
scanId=169008,2.816666666667,716.4554222446952,1055.0
scanId=169008,2.816666666667,716.4708364731163,1117.0
scanId=169008,2.816666666667,717.3651480664769,1119.0
scanId=169008,2.816666666667,717.3805721686289,1090.0
scanId=169008,2.816666666667,717.4268452896188,1048.0
scanId=169008,2.816666666667,717.4422700550303,1231.0
scanId=169008,2.816666666667,717.4576948961025,1030.0
scanId=169008,2.816666666667,718.3834915135784,1115.0
scanId=169008,2.816666666667,718.3989265595151,1209.0
scanId=169008,2.816666666667,718.4143616815935,1277.0
scanId=169008,2.816666666667,718.4297970591598,1304.0
scanId=169008,2.816666666667,718.4452325128834,1404.0
scanId=169008,2.816666666667,718.4606682220797,1479.0
scanId=169008,2.816666666667,718.4761040074487,1226.0
scanId=169008,2.816666666667,719.3716658745593,1156.0
scanId=169008,2.816666666667,719.3871115326506,1204.0
scanId=169008,2.816666666667,719.4025572673809,1084.0
scanId=169008,2.816666666667,720.3914320469996,1332.0
scanId=169008,2.816666666667,720.4068886488755,2083.0
scanId=169008,2.816666666667,720.422345327904,2487.0
scanId=169008,2.816666666667,720.4378022614098,2160.0
scanId=169008,2.816666666667,720.4532592720839,1577.0
scanId=169008,2.816666666667,720.4687165372194,1145.0
scanId=169008,2.816666666667,721.3964532344984,1006.0
scanId=169008,2.816666666667,721.4119205261802,1440.0
scanId=169008,2.816666666667,721.4273880718407,1615.0
scanId=169008,2.816666666667,721.4428556951681,1566.0
scanId=169008,2.816666666667,721.4583235724584,1380.0
scanId=169008,2.816666666667,721.4737915274311,1201.0
scanId=169008,2.816666666667,721.4892597363513,1080.0
scanId=169008,2.816666666667,722.3866970139886,1148.0
scanId=169008,2.816666666667,722.4021749183245,1336.0
scanId=169008,2.816666666667,722.4176530761397,1485.0
scanId=169008,2.816666666667,722.4331313121208,1583.0
scanId=169008,2.816666666667,722.448609801566,1558.0
scanId=169008,2.816666666667,722.4640883691927,1537.0
scanId=169008,2.816666666667,722.4795671902676,1638.0
scanId=169008,2.816666666667,722.4950460895399,1807.0
scanId=169008,2.816666666667,722.5105252422446,2088.0
scanId=169008,2.816666666667,722.5260044731622,2006.0
scanId=169008,2.816666666667,722.5414839574968,1524.0
scanId=169008,2.816666666667,722.5569635200599,1191.0
scanId=169008,2.816666666667,723.3621315490242,1227.0
scanId=169008,2.816666666667,723.3776199873644,1573.0
scanId=169008,2.816666666667,723.3931085043546,1876.0
scanId=169008,2.816666666667,723.4085972743246,1872.0
scanId=169008,2.816666666667,723.4240861229603,1779.0
scanId=169008,2.816666666667,723.4395752245601,1519.0
scanId=169008,2.816666666667,723.4550644048412,1497.0
scanId=169008,2.816666666667,723.4705538380712,1656.0
scanId=169008,2.816666666667,723.4860433499978,1736.0
scanId=169008,2.816666666667,723.5015331148574,1921.0
scanId=169008,2.816666666667,723.5170229584294,2053.0
scanId=169008,2.816666666667,723.5325130549187,1752.0
scanId=169008,2.816666666667,723.5480032301363,1244.0
scanId=169008,2.816666666667,724.3847212842884,1107.0
scanId=169008,2.816666666667,724.4002206664132,1221.0
scanId=169008,2.816666666667,724.4157201277039,1147.0
scanId=169008,2.816666666667,724.4312198414585,1040.0
scanId=169008,2.816666666667,725.3615035158429,1008.0
scanId=169008,2.816666666667,725.3770132581435,1205.0
scanId=169008,2.816666666667,725.3925232524231,1361.0
scanId=169008,2.816666666667,725.4080333263694,1546.0
scanId=169008,2.816666666667,725.4235436522788,1629.0
scanId=169008,2.816666666667,725.4390540578707,1461.0
scanId=169008,2.816666666667,725.45456471541,1351.0
scanId=169008,2.816666666667,725.4700754526473,1393.0
scanId=169008,2.816666666667,725.4855864418164,1313.0
scanId=169008,2.816666666667,725.5010975106991,1031.0
scanId=169008,2.816666666667,726.3544640709808,1047.0
scanId=169008,2.816666666667,726.3699844259377,1240.0
scanId=169008,2.816666666667,726.385505032372,1150.0
scanId=169008,2.816666666667,726.4320676752866,1028.0
scanId=169008,2.816666666667,726.4475889449806,1079.0
scanId=169008,2.816666666667,727.379166006277,1233.0
scanId=169008,2.816666666667,727.394697305536,1354.0
scanId=169008,2.816666666667,727.4102288557551,1428.0
scanId=169008,2.816666666667,727.4257604866597,1828.0
scanId=169008,2.816666666667,727.4412923685085,2227.0
scanId=169008,2.816666666667,727.4568243310586,2185.0
scanId=169008,2.816666666667,727.4723565445371,1747.0
scanId=169008,2.816666666667,727.4878888387326,1281.0
scanId=169008,2.816666666667,728.3890480860716,1256.0
scanId=169008,2.816666666667,728.4045902484455,1409.0
scanId=169008,2.816666666667,728.4201324920073,1365.0
scanId=169008,2.816666666667,728.4356749860108,1278.0
scanId=169008,2.816666666667,728.4512175612181,1331.0
scanId=169008,2.816666666667,728.4667603868514,1195.0
scanId=169008,2.816666666667,729.3685255360243,1140.0
scanId=169008,2.816666666667,729.3840780605985,1482.0
scanId=169008,2.816666666667,729.399630835127,1605.0
scanId=169008,2.816666666667,729.4151836913464,1738.0
scanId=169008,2.816666666667,729.4307367975048,2090.0
scanId=169008,2.816666666667,729.4462899853697,2104.0
scanId=169008,2.816666666667,729.4618434231579,1673.0
scanId=169008,2.816666666667,729.4773969426684,1226.0
scanId=169008,2.816666666667,730.3642240919007,1012.0
scanId=169008,2.816666666667,730.3797872291331,1127.0
scanId=169008,2.816666666667,730.3953506158163,1491.0
scanId=169008,2.816666666667,730.4109140846939,1800.0
scanId=169008,2.816666666667,730.426477803007,1823.0
scanId=169008,2.816666666667,730.4420416035302,1677.0
scanId=169008,2.816666666667,730.4576056534731,1536.0
scanId=169008,2.816666666667,730.4731697856421,1354.0
scanId=169008,2.816666666667,730.4887341672148,1085.0
scanId=169008,2.816666666667,731.3761755916922,1090.0
scanId=169008,2.816666666667,731.3917495905303,1224.0
scanId=169008,2.816666666667,731.4073236720667,1173.0
scanId=169008,2.816666666667,731.4228980025346,1040.0
scanId=169008,2.816666666667,731.4384724157165,1084.0
scanId=169008,2.816666666667,731.4540470778143,1211.0
scanId=169008,2.816666666667,731.4696218226419,1276.0
scanId=169008,2.816666666667,731.4851968163695,1166.0
scanId=169008,2.816666666667,733.4489675086401,1026.0
scanId=169008,2.816666666667,733.4645634787869,1085.0
scanId=169008,2.816666666667,735.3997539621404,1111.0
scanId=169008,2.816666666667,735.4153707412272,1377.0
scanId=169008,2.816666666667,735.4309876050497,1548.0
scanId=169008,2.816666666667,735.4466047157664,1472.0
scanId=169008,2.816666666667,735.4622219112345,1275.0
scanId=169008,2.816666666667,735.477839353581,1084.0
scanId=169008,2.816666666667,736.4151869111275,1063.0
scanId=169008,2.816666666667,736.4308143876111,1124.0
scanId=169008,2.816666666667,736.4464421104826,1074.0
scanId=169008,2.816666666667,736.4776979731134,1009.0
scanId=169008,2.816666666667,736.4933261128886,1985.0
scanId=169008,2.816666666667,736.5089544990198,4644.0
scanId=169008,2.816666666667,736.5245829704405,7825.0
scanId=169008,2.816666666667,736.5402116882015,8853.0
scanId=169008,2.816666666667,736.5558404912679,7301.0
scanId=169008,2.816666666667,736.5714695406587,5151.0
scanId=169008,2.816666666667,736.5870986753708,3638.0
scanId=169008,2.816666666667,736.6027280563915,2528.0
scanId=169008,2.816666666667,736.6183575227492,1633.0
scanId=169008,2.816666666667,736.6339872353998,1055.0
scanId=169008,2.816666666667,737.3844065142544,1167.0
scanId=169008,2.816666666667,737.400044271754,1229.0
scanId=169008,2.816666666667,737.4156822751505,1274.0
scanId=169008,2.816666666667,737.431320364296,1191.0
scanId=169008,2.816666666667,737.4469586993223,1034.0
scanId=169008,2.816666666667,737.4625971201135,1130.0
scanId=169008,2.816666666667,737.4782357867698,1205.0
scanId=169008,2.816666666667,737.4938745392067,1593.0
scanId=169008,2.816666666667,737.5095135374927,2619.0
scanId=169008,2.816666666667,737.5251526215752,3817.0
scanId=169008,2.816666666667,737.540791951491,4476.0
scanId=169008,2.816666666667,737.5564313672193,4414.0
scanId=169008,2.816666666667,737.5720710287649,3449.0
scanId=169008,2.816666666667,737.5877107761388,2325.0
scanId=169008,2.816666666667,737.6033507693143,1589.0
scanId=169008,2.816666666667,737.618990848334,1087.0
scanId=169008,2.816666666667,738.4168568333123,1022.0
scanId=169008,2.816666666667,738.4325055351201,1254.0
scanId=169008,2.816666666667,738.4481544823011,1290.0
scanId=169008,2.816666666667,738.4638035157546,1220.0
scanId=169008,2.816666666667,738.4794527945656,1193.0
scanId=169008,2.816666666667,738.495102159665,1348.0
scanId=169008,2.816666666667,738.5107517701057,1708.0
scanId=169008,2.816666666667,738.5264014668505,2209.0
scanId=169008,2.816666666667,738.5420514089211,2254.0
scanId=169008,2.816666666667,738.5577014373118,1815.0
scanId=169008,2.816666666667,738.5733517110122,1298.0
scanId=169008,2.816666666667,739.4343699000988,1028.0
scanId=169008,2.816666666667,739.4500294594346,1104.0
scanId=169008,2.816666666667,739.4656891055512,1103.0
scanId=169008,2.816666666667,739.4813489965169,1053.0
scanId=169008,2.816666666667,739.497008974279,1194.0
scanId=169008,2.816666666667,739.5126691968744,1325.0
scanId=169008,2.816666666667,739.5283295062821,1246.0
scanId=169008,2.816666666667,739.5439900605076,1004.0
scanId=169008,2.816666666667,741.4087752207693,1066.0
scanId=169008,2.816666666667,741.4244556727848,1374.0
scanId=169008,2.816666666667,741.4401362125824,1546.0
scanId=169008,2.816666666667,741.455816996228,1389.0
scanId=169008,2.816666666667,741.4714978676715,1099.0
scanId=169008,2.816666666667,742.3969651226697,1008.0
scanId=169008,2.816666666667,742.4126559434858,1278.0
scanId=169008,2.816666666667,742.428347007656,1371.0
scanId=169008,2.816666666667,742.444038160118,1213.0
scanId=169008,2.816666666667,742.4597295559183,1023.0
scanId=169008,2.816666666667,743.4015144269368,1312.0
scanId=169008,2.816666666667,743.4172158604176,1708.0
scanId=169008,2.816666666667,743.4329175367427,1800.0
scanId=169008,2.816666666667,743.4486193018695,1725.0
scanId=169008,2.816666666667,743.4643213098244,1467.0
scanId=169008,2.816666666667,743.4800234065968,1226.0
scanId=169008,2.816666666667,743.4957257461815,1001.0
scanId=169008,2.816666666667,744.406742925434,1025.0
scanId=169008,2.816666666667,744.42245497158,1291.0
scanId=169008,2.816666666667,744.4381672600598,1411.0
scanId=169008,2.816666666667,744.4538796378517,1232.0
scanId=169008,2.816666666667,745.3654834846303,1166.0
scanId=169008,2.816666666667,745.3812057220052,1769.0
scanId=169008,2.816666666667,745.396928049171,2199.0
scanId=169008,2.816666666667,745.4126506181758,2449.0
scanId=169008,2.816666666667,745.4283732769875,2395.0
scanId=169008,2.816666666667,745.444096177622,2067.0
scanId=169008,2.816666666667,745.4598191680795,1717.0
scanId=169008,2.816666666667,745.475542400344,1598.0
scanId=169008,2.816666666667,745.4912657224472,1531.0
scanId=169008,2.816666666667,745.5069892863415,1331.0
scanId=169008,2.816666666667,745.5227129400905,1147.0
scanId=169008,2.816666666667,745.5384368356146,1032.0
scanId=169008,2.816666666667,746.3877713841856,1004.0
scanId=169008,2.816666666667,746.4035043240175,1107.0
scanId=169008,2.816666666667,746.4192375051771,1170.0
scanId=169008,2.816666666667,746.4349707766547,1143.0
scanId=169008,2.816666666667,746.4507042894443,1108.0
scanId=169008,2.816666666667,746.4664378925677,1114.0
scanId=169008,2.816666666667,746.482171736987,1053.0
scanId=169008,2.816666666667,747.3950162406395,1216.0
scanId=169008,2.816666666667,747.4107597931378,1662.0
scanId=169008,2.816666666667,747.4265035864521,1750.0
scanId=169008,2.816666666667,747.4422474705964,1688.0
scanId=169008,2.816666666667,747.4579915955406,1656.0
scanId=169008,2.816666666667,747.4737358113308,1495.0
scanId=169008,2.816666666667,747.4894802679047,1155.0
scanId=169008,2.816666666667,749.3957788504312,1170.0
scanId=169008,2.816666666667,749.4115435364251,1160.0
scanId=169008,2.816666666667,749.4273083142577,1248.0
scanId=169008,2.816666666667,749.4430733318816,1258.0
scanId=169008,2.816666666667,749.4588384413604,1100.0
scanId=169008,2.816666666667,750.4050506776365,1025.0
scanId=169008,2.816666666667,750.4208259757852,1231.0
scanId=169008,2.816666666667,750.4366013662857,1261.0
scanId=169008,2.816666666667,750.4523769960645,1202.0
scanId=169008,2.816666666667,750.468152718211,1168.0
scanId=169008,2.816666666667,750.4839286796195,1115.0
scanId=169008,2.816666666667,751.415001699172,1060.0
scanId=169008,2.816666666667,751.4307876094755,1207.0
scanId=169008,2.816666666667,751.4465736126443,1188.0
scanId=169008,2.816666666667,751.4623598545779,1315.0
scanId=169008,2.816666666667,751.4781461893925,1516.0
scanId=169008,2.816666666667,751.4939327629558,1555.0
scanId=169008,2.816666666667,751.5097194294164,1366.0
scanId=169008,2.816666666667,751.5255063346094,1085.0
scanId=169008,2.816666666667,752.40983563086,1212.0
scanId=169008,2.816666666667,752.4256319150516,1421.0
scanId=169008,2.816666666667,752.4414284375098,1374.0
scanId=169008,2.816666666667,752.4572250533475,1278.0
scanId=169008,2.816666666667,752.4730219074357,1149.0
scanId=169008,2.816666666667,752.4888188549191,1086.0
scanId=169008,2.816666666667,753.38952106023,1052.0
scanId=169008,2.816666666667,753.4053276254449,1274.0
scanId=169008,2.816666666667,753.4211344284281,1590.0
scanId=169008,2.816666666667,753.4369413252889,1867.0
scanId=169008,2.816666666667,753.452748459902,1875.0
scanId=169008,2.816666666667,753.4685556884089,1685.0
scanId=169008,2.816666666667,753.4843631546518,1380.0
scanId=169008,2.816666666667,753.5001707148044,1079.0
scanId=169008,2.816666666667,755.3982860931808,1177.0
scanId=169008,2.816666666667,755.4141137888438,1462.0
scanId=169008,2.816666666667,755.429941579398,1522.0
scanId=169008,2.816666666667,755.4457696066909,1641.0
scanId=169008,2.816666666667,755.4615977288911,1603.0
scanId=169008,2.816666666667,755.4774260878139,1412.0
scanId=169008,2.816666666667,755.4932545416601,1184.0
scanId=169008,2.816666666667,756.4115906369221,1199.0
scanId=169008,2.816666666667,756.4274289447399,1401.0
scanId=169008,2.816666666667,756.4432673479645,1457.0
scanId=169008,2.816666666667,756.459105987412,1426.0
scanId=169008,2.816666666667,756.4749447222829,1246.0
scanId=169008,2.816666666667,756.4907836933603,1154.0
scanId=169008,2.816666666667,756.5066227598768,1099.0
scanId=169008,2.816666666667,757.4097256908244,1015.0
scanId=169008,2.816666666667,757.4255743750738,1070.0
scanId=169008,2.816666666667,757.4414232950463,1045.0
scanId=169008,2.816666666667,758.4243780107283,1101.0
scanId=169008,2.816666666667,758.440237307649,1222.0
scanId=169008,2.816666666667,758.4560968397763,1109.0
scanId=169008,2.816666666667,759.4079701344699,1062.0
scanId=169008,2.816666666667,759.4238397124161,1082.0
scanId=169008,2.816666666667,759.4714495789425,1029.0
scanId=169008,2.816666666667,761.4247375915228,1114.0
scanId=169008,2.816666666667,761.4406282968546,1197.0
scanId=169008,2.816666666667,761.4565191001451,1141.0
scanId=169008,2.816666666667,761.4724101371069,1057.0
scanId=169008,2.816666666667,762.4738775857141,1024.0
scanId=169008,2.816666666667,762.4897792348306,1031.0
scanId=169008,2.816666666667,762.5056809824399,1030.0
scanId=169008,2.816666666667,763.4123566471455,1169.0
scanId=169008,2.816666666667,763.4282680124898,1820.0
scanId=169008,2.816666666667,763.4441796105014,2235.0
scanId=169008,2.816666666667,763.4600913074917,2167.0
scanId=169008,2.816666666667,763.4760032371331,1860.0
scanId=169008,2.816666666667,763.4919152657694,1456.0
scanId=169008,2.816666666667,763.5078275270406,1003.0
scanId=169008,2.816666666667,764.4310204593693,1275.0
scanId=169008,2.816666666667,764.446942437387,1421.0
scanId=169008,2.816666666667,764.4628646475533,1364.0
scanId=169008,2.816666666667,764.4787869572172,1145.0
scanId=169008,2.816666666667,764.4947094990133,1239.0
scanId=169008,2.816666666667,764.5106321403231,3464.0
scanId=169008,2.816666666667,764.5265550137491,10061.0
scanId=169008,2.816666666667,764.5424779867049,19991.0
scanId=169008,2.816666666667,764.5584011917609,28946.0
scanId=169008,2.816666666667,764.5743244963628,31511.0
scanId=169008,2.816666666667,764.5902480330485,26649.0
scanId=169008,2.816666666667,764.6061716692965,19284.0
scanId=169008,2.816666666667,764.622095537612,13210.0
scanId=169008,2.816666666667,764.6380195055061,8853.0
scanId=169008,2.816666666667,764.6539437054514,5763.0
scanId=169008,2.816666666667,764.6698680049915,3676.0
scanId=169008,2.816666666667,764.6857925365667,2310.0
scanId=169008,2.816666666667,764.7017171677529,1575.0
scanId=169008,2.816666666667,764.7176420309581,1112.0
scanId=169008,2.816666666667,765.3866346299045,1259.0
scanId=169008,2.816666666667,765.4025665573041,1580.0
scanId=169008,2.816666666667,765.4184987163655,1709.0
scanId=169008,2.816666666667,765.434430975411,1616.0
scanId=169008,2.816666666667,765.4503634661023,1553.0
scanId=169008,2.816666666667,765.4662960567938,1522.0
scanId=169008,2.816666666667,765.4822288791149,1410.0
scanId=169008,2.816666666667,765.4981618014525,1404.0
scanId=169008,2.816666666667,765.5140949554035,2593.0
scanId=169008,2.816666666667,765.5300282093872,6001.0
scanId=169008,2.816666666667,765.5459616949679,11998.0
scanId=169008,2.816666666667,765.5618952805979,17567.0
scanId=169008,2.816666666667,765.5778290978085,18699.0
scanId=169008,2.816666666667,765.5937630150844,15595.0
scanId=169008,2.816666666667,765.6096971639248,11106.0
scanId=169008,2.816666666667,765.6256314128467,7637.0
scanId=169008,2.816666666667,765.641565893317,5252.0
scanId=169008,2.816666666667,765.6575004738849,3556.0
scanId=169008,2.816666666667,765.673435285985,2485.0
scanId=169008,2.816666666667,765.689370198199,1760.0
scanId=169008,2.816666666667,765.7053053419289,1159.0
scanId=169008,2.816666666667,766.4225569215748,1037.0
scanId=169008,2.816666666667,766.438499692791,1034.0
scanId=169008,2.816666666667,766.5182158402102,1131.0
scanId=169008,2.816666666667,766.5341596063159,2542.0
scanId=169008,2.816666666667,766.5501034729738,4462.0
scanId=169008,2.816666666667,766.5660475707093,5657.0
scanId=169008,2.816666666667,766.5819917690136,5406.0
scanId=169008,2.816666666667,766.5979361983789,4220.0
scanId=169008,2.816666666667,766.613880728329,3076.0
scanId=169008,2.816666666667,766.6298254893242,2246.0
scanId=169008,2.816666666667,766.6457703509204,1610.0
scanId=169008,2.816666666667,766.6617154435454,1151.0
scanId=169008,2.816666666667,767.4113202758888,1058.0
scanId=169008,2.816666666667,767.42727332763,1350.0
scanId=169008,2.816666666667,767.4432264803783,1288.0
scanId=169008,2.816666666667,767.4591798637492,1209.0
scanId=169008,2.816666666667,767.4751333481435,1156.0
scanId=169008,2.816666666667,767.4910870631443,1003.0
scanId=169008,2.816666666667,767.5708579310947,1041.0
scanId=169008,2.816666666667,767.5868126409853,1047.0
scanId=169008,2.816666666667,768.41668437063,1127.0
scanId=169008,2.816666666667,768.4326478044073,1274.0
scanId=169008,2.816666666667,768.4486114683032,1149.0
scanId=169008,2.816666666667,768.4645752337262,1060.0
scanId=169008,2.816666666667,769.3907592090109,1151.0
scanId=169008,2.816666666667,769.4067328218018,1280.0
scanId=169008,2.816666666667,769.4227065366081,1237.0
scanId=169008,2.816666666667,769.4386804810289,1289.0
scanId=169008,2.816666666667,769.4546545274814,1402.0
scanId=169008,2.816666666667,769.470628803532,1316.0
scanId=169008,2.816666666667,769.4866031816304,1136.0
scanId=169008,2.816666666667,771.3887419487017,1211.0
scanId=169008,2.816666666667,771.4047362255673,1495.0
scanId=169008,2.816666666667,771.4207307310379,1534.0
scanId=169008,2.816666666667,771.4367253395495,1394.0
scanId=169008,2.816666666667,771.45272017665,1321.0
scanId=169008,2.816666666667,771.4687151168079,1327.0
scanId=169008,2.816666666667,771.4847102855384,1342.0
scanId=169008,2.816666666667,771.5007055573423,1228.0
scanId=169008,2.816666666667,772.4447219755087,1058.0
scanId=169008,2.816666666667,772.4607271966968,1203.0
scanId=169008,2.816666666667,772.476732645952,1222.0
scanId=169008,2.816666666667,772.4927381987864,1091.0
scanId=169008,2.816666666667,773.4373611825808,1041.0
scanId=169008,2.816666666667,773.4533766847992,1154.0
scanId=169008,2.816666666667,773.4693924145794,1077.0
scanId=169008,2.816666666667,774.4146121192005,1228.0
scanId=169008,2.816666666667,774.4306377978758,1470.0
scanId=169008,2.816666666667,774.4466635811251,1412.0
scanId=169008,2.816666666667,774.4626895914303,1465.0
scanId=169008,2.816666666667,774.4787157063256,1491.0
scanId=169008,2.816666666667,774.4947420482606,1359.0
scanId=169008,2.816666666667,774.5107684948022,1061.0
scanId=169008,2.816666666667,775.4085158622036,1535.0
scanId=169008,2.816666666667,775.4245518214037,2644.0
scanId=169008,2.816666666667,775.4405878856842,3506.0
scanId=169008,2.816666666667,775.4566241765143,3605.0
scanId=169008,2.816666666667,775.4726605724409,3106.0
scanId=169008,2.816666666667,775.4886971949009,2343.0
scanId=169008,2.816666666667,775.5047339224734,1676.0
scanId=169008,2.816666666667,775.5207708765632,1192.0
scanId=169008,2.816666666667,775.9217478310153,1727.0
scanId=169008,2.816666666667,775.9377890962929,2192.0
scanId=169008,2.816666666667,775.9538304669122,2345.0
scanId=169008,2.816666666667,775.9698720638197,2000.0
scanId=169008,2.816666666667,775.985913766085,1429.0
scanId=169008,2.816666666667,776.4191032531745,1047.0
scanId=169008,2.816666666667,776.4351495984862,1537.0
scanId=169008,2.816666666667,776.4511961698412,1920.0
scanId=169008,2.816666666667,776.4672428467993,2027.0
scanId=169008,2.816666666667,776.4832897497841,1810.0
scanId=169008,2.816666666667,776.4993367583884,1427.0
scanId=169008,2.816666666667,776.5153839930031,1027.0
scanId=169008,2.816666666667,776.9487211646175,1217.0
scanId=169008,2.816666666667,776.96477304205,1162.0
scanId=169008,2.816666666667,777.398235572947,1115.0
scanId=169008,2.816666666667,777.4142920931973,1395.0
scanId=169008,2.816666666667,777.4303487195408,1446.0
scanId=169008,2.816666666667,777.4464055714208,1331.0
scanId=169008,2.816666666667,777.4624625294106,1149.0
scanId=169008,2.816666666667,777.558807938676,1176.0
scanId=169008,2.816666666667,777.5748661170752,1220.0
scanId=169008,2.816666666667,777.5909244016499,1044.0
scanId=169008,2.816666666667,779.438736599375,1235.0
scanId=169008,2.816666666667,779.4548141194291,1162.0
scanId=169008,2.816666666667,779.470891863989,1011.0
scanId=169008,2.816666666667,779.5834404841258,1019.0
scanId=169008,2.816666666667,780.5484764901366,1166.0
scanId=169008,2.816666666667,780.5645655101107,1547.0
scanId=169008,2.816666666667,780.5806546377825,1632.0
scanId=169008,2.816666666667,780.5967439893864,1441.0
scanId=169008,2.816666666667,780.6128334487042,1149.0
scanId=169008,2.816666666667,781.4014215359982,1021.0
scanId=169008,2.816666666667,781.4175192864718,1008.0
scanId=169008,2.816666666667,781.5141094445987,1014.0
scanId=169008,2.816666666667,781.5302084134679,1281.0
scanId=169008,2.816666666667,781.5463074905264,1349.0
scanId=169008,2.816666666667,781.5624067910254,1139.0
scanId=169008,2.816666666667,784.4307188143285,1087.0
scanId=169008,2.816666666667,784.4468477395488,1198.0
scanId=169008,2.816666666667,784.4629768867331,1082.0
scanId=169008,2.816666666667,785.3987495115715,1170.0
scanId=169008,2.816666666667,785.4148883861798,1492.0
scanId=169008,2.816666666667,785.4310274822593,1664.0
scanId=169008,2.816666666667,785.4471666885138,1614.0
scanId=169008,2.816666666667,785.4633061162231,1377.0
scanId=169008,2.816666666667,785.4794456541238,1116.0
scanId=169008,2.816666666667,785.4955854134628,1027.0
scanId=169008,2.816666666667,785.5117252830098,1033.0
scanId=169008,2.816666666667,786.4158241819192,1125.0
scanId=169008,2.816666666667,786.4319735585235,1557.0
scanId=169008,2.816666666667,786.4481230458123,1853.0
scanId=169008,2.816666666667,786.4642727540466,1688.0
scanId=169008,2.816666666667,786.4804225729819,1324.0
scanId=169008,2.816666666667,789.6004472711757,1070.0
scanId=169008,2.816666666667,789.6166292598007,1094.0
scanId=169008,2.816666666667,793.4240010632385,1410.0
scanId=169008,2.816666666667,793.4402221861288,1712.0
scanId=169008,2.816666666667,793.4564435264077,1639.0
scanId=169008,2.816666666667,793.4726649809445,1526.0
scanId=169008,2.816666666667,793.4888866528534,1301.0
scanId=169008,2.816666666667,793.5051084390363,1134.0
scanId=169008,2.816666666667,793.5213304425748,1102.0
scanId=169008,2.816666666667,793.5375525604042,1056.0
scanId=169008,2.816666666667,795.420446465276,1041.0
scanId=169008,2.816666666667,795.4366880349748,1198.0
scanId=169008,2.816666666667,795.4529297199382,1234.0
scanId=169008,2.816666666667,795.4691716212669,1099.0
scanId=169008,2.816666666667,796.4277357832343,1645.0
scanId=169008,2.816666666667,796.443987633458,1821.0
scanId=169008,2.816666666667,796.4602395994583,1492.0
scanId=169008,2.816666666667,796.476491781312,1231.0
scanId=169008,2.816666666667,796.4927440789587,1027.0
scanId=169008,2.816666666667,797.4681868873986,1056.0
scanId=169008,2.816666666667,797.4844493497772,1063.0
scanId=169008,2.816666666667,797.500711928461,1011.0
scanId=169008,2.816666666667,799.4371457101909,1133.0
scanId=169008,2.816666666667,799.4534281876568,1232.0
scanId=169008,2.816666666667,799.4697108794554,1143.0
scanId=169008,2.816666666667,799.4859936885678,1083.0
scanId=169008,2.816666666667,799.5022767119964,1039.0
scanId=169008,2.816666666667,802.6806303307912,1009.0
scanId=169008,2.816666666667,803.4313149405954,1122.0
scanId=169008,2.816666666667,803.447638091234,1222.0
scanId=169008,2.816666666667,803.463961361206,1215.0
scanId=169008,2.816666666667,803.4802848434747,1400.0
scanId=169008,2.816666666667,803.4966084450931,1594.0
scanId=169008,2.816666666667,803.5129322589914,1418.0
scanId=169008,2.816666666667,803.5292561922564,1119.0
scanId=169008,2.816666666667,803.9863942965463,1189.0
scanId=169008,2.816666666667,804.0027230848924,1465.0
scanId=169008,2.816666666667,804.0190519928534,1334.0
scanId=169008,2.816666666667,804.0353811128291,1056.0
scanId=169008,2.816666666667,804.4926631479482,1038.0
scanId=169008,2.816666666667,804.5089970306053,1107.0
scanId=169008,2.816666666667,805.6364369951301,1152.0
scanId=169008,2.816666666667,805.6527824854116,1189.0
scanId=169008,2.816666666667,805.6691281868792,1028.0
scanId=169008,2.816666666667,807.4845292410043,1020.0
scanId=169008,2.816666666667,808.4339298702898,1045.0
scanId=169008,2.816666666667,808.4503037602934,1063.0
scanId=169008,2.816666666667,808.4666777721678,1113.0
scanId=169008,2.816666666667,808.4830519938013,1103.0
scanId=169008,2.816666666667,809.416655451811,1235.0
scanId=169008,2.816666666667,809.4330392907098,1490.0
scanId=169008,2.816666666667,809.4494232519772,1483.0
scanId=169008,2.816666666667,809.4658074225058,1334.0
scanId=169008,2.816666666667,809.4821917154198,1051.0
scanId=169008,2.816666666667,810.4327656804376,1085.0
scanId=169008,2.816666666667,810.4491597998613,1264.0
scanId=169008,2.816666666667,810.4655540421686,1211.0
scanId=169008,2.816666666667,815.473542460828,1176.0
scanId=169008,2.816666666667,815.489987445044,1127.0
scanId=169008,2.816666666667,817.4316621814068,1139.0
scanId=169008,2.816666666667,817.4481269379855,1311.0
scanId=169008,2.816666666667,817.4645918209906,1234.0
scanId=169008,2.816666666667,817.4810569091992,1046.0
scanId=169008,2.816666666667,819.4415839916999,1290.0
scanId=169008,2.816666666667,819.4580689776989,1497.0
scanId=169008,2.816666666667,819.4745540911399,1389.0
scanId=169008,2.816666666667,819.4910394087686,1225.0
scanId=169008,2.816666666667,819.5075248538561,1041.0
scanId=169008,2.816666666667,819.6559015132622,1197.0
scanId=169008,2.816666666667,819.6723886165822,1146.0
scanId=169008,2.816666666667,820.4474704349957,1055.0
scanId=169008,2.816666666667,820.4639654978316,1225.0
scanId=169008,2.816666666667,820.4804607643555,1057.0
scanId=169008,2.816666666667,821.4374688409965,1294.0
scanId=169008,2.816666666667,821.4539738532275,1309.0
scanId=169008,2.816666666667,821.4704790686463,1241.0
scanId=169008,2.816666666667,821.486984412524,1171.0
scanId=169008,2.816666666667,821.5034899595727,1072.0
scanId=169008,2.816666666667,823.4357814101475,1368.0
scanId=169008,2.816666666667,823.4523065233566,1944.0
scanId=169008,2.816666666667,823.4688317660248,1912.0
scanId=169008,2.816666666667,823.4853572108639,1549.0
scanId=169008,2.816666666667,823.5018827851786,1121.0
scanId=169008,2.816666666667,824.4275806116799,1424.0
scanId=169008,2.816666666667,824.4441156737842,1911.0
scanId=169008,2.816666666667,824.4606508658477,2114.0
scanId=169008,2.816666666667,824.4771862595817,1829.0
scanId=169008,2.816666666667,824.493721783292,1367.0
scanId=169008,2.816666666667,824.5102575086559,1048.0
scanId=169008,2.816666666667,825.4199767619324,1206.0
scanId=169008,2.816666666667,825.4365217729315,1722.0
scanId=169008,2.816666666667,825.453066914391,2226.0
scanId=169008,2.816666666667,825.4696122570201,2659.0
scanId=169008,2.816666666667,825.4861577301259,2518.0
scanId=169008,2.816666666667,825.5027034043849,2159.0
scanId=169008,2.816666666667,825.5192492091372,1824.0
scanId=169008,2.816666666667,825.5357952150259,1516.0
scanId=169008,2.816666666667,825.5523413514248,1253.0
scanId=169008,2.816666666667,826.4129698609083,1028.0
scanId=169008,2.816666666667,826.4295248208027,1354.0
scanId=169008,2.816666666667,826.4460799116579,1525.0
scanId=169008,2.816666666667,826.4626352031822,1517.0
scanId=169008,2.816666666667,826.4791906256838,1291.0
scanId=169008,2.816666666667,826.4957462488379,1028.0
scanId=169008,2.816666666667,827.4728204699695,1050.0
scanId=169008,2.816666666667,827.4893860420186,1144.0
scanId=169008,2.816666666667,827.5059517455629,1010.0
scanId=169008,2.816666666667,831.4200991289794,1009.0
scanId=169008,2.816666666667,831.436704164979,1105.0
scanId=169008,2.816666666667,831.4533093344613,1142.0
scanId=169008,2.816666666667,831.4699147020908,1118.0
scanId=169008,2.816666666667,831.4865202032195,1059.0
scanId=169008,2.816666666667,833.4637607245828,1065.0
scanId=169008,2.816666666667,834.4449439446392,1108.0
scanId=169008,2.816666666667,834.4615791589541,1159.0
scanId=169008,2.816666666667,834.4782145082726,1099.0
scanId=169008,2.816666666667,835.5265767924656,1160.0
scanId=169008,2.816666666667,835.543222754474,1462.0
scanId=169008,2.816666666667,835.5598689125733,1409.0
scanId=169008,2.816666666667,835.5765152062282,1208.0
scanId=169008,2.816666666667,835.5931616959577,1022.0
scanId=169008,2.816666666667,836.4756621220736,1048.0
scanId=169008,2.816666666667,836.4923175658084,1145.0
scanId=169008,2.816666666667,836.5089731455671,1049.0
scanId=169008,2.816666666667,836.5422848323368,1005.0
scanId=169008,2.816666666667,836.5589409393314,1011.0
scanId=169008,2.816666666667,839.4429406033861,1175.0
scanId=169008,2.816666666667,839.4596255621764,1295.0
scanId=169008,2.816666666667,839.4763106584796,1342.0
scanId=169008,2.816666666667,839.4929959488996,1264.0
scanId=169008,2.816666666667,839.5096813768494,1110.0
scanId=169008,2.816666666667,839.5263669988993,1003.0
scanId=169008,2.816666666667,839.5430527584957,1020.0
scanId=169008,2.816666666667,839.5597387121755,1046.0
scanId=169008,2.816666666667,839.5764248034183,1038.0
scanId=169008,2.816666666667,841.479727759917,1018.0
scanId=169008,2.816666666667,843.4186340231935,1070.0
scanId=169008,2.816666666667,843.4353584459342,1258.0
scanId=169008,2.816666666667,843.4520830081801,1412.0
scanId=169008,2.816666666667,843.4688077625507,1355.0
scanId=169008,2.816666666667,843.4855326564431,1358.0
scanId=169008,2.816666666667,843.5022577424436,1355.0
scanId=169008,2.816666666667,843.5189829679825,1210.0
scanId=169008,2.816666666667,846.4484533634823,1435.0
scanId=169008,2.816666666667,846.4652077739208,1582.0
scanId=169008,2.816666666667,846.4819623749767,1329.0
scanId=169008,2.816666666667,846.4987171170618,1035.0
scanId=169008,2.816666666667,847.4037201003582,1076.0
scanId=169008,2.816666666667,847.4204839870496,1308.0
scanId=169008,2.816666666667,847.4372480152391,1357.0
scanId=169008,2.816666666667,847.4540122335605,1470.0
scanId=169008,2.816666666667,847.4707765933966,1584.0
scanId=169008,2.816666666667,847.4875411433477,1334.0
scanId=169008,2.816666666667,848.4433938852064,1072.0
scanId=169008,2.816666666667,848.4601680524227,1318.0
scanId=169008,2.816666666667,848.4769423616566,1154.0
scanId=169008,2.816666666667,849.4501367039594,1499.0
scanId=169008,2.816666666667,849.4669208200709,1708.0
scanId=169008,2.816666666667,849.4837050787025,1553.0
scanId=169008,2.816666666667,849.5004895264437,1178.0
scanId=169008,2.816666666667,850.4238888617401,1082.0
scanId=169008,2.816666666667,850.4406825951168,1295.0
scanId=169008,2.816666666667,850.4574764714997,1265.0
scanId=169008,2.816666666667,850.4742705365063,1162.0
scanId=169008,2.816666666667,850.491064744536,1035.0
scanId=169008,2.816666666667,851.4486093620483,1199.0
scanId=169008,2.816666666667,851.4654131878291,1782.0
scanId=169008,2.816666666667,851.4822172017306,1857.0
scanId=169008,2.816666666667,851.4990213591581,1498.0
scanId=169008,2.816666666667,851.5158257046895,1254.0
scanId=169008,2.816666666667,851.5326301937638,1040.0
scanId=169008,2.816666666667,853.4662537422832,1259.0
scanId=169008,2.816666666667,853.4830774668599,1517.0
scanId=169008,2.816666666667,853.4999013785518,1408.0
scanId=169008,2.816666666667,853.5167254347753,1179.0
scanId=169008,2.816666666667,853.5335496780968,1202.0
scanId=169008,2.816666666667,853.5503740659668,1191.0
scanId=169008,2.816666666667,853.5671986409183,1108.0
scanId=169008,2.816666666667,853.5840233604348,1124.0
scanId=169008,2.816666666667,853.6008482670161,1088.0
scanId=169008,2.816666666667,856.446637665596,1012.0
scanId=169008,2.816666666667,856.4634907607134,1061.0
scanId=169008,2.816666666667,857.4918425126341,1016.0
scanId=169008,2.816666666667,859.4322165556264,1123.0
scanId=169008,2.816666666667,859.4490989816519,1872.0
scanId=169008,2.816666666667,859.4659815918247,2473.0
scanId=169008,2.816666666667,859.4828643494969,2957.0
scanId=169008,2.816666666667,859.4997472912995,2821.0
scanId=169008,2.816666666667,859.5166303806183,2248.0
scanId=169008,2.816666666667,859.5335136540508,1757.0
scanId=169008,2.816666666667,859.5503970750162,1361.0
scanId=169008,2.816666666667,860.445456166831,1111.0
scanId=169008,2.816666666667,860.462348542255,1954.0
scanId=169008,2.816666666667,860.4792411013228,2798.0
scanId=169008,2.816666666667,860.4961338083932,3144.0
scanId=169008,2.816666666667,860.5130266990909,2742.0
scanId=169008,2.816666666667,860.529919737808,2013.0
scanId=169008,2.816666666667,860.5468129601355,1583.0
scanId=169008,2.816666666667,860.5637063304991,1359.0
scanId=169008,2.816666666667,860.5805998844565,1111.0
scanId=169008,2.816666666667,861.4423905505017,1032.0
scanId=169008,2.816666666667,861.4592927268349,1236.0
scanId=169008,2.816666666667,861.4761950516569,1497.0
scanId=169008,2.816666666667,861.4930975596199,1658.0
scanId=169008,2.816666666667,861.5100002160884,1618.0
scanId=169008,2.816666666667,861.5269030556815,1464.0
scanId=169008,2.816666666667,861.5438060437967,1223.0
scanId=169008,2.816666666667,863.4210694243278,1500.0
scanId=169008,2.816666666667,863.4379909846531,2426.0
scanId=169008,2.816666666667,863.4549127271465,2942.0
scanId=169008,2.816666666667,863.4718346191185,2755.0
scanId=169008,2.816666666667,863.4887566932417,2281.0
scanId=169008,2.816666666667,863.5056789168603,1707.0
scanId=169008,2.816666666667,863.5226013226136,1349.0
scanId=169008,2.816666666667,863.5395238778787,1082.0
scanId=169008,2.816666666667,864.4366570341451,1006.0
scanId=169008,2.816666666667,864.4535885438686,1450.0
scanId=169008,2.816666666667,864.4705202352573,1590.0
scanId=169008,2.816666666667,864.4874520766274,1358.0
scanId=169008,2.816666666667,865.4697830518849,1255.0
scanId=169008,2.816666666667,865.4867246921687,1360.0
scanId=169008,2.816666666667,865.503666482937,1218.0
scanId=169008,2.816666666667,866.4696231001819,1215.0
scanId=169008,2.816666666667,866.486574508702,1293.0
scanId=169008,2.816666666667,866.5035260978808,1227.0
scanId=169008,2.816666666667,866.5204778380473,1084.0
scanId=169008,2.816666666667,867.4530793236862,1345.0
scanId=169008,2.816666666667,867.4700403499579,1595.0
scanId=169008,2.816666666667,867.487001556402,1518.0
scanId=169008,2.816666666667,867.5039629143203,1223.0
scanId=169008,2.816666666667,868.4710348304137,1043.0
scanId=169008,2.816666666667,868.4880058060837,1173.0
scanId=169008,2.816666666667,868.5049769614229,1205.0
scanId=169008,2.816666666667,868.5219482687397,1154.0
scanId=169008,2.816666666667,868.5389197557087,1007.0
scanId=169008,2.816666666667,871.4094818698885,2188.0
scanId=169008,2.816666666667,871.4264815453936,3659.0
scanId=169008,2.816666666667,871.4434813743185,4603.0
scanId=169008,2.816666666667,871.4604813814534,4697.0
scanId=169008,2.816666666667,871.477481542025,4118.0
scanId=169008,2.816666666667,871.4944818807897,3188.0
scanId=169008,2.816666666667,871.5114823730079,2262.0
scanId=169008,2.816666666667,871.5284830434025,1605.0
scanId=169008,2.816666666667,871.5454838672672,1137.0
scanId=169008,2.816666666667,872.4127460813673,1343.0
scanId=169008,2.816666666667,872.4297555280439,2243.0
scanId=169008,2.816666666667,872.4467651524441,2772.0
scanId=169008,2.816666666667,872.4637749307673,2848.0
scanId=169008,2.816666666667,872.4807848867976,2326.0
scanId=169008,2.816666666667,872.4977949967673,1775.0
scanId=169008,2.816666666667,872.5148052844271,1443.0
scanId=169008,2.816666666667,872.5318157260435,1170.0
scanId=169008,2.816666666667,873.4336067389248,1225.0
scanId=169008,2.816666666667,873.4506261349995,1397.0
scanId=169008,2.816666666667,873.4676457082949,1401.0
scanId=169008,2.816666666667,873.4846654360164,1321.0
scanId=169008,2.816666666667,873.5016853409414,1337.0
scanId=169008,2.816666666667,873.5187054003095,1294.0
scanId=169008,2.816666666667,873.5357256368644,1131.0
scanId=169008,2.816666666667,875.4771189004377,1088.0
scanId=169008,2.816666666667,875.494158195309,1085.0
scanId=169008,2.816666666667,877.4718422522614,1009.0
scanId=169008,2.816666666667,877.4889009578774,1191.0
scanId=169008,2.816666666667,877.5059598198983,1230.0
scanId=169008,2.816666666667,877.523018857144,1021.0
scanId=169008,2.816666666667,878.4444528558425,1039.0
scanId=169008,2.816666666667,878.4615210039684,1234.0
scanId=169008,2.816666666667,878.4785893268496,1154.0
scanId=169008,2.816666666667,879.4517575711612,1118.0
scanId=169008,2.816666666667,879.4688355113078,1445.0
scanId=169008,2.816666666667,879.4859136088317,1525.0
scanId=169008,2.816666666667,879.5029918806081,1392.0
scanId=169008,2.816666666667,879.5200703097788,1269.0
scanId=169008,2.816666666667,879.537148913185,1178.0
scanId=169008,2.816666666667,879.5542276740022,1013.0
scanId=169008,2.816666666667,880.4596395112512,1036.0
scanId=169008,2.816666666667,880.4767272265267,1006.0
scanId=169008,2.816666666667,881.4510013266788,1045.0
scanId=169008,2.816666666667,881.4680986597057,1247.0
scanId=169008,2.816666666667,881.4851961660124,1494.0
scanId=169008,2.816666666667,881.502293830686,1683.0
scanId=169008,2.816666666667,881.5193916686228,1552.0
scanId=169008,2.816666666667,881.5364896649429,1300.0
scanId=169008,2.816666666667,881.5535878345094,1349.0
scanId=169008,2.816666666667,881.570686162476,1435.0
scanId=169008,2.816666666667,881.5877846636724,1200.0
scanId=169008,2.816666666667,882.4429209575899,1016.0
scanId=169008,2.816666666667,882.460027908368,1310.0
scanId=169008,2.816666666667,882.4771350319402,1338.0
scanId=169008,2.816666666667,882.4942423143649,1244.0
scanId=169008,2.816666666667,882.5113497695669,1125.0
scanId=169008,2.816666666667,883.4696317133497,1029.0
scanId=169008,2.816666666667,883.4867486135258,1081.0
scanId=169008,2.816666666667,883.5038656859932,1164.0
scanId=169008,2.816666666667,883.520982917816,1177.0
scanId=169008,2.816666666667,883.5381003219131,1042.0
scanId=169008,2.816666666667,885.387755627087,1261.0
scanId=169008,2.816666666667,885.4048910994724,2155.0
scanId=169008,2.816666666667,885.4220267432105,2671.0
scanId=169008,2.816666666667,885.4391625472426,2776.0
scanId=169008,2.816666666667,885.4562985226106,2469.0
scanId=169008,2.816666666667,885.4734346582892,1903.0
scanId=169008,2.816666666667,885.4905709652869,1354.0
scanId=169008,2.816666666667,886.4333230578261,1394.0
scanId=169008,2.816666666667,886.4504686504592,1386.0
scanId=169008,2.816666666667,886.4676144038891,1168.0
scanId=169008,2.816666666667,887.4280413838864,1139.0
scanId=169008,2.816666666667,887.4451965937848,1603.0
scanId=169008,2.816666666667,887.4623519649658,1908.0
scanId=169008,2.816666666667,887.4795075064941,2074.0
scanId=169008,2.816666666667,887.4966632093219,2082.0
scanId=169008,2.816666666667,887.5138190824799,1873.0
scanId=169008,2.816666666667,887.5309751169542,1527.0
scanId=169008,2.816666666667,887.5481313217422,1166.0
scanId=169008,2.816666666667,888.4576473415182,1400.0
scanId=169008,2.816666666667,888.4748125003116,1589.0
scanId=169008,2.816666666667,888.4919778208904,1431.0
scanId=169008,2.816666666667,888.5091433113138,1340.0
scanId=169008,2.816666666667,888.5263089635391,1099.0
scanId=169008,2.816666666667,889.4363259268608,1355.0
scanId=169008,2.816666666667,889.4535005335441,2123.0
scanId=169008,2.816666666667,889.4706753096028,2722.0
scanId=169008,2.816666666667,889.4878502479327,2864.0
scanId=169008,2.816666666667,889.5050253556215,2685.0
scanId=169008,2.816666666667,889.522200625598,2364.0
scanId=169008,2.816666666667,889.5393760649164,1913.0
scanId=169008,2.816666666667,889.5565516665395,1427.0
scanId=169008,2.816666666667,889.5737274374877,1009.0
scanId=169008,2.816666666667,890.4327273166084,1138.0
scanId=169008,2.816666666667,890.4499115410426,1670.0
scanId=169008,2.816666666667,890.4670959343666,2016.0
scanId=169008,2.816666666667,890.4842804904475,2300.0
scanId=169008,2.816666666667,890.5014652154014,2527.0
scanId=169008,2.816666666667,890.5186501031287,2338.0
scanId=169008,2.816666666667,890.5358351597124,1958.0
scanId=169008,2.816666666667,890.5530203790865,1652.0
scanId=169008,2.816666666667,890.5702057673001,1464.0
scanId=169008,2.816666666667,890.5873913183208,1233.0
scanId=169008,2.816666666667,890.6045770381642,1026.0
scanId=169008,2.816666666667,891.4812685484327,1004.0
scanId=169008,2.816666666667,891.4984628906519,1242.0
scanId=169008,2.816666666667,891.5156573961303,1352.0
scanId=169008,2.816666666667,891.5328520699793,1234.0
scanId=169008,2.816666666667,891.5500469071043,1062.0
scanId=169008,2.816666666667,893.4252783786676,1065.0
scanId=169008,2.816666666667,895.4403338105578,1069.0
scanId=169008,2.816666666667,895.4575662902081,1403.0
scanId=169008,2.816666666667,895.4747989350429,1610.0
scanId=169008,2.816666666667,895.492031746323,1568.0
scanId=169008,2.816666666667,895.5092647228048,1396.0
scanId=169008,2.816666666667,895.5264978657148,1178.0
scanId=169008,2.816666666667,896.4745760703534,1317.0
scanId=169008,2.816666666667,896.4918184988987,1599.0
scanId=169008,2.816666666667,896.5090610931309,1569.0
scanId=169008,2.816666666667,896.526303853306,1371.0
scanId=169008,2.816666666667,896.5435467791847,1292.0
scanId=169008,2.816666666667,896.5607898709898,1253.0
scanId=169008,2.816666666667,896.578033128515,1026.0
scanId=169008,2.816666666667,897.4921630669331,1228.0
scanId=169008,2.816666666667,897.5094152789158,1856.0
scanId=169008,2.816666666667,897.5266676563565,2796.0
scanId=169008,2.816666666667,897.5439201999856,3390.0
scanId=169008,2.816666666667,897.5611729090559,3357.0
scanId=169008,2.816666666667,897.5784257843317,2827.0
scanId=169008,2.816666666667,897.5956788250319,2229.0
scanId=169008,2.816666666667,897.6129320319542,1701.0
scanId=169008,2.816666666667,897.6301854042841,1313.0
scanId=169008,2.816666666667,898.4758037873486,1067.0
scanId=169008,2.816666666667,898.4930654504245,1236.0
scanId=169008,2.816666666667,898.5103272801575,1373.0
scanId=169008,2.816666666667,898.5275892748633,1831.0
scanId=169008,2.816666666667,898.5448514362429,2162.0
scanId=169008,2.816666666667,898.5621137625784,1979.0
scanId=169008,2.816666666667,898.5793762556046,1499.0
scanId=169008,2.816666666667,898.5966389135701,1107.0
scanId=169008,2.816666666667,899.477254369029,1365.0
scanId=169008,2.816666666667,899.4945256493701,2203.0
scanId=169008,2.816666666667,899.5117970968535,3065.0
scanId=169008,2.816666666667,899.5290687088248,3414.0
scanId=169008,2.816666666667,899.5463404879548,3319.0
scanId=169008,2.816666666667,899.5636124315556,2844.0
scanId=169008,2.816666666667,899.5808845423321,2011.0
scanId=169008,2.816666666667,899.5981568175628,1397.0
scanId=169008,2.816666666667,899.615429259986,1052.0
scanId=169008,2.816666666667,900.4792627661616,1449.0
scanId=169008,2.816666666667,900.4965436637681,2112.0
scanId=169008,2.816666666667,900.5138247290017,2524.0
scanId=169008,2.816666666667,900.5311059582381,2566.0
scanId=169008,2.816666666667,900.5483873551184,2381.0
scanId=169008,2.816666666667,900.5656689159845,1844.0
scanId=169008,2.816666666667,900.5829506445112,1220.0
scanId=169008,2.816666666667,901.4472484441648,1058.0
scanId=169008,2.816666666667,901.4645386274066,1129.0
scanId=169008,2.816666666667,901.481828978744,1257.0
scanId=169008,2.816666666667,901.4991194936156,1378.0
scanId=169008,2.816666666667,901.5164101765996,1510.0
scanId=169008,2.816666666667,901.5337010231012,1496.0
scanId=169008,2.816666666667,901.5509920377318,1302.0
scanId=169008,2.816666666667,901.5682832158632,1032.0
scanId=169008,2.816666666667,903.4367065904472,1396.0
scanId=169008,2.816666666667,903.4540158456382,2845.0
scanId=169008,2.816666666667,903.4713252634106,4165.0
scanId=169008,2.816666666667,903.488634850248,4309.0
scanId=169008,2.816666666667,903.5059445996504,3791.0
scanId=169008,2.816666666667,903.5232545181344,3211.0
scanId=169008,2.816666666667,903.5405645991664,2454.0
scanId=169008,2.816666666667,903.5578748492971,1695.0
scanId=169008,2.816666666667,903.5751852619592,1221.0
scanId=169008,2.816666666667,904.4582362695396,1840.0
scanId=169008,2.816666666667,904.4755553045774,2772.0
scanId=169008,2.816666666667,904.4928745091648,3213.0
scanId=169008,2.816666666667,904.5101938758322,3085.0
scanId=169008,2.816666666667,904.5275134120662,2522.0
scanId=169008,2.816666666667,904.5448331103636,1853.0
scanId=169008,2.816666666667,904.5621529782442,1331.0
scanId=169008,2.816666666667,905.4630145088804,1662.0
scanId=169008,2.816666666667,905.4803431611834,2156.0
scanId=169008,2.816666666667,905.4976719835208,2387.0
scanId=169008,2.816666666667,905.5150009674536,2185.0
scanId=169008,2.816666666667,905.5323301214374,1704.0
scanId=169008,2.816666666667,905.549659437,1270.0
scanId=169008,2.816666666667,906.4856888332264,1206.0
scanId=169008,2.816666666667,906.5030272733136,1302.0
scanId=169008,2.816666666667,906.5203658745116,1187.0
scanId=169008,2.816666666667,907.47424443387,1332.0
scanId=169008,2.816666666667,907.4915923207036,1743.0
scanId=169008,2.816666666667,907.5089403785404,1831.0
scanId=169008,2.816666666667,907.5262885970036,1643.0
scanId=169008,2.816666666667,907.5436369864868,1340.0
scanId=169008,2.816666666667,908.515411299198,1097.0
scanId=169008,2.816666666667,908.5327691349264,1054.0
scanId=169008,2.816666666667,909.4529718691608,1025.0
scanId=169008,2.816666666667,909.4703386588948,1265.0
scanId=169008,2.816666666667,909.487705620584,1707.0
scanId=169008,2.816666666667,909.505072741948,1884.0
scanId=169008,2.816666666667,909.5224400352836,1756.0
scanId=169008,2.816666666667,909.5398074882772,1622.0
scanId=169008,2.816666666667,909.5571751132596,1433.0
scanId=169008,2.816666666667,909.5745428978832,1164.0
scanId=169008,2.816666666667,911.4338542893696,1047.0
scanId=169008,2.816666666667,911.4512399820044,1602.0
scanId=169008,2.816666666667,911.4686258475458,2465.0
scanId=169008,2.816666666667,911.4860118718104,2859.0
scanId=169008,2.816666666667,911.5033980689982,2509.0
scanId=169008,2.816666666667,911.5207844248926,2047.0
scanId=169008,2.816666666667,911.5381709537268,1915.0
scanId=169008,2.816666666667,911.5555576412512,1999.0
scanId=169008,2.816666666667,911.572944501732,1978.0
scanId=169008,2.816666666667,911.590331520886,1787.0
scanId=169008,2.816666666667,911.6077187130136,1649.0
scanId=169008,2.816666666667,911.6251060637976,1422.0
scanId=169008,2.816666666667,911.6424935875716,1153.0
scanId=169008,2.816666666667,912.4424987666778,1380.0
scanId=169008,2.816666666667,912.4598940765778,2074.0
scanId=169008,2.816666666667,912.4772895598682,2656.0
scanId=169008,2.816666666667,912.494685201398,3100.0
scanId=169008,2.816666666667,912.5120810163352,3187.0
scanId=169008,2.816666666667,912.5294769894948,3050.0
scanId=169008,2.816666666667,912.546873136078,3002.0
scanId=169008,2.816666666667,912.564269440868,2789.0
scanId=169008,2.816666666667,912.581665919098,2273.0
scanId=169008,2.816666666667,912.5990625555172,1665.0
scanId=169008,2.816666666667,912.6164593653936,1138.0
scanId=169008,2.816666666667,913.469105986567,1026.0
scanId=169008,2.816666666667,913.4865110876068,1180.0
scanId=169008,2.816666666667,913.5039163464018,1463.0
scanId=169008,2.816666666667,913.5213217790875,1639.0
scanId=169008,2.816666666667,913.5387273695126,1491.0
scanId=169008,2.816666666667,913.556133133845,1295.0
scanId=169008,2.816666666667,913.5735390558998,1242.0
scanId=169008,2.816666666667,913.5909451518788,1167.0
scanId=169008,2.816666666667,915.471779091084,1109.0
scanId=169008,2.816666666667,915.4892032527796,1230.0
scanId=169008,2.816666666667,915.5066275893172,1280.0
scanId=169008,2.816666666667,915.5240520826428,1349.0
scanId=169008,2.816666666667,915.5414767508264,1184.0
scanId=169008,2.816666666667,916.5000886089964,1058.0
scanId=169008,2.816666666667,916.5175225632822,1083.0
scanId=169008,2.816666666667,917.4417591706632,1192.0
scanId=169008,2.816666666667,917.4592020794046,1319.0
scanId=169008,2.816666666667,917.476645144001,1181.0
scanId=169008,2.816666666667,917.4940883843888,1064.0
scanId=169008,2.816666666667,917.5115317806152,1066.0
scanId=169008,2.816666666667,917.5289753526496,1172.0
scanId=169008,2.816666666667,917.546419080506,1107.0
scanId=169008,2.816666666667,919.4662420200387,1522.0
scanId=169008,2.816666666667,919.4837041642768,2025.0
scanId=169008,2.816666666667,919.501166463404,2452.0
scanId=169008,2.816666666667,919.5186289392884,2600.0
scanId=169008,2.816666666667,919.5360915700452,2434.0
scanId=169008,2.816666666667,919.5535543775763,2014.0
scanId=169008,2.816666666667,919.5710173399632,1610.0
scanId=169008,2.816666666667,919.5884804791408,1261.0
scanId=169008,2.816666666667,920.4793201678156,1085.0
scanId=169008,2.816666666667,920.4967919298022,1186.0
scanId=169008,2.816666666667,920.5142638461944,1203.0
scanId=169008,2.816666666667,920.5317359398272,1257.0
scanId=169008,2.816666666667,920.5492081878492,1408.0
scanId=169008,2.816666666667,920.5666806131284,1523.0
scanId=169008,2.816666666667,920.5841531927804,1331.0
scanId=169008,2.816666666667,920.601625949706,1090.0
scanId=169008,2.816666666667,921.4579938808648,1942.0
scanId=169008,2.816666666667,921.4754749289528,3399.0
scanId=169008,2.816666666667,921.4929561309804,3808.0
scanId=169008,2.816666666667,921.5104375107148,3518.0
scanId=169008,2.816666666667,921.5279190443724,3047.0
scanId=169008,2.816666666667,921.5454007557532,2450.0
scanId=169008,2.816666666667,921.5628826210404,1939.0
scanId=169008,2.816666666667,921.5803646640676,1581.0
scanId=169008,2.816666666667,921.5978468609848,1371.0
scanId=169008,2.816666666667,921.6153292356588,1141.0
scanId=169008,2.816666666667,922.4546779367372,1253.0
scanId=169008,2.816666666667,922.4721684244004,1523.0
scanId=169008,2.816666666667,922.489659090236,1858.0
scanId=169008,2.816666666667,922.507149909529,2015.0
scanId=169008,2.816666666667,922.5246409070112,1811.0
scanId=169008,2.816666666667,922.5421320579342,1580.0
scanId=169008,2.816666666667,922.5596233870629,1354.0
scanId=169008,2.816666666667,922.5771148696156,1105.0
scanId=169008,2.816666666667,923.4694006783876,1121.0
scanId=169008,2.816666666667,923.486900783316,1509.0
scanId=169008,2.816666666667,923.5044010668996,1602.0
scanId=169008,2.816666666667,923.5219015034576,1469.0
scanId=169008,2.816666666667,923.5394021186876,1238.0
scanId=169008,2.816666666667,923.5569028868756,1083.0
scanId=169008,2.816666666667,923.5744038337522,1096.0
scanId=169008,2.816666666667,924.5021909576076,1053.0
scanId=169008,2.816666666667,924.5197008589388,1148.0
scanId=169008,2.816666666667,924.5372109127622,1112.0
scanId=169008,2.816666666667,925.4304438805664,1732.0
scanId=169008,2.816666666667,925.4479625567656,2939.0
scanId=169008,2.816666666667,925.4654814125512,3886.0
scanId=169008,2.816666666667,925.4830004203804,4017.0
scanId=169008,2.816666666667,925.5005196078127,3414.0
scanId=169008,2.816666666667,925.5180389472716,2618.0
scanId=169008,2.816666666667,925.5355584663504,1935.0
scanId=169008,2.816666666667,925.553078137439,1402.0
scanId=169008,2.816666666667,925.570597988164,1064.0
scanId=169008,2.816666666667,926.4468015983078,2019.0
scanId=169008,2.816666666667,926.4643298917724,2987.0
scanId=169008,2.816666666667,926.4818583653054,3015.0
scanId=169008,2.816666666667,926.4993869903996,2442.0
scanId=169008,2.816666666667,926.5169157955792,2006.0
scanId=169008,2.816666666667,926.5344447523032,1647.0
scanId=169008,2.816666666667,926.5519738891294,1263.0
scanId=169008,2.816666666667,927.4461793717792,1273.0
scanId=169008,2.816666666667,927.4637171314132,2079.0
scanId=169008,2.816666666667,927.481255042143,3168.0
scanId=169008,2.816666666667,927.4987931334232,4567.0
scanId=169008,2.816666666667,927.5163313757828,5335.0
scanId=169008,2.816666666667,927.5338697987096,4840.0
scanId=169008,2.816666666667,927.5514083726993,3692.0
scanId=169008,2.816666666667,927.5689471272724,2790.0
scanId=169008,2.816666666667,927.5864860328916,2166.0
scanId=169008,2.816666666667,927.6040251191114,1637.0
scanId=169008,2.816666666667,927.6215643563604,1259.0
scanId=169008,2.816666666667,928.4636431024976,1204.0
scanId=169008,2.816666666667,928.4811904798788,1834.0
scanId=169008,2.816666666667,928.4987380078736,2446.0
scanId=169008,2.816666666667,928.5162857169012,2748.0
scanId=169008,2.816666666667,928.533833576526,2771.0
scanId=169008,2.816666666667,928.5513816171998,2324.0
scanId=169008,2.816666666667,928.5689298084544,1710.0
scanId=169008,2.816666666667,928.5864781807746,1287.0
scanId=169008,2.816666666667,928.6040267036592,1108.0
scanId=169008,2.816666666667,929.4641078349414,1506.0
scanId=169008,2.816666666667,929.4816646485716,2366.0
scanId=169008,2.816666666667,929.4992216436996,3021.0
scanId=169008,2.816666666667,929.5167787889598,3171.0
scanId=169008,2.816666666667,929.5343361157342,3002.0
scanId=169008,2.816666666667,929.5518935926242,2612.0
scanId=169008,2.816666666667,929.5694512510448,2169.0
scanId=169008,2.816666666667,929.587009059565,1642.0
scanId=169008,2.816666666667,929.6045670496324,1196.0
scanId=169008,2.816666666667,929.622125189782,1014.0
scanId=169008,2.816666666667,930.465111297873,1369.0
scanId=169008,2.816666666667,930.4826775791012,2209.0
scanId=169008,2.816666666667,930.5002440099968,2681.0
scanId=169008,2.816666666667,930.5178106228718,2660.0
scanId=169008,2.816666666667,930.5353773853972,2372.0
scanId=169008,2.816666666667,930.5529443299184,1891.0
scanId=169008,2.816666666667,930.5705114240736,1402.0
scanId=169008,2.816666666667,931.5018051386083,1016.0
scanId=169008,2.816666666667,931.5193811867692,1005.0
scanId=169008,2.816666666667,933.4713541958628,1201.0
scanId=169008,2.816666666667,933.4889488152944,1217.0
scanId=169008,2.816666666667,933.5065436181158,1031.0
scanId=169008,2.816666666667,935.4958233755196,1131.0
scanId=169008,2.816666666667,935.5134370821868,1419.0
scanId=169008,2.816666666667,935.531050936149,1539.0
scanId=169008,2.816666666667,935.5486649744626,1364.0
scanId=169008,2.816666666667,935.5662791600548,1057.0
scanId=169008,2.816666666667,936.5353152483372,1069.0
scanId=169008,2.816666666667,936.5529387195648,1001.0
scanId=169008,2.816666666667,937.5048529202734,1079.0
scanId=169008,2.816666666667,937.5224855307856,1446.0
scanId=169008,2.816666666667,937.5401182876484,1768.0
scanId=169008,2.816666666667,937.5577512298069,2212.0
scanId=169008,2.816666666667,937.5753843182996,2633.0
scanId=169008,2.816666666667,937.5930175921048,2374.0
scanId=169008,2.816666666667,937.6106510122272,1792.0
scanId=169008,2.816666666667,937.6282846176786,1302.0
scanId=169008,2.816666666667,938.5278178643013,1109.0
scanId=169008,2.816666666667,938.5454600925588,1549.0
scanId=169008,2.816666666667,938.563102466687,1974.0
scanId=169008,2.816666666667,938.5807450265908,2067.0
scanId=169008,2.816666666667,938.598387732349,1671.0
scanId=169008,2.816666666667,938.6160306238992,1227.0
scanId=169008,2.816666666667,939.4807349386743,1203.0
scanId=169008,2.816666666667,939.4983861213846,1392.0
scanId=169008,2.816666666667,939.5160374495184,1550.0
scanId=169008,2.816666666667,939.5336889638749,1755.0
scanId=169008,2.816666666667,939.5513406236386,1701.0
scanId=169008,2.816666666667,939.5689924696412,1575.0
scanId=169008,2.816666666667,939.5866444610348,1338.0
scanId=169008,2.816666666667,939.6042966386842,1007.0
scanId=169008,2.816666666667,941.4940366456284,1166.0
scanId=169008,2.816666666667,941.5117067321822,1903.0
scanId=169008,2.816666666667,941.5293769632168,2530.0
scanId=169008,2.816666666667,941.5470473814172,2629.0
scanId=169008,2.816666666667,941.5647179440816,2498.0
scanId=169008,2.816666666667,941.5823886939282,2016.0
scanId=169008,2.816666666667,941.6000595882224,1516.0
scanId=169008,2.816666666667,941.6177306697152,1148.0
scanId=169008,2.816666666667,942.5191751458344,1361.0
scanId=169008,2.816666666667,942.536854850133,1910.0
scanId=169008,2.816666666667,942.5545346984328,1944.0
scanId=169008,2.816666666667,942.5722147343778,1681.0
scanId=169008,2.816666666667,942.5898949143074,1327.0
scanId=169008,2.816666666667,942.6075752818988,1009.0
scanId=169008,2.816666666667,943.4564274052664,1371.0
scanId=169008,2.816666666667,943.4741158759416,2291.0
scanId=169008,2.816666666667,943.4918045346924,4824.0
scanId=169008,2.816666666667,943.5094933369976,12719.0
scanId=169008,2.816666666667,943.5271823273948,28556.0
scanId=169008,2.816666666667,943.5448714613298,47061.0
scanId=169008,2.816666666667,943.5625607833732,55985.0
scanId=169008,2.816666666667,943.5802502489385,51075.0
scanId=169008,2.816666666667,943.597939902628,39249.0
scanId=169008,2.816666666667,943.6156296998228,27529.0
scanId=169008,2.816666666667,943.6333196851592,18611.0
scanId=169008,2.816666666667,943.6510098139836,12501.0
scanId=169008,2.816666666667,943.6687001309662,8341.0
scanId=169008,2.816666666667,943.6863905914208,5470.0
scanId=169008,2.816666666667,943.7040812400494,3690.0
scanId=169008,2.816666666667,943.7217720321338,2853.0
scanId=169008,2.816666666667,943.739463012409,2183.0
scanId=169008,2.816666666667,943.7571541361232,1678.0
scanId=169008,2.816666666667,943.7748454480447,1282.0
scanId=169008,2.816666666667,944.4649355039128,1349.0
scanId=169008,2.816666666667,944.4826334487616,1937.0
scanId=169008,2.816666666667,944.5003315367022,4794.0
scanId=169008,2.816666666667,944.5180298131976,12903.0
scanId=169008,2.816666666667,944.5357282327682,23374.0
scanId=169008,2.816666666667,944.5534268409097,32356.0
scanId=169008,2.816666666667,944.57112559211,35416.0
scanId=169008,2.816666666667,944.588824531898,31190.0
scanId=169008,2.816666666667,944.606523614728,23671.0
scanId=169008,2.816666666667,944.6242228861622,16525.0
scanId=169008,2.816666666667,944.6419223006224,11034.0
scanId=169008,2.816666666667,944.6596219037028,7340.0
scanId=169008,2.816666666667,944.6773216497928,5011.0
scanId=169008,2.816666666667,944.6950215845196,3541.0
scanId=169008,2.816666666667,944.7127216622396,2548.0
scanId=169008,2.816666666667,944.7304219286128,1856.0
scanId=169008,2.816666666667,944.7481223379624,1490.0
scanId=169008,2.816666666667,944.7658229359822,1167.0
scanId=169008,2.816666666667,945.066758266897,1176.0
scanId=169008,2.816666666667,945.084461849734,1136.0
scanId=169008,2.816666666667,945.438568098474,1042.0
scanId=169008,2.816666666667,945.4562751404206,1580.0
scanId=169008,2.816666666667,945.4739823713672,2371.0
scanId=169008,2.816666666667,945.4916897449434,3499.0
scanId=169008,2.816666666667,945.5093973075366,4994.0
scanId=169008,2.816666666667,945.5271050127424,7956.0
scanId=169008,2.816666666667,945.544812906982,11699.0
scanId=169008,2.816666666667,945.5625209438176,14290.0
scanId=169008,2.816666666667,945.5802291697034,14320.0
scanId=169008,2.816666666667,945.5979375381692,11995.0
scanId=169008,2.816666666667,945.6156460957012,8889.0
scanId=169008,2.816666666667,945.6333547957968,6262.0
scanId=169008,2.816666666667,945.6510636849754,4360.0
scanId=169008,2.816666666667,945.6687727167008,3009.0
scanId=169008,2.816666666667,945.6864819375256,2081.0
scanId=169008,2.816666666667,945.7041913008808,1437.0
scanId=169008,2.816666666667,946.4658513025043,1133.0
scanId=169008,2.816666666667,946.483567961716,1452.0
scanId=169008,2.816666666667,946.5012848104068,2232.0
scanId=169008,2.816666666667,946.5190018012482,3579.0
scanId=169008,2.816666666667,946.5367189815854,4922.0
scanId=169008,2.816666666667,946.5544363040568,5406.0
scanId=169008,2.816666666667,946.5721538160402,4918.0
scanId=169008,2.816666666667,946.5898714701416,3871.0
scanId=169008,2.816666666667,946.6075893137712,2847.0
scanId=169008,2.816666666667,946.6253072995022,2016.0
scanId=169008,2.816666666667,946.6430254747784,1384.0
scanId=169008,2.816666666667,947.4759661870152,1281.0
scanId=169008,2.816666666667,947.4936923218036,1646.0
scanId=169008,2.816666666667,947.5114185982804,1811.0
scanId=169008,2.816666666667,947.5291450647154,1876.0
scanId=169008,2.816666666667,947.546871672822,1952.0
scanId=169008,2.816666666667,947.5645984709032,1862.0
scanId=169008,2.816666666667,947.5823254106396,1613.0
scanId=169008,2.816666666667,947.6000525403672,1215.0
scanId=169008,2.816666666667,948.5043554038342,1295.0
scanId=169008,2.816666666667,948.5220911563664,1440.0
scanId=169008,2.816666666667,948.5398270501086,1411.0
scanId=169008,2.816666666667,948.557563134287,1299.0
scanId=169008,2.816666666667,948.5752993596589,1073.0
scanId=169008,2.816666666667,949.4978122179044,1285.0
scanId=169008,2.816666666667,949.5155572565338,1425.0
scanId=169008,2.816666666667,949.5333024359112,1275.0
scanId=169008,2.816666666667,949.551047806187,1215.0
scanId=169008,2.816666666667,949.5687933171944,1070.0
scanId=169008,2.816666666667,950.5095433652124,1015.0
scanId=169008,2.816666666667,950.5272978302256,1071.0
scanId=169008,2.816666666667,950.545052486598,1094.0
scanId=169008,2.816666666667,950.5628072832408,1023.0
scanId=169008,2.816666666667,951.504049482397,1061.0
scanId=169008,2.816666666667,951.5218132330456,1178.0
scanId=169008,2.816666666667,951.539577175515,1136.0
scanId=169008,2.816666666667,951.5573412577932,1051.0
scanId=169008,2.816666666667,952.5701688010586,1184.0
scanId=169008,2.816666666667,952.587942500602,1027.0
scanId=169008,2.816666666667,953.5479692323944,1032.0
scanId=169008,2.816666666667,953.5657520787036,1152.0
scanId=169008,2.816666666667,953.5835350638824,1139.0
scanId=169008,2.816666666667,953.6013182418376,1041.0
scanId=169008,2.816666666667,955.522876016136,1109.0
scanId=169008,2.816666666667,955.540677240956,1329.0
scanId=169008,2.816666666667,955.5584786594573,1477.0
scanId=169008,2.816666666667,955.576280215907,1445.0
scanId=169008,2.816666666667,955.5940819660544,1354.0
scanId=169008,2.816666666667,955.6118838541344,1217.0
scanId=169008,2.816666666667,956.502190374552,1171.0
scanId=169008,2.816666666667,956.520000747503,1304.0
scanId=169008,2.816666666667,956.5378112579584,1348.0
scanId=169008,2.816666666667,956.5556219625556,1249.0
scanId=169008,2.816666666667,956.5734328046408,1027.0
scanId=169008,2.816666666667,957.4820063638364,1162.0
scanId=169008,2.816666666667,957.4998258282974,1326.0
scanId=169008,2.816666666667,957.517645487344,1522.0
scanId=169008,2.816666666667,957.5354652834346,1623.0
scanId=169008,2.816666666667,957.5532852741276,1484.0
scanId=169008,2.816666666667,957.571105401848,1208.0
scanId=169008,2.816666666667,957.5889257241872,1029.0
scanId=169008,2.816666666667,958.515810235653,1103.0
scanId=169008,2.816666666667,958.5336393173792,1207.0
scanId=169008,2.816666666667,958.5514685941675,1132.0
scanId=169008,2.816666666667,958.5692980075236,1032.0
scanId=169008,2.816666666667,959.4966567611872,1389.0
scanId=169008,2.816666666667,959.5144949924246,2219.0
scanId=169008,2.816666666667,959.5323333597862,3227.0
scanId=169008,2.816666666667,959.5501719226698,3806.0
scanId=169008,2.816666666667,959.5680106216616,3544.0
scanId=169008,2.816666666667,959.5858495161914,2916.0
scanId=169008,2.816666666667,959.6036885468126,2198.0
scanId=169008,2.816666666667,959.6215277729888,1566.0
scanId=169008,2.816666666667,959.63936713524,1170.0
scanId=169008,2.816666666667,960.4958522403208,1074.0
scanId=169008,2.816666666667,960.5136997576536,1443.0
scanId=169008,2.816666666667,960.5315474106508,1730.0
scanId=169008,2.816666666667,960.5493952596293,1900.0
scanId=169008,2.816666666667,960.567243244256,1825.0
scanId=169008,2.816666666667,960.5850914248812,1557.0
scanId=169008,2.816666666667,960.6029397411378,1186.0
scanId=169008,2.816666666667,961.4777111209038,1126.0
scanId=169008,2.816666666667,961.4955677279064,2027.0
scanId=169008,2.816666666667,961.5134245313336,2496.0
scanId=169008,2.816666666667,961.531281469966,2534.0
scanId=169008,2.816666666667,961.5491386050396,2401.0
scanId=169008,2.816666666667,961.566995875302,2109.0
scanId=169008,2.816666666667,961.5848533420216,1859.0
scanId=169008,2.816666666667,961.6027109439138,1620.0
scanId=169008,2.816666666667,961.62056874228,1200.0
scanId=169008,2.816666666667,962.4958032239374,1096.0
scanId=169008,2.816666666667,962.5136693134594,1570.0
scanId=169008,2.816666666667,962.5315355377272,1903.0
scanId=169008,2.816666666667,962.5494019588954,1881.0
scanId=169008,2.816666666667,962.5672685147932,1694.0
scanId=169008,2.816666666667,962.5851352676076,1568.0
scanId=169008,2.816666666667,962.6030021551354,1368.0
scanId=169008,2.816666666667,962.620869239596,1097.0
scanId=169008,2.816666666667,963.4965587284084,1146.0
scanId=169008,2.816666666667,963.5144341040248,1726.0
scanId=169008,2.816666666667,963.5323096139282,2090.0
scanId=169008,2.816666666667,963.5501853211912,2011.0
scanId=169008,2.816666666667,963.568061162724,1907.0
scanId=169008,2.816666666667,963.5859372016332,1858.0
scanId=169008,2.816666666667,963.603813374796,1495.0
scanId=169008,2.816666666667,963.6216897453512,1048.0
scanId=169008,2.816666666667,964.5157189030244,1044.0
scanId=169008,2.816666666667,964.5336036985632,1333.0
scanId=169008,2.816666666667,964.55148869192,1419.0
scanId=169008,2.816666666667,964.5693738190888,1311.0
scanId=169008,2.816666666667,964.5872591440918,1119.0
scanId=169008,2.816666666667,965.4638423969444,1356.0
scanId=169008,2.816666666667,965.4817360131028,2751.0
scanId=169008,2.816666666667,965.4996297626471,5943.0
scanId=169008,2.816666666667,965.517523710452,10453.0
scanId=169008,2.816666666667,965.535417791626,14314.0
scanId=169008,2.816666666667,965.553312071077,15510.0
scanId=169008,2.816666666667,965.5712064838808,13588.0
scanId=169008,2.816666666667,965.5891010949782,10257.0
scanId=169008,2.816666666667,965.606995839412,7227.0
scanId=169008,2.816666666667,965.6248907821556,4994.0
scanId=169008,2.816666666667,965.6427858582192,3421.0
scanId=169008,2.816666666667,965.6606811326088,2349.0
scanId=169008,2.816666666667,965.6785765403024,1629.0
scanId=169008,2.816666666667,965.696472146338,1129.0
scanId=169008,2.816666666667,966.484042257223,1316.0
scanId=169008,2.816666666667,966.5019452924028,3514.0
scanId=169008,2.816666666667,966.5198485263014,7003.0
scanId=169008,2.816666666667,966.5377518931108,9328.0
scanId=169008,2.816666666667,966.5556554586558,9252.0
scanId=169008,2.816666666667,966.5735591570954,7545.0
scanId=169008,2.816666666667,966.5914630542864,5492.0
scanId=169008,2.816666666667,966.6093670843557,3786.0
scanId=169008,2.816666666667,966.6272713131928,2612.0
scanId=169008,2.816666666667,966.6451756748918,1742.0
scanId=169008,2.816666666667,966.6630802353752,1161.0
scanId=169008,2.816666666667,967.4868685097596,1560.0
scanId=169008,2.816666666667,967.5047808305746,3011.0
scanId=169008,2.816666666667,967.5226933505672,5127.0
scanId=169008,2.816666666667,967.5406060030122,6543.0
scanId=169008,2.816666666667,967.5585188546504,6617.0
scanId=169008,2.816666666667,967.5764318387252,5526.0
scanId=169008,2.816666666667,967.59434502201,4010.0
scanId=169008,2.816666666667,967.6122583377146,2884.0
scanId=169008,2.816666666667,967.6301718526454,2117.0
scanId=169008,2.816666666667,967.64808549998,1638.0
scanId=169008,2.816666666667,967.6659993465568,1322.0
scanId=169008,2.816666666667,967.6839133255212,1093.0
scanId=169008,2.816666666667,968.4902147707064,1114.0
scanId=169008,2.816666666667,968.5081363771568,1655.0
scanId=169008,2.816666666667,968.5260581832426,2299.0
scanId=169008,2.816666666667,968.543980121323,2618.0
scanId=169008,2.816666666667,968.5619022590548,2492.0
scanId=169008,2.816666666667,968.579824528765,2151.0
scanId=169008,2.816666666667,968.597746998143,1807.0
scanId=169008,2.816666666667,968.615669599483,1456.0
scanId=169008,2.816666666667,968.6335924005074,1166.0
scanId=169008,2.816666666667,969.4761502795244,1322.0
scanId=169008,2.816666666667,969.4940810400572,1860.0
scanId=169008,2.816666666667,969.5120119321432,2327.0
scanId=169008,2.816666666667,969.529943024322,2518.0
scanId=169008,2.816666666667,969.5478742480376,2567.0
scanId=169008,2.816666666667,969.5658056718628,2502.0
scanId=169008,2.816666666667,969.5837372272084,2019.0
scanId=169008,2.816666666667,969.6016689826796,1565.0
scanId=169008,2.816666666667,969.6196008696552,1207.0
scanId=169008,2.816666666667,970.4984673178058,1149.0
scanId=169008,2.816666666667,970.5164074955272,1302.0
scanId=169008,2.816666666667,970.5343478737988,1383.0
scanId=169008,2.816666666667,970.55228838315,1490.0
scanId=169008,2.816666666667,970.5702290930684,1530.0
scanId=169008,2.816666666667,970.5881699340492,1400.0
scanId=169008,2.816666666667,970.6061109756135,1161.0
scanId=169008,2.816666666667,971.503373603946,1314.0
scanId=169008,2.816666666667,971.5213230673028,1475.0
scanId=169008,2.816666666667,971.5392727316674,1433.0
scanId=169008,2.816666666667,971.557222526654,1203.0
scanId=169008,2.816666666667,971.5751725226648,1005.0
scanId=169008,2.816666666667,972.526758647464,1116.0
scanId=169008,2.816666666667,972.544717597921,1029.0
scanId=169008,2.816666666667,973.4967782964732,1007.0
scanId=169008,2.816666666667,973.5147462013764,1169.0
scanId=169008,2.816666666667,973.532714236004,1223.0
scanId=169008,2.816666666667,973.5506824725531,1240.0
scanId=169008,2.816666666667,973.5686508388108,1126.0
scanId=169008,2.816666666667,975.5281988322972,1243.0
scanId=169008,2.816666666667,975.5461854381956,1615.0
scanId=169008,2.816666666667,975.5641722469288,1752.0
scanId=169008,2.816666666667,975.5821591844572,1477.0
scanId=169008,2.816666666667,975.6001463248364,1144.0
scanId=169008,2.816666666667,976.5177093971216,1120.0
scanId=169008,2.816666666667,976.5357051603004,1526.0
scanId=169008,2.816666666667,976.553701051834,1513.0
scanId=169008,2.816666666667,976.571697146659,1271.0
scanId=169008,2.816666666667,977.507721601847,1012.0
scanId=169008,2.816666666667,977.5257264473864,1321.0
scanId=169008,2.816666666667,977.5437314966564,1445.0
scanId=169008,2.816666666667,977.561736673826,1372.0
scanId=169008,2.816666666667,977.579742054742,1270.0
scanId=169008,2.816666666667,977.5977475635412,1256.0
scanId=169008,2.816666666667,977.6157532761036,1253.0
scanId=169008,2.816666666667,977.6337591165326,1053.0
scanId=169008,2.816666666667,978.5522778413596,1023.0
scanId=169008,2.816666666667,978.5702923041642,1287.0
scanId=169008,2.816666666667,978.5883069711716,1530.0
scanId=169008,2.816666666667,978.606321765606,1542.0
scanId=169008,2.816666666667,978.6243367642594,1374.0
scanId=169008,2.816666666667,978.642351890324,1046.0
scanId=169008,2.816666666667,979.54332057295,1094.0
scanId=169008,2.816666666667,979.5613441944022,1119.0
scanId=169008,2.816666666667,979.5793679428424,1160.0
scanId=169008,2.816666666667,979.5973918959404,1095.0
scanId=169008,2.816666666667,980.5348649457896,1180.0
scanId=169008,2.816666666667,980.5528976482352,1228.0
scanId=169008,2.816666666667,980.570930555778,1062.0
scanId=169008,2.816666666667,981.4727863701652,1057.0
scanId=169008,2.816666666667,981.4908276949868,2217.0
scanId=169008,2.816666666667,981.5088692253275,3246.0
scanId=169008,2.816666666667,981.526910881779,3704.0
scanId=169008,2.816666666667,981.544952743766,3593.0
scanId=169008,2.816666666667,981.5629947318472,3272.0
scanId=169008,2.816666666667,981.5810369254802,2855.0
scanId=169008,2.816666666667,981.5990792451912,2127.0
scanId=169008,2.816666666667,981.6171217704706,1539.0
scanId=169008,2.816666666667,981.6351644218116,1196.0
scanId=169008,2.816666666667,982.4833570330104,1571.0
scanId=169008,2.816666666667,982.5014076434672,2360.0
scanId=169008,2.816666666667,982.5194584598984,3023.0
scanId=169008,2.816666666667,982.5375094019852,3157.0
scanId=169008,2.816666666667,982.5555605500624,2875.0
scanId=169008,2.816666666667,982.5736118237792,2265.0
scanId=169008,2.816666666667,982.5916633035024,1603.0
scanId=169008,2.816666666667,982.6097149088488,1095.0
scanId=169008,2.816666666667,982.7180281437134,1019.0
scanId=169008,2.816666666667,983.4944477041688,1420.0
scanId=169008,2.816666666667,983.5125076002612,1873.0
scanId=169008,2.816666666667,983.5305677027826,2004.0
scanId=169008,2.816666666667,983.5486279305048,1969.0
scanId=169008,2.816666666667,983.5666883646718,1884.0
scanId=169008,2.816666666667,983.584748924024,1796.0
scanId=169008,2.816666666667,983.602809689837,1586.0
scanId=169008,2.816666666667,983.6208705808187,1361.0
scanId=169008,2.816666666667,983.638931678278,1242.0
scanId=169008,2.816666666667,983.6569929008898,1095.0
scanId=169008,2.816666666667,983.6750543299952,1011.0
scanId=169008,2.816666666667,983.6931158842366,1044.0
scanId=169008,2.816666666667,983.711177644988,1020.0
scanId=169008,2.816666666667,984.5060583836344,1419.0
scanId=169008,2.816666666667,984.5241275653622,2038.0
scanId=169008,2.816666666667,984.5421969539728,2381.0
scanId=169008,2.816666666667,984.5602664673304,2287.0
scanId=169008,2.816666666667,984.5783361875872,1933.0
scanId=169008,2.816666666667,984.5964060325748,1419.0
scanId=169008,2.816666666667,984.6144760844774,1019.0
scanId=169008,2.816666666667,985.500110728345,1092.0
scanId=169008,2.816666666667,985.5181890713992,1627.0
scanId=169008,2.816666666667,985.5362675387622,2408.0
scanId=169008,2.816666666667,985.5543462134624,3083.0
scanId=169008,2.816666666667,985.5724250124556,3034.0
scanId=169008,2.816666666667,985.5905040188017,2745.0
scanId=169008,2.816666666667,985.6085831494244,2349.0
scanId=169008,2.816666666667,985.626662487417,1824.0
scanId=169008,2.816666666667,985.6447419496697,1378.0
scanId=169008,2.816666666667,985.662821619308,1059.0
scanId=169008,2.816666666667,986.5127521383132,1163.0
scanId=169008,2.816666666667,986.5308397674564,1467.0
scanId=169008,2.816666666667,986.5489275204552,1709.0
scanId=169008,2.816666666667,986.5670154812444,1651.0
scanId=169008,2.816666666667,986.5851035658732,1295.0
scanId=169008,2.816666666667,987.507816849563,1247.0
scanId=169008,2.816666666667,987.5259135565672,1355.0
scanId=169008,2.816666666667,987.5440104717997,1596.0
scanId=169008,2.816666666667,987.5621075104336,1974.0
scanId=169008,2.816666666667,987.580204757312,1965.0
scanId=169008,2.816666666667,987.5983021275758,1703.0
scanId=169008,2.816666666667,987.6163997061002,1477.0
scanId=169008,2.816666666667,987.634497407994,1141.0
scanId=169008,2.816666666667,988.557701184421,1041.0
scanId=169008,2.816666666667,988.5758075086906,1085.0
scanId=169008,2.816666666667,989.517565983866,1011.0
scanId=169008,2.816666666667,989.5356811396292,1460.0
scanId=169008,2.816666666667,989.5537964179044,1682.0
scanId=169008,2.816666666667,989.571911905314,1469.0
scanId=169008,2.816666666667,989.5900275152188,1083.0
scanId=169008,2.816666666667,989.6262592758088,1000.0
scanId=169008,2.816666666667,990.568517860973,1023.0
scanId=169008,2.816666666667,991.5474917348132,1072.0
scanId=169008,2.816666666667,991.62002755306,1055.0
scanId=169008,2.816666666667,991.6381619442916,1028.0
scanId=169008,2.816666666667,992.5632346226656,1054.0
scanId=169008,2.816666666667,993.5431934611051,1004.0
scanId=169008,2.816666666667,993.561345429574,1174.0
scanId=169008,2.816666666667,993.5794975187608,1131.0
scanId=169008,2.816666666667,993.5976498188752,1025.0
scanId=169008,2.816666666667,994.5781190482684,1042.0
scanId=169008,2.816666666667,995.5590718057208,1089.0
scanId=169008,2.816666666667,995.5772421345486,1190.0
scanId=169008,2.816666666667,995.595412675191,1143.0
scanId=169008,2.816666666667,997.5406161416132,1240.0
scanId=169008,2.816666666667,997.5588045911368,1767.0
scanId=169008,2.816666666667,997.5769931596056,1842.0
scanId=169008,2.816666666667,997.5951819407752,1518.0
scanId=169008,2.816666666667,997.613370840874,1188.0
scanId=169008,2.816666666667,999.5423370957149,1049.0
scanId=169008,2.816666666667,999.5605437857644,1165.0
scanId=169008,2.816666666667,999.5787505938742,1192.0
scanId=169008,2.816666666667,999.5969576155696,1188.0
scanId=169008,2.816666666667,999.6151647553096,1110.0
scanId=169008,2.816666666667,999.6333721086507,1016.0
scanId=169008,2.816666666667,1000.5257343558094,1184.0
scanId=169008,2.816666666667,1000.5439500002984,1261.0
scanId=169008,2.816666666667,1000.562165762414,1296.0
scanId=169008,2.816666666667,1000.580381738549,1166.0
scanId=169008,2.816666666667,1001.49139075943,1082.0
scanId=169008,2.816666666667,1001.5096151439212,1577.0
scanId=169008,2.816666666667,1001.52783974285,1774.0
scanId=169008,2.816666666667,1001.5460644589708,1834.0
scanId=169008,2.816666666667,1001.5642893895454,1695.0
scanId=169008,2.816666666667,1001.5825144372964,1472.0
scanId=169008,2.816666666667,1001.6007396995168,1338.0
scanId=169008,2.816666666667,1001.6189650788976,1342.0
scanId=169008,2.816666666667,1001.6371906727638,1200.0
scanId=169008,2.816666666667,1001.6554163837744,1015.0
scanId=169008,2.816666666667,1002.530446683538,1173.0
scanId=169008,2.816666666667,1002.5486805685516,1307.0
scanId=169008,2.816666666667,1002.5669145703082,1196.0
scanId=169008,2.816666666667,1002.5851487869676,1024.0
scanId=169008,2.816666666667,1002.603383120354,1017.0
scanId=169008,2.816666666667,1002.6216176686592,1011.0
scanId=169008,2.816666666667,1003.5153124361084,1035.0
scanId=169008,2.816666666667,1003.5335552755608,1128.0
scanId=169008,2.816666666667,1003.5517982313228,1034.0
scanId=169008,2.816666666667,1003.570041402421,1079.0
scanId=169008,2.816666666667,1003.5882846898128,1123.0
scanId=169008,2.816666666667,1003.606528192557,1048.0
scanId=169008,2.816666666667,1005.55953841271,1035.0
scanId=169008,2.816666666667,1005.577799824331,1134.0
scanId=169008,2.816666666667,1005.596061351364,1171.0
scanId=169008,2.816666666667,1006.5824314132316,1065.0
scanId=169008,2.816666666667,1007.532726247532,1239.0
scanId=169008,2.816666666667,1007.5510055680288,1452.0
scanId=169008,2.816666666667,1007.569285003073,1489.0
scanId=169008,2.816666666667,1007.5875646552156,1369.0
scanId=169008,2.816666666667,1007.6058444218896,1097.0
scanId=169008,2.816666666667,1009.5261454235924,1112.0
scanId=169008,2.816666666667,1009.5444427666476,1280.0
scanId=169008,2.816666666667,1009.5627403276648,1305.0
scanId=169008,2.816666666667,1009.5810380023498,1166.0
scanId=169008,2.816666666667,1009.5993358950128,1022.0
scanId=169008,2.816666666667,1010.496134459497,1249.0
scanId=169008,2.816666666667,1010.5144406433052,1841.0
scanId=169008,2.816666666667,1010.532746940366,2259.0
scanId=169008,2.816666666667,1010.5510534558202,2259.0
scanId=169008,2.816666666667,1010.569360084511,2005.0
scanId=169008,2.816666666667,1010.5876669316108,1566.0
scanId=169008,2.816666666667,1010.6059738919316,1233.0
scanId=169008,2.816666666667,1011.5215346420292,1173.0
scanId=169008,2.816666666667,1011.53985011192,1579.0
scanId=169008,2.816666666667,1011.5581656946162,1864.0
scanId=169008,2.816666666667,1011.5764814961528,1821.0
scanId=169008,2.816666666667,1011.594797410479,1631.0
scanId=169008,2.816666666667,1011.6131135436614,1309.0
scanId=169008,2.816666666667,1011.6314297896174,1023.0
scanId=169008,2.816666666667,1012.5474548326582,1022.0
scanId=169008,2.816666666667,1012.5657795886312,1415.0
scanId=169008,2.816666666667,1012.5841044569628,1729.0
scanId=169008,2.816666666667,1012.6024295445816,1691.0
scanId=169008,2.816666666667,1012.6207547445434,1352.0
scanId=169008,2.816666666667,1013.5555612090384,1012.0
scanId=169008,2.816666666667,1013.5738950313756,1160.0
scanId=169008,2.816666666667,1013.5922290734308,1085.0
scanId=169008,2.816666666667,1014.5458263573674,1160.0
scanId=169008,2.816666666667,1014.5641691337104,1439.0
scanId=169008,2.816666666667,1014.5825121302008,1394.0
scanId=169008,2.816666666667,1014.6008552381736,1239.0
scanId=169008,2.816666666667,1014.61919856631,1233.0
scanId=169008,2.816666666667,1014.6375420059128,1391.0
scanId=169008,2.816666666667,1014.6558856656948,2018.0
scanId=169008,2.816666666667,1014.6742294369274,3017.0
scanId=169008,2.816666666667,1014.6925734283552,3190.0
scanId=169008,2.816666666667,1014.7109175312174,2575.0
scanId=169008,2.816666666667,1014.7292618542912,1891.0
scanId=169008,2.816666666667,1014.7476062887836,1332.0
scanId=169008,2.816666666667,1015.609983059435,1019.0
scanId=169008,2.816666666667,1015.6466880672608,1250.0
scanId=169008,2.816666666667,1015.6650407924988,1847.0
scanId=169008,2.816666666667,1015.6833937383624,2348.0
scanId=169008,2.816666666667,1015.70174679523,2401.0
scanId=169008,2.816666666667,1015.7201000727396,2007.0
scanId=169008,2.816666666667,1015.7384534612372,1576.0
scanId=169008,2.816666666667,1015.756807070392,1213.0
scanId=169008,2.816666666667,1017.574632437952,1015.0
scanId=169008,2.816666666667,1017.593002629394,1153.0
scanId=169008,2.816666666667,1017.6113729310132,1020.0
scanId=169008,2.816666666667,1018.6219964393604,1050.0
scanId=169008,2.816666666667,1020.5711584434912,1013.0
scanId=169008,2.816666666667,1020.5895556071276,1060.0
scanId=169008,2.816666666667,1021.528032308744,1064.0
scanId=169008,2.816666666667,1021.5464380947558,1098.0
scanId=169008,2.816666666667,1021.5648441039352,1083.0
scanId=169008,2.816666666667,1022.559013292238,1166.0
scanId=169008,2.816666666667,1022.5774283638854,1237.0
scanId=169008,2.816666666667,1022.5958436591436,1057.0
scanId=169008,2.816666666667,1023.5536660083924,1008.0
scanId=169008,2.816666666667,1023.5720900340452,1086.0
scanId=169008,2.816666666667,1023.5905142837366,1125.0
scanId=169008,2.816666666667,1024.54880225239,1052.0
scanId=169008,2.816666666667,1024.5672352320485,1043.0
scanId=169008,2.816666666667,1025.5259801973116,1290.0
scanId=169008,2.816666666667,1025.5444220242232,1633.0
scanId=169008,2.816666666667,1025.5628639578874,1838.0
scanId=169008,2.816666666667,1025.5813061164445,1717.0
scanId=169008,2.816666666667,1025.5997483817382,1653.0
scanId=169008,2.816666666667,1025.618190871941,1604.0
scanId=169008,2.816666666667,1025.6366334688646,1303.0
scanId=169008,2.816666666667,1026.5589762115535,1010.0
scanId=169008,2.816666666667,1026.577427324543,1156.0
scanId=169008,2.816666666667,1026.5958785438424,1038.0
scanId=169008,2.816666666667,1027.5186524155886,1001.0
scanId=169008,2.816666666667,1027.5371121513642,1207.0
scanId=169008,2.816666666667,1027.5555719930394,1273.0
scanId=169008,2.816666666667,1027.574032060461,1232.0
scanId=169008,2.816666666667,1027.5924922337658,1224.0
scanId=169008,2.816666666667,1027.6109526328326,1115.0
scanId=169008,2.816666666667,1028.5526513023362,1010.0
scanId=169008,2.816666666667,1028.5711203241892,1138.0
scanId=169008,2.816666666667,1028.5895894515,1107.0
scanId=169008,2.816666666667,1028.6080588049986,1063.0
scanId=169008,2.816666666667,1030.5297738006395,1000.0
scanId=169008,2.816666666667,1030.5482605043314,1003.0
scanId=169008,2.816666666667,1030.566747435047,1148.0
scanId=169008,2.816666666667,1030.5852344703687,1302.0
scanId=169008,2.816666666667,1030.6037217327298,1210.0
scanId=169008,2.816666666667,1030.6222090996814,1061.0
scanId=169008,2.816666666667,1033.5267871999963,1338.0
scanId=169008,2.816666666667,1033.5453007657052,1526.0
scanId=169008,2.816666666667,1033.5638145597122,1490.0
scanId=169008,2.816666666667,1033.5823284570508,1268.0
scanId=169008,2.816666666667,1033.6008425827033,1065.0
scanId=169008,2.816666666667,1034.508236305192,1119.0
scanId=169008,2.816666666667,1034.5267587219837,1332.0
scanId=169008,2.816666666667,1034.5452812416977,1474.0
scanId=169008,2.816666666667,1034.563803990135,1443.0
scanId=169008,2.816666666667,1034.582326841479,1243.0
scanId=169008,2.816666666667,1034.6008499215618,1067.0
scanId=169008,2.816666666667,1039.5524365377964,1025.0
scanId=169008,2.816666666667,1039.571004058378,1053.0
scanId=169008,2.816666666667,1039.5895716797502,1018.0
scanId=169008,2.816666666667,1040.5738946551935,1337.0
scanId=169008,2.816666666667,1040.5924712305712,1402.0
scanId=169008,2.816666666667,1040.6110480372265,1197.0
scanId=169008,2.816666666667,1041.5772687797107,1042.0
scanId=169008,2.816666666667,1041.595854309094,1087.0
scanId=169008,2.816666666667,1042.5625320480576,1066.0
scanId=169008,2.816666666667,1042.5811264319225,1232.0
scanId=169008,2.816666666667,1042.5997209153109,1203.0
scanId=169008,2.816666666667,1043.5854676118176,1184.0
scanId=169008,2.816666666667,1043.6040710492125,1396.0
scanId=169008,2.816666666667,1043.62267471915,1423.0
scanId=169008,2.816666666667,1043.641278488174,1217.0
scanId=169008,2.816666666667,1047.5703895302922,1101.0
scanId=169008,2.816666666667,1047.5890284520792,1286.0
scanId=169008,2.816666666667,1047.6076676080756,1286.0
scanId=169008,2.816666666667,1047.6263068614924,1254.0
scanId=169008,2.816666666667,1047.6449463491342,1091.0
scanId=169008,2.816666666667,1049.5097290779747,1010.0
scanId=169008,2.816666666667,1049.5283852445136,1159.0
scanId=169008,2.816666666667,1049.5470416460698,1245.0
scanId=169008,2.816666666667,1049.565698144238,1274.0
scanId=169008,2.816666666667,1049.58435487744,1241.0
scanId=169008,2.816666666667,1049.603011707238,1090.0
scanId=169008,2.816666666667,1050.5174012261275,1290.0
scanId=169008,2.816666666667,1050.5360663466718,1660.0
scanId=169008,2.816666666667,1050.5547317026526,1597.0
scanId=169008,2.816666666667,1050.5733971548264,1384.0
scanId=169008,2.816666666667,1050.5920628424528,1133.0
scanId=169008,2.816666666667,1051.5068829231354,1232.0
scanId=169008,2.816666666667,1051.5255569018957,1384.0
scanId=169008,2.816666666667,1051.544230976445,1278.0
scanId=169008,2.816666666667,1051.5629052868508,1165.0
scanId=169008,2.816666666667,1051.58157969303,1069.0
scanId=169008,2.816666666667,1053.5993953522443,1061.0
scanId=169008,2.816666666667,1057.5846450359088,1147.0
scanId=169008,2.816666666667,1057.603372834492,1173.0
scanId=169008,2.816666666667,1057.6221008714367,1059.0
scanId=169008,2.816666666667,1058.5961854047266,1033.0
scanId=169008,2.816666666667,1062.5720933898222,1027.0
scanId=169008,2.816666666667,1062.5908652951734,1120.0
scanId=169008,2.816666666667,1062.609637440935,1012.0
scanId=169008,2.816666666667,1063.5672348108674,1169.0
scanId=169008,2.816666666667,1063.5860155794037,1344.0
scanId=169008,2.816666666667,1063.6047964387606,1254.0
scanId=169008,2.816666666667,1063.6235775389423,1027.0
scanId=169008,2.816666666667,1064.5816315735242,1088.0
scanId=169008,2.816666666667,1064.6004212964808,1130.0
scanId=169008,2.816666666667,1066.4614209013605,1754.0
scanId=169008,2.816666666667,1066.4802272065751,2559.0
scanId=169008,2.816666666667,1066.4990336014291,2850.0
scanId=169008,2.816666666667,1066.5178402382894,2546.0
scanId=169008,2.816666666667,1066.5366469647736,1988.0
scanId=169008,2.816666666667,1066.5554539332786,1626.0
scanId=169008,2.816666666667,1066.5742609913932,1351.0
scanId=169008,2.816666666667,1066.5930682915437,1279.0
scanId=169008,2.816666666667,1066.6118756812873,1175.0
scanId=169008,2.816666666667,1066.6306833130827,1151.0
scanId=169008,2.816666666667,1066.6494910344563,1160.0
scanId=169008,2.816666666667,1067.458381595519,1052.0
scanId=169008,2.816666666667,1067.4771966127491,1299.0
scanId=169008,2.816666666667,1067.4960118723832,1509.0
scanId=169008,2.816666666667,1067.514827221243,1445.0
scanId=169008,2.816666666667,1067.533642812522,1237.0
scanId=169008,2.816666666667,1067.5524584930115,1266.0
scanId=169008,2.816666666667,1067.571274415936,1339.0
scanId=169008,2.816666666667,1067.5900904280554,1268.0
scanId=169008,2.816666666667,1067.6089066826248,1169.0
scanId=169008,2.816666666667,1071.5639858101042,1052.0
scanId=169008,2.816666666667,1071.5828369749863,1153.0
scanId=169008,2.816666666667,1071.601688383938,1228.0
scanId=169008,2.816666666667,1071.62053988045,1204.0
scanId=169008,2.816666666667,1071.6393916210463,1085.0
scanId=169008,2.816666666667,1075.5830360789669,1020.0
scanId=169008,2.816666666667,1077.5481226367694,1112.0
scanId=169008,2.816666666667,1077.5670264456385,1460.0
scanId=169008,2.816666666667,1077.5859303396646,1412.0
scanId=169008,2.816666666667,1077.6048344801786,1134.0
scanId=169008,2.816666666667,1077.6237387058347,1022.0
scanId=169008,2.816666666667,1077.6426431779937,1045.0
scanId=169008,2.816666666667,1079.571766268993,1045.0
scanId=169008,2.816666666667,1079.590687739401,1124.0
scanId=169008,2.816666666667,1079.6096094570996,1245.0
scanId=169008,2.816666666667,1079.628531259137,1246.0
scanId=169008,2.816666666667,1079.6474533084804,1047.0
scanId=169008,2.816666666667,1080.5748348168534,1005.0
scanId=169008,2.816666666667,1080.5937651573215,1013.0
scanId=169008,2.816666666667,1081.5783692313105,1158.0
scanId=169008,2.816666666667,1081.5973082780993,1275.0
scanId=169008,2.816666666667,1081.6162475729811,1298.0
scanId=169008,2.816666666667,1081.6351869514,1273.0
scanId=169008,2.816666666667,1081.654126577927,1193.0
scanId=169008,2.816666666667,1081.6730662879754,1065.0
scanId=169008,2.816666666667,1082.582369348223,1113.0
scanId=169008,2.816666666667,1082.6013172658736,1379.0
scanId=169008,2.816666666667,1082.620265266668,1300.0
scanId=169008,2.816666666667,1082.639213515963,1064.0
scanId=169008,2.816666666667,1088.5591509925812,1070.0
scanId=169008,2.816666666667,1088.57815105926,1172.0
scanId=169008,2.816666666667,1089.5663852357202,1021.0
scanId=169008,2.816666666667,1089.585394176031,1166.0
scanId=169008,2.816666666667,1089.604403196715,1120.0
scanId=169008,2.816666666667,1093.6380684928122,1133.0
scanId=169008,2.816666666667,1093.6571129191184,1155.0
scanId=169008,2.816666666667,1097.6028698554287,1037.0
scanId=169008,2.816666666667,1097.6219487727897,1052.0
scanId=169008,2.816666666667,1097.6410277673697,1058.0
scanId=169008,2.816666666667,1097.6601070163754,1123.0
scanId=169008,2.816666666667,1097.6791863425851,1066.0
scanId=169008,2.816666666667,1103.601784490171,1227.0
scanId=169008,2.816666666667,1103.620915475748,1279.0
scanId=169008,2.816666666667,1103.6400465362124,1116.0
scanId=169008,2.816666666667,1103.659177853434,1016.0
scanId=169008,2.816666666667,1112.592393378751,1002.0
scanId=169008,2.816666666667,1112.611602040597,1002.0
scanId=169008,2.816666666667,1113.572248911135,1044.0
scanId=169008,2.816666666667,1113.591466124301,1328.0
scanId=169008,2.816666666667,1113.6106834085226,1510.0
scanId=169008,2.816666666667,1113.6299009533334,1385.0
scanId=169008,2.816666666667,1113.649118569185,1154.0
scanId=169008,2.816666666667,1114.6102131499003,1175.0
scanId=169008,2.816666666667,1114.629439317468,1179.0
scanId=169008,2.816666666667,1121.5616174053073,1034.0
scanId=169008,2.816666666667,1121.580903336905,1587.0
scanId=169008,2.816666666667,1121.600189532115,1716.0
scanId=169008,2.816666666667,1121.6194757953429,1783.0
scanId=169008,2.816666666667,1121.638762322197,1739.0
scanId=169008,2.816666666667,1121.6580489170549,1409.0
scanId=169008,2.816666666667,1121.6773357755535,1041.0
scanId=169008,2.816666666667,1122.5840028204034,1170.0
scanId=169008,2.816666666667,1122.603297638367,1678.0
scanId=169008,2.816666666667,1122.6225925239703,1934.0
scanId=169008,2.816666666667,1122.6418876735784,1904.0
scanId=169008,2.816666666667,1122.661182890812,1643.0
scanId=169008,2.816666666667,1122.6804783720645,1239.0
scanId=169008,2.816666666667,1123.5875506772632,1128.0
scanId=169008,2.816666666667,1123.60685411798,1377.0
scanId=169008,2.816666666667,1123.6261576259592,1513.0
scanId=169008,2.816666666667,1123.6454613983203,1452.0
scanId=169008,2.816666666667,1123.6647652379295,1268.0
scanId=169008,2.816666666667,1123.6840693419351,1053.0
scanId=169008,2.816666666667,1124.649483496412,1036.0
scanId=169008,2.816666666667,1124.668795958397,1046.0
scanId=169008,2.816666666667,1129.5601893232658,1614.0
scanId=169008,2.816666666667,1129.57954390224,2190.0
scanId=169008,2.816666666667,1129.5988987478245,2252.0
scanId=169008,2.816666666667,1129.6182536584286,1798.0
scanId=169008,2.816666666667,1129.6376088356571,1375.0
scanId=169008,2.816666666667,1129.6569640778907,1111.0
scanId=169008,2.816666666667,1130.5474867891728,1099.0
scanId=169008,2.816666666667,1130.5668499258634,1502.0
scanId=169008,2.816666666667,1130.5862131272131,1705.0
scanId=169008,2.816666666667,1130.605576595548,1723.0
scanId=169008,2.816666666667,1130.6249401285277,1468.0
scanId=169008,2.816666666667,1130.6443039285068,1204.0
scanId=169008,2.816666666667,1130.6636677931162,1019.0
scanId=169008,2.816666666667,1131.5739589017396,1237.0
scanId=169008,2.816666666667,1131.593330725465,1551.0
scanId=169008,2.816666666667,1131.6127028165502,1592.0
scanId=169008,2.816666666667,1131.6320749719057,1475.0
scanId=169008,2.816666666667,1131.651447394635,1353.0
scanId=169008,2.816666666667,1131.6708198816204,1215.0
scanId=169008,2.816666666667,1132.5815162508848,1029.0
scanId=169008,2.816666666667,1132.600896696986,1111.0
scanId=169008,2.816666666667,1132.6202774108208,1101.0
scanId=169008,2.816666666667,1133.5701329683477,1012.0
scanId=169008,2.816666666667,1133.5895219732874,1024.0
scanId=169008,2.816666666667,1143.596865432312,1019.0
scanId=169008,2.816666666667,1143.6163400014354,1068.0
scanId=169008,2.816666666667,1144.6097601468705,1491.0
scanId=169008,2.816666666667,1144.629243338739,1499.0
scanId=169008,2.816666666667,1144.6487265900892,1212.0
scanId=169008,2.816666666667,1144.6682101136012,1041.0
scanId=169008,2.816666666667,1151.5366936425644,1330.0
scanId=169008,2.816666666667,1151.556235592396,1510.0
scanId=169008,2.816666666667,1151.575777816891,1532.0
scanId=169008,2.816666666667,1151.5953200983524,1454.0
scanId=169008,2.816666666667,1151.6148626544916,1501.0
scanId=169008,2.816666666667,1151.634405267583,1495.0
scanId=169008,2.816666666667,1151.653948155366,1338.0
scanId=169008,2.816666666667,1151.673491100087,1056.0
scanId=169008,2.816666666667,1152.5726483112362,1002.0
scanId=169008,2.816666666667,1152.592199158473,1237.0
scanId=169008,2.816666666667,1152.6117500623102,1332.0
scanId=169008,2.816666666667,1152.6313012411908,1092.0
scanId=169008,2.816666666667,1153.6286283993145,1024.0
scanId=169008,2.816666666667,1161.6227726748816,1063.0
scanId=169008,2.816666666667,1161.6424001318426,1267.0
scanId=169008,2.816666666667,1161.662027642172,1466.0
scanId=169008,2.816666666667,1161.6816554307768,1997.0
scanId=169008,2.816666666667,1161.701283272736,2468.0
scanId=169008,2.816666666667,1161.7209113929848,2409.0
scanId=169008,2.816666666667,1161.740539566574,1917.0
scanId=169008,2.816666666667,1161.7601680184662,1421.0
scanId=169008,2.816666666667,1161.7797965236853,1139.0
scanId=169008,2.816666666667,1162.643617388352,1014.0
scanId=169008,2.816666666667,1162.6632534680502,1381.0
scanId=169008,2.816666666667,1162.6828896007553,1610.0
scanId=169008,2.816666666667,1162.7025260120977,1674.0
scanId=169008,2.816666666667,1162.722162476433,1622.0
scanId=169008,2.816666666667,1162.741799219419,1454.0
scanId=169008,2.816666666667,1162.7614360153834,1201.0
scanId=169008,2.816666666667,1163.6256216805157,1223.0
scanId=169008,2.816666666667,1163.645266051307,1337.0
scanId=169008,2.816666666667,1163.6649104747585,1312.0
scanId=169008,2.816666666667,1163.684555177194,1304.0
scanId=169008,2.816666666667,1163.7041999322748,1176.0
scanId=169008,2.816666666667,1169.5657411838883,1045.0
scanId=169008,2.816666666667,1169.5854356328748,1753.0
scanId=169008,2.816666666667,1169.6051301324312,2368.0
scanId=169008,2.816666666667,1169.6248249130615,2671.0
scanId=169008,2.816666666667,1169.6445197442476,2636.0
scanId=169008,2.816666666667,1169.6642148565213,2367.0
scanId=169008,2.816666666667,1169.6839100193374,1813.0
scanId=169008,2.816666666667,1169.703605463255,1259.0
scanId=169008,2.816666666667,1170.5703666195786,1031.0
scanId=169008,2.816666666667,1170.590069409881,1456.0
scanId=169008,2.816666666667,1170.6097724816016,1780.0
scanId=169008,2.816666666667,1170.6294756035336,2072.0
scanId=169008,2.816666666667,1170.649179006898,1989.0
scanId=169008,2.816666666667,1170.66888246046,1515.0
scanId=169008,2.816666666667,1170.6885861954677,1062.0
scanId=169008,2.816666666667,1171.5754232332336,1137.0
scanId=169008,2.816666666667,1171.5951345960443,1705.0
scanId=169008,2.816666666667,1171.6148460087225,2270.0
scanId=169008,2.816666666667,1171.6345577031764,2403.0
scanId=169008,2.816666666667,1171.6542694474842,2104.0
scanId=169008,2.816666666667,1171.6739814735822,1645.0
scanId=169008,2.816666666667,1171.69369354952,1149.0
scanId=169008,2.816666666667,1177.6543446823807,1032.0
scanId=169008,2.816666666667,1177.6741071182976,1024.0
scanId=169008,2.816666666667,1183.6895570299885,1181.0
scanId=169008,2.816666666667,1183.7093699213965,1436.0
scanId=169008,2.816666666667,1183.7291830987592,1353.0
scanId=169008,2.816666666667,1183.7489963217972,1077.0
scanId=169008,2.816666666667,1184.660586594423,1092.0
scanId=169008,2.816666666667,1184.680407731227,1253.0
scanId=169008,2.816666666667,1184.700228913381,1488.0
scanId=169008,2.816666666667,1184.7200503818283,1592.0
scanId=169008,2.816666666667,1184.7398718956122,1468.0
scanId=169008,2.816666666667,1184.759693695703,1256.0
scanId=169008,2.816666666667,1184.7795155411166,1032.0
scanId=169008,2.816666666667,1185.691502451123,1119.0
scanId=169008,2.816666666667,1185.7113322106543,1261.0
scanId=169008,2.816666666667,1185.7311620151845,1316.0
scanId=169008,2.816666666667,1185.750992106359,1361.0
scanId=169008,2.816666666667,1185.7708222425188,1254.0
scanId=169008,2.816666666667,1186.6236776199778,1065.0
scanId=169008,2.816666666667,1186.6435150519935,1213.0
scanId=169008,2.816666666667,1186.6633527709655,1350.0
scanId=169008,2.816666666667,1186.6831905346114,1381.0
scanId=169008,2.816666666667,1186.7030285852268,1422.0
scanId=169008,2.816666666667,1186.7228666805024,1396.0
scanId=169008,2.816666666667,1186.7427050627607,1226.0
scanId=169008,2.816666666667,1187.635601099389,1005.0
scanId=169008,2.816666666667,1188.628101692511,1011.0
scanId=169008,2.816666666667,1188.6479559936497,1071.0
scanId=169008,2.816666666667,1192.5823623455613,1124.0
scanId=169008,2.816666666667,1192.6022495220525,1454.0
scanId=169008,2.816666666667,1192.6221369875184,1474.0
scanId=169008,2.816666666667,1192.6420244956396,1272.0
scanId=169008,2.816666666667,1192.6619122927484,1079.0
scanId=169008,2.816666666667,1201.648182142707,1064.0
scanId=169008,2.816666666667,1209.6064310567594,1626.0
scanId=169008,2.816666666667,1209.626459802184,2765.0
scanId=169008,2.816666666667,1209.6464885846156,3388.0
scanId=169008,2.816666666667,1209.6665176616834,3105.0
scanId=169008,2.816666666667,1209.6865467757452,2393.0
scanId=169008,2.816666666667,1209.7065761844558,1689.0
scanId=169008,2.816666666667,1209.726605630147,1188.0
scanId=169008,2.816666666667,1210.5880314934557,1029.0
scanId=169008,2.816666666667,1210.6080682350032,1768.0
scanId=169008,2.816666666667,1210.6281052715017,2515.0
scanId=169008,2.816666666667,1210.648142344679,3028.0
scanId=169008,2.816666666667,1210.6681797128203,2969.0
scanId=169008,2.816666666667,1210.6882171176276,2411.0
scanId=169008,2.816666666667,1210.7082548174117,1741.0
scanId=169008,2.816666666667,1210.7282925538489,1334.0
scanId=169008,2.816666666667,1210.748330585276,1031.0
scanId=169008,2.816666666667,1211.630165286299,1292.0
scanId=169008,2.816666666667,1211.6502106502223,1446.0
scanId=169008,2.816666666667,1211.6702563094366,1504.0
scanId=169008,2.816666666667,1211.69030200499,1383.0
scanId=169008,2.816666666667,1211.710347995847,1082.0
scanId=169008,2.816666666667,1215.7027870090235,1010.0
scanId=169008,2.816666666667,1223.6670751869658,1407.0
scanId=169008,2.816666666667,1223.6872200073803,2064.0
scanId=169008,2.816666666667,1223.7073648602548,2910.0
scanId=169008,2.816666666667,1223.7275100123122,3629.0
scanId=169008,2.816666666667,1223.7476551968164,3979.0
scanId=169008,2.816666666667,1223.7678006805163,3948.0
scanId=169008,2.816666666667,1223.7879461966504,3444.0
scanId=169008,2.816666666667,1223.808092011993,2748.0
scanId=169008,2.816666666667,1223.8282378597569,2056.0
scanId=169008,2.816666666667,1223.8483840067422,1442.0
scanId=169008,2.816666666667,1223.8685301861358,1034.0
scanId=169008,2.816666666667,1224.6543631889583,1071.0
scanId=169008,2.816666666667,1224.6745160009486,1633.0
scanId=169008,2.816666666667,1224.6946691124306,2240.0
scanId=169008,2.816666666667,1224.7148222560509,3043.0
scanId=169008,2.816666666667,1224.7349756991753,4076.0
scanId=169008,2.816666666667,1224.7551291744253,4502.0
scanId=169008,2.816666666667,1224.7752829491926,3955.0
scanId=169008,2.816666666667,1224.7954367560726,3056.0
scanId=169008,2.816666666667,1224.8155908624826,2224.0
scanId=169008,2.816666666667,1224.8357450009923,1618.0
scanId=169008,2.816666666667,1224.8558994390448,1257.0
scanId=169008,2.816666666667,1225.6420491866158,1180.0
scanId=169008,2.816666666667,1225.662210257522,1306.0
scanId=169008,2.816666666667,1225.6823713602585,1579.0
scanId=169008,2.816666666667,1225.702532762807,1919.0
scanId=169008,2.816666666667,1225.7226941971733,2180.0
scanId=169008,2.816666666667,1225.7428559313648,2443.0
scanId=169008,2.816666666667,1225.763017697361,2355.0
scanId=169008,2.816666666667,1225.7831797631952,1959.0
scanId=169008,2.816666666667,1225.803341860821,1474.0
scanId=169008,2.816666666667,1225.8235042582978,1054.0
scanId=169008,2.816666666667,1226.7309806836124,1077.0
scanId=169008,2.816666666667,1227.6387930249512,1533.0
scanId=169008,2.816666666667,1227.6589703775494,1688.0
scanId=169008,2.816666666667,1227.679148030588,1465.0
scanId=169008,2.816666666667,1227.6993257148165,1170.0
scanId=169008,2.816666666667,1231.637156117671,1047.0
scanId=169008,2.816666666667,1232.6276533945188,1237.0
scanId=169008,2.816666666667,1232.6478718395963,1149.0
scanId=169008,2.816666666667,1233.659002106761,1232.0
scanId=169008,2.816666666667,1233.679228872205,1328.0
scanId=169008,2.816666666667,1233.699455939988,1213.0
scanId=169008,2.816666666667,1233.7196830370617,1014.0
scanId=169008,2.816666666667,1241.6412123879124,1020.0
scanId=169008,2.816666666667,1241.661504484434,1180.0
scanId=169008,2.816666666667,1241.6817968857815,1111.0
scanId=169008,2.816666666667,1241.7020893139331,1066.0
scanId=169008,2.816666666667,1241.7223820469237,1198.0
scanId=169008,2.816666666667,1241.7426748067048,1171.0
scanId=169008,2.816666666667,1241.762967871337,1014.0
scanId=169008,2.816666666667,1242.6966248959816,1002.0
scanId=169008,2.816666666667,1242.7169256148793,1086.0
scanId=169008,2.816666666667,1242.7372266389284,1051.0
scanId=169008,2.816666666667,1244.666573365586,1090.0
scanId=169008,2.816666666667,1244.686890308468,1192.0
scanId=169008,2.816666666667,1245.662295210397,1229.0
scanId=169008,2.816666666667,1245.682620138272,1458.0
scanId=169008,2.816666666667,1245.7029453722123,1416.0
scanId=169008,2.816666666667,1245.7232706317177,1125.0
scanId=169008,2.816666666667,1246.6990814560518,1178.0
scanId=169008,2.816666666667,1246.7194149810496,1239.0
scanId=169008,2.816666666667,1246.7397485313008,1098.0
scanId=169008,2.816666666667,1247.6752743251343,1102.0
scanId=169008,2.816666666667,1247.6956158095468,1367.0
scanId=169008,2.816666666667,1247.7159573189142,1426.0
scanId=169008,2.816666666667,1247.7362991349696,1211.0
scanId=169008,2.816666666667,1249.628806197504,1050.0
scanId=169008,2.816666666667,1249.649163600745,1245.0
scanId=169008,2.816666666667,1249.6695210283444,1480.0
scanId=169008,2.816666666667,1249.6898787632276,1613.0
scanId=169008,2.816666666667,1249.710236522457,1497.0
scanId=169008,2.816666666667,1249.7305945889827,1243.0
scanId=169008,2.816666666667,1249.750952679842,1009.0
scanId=169008,2.816666666667,1250.6468759501406,1363.0
scanId=169008,2.816666666667,1250.6672416444374,1589.0
scanId=169008,2.816666666667,1250.687607362783,1533.0
scanId=169008,2.816666666667,1250.7079733887222,1471.0
scanId=169008,2.816666666667,1250.7283394386975,1227.0
scanId=169008,2.816666666667,1255.6822227214825,1029.0
scanId=169008,2.816666666667,1255.7026292302978,1192.0
scanId=169008,2.816666666667,1255.723036048225,1085.0
scanId=169008,2.816666666667,1259.6850812737964,1086.0
scanId=169008,2.816666666667,1259.7055202823358,1078.0
scanId=169008,2.816666666667,1259.7259596011884,1068.0
scanId=169008,2.816666666667,1261.688899323736,1057.0
scanId=169008,2.816666666667,1261.7093545821374,1095.0
scanId=169008,2.816666666667,1261.72981015145,1062.0
scanId=169008,2.816666666667,1263.694309889414,1060.0
scanId=169008,2.816666666667,1263.7147813976774,1272.0
scanId=169008,2.816666666667,1263.7352532174486,1375.0
scanId=169008,2.816666666667,1263.7557250573418,1611.0
scanId=169008,2.816666666667,1263.7761972087546,1874.0
scanId=169008,2.816666666667,1263.7966693802775,1710.0
scanId=169008,2.816666666667,1263.8171418633324,1473.0
scanId=169008,2.816666666667,1263.8376143664852,1245.0
scanId=169008,2.816666666667,1263.8580871811823,1020.0
scanId=169008,2.816666666667,1264.738571870825,1010.0
scanId=169008,2.816666666667,1264.7590519816454,1112.0
scanId=169008,2.816666666667,1264.7795321122844,1095.0
scanId=169008,2.816666666667,1264.800012554747,1019.0
scanId=169008,2.816666666667,1265.680825232158,1129.0
scanId=169008,2.816666666667,1265.7013129707432,1340.0
scanId=169008,2.816666666667,1265.7218007288686,1373.0
scanId=169008,2.816666666667,1265.742288799096,1333.0
scanId=169008,2.816666666667,1265.7627768888512,1199.0
scanId=169008,2.816666666667,1266.705411631462,1097.0
scanId=169008,2.816666666667,1266.7259076610962,1184.0
scanId=169008,2.816666666667,1266.7464037099674,1115.0
scanId=169008,2.816666666667,1267.6689009022384,1098.0
scanId=169008,2.816666666667,1267.689404578596,1061.0
scanId=169008,2.816666666667,1268.673779570258,1079.0
scanId=169008,2.816666666667,1268.6942915187042,1028.0
scanId=169008,2.816666666667,1269.7200966800035,1139.0
scanId=169008,2.816666666667,1269.7406169378528,1076.0
scanId=169008,2.816666666667,1270.6642035543855,1161.0
scanId=169008,2.816666666667,1270.6847314397216,1195.0
scanId=169008,2.816666666667,1270.7052596386195,1178.0
scanId=169008,2.816666666667,1270.7257878555852,1169.0
scanId=169008,2.816666666667,1270.746316386125,1086.0
scanId=169008,2.816666666667,1271.6291968123182,1238.0
scanId=169008,2.816666666667,1271.6497326389788,1914.0
scanId=169008,2.816666666667,1271.6702684834304,2837.0
scanId=169008,2.816666666667,1271.690804641733,3515.0
scanId=169008,2.816666666667,1271.7113408178143,3474.0
scanId=169008,2.816666666667,1271.7318773077586,2940.0
scanId=169008,2.816666666667,1271.75241381547,2290.0
scanId=169008,2.816666666667,1271.7729506370565,1758.0
scanId=169008,2.816666666667,1271.793487476397,1362.0
scanId=169008,2.816666666667,1271.8140246296252,1038.0
scanId=169008,2.816666666667,1272.6561875716266,1621.0
scanId=169008,2.816666666667,1272.676731689333,2506.0
scanId=169008,2.816666666667,1272.6972758245306,2789.0
scanId=169008,2.816666666667,1272.717820273879,2670.0
scanId=169008,2.816666666667,1272.7383647407064,2397.0
scanId=169008,2.816666666667,1272.7589095216963,2070.0
scanId=169008,2.816666666667,1272.7794543201535,1562.0
scanId=169008,2.816666666667,1272.7999994327856,1159.0
scanId=169008,2.816666666667,1273.6835928757234,1143.0
scanId=169008,2.816666666667,1273.704145284475,1405.0
scanId=169008,2.816666666667,1273.7246977104192,1616.0
scanId=169008,2.816666666667,1273.7452504508128,1467.0
scanId=169008,2.816666666667,1273.765803208386,1207.0
scanId=169008,2.816666666667,1275.71907844243,1000.0
scanId=169008,2.816666666667,1282.722009668346,1130.0
scanId=169008,2.816666666667,1282.7426347212236,1314.0
scanId=169008,2.816666666667,1282.7632600911545,1356.0
scanId=169008,2.816666666667,1282.7838854756617,1114.0
scanId=169008,2.816666666667,1288.7309186686057,1012.0
scanId=169008,2.816666666667,1289.6820658385288,1067.0
scanId=169008,2.816666666667,1289.7027469242444,1245.0
scanId=169008,2.816666666667,1289.7234280225643,1140.0
scanId=169008,2.816666666667,1290.716319420819,1053.0
scanId=169008,2.816666666667,1290.737008797572,1092.0
scanId=169008,2.816666666667,1291.7095928633594,1119.0
scanId=169008,2.816666666667,1291.730290199508,1191.0
scanId=169008,2.816666666667,1291.75098754769,1011.0
scanId=169008,2.816666666667,1293.6765729464692,1133.0
scanId=169008,2.816666666667,1293.6972858812535,1572.0
scanId=169008,2.816666666667,1293.7179991361922,1687.0
scanId=169008,2.816666666667,1293.7387124026063,1394.0
scanId=169008,2.816666666667,1293.7594259891862,1022.0
scanId=169008,2.816666666667,1306.779442184161,1023.0
scanId=169008,2.816666666667,1307.7164003566672,1041.0
scanId=169008,2.816666666667,1311.6970040521967,1431.0
scanId=169008,2.816666666667,1311.7178609078048,2046.0
scanId=169008,2.816666666667,1311.738717769938,2139.0
scanId=169008,2.816666666667,1311.7595749571876,1783.0
scanId=169008,2.816666666667,1311.780432150951,1368.0
scanId=169008,2.816666666667,1311.801289669841,1081.0
scanId=169008,2.816666666667,1327.742862072956,1095.0
scanId=169008,2.816666666667,1327.7638459493164,1062.0
scanId=169008,2.816666666667,1383.8038216128862,1092.0
scanId=169008,2.816666666667,1383.8252439038906,1054.0
scanId=169008,2.816666666667,1525.8092249959689,1213.0
scanId=169008,2.816666666667,1525.8317198171078,1800.0
scanId=169008,2.816666666667,1525.8542145990036,2023.0
scanId=169008,2.816666666667,1525.8767097517791,1834.0
scanId=169008,2.816666666667,1525.899204865305,1408.0
scanId=169008,2.816666666667,1525.921700349718,1096.0
scanId=169008,2.816666666667,1526.8216515945385,1634.0
scanId=169008,2.816666666667,1526.8441536722903,1950.0
scanId=169008,2.816666666667,1526.8666561210816,1867.0
scanId=169008,2.816666666667,1526.8891585304636,1473.0
scanId=169008,2.816666666667,1526.911661310892,1124.0
scanId=169008,2.816666666667,1527.83441376675,1039.0
scanId=169008,2.816666666667,1527.856923511556,1179.0
scanId=169008,2.816666666667,1527.8794332167945,1239.0
scanId=169008,2.816666666667,1527.9019432932375,1061.0
scanId=169008,2.816666666667,1550.8804219941676,1026.0
scanId=169008,2.816666666667,1550.9031008737518,1125.0
scanId=169008,2.816666666667,1551.833073316942,1067.0
scanId=169008,2.816666666667,1551.8557591608946,1257.0
scanId=169008,2.816666666667,1551.8784449615762,1429.0
scanId=169008,2.816666666667,1551.9011311371655,1427.0
scanId=169008,2.816666666667,1551.9238172694777,1221.0
scanId=169008,2.816666666667,1581.3500378528051,1026.0
scanId=169008,2.816666666667,1581.372938217991,1003.0
scanId=169008,2.816666666667,1596.3393445258837,1128.0
scanId=169008,2.816666666667,1596.3623533834907,1168.0
scanId=169008,2.816666666667,1596.385362191633,1089.0
scanId=169008,2.816666666667,1890.4365851640468,1077.0
scanId=169008,2.816666666667,1890.4616239503875,1176.0
scanId=169008,2.816666666667,1890.486662664759,1162.0
scanId=169008,2.816666666667,1892.4402025363515,1163.0
scanId=169008,2.816666666667,1892.4652545879508,1131.0
