ScanNumber,RetentionTime,m/z,Intensity
scanId=190977,3.182816666667,102.11665657812496,1141.0
scanId=190977,3.182816666667,102.1224760169524,2878.0
scanId=190977,3.182816666667,102.12829562159484,3244.0
scanId=190977,3.182816666667,102.13411539205212,2435.0
scanId=190977,3.182816666667,102.13993532832436,1591.0
scanId=190977,3.182816666667,102.14575543041148,1116.0
scanId=190977,3.182816666667,115.12270384186276,1022.0
scanId=190977,3.182816666667,118.12016852331502,1216.0
scanId=190977,3.182816666667,118.12642737167585,1151.0
scanId=190977,3.182816666667,121.09919398647916,1070.0
scanId=190977,3.182816666667,121.10553159782424,1005.0
scanId=190977,3.182816666667,136.92783534322282,1203.0
scanId=190977,3.182816666667,136.93457405995704,1226.0
scanId=190977,3.182816666667,138.11642444615794,2302.0
scanId=190977,3.182816666667,138.12319234631775,4685.0
scanId=190977,3.182816666667,138.12996065258886,4843.0
scanId=190977,3.182816666667,138.13672888437856,3571.0
scanId=190977,3.182816666667,138.14349752221278,2406.0
scanId=190977,3.182816666667,138.1502660856323,1667.0
scanId=190977,3.182816666667,138.15703505502975,1149.0
scanId=190977,3.182816666667,164.9059155347579,1223.0
scanId=190977,3.182816666667,164.9133108382317,4090.0
scanId=190977,3.182816666667,164.92070618204218,6756.0
scanId=190977,3.182816666667,164.92810181709092,6843.0
scanId=190977,3.182816666667,164.93549749253123,5206.0
scanId=190977,3.182816666667,164.94289345915482,3590.0
scanId=190977,3.182816666667,164.95028946622497,2392.0
scanId=190977,3.182816666667,164.9576857644235,1595.0
scanId=190977,3.182816666667,164.96508210312354,1077.0
scanId=190977,3.182816666667,186.9073293454024,1777.0
scanId=190977,3.182816666667,186.9152024543046,1778.0
scanId=190977,3.182816666667,186.92307567670943,1247.0
scanId=190977,3.182816666667,191.14311281875135,2395.0
scanId=190977,3.182816666667,191.15107458632264,3813.0
scanId=190977,3.182816666667,191.1590365596973,3599.0
scanId=190977,3.182816666667,191.1669986588984,2763.0
scanId=190977,3.182816666667,191.17496096385767,1931.0
scanId=190977,3.182816666667,191.18292339468852,1326.0
scanId=190977,3.182816666667,219.1627325119463,2716.0
scanId=190977,3.182816666667,219.1712578550992,4424.0
scanId=190977,3.182816666667,219.17978339339248,4319.0
scanId=190977,3.182816666667,219.18830906813864,3161.0
scanId=190977,3.182816666667,219.19683493806173,2112.0
scanId=190977,3.182816666667,219.2053609444013,1381.0
scanId=190977,3.182816666667,220.1698692923188,1177.0
scanId=190977,3.182816666667,220.1784141994884,1194.0
scanId=190977,3.182816666667,224.16976761516983,1242.0
scanId=190977,3.182816666667,224.17838978379257,1371.0
scanId=190977,3.182816666667,224.18701215799803,1070.0
scanId=190977,3.182816666667,230.24586408314943,1254.0
scanId=190977,3.182816666667,230.25460231024192,1157.0
scanId=190977,3.182816666667,238.1062750109567,1145.0
scanId=190977,3.182816666667,247.13861557900807,1253.0
scanId=190977,3.182816666667,247.1476687403712,1171.0
scanId=190977,3.182816666667,256.2561199392296,1077.0
scanId=190977,3.182816666667,256.2653385838811,1291.0
scanId=190977,3.182816666667,256.27455729909394,1057.0
scanId=190977,3.182816666667,258.2789507464734,1115.0
scanId=190977,3.182816666667,261.11869036407563,1557.0
scanId=190977,3.182816666667,261.1279959594376,2096.0
scanId=190977,3.182816666667,261.13730182273605,1939.0
scanId=190977,3.182816666667,261.14660774970207,1492.0
scanId=190977,3.182816666667,261.1559139446304,1057.0
scanId=190977,3.182816666667,269.1922392198792,1070.0
scanId=190977,3.182816666667,269.20168768400737,1046.0
scanId=190977,3.182816666667,278.2333634820606,2084.0
scanId=190977,3.182816666667,278.24296918093285,2727.0
scanId=190977,3.182816666667,278.2525751692333,2304.0
scanId=190977,3.182816666667,278.2621811997135,1627.0
scanId=190977,3.182816666667,278.27178751964385,1134.0
scanId=190977,3.182816666667,282.27269724892807,1503.0
scanId=190977,3.182816666667,282.28237254786444,1592.0
scanId=190977,3.182816666667,282.2920478844961,1227.0
scanId=190977,3.182816666667,287.2871495873107,1025.0
scanId=190977,3.182816666667,289.14467732342854,1364.0
scanId=190977,3.182816666667,289.15446968769714,1833.0
scanId=190977,3.182816666667,289.164262082482,1598.0
scanId=190977,3.182816666667,289.17405477838054,1127.0
scanId=190977,3.182816666667,291.1653915065179,1155.0
scanId=190977,3.182816666667,291.1752180286597,1223.0
scanId=190977,3.182816666667,291.1850445793152,1043.0
scanId=190977,3.182816666667,299.1791457314852,1112.0
scanId=190977,3.182816666667,299.1891065637108,1289.0
scanId=190977,3.182816666667,299.19906741697184,1845.0
scanId=190977,3.182816666667,299.20902858082724,2958.0
scanId=190977,3.182816666667,299.2189897657004,3577.0
scanId=190977,3.182816666667,299.22895126118567,3016.0
scanId=190977,3.182816666667,299.23891277767103,2116.0
scanId=190977,3.182816666667,299.24887460478607,1403.0
scanId=190977,3.182816666667,299.2588364528836,1050.0
scanId=190977,3.182816666667,301.2045796651088,1107.0
scanId=190977,3.182816666667,301.21457401121546,1163.0
scanId=190977,3.182816666667,301.22456866968434,1082.0
scanId=190977,3.182816666667,303.27695965139907,1203.0
scanId=190977,3.182816666667,303.2869884677412,1363.0
scanId=190977,3.182816666667,303.2970173015706,1200.0
scanId=190977,3.182816666667,304.2304305778714,1071.0
scanId=190977,3.182816666667,304.24047499751174,5754.0
scanId=190977,3.182816666667,304.25051973208593,13669.0
scanId=190977,3.182816666667,304.2605644833393,16894.0
scanId=190977,3.182816666667,304.27060954954334,14084.0
scanId=190977,3.182816666667,304.2806546324098,10895.0
scanId=190977,3.182816666667,304.29070003024367,8912.0
scanId=190977,3.182816666667,304.3007454447232,6951.0
scanId=190977,3.182816666667,304.31079117418693,4894.0
scanId=190977,3.182816666667,304.32083692027953,3192.0
scanId=190977,3.182816666667,304.33088298137307,2136.0
scanId=190977,3.182816666667,304.3409290590788,1454.0
scanId=190977,3.182816666667,305.14515847030395,1976.0
scanId=190977,3.182816666667,305.1552181282208,2610.0
scanId=190977,3.182816666667,305.1652778020669,2515.0
scanId=190977,3.182816666667,305.1753377916136,2016.0
scanId=190977,3.182816666667,305.185397797073,1514.0
scanId=190977,3.182816666667,305.1954581182495,1128.0
scanId=190977,3.182816666667,305.24576176155,2151.0
scanId=190977,3.182816666667,305.25582307761607,3686.0
scanId=190977,3.182816666667,305.2658844095285,3969.0
scanId=190977,3.182816666667,305.2759460572244,3339.0
scanId=190977,3.182816666667,305.2860077207501,2668.0
scanId=190977,3.182816666667,305.2960697000758,2066.0
scanId=190977,3.182816666667,305.30613169521496,1566.0
scanId=190977,3.182816666667,305.31619400617046,1165.0
scanId=190977,3.182816666667,306.8576694483737,1033.0
scanId=190977,3.182816666667,306.8677572948266,1010.0
scanId=190977,3.182816666667,317.2231093479949,1553.0
scanId=190977,3.182816666667,317.2333660007596,1847.0
scanId=190977,3.182816666667,317.2436229784291,1550.0
scanId=190977,3.182816666667,317.25387996280915,1139.0
scanId=190977,3.182816666667,318.23933011767144,1223.0
scanId=190977,3.182816666667,318.249603345203,1032.0
scanId=190977,3.182816666667,321.184207983339,1018.0
scanId=190977,3.182816666667,323.1687976847569,2202.0
scanId=190977,3.182816666667,323.17915017181934,3244.0
scanId=190977,3.182816666667,323.1895026615849,3236.0
scanId=190977,3.182816666667,323.1998554802772,2447.0
scanId=190977,3.182816666667,323.2102083016593,1724.0
scanId=190977,3.182816666667,323.22056145198144,1273.0
scanId=190977,3.182816666667,323.2309146049799,1049.0
scanId=190977,3.182816666667,329.2428296136249,1126.0
scanId=190977,3.182816666667,329.25327893659966,1105.0
scanId=190977,3.182816666667,331.1787611294305,1174.0
scanId=190977,3.182816666667,331.1892409601587,1903.0
scanId=190977,3.182816666667,331.1997211247082,2065.0
scanId=190977,3.182816666667,331.2102012870541,1873.0
scanId=190977,3.182816666667,331.22068178323343,1567.0
scanId=190977,3.182816666667,331.23116227719703,1212.0
scanId=190977,3.182816666667,331.2521239305876,1072.0
scanId=190977,3.182816666667,331.2626050900266,1307.0
scanId=190977,3.182816666667,331.2730862472257,1190.0
scanId=190977,3.182816666667,333.2780437332863,1539.0
scanId=190977,3.182816666667,333.288556725806,2016.0
scanId=190977,3.182816666667,333.2990700533392,1648.0
scanId=190977,3.182816666667,333.30958337747705,1151.0
scanId=190977,3.182816666667,335.16252600377885,2457.0
scanId=190977,3.182816666667,335.17306884636747,12046.0
scanId=190977,3.182816666667,335.1836116845284,29700.0
scanId=190977,3.182816666667,335.1941548587468,38491.0
scanId=190977,3.182816666667,335.2046980285262,32968.0
scanId=190977,3.182816666667,335.21524153437446,23346.0
scanId=190977,3.182816666667,335.22578503577205,15868.0
scanId=190977,3.182816666667,335.2363288732502,10764.0
scanId=190977,3.182816666667,335.2468727062663,7231.0
scanId=190977,3.182816666667,335.2574168753742,4897.0
scanId=190977,3.182816666667,335.26796104000863,3323.0
scanId=190977,3.182816666667,335.27850554074644,2258.0
scanId=190977,3.182816666667,335.2890500369993,1534.0
scanId=190977,3.182816666667,335.2995948693669,1069.0
scanId=190977,3.182816666667,336.17538682380933,2633.0
scanId=190977,3.182816666667,336.18594558463013,7316.0
scanId=190977,3.182816666667,336.19650434047736,10368.0
scanId=190977,3.182816666667,336.20706343292807,9314.0
scanId=190977,3.182816666667,336.2176225203939,6837.0
scanId=190977,3.182816666667,336.2281819444744,4787.0
scanId=190977,3.182816666667,336.2387413635587,3352.0
scanId=190977,3.182816666667,336.2493011192689,2398.0
scanId=190977,3.182816666667,336.2598608699718,1769.0
scanId=190977,3.182816666667,336.2704209573119,1324.0
scanId=190977,3.182816666667,337.1897757681102,1248.0
scanId=190977,3.182816666667,337.20035044716315,1510.0
scanId=190977,3.182816666667,337.2109251207046,1375.0
scanId=190977,3.182816666667,337.22150013138736,1043.0
scanId=190977,3.182816666667,339.18071397180114,1739.0
scanId=190977,3.182816666667,339.1913198240587,3876.0
scanId=190977,3.182816666667,339.20192566977306,5265.0
scanId=190977,3.182816666667,339.21253185366044,4806.0
scanId=190977,3.182816666667,339.2231380309938,3508.0
scanId=190977,3.182816666667,339.2337445465112,2390.0
scanId=190977,3.182816666667,339.24435105546354,1659.0
scanId=190977,3.182816666667,339.25495790261056,1124.0
scanId=190977,3.182816666667,340.3802148850846,1171.0
scanId=190977,3.182816666667,340.3908393014691,1749.0
scanId=190977,3.182816666667,340.40146405662733,1707.0
scanId=190977,3.182816666667,340.412088804631,1258.0
scanId=190977,3.182816666667,341.25197478258355,1078.0
scanId=190977,3.182816666667,341.26261279535805,1180.0
scanId=190977,3.182816666667,343.2441829386739,1042.0
scanId=190977,3.182816666667,343.25485213223016,1174.0
scanId=190977,3.182816666667,343.26552131723673,1227.0
scanId=190977,3.182816666667,343.27619084242286,1173.0
scanId=190977,3.182816666667,343.2868603590492,1096.0
scanId=190977,3.182816666667,349.1695064744487,1743.0
scanId=190977,3.182816666667,349.18026718659985,2315.0
scanId=190977,3.182816666667,349.191028241621,2264.0
scanId=190977,3.182816666667,349.20178928539264,1785.0
scanId=190977,3.182816666667,349.21255067204345,1339.0
scanId=190977,3.182816666667,349.2233120474356,1028.0
scanId=190977,3.182816666667,349.24483547272905,1085.0
scanId=190977,3.182816666667,349.2555975226396,1361.0
scanId=190977,3.182816666667,349.26635956127285,1267.0
scanId=190977,3.182816666667,355.22150785359247,1006.0
scanId=190977,3.182816666667,355.2540692286377,1005.0
scanId=190977,3.182816666667,355.2649234716428,1212.0
scanId=190977,3.182816666667,355.2757777009098,1283.0
scanId=190977,3.182816666667,355.2866322755447,1113.0
scanId=190977,3.182816666667,357.1560706344106,1546.0
scanId=190977,3.182816666667,357.1669537147531,3034.0
scanId=190977,3.182816666667,357.1778371411838,3514.0
scanId=190977,3.182816666667,357.188720553148,3033.0
scanId=190977,3.182816666667,357.1996043112086,2692.0
scanId=190977,3.182816666667,357.21048805479467,2767.0
scanId=190977,3.182816666667,357.22137214448503,2487.0
scanId=190977,3.182816666667,357.2322562196927,1907.0
scanId=190977,3.182816666667,357.2431406410129,1479.0
scanId=190977,3.182816666667,357.2540250478422,1343.0
scanId=190977,3.182816666667,357.2649098007922,1230.0
scanId=190977,3.182816666667,368.3983389539606,1226.0
scanId=190977,3.182816666667,368.4093921748676,3139.0
scanId=190977,3.182816666667,368.4204453775416,4783.0
scanId=190977,3.182816666667,368.4314989300784,4672.0
scanId=190977,3.182816666667,368.4425524643756,3485.0
scanId=190977,3.182816666667,368.4536063485422,2361.0
scanId=190977,3.182816666667,368.4646602144627,1538.0
scanId=190977,3.182816666667,368.4757144302593,1056.0
scanId=190977,3.182816666667,369.38271684160696,1292.0
scanId=190977,3.182816666667,369.3937846357071,1272.0
scanId=190977,3.182816666667,369.4048527799566,1289.0
scanId=190977,3.182816666667,369.41592090568014,1643.0
scanId=190977,3.182816666667,369.4269893815596,1702.0
scanId=190977,3.182816666667,369.4380578389065,1304.0
scanId=190977,3.182816666667,379.2090145233705,1265.0
scanId=190977,3.182816666667,379.22022856366925,2995.0
scanId=190977,3.182816666667,379.2314429566768,4422.0
scanId=190977,3.182816666667,379.2426573286002,4179.0
scanId=190977,3.182816666667,379.2538720532376,3177.0
scanId=190977,3.182816666667,379.2650867567857,2305.0
scanId=190977,3.182816666667,379.2763018130529,1757.0
scanId=190977,3.182816666667,379.2875168482257,1305.0
scanId=190977,3.182816666667,380.2301796075746,1082.0
scanId=190977,3.182816666667,380.2414089239247,1263.0
scanId=190977,3.182816666667,380.2526382189616,1206.0
scanId=190977,3.182816666667,385.2887776129714,1241.0
scanId=190977,3.182816666667,385.3000811920363,1125.0
scanId=190977,3.182816666667,385.3679067130634,1025.0
scanId=190977,3.182816666667,385.3792116410163,1146.0
scanId=190977,3.182816666667,393.1848188717904,1621.0
scanId=190977,3.182816666667,393.1962378804071,2494.0
scanId=190977,3.182816666667,393.2076568652948,2752.0
scanId=190977,3.182816666667,393.2190762055412,2281.0
scanId=190977,3.182816666667,393.2304955220555,1612.0
scanId=190977,3.182816666667,393.2419151939318,1127.0
scanId=190977,3.182816666667,397.2489523109305,1086.0
scanId=190977,3.182816666667,399.2946088409441,1576.0
scanId=190977,3.182816666667,399.3061160385525,1819.0
scanId=190977,3.182816666667,399.31762359233545,1506.0
scanId=190977,3.182816666667,399.32913112157104,1061.0
scanId=190977,3.182816666667,402.3498415177546,1004.0
scanId=190977,3.182816666667,402.361392846676,1003.0
scanId=190977,3.182816666667,415.402866129834,1192.0
scanId=190977,3.182816666667,415.4146031456735,1001.0
scanId=190977,3.182816666667,419.261531060598,1453.0
scanId=190977,3.182816666667,419.273322463616,1633.0
scanId=190977,3.182816666667,419.285114224169,1282.0
scanId=190977,3.182816666667,424.2166895657895,3210.0
scanId=190977,3.182816666667,424.2285506369781,5534.0
scanId=190977,3.182816666667,424.2404116822129,5550.0
scanId=190977,3.182816666667,424.2522730850313,4322.0
scanId=190977,3.182816666667,424.264134461896,3124.0
scanId=190977,3.182816666667,424.2759961963443,2169.0
scanId=190977,3.182816666667,424.2878579048389,1510.0
scanId=190977,3.182816666667,424.29971997091707,1077.0
scanId=190977,3.182816666667,424.7149932952216,1561.0
scanId=190977,3.182816666667,424.7268613306368,2775.0
scanId=190977,3.182816666667,424.7387293400992,2834.0
scanId=190977,3.182816666667,424.75059770714427,2217.0
scanId=190977,3.182816666667,424.76246604823655,1705.0
scanId=190977,3.182816666667,424.77433474691145,1287.0
scanId=190977,3.182816666667,425.20171488014176,1470.0
scanId=190977,3.182816666667,425.2135895222029,2262.0
scanId=190977,3.182816666667,425.2254645218448,2722.0
scanId=190977,3.182816666667,425.2373394955359,2746.0
scanId=190977,3.182816666667,425.2492148268075,2424.0
scanId=190977,3.182816666667,425.2610901321286,1895.0
scanId=190977,3.182816666667,425.27296579503,1343.0
scanId=190977,3.182816666667,431.21955906301184,1107.0
scanId=190977,3.182816666667,431.2315176333725,1662.0
scanId=190977,3.182816666667,431.2434761778916,1698.0
scanId=190977,3.182816666667,431.255435079882,1429.0
scanId=190977,3.182816666667,431.26739395603175,1190.0
scanId=190977,3.182816666667,431.279353189652,1140.0
scanId=190977,3.182816666667,431.2913123974324,1018.0
scanId=190977,3.182816666667,432.26056675746565,1021.0
scanId=190977,3.182816666667,437.2074406487336,1028.0
scanId=190977,3.182816666667,437.2194817693388,2123.0
scanId=190977,3.182816666667,437.2315232471585,2800.0
scanId=190977,3.182816666667,437.2435646993949,2515.0
scanId=190977,3.182816666667,437.2556065088445,2061.0
scanId=190977,3.182816666667,437.267648292712,1891.0
scanId=190977,3.182816666667,437.27969043379136,1781.0
scanId=190977,3.182816666667,437.29173254929015,1518.0
scanId=190977,3.182816666667,437.30377502199934,1251.0
scanId=190977,3.182816666667,437.3158174691293,1069.0
scanId=190977,3.182816666667,438.2315358994447,1121.0
scanId=190977,3.182816666667,438.24359130571753,1094.0
scanId=190977,3.182816666667,440.234988299849,1663.0
scanId=190977,3.182816666667,440.2470712313983,2052.0
scanId=190977,3.182816666667,440.2591541375484,1957.0
scanId=190977,3.182816666667,440.2712374007275,1647.0
scanId=190977,3.182816666667,440.2833206385088,1235.0
scanId=190977,3.182816666667,441.2505245512139,1055.0
scanId=190977,3.182816666667,441.26262141121634,1085.0
scanId=190977,3.182816666667,443.2002394218085,1068.0
scanId=190977,3.182816666667,443.212362787013,1139.0
scanId=190977,3.182816666667,443.22448650903215,1018.0
scanId=190977,3.182816666667,443.3093564420032,1332.0
scanId=190977,3.182816666667,443.3214814905417,1812.0
scanId=190977,3.182816666667,443.3336065139048,1716.0
scanId=190977,3.182816666667,443.34573189407314,1209.0
scanId=190977,3.182816666667,444.2191881534332,6196.0
scanId=190977,3.182816666667,444.2313254471723,19017.0
scanId=190977,3.182816666667,444.2434630976448,31651.0
scanId=190977,3.182816666667,444.2556007230157,33136.0
scanId=190977,3.182816666667,444.2677387051179,26024.0
scanId=190977,3.182816666667,444.2798766621206,18370.0
scanId=190977,3.182816666667,444.29201497585257,12809.0
scanId=190977,3.182816666667,444.3041532644871,9063.0
scanId=190977,3.182816666667,444.3162919098489,6418.0
scanId=190977,3.182816666667,444.3284305301154,4554.0
scanId=190977,3.182816666667,444.34056950710703,3306.0
scanId=190977,3.182816666667,444.35270845900527,2214.0
scanId=190977,3.182816666667,444.3648477676269,1522.0
scanId=190977,3.182816666667,444.37698705115696,1102.0
scanId=190977,3.182816666667,444.7169569837568,2203.0
scanId=190977,3.182816666667,444.7291012668258,9093.0
scanId=190977,3.182816666667,444.7412455248338,17460.0
scanId=190977,3.182816666667,444.7533901395328,20130.0
scanId=190977,3.182816666667,444.7655347291727,16767.0
scanId=190977,3.182816666667,444.7776796755014,11939.0
scanId=190977,3.182816666667,444.78982459677314,8205.0
scanId=190977,3.182816666667,444.8019698747317,5565.0
scanId=190977,3.182816666667,444.8141151276353,3857.0
scanId=190977,3.182816666667,444.82626073722366,2584.0
scanId=190977,3.182816666667,444.8384063217592,1763.0
scanId=190977,3.182816666667,444.85055226297743,1239.0
scanId=190977,3.182816666667,445.2271556313377,2330.0
scanId=190977,3.182816666667,445.2393068786333,5387.0
scanId=190977,3.182816666667,445.2514581009112,7476.0
scanId=190977,3.182816666667,445.2636096798368,7069.0
scanId=190977,3.182816666667,445.27576123374655,5400.0
scanId=190977,3.182816666667,445.28791314430185,3980.0
scanId=190977,3.182816666667,445.3000650298436,2985.0
scanId=190977,3.182816666667,445.3122172720287,2231.0
scanId=190977,3.182816666667,445.3243694892024,1737.0
scanId=190977,3.182816666667,445.3365220630173,1486.0
scanId=190977,3.182816666667,445.3486746118229,1210.0
scanId=190977,3.182816666667,445.7376467773544,1092.0
scanId=190977,3.182816666667,445.7498049888766,1740.0
scanId=190977,3.182816666667,445.76196317542536,1855.0
scanId=190977,3.182816666667,445.77412171857736,1497.0
scanId=190977,3.182816666667,445.78628023675833,1115.0
scanId=190977,3.182816666667,448.2701046073973,1714.0
scanId=190977,3.182816666667,448.2822973084224,3184.0
scanId=190977,3.182816666667,448.2944899847084,3838.0
scanId=190977,3.182816666667,448.3066830173634,3218.0
scanId=190977,3.182816666667,448.31887602528167,2289.0
scanId=190977,3.182816666667,448.3310693895665,1545.0
scanId=190977,3.182816666667,448.3432627291169,1054.0
scanId=190977,3.182816666667,448.770137507034,1126.0
scanId=190977,3.182816666667,448.7823368159646,2440.0
scanId=190977,3.182816666667,448.7945364812163,3282.0
scanId=190977,3.182816666667,448.8067361217792,3065.0
scanId=190977,3.182816666667,448.8189361186607,2395.0
scanId=190977,3.182816666667,448.8311360908558,1825.0
scanId=190977,3.182816666667,448.8433364193672,1313.0
scanId=190977,3.182816666667,449.29486152311273,1071.0
scanId=190977,3.182816666667,453.2461950881871,1380.0
scanId=190977,3.182816666667,453.2584550858567,1403.0
scanId=190977,3.182816666667,453.2707154393685,1191.0
scanId=190977,3.182816666667,455.23449250455,1355.0
scanId=190977,3.182816666667,455.2467793644719,1328.0
scanId=190977,3.182816666667,455.2590665800004,1151.0
scanId=190977,3.182816666667,455.7383935260492,1532.0
scanId=190977,3.182816666667,455.7506873741747,1627.0
scanId=190977,3.182816666667,455.76298119838657,1207.0
scanId=190977,3.182816666667,463.2188045132333,1057.0
scanId=190977,3.182816666667,464.2480906006082,1055.0
scanId=190977,3.182816666667,464.260498506658,1442.0
scanId=190977,3.182816666667,464.2729067670769,1350.0
scanId=190977,3.182816666667,464.2853150047603,1006.0
scanId=190977,3.182816666667,465.2660973018795,1050.0
scanId=190977,3.182816666667,472.2606596200192,2305.0
scanId=190977,3.182816666667,472.2731743336156,3946.0
scanId=190977,3.182816666667,472.285689025798,4643.0
scanId=190977,3.182816666667,472.2982040710244,4194.0
scanId=190977,3.182816666667,472.310719094841,3099.0
scanId=190977,3.182816666667,472.3232344716971,2146.0
scanId=190977,3.182816666667,472.3357498271481,1574.0
scanId=190977,3.182816666667,472.348265535634,1177.0
scanId=190977,3.182816666667,472.76137375578094,1678.0
scanId=190977,3.182816666667,472.773895101974,2908.0
scanId=190977,3.182816666667,472.78641642684255,3368.0
scanId=190977,3.182816666667,472.7989381046655,2809.0
scanId=190977,3.182816666667,472.8114597611683,2031.0
scanId=190977,3.182816666667,472.82398177062106,1531.0
scanId=190977,3.182816666667,472.8365037587584,1176.0
scanId=190977,3.182816666667,473.262353197207,1457.0
scanId=190977,3.182816666667,473.2748811759969,1887.0
scanId=190977,3.182816666667,473.2874091335523,1732.0
scanId=190977,3.182816666667,473.299937443972,1370.0
scanId=190977,3.182816666667,473.3124657331617,1036.0
scanId=190977,3.182816666667,473.3249943752112,1060.0
scanId=190977,3.182816666667,473.3375229960354,1319.0
scanId=190977,3.182816666667,473.35005196971474,1353.0
scanId=190977,3.182816666667,473.3625809221734,1180.0
scanId=190977,3.182816666667,473.3751102274826,1005.0
scanId=190977,3.182816666667,475.3191426781207,1154.0
scanId=190977,3.182816666667,475.3316978505572,1349.0
scanId=190977,3.182816666667,475.3442530021375,1183.0
scanId=190977,3.182816666667,481.2383052801943,1840.0
scanId=190977,3.182816666667,481.2509383856423,2543.0
scanId=190977,3.182816666667,481.26357147139305,2548.0
scanId=190977,3.182816666667,481.2762049084709,2116.0
scanId=190977,3.182816666667,481.2888383258567,1646.0
scanId=190977,3.182816666667,481.3014720945644,1355.0
scanId=190977,3.182816666667,481.3141058435851,1153.0
scanId=190977,3.182816666667,483.2616964931509,1179.0
scanId=190977,3.182816666667,483.27435612898574,1440.0
scanId=190977,3.182816666667,483.2870157455429,1428.0
scanId=190977,3.182816666667,483.2996757130077,1217.0
scanId=190977,3.182816666667,483.4769313725815,1162.0
scanId=190977,3.182816666667,483.48959364222,2255.0
scanId=190977,3.182816666667,483.5022562627236,2933.0
scanId=190977,3.182816666667,483.5149188639973,2580.0
scanId=190977,3.182816666667,483.5275818161306,1784.0
scanId=190977,3.182816666667,483.54024474903946,1191.0
scanId=190977,3.182816666667,484.50311986003743,1274.0
scanId=190977,3.182816666667,484.5157957457343,1385.0
scanId=190977,3.182816666667,484.5284716124166,1127.0
scanId=190977,3.182816666667,486.26664556237,1345.0
scanId=190977,3.182816666667,486.27934431188953,1859.0
scanId=190977,3.182816666667,486.29204341167497,1800.0
scanId=190977,3.182816666667,486.30474249282986,1330.0
scanId=190977,3.182816666667,487.27036484811686,1254.0
scanId=190977,3.182816666667,487.283076881466,1528.0
scanId=190977,3.182816666667,487.29578889640254,1498.0
scanId=190977,3.182816666667,487.3085012613815,1190.0
scanId=190977,3.182816666667,487.3212136079535,1012.0
scanId=190977,3.182816666667,487.3339263045623,1248.0
scanId=190977,3.182816666667,487.3466389827698,1746.0
scanId=190977,3.182816666667,487.3593520110084,2123.0
scanId=190977,3.182816666667,487.3720650208514,2029.0
scanId=190977,3.182816666667,487.3847783807199,1673.0
scanId=190977,3.182816666667,487.39749172219854,1239.0
scanId=190977,3.182816666667,488.3641978529955,1144.0
scanId=190977,3.182816666667,488.3769241464276,1098.0
scanId=190977,3.182816666667,493.2760426452268,1426.0
scanId=190977,3.182816666667,493.2888325945506,1896.0
scanId=190977,3.182816666667,493.3016228925412,1847.0
scanId=190977,3.182816666667,493.31441317350095,1436.0
scanId=190977,3.182816666667,493.3272038031213,1045.0
scanId=190977,3.182816666667,493.7749770130521,1229.0
scanId=190977,3.182816666667,493.7877736120095,1291.0
scanId=190977,3.182816666667,493.80057019405206,1029.0
scanId=190977,3.182816666667,501.37951678132345,1394.0
scanId=190977,3.182816666667,501.3924115427124,1831.0
scanId=190977,3.182816666667,501.4053062890778,1881.0
scanId=190977,3.182816666667,501.41820138209664,1520.0
scanId=190977,3.182816666667,501.43109646009856,1033.0
scanId=190977,3.182816666667,503.3414096798445,1054.0
scanId=190977,3.182816666667,503.354329645101,1191.0
scanId=190977,3.182816666667,503.3672495958455,1116.0
scanId=190977,3.182816666667,503.380169892732,1037.0
scanId=190977,3.182816666667,508.2629026716119,1163.0
scanId=190977,3.182816666667,508.27588564653735,1068.0
scanId=190977,3.182816666667,515.3893026667076,1030.0
scanId=190977,3.182816666667,515.4023761654051,2379.0
scanId=190977,3.182816666667,515.4154500069059,3545.0
scanId=190977,3.182816666667,515.4285238372408,3487.0
scanId=190977,3.182816666667,515.4415980103714,2603.0
scanId=190977,3.182816666667,515.4546721723439,1883.0
scanId=190977,3.182816666667,515.4677466771043,1468.0
scanId=190977,3.182816666667,515.4808211707142,1143.0
scanId=190977,3.182816666667,516.5273249847274,1091.0
scanId=190977,3.182816666667,517.3390953663155,1045.0
scanId=190977,3.182816666667,517.352193748424,1476.0
scanId=190977,3.182816666667,517.3652921199352,1572.0
scanId=190977,3.182816666667,517.3783908336737,1339.0
scanId=190977,3.182816666667,517.3914895368226,1096.0
scanId=190977,3.182816666667,517.404588582191,1074.0
scanId=190977,3.182816666667,517.4176876169774,1015.0
scanId=190977,3.182816666667,523.2895985921953,1678.0
scanId=190977,3.182816666667,523.3027719138431,3672.0
scanId=190977,3.182816666667,523.3159455759245,4973.0
scanId=190977,3.182816666667,523.3291192292103,4914.0
scanId=190977,3.182816666667,523.3422932229216,3935.0
scanId=190977,3.182816666667,523.3554672078453,2792.0
scanId=190977,3.182816666667,523.3686415331865,1905.0
scanId=190977,3.182816666667,523.3818158497481,1361.0
scanId=190977,3.182816666667,523.3949905067191,1007.0
scanId=190977,3.182816666667,524.3044361750754,1546.0
scanId=190977,3.182816666667,524.3176224390907,2355.0
scanId=190977,3.182816666667,524.3308086946201,2496.0
scanId=190977,3.182816666667,524.3439952902653,1948.0
scanId=190977,3.182816666667,524.3571818774328,1364.0
scanId=190977,3.182816666667,525.2674629401436,1355.0
scanId=190977,3.182816666667,525.2806611346432,1916.0
scanId=190977,3.182816666667,525.2938596689623,1872.0
scanId=190977,3.182816666667,525.3070581951,1741.0
scanId=190977,3.182816666667,525.320257061049,1594.0
scanId=190977,3.182816666667,525.3334559188247,1242.0
scanId=190977,3.182816666667,529.4066214761406,1215.0
scanId=190977,3.182816666667,529.4198717447142,1944.0
scanId=190977,3.182816666667,529.4331220064133,2348.0
scanId=190977,3.182816666667,529.4463726066169,1991.0
scanId=190977,3.182816666667,529.4596231999545,1465.0
scanId=190977,3.182816666667,529.472874131788,1175.0
scanId=190977,3.182816666667,531.3694522037947,1148.0
scanId=190977,3.182816666667,531.3827270129764,1021.0
scanId=190977,3.182816666667,533.3625136826265,1052.0
scanId=190977,3.182816666667,537.3731787213986,1313.0
scanId=190977,3.182816666667,537.3865281430337,1530.0
scanId=190977,3.182816666667,537.3998779005584,1307.0
scanId=190977,3.182816666667,543.4240568200629,1366.0
scanId=190977,3.182816666667,543.4374811921109,1938.0
scanId=190977,3.182816666667,543.4509058979786,1843.0
scanId=190977,3.182816666667,543.4643306016657,1436.0
scanId=190977,3.182816666667,543.4777556391632,1079.0
scanId=190977,3.182816666667,557.3663096114705,1021.0
scanId=190977,3.182816666667,557.379905109528,1039.0
scanId=190977,3.182816666667,559.2576854431887,1441.0
scanId=190977,3.182816666667,559.2713041525108,2361.0
scanId=190977,3.182816666667,559.2849228653672,2813.0
scanId=190977,3.182816666667,559.2985419063191,2650.0
scanId=190977,3.182816666667,559.3121609508155,2242.0
scanId=190977,3.182816666667,559.3257803233972,1697.0
scanId=190977,3.182816666667,559.3393996995338,1211.0
scanId=190977,3.182816666667,560.2795427811607,1266.0
scanId=190977,3.182816666667,560.2931737646991,1395.0
scanId=190977,3.182816666667,560.3068050759549,1405.0
scanId=190977,3.182816666667,560.3204363911335,1371.0
scanId=190977,3.182816666667,560.3340680340192,1272.0
scanId=190977,3.182816666667,560.347699680838,1142.0
scanId=190977,3.182816666667,561.2750461764006,1176.0
scanId=190977,3.182816666667,561.2886894263305,1634.0
scanId=190977,3.182816666667,561.3023326805529,1960.0
scanId=190977,3.182816666667,561.3159762621128,1996.0
scanId=190977,3.182816666667,561.3296198479756,1650.0
scanId=190977,3.182816666667,561.3432637611652,1170.0
scanId=190977,3.182816666667,569.2983652618109,1254.0
scanId=190977,3.182816666667,569.3121056792829,1631.0
scanId=190977,3.182816666667,569.3258461041254,1530.0
scanId=190977,3.182816666667,569.3395868532273,1220.0
scanId=190977,3.182816666667,571.1823364374732,1253.0
scanId=190977,3.182816666667,571.1960994138752,1976.0
scanId=190977,3.182816666667,571.2098627138059,1950.0
scanId=190977,3.182816666667,571.223626021849,1480.0
scanId=190977,3.182816666667,571.2373896534095,1048.0
scanId=190977,3.182816666667,573.2072848708297,1007.0
scanId=190977,3.182816666667,573.3175889573392,1068.0
scanId=190977,3.182816666667,573.3313777927674,1161.0
scanId=190977,3.182816666667,575.4015692262274,1162.0
scanId=190977,3.182816666667,575.4153829436622,1151.0
scanId=190977,3.182816666667,576.3965863290586,1176.0
scanId=190977,3.182816666667,576.4104119855643,1256.0
scanId=190977,3.182816666667,576.4242379635342,1044.0
scanId=190977,3.182816666667,577.3509509284074,1497.0
scanId=190977,3.182816666667,577.3647881817918,1935.0
scanId=190977,3.182816666667,577.3786254457293,1886.0
scanId=190977,3.182816666667,577.3924630307434,1531.0
scanId=190977,3.182816666667,577.4063006263218,1133.0
scanId=190977,3.182816666667,593.3451994523314,1115.0
scanId=190977,3.182816666667,601.3254189306414,1337.0
scanId=190977,3.182816666667,601.3395404113186,1826.0
scanId=190977,3.182816666667,601.3536622031027,1974.0
scanId=190977,3.182816666667,601.3677840154218,1742.0
scanId=190977,3.182816666667,601.3819061388356,1359.0
scanId=190977,3.182816666667,605.3142668411117,1079.0
scanId=190977,3.182816666667,605.3284350833206,1331.0
scanId=190977,3.182816666667,605.3426036349116,1297.0
scanId=190977,3.182816666667,605.3567722087628,1176.0
scanId=190977,3.182816666667,605.3709410919836,1074.0
scanId=190977,3.182816666667,605.385109997477,1104.0
scanId=190977,3.182816666667,605.3992792123277,1258.0
scanId=190977,3.182816666667,605.4134484494631,1366.0
scanId=190977,3.182816666667,605.4276179959436,1220.0
scanId=190977,3.182816666667,608.8330873848414,1119.0
scanId=190977,3.182816666667,608.847296750686,1231.0
scanId=190977,3.182816666667,608.8615064243767,1145.0
scanId=190977,3.182816666667,612.3336057787785,1241.0
scanId=190977,3.182816666667,612.3478559366331,2050.0
scanId=190977,3.182816666667,612.3621064007937,2312.0
scanId=190977,3.182816666667,612.3763568902908,2092.0
scanId=190977,3.182816666667,612.3906076860812,1711.0
scanId=190977,3.182816666667,612.4048585072206,1261.0
scanId=190977,3.182816666667,612.8467184557103,1233.0
scanId=190977,3.182816666667,612.8609745831288,1474.0
scanId=190977,3.182816666667,612.8752310166265,1312.0
scanId=190977,3.182816666667,613.3315221963169,1447.0
scanId=190977,3.182816666667,613.3457839616572,1899.0
scanId=190977,3.182816666667,613.3600460328622,2210.0
scanId=190977,3.182816666667,613.374308129845,1946.0
scanId=190977,3.182816666667,613.3885705326796,1454.0
scanId=190977,3.182816666667,613.4028329613049,1151.0
scanId=190977,3.182816666667,614.3302511224254,1028.0
scanId=190977,3.182816666667,614.3445244952526,1181.0
scanId=190977,3.182816666667,614.3587981735017,1230.0
scanId=190977,3.182816666667,614.3730718779715,1116.0
scanId=190977,3.182816666667,615.3155076034866,1989.0
scanId=190977,3.182816666667,615.3297925571503,2553.0
scanId=190977,3.182816666667,615.344077537466,2393.0
scanId=190977,3.182816666667,615.3583628227593,2149.0
scanId=190977,3.182816666667,615.3726481347175,1815.0
scanId=190977,3.182816666667,615.3869337516408,1400.0
scanId=190977,3.182816666667,615.4012193952414,1024.0
scanId=190977,3.182816666667,615.8155772775478,1457.0
scanId=190977,3.182816666667,615.8298678957867,1927.0
scanId=190977,3.182816666667,615.8441588187874,1760.0
scanId=190977,3.182816666667,615.858449768669,1331.0
scanId=190977,3.182816666667,617.3599296473143,1453.0
scanId=190977,3.182816666667,617.374238174253,2686.0
scanId=190977,3.182816666667,617.3885470052649,3545.0
scanId=190977,3.182816666667,617.4028558638462,3355.0
scanId=190977,3.182816666667,617.4171650264879,2671.0
scanId=190977,3.182816666667,617.4314742167119,1994.0
scanId=190977,3.182816666667,617.4457837109835,1438.0
scanId=190977,3.182816666667,617.4600932328501,1150.0
scanId=190977,3.182816666667,617.4744030587515,1100.0
scanId=190977,3.182816666667,617.4887129122608,1064.0
scanId=190977,3.182816666667,618.3762519571351,1295.0
scanId=190977,3.182816666667,618.3905723951912,1883.0
scanId=190977,3.182816666667,618.4048928612649,1819.0
scanId=190977,3.182816666667,618.4192136309508,1421.0
scanId=190977,3.182816666667,618.4335344286673,1052.0
scanId=190977,3.182816666667,619.379078248821,1123.0
scanId=190977,3.182816666667,619.3934102939213,1230.0
scanId=190977,3.182816666667,619.4077423674886,1361.0
scanId=190977,3.182816666667,619.422074744219,1557.0
scanId=190977,3.182816666667,619.4364071494291,1488.0
scanId=190977,3.182816666667,619.4507398577891,1250.0
scanId=190977,3.182816666667,624.3334498318342,1250.0
scanId=190977,3.182816666667,624.3478389479606,1378.0
scanId=190977,3.182816666667,624.3622283650226,1361.0
scanId=190977,3.182816666667,624.3766178127919,1138.0
scanId=190977,3.182816666667,624.8227751011273,1083.0
scanId=190977,3.182816666667,624.8371698551825,1114.0
scanId=190977,3.182816666667,625.3266924482232,1323.0
scanId=190977,3.182816666667,625.3410931406996,1482.0
scanId=190977,3.182816666667,625.3554938643274,1322.0
scanId=190977,3.182816666667,625.3698948884337,1105.0
scanId=190977,3.182816666667,626.2919010239362,1044.0
scanId=190977,3.182816666667,626.3063126917805,1878.0
scanId=190977,3.182816666667,626.3207246596714,2370.0
scanId=190977,3.182816666667,626.3351366591585,2227.0
scanId=190977,3.182816666667,626.3495489586793,1749.0
scanId=190977,3.182816666667,626.3639612898094,1337.0
scanId=190977,3.182816666667,626.3783739209599,1081.0
scanId=190977,3.182816666667,626.8108279479052,1443.0
scanId=190977,3.182816666667,626.8252455853226,1656.0
scanId=190977,3.182816666667,626.8396635225505,1637.0
scanId=190977,3.182816666667,626.8540814916108,1403.0
scanId=190977,3.182816666667,626.8684997604687,1113.0
scanId=190977,3.182816666667,627.3155461973256,1003.0
scanId=190977,3.182816666667,627.3299697722608,1308.0
scanId=190977,3.182816666667,627.3443933792518,1332.0
scanId=190977,3.182816666667,627.3588172858168,1360.0
scanId=190977,3.182816666667,627.3732412244506,1357.0
scanId=190977,3.182816666667,627.3876654626455,1038.0
scanId=190977,3.182816666667,631.4908407817338,1452.0
scanId=190977,3.182816666667,631.5053121453243,1601.0
scanId=190977,3.182816666667,631.5197838065858,1285.0
scanId=190977,3.182816666667,636.3189928474877,1305.0
scanId=190977,3.182816666667,636.3335195593021,2776.0
scanId=190977,3.182816666667,636.3480463073082,3482.0
scanId=190977,3.182816666667,636.3625733507523,3446.0
scanId=190977,3.182816666667,636.3771004304019,2849.0
scanId=190977,3.182816666667,636.391627805476,2048.0
scanId=190977,3.182816666667,636.4061552167686,1492.0
scanId=190977,3.182816666667,636.4206829234726,1196.0
scanId=190977,3.182816666667,636.8275242191037,1235.0
scanId=190977,3.182816666667,636.842056605046,1692.0
scanId=190977,3.182816666667,636.8565892861974,2270.0
scanId=190977,3.182816666667,636.871122003783,2212.0
scanId=190977,3.182816666667,636.8856550165642,1625.0
scanId=190977,3.182816666667,636.9001880657929,1123.0
scanId=190977,3.182816666667,637.3071825776145,1015.0
scanId=190977,3.182816666667,637.3217205648433,1720.0
scanId=190977,3.182816666667,637.3362585887218,2454.0
scanId=190977,3.182816666667,637.3507969075804,2383.0
scanId=190977,3.182816666667,637.3653352631022,1956.0
scanId=190977,3.182816666667,637.3798739135907,1538.0
scanId=190977,3.182816666667,637.3944126007559,1127.0
scanId=190977,3.182816666667,637.8161085965253,1014.0
scanId=190977,3.182816666667,637.8306522583404,1051.0
scanId=190977,3.182816666667,637.8451962149062,1034.0
scanId=190977,3.182816666667,639.3586663611751,1208.0
scanId=190977,3.182816666667,639.3732276000885,1186.0
scanId=190977,3.182816666667,641.3551095748153,1269.0
scanId=190977,3.182816666667,641.3696936585914,1644.0
scanId=190977,3.182816666667,641.3842777809007,1845.0
scanId=190977,3.182816666667,641.3988621963067,1594.0
scanId=190977,3.182816666667,641.4134466502595,1259.0
scanId=190977,3.182816666667,642.3617960372347,1048.0
scanId=190977,3.182816666667,642.3763914354222,1155.0
scanId=190977,3.182816666667,642.3909871262427,1270.0
scanId=190977,3.182816666667,642.4055828560736,1233.0
scanId=190977,3.182816666667,647.3191573543141,1457.0
scanId=190977,3.182816666667,647.3338090905769,1879.0
scanId=190977,3.182816666667,647.3484608681704,1857.0
scanId=190977,3.182816666667,647.363112936063,1575.0
scanId=190977,3.182816666667,647.3777650452998,1277.0
scanId=190977,3.182816666667,649.3573304687309,1053.0
scanId=190977,3.182816666667,649.4160303547208,1120.0
scanId=190977,3.182816666667,649.4307056790147,1376.0
scanId=190977,3.182816666667,649.4453812926257,1271.0
scanId=190977,3.182816666667,657.3501055486598,1054.0
scanId=190977,3.182816666667,657.3648703706968,1382.0
scanId=190977,3.182816666667,657.3796352388239,1492.0
scanId=190977,3.182816666667,657.3944003924906,1710.0
scanId=190977,3.182816666667,657.4091655922615,1928.0
scanId=190977,3.182816666667,657.4239310775581,1814.0
scanId=190977,3.182816666667,657.438696608973,1465.0
scanId=190977,3.182816666667,657.4534624258995,1052.0
scanId=190977,3.182816666667,658.3988157813849,1108.0
scanId=190977,3.182816666667,658.4135922570506,1169.0
scanId=190977,3.182816666667,658.4283690177616,1030.0
scanId=190977,3.182816666667,659.3892102103064,1017.0
scanId=190977,3.182816666667,660.4099467927753,1024.0
scanId=190977,3.182816666667,663.4323938943616,1084.0
scanId=190977,3.182816666667,663.4472267495146,1486.0
scanId=190977,3.182816666667,663.4620598872979,1486.0
scanId=190977,3.182816666667,663.476893074095,1154.0
scanId=190977,3.182816666667,664.3671912338997,1235.0
scanId=190977,3.182816666667,664.382034652208,1209.0
scanId=190977,3.182816666667,664.3968781199729,1162.0
scanId=190977,3.182816666667,664.4117218699109,1125.0
scanId=190977,3.182816666667,664.4265656693202,1007.0
scanId=190977,3.182816666667,665.347208682985,1546.0
scanId=190977,3.182816666667,665.3620630450778,2278.0
scanId=190977,3.182816666667,665.3769174571,2677.0
scanId=190977,3.182816666667,665.3917721508227,2615.0
scanId=190977,3.182816666667,665.406626894489,2050.0
scanId=190977,3.182816666667,665.4214819198415,1453.0
scanId=190977,3.182816666667,665.436336995152,1070.0
scanId=190977,3.182816666667,666.3576790996186,1211.0
scanId=190977,3.182816666667,666.3725447371258,1788.0
scanId=190977,3.182816666667,666.3874104250502,1915.0
scanId=190977,3.182816666667,666.4022763941873,1609.0
scanId=190977,3.182816666667,666.417142413756,1179.0
scanId=190977,3.182816666667,667.3837931739549,1147.0
scanId=190977,3.182816666667,667.3986701377825,1010.0
scanId=190977,3.182816666667,677.4485133269047,1025.0
scanId=190977,3.182816666667,677.4635020548803,1260.0
scanId=190977,3.182816666667,677.4784910586869,1368.0
scanId=190977,3.182816666667,677.4934801183068,1385.0
scanId=190977,3.182816666667,677.5084694537431,1185.0
scanId=190977,3.182816666667,681.381243971476,1213.0
scanId=190977,3.182816666667,681.3962761448856,1502.0
scanId=190977,3.182816666667,681.4113085922006,1678.0
scanId=190977,3.182816666667,681.4263410972547,1506.0
scanId=190977,3.182816666667,681.4413738761996,1295.0
scanId=190977,3.182816666667,681.4564067128986,1140.0
scanId=190977,3.182816666667,682.388769781968,1014.0
scanId=190977,3.182816666667,682.4038131730675,1324.0
scanId=190977,3.182816666667,682.4188566223936,1469.0
scanId=190977,3.182816666667,682.4339003451231,1349.0
scanId=190977,3.182816666667,682.4489441260936,1155.0
scanId=190977,3.182816666667,683.3819857249207,1208.0
scanId=190977,3.182816666667,683.3970400598049,1298.0
scanId=190977,3.182816666667,683.4120944534034,1324.0
scanId=190977,3.182816666667,683.4271491199174,1266.0
scanId=190977,3.182816666667,683.4422038451604,1015.0
scanId=190977,3.182816666667,685.3856607509944,1279.0
scanId=190977,3.182816666667,685.40073703314,2359.0
scanId=190977,3.182816666667,685.4158135872233,3808.0
scanId=190977,3.182816666667,685.4308902010135,4500.0
scanId=190977,3.182816666667,685.4459670867269,3853.0
scanId=190977,3.182816666667,685.4610440321619,2743.0
scanId=190977,3.182816666667,685.4761212495049,1888.0
scanId=190977,3.182816666667,685.4911985265845,1366.0
scanId=190977,3.182816666667,685.5062760755573,1025.0
scanId=190977,3.182816666667,686.396141781919,1364.0
scanId=190977,3.182816666667,686.411229279787,2110.0
scanId=190977,3.182816666667,686.426316837852,2662.0
scanId=190977,3.182816666667,686.4414046673497,2707.0
scanId=190977,3.182816666667,686.4564925570597,2245.0
scanId=190977,3.182816666667,686.4715807181873,1644.0
scanId=190977,3.182816666667,686.4866689395419,1109.0
scanId=190977,3.182816666667,687.3469747169022,1089.0
scanId=190977,3.182816666667,687.3620725559538,1391.0
scanId=190977,3.182816666667,687.3771706659765,1536.0
scanId=190977,3.182816666667,687.3922688366724,1487.0
scanId=190977,3.182816666667,687.407367278325,1281.0
scanId=190977,3.182816666667,687.4224657806658,1154.0
scanId=190977,3.182816666667,687.437564553948,1083.0
scanId=190977,3.182816666667,701.3681359718738,1039.0
scanId=190977,3.182816666667,701.3833870308616,1293.0
scanId=190977,3.182816666667,701.3986383538688,1389.0
scanId=190977,3.182816666667,701.4138897445017,1279.0
scanId=190977,3.182816666667,701.4291413991386,1072.0
scanId=190977,3.182816666667,705.3848903035091,1309.0
scanId=190977,3.182816666667,705.4001850700248,1632.0
scanId=190977,3.182816666667,705.4154799061632,1427.0
scanId=190977,3.182816666667,705.4307750043088,1081.0
scanId=190977,3.182816666667,709.382438087678,1079.0
scanId=190977,3.182816666667,709.3977760376872,1002.0
scanId=190977,3.182816666667,713.4066628392375,1125.0
scanId=190977,3.182816666667,713.4220442347731,1597.0
scanId=190977,3.182816666667,713.437425888306,1578.0
scanId=190977,3.182816666667,713.4528076154869,1376.0
scanId=190977,3.182816666667,713.4681896006496,1191.0
scanId=190977,3.182816666667,715.4384468029083,1044.0
scanId=190977,3.182816666667,715.4538500870337,1012.0
scanId=190977,3.182816666667,722.4950460895399,1399.0
scanId=190977,3.182816666667,722.5105252422446,1888.0
scanId=190977,3.182816666667,722.5260044731622,2056.0
scanId=190977,3.182816666667,722.5414839574968,1867.0
scanId=190977,3.182816666667,722.5569635200599,1381.0
scanId=190977,3.182816666667,723.4860433499978,1021.0
scanId=190977,3.182816666667,723.5015331148574,1045.0
scanId=190977,3.182816666667,723.5170229584294,1051.0
scanId=190977,3.182816666667,723.5325130549187,1105.0
scanId=190977,3.182816666667,723.5480032301363,1048.0
scanId=190977,3.182816666667,729.4307367975048,1019.0
scanId=190977,3.182816666667,733.4177759837316,1010.0
scanId=190977,3.182816666667,735.4153707412272,1327.0
scanId=190977,3.182816666667,735.4309876050497,1356.0
scanId=190977,3.182816666667,735.4466047157664,1122.0
scanId=190977,3.182816666667,736.4933261128886,2754.0
scanId=190977,3.182816666667,736.5089544990198,5687.0
scanId=190977,3.182816666667,736.5245829704405,8977.0
scanId=190977,3.182816666667,736.5402116882015,10652.0
scanId=190977,3.182816666667,736.5558404912679,9836.0
scanId=190977,3.182816666667,736.5714695406587,7461.0
scanId=190977,3.182816666667,736.5870986753708,5130.0
scanId=190977,3.182816666667,736.6027280563915,3590.0
scanId=190977,3.182816666667,736.6183575227492,2634.0
scanId=190977,3.182816666667,736.6339872353998,1927.0
scanId=190977,3.182816666667,736.6496170334034,1303.0
scanId=190977,3.182816666667,737.4938745392067,1173.0
scanId=190977,3.182816666667,737.5095135374927,2710.0
scanId=190977,3.182816666667,737.5251526215752,4794.0
scanId=190977,3.182816666667,737.540791951491,6084.0
scanId=190977,3.182816666667,737.5564313672193,5620.0
scanId=190977,3.182816666667,737.5720710287649,4096.0
scanId=190977,3.182816666667,737.5877107761388,2807.0
scanId=190977,3.182816666667,737.6033507693143,2002.0
scanId=190977,3.182816666667,737.618990848334,1444.0
scanId=190977,3.182816666667,737.6346311731393,1028.0
scanId=190977,3.182816666667,738.5107517701057,1227.0
scanId=190977,3.182816666667,738.5264014668505,1813.0
scanId=190977,3.182816666667,738.5420514089211,1978.0
scanId=190977,3.182816666667,738.5577014373118,1712.0
scanId=190977,3.182816666667,738.5733517110122,1258.0
scanId=190977,3.182816666667,739.4343699000988,1007.0
scanId=190977,3.182816666667,739.4500294594346,1167.0
scanId=190977,3.182816666667,739.4656891055512,1214.0
scanId=190977,3.182816666667,739.4813489965169,1011.0
scanId=190977,3.182816666667,745.4126506181758,1102.0
scanId=190977,3.182816666667,745.4283732769875,1014.0
scanId=190977,3.182816666667,745.4912657224472,1108.0
scanId=190977,3.182816666667,748.4029402913812,1024.0
scanId=190977,3.182816666667,748.4186944565466,1001.0
scanId=190977,3.182816666667,763.4282680124898,1199.0
scanId=190977,3.182816666667,763.4441796105014,1273.0
scanId=190977,3.182816666667,763.4600913074917,1142.0
scanId=190977,3.182816666667,764.5106321403231,2770.0
scanId=190977,3.182816666667,764.5265550137491,10995.0
scanId=190977,3.182816666667,764.5424779867049,25547.0
scanId=190977,3.182816666667,764.5584011917609,39025.0
scanId=190977,3.182816666667,764.5743244963628,42267.0
scanId=190977,3.182816666667,764.5902480330485,35285.0
scanId=190977,3.182816666667,764.6061716692965,25392.0
scanId=190977,3.182816666667,764.622095537612,17290.0
scanId=190977,3.182816666667,764.6380195055061,11746.0
scanId=190977,3.182816666667,764.6539437054514,7814.0
scanId=190977,3.182816666667,764.6698680049915,5122.0
scanId=190977,3.182816666667,764.6857925365667,3489.0
scanId=190977,3.182816666667,764.7017171677529,2351.0
scanId=190977,3.182816666667,764.7176420309581,1694.0
scanId=190977,3.182816666667,764.7335669937902,1348.0
scanId=190977,3.182816666667,765.5140949554035,2023.0
scanId=190977,3.182816666667,765.5300282093872,5723.0
scanId=190977,3.182816666667,765.5459616949679,13017.0
scanId=190977,3.182816666667,765.5618952805979,19989.0
scanId=190977,3.182816666667,765.5778290978085,21714.0
scanId=190977,3.182816666667,765.5937630150844,18094.0
scanId=190977,3.182816666667,765.6096971639248,12940.0
scanId=190977,3.182816666667,765.6256314128467,8800.0
scanId=190977,3.182816666667,765.641565893317,5924.0
scanId=190977,3.182816666667,765.6575004738849,3917.0
scanId=190977,3.182816666667,765.673435285985,2557.0
scanId=190977,3.182816666667,765.689370198199,1691.0
scanId=190977,3.182816666667,765.7053053419289,1132.0
scanId=190977,3.182816666667,766.5182158402102,1110.0
scanId=190977,3.182816666667,766.5341596063159,2340.0
scanId=190977,3.182816666667,766.5501034729738,4360.0
scanId=190977,3.182816666667,766.5660475707093,6363.0
scanId=190977,3.182816666667,766.5819917690136,6839.0
scanId=190977,3.182816666667,766.5979361983789,5679.0
scanId=190977,3.182816666667,766.613880728329,4132.0
scanId=190977,3.182816666667,766.6298254893242,2896.0
scanId=190977,3.182816666667,766.6457703509204,2122.0
scanId=190977,3.182816666667,766.6617154435454,1566.0
scanId=190977,3.182816666667,766.6776606367877,1133.0
scanId=190977,3.182816666667,767.5389490735017,1129.0
scanId=190977,3.182816666667,767.5549034517621,1193.0
scanId=190977,3.182816666667,767.5708579310947,1429.0
scanId=190977,3.182816666667,767.5868126409853,1522.0
scanId=190977,3.182816666667,767.6027674519639,1296.0
scanId=190977,3.182816666667,767.618722493484,1048.0
scanId=190977,3.182816666667,775.4245518214037,1136.0
scanId=190977,3.182816666667,775.4405878856842,1484.0
scanId=190977,3.182816666667,775.4566241765143,1851.0
scanId=190977,3.182816666667,775.4726605724409,1940.0
scanId=190977,3.182816666667,775.4886971949009,1617.0
scanId=190977,3.182816666667,775.5047339224734,1241.0
scanId=190977,3.182816666667,775.9377890962929,1120.0
scanId=190977,3.182816666667,775.9538304669122,1110.0
scanId=190977,3.182816666667,776.4511961698412,1059.0
scanId=190977,3.182816666667,776.4672428467993,1014.0
scanId=190977,3.182816666667,780.5323876941111,1018.0
scanId=190977,3.182816666667,780.5484764901366,1379.0
scanId=190977,3.182816666667,780.5645655101107,1434.0
scanId=190977,3.182816666667,780.5806546377825,1194.0
scanId=190977,3.182816666667,781.5463074905264,1079.0
scanId=190977,3.182816666667,781.5624067910254,1004.0
scanId=190977,3.182816666667,801.4085322412211,1179.0
scanId=190977,3.182816666667,801.4248348308099,1749.0
scanId=190977,3.182816666667,801.4411375387053,2299.0
scanId=190977,3.182816666667,801.4574404599239,2330.0
scanId=190977,3.182816666667,801.4737434994656,2016.0
scanId=190977,3.182816666667,801.4900467523141,1578.0
scanId=190977,3.182816666667,801.5063501235022,1136.0
scanId=190977,3.182816666667,802.4359177567916,1088.0
scanId=190977,3.182816666667,802.4522307457253,1183.0
scanId=190977,3.182816666667,815.4242084223106,1232.0
scanId=190977,3.182816666667,815.4406529494694,1341.0
scanId=190977,3.182816666667,815.4570976020393,1273.0
scanId=190977,3.182816666667,815.473542460828,1187.0
scanId=190977,3.182816666667,817.4645918209906,1171.0
scanId=190977,3.182816666667,817.4810569091992,1572.0
scanId=190977,3.182816666667,817.4975221238508,1555.0
scanId=190977,3.182816666667,817.5139875436893,1203.0
scanId=190977,3.182816666667,818.4857396331477,1148.0
scanId=190977,3.182816666667,818.5022150018813,1295.0
scanId=190977,3.182816666667,818.5186904975739,1175.0
scanId=190977,3.182816666667,833.4471354591632,1341.0
scanId=190977,3.182816666667,833.4637607245828,1541.0
scanId=190977,3.182816666667,833.4803861245049,1415.0
scanId=190977,3.182816666667,833.4970117215544,1196.0
scanId=190977,3.182816666667,833.5136374531228,1024.0
scanId=190977,3.182816666667,841.4296132447878,1706.0
scanId=190977,3.182816666667,841.4463179082388,3274.0
scanId=190977,3.182816666667,841.4630227648192,4875.0
scanId=190977,3.182816666667,841.479727759917,5376.0
scanId=190977,3.182816666667,841.4964329481272,4896.0
scanId=190977,3.182816666667,841.5131382748715,3939.0
scanId=190977,3.182816666667,841.5298437947116,2817.0
scanId=190977,3.182816666667,841.5465494531023,1864.0
scanId=190977,3.182816666667,841.5632553045723,1282.0
scanId=190977,3.182816666667,842.4489019838221,1814.0
scanId=190977,3.182816666667,842.4656167892977,2632.0
scanId=190977,3.182816666667,842.4823317337928,3183.0
scanId=190977,3.182816666667,842.4990468708982,3045.0
scanId=190977,3.182816666667,842.5157621470398,2427.0
scanId=190977,3.182816666667,842.532477615775,1808.0
scanId=190977,3.182816666667,842.5491932235632,1343.0
scanId=190977,3.182816666667,842.5659090239282,1002.0
scanId=190977,3.182816666667,843.4520830081801,1088.0
scanId=190977,3.182816666667,843.4688077625507,1442.0
scanId=190977,3.182816666667,843.4855326564431,1493.0
scanId=190977,3.182816666667,843.5022577424436,1346.0
scanId=190977,3.182816666667,843.5189829679825,1162.0
scanId=190977,3.182816666667,844.4223920980351,2072.0
scanId=190977,3.182816666667,844.4391264696711,3310.0
scanId=190977,3.182816666667,844.4558609813145,4200.0
scanId=190977,3.182816666667,844.4725956845803,4263.0
scanId=190977,3.182816666667,844.48933052787,3606.0
scanId=190977,3.182816666667,844.5060655627657,2742.0
scanId=190977,3.182816666667,844.5228007377021,1956.0
scanId=190977,3.182816666667,844.5395361042275,1329.0
scanId=190977,3.182816666667,845.4267471216554,1272.0
scanId=190977,3.182816666667,845.4434914421864,2143.0
scanId=190977,3.182816666667,845.4602359032272,2956.0
scanId=190977,3.182816666667,845.476980555388,3230.0
scanId=190977,3.182816666667,845.4937253480757,2842.0
scanId=190977,3.182816666667,845.5104703318664,2089.0
scanId=190977,3.182816666667,845.5272154562003,1434.0
scanId=190977,3.182816666667,845.5439607716208,1055.0
scanId=190977,3.182816666667,846.4316990940562,1591.0
scanId=190977,3.182816666667,846.4484533634823,2717.0
scanId=190977,3.182816666667,846.4652077739208,3403.0
scanId=190977,3.182816666667,846.4819623749767,3564.0
scanId=190977,3.182816666667,846.4987171170618,3136.0
scanId=190977,3.182816666667,846.5154720497475,2478.0
scanId=190977,3.182816666667,846.5322271234792,1973.0
scanId=190977,3.182816666667,846.5489823877947,1520.0
scanId=190977,3.182816666667,846.5657377931732,1091.0
scanId=190977,3.182816666667,847.3869564038152,5395.0
scanId=190977,3.182816666667,847.4037201003582,27539.0
scanId=190977,3.182816666667,847.4204839870496,80250.0
scanId=190977,3.182816666667,847.4372480152391,153810.0
scanId=190977,3.182816666667,847.4540122335605,205768.0
scanId=190977,3.182816666667,847.4707765933966,203480.0
scanId=190977,3.182816666667,847.4875411433477,163440.0
scanId=190977,3.182816666667,847.5043058348305,117413.0
scanId=190977,3.182816666667,847.5210707164113,80673.0
scanId=190977,3.182816666667,847.5378357395406,54891.0
scanId=190977,3.182816666667,847.5546009527512,36939.0
scanId=190977,3.182816666667,847.5713663075272,24506.0
scanId=190977,3.182816666667,847.5881318523677,16228.0
scanId=190977,3.182816666667,847.6048975387903,10610.0
scanId=190977,3.182816666667,847.6216634152609,7000.0
scanId=190977,3.182816666667,847.63842943333,4970.0
scanId=190977,3.182816666667,847.6551956414302,3701.0
scanId=190977,3.182816666667,847.6719619911458,2710.0
scanId=190977,3.182816666667,847.6887285308759,2073.0
scanId=190977,3.182816666667,847.7054952122381,1634.0
scanId=190977,3.182816666667,847.722262083598,1512.0
scanId=190977,3.182816666667,847.739029096607,1547.0
scanId=190977,3.182816666667,847.7557962995967,1516.0
scanId=190977,3.182816666667,847.772563644252,1501.0
scanId=190977,3.182816666667,847.7893311788716,1499.0
scanId=190977,3.182816666667,847.806098855174,1465.0
scanId=190977,3.182816666667,847.8228667214233,1336.0
scanId=190977,3.182816666667,847.8396347293719,1243.0
scanId=190977,3.182816666667,847.8564029272512,1152.0
scanId=190977,3.182816666667,847.8731712668464,1207.0
scanId=190977,3.182816666667,847.8899397963555,1219.0
scanId=190977,3.182816666667,847.9067084675972,1166.0
scanId=190977,3.182816666667,847.9234773287362,1131.0
scanId=190977,3.182816666667,848.0073240495088,1051.0
scanId=190977,3.182816666667,848.0240939055373,1083.0
scanId=190977,3.182816666667,848.0408639033653,1081.0
scanId=190977,3.182816666667,848.0576340910236,1065.0
scanId=190977,3.182816666667,848.0744044204985,1121.0
scanId=190977,3.182816666667,848.0911749397865,1111.0
scanId=190977,3.182816666667,848.1079456009079,1118.0
scanId=190977,3.182816666667,848.1247164518257,1133.0
scanId=190977,3.182816666667,848.1414874445937,1115.0
scanId=190977,3.182816666667,848.1582586271417,1175.0
scanId=190977,3.182816666667,848.1750299515562,1197.0
scanId=190977,3.182816666667,848.1918014657338,1167.0
scanId=190977,3.182816666667,848.208573121795,1144.0
scanId=190977,3.182816666667,848.2253449676024,1111.0
scanId=190977,3.182816666667,848.3092066121699,1007.0
scanId=190977,3.182816666667,848.3259794528668,1180.0
scanId=190977,3.182816666667,848.3427524355145,1238.0
scanId=190977,3.182816666667,848.3595256078412,1261.0
scanId=190977,3.182816666667,848.3762989221354,1674.0
scanId=190977,3.182816666667,848.393072426092,6328.0
scanId=190977,3.182816666667,848.4098460720327,23051.0
scanId=190977,3.182816666667,848.4266199076192,58413.0
scanId=190977,3.182816666667,848.4433938852064,103304.0
scanId=190977,3.182816666667,848.4601680524227,130372.0
scanId=190977,3.182816666667,848.4769423616566,122561.0
scanId=190977,3.182816666667,848.4937168605027,95279.0
scanId=190977,3.182816666667,848.5104915013834,67149.0
scanId=190977,3.182816666667,848.5272663318593,45348.0
scanId=190977,3.182816666667,848.5440413043864,30460.0
scanId=190977,3.182816666667,848.5608164664922,20568.0
scanId=190977,3.182816666667,848.5775917706658,13820.0
scanId=190977,3.182816666667,848.5943672644014,9132.0
scanId=190977,3.182816666667,848.6111429002218,6261.0
scanId=190977,3.182816666667,848.6279187255873,4454.0
scanId=190977,3.182816666667,848.644694693054,3256.0
scanId=190977,3.182816666667,848.6614708500493,2638.0
scanId=190977,3.182816666667,848.6782471491629,2195.0
scanId=190977,3.182816666667,848.6950236377882,1823.0
scanId=190977,3.182816666667,848.7118002685481,1559.0
scanId=190977,3.182816666667,848.7285770888031,1371.0
scanId=190977,3.182816666667,848.7453540512098,1396.0
scanId=190977,3.182816666667,848.7621312030946,1468.0
scanId=190977,3.182816666667,848.7789084971478,1361.0
scanId=190977,3.182816666667,848.7956859806624,1234.0
scanId=190977,3.182816666667,848.8124636063623,1251.0
scanId=190977,3.182816666667,848.8292414215067,1130.0
scanId=190977,3.182816666667,848.8460193788532,1038.0
scanId=190977,3.182816666667,848.8627975256275,1216.0
scanId=190977,3.182816666667,848.8795758146207,1241.0
scanId=190977,3.182816666667,848.8963542930248,1140.0
scanId=190977,3.182816666667,848.9131329136644,1098.0
scanId=190977,3.182816666667,848.9299117236984,1191.0
scanId=190977,3.182816666667,848.9466906759845,1328.0
scanId=190977,3.182816666667,848.9634698176484,1259.0
scanId=190977,3.182816666667,848.9802491015812,1149.0
scanId=190977,3.182816666667,848.9970285748749,1245.0
scanId=190977,3.182816666667,849.0138081904543,1398.0
scanId=190977,3.182816666667,849.0305879953777,1424.0
scanId=190977,3.182816666667,849.0473679426038,1265.0
scanId=190977,3.182816666667,849.0641480791572,1060.0
scanId=190977,3.182816666667,849.0809283580298,1065.0
scanId=190977,3.182816666667,849.097708826213,1115.0
scanId=190977,3.182816666667,849.1144894367321,1063.0
scanId=190977,3.182816666667,849.1648323101538,1001.0
scanId=190977,3.182816666667,849.181613583966,1068.0
scanId=190977,3.182816666667,849.1983950470387,1037.0
scanId=190977,3.182816666667,849.2823047793904,1036.0
scanId=190977,3.182816666667,849.2990872373525,1005.0
scanId=190977,3.182816666667,849.3158698377514,1038.0
scanId=190977,3.182816666667,849.3326526273434,1088.0
scanId=190977,3.182816666667,849.3830019443025,1251.0
scanId=190977,3.182816666667,849.3997853971543,3254.0
scanId=190977,3.182816666667,849.4165689924929,9508.0
scanId=190977,3.182816666667,849.4333527769744,21891.0
scanId=190977,3.182816666667,849.4501367039594,36972.0
scanId=190977,3.182816666667,849.4669208200709,45560.0
scanId=190977,3.182816666667,849.4837050787025,42026.0
scanId=190977,3.182816666667,849.5004895264437,32064.0
scanId=190977,3.182816666667,849.5172741167221,22865.0
scanId=190977,3.182816666667,849.5340588960931,16120.0
scanId=190977,3.182816666667,849.5508438180179,11111.0
scanId=190977,3.182816666667,849.5676289290188,7471.0
scanId=190977,3.182816666667,849.5844141825905,5148.0
scanId=190977,3.182816666667,849.6011996252212,3523.0
scanId=190977,3.182816666667,849.6179852104393,2624.0
scanId=190977,3.182816666667,849.6347709846998,1947.0
scanId=190977,3.182816666667,849.6515569015644,1584.0
scanId=190977,3.182816666667,849.6683430074548,1322.0
scanId=190977,3.182816666667,849.6851292559661,1170.0
scanId=190977,3.182816666667,849.7019156934863,1017.0
scanId=190977,3.182816666667,849.7522759545988,1018.0
scanId=190977,3.182816666667,849.7690630553789,1113.0
scanId=190977,3.182816666667,849.7858502988298,1215.0
scanId=190977,3.182816666667,849.8026377312395,1198.0
scanId=190977,3.182816666667,849.8194253063372,1214.0
scanId=190977,3.182816666667,849.8362130703767,1117.0
scanId=190977,3.182816666667,849.8530009771209,1020.0
scanId=190977,3.182816666667,850.390301915257,1300.0
scanId=190977,3.182816666667,850.4070953170038,2209.0
scanId=190977,3.182816666667,850.4238888617401,3921.0
scanId=190977,3.182816666667,850.4406825951168,6818.0
scanId=190977,3.182816666667,850.4574764714997,10241.0
scanId=190977,3.182816666667,850.4742705365063,11602.0
scanId=190977,3.182816666667,850.491064744536,10355.0
scanId=190977,3.182816666667,850.5078591411722,7864.0
scanId=190977,3.182816666667,850.5246536808482,5680.0
scanId=190977,3.182816666667,850.5414484091144,4167.0
scanId=190977,3.182816666667,850.5582432804372,3120.0
scanId=190977,3.182816666667,850.5750383403332,2279.0
scanId=190977,3.182816666667,850.5918335433025,1698.0
scanId=190977,3.182816666667,850.6086289348283,1348.0
scanId=190977,3.182816666667,850.6254244694443,1020.0
scanId=190977,3.182816666667,851.4318056797765,1175.0
scanId=190977,3.182816666667,851.4486093620483,2139.0
scanId=190977,3.182816666667,851.4654131878291,2963.0
scanId=190977,3.182816666667,851.4822172017306,3205.0
scanId=190977,3.182816666667,851.4990213591581,2883.0
scanId=190977,3.182816666667,851.5158257046895,2366.0
scanId=190977,3.182816666667,851.5326301937638,1872.0
scanId=190977,3.182816666667,851.549434870925,1524.0
scanId=190977,3.182816666667,851.5662396916456,1265.0
scanId=190977,3.182816666667,852.4739468529488,1015.0
scanId=190977,3.182816666667,855.5199733505444,1095.0
scanId=190977,3.182816666667,856.497197428585,1005.0
scanId=190977,3.182816666667,857.4581162780993,1034.0
scanId=190977,3.182816666667,857.4749793221117,1115.0
scanId=190977,3.182816666667,861.4423905505017,1612.0
scanId=190977,3.182816666667,861.4592927268349,2601.0
scanId=190977,3.182816666667,861.4761950516569,2942.0
scanId=190977,3.182816666667,861.4930975596199,2621.0
scanId=190977,3.182816666667,861.5100002160884,2085.0
scanId=190977,3.182816666667,861.5269030556815,1630.0
scanId=190977,3.182816666667,861.5438060437967,1220.0
scanId=190977,3.182816666667,862.4399021678365,1028.0
scanId=190977,3.182816666667,862.45681411041,1376.0
scanId=190977,3.182816666667,862.4737262356383,1552.0
scanId=190977,3.182816666667,862.4906385098586,1537.0
scanId=190977,3.182816666667,862.5075509667167,1277.0
scanId=190977,3.182816666667,863.4379909846531,1119.0
scanId=190977,3.182816666667,863.4549127271465,1614.0
scanId=190977,3.182816666667,863.4718346191185,1768.0
scanId=190977,3.182816666667,863.4887566932417,1603.0
scanId=190977,3.182816666667,863.5056789168603,1308.0
scanId=190977,3.182816666667,863.5226013226136,1050.0
scanId=190977,3.182816666667,864.4535885438686,1002.0
scanId=190977,3.182816666667,864.4705202352573,1396.0
scanId=190977,3.182816666667,864.4874520766274,1485.0
scanId=190977,3.182816666667,864.5043840996458,1256.0
scanId=190977,3.182816666667,865.4697830518849,1138.0
scanId=190977,3.182816666667,865.4867246921687,1173.0
scanId=190977,3.182816666667,865.503666482937,1052.0
scanId=190977,3.182816666667,866.4357207657596,1147.0
scanId=190977,3.182816666667,866.452671842633,1036.0
scanId=190977,3.182816666667,867.4530793236862,1058.0
scanId=190977,3.182816666667,867.4700403499579,1184.0
scanId=190977,3.182816666667,867.487001556402,1150.0
scanId=190977,3.182816666667,867.5039629143203,1061.0
scanId=190977,3.182816666667,869.3707253999787,2249.0
scanId=190977,3.182816666667,869.3877051776935,9466.0
scanId=190977,3.182816666667,869.404685107822,25383.0
scanId=190977,3.182816666667,869.421665217167,45453.0
scanId=190977,3.182816666667,869.4386454789419,58129.0
scanId=190977,3.182816666667,869.4556259199164,56062.0
scanId=190977,3.182816666667,869.4726065133382,44070.0
scanId=190977,3.182816666667,869.4895872859427,31187.0
scanId=190977,3.182816666667,869.5065682110107,21029.0
scanId=190977,3.182816666667,869.5235493152451,14010.0
scanId=190977,3.182816666667,869.54053057196,9290.0
scanId=190977,3.182816666667,869.557512007824,6116.0
scanId=190977,3.182816666667,869.5744935961854,4152.0
scanId=190977,3.182816666667,869.5914753636794,2878.0
scanId=190977,3.182816666667,869.6084572836877,2031.0
scanId=190977,3.182816666667,869.6254393828115,1533.0
scanId=190977,3.182816666667,869.642421634466,1308.0
scanId=190977,3.182816666667,869.6594040652196,1008.0
scanId=190977,3.182816666667,870.3728156126531,1962.0
scanId=190977,3.182816666667,870.3898051605332,6159.0
scanId=190977,3.182816666667,870.4067948871433,15115.0
scanId=190977,3.182816666667,870.4237847666699,26208.0
scanId=190977,3.182816666667,870.4407748249098,33028.0
scanId=190977,3.182816666667,870.457765036083,31744.0
scanId=190977,3.182816666667,870.4747554259526,25131.0
scanId=190977,3.182816666667,870.4917459687725,17900.0
scanId=190977,3.182816666667,870.5087366902723,12197.0
scanId=190977,3.182816666667,870.5257275647388,8151.0
scanId=190977,3.182816666667,870.5427186178681,5435.0
scanId=190977,3.182816666667,870.5597098239813,3723.0
scanId=190977,3.182816666667,870.5767012087405,2630.0
scanId=190977,3.182816666667,870.5936927465002,1877.0
scanId=190977,3.182816666667,870.6106844628893,1420.0
scanId=190977,3.182816666667,870.6276763322956,1126.0
scanId=190977,3.182816666667,871.3924823726098,2485.0
scanId=190977,3.182816666667,871.4094818698885,5430.0
scanId=190977,3.182816666667,871.4264815453936,8915.0
scanId=190977,3.182816666667,871.4434813743185,11454.0
scanId=190977,3.182816666667,871.4604813814534,11032.0
scanId=190977,3.182816666667,871.477481542025,9028.0
scanId=190977,3.182816666667,871.4944818807897,6887.0
scanId=190977,3.182816666667,871.5114823730079,4920.0
scanId=190977,3.182816666667,871.5284830434025,3407.0
scanId=190977,3.182816666667,871.5454838672672,2433.0
scanId=190977,3.182816666667,871.5624848692917,1902.0
scanId=190977,3.182816666667,871.5794860248033,1604.0
scanId=190977,3.182816666667,871.5964873584575,1232.0
scanId=190977,3.182816666667,872.4127460813673,1499.0
scanId=190977,3.182816666667,872.4297555280439,2745.0
scanId=190977,3.182816666667,872.4467651524441,3820.0
scanId=190977,3.182816666667,872.4637749307673,3965.0
scanId=190977,3.182816666667,872.4807848867976,3353.0
scanId=190977,3.182816666667,872.4977949967673,2600.0
scanId=190977,3.182816666667,872.5148052844271,1933.0
scanId=190977,3.182816666667,872.5318157260435,1376.0
scanId=190977,3.182816666667,872.5488263453333,1079.0
scanId=190977,3.182816666667,873.4336067389248,1279.0
scanId=190977,3.182816666667,873.4506261349995,2025.0
scanId=190977,3.182816666667,873.4676457082949,2927.0
scanId=190977,3.182816666667,873.4846654360164,3744.0
scanId=190977,3.182816666667,873.5016853409414,4040.0
scanId=190977,3.182816666667,873.5187054003095,3923.0
scanId=190977,3.182816666667,873.5357256368644,3446.0
scanId=190977,3.182816666667,873.552746027879,2699.0
scanId=190977,3.182816666667,873.569766596064,2049.0
scanId=190977,3.182816666667,873.5867873187253,1521.0
scanId=190977,3.182816666667,873.6038082185399,1101.0
scanId=190977,3.182816666667,874.472093690755,1361.0
scanId=190977,3.182816666667,874.4891232129453,1788.0
scanId=190977,3.182816666667,874.5061528900649,2052.0
scanId=190977,3.182816666667,874.5231827438851,1927.0
scanId=190977,3.182816666667,874.5402127526513,1516.0
scanId=190977,3.182816666667,874.5572429381014,1105.0
scanId=190977,3.182816666667,875.494158195309,1094.0
scanId=190977,3.182816666667,875.5111976663944,1334.0
scanId=190977,3.182816666667,875.5282372929122,1378.0
scanId=190977,3.182816666667,875.5452770956277,1150.0
scanId=190977,3.182816666667,877.4206671491731,1317.0
scanId=190977,3.182816666667,877.4377253479008,2994.0
scanId=190977,3.182816666667,877.454783721887,4399.0
scanId=190977,3.182816666667,877.4718422522614,4703.0
scanId=190977,3.182816666667,877.4889009578774,4140.0
scanId=190977,3.182816666667,877.5059598198983,3218.0
scanId=190977,3.182816666667,877.523018857144,2351.0
scanId=190977,3.182816666667,877.5400780508119,1787.0
scanId=190977,3.182816666667,877.5571374196876,1354.0
scanId=190977,3.182816666667,877.5741969450016,1013.0
scanId=190977,3.182816666667,878.4273848645909,1022.0
scanId=190977,3.182816666667,878.4444528558425,1739.0
scanId=190977,3.182816666667,878.4615210039684,2792.0
scanId=190977,3.182816666667,878.4785893268496,3218.0
scanId=190977,3.182816666667,878.495657806622,2833.0
scanId=190977,3.182816666667,878.5127264611331,2120.0
scanId=190977,3.182816666667,878.5297952725522,1455.0
scanId=190977,3.182816666667,878.5468642586931,1042.0
scanId=190977,3.182816666667,879.4176021967672,1588.0
scanId=190977,3.182816666667,879.4346798052838,5816.0
scanId=190977,3.182816666667,879.4517575711612,15103.0
scanId=190977,3.182816666667,879.4688355113078,25672.0
scanId=190977,3.182816666667,879.4859136088317,30982.0
scanId=190977,3.182816666667,879.5029918806081,28587.0
scanId=190977,3.182816666667,879.5200703097788,21716.0
scanId=190977,3.182816666667,879.537148913185,15138.0
scanId=190977,3.182816666667,879.5542276740022,10086.0
scanId=190977,3.182816666667,879.5713066090382,6630.0
scanId=190977,3.182816666667,879.5883857015018,4371.0
scanId=190977,3.182816666667,879.6054649681677,2804.0
scanId=190977,3.182816666667,879.6225443922781,1839.0
scanId=190977,3.182816666667,879.6396239905738,1262.0
scanId=190977,3.182816666667,880.4254645702107,1756.0
scanId=190977,3.182816666667,880.4425519538395,5337.0
scanId=190977,3.182816666667,880.4596395112512,10487.0
scanId=190977,3.182816666667,880.4767272265267,15628.0
scanId=190977,3.182816666667,880.4938151155683,17807.0
scanId=190977,3.182816666667,880.5109031624902,15823.0
scanId=190977,3.182816666667,880.5279913831616,11821.0
scanId=190977,3.182816666667,880.5450797617303,8190.0
scanId=190977,3.182816666667,880.5621683140315,5530.0
scanId=190977,3.182816666667,880.5792570242468,3797.0
scanId=190977,3.182816666667,880.5963459081778,2577.0
scanId=190977,3.182816666667,880.6134349500398,1718.0
scanId=190977,3.182816666667,880.6305241656008,1189.0
scanId=190977,3.182816666667,881.4339041520018,1483.0
scanId=190977,3.182816666667,881.4510013266788,3772.0
scanId=190977,3.182816666667,881.4680986597057,7345.0
scanId=190977,3.182816666667,881.4851961660124,10110.0
scanId=190977,3.182816666667,881.502293830686,10563.0
scanId=190977,3.182816666667,881.5193916686228,8652.0
scanId=190977,3.182816666667,881.5364896649429,6286.0
scanId=190977,3.182816666667,881.5535878345094,4424.0
scanId=190977,3.182816666667,881.570686162476,3074.0
scanId=190977,3.182816666667,881.5877846636724,2126.0
scanId=190977,3.182816666667,881.6048833232857,1567.0
scanId=190977,3.182816666667,881.6219821561118,1165.0
scanId=190977,3.182816666667,882.460027908368,2025.0
scanId=190977,3.182816666667,882.4771350319402,2832.0
scanId=190977,3.182816666667,882.4942423143649,3235.0
scanId=190977,3.182816666667,882.5113497695669,3490.0
scanId=190977,3.182816666667,882.5284573836384,3237.0
scanId=190977,3.182816666667,882.5455651704701,2525.0
scanId=190977,3.182816666667,882.5626731161881,1932.0
scanId=190977,3.182816666667,882.5797812346498,1567.0
scanId=190977,3.182816666667,882.5968895120145,1153.0
scanId=190977,3.182816666667,883.4696317133497,1275.0
scanId=190977,3.182816666667,883.4867486135258,1379.0
scanId=190977,3.182816666667,883.5038656859932,1355.0
scanId=190977,3.182816666667,883.520982917816,1284.0
scanId=190977,3.182816666667,883.5381003219131,1105.0
scanId=190977,3.182816666667,885.3706203149787,2471.0
scanId=190977,3.182816666667,885.387755627087,4639.0
scanId=190977,3.182816666667,885.4048910994724,6441.0
scanId=190977,3.182816666667,885.4220267432105,6704.0
scanId=190977,3.182816666667,885.4391625472426,5654.0
scanId=190977,3.182816666667,885.4562985226106,4281.0
scanId=190977,3.182816666667,885.4734346582892,3197.0
scanId=190977,3.182816666667,885.4905709652869,2406.0
scanId=190977,3.182816666667,885.5077074326125,1841.0
scanId=190977,3.182816666667,885.5248440712401,1408.0
scanId=190977,3.182816666667,885.541980870212,1087.0
scanId=190977,3.182816666667,886.3818872849025,1809.0
scanId=190977,3.182816666667,886.3990323750392,3118.0
scanId=190977,3.182816666667,886.4161776360427,4238.0
scanId=190977,3.182816666667,886.4333230578261,4206.0
scanId=190977,3.182816666667,886.4504686504592,3240.0
scanId=190977,3.182816666667,886.4676144038891,2308.0
scanId=190977,3.182816666667,886.4847603281521,1736.0
scanId=190977,3.182816666667,886.5019064132287,1465.0
scanId=190977,3.182816666667,886.5190526691214,1427.0
scanId=190977,3.182816666667,886.5361990858446,1335.0
scanId=190977,3.182816666667,886.5533456733672,1097.0
scanId=190977,3.182816666667,887.3765767581953,1628.0
scanId=190977,3.182816666667,887.3937314660833,3645.0
scanId=190977,3.182816666667,887.4108863443519,14735.0
scanId=190977,3.182816666667,887.4280413838864,76970.0
scanId=190977,3.182816666667,887.4451965937848,250232.0
scanId=190977,3.182816666667,887.4623519649658,510280.0
scanId=190977,3.182816666667,887.4795075064941,733426.0
scanId=190977,3.182816666667,887.4966632093219,791659.0
scanId=190977,3.182816666667,887.5138190824799,682654.0
scanId=190977,3.182816666667,887.5309751169542,511620.0
scanId=190977,3.182816666667,887.5481313217422,361470.0
scanId=190977,3.182816666667,887.565287687863,253094.0
scanId=190977,3.182816666667,887.5824442242807,177996.0
scanId=190977,3.182816666667,887.5996009220482,124419.0
scanId=190977,3.182816666667,887.6167577900958,85833.0
scanId=190977,3.182816666667,887.6339148195099,59303.0
scanId=190977,3.182816666667,887.6510720191873,41396.0
scanId=190977,3.182816666667,887.6682293802479,29523.0
scanId=190977,3.182816666667,887.6853869115554,21592.0
scanId=190977,3.182816666667,887.7025446042626,15928.0
scanId=190977,3.182816666667,887.7197024671997,12147.0
scanId=190977,3.182816666667,887.7368604915536,9311.0
scanId=190977,3.182816666667,887.7540186861205,7245.0
scanId=190977,3.182816666667,887.7711770421209,6024.0
scanId=190977,3.182816666667,887.7883355683177,5412.0
scanId=190977,3.182816666667,887.8054942559646,5370.0
scanId=190977,3.182816666667,887.8226531137913,5494.0
scanId=190977,3.182816666667,887.8398121330849,5489.0
scanId=190977,3.182816666667,887.8569713225415,5137.0
scanId=190977,3.182816666667,887.8741306734817,4737.0
scanId=190977,3.182816666667,887.8912901945679,4340.0
scanId=190977,3.182816666667,887.9084498771547,4239.0
scanId=190977,3.182816666667,887.9256097298709,4182.0
scanId=190977,3.182816666667,887.9427697441041,4535.0
scanId=190977,3.182816666667,887.9599299284502,4822.0
scanId=190977,3.182816666667,887.9770902743301,4847.0
scanId=190977,3.182816666667,887.9942507903058,4830.0
scanId=190977,3.182816666667,888.0114114678324,4375.0
scanId=190977,3.182816666667,888.028572315438,3847.0
scanId=190977,3.182816666667,888.0457333246114,3626.0
scanId=190977,3.182816666667,888.0628945038469,3599.0
scanId=190977,3.182816666667,888.0800558446665,3655.0
scanId=190977,3.182816666667,888.0972173555318,3743.0
scanId=190977,3.182816666667,888.1143790279981,3947.0
scanId=190977,3.182816666667,888.1315408704933,4180.0
scanId=190977,3.182816666667,888.1487028746062,4220.0
scanId=190977,3.182816666667,888.1658650487312,4075.0
scanId=190977,3.182816666667,888.1830273844907,3874.0
scanId=190977,3.182816666667,888.2001898902455,3775.0
scanId=190977,3.182816666667,888.2173525576516,3740.0
scanId=190977,3.182816666667,888.2345153950364,3814.0
scanId=190977,3.182816666667,888.2516783940891,3730.0
scanId=190977,3.182816666667,888.2688415631036,3558.0
scanId=190977,3.182816666667,888.2860048938029,3417.0
scanId=190977,3.182816666667,888.3031683944472,3278.0
scanId=190977,3.182816666667,888.320332056793,3228.0
scanId=190977,3.182816666667,888.3374958890671,3373.0
scanId=190977,3.182816666667,888.3546598830596,3382.0
scanId=190977,3.182816666667,888.3718240469636,3717.0
scanId=190977,3.182816666667,888.3889883726026,4498.0
scanId=190977,3.182816666667,888.4061528681367,7171.0
scanId=190977,3.182816666667,888.4233175254222,27101.0
scanId=190977,3.182816666667,888.440482352586,100115.0
scanId=190977,3.182816666667,888.4576473415182,241228.0
scanId=190977,3.182816666667,888.4748125003116,403499.0
scanId=190977,3.182816666667,888.4919778208904,496427.0
scanId=190977,3.182816666667,888.5091433113138,466923.0
scanId=190977,3.182816666667,888.5263089635391,363757.0
scanId=190977,3.182816666667,888.5434747855923,260444.0
scanId=190977,3.182816666667,888.5606407694643,182721.0
scanId=190977,3.182816666667,888.5778069231473,127787.0
scanId=190977,3.182816666667,888.594973238666,89140.0
scanId=190977,3.182816666667,888.6121397239789,61825.0
scanId=190977,3.182816666667,888.629306371144,42829.0
scanId=190977,3.182816666667,888.6464731880867,30343.0
scanId=190977,3.182816666667,888.6636401668985,22558.0
scanId=190977,3.182816666667,888.680807315471,17642.0
scanId=190977,3.182816666667,888.6979746259293,13841.0
scanId=190977,3.182816666667,888.7151421061317,11071.0
scanId=190977,3.182816666667,888.7323097482365,9024.0
scanId=190977,3.182816666667,888.7494775600687,7465.0
scanId=190977,3.182816666667,888.7666455338205,6565.0
scanId=190977,3.182816666667,888.7838136772824,5906.0
scanId=190977,3.182816666667,888.8009819826806,5602.0
scanId=190977,3.182816666667,888.8181504577725,5560.0
scanId=190977,3.182816666667,888.8353190948171,5463.0
scanId=190977,3.182816666667,888.8524879015388,5251.0
scanId=190977,3.182816666667,888.8696568702301,5039.0
scanId=190977,3.182816666667,888.8868260085816,4997.0
scanId=190977,3.182816666667,888.9039953089195,4993.0
scanId=190977,3.182816666667,888.9211647789009,4998.0
scanId=190977,3.182816666667,888.9383344108852,4913.0
scanId=190977,3.182816666667,888.9555042124966,4688.0
scanId=190977,3.182816666667,888.9726741761277,4494.0
scanId=190977,3.182816666667,888.9898443093688,4751.0
scanId=190977,3.182816666667,889.0070146046464,4883.0
scanId=190977,3.182816666667,889.0241850695173,4477.0
scanId=190977,3.182816666667,889.0413556964414,4318.0
scanId=190977,3.182816666667,889.0585264929422,4318.0
scanId=190977,3.182816666667,889.075697451513,4123.0
scanId=190977,3.182816666667,889.0928685796436,4016.0
scanId=190977,3.182816666667,889.110039869861,3928.0
scanId=190977,3.182816666667,889.1272113296213,3900.0
scanId=190977,3.182816666667,889.1443829514856,3996.0
scanId=190977,3.182816666667,889.1615547428758,3868.0
scanId=190977,3.182816666667,889.1787266963863,3974.0
scanId=190977,3.182816666667,889.1958988194064,4168.0
scanId=190977,3.182816666667,889.2130711045635,4162.0
scanId=190977,3.182816666667,889.2302435592134,4008.0
scanId=190977,3.182816666667,889.2474161760172,3625.0
scanId=190977,3.182816666667,889.2645889622969,3417.0
scanId=190977,3.182816666667,889.2817619107472,3569.0
scanId=190977,3.182816666667,889.2989350286567,3772.0
scanId=190977,3.182816666667,889.316108308754,3909.0
scanId=190977,3.182816666667,889.3332817582933,3850.0
scanId=190977,3.182816666667,889.3504553700369,3730.0
scanId=190977,3.182816666667,889.3676291512061,3701.0
scanId=190977,3.182816666667,889.3848030945962,3931.0
scanId=190977,3.182816666667,889.4019772073952,4527.0
scanId=190977,3.182816666667,889.4191514824319,7321.0
scanId=190977,3.182816666667,889.4363259268608,22176.0
scanId=190977,3.182816666667,889.4535005335441,59549.0
scanId=190977,3.182816666667,889.4706753096028,112076.0
scanId=190977,3.182816666667,889.4878502479327,155731.0
scanId=190977,3.182816666667,889.5050253556215,162529.0
scanId=190977,3.182816666667,889.522200625598,135243.0
scanId=190977,3.182816666667,889.5393760649164,98626.0
scanId=190977,3.182816666667,889.5565516665395,68890.0
scanId=190977,3.182816666667,889.5737274374877,48008.0
scanId=190977,3.182816666667,889.5909033707572,33693.0
scanId=190977,3.182816666667,889.6080794733354,23696.0
scanId=190977,3.182816666667,889.6252557382516,16781.0
scanId=190977,3.182816666667,889.6424321724595,12126.0
scanId=190977,3.182816666667,889.6596087690224,9262.0
scanId=190977,3.182816666667,889.6767855348603,7403.0
scanId=190977,3.182816666667,889.6939624630696,6188.0
scanId=190977,3.182816666667,889.7111395605373,5305.0
scanId=190977,3.182816666667,889.7283168203932,4600.0
scanId=190977,3.182816666667,889.7454942494907,4031.0
scanId=190977,3.182816666667,889.7626718409932,3641.0
scanId=190977,3.182816666667,889.7798496017205,3613.0
scanId=190977,3.182816666667,889.7970275248697,3694.0
scanId=190977,3.182816666667,889.8142056172268,3583.0
scanId=190977,3.182816666667,889.8313838720225,3560.0
scanId=190977,3.182816666667,889.8485622960094,3538.0
scanId=190977,3.182816666667,889.865740882452,3419.0
scanId=190977,3.182816666667,889.8829196380688,3201.0
scanId=190977,3.182816666667,889.9000985561576,3148.0
scanId=190977,3.182816666667,889.9172776434042,3028.0
scanId=190977,3.182816666667,889.9344568931397,2621.0
scanId=190977,3.182816666667,889.9516363120161,2405.0
scanId=190977,3.182816666667,889.9688158933983,2449.0
scanId=190977,3.182816666667,889.9859956439045,2391.0
scanId=190977,3.182816666667,890.0031755569332,2413.0
scanId=190977,3.182816666667,890.0203556390693,2563.0
scanId=190977,3.182816666667,890.0375358837448,2862.0
scanId=190977,3.182816666667,890.0547162975108,2934.0
scanId=190977,3.182816666667,890.0718968738327,2747.0
scanId=190977,3.182816666667,890.0890776192284,2551.0
scanId=190977,3.182816666667,890.1062585271968,2573.0
scanId=190977,3.182816666667,890.1234396042224,2704.0
scanId=190977,3.182816666667,890.1406208438374,2893.0
scanId=190977,3.182816666667,890.1578022524928,2950.0
scanId=190977,3.182816666667,890.1749838237545,2645.0
scanId=190977,3.182816666667,890.1921655640398,2465.0
scanId=190977,3.182816666667,890.209347466948,2387.0
scanId=190977,3.182816666667,890.2265295388632,2347.0
scanId=190977,3.182816666667,890.2437117734181,2566.0
scanId=190977,3.182816666667,890.2608941769631,2651.0
scanId=190977,3.182816666667,890.2780767431644,2727.0
scanId=190977,3.182816666667,890.2952594783393,2717.0
scanId=190977,3.182816666667,890.3124423761872,2565.0
scanId=190977,3.182816666667,890.3296254429919,2473.0
scanId=190977,3.182816666667,890.3468086724864,2647.0
scanId=190977,3.182816666667,890.3639920709209,2656.0
scanId=190977,3.182816666667,890.381175632062,2956.0
scanId=190977,3.182816666667,890.3983593621264,3202.0
scanId=190977,3.182816666667,890.4155432549143,3299.0
scanId=190977,3.182816666667,890.4327273166084,4885.0
scanId=190977,3.182816666667,890.4499115410426,10803.0
scanId=190977,3.182816666667,890.4670959343666,21064.0
scanId=190977,3.182816666667,890.4842804904475,33013.0
scanId=190977,3.182816666667,890.5014652154014,39239.0
scanId=190977,3.182816666667,890.5186501031287,35652.0
scanId=190977,3.182816666667,890.5358351597124,26848.0
scanId=190977,3.182816666667,890.5530203790865,18886.0
scanId=190977,3.182816666667,890.5702057673001,13324.0
scanId=190977,3.182816666667,890.5873913183208,9620.0
scanId=190977,3.182816666667,890.6045770381642,6969.0
scanId=190977,3.182816666667,890.6217629208314,5129.0
scanId=190977,3.182816666667,890.6389489723045,3993.0
scanId=190977,3.182816666667,890.6561351866184,3126.0
scanId=190977,3.182816666667,890.6733215697213,2639.0
scanId=190977,3.182816666667,890.6905081156817,2376.0
scanId=190977,3.182816666667,890.7076948304147,2154.0
scanId=190977,3.182816666667,890.7248817080215,2001.0
scanId=190977,3.182816666667,890.7420687543843,1954.0
scanId=190977,3.182816666667,890.7592559636378,2099.0
scanId=190977,3.182816666667,890.7764433416305,2301.0
scanId=190977,3.182816666667,890.7936308825306,2317.0
scanId=190977,3.182816666667,890.810818592153,2150.0
scanId=190977,3.182816666667,890.8280064646997,1942.0
scanId=190977,3.182816666667,890.8451945059519,1793.0
scanId=190977,3.182816666667,890.8623827101452,1783.0
scanId=190977,3.182816666667,890.8795710830271,1702.0
scanId=190977,3.182816666667,890.8967596188671,1596.0
scanId=190977,3.182816666667,890.913948323379,1654.0
scanId=190977,3.182816666667,890.9311371908655,1723.0
scanId=190977,3.182816666667,890.9483262270073,1728.0
scanId=190977,3.182816666667,890.9655154261404,1819.0
scanId=190977,3.182816666667,890.9827047939119,1948.0
scanId=190977,3.182816666667,890.9998943246916,2109.0
scanId=190977,3.182816666667,891.017084024093,1978.0
scanId=190977,3.182816666667,891.0342738865193,1667.0
scanId=190977,3.182816666667,891.0514639175504,1613.0
scanId=190977,3.182816666667,891.0686541116232,1512.0
scanId=190977,3.182816666667,891.0858444742843,1464.0
scanId=190977,3.182816666667,891.1030350000036,1413.0
scanId=190977,3.182816666667,891.1202256942945,1324.0
scanId=190977,3.182816666667,891.1374165516606,1226.0
scanId=190977,3.182816666667,891.1546075775814,1155.0
scanId=190977,3.182816666667,891.171798766594,1124.0
scanId=190977,3.182816666667,891.1889901241445,1073.0
scanId=190977,3.182816666667,891.2061816448037,1020.0
scanId=190977,3.182816666667,891.2577572071001,1073.0
scanId=190977,3.182816666667,891.2749493910524,1212.0
scanId=190977,3.182816666667,891.2921417434925,1305.0
scanId=190977,3.182816666667,891.3093342590913,1264.0
scanId=190977,3.182816666667,891.3265269431614,1237.0
scanId=190977,3.182816666667,891.3437197904069,1411.0
scanId=190977,3.182816666667,891.3609128061066,1485.0
scanId=190977,3.182816666667,891.3781059849987,1579.0
scanId=190977,3.182816666667,891.3952993323282,1665.0
scanId=190977,3.182816666667,891.4124928428669,1670.0
scanId=190977,3.182816666667,891.4296865218263,1740.0
scanId=190977,3.182816666667,891.4468803640116,2360.0
scanId=190977,3.182816666667,891.4640743746008,3599.0
scanId=190977,3.182816666667,891.4812685484327,5238.0
scanId=190977,3.182816666667,891.4984628906519,6932.0
scanId=190977,3.182816666667,891.5156573961303,7440.0
scanId=190977,3.182816666667,891.5328520699793,6363.0
scanId=190977,3.182816666667,891.5500469071043,4928.0
scanId=190977,3.182816666667,891.5672419125831,4033.0
scanId=190977,3.182816666667,891.5844370813545,3191.0
scanId=190977,3.182816666667,891.601632418463,2317.0
scanId=190977,3.182816666667,891.6188279188813,1605.0
scanId=190977,3.182816666667,891.6360235876198,1274.0
scanId=190977,3.182816666667,891.6532194196844,1263.0
scanId=190977,3.182816666667,891.6704154200527,1245.0
scanId=190977,3.182816666667,891.6876115837642,1234.0
scanId=190977,3.182816666667,891.7048079157623,1168.0
scanId=190977,3.182816666667,891.7220044111202,1078.0
scanId=190977,3.182816666667,891.7563979017526,1030.0
scanId=190977,3.182816666667,891.7735948970104,1205.0
scanId=190977,3.182816666667,891.7907920556614,1168.0
scanId=190977,3.182816666667,891.8079893825491,1057.0
scanId=190977,3.182816666667,892.4616106303041,1015.0
scanId=190977,3.182816666667,892.4788144218868,1299.0
scanId=190977,3.182816666667,892.4960183813711,1463.0
scanId=190977,3.182816666667,892.5132225046004,1545.0
scanId=190977,3.182816666667,892.5304267957146,1423.0
scanId=190977,3.182816666667,892.5476312505904,1177.0
scanId=190977,3.182816666667,893.4597047014743,1062.0
scanId=190977,3.182816666667,893.4769181108077,1169.0
scanId=190977,3.182816666667,893.4941316875573,1269.0
scanId=190977,3.182816666667,893.5113454285375,1403.0
scanId=190977,3.182816666667,893.528559336917,1490.0
scanId=190977,3.182816666667,893.5457734095437,1588.0
scanId=190977,3.182816666667,893.562987649553,1515.0
scanId=190977,3.182816666667,893.5802020538262,1242.0
scanId=190977,3.182816666667,893.5974166254653,1038.0
scanId=190977,3.182816666667,895.4747989350429,1217.0
scanId=190977,3.182816666667,895.492031746323,1476.0
scanId=190977,3.182816666667,895.5092647228048,2216.0
scanId=190977,3.182816666667,895.5264978657148,4566.0
scanId=190977,3.182816666667,895.5437311738428,9168.0
scanId=190977,3.182816666667,895.5609646483827,14199.0
scanId=190977,3.182816666667,895.5781982881573,16493.0
scanId=190977,3.182816666667,895.595432094327,15348.0
scanId=190977,3.182816666667,895.6126660657482,11917.0
scanId=190977,3.182816666667,895.6299002035475,8298.0
scanId=190977,3.182816666667,895.6471345066154,5632.0
scanId=190977,3.182816666667,895.6643689760447,3845.0
scanId=190977,3.182816666667,895.6816036107591,2581.0
scanId=190977,3.182816666667,895.6988384118184,1950.0
scanId=190977,3.182816666667,895.7160733781793,1602.0
scanId=190977,3.182816666667,895.7333085108684,1239.0
scanId=190977,3.182816666667,896.5090610931309,1387.0
scanId=190977,3.182816666667,896.526303853306,2718.0
scanId=190977,3.182816666667,896.5435467791847,5480.0
scanId=190977,3.182816666667,896.5607898709898,9616.0
scanId=190977,3.182816666667,896.578033128515,12491.0
scanId=190977,3.182816666667,896.59527655195,12205.0
scanId=190977,3.182816666667,896.612520141122,9799.0
scanId=190977,3.182816666667,896.6297638961868,6899.0
scanId=190977,3.182816666667,896.647007817005,4620.0
scanId=190977,3.182816666667,896.6642519036996,3201.0
scanId=190977,3.182816666667,896.6814961561645,2251.0
scanId=190977,3.182816666667,896.698740574489,1508.0
scanId=190977,3.182816666667,896.7159851586006,1004.0
scanId=190977,3.182816666667,897.4921630669331,1273.0
scanId=190977,3.182816666667,897.5094152789158,1555.0
scanId=190977,3.182816666667,897.5266676563565,1792.0
scanId=190977,3.182816666667,897.5439201999856,2640.0
scanId=190977,3.182816666667,897.5611729090559,3902.0
scanId=190977,3.182816666667,897.5784257843317,4629.0
scanId=190977,3.182816666667,897.5956788250319,4336.0
scanId=190977,3.182816666667,897.6129320319542,3466.0
scanId=190977,3.182816666667,897.6301854042841,2473.0
scanId=190977,3.182816666667,897.647438942853,1689.0
scanId=190977,3.182816666667,897.6646926468129,1191.0
scanId=190977,3.182816666667,898.5275892748633,1072.0
scanId=190977,3.182816666667,898.5621137625784,1111.0
scanId=190977,3.182816666667,898.5793762556046,1339.0
scanId=190977,3.182816666667,898.5966389135701,1272.0
scanId=190977,3.182816666667,899.4254415202904,1139.0
scanId=190977,3.182816666667,899.4427123044807,1462.0
scanId=190977,3.182816666667,899.4599832531919,1745.0
scanId=190977,3.182816666667,899.477254369029,1704.0
scanId=190977,3.182816666667,899.4945256493701,1584.0
scanId=190977,3.182816666667,899.5117970968535,1578.0
scanId=190977,3.182816666667,899.5290687088248,1446.0
scanId=190977,3.182816666667,899.5463404879548,1203.0
scanId=190977,3.182816666667,899.5636124315556,1046.0
scanId=190977,3.182816666667,900.4619820325745,1076.0
scanId=190977,3.182816666667,900.4792627661616,1078.0
scanId=190977,3.182816666667,901.4126685728618,1168.0
scanId=190977,3.182816666667,901.429958424474,2664.0
scanId=190977,3.182816666667,901.4472484441648,4500.0
scanId=190977,3.182816666667,901.4645386274066,5886.0
scanId=190977,3.182816666667,901.481828978744,5966.0
scanId=190977,3.182816666667,901.4991194936156,5070.0
scanId=190977,3.182816666667,901.5164101765996,3800.0
scanId=190977,3.182816666667,901.5337010231012,2550.0
scanId=190977,3.182816666667,901.5509920377318,1642.0
scanId=190977,3.182816666667,901.5682832158632,1131.0
scanId=190977,3.182816666667,902.433053599738,1655.0
scanId=190977,3.182816666667,902.4503532371788,2503.0
scanId=190977,3.182816666667,902.4676530376862,3151.0
scanId=190977,3.182816666667,902.4849530067736,3050.0
scanId=190977,3.182816666667,902.5022531389106,2444.0
scanId=190977,3.182816666667,902.5195534396448,1801.0
scanId=190977,3.182816666667,902.5368539034116,1286.0
scanId=190977,3.182816666667,903.4193975043048,1054.0
scanId=190977,3.182816666667,903.4367065904472,3052.0
scanId=190977,3.182816666667,903.4540158456382,5963.0
scanId=190977,3.182816666667,903.4713252634106,8419.0
scanId=190977,3.182816666667,903.488634850248,9373.0
scanId=190977,3.182816666667,903.5059445996504,8388.0
scanId=190977,3.182816666667,903.5232545181344,6574.0
scanId=190977,3.182816666667,903.5405645991664,4777.0
scanId=190977,3.182816666667,903.5578748492971,3326.0
scanId=190977,3.182816666667,903.5751852619592,2386.0
scanId=190977,3.182816666667,903.5924958437364,1691.0
scanId=190977,3.182816666667,903.609806588028,1197.0
scanId=190977,3.182816666667,904.4235986931908,1078.0
scanId=190977,3.182816666667,904.4409173965986,2449.0
scanId=190977,3.182816666667,904.4582362695396,4552.0
scanId=190977,3.182816666667,904.4755553045774,6596.0
scanId=190977,3.182816666667,904.4928745091648,7547.0
scanId=190977,3.182816666667,904.5101938758322,6518.0
scanId=190977,3.182816666667,904.5275134120662,4776.0
scanId=190977,3.182816666667,904.5448331103636,3372.0
scanId=190977,3.182816666667,904.5621529782442,2365.0
scanId=190977,3.182816666667,904.5794730081714,1693.0
scanId=190977,3.182816666667,904.5967932076984,1300.0
scanId=190977,3.182816666667,905.4456860181898,1178.0
scanId=190977,3.182816666667,905.4630145088804,2772.0
scanId=190977,3.182816666667,905.4803431611834,4884.0
scanId=190977,3.182816666667,905.4976719835208,6663.0
scanId=190977,3.182816666667,905.5150009674536,6482.0
scanId=190977,3.182816666667,905.5323301214374,4863.0
scanId=190977,3.182816666667,905.549659437,3318.0
scanId=190977,3.182816666667,905.5669889226303,2263.0
scanId=190977,3.182816666667,905.5843185698228,1537.0
scanId=190977,3.182816666667,905.6016483871,1015.0
scanId=190977,3.182816666667,906.4510124552176,1016.0
scanId=190977,3.182816666667,906.4683505636582,1977.0
scanId=190977,3.182816666667,906.4856888332264,3479.0
scanId=190977,3.182816666667,906.5030272733136,4761.0
scanId=190977,3.182816666667,906.5203658745116,4462.0
scanId=190977,3.182816666667,906.5377046462452,3379.0
scanId=190977,3.182816666667,906.5550435790732,2382.0
scanId=190977,3.182816666667,906.5723826824532,1636.0
scanId=190977,3.182816666667,906.5897219469108,1122.0
scanId=190977,3.182816666667,907.47424443387,1233.0
scanId=190977,3.182816666667,907.4915923207036,1829.0
scanId=190977,3.182816666667,907.5089403785404,2104.0
scanId=190977,3.182816666667,907.5262885970036,1879.0
scanId=190977,3.182816666667,907.5436369864868,1513.0
scanId=190977,3.182816666667,907.56098553658,1149.0
scanId=190977,3.182816666667,908.515411299198,1019.0
scanId=190977,3.182816666667,909.3835063561428,1436.0
scanId=190977,3.182816666667,909.4008724826172,8362.0
scanId=190977,3.182816666667,909.4182387810134,32439.0
scanId=190977,3.182816666667,909.435605239118,79508.0
scanId=190977,3.182816666667,909.4529718691608,136045.0
scanId=190977,3.182816666667,909.4703386588948,170172.0
scanId=190977,3.182816666667,909.487705620584,161758.0
scanId=190977,3.182816666667,909.505072741948,126291.0
scanId=190977,3.182816666667,909.5224400352836,89164.0
scanId=190977,3.182816666667,909.5398074882772,60657.0
scanId=190977,3.182816666667,909.5571751132596,41182.0
scanId=190977,3.182816666667,909.5745428978832,27509.0
scanId=190977,3.182816666667,909.591910854512,18049.0
scanId=190977,3.182816666667,909.6092789707654,11954.0
scanId=190977,3.182816666667,909.626647259041,7990.0
scanId=190977,3.182816666667,909.6440157069244,5513.0
scanId=190977,3.182816666667,909.661384326846,3898.0
scanId=190977,3.182816666667,909.6787531063592,2745.0
scanId=190977,3.182816666667,909.6961220579276,1990.0
scanId=190977,3.182816666667,909.7134911690704,1667.0
scanId=190977,3.182816666667,909.7308604522856,1403.0
scanId=190977,3.182816666667,909.7482298950582,1333.0
scanId=190977,3.182816666667,909.7655995099198,1408.0
scanId=190977,3.182816666667,909.7829692843223,1277.0
scanId=190977,3.182816666667,909.8003392308306,1186.0
scanId=190977,3.182816666667,909.817709336863,1401.0
scanId=190977,3.182816666667,909.8350796150175,1496.0
scanId=190977,3.182816666667,909.8524500526798,1478.0
scanId=190977,3.182816666667,909.8698206624808,1371.0
scanId=190977,3.182816666667,909.887191431773,1299.0
scanId=190977,3.182816666667,909.9045623732204,1287.0
scanId=190977,3.182816666667,909.9219334741424,1377.0
scanId=190977,3.182816666667,909.9393047472364,1339.0
scanId=190977,3.182816666667,909.9566761797884,1174.0
scanId=190977,3.182816666667,909.974047784529,1163.0
scanId=190977,3.182816666667,909.9914195487108,1213.0
scanId=190977,3.182816666667,910.008791485098,1185.0
scanId=190977,3.182816666667,910.3562649709866,1005.0
scanId=190977,3.182816666667,910.3736403830964,1261.0
scanId=190977,3.182816666667,910.3910159675952,2552.0
scanId=190977,3.182816666667,910.408391711335,9881.0
scanId=190977,3.182816666667,910.4257676274806,29163.0
scanId=190977,3.182816666667,910.44314370285,61023.0
scanId=190977,3.182816666667,910.460519950642,93829.0
scanId=190977,3.182816666667,910.4778963576414,107820.0
scanId=190977,3.182816666667,910.49527293708,95497.0
scanId=190977,3.182816666667,910.5126496757092,71445.0
scanId=190977,3.182816666667,910.5300265867944,49726.0
scanId=190977,3.182816666667,910.5474036570536,33969.0
scanId=190977,3.182816666667,910.564780899785,23098.0
scanId=190977,3.182816666667,910.582158301674,15509.0
scanId=190977,3.182816666667,910.599535876052,10237.0
scanId=190977,3.182816666667,910.6169136095708,6814.0
scanId=190977,3.182816666667,910.6342915155956,4781.0
scanId=190977,3.182816666667,910.651669580744,3557.0
scanId=190977,3.182816666667,910.6690478184152,3063.0
scanId=190977,3.182816666667,910.6864262151936,2711.0
scanId=190977,3.182816666667,910.7038047845112,2374.0
scanId=190977,3.182816666667,910.7211835129197,2024.0
scanId=190977,3.182816666667,910.738562413884,1740.0
scanId=190977,3.182816666667,910.755941473922,1493.0
scanId=190977,3.182816666667,910.7733207065328,1383.0
scanId=190977,3.182816666667,910.7907000982004,1296.0
scanId=190977,3.182816666667,910.808079662458,1209.0
scanId=190977,3.182816666667,910.8254593857556,1200.0
scanId=190977,3.182816666667,910.8428392816594,1295.0
scanId=190977,3.182816666667,910.8602193365869,1278.0
scanId=190977,3.182816666667,910.8775995641372,1277.0
scanId=190977,3.182816666667,910.8949799506946,1225.0
scanId=190977,3.182816666667,910.9123605098918,1200.0
scanId=190977,3.182816666667,910.929741228079,1408.0
scanId=190977,3.182816666667,910.9471221189224,1378.0
scanId=190977,3.182816666667,910.9645031687394,1130.0
scanId=190977,3.182816666667,911.103557564145,1084.0
scanId=190977,3.182816666667,911.1209401132212,1197.0
scanId=190977,3.182816666667,911.1383228211874,1072.0
scanId=190977,3.182816666667,911.15570570191,1022.0
scanId=190977,3.182816666667,911.3816981922216,1096.0
scanId=190977,3.182816666667,911.3990833944698,1678.0
scanId=190977,3.182816666667,911.4164687554749,4397.0
scanId=190977,3.182816666667,911.4338542893696,11449.0
scanId=190977,3.182816666667,911.4512399820044,22541.0
scanId=190977,3.182816666667,911.4686258475458,32785.0
scanId=190977,3.182816666667,911.4860118718104,35780.0
scanId=190977,3.182816666667,911.5033980689982,30765.0
scanId=190977,3.182816666667,911.5207844248926,22884.0
scanId=190977,3.182816666667,911.5381709537268,16122.0
scanId=190977,3.182816666667,911.5555576412512,11371.0
scanId=190977,3.182816666667,911.572944501732,8474.0
scanId=190977,3.182816666667,911.590331520886,6465.0
scanId=190977,3.182816666667,911.6077187130136,4627.0
scanId=190977,3.182816666667,911.6251060637976,3312.0
scanId=190977,3.182816666667,911.6424935875716,2475.0
scanId=190977,3.182816666667,911.6598812699854,1933.0
scanId=190977,3.182816666667,911.6772691254058,1530.0
scanId=190977,3.182816666667,911.6946571394494,1328.0
scanId=190977,3.182816666667,911.7120453265164,1083.0
scanId=190977,3.182816666667,911.8163779095064,1000.0
scanId=190977,3.182816666667,912.1468038006308,1085.0
scanId=190977,3.182816666667,912.1641962991029,1137.0
scanId=190977,3.182816666667,912.425103615034,1837.0
scanId=190977,3.182816666667,912.4424987666778,4475.0
scanId=190977,3.182816666667,912.4598940765778,7569.0
scanId=190977,3.182816666667,912.4772895598682,9504.0
scanId=190977,3.182816666667,912.494685201398,9436.0
scanId=190977,3.182816666667,912.5120810163352,7736.0
scanId=190977,3.182816666667,912.5294769894948,5703.0
scanId=190977,3.182816666667,912.546873136078,4245.0
scanId=190977,3.182816666667,912.564269440868,3195.0
scanId=190977,3.182816666667,912.581665919098,2321.0
scanId=190977,3.182816666667,912.5990625555172,1583.0
scanId=190977,3.182816666667,912.6164593653936,1132.0
scanId=190977,3.182816666667,913.4517010594016,2226.0
scanId=190977,3.182816666667,913.469105986567,5050.0
scanId=190977,3.182816666667,913.4865110876068,8620.0
scanId=190977,3.182816666667,913.5039163464018,11176.0
scanId=190977,3.182816666667,913.5213217790875,10892.0
scanId=190977,3.182816666667,913.5387273695126,8479.0
scanId=190977,3.182816666667,913.556133133845,6010.0
scanId=190977,3.182816666667,913.5735390558998,4326.0
scanId=190977,3.182816666667,913.5909451518788,3153.0
scanId=190977,3.182816666667,913.6083514055634,2255.0
scanId=190977,3.182816666667,913.625757833189,1610.0
scanId=190977,3.182816666667,913.6431644185036,1130.0
scanId=190977,3.182816666667,914.4614611675383,2136.0
scanId=190977,3.182816666667,914.4788757119688,4220.0
scanId=190977,3.182816666667,914.4962904307572,5957.0
scanId=190977,3.182816666667,914.5137053068177,6442.0
scanId=190977,3.182816666667,914.5311203572523,5574.0
scanId=190977,3.182816666667,914.5485355649428,4266.0
scanId=190977,3.182816666667,914.565950947024,3147.0
scanId=190977,3.182816666667,914.5833664863442,2336.0
scanId=190977,3.182816666667,914.6007822000722,1587.0
scanId=190977,3.182816666667,914.618198071022,1214.0
scanId=190977,3.182816666667,915.471779091084,1385.0
scanId=190977,3.182816666667,915.4892032527796,2030.0
scanId=190977,3.182816666667,915.5066275893172,2324.0
scanId=190977,3.182816666667,915.5240520826428,2397.0
scanId=190977,3.182816666667,915.5414767508264,2274.0
scanId=190977,3.182816666667,915.5589015757818,1853.0
scanId=190977,3.182816666667,915.576326575612,1437.0
scanId=190977,3.182816666667,915.5937517321972,1233.0
scanId=190977,3.182816666667,915.611177063674,1111.0
scanId=190977,3.182816666667,916.5349566738732,1098.0
scanId=190977,3.182816666667,916.5523909598054,1137.0
scanId=190977,3.182816666667,917.4243164376966,1055.0
scanId=190977,3.182816666667,917.4417591706632,1263.0
scanId=190977,3.182816666667,917.4592020794046,1277.0
scanId=190977,3.182816666667,917.476645144001,1191.0
scanId=190977,3.182816666667,917.4940883843888,1076.0
scanId=190977,3.182816666667,917.5115317806152,1142.0
scanId=190977,3.182816666667,917.5289753526496,1517.0
scanId=190977,3.182816666667,917.546419080506,1868.0
scanId=190977,3.182816666667,917.5638629841868,1856.0
scanId=190977,3.182816666667,917.5813070436728,1517.0
scanId=190977,3.182816666667,917.598751279,1104.0
scanId=190977,3.182816666667,918.5584393025372,1083.0
scanId=190977,3.182816666667,919.4662420200387,1497.0
scanId=190977,3.182816666667,919.4837041642768,2985.0
scanId=190977,3.182816666667,919.501166463404,4397.0
scanId=190977,3.182816666667,919.5186289392884,5289.0
scanId=190977,3.182816666667,919.5360915700452,5083.0
scanId=190977,3.182816666667,919.5535543775763,4148.0
scanId=190977,3.182816666667,919.5710173399632,3078.0
scanId=190977,3.182816666667,919.5884804791408,2233.0
scanId=190977,3.182816666667,919.6059437731574,1593.0
scanId=190977,3.182816666667,919.6234072439812,1067.0
scanId=190977,3.182816666667,920.4793201678156,1451.0
scanId=190977,3.182816666667,920.4967919298022,2303.0
scanId=190977,3.182816666667,920.5142638461944,2822.0
scanId=190977,3.182816666667,920.5317359398272,2654.0
scanId=190977,3.182816666667,920.5492081878492,2191.0
scanId=190977,3.182816666667,920.5666806131284,1615.0
scanId=190977,3.182816666667,920.5841531927804,1158.0
scanId=190977,3.182816666667,921.4579938808648,1149.0
scanId=190977,3.182816666667,921.4754749289528,1842.0
scanId=190977,3.182816666667,921.4929561309804,2738.0
scanId=190977,3.182816666667,921.5104375107148,3547.0
scanId=190977,3.182816666667,921.5279190443724,3668.0
scanId=190977,3.182816666667,921.5454007557532,3151.0
scanId=190977,3.182816666667,921.5628826210404,2367.0
scanId=190977,3.182816666667,921.5803646640676,1622.0
scanId=190977,3.182816666667,921.5978468609848,1141.0
scanId=190977,3.182816666667,922.507149909529,1531.0
scanId=190977,3.182816666667,922.5246409070112,1878.0
scanId=190977,3.182816666667,922.5421320579342,1927.0
scanId=190977,3.182816666667,922.5596233870629,1687.0
scanId=190977,3.182816666667,922.5771148696156,1296.0
scanId=190977,3.182816666667,925.377888819365,1663.0
scanId=190977,3.182816666667,925.3954070118576,5349.0
scanId=190977,3.182816666667,925.4129253564272,11629.0
scanId=190977,3.182816666667,925.4304438805664,18448.0
scanId=190977,3.182816666667,925.4479625567656,21848.0
scanId=190977,3.182816666667,925.4654814125512,20251.0
scanId=190977,3.182816666667,925.4830004203804,15739.0
scanId=190977,3.182816666667,925.5005196078127,11473.0
scanId=190977,3.182816666667,925.5180389472716,8200.0
scanId=190977,3.182816666667,925.5355584663504,5699.0
scanId=190977,3.182816666667,925.553078137439,3872.0
scanId=190977,3.182816666667,925.570597988164,2696.0
scanId=190977,3.182816666667,925.5881179908828,1985.0
scanId=190977,3.182816666667,925.6056381732544,1574.0
scanId=190977,3.182816666667,925.6231585076026,1330.0
scanId=190977,3.182816666667,925.6406790216208,1179.0
scanId=190977,3.182816666667,926.394217684346,2316.0
scanId=190977,3.182816666667,926.4117454945864,5984.0
scanId=190977,3.182816666667,926.4292734564212,10558.0
scanId=190977,3.182816666667,926.4468015983078,13090.0
scanId=190977,3.182816666667,926.4643298917724,12434.0
scanId=190977,3.182816666667,926.4818583653054,10076.0
scanId=190977,3.182816666667,926.4993869903996,7436.0
scanId=190977,3.182816666667,926.5169157955792,5172.0
scanId=190977,3.182816666667,926.5344447523032,3668.0
scanId=190977,3.182816666667,926.5519738891294,2633.0
scanId=190977,3.182816666667,926.5695031774834,1827.0
scanId=190977,3.182816666667,926.587032645956,1314.0
scanId=190977,3.182816666667,926.6045622659396,1017.0
scanId=190977,3.182816666667,927.3760300208812,1051.0
scanId=190977,3.182816666667,927.393567117222,1797.0
scanId=190977,3.182816666667,927.411104364692,2849.0
scanId=190977,3.182816666667,927.4286417926796,4417.0
scanId=190977,3.182816666667,927.4461793717792,6390.0
scanId=190977,3.182816666667,927.4637171314132,8197.0
scanId=190977,3.182816666667,927.481255042143,9517.0
scanId=190977,3.182816666667,927.4987931334232,10737.0
scanId=190977,3.182816666667,927.5163313757828,11054.0
scanId=190977,3.182816666667,927.5338697987096,9894.0
scanId=190977,3.182816666667,927.5514083726993,7747.0
scanId=190977,3.182816666667,927.5689471272724,5575.0
scanId=190977,3.182816666667,927.5864860328916,4118.0
scanId=190977,3.182816666667,927.6040251191114,3084.0
scanId=190977,3.182816666667,927.6215643563604,2361.0
scanId=190977,3.182816666667,927.6391037742266,1793.0
scanId=190977,3.182816666667,927.6566433431054,1284.0
scanId=190977,3.182816666667,928.3934552815746,1228.0
scanId=190977,3.182816666667,928.4110019956628,1690.0
scanId=190977,3.182816666667,928.428548860398,2608.0
scanId=190977,3.182816666667,928.4460959061324,3440.0
scanId=190977,3.182816666667,928.4636431024976,3824.0
scanId=190977,3.182816666667,928.4811904798788,4205.0
scanId=190977,3.182816666667,928.4987380078736,4792.0
scanId=190977,3.182816666667,928.5162857169012,5449.0
scanId=190977,3.182816666667,928.533833576526,5207.0
scanId=190977,3.182816666667,928.5513816171998,4140.0
scanId=190977,3.182816666667,928.5689298084544,3024.0
scanId=190977,3.182816666667,928.5864781807746,2278.0
scanId=190977,3.182816666667,928.6040267036592,1748.0
scanId=190977,3.182816666667,928.621575407626,1422.0
scanId=190977,3.182816666667,928.6391242621402,1121.0
scanId=190977,3.182816666667,929.3938822072532,1039.0
scanId=190977,3.182816666667,929.4114383576244,1223.0
scanId=190977,3.182816666667,929.4289946894592,1243.0
scanId=190977,3.182816666667,929.4465511714598,1442.0
scanId=190977,3.182816666667,929.4641078349414,1827.0
scanId=190977,3.182816666667,929.4816646485716,2259.0
scanId=190977,3.182816666667,929.4992216436996,2811.0
scanId=190977,3.182816666667,929.5167787889598,3221.0
scanId=190977,3.182816666667,929.5343361157342,2937.0
scanId=190977,3.182816666667,929.5518935926242,2354.0
scanId=190977,3.182816666667,929.5694512510448,1856.0
scanId=190977,3.182816666667,929.587009059565,1537.0
scanId=190977,3.182816666667,929.6045670496324,1361.0
scanId=190977,3.182816666667,929.622125189782,1089.0
scanId=190977,3.182816666667,930.5002440099968,1190.0
scanId=190977,3.182816666667,930.5178106228718,1552.0
scanId=190977,3.182816666667,930.5353773853972,1660.0
scanId=190977,3.182816666667,930.5529443299184,1576.0
scanId=190977,3.182816666667,930.5705114240736,1229.0
scanId=190977,3.182816666667,931.4842292396336,1050.0
scanId=190977,3.182816666667,931.5018051386083,1388.0
scanId=190977,3.182816666667,931.5193811867692,1718.0
scanId=190977,3.182816666667,931.5369574173906,1857.0
scanId=190977,3.182816666667,931.5545337971812,1660.0
scanId=190977,3.182816666667,931.5721103594492,1428.0
scanId=190977,3.182816666667,931.5896870708696,1244.0
scanId=190977,3.182816666667,931.6072639647838,1089.0
scanId=190977,3.182816666667,935.4605964781668,1181.0
scanId=190977,3.182816666667,935.4782098531872,1704.0
scanId=190977,3.182816666667,935.4958233755196,2113.0
scanId=190977,3.182816666667,935.5134370821868,2193.0
scanId=190977,3.182816666667,935.531050936149,1881.0
scanId=190977,3.182816666667,935.5486649744626,1335.0
scanId=190977,3.182816666667,936.4648229835924,1246.0
scanId=190977,3.182816666667,936.4824457915604,1763.0
scanId=190977,3.182816666667,936.5000687843268,1866.0
scanId=190977,3.182816666667,936.5176919239244,1617.0
scanId=190977,3.182816666667,936.5353152483372,1410.0
scanId=190977,3.182816666667,936.5529387195648,1199.0
scanId=190977,3.182816666667,937.3990607978056,1798.0
scanId=190977,3.182816666667,937.4166924133784,2706.0
scanId=190977,3.182816666667,937.434324175352,3009.0
scanId=190977,3.182816666667,937.4519561225712,2772.0
scanId=190977,3.182816666667,937.4695882161744,2286.0
scanId=190977,3.182816666667,937.4872204950402,1875.0
scanId=190977,3.182816666667,937.5048529202734,1703.0
scanId=190977,3.182816666667,937.5224855307856,1583.0
scanId=190977,3.182816666667,937.5401182876484,1460.0
scanId=190977,3.182816666667,937.5577512298069,1542.0
scanId=190977,3.182816666667,937.5753843182996,1521.0
scanId=190977,3.182816666667,937.5930175921048,1353.0
scanId=190977,3.182816666667,937.6106510122272,1141.0
scanId=190977,3.182816666667,938.4219680368012,1527.0
scanId=190977,3.182816666667,938.4396092701194,1866.0
scanId=190977,3.182816666667,938.457250649358,1557.0
scanId=190977,3.182816666667,938.474892214323,1261.0
scanId=190977,3.182816666667,938.4925339251914,1145.0
scanId=190977,3.182816666667,938.5101758218026,1000.0
scanId=190977,3.182816666667,938.5454600925588,1083.0
scanId=190977,3.182816666667,938.563102466687,1219.0
scanId=190977,3.182816666667,938.5807450265908,1257.0
scanId=190977,3.182816666667,938.598387732349,1110.0
scanId=190977,3.182816666667,939.5160374495184,1276.0
scanId=190977,3.182816666667,939.5336889638749,1678.0
scanId=190977,3.182816666667,939.5513406236386,1952.0
scanId=190977,3.182816666667,939.5689924696412,1779.0
scanId=190977,3.182816666667,939.5866444610348,1345.0
scanId=190977,3.182816666667,939.6042966386842,1038.0
scanId=190977,3.182816666667,940.5047770432956,1087.0
scanId=190977,3.182816666667,940.5224378437508,1464.0
scanId=190977,3.182816666667,940.54009878915,1476.0
scanId=190977,3.182816666667,940.5577599212515,1201.0
scanId=190977,3.182816666667,941.4586969913162,1266.0
scanId=190977,3.182816666667,941.4763667462236,1850.0
scanId=190977,3.182816666667,941.4940366456284,2262.0
scanId=190977,3.182816666667,941.5117067321822,2395.0
scanId=190977,3.182816666667,941.5293769632168,2309.0
scanId=190977,3.182816666667,941.5470473814172,2072.0
scanId=190977,3.182816666667,941.5647179440816,1617.0
scanId=190977,3.182816666667,941.5823886939282,1257.0
scanId=190977,3.182816666667,942.483816256512,1197.0
scanId=190977,3.182816666667,942.5014956291644,1576.0
scanId=190977,3.182816666667,942.5191751458344,1606.0
scanId=190977,3.182816666667,942.536854850133,1603.0
scanId=190977,3.182816666667,942.5545346984328,1537.0
scanId=190977,3.182816666667,942.5722147343778,1275.0
scanId=190977,3.182816666667,943.4564274052664,1332.0
scanId=190977,3.182816666667,943.4741158759416,2720.0
scanId=190977,3.182816666667,943.4918045346924,4769.0
scanId=190977,3.182816666667,943.5094933369976,7764.0
scanId=190977,3.182816666667,943.5271823273948,12496.0
scanId=190977,3.182816666667,943.5448714613298,16875.0
scanId=190977,3.182816666667,943.5625607833732,18578.0
scanId=190977,3.182816666667,943.5802502489385,16800.0
scanId=190977,3.182816666667,943.597939902628,12822.0
scanId=190977,3.182816666667,943.6156296998228,9112.0
scanId=190977,3.182816666667,943.6333196851592,6243.0
scanId=190977,3.182816666667,943.6510098139836,4161.0
scanId=190977,3.182816666667,943.6687001309662,2779.0
scanId=190977,3.182816666667,943.6863905914208,1788.0
scanId=190977,3.182816666667,943.7040812400494,1141.0
scanId=190977,3.182816666667,944.4826334487616,1658.0
scanId=190977,3.182816666667,944.5003315367022,3658.0
scanId=190977,3.182816666667,944.5180298131976,6364.0
scanId=190977,3.182816666667,944.5357282327682,9541.0
scanId=190977,3.182816666667,944.5534268409097,12537.0
scanId=190977,3.182816666667,944.57112559211,13027.0
scanId=190977,3.182816666667,944.588824531898,10712.0
scanId=190977,3.182816666667,944.606523614728,7800.0
scanId=190977,3.182816666667,944.6242228861622,5488.0
scanId=190977,3.182816666667,944.6419223006224,3735.0
scanId=190977,3.182816666667,944.6596219037028,2453.0
scanId=190977,3.182816666667,944.6773216497928,1699.0
scanId=190977,3.182816666667,944.6950215845196,1234.0
scanId=190977,3.182816666667,945.4562751404206,1023.0
scanId=190977,3.182816666667,945.4739823713672,1916.0
scanId=190977,3.182816666667,945.4916897449434,3838.0
scanId=190977,3.182816666667,945.5093973075366,6705.0
scanId=190977,3.182816666667,945.5271050127424,8788.0
scanId=190977,3.182816666667,945.544812906982,9468.0
scanId=190977,3.182816666667,945.5625209438176,9054.0
scanId=190977,3.182816666667,945.5802291697034,7890.0
scanId=190977,3.182816666667,945.5979375381692,6141.0
scanId=190977,3.182816666667,945.6156460957012,4129.0
scanId=190977,3.182816666667,945.6333547957968,2822.0
scanId=190977,3.182816666667,945.6510636849754,2016.0
scanId=190977,3.182816666667,945.6687727167008,1475.0
scanId=190977,3.182816666667,945.6864819375256,1063.0
scanId=190977,3.182816666667,946.5012848104068,2066.0
scanId=190977,3.182816666667,946.5190018012482,3654.0
scanId=190977,3.182816666667,946.5367189815854,4801.0
scanId=190977,3.182816666667,946.5544363040568,4813.0
scanId=190977,3.182816666667,946.5721538160402,4161.0
scanId=190977,3.182816666667,946.5898714701416,3211.0
scanId=190977,3.182816666667,946.6075893137712,2370.0
scanId=190977,3.182816666667,946.6253072995022,1729.0
scanId=190977,3.182816666667,946.6430254747784,1221.0
scanId=190977,3.182816666667,947.5114185982804,1378.0
scanId=190977,3.182816666667,947.5291450647154,1621.0
scanId=190977,3.182816666667,947.546871672822,1804.0
scanId=190977,3.182816666667,947.5645984709032,1641.0
scanId=190977,3.182816666667,947.5823254106396,1236.0
scanId=190977,3.182816666667,948.5398270501086,1084.0
scanId=190977,3.182816666667,948.557563134287,1196.0
scanId=190977,3.182816666667,948.5752993596589,1062.0
scanId=190977,3.182816666667,949.4800673701568,1409.0
scanId=190977,3.182816666667,949.4978122179044,1723.0
scanId=190977,3.182816666667,949.5155572565338,1652.0
scanId=190977,3.182816666667,949.5333024359112,1380.0
scanId=190977,3.182816666667,949.551047806187,1042.0
scanId=190977,3.182816666667,950.4740349071028,1127.0
scanId=190977,3.182816666667,950.491789040486,1249.0
scanId=190977,3.182816666667,950.5095433652124,1169.0
scanId=190977,3.182816666667,951.4862858715738,1218.0
scanId=190977,3.182816666667,951.504049482397,1426.0
scanId=190977,3.182816666667,951.5218132330456,1313.0
scanId=190977,3.182816666667,951.539577175515,1016.0
scanId=190977,3.182816666667,953.4946217422632,1031.0
scanId=190977,3.182816666667,953.5124040641826,1661.0
scanId=190977,3.182816666667,953.5301865788452,2118.0
scanId=190977,3.182816666667,953.5479692323944,2131.0
scanId=190977,3.182816666667,953.5657520787036,1907.0
scanId=190977,3.182816666667,953.5835350638824,1644.0
scanId=190977,3.182816666667,953.6013182418376,1415.0
scanId=190977,3.182816666667,953.6191015586464,1121.0
scanId=190977,3.182816666667,954.4906878849348,1023.0
scanId=190977,3.182816666667,954.5084794924896,1047.0
scanId=190977,3.182816666667,954.5262712932484,1102.0
scanId=190977,3.182816666667,954.5440632324328,1357.0
scanId=190977,3.182816666667,954.5618553648382,1328.0
scanId=190977,3.182816666667,954.5796476356523,1119.0
scanId=190977,3.182816666667,957.4998258282974,1476.0
scanId=190977,3.182816666667,957.517645487344,1886.0
scanId=190977,3.182816666667,957.5354652834346,2675.0
scanId=190977,3.182816666667,957.5532852741276,3223.0
scanId=190977,3.182816666667,957.571105401848,2806.0
scanId=190977,3.182816666667,957.5889257241872,2158.0
scanId=190977,3.182816666667,957.6067461835376,1711.0
scanId=190977,3.182816666667,957.624566837523,1335.0
scanId=190977,3.182816666667,958.4801525404146,1108.0
scanId=190977,3.182816666667,958.4979812905108,2422.0
scanId=190977,3.182816666667,958.515810235653,3797.0
scanId=190977,3.182816666667,958.5336393173792,4982.0
scanId=190977,3.182816666667,958.5514685941675,5219.0
scanId=190977,3.182816666667,958.5692980075236,4307.0
scanId=190977,3.182816666667,958.587127615958,3095.0
scanId=190977,3.182816666667,958.604957360944,2203.0
scanId=190977,3.182816666667,958.6227873010248,1643.0
scanId=190977,3.182816666667,958.6406173776404,1202.0
scanId=190977,3.182816666667,959.4966567611872,1477.0
scanId=190977,3.182816666667,959.5144949924246,2559.0
scanId=190977,3.182816666667,959.5323333597862,3074.0
scanId=190977,3.182816666667,959.5501719226698,2851.0
scanId=190977,3.182816666667,959.5680106216616,2378.0
scanId=190977,3.182816666667,959.5858495161914,1788.0
scanId=190977,3.182816666667,959.6036885468126,1335.0
scanId=190977,3.182816666667,959.6215277729888,1048.0
scanId=190977,3.182816666667,960.5315474106508,1046.0
scanId=190977,3.182816666667,960.5493952596293,1362.0
scanId=190977,3.182816666667,960.567243244256,1661.0
scanId=190977,3.182816666667,960.5850914248812,1516.0
scanId=190977,3.182816666667,960.6029397411378,1162.0
scanId=190977,3.182816666667,961.566995875302,1130.0
scanId=190977,3.182816666667,961.5848533420216,1125.0
scanId=190977,3.182816666667,964.55148869192,1009.0
scanId=190977,3.182816666667,965.4817360131028,1813.0
scanId=190977,3.182816666667,965.4996297626471,3049.0
scanId=190977,3.182816666667,965.517523710452,4411.0
scanId=190977,3.182816666667,965.535417791626,5904.0
scanId=190977,3.182816666667,965.553312071077,6611.0
scanId=190977,3.182816666667,965.5712064838808,6001.0
scanId=190977,3.182816666667,965.5891010949782,4585.0
scanId=190977,3.182816666667,965.606995839412,3219.0
scanId=190977,3.182816666667,965.6248907821556,2174.0
scanId=190977,3.182816666667,965.6427858582192,1384.0
scanId=190977,3.182816666667,966.484042257223,1269.0
scanId=190977,3.182816666667,966.5019452924028,2076.0
scanId=190977,3.182816666667,966.5198485263014,3056.0
scanId=190977,3.182816666667,966.5377518931108,3906.0
scanId=190977,3.182816666667,966.5556554586558,4373.0
scanId=190977,3.182816666667,966.5735591570954,3925.0
scanId=190977,3.182816666667,966.5914630542864,2896.0
scanId=190977,3.182816666667,966.6093670843557,2037.0
scanId=190977,3.182816666667,966.6272713131928,1540.0
scanId=190977,3.182816666667,966.6451756748918,1173.0
scanId=190977,3.182816666667,966.6630802353752,1069.0
scanId=190977,3.182816666667,966.680984928704,1155.0
scanId=190977,3.182816666667,966.698889820834,1270.0
scanId=190977,3.182816666667,966.7167948457924,1194.0
scanId=190977,3.182816666667,967.3793979669936,1088.0
scanId=190977,3.182816666667,967.3973092929192,2186.0
scanId=190977,3.182816666667,967.4152208179728,3245.0
scanId=190977,3.182816666667,967.4331324755284,3640.0
scanId=190977,3.182816666667,967.4510443322282,3504.0
scanId=190977,3.182816666667,967.4689563214134,3187.0
scanId=190977,3.182816666667,967.4868685097596,3078.0
scanId=190977,3.182816666667,967.5047808305746,3749.0
scanId=190977,3.182816666667,967.5226933505672,4547.0
scanId=190977,3.182816666667,967.5406060030122,4910.0
scanId=190977,3.182816666667,967.5585188546504,4476.0
scanId=190977,3.182816666667,967.5764318387252,3482.0
scanId=190977,3.182816666667,967.59434502201,2526.0
scanId=190977,3.182816666667,967.6122583377146,1777.0
scanId=190977,3.182816666667,967.6301718526454,1229.0
scanId=190977,3.182816666667,968.4006091243148,1412.0
scanId=190977,3.182816666667,968.418529935462,1972.0
scanId=190977,3.182816666667,968.4364508786527,2421.0
scanId=190977,3.182816666667,968.454372021446,2436.0
scanId=190977,3.182816666667,968.4722932962668,2285.0
scanId=190977,3.182816666667,968.4902147707064,2290.0
scanId=190977,3.182816666667,968.5081363771568,2497.0
scanId=190977,3.182816666667,968.5260581832426,2634.0
scanId=190977,3.182816666667,968.543980121323,2669.0
scanId=190977,3.182816666667,968.5619022590548,2439.0
scanId=190977,3.182816666667,968.579824528765,1997.0
scanId=190977,3.182816666667,968.597746998143,1557.0
scanId=190977,3.182816666667,968.615669599483,1086.0
scanId=190977,3.182816666667,969.3864990669186,1048.0
scanId=190977,3.182816666667,969.4044289641153,1676.0
scanId=190977,3.182816666667,969.4223590613556,2201.0
scanId=190977,3.182816666667,969.440289290182,2096.0
scanId=190977,3.182816666667,969.4582197190684,1912.0
scanId=190977,3.182816666667,969.4761502795244,1960.0
scanId=190977,3.182816666667,969.4940810400572,2007.0
scanId=190977,3.182816666667,969.5120119321432,2055.0
scanId=190977,3.182816666667,969.529943024322,2440.0
scanId=190977,3.182816666667,969.5478742480376,2680.0
scanId=190977,3.182816666667,969.5658056718628,2385.0
scanId=190977,3.182816666667,969.5837372272084,1925.0
scanId=190977,3.182816666667,969.6016689826796,1517.0
scanId=190977,3.182816666667,969.6196008696552,1157.0
scanId=190977,3.182816666667,970.4267081956474,1076.0
scanId=190977,3.182816666667,970.444647710109,1090.0
scanId=190977,3.182816666667,970.4625874250886,1095.0
scanId=190977,3.182816666667,970.48052727118,1214.0
scanId=190977,3.182816666667,970.4984673178058,1243.0
scanId=190977,3.182816666667,970.5164074955272,1143.0
scanId=190977,3.182816666667,970.5343478737988,1106.0
scanId=190977,3.182816666667,970.55228838315,1153.0
scanId=190977,3.182816666667,970.5702290930684,1092.0
scanId=190977,3.182816666667,971.4495261384284,1096.0
scanId=190977,3.182816666667,971.4674751395006,1390.0
scanId=190977,3.182816666667,971.4854242712275,2131.0
scanId=190977,3.182816666667,971.503373603946,4389.0
scanId=190977,3.182816666667,971.5213230673028,8085.0
scanId=190977,3.182816666667,971.5392727316674,12041.0
scanId=190977,3.182816666667,971.557222526654,14039.0
scanId=190977,3.182816666667,971.5751725226648,13029.0
scanId=190977,3.182816666667,971.5931226492812,9995.0
scanId=190977,3.182816666667,971.611072976938,6785.0
scanId=190977,3.182816666667,971.6290234351844,4596.0
scanId=190977,3.182816666667,971.6469740944876,3138.0
scanId=190977,3.182816666667,971.6649248843636,2121.0
scanId=190977,3.182816666667,971.6828758753128,1447.0
scanId=190977,3.182816666667,972.4908412796608,1398.0
scanId=190977,3.182816666667,972.5087998984718,2974.0
scanId=190977,3.182816666667,972.526758647464,5875.0
scanId=190977,3.182816666667,972.544717597921,9367.0
scanId=190977,3.182816666667,972.5626766785432,10823.0
scanId=190977,3.182816666667,972.5806359606462,9346.0
scanId=190977,3.182816666667,972.598595372898,6896.0
scanId=190977,3.182816666667,972.6165549866474,4817.0
scanId=190977,3.182816666667,972.6345147305292,3433.0
scanId=190977,3.182816666667,972.6524746759249,2432.0
scanId=190977,3.182816666667,972.6704347514363,1714.0
scanId=190977,3.182816666667,972.688395028478,1189.0
scanId=190977,3.182816666667,973.4967782964732,1164.0
scanId=190977,3.182816666667,973.5147462013764,1588.0
scanId=190977,3.182816666667,973.532714236004,2327.0
scanId=190977,3.182816666667,973.5506824725531,3228.0
scanId=190977,3.182816666667,973.5686508388108,3718.0
scanId=190977,3.182816666667,973.5866194070062,3417.0
scanId=190977,3.182816666667,973.6045881048938,2724.0
scanId=190977,3.182816666667,973.6225570047354,2023.0
scanId=190977,3.182816666667,973.6405260342524,1429.0
scanId=190977,3.182816666667,973.6584952657404,1027.0
scanId=190977,3.182816666667,974.557167355558,1447.0
scanId=190977,3.182816666667,974.575145007451,1478.0
scanId=190977,3.182816666667,974.5931228617386,1260.0
scanId=190977,3.182816666667,974.6111008452614,1104.0
scanId=190977,3.182816666667,975.4922260809412,1201.0
scanId=190977,3.182816666667,975.51021235521,1638.0
scanId=190977,3.182816666667,975.5281988322972,1963.0
scanId=190977,3.182816666667,975.5461854381956,2088.0
scanId=190977,3.182816666667,975.5641722469288,1981.0
scanId=190977,3.182816666667,975.5821591844572,1660.0
scanId=190977,3.182816666667,975.6001463248364,1290.0
scanId=190977,3.182816666667,976.5357051603004,1227.0
scanId=190977,3.182816666667,976.553701051834,1398.0
scanId=190977,3.182816666667,976.571697146659,1239.0
scanId=190977,3.182816666667,977.399695897074,1290.0
scanId=190977,3.182816666667,977.417699747724,3211.0
scanId=190977,3.182816666667,977.435703802056,5486.0
scanId=190977,3.182816666667,977.4537079843356,6691.0
scanId=190977,3.182816666667,977.4717123703134,6517.0
scanId=190977,3.182816666667,977.4897168842232,5285.0
scanId=190977,3.182816666667,977.507721601847,3971.0
scanId=190977,3.182816666667,977.5257264473864,2957.0
scanId=190977,3.182816666667,977.5437314966564,2313.0
scanId=190977,3.182816666667,977.561736673826,1772.0
scanId=190977,3.182816666667,977.579742054742,1409.0
scanId=190977,3.182816666667,977.5977475635412,1244.0
scanId=190977,3.182816666667,978.4261810911562,2092.0
scanId=190977,3.182816666667,978.4441944315788,3568.0
scanId=190977,3.182816666667,978.4622078994942,4532.0
scanId=190977,3.182816666667,978.4802215715632,4195.0
scanId=190977,3.182816666667,978.4982353711082,3175.0
scanId=190977,3.182816666667,978.5162493748232,2371.0
scanId=190977,3.182816666667,978.5342635059982,1880.0
scanId=190977,3.182816666667,978.5522778413596,1689.0
scanId=190977,3.182816666667,978.5702923041642,1551.0
scanId=190977,3.182816666667,978.5883069711716,1339.0
scanId=190977,3.182816666667,978.606321765606,1068.0
scanId=190977,3.182816666667,979.4532050694428,1723.0
scanId=190977,3.182816666667,979.4712278229932,2282.0
scanId=190977,3.182816666667,979.4892507811531,2342.0
scanId=190977,3.182816666667,979.5072738663338,2349.0
scanId=190977,3.182816666667,979.5252971561398,2327.0
scanId=190977,3.182816666667,979.54332057295,2314.0
scanId=190977,3.182816666667,979.5613441944022,2025.0
scanId=190977,3.182816666667,979.5793679428424,1597.0
scanId=190977,3.182816666667,979.5973918959404,1192.0
scanId=190977,3.182816666667,980.4807677548266,1068.0
scanId=190977,3.182816666667,980.498799999077,1502.0
scanId=190977,3.182816666667,980.516832369893,1946.0
scanId=190977,3.182816666667,980.5348649457896,2083.0
scanId=190977,3.182816666667,980.5528976482352,1868.0
scanId=190977,3.182816666667,980.570930555778,1517.0
scanId=190977,3.182816666667,980.5889635898536,1267.0
scanId=190977,3.182816666667,980.6069968290424,1010.0
scanId=190977,3.182816666667,981.4547451714704,1087.0
scanId=190977,3.182816666667,981.4727863701652,1240.0
scanId=190977,3.182816666667,981.4908276949868,1414.0
scanId=190977,3.182816666667,981.5088692253275,1722.0
scanId=190977,3.182816666667,981.526910881779,2117.0
scanId=190977,3.182816666667,981.544952743766,2206.0
scanId=190977,3.182816666667,981.5629947318472,1984.0
scanId=190977,3.182816666667,981.5810369254802,1675.0
scanId=190977,3.182816666667,981.5990792451912,1280.0
scanId=190977,3.182816666667,982.5014076434672,1055.0
scanId=190977,3.182816666667,982.5194584598984,1276.0
scanId=190977,3.182816666667,982.5375094019852,1385.0
scanId=190977,3.182816666667,982.5555605500624,1405.0
scanId=190977,3.182816666667,982.5736118237792,1328.0
scanId=190977,3.182816666667,982.5916633035024,1266.0
scanId=190977,3.182816666667,982.6097149088488,1107.0
scanId=190977,3.182816666667,983.5125076002612,1286.0
scanId=190977,3.182816666667,983.5305677027826,1922.0
scanId=190977,3.182816666667,983.5486279305048,2250.0
scanId=190977,3.182816666667,983.5666883646718,2166.0
scanId=190977,3.182816666667,983.584748924024,1853.0
scanId=190977,3.182816666667,983.602809689837,1512.0
scanId=190977,3.182816666667,983.6208705808187,1122.0
scanId=190977,3.182816666667,984.5241275653622,1122.0
scanId=190977,3.182816666667,984.5421969539728,1355.0
scanId=190977,3.182816666667,984.5602664673304,1494.0
scanId=190977,3.182816666667,984.5783361875872,1701.0
scanId=190977,3.182816666667,984.5964060325748,1620.0
scanId=190977,3.182816666667,984.6144760844774,1359.0
scanId=190977,3.182816666667,984.6325462610948,1024.0
scanId=190977,3.182816666667,985.500110728345,1573.0
scanId=190977,3.182816666667,985.5181890713992,3377.0
scanId=190977,3.182816666667,985.5362675387622,5407.0
scanId=190977,3.182816666667,985.5543462134624,7050.0
scanId=190977,3.182816666667,985.5724250124556,7863.0
scanId=190977,3.182816666667,985.5905040188017,7339.0
scanId=190977,3.182816666667,985.6085831494244,5732.0
scanId=190977,3.182816666667,985.626662487417,4050.0
scanId=190977,3.182816666667,985.6447419496697,2812.0
scanId=190977,3.182816666667,985.662821619308,1919.0
scanId=190977,3.182816666667,985.6809014131906,1265.0
scanId=190977,3.182816666667,986.5127521383132,1971.0
scanId=190977,3.182816666667,986.5308397674564,3435.0
scanId=190977,3.182816666667,986.5489275204552,5124.0
scanId=190977,3.182816666667,986.5670154812444,6281.0
scanId=190977,3.182816666667,986.5851035658732,6185.0
scanId=190977,3.182816666667,986.6031918583084,5071.0
scanId=190977,3.182816666667,986.6212802745667,3590.0
scanId=190977,3.182816666667,986.6393688986482,2437.0
scanId=190977,3.182816666667,986.6574576465364,1635.0
scanId=190977,3.182816666667,986.6755466022638,1121.0
scanId=190977,3.182816666667,987.5259135565672,1059.0
scanId=190977,3.182816666667,987.5440104717997,1884.0
scanId=190977,3.182816666667,987.5621075104336,2447.0
scanId=190977,3.182816666667,987.580204757312,2547.0
scanId=190977,3.182816666667,987.5983021275758,2182.0
scanId=190977,3.182816666667,987.6163997061002,1625.0
scanId=190977,3.182816666667,987.634497407994,1122.0
scanId=190977,3.182816666667,993.4705873356216,1273.0
scanId=190977,3.182816666667,993.4887386407984,2212.0
scanId=190977,3.182816666667,993.5068900667258,3989.0
scanId=190977,3.182816666667,993.5250417035484,6072.0
scanId=190977,3.182816666667,993.5431934611051,7063.0
scanId=190977,3.182816666667,993.561345429574,6680.0
scanId=190977,3.182816666667,993.5794975187608,5336.0
scanId=190977,3.182816666667,993.5976498188752,3853.0
scanId=190977,3.182816666667,993.615802239692,2653.0
scanId=190977,3.182816666667,993.6339548714524,1764.0
scanId=190977,3.182816666667,993.6521076238988,1237.0
scanId=190977,3.182816666667,994.4146739089588,1353.0
scanId=190977,3.182816666667,994.4328338369306,2028.0
scanId=190977,3.182816666667,994.450993885234,2399.0
scanId=190977,3.182816666667,994.4691541448516,2321.0
scanId=190977,3.182816666667,994.4873145247844,2320.0
scanId=190977,3.182816666667,994.505475116048,2956.0
scanId=190977,3.182816666667,994.5236358276107,4027.0
scanId=190977,3.182816666667,994.5417967505203,4777.0
scanId=190977,3.182816666667,994.5599577937128,4563.0
scanId=190977,3.182816666667,994.5781190482684,3615.0
scanId=190977,3.182816666667,994.5962804230908,2512.0
scanId=190977,3.182816666667,994.6144420092924,1622.0
scanId=190977,3.182816666667,994.6326037157446,1135.0
scanId=190977,3.182816666667,995.4137149605968,1020.0
scanId=190977,3.182816666667,995.4318839629054,1305.0
scanId=190977,3.182816666667,995.450053176964,1545.0
scanId=190977,3.182816666667,995.4682225109024,1727.0
scanId=190977,3.182816666667,995.4863920566072,1699.0
scanId=190977,3.182816666667,995.5045617221754,1900.0
scanId=190977,3.182816666667,995.522731599526,2493.0
scanId=190977,3.182816666667,995.540901596724,3046.0
scanId=190977,3.182816666667,995.5590718057208,3115.0
scanId=190977,3.182816666667,995.5772421345486,2645.0
scanId=190977,3.182816666667,995.595412675191,1978.0
scanId=190977,3.182816666667,995.613583335649,1447.0
scanId=190977,3.182816666667,995.6317542079374,1104.0
scanId=190977,3.182816666667,996.4677925252188,1032.0
scanId=190977,3.182816666667,997.5406161416132,1335.0
scanId=190977,3.182816666667,997.5588045911368,1581.0
scanId=190977,3.182816666667,997.5769931596056,1467.0
scanId=190977,3.182816666667,997.5951819407752,1185.0
scanId=190977,3.182816666667,998.54122584117,1148.0
scanId=190977,3.182816666667,998.5594233636448,1348.0
scanId=190977,3.182816666667,998.5776210992544,1264.0
scanId=190977,3.182816666667,998.5958189533586,1027.0
scanId=190977,3.182816666667,999.5059242608312,1020.0
scanId=190977,3.182816666667,999.5241306192348,1272.0
scanId=190977,3.182816666667,999.5423370957149,1372.0
scanId=190977,3.182816666667,999.5605437857644,1481.0
scanId=190977,3.182816666667,999.5787505938742,1558.0
scanId=190977,3.182816666667,999.5969576155696,1380.0
scanId=190977,3.182816666667,999.6151647553096,1095.0
scanId=190977,3.182816666667,1001.5460644589708,1423.0
scanId=190977,3.182816666667,1001.5642893895454,1795.0
scanId=190977,3.182816666667,1001.5825144372964,1881.0
scanId=190977,3.182816666667,1001.6007396995168,1640.0
scanId=190977,3.182816666667,1001.6189650788976,1329.0
scanId=190977,3.182816666667,1001.6371906727638,1100.0
scanId=190977,3.182816666667,1002.5486805685516,1007.0
scanId=190977,3.182816666667,1002.5669145703082,1165.0
scanId=190977,3.182816666667,1002.5851487869676,1031.0
scanId=190977,3.182816666667,1005.523016137332,1144.0
scanId=190977,3.182816666667,1005.541277217307,1451.0
scanId=190977,3.182816666667,1005.55953841271,1680.0
scanId=190977,3.182816666667,1005.577799824331,1770.0
scanId=190977,3.182816666667,1005.596061351364,1579.0
scanId=190977,3.182816666667,1005.6143230946308,1368.0
scanId=190977,3.182816666667,1005.6325849532938,1168.0
scanId=190977,3.182816666667,1007.4047758520388,1004.0
scanId=190977,3.182816666667,1007.4230539605636,1607.0
scanId=190977,3.182816666667,1007.4413322861228,2266.0
scanId=190977,3.182816666667,1007.4596107262772,2787.0
scanId=190977,3.182816666667,1007.4778893834824,2981.0
scanId=190977,3.182816666667,1007.4961681552668,2978.0
scanId=190977,3.182816666667,1007.5144471441176,3273.0
scanId=190977,3.182816666667,1007.532726247532,3552.0
scanId=190977,3.182816666667,1007.5510055680288,3705.0
scanId=190977,3.182816666667,1007.569285003073,3803.0
scanId=190977,3.182816666667,1007.5875646552156,3327.0
scanId=190977,3.182816666667,1007.6058444218896,2543.0
scanId=190977,3.182816666667,1007.624124405678,1799.0
scanId=190977,3.182816666667,1007.6424045039818,1204.0
scanId=190977,3.182816666667,1008.4286067245956,1300.0
scanId=190977,3.182816666667,1008.4468941187556,1558.0
scanId=190977,3.182816666667,1008.4651817303984,1552.0
scanId=190977,3.182816666667,1008.4834694561883,1435.0
scanId=190977,3.182816666667,1008.5017573994768,1451.0
scanId=190977,3.182816666667,1008.5200454568964,1859.0
scanId=190977,3.182816666667,1008.5383337318308,2158.0
scanId=190977,3.182816666667,1008.5566221208808,2265.0
scanId=190977,3.182816666667,1008.5749107274607,2229.0
scanId=190977,3.182816666667,1008.5931994481402,1867.0
scanId=190977,3.182816666667,1008.6114883863662,1360.0
scanId=190977,3.182816666667,1009.4712542850694,1230.0
scanId=190977,3.182816666667,1009.4895511827953,1518.0
scanId=190977,3.182816666667,1009.5078481942209,1675.0
scanId=190977,3.182816666667,1009.5261454235924,2076.0
scanId=190977,3.182816666667,1009.5444427666476,2455.0
scanId=190977,3.182816666667,1009.5627403276648,2465.0
scanId=190977,3.182816666667,1009.5810380023498,2161.0
scanId=190977,3.182816666667,1009.5993358950128,1819.0
scanId=190977,3.182816666667,1009.6176339013278,1436.0
scanId=190977,3.182816666667,1009.6359321256368,1062.0
scanId=190977,3.182816666667,1010.496134459497,1150.0
scanId=190977,3.182816666667,1010.5144406433052,1167.0
scanId=190977,3.182816666667,1010.532746940366,1214.0
scanId=190977,3.182816666667,1010.5510534558202,1321.0
scanId=190977,3.182816666667,1010.569360084511,1208.0
scanId=190977,3.182816666667,1011.5032193909626,1086.0
scanId=190977,3.182816666667,1011.5215346420292,1406.0
scanId=190977,3.182816666667,1011.53985011192,2093.0
scanId=190977,3.182816666667,1011.5581656946162,2910.0
scanId=190977,3.182816666667,1011.5764814961528,3337.0
scanId=190977,3.182816666667,1011.594797410479,3240.0
scanId=190977,3.182816666667,1011.6131135436614,2684.0
scanId=190977,3.182816666667,1011.6314297896174,1988.0
scanId=190977,3.182816666667,1011.649746254446,1494.0
scanId=190977,3.182816666667,1011.6680628320316,1119.0
scanId=190977,3.182816666667,1012.5291302959564,1186.0
scanId=190977,3.182816666667,1012.5474548326582,1528.0
scanId=190977,3.182816666667,1012.5657795886312,1745.0
scanId=190977,3.182816666667,1012.5841044569628,1628.0
scanId=190977,3.182816666667,1012.6024295445816,1336.0
scanId=190977,3.182816666667,1012.6207547445434,1023.0
scanId=190977,3.182816666667,1013.5372274986294,1005.0
scanId=190977,3.182816666667,1013.5555612090384,1362.0
scanId=190977,3.182816666667,1013.5738950313756,1503.0
scanId=190977,3.182816666667,1013.5922290734308,1353.0
scanId=190977,3.182816666667,1013.610563227398,1106.0
scanId=190977,3.182816666667,1015.53657503361,1104.0
scanId=190977,3.182816666667,1015.5549267639584,1364.0
scanId=190977,3.182816666667,1015.5732787148846,1354.0
scanId=190977,3.182816666667,1015.5916307768628,1086.0
scanId=190977,3.182816666667,1017.593002629394,1069.0
scanId=190977,3.182816666667,1017.6113729310132,1009.0
scanId=190977,3.182816666667,1019.5779563109148,1003.0
scanId=190977,3.182816666667,1023.4615481927756,1012.0
scanId=190977,3.182816666667,1023.47997144753,1147.0
scanId=190977,3.182816666667,1023.4983948099232,1082.0
scanId=190977,3.182816666667,1023.5168183963236,1006.0
scanId=190977,3.182816666667,1025.5444220242232,1136.0
scanId=190977,3.182816666667,1025.5628639578874,1292.0
scanId=190977,3.182816666667,1025.5813061164445,1347.0
scanId=190977,3.182816666667,1025.5997483817382,1254.0
scanId=190977,3.182816666667,1025.618190871941,1116.0
scanId=190977,3.182816666667,1026.577427324543,1094.0
scanId=190977,3.182816666667,1026.5958785438424,1185.0
scanId=190977,3.182816666667,1026.6143299884773,1022.0
scanId=190977,3.182816666667,1027.5555719930394,1188.0
scanId=190977,3.182816666667,1027.574032060461,1134.0
scanId=190977,3.182816666667,1029.4023965417882,1654.0
scanId=190977,3.182816666667,1029.4208731914905,2077.0
scanId=190977,3.182816666667,1029.439349946287,2061.0
scanId=190977,3.182816666667,1029.4578269276346,1736.0
scanId=190977,3.182816666667,1029.4763040140615,1278.0
scanId=190977,3.182816666667,1029.5502141394363,1108.0
scanId=190977,3.182816666667,1029.568692115721,1241.0
scanId=190977,3.182816666667,1029.5871701970373,1131.0
scanId=190977,3.182816666667,1030.41885687707,1064.0
scanId=190977,3.182816666667,1030.4373425858723,1108.0
scanId=190977,3.182816666667,1030.455828521651,1024.0
scanId=190977,3.182816666667,1031.546790397014,1407.0
scanId=190977,3.182816666667,1031.5652862821603,1732.0
scanId=190977,3.182816666667,1031.5837822714875,1691.0
scanId=190977,3.182816666667,1031.6022784882794,1459.0
scanId=190977,3.182816666667,1031.6207748092363,1176.0
scanId=190977,3.182816666667,1033.5267871999963,1170.0
scanId=190977,3.182816666667,1033.5453007657052,1462.0
scanId=190977,3.182816666667,1033.5638145597122,1394.0
scanId=190977,3.182816666667,1033.5823284570508,1139.0
scanId=190977,3.182816666667,1035.3974978453332,1155.0
scanId=190977,3.182816666667,1035.4160282216176,1464.0
scanId=190977,3.182816666667,1035.434558700448,1446.0
scanId=190977,3.182816666667,1035.4530894083778,1225.0
scanId=190977,3.182816666667,1037.418281453718,1005.0
scanId=190977,3.182816666667,1039.5895716797502,1021.0
scanId=190977,3.182816666667,1040.6110480372265,1030.0
scanId=190977,3.182816666667,1040.629624944234,1036.0
scanId=190977,3.182816666667,1045.409395882779,1514.0
scanId=190977,3.182816666667,1045.4280155700358,1931.0
scanId=190977,3.182816666667,1045.4466354905987,2167.0
scanId=190977,3.182816666667,1045.465255509485,2064.0
scanId=190977,3.182816666667,1045.4838757616935,1697.0
scanId=190977,3.182816666667,1045.5024961122097,1251.0
scanId=190977,3.182816666667,1046.4523556197703,1283.0
scanId=190977,3.182816666667,1046.4709845926625,1197.0
scanId=190977,3.182816666667,1049.621668772085,1061.0
scanId=190977,3.182816666667,1050.5360663466718,1033.0
scanId=190977,3.182816666667,1050.5547317026526,1164.0
scanId=190977,3.182816666667,1050.5733971548264,1395.0
scanId=190977,3.182816666667,1050.5920628424528,1419.0
scanId=190977,3.182816666667,1050.6107286262566,1306.0
scanId=190977,3.182816666667,1050.6293946455282,1062.0
scanId=190977,3.182816666667,1051.4321888063412,1027.0
scanId=190977,3.182816666667,1051.4508621218106,1065.0
scanId=190977,3.182816666667,1053.5620108188004,1198.0
scanId=190977,3.182816666667,1053.5807030380538,1636.0
scanId=190977,3.182816666667,1053.5993953522443,1786.0
scanId=190977,3.182816666667,1053.618087903143,1705.0
scanId=190977,3.182816666667,1053.6367805489635,1429.0
scanId=190977,3.182816666667,1053.6554734315073,1011.0
scanId=190977,3.182816666667,1054.6090284732372,1027.0
scanId=190977,3.182816666667,1054.6277299785593,1185.0
scanId=190977,3.182816666667,1054.646431578385,1174.0
scanId=190977,3.182816666667,1055.600434899607,1071.0
scanId=190977,3.182816666667,1055.6191451218087,1397.0
scanId=190977,3.182816666667,1055.6378555815538,1366.0
scanId=190977,3.182816666667,1055.6565661353854,1113.0
scanId=190977,3.182816666667,1066.4802272065751,1015.0
scanId=190977,3.182816666667,1066.4990336014291,1030.0
scanId=190977,3.182816666667,1067.571274415936,1026.0
scanId=190977,3.182816666667,1068.5875784260509,1034.0
scanId=190977,3.182816666667,1068.6064033921762,1279.0
scanId=190977,3.182816666667,1068.625228601164,1225.0
scanId=190977,3.182816666667,1069.585532131853,1067.0
scanId=190977,3.182816666667,1069.604365963614,1110.0
scanId=190977,3.182816666667,1077.5859303396646,1081.0
scanId=190977,3.182816666667,1077.6048344801786,1115.0
scanId=190977,3.182816666667,1079.6096094570996,1031.0
scanId=190977,3.182816666667,1089.585394176031,1057.0
scanId=190977,3.182816666667,1089.604403196715,1136.0
scanId=190977,3.182816666667,1089.6234124686712,1007.0
scanId=190977,3.182816666667,1090.5931029920014,1077.0
scanId=190977,3.182816666667,1090.612120886723,1087.0
scanId=190977,3.182816666667,1096.6491376211404,1342.0
scanId=190977,3.182816666667,1096.6682082473835,1533.0
scanId=190977,3.182816666667,1096.6872789512174,1505.0
scanId=190977,3.182816666667,1096.7063499091048,1266.0
scanId=190977,3.182816666667,1096.725420944569,1018.0
scanId=190977,3.182816666667,1097.6601070163754,1015.0
scanId=190977,3.182816666667,1113.4185175543264,1039.0
scanId=190977,3.182816666667,1113.4377334409146,1187.0
scanId=190977,3.182816666667,1118.6513372360464,1162.0
scanId=190977,3.182816666667,1118.670598226282,1245.0
scanId=190977,3.182816666667,1119.6338567395558,1106.0
scanId=190977,3.182816666667,1119.6531260896618,1126.0
scanId=190977,3.182816666667,1119.6723957026518,1110.0
scanId=190977,3.182816666667,1119.6916653843875,1037.0
scanId=190977,3.182816666667,1127.5675505721726,1420.0
scanId=190977,3.182816666667,1127.5868881722547,2049.0
scanId=190977,3.182816666667,1127.606225838107,2673.0
scanId=190977,3.182816666667,1127.6255637698334,2869.0
scanId=190977,3.182816666667,1127.6449017673156,2596.0
scanId=190977,3.182816666667,1127.6642400306862,1942.0
scanId=190977,3.182816666667,1127.6835783597985,1290.0
scanId=190977,3.182816666667,1128.5733230505566,1320.0
scanId=190977,3.182816666667,1128.5926692733897,1757.0
scanId=190977,3.182816666667,1128.612015561618,2061.0
scanId=190977,3.182816666667,1128.6313621160955,2117.0
scanId=190977,3.182816666667,1128.6507087359537,1913.0
scanId=190977,3.182816666667,1128.670055622075,1468.0
scanId=190977,3.182816666667,1128.689402573563,1038.0
scanId=190977,3.182816666667,1129.57954390224,1219.0
scanId=190977,3.182816666667,1129.5988987478245,1701.0
scanId=190977,3.182816666667,1129.6182536584286,2003.0
scanId=190977,3.182816666667,1129.6376088356571,2113.0
scanId=190977,3.182816666667,1129.6569640778907,1966.0
scanId=190977,3.182816666667,1129.6763195867638,1612.0
scanId=190977,3.182816666667,1129.6956751606272,1297.0
scanId=190977,3.182816666667,1129.7150310011443,1047.0
scanId=190977,3.182816666667,1130.6443039285068,1240.0
scanId=190977,3.182816666667,1130.6636677931162,1210.0
scanId=190977,3.182816666667,1149.5833306002737,1069.0
scanId=190977,3.182816666667,1149.6028559686135,1394.0
scanId=190977,3.182816666667,1149.622381610912,1496.0
scanId=190977,3.182816666667,1149.6419073108816,1417.0
scanId=190977,3.182816666667,1149.6614332848242,1222.0
scanId=190977,3.182816666667,1151.5953200983524,1460.0
scanId=190977,3.182816666667,1151.6148626544916,1667.0
scanId=190977,3.182816666667,1151.634405267583,1498.0
scanId=190977,3.182816666667,1151.653948155366,1297.0
scanId=190977,3.182816666667,1151.673491100087,1145.0
scanId=190977,3.182816666667,1151.6930343195138,1022.0
scanId=190977,3.182816666667,1159.6216488438602,1082.0
scanId=190977,3.182816666667,1159.641259386989,1171.0
scanId=190977,3.182816666667,1159.6608699841968,1093.0
scanId=190977,3.182816666667,1160.6219951685832,1011.0
scanId=190977,3.182816666667,1160.6416140565368,1235.0
scanId=190977,3.182816666667,1160.6612332224038,1279.0
scanId=190977,3.182816666667,1160.680852441987,1096.0
scanId=190977,3.182816666667,1161.7209113929848,1053.0
scanId=190977,3.182816666667,1161.740539566574,1134.0
scanId=190977,3.182816666667,1161.7601680184662,1013.0
scanId=190977,3.182816666667,1162.7025260120977,1000.0
scanId=190977,3.182816666667,1162.722162476433,1210.0
scanId=190977,3.182816666667,1162.741799219419,1159.0
scanId=190977,3.182816666667,1162.7614360153834,1050.0
scanId=190977,3.182816666667,1167.5774618439798,1073.0
scanId=190977,3.182816666667,1167.5971394304145,1525.0
scanId=190977,3.182816666667,1167.6168172972189,2055.0
scanId=190977,3.182816666667,1167.6364952152835,2420.0
scanId=190977,3.182816666667,1167.6561734137322,2485.0
scanId=190977,3.182816666667,1167.6758516634266,2186.0
scanId=190977,3.182816666667,1167.6955301935184,1869.0
scanId=190977,3.182816666667,1167.7152087748427,1482.0
scanId=190977,3.182816666667,1167.734887636578,1164.0
scanId=190977,3.182816666667,1168.6009191920853,1057.0
scanId=190977,3.182816666667,1168.6206054008958,1900.0
scanId=190977,3.182816666667,1168.6402918904353,2593.0
scanId=190977,3.182816666667,1168.6599784308755,2790.0
scanId=190977,3.182816666667,1168.6796652520584,2557.0
scanId=190977,3.182816666667,1168.6993521241286,2138.0
scanId=190977,3.182816666667,1168.7190392769553,1637.0
scanId=190977,3.182816666667,1168.7387264806553,1138.0
scanId=190977,3.182816666667,1169.6051301324312,1240.0
scanId=190977,3.182816666667,1169.6248249130615,1386.0
scanId=190977,3.182816666667,1169.6445197442476,1508.0
scanId=190977,3.182816666667,1169.6642148565213,1650.0
scanId=190977,3.182816666667,1169.6839100193374,1534.0
scanId=190977,3.182816666667,1169.703605463255,1241.0
scanId=190977,3.182816666667,1170.6885861954677,1092.0
scanId=190977,3.182816666667,1170.7082899806596,1097.0
scanId=190977,3.182816666667,1181.6299154444264,1011.0
scanId=190977,3.182816666667,1181.6497110910827,1114.0
scanId=190977,3.182816666667,1181.6695070229882,1178.0
scanId=190977,3.182816666667,1181.6893030012743,1063.0
scanId=190977,3.182816666667,1184.640765743899,1054.0
scanId=190977,3.182816666667,1184.660586594423,1204.0
scanId=190977,3.182816666667,1184.680407731227,1180.0
scanId=190977,3.182816666667,1185.6121853128195,1488.0
scanId=190977,3.182816666667,1185.632014409065,2047.0
scanId=190977,3.182816666667,1185.651843550335,2327.0
scanId=190977,3.182816666667,1185.6716729782231,2332.0
scanId=190977,3.182816666667,1185.691502451123,1982.0
scanId=190977,3.182816666667,1185.7113322106543,1523.0
scanId=190977,3.182816666667,1185.7311620151845,1125.0
scanId=190977,3.182816666667,1186.6236776199778,1511.0
scanId=190977,3.182816666667,1186.6435150519935,1954.0
scanId=190977,3.182816666667,1186.6633527709655,2075.0
scanId=190977,3.182816666667,1186.6831905346114,1820.0
scanId=190977,3.182816666667,1186.7030285852268,1448.0
scanId=190977,3.182816666667,1186.7228666805024,1075.0
scanId=190977,3.182816666667,1187.635601099389,1165.0
scanId=190977,3.182816666667,1187.6554471094446,1476.0
scanId=190977,3.182816666667,1187.6752931638362,1466.0
scanId=190977,3.182816666667,1187.6951395055348,1408.0
scanId=190977,3.182816666667,1187.7149858915564,1278.0
scanId=190977,3.182816666667,1187.7348325648986,1071.0
scanId=190977,3.182816666667,1197.6390487217868,1049.0
scanId=190977,3.182816666667,1197.6589780152674,1017.0
scanId=190977,3.182816666667,1199.6128592781513,1615.0
scanId=190977,3.182816666667,1199.632805112817,2119.0
scanId=190977,3.182816666667,1199.6527509877897,2354.0
scanId=190977,3.182816666667,1199.6726971540984,2297.0
scanId=190977,3.182816666667,1199.692643360701,2025.0
scanId=190977,3.182816666667,1199.7125898586526,1602.0
scanId=190977,3.182816666667,1199.7325363968846,1123.0
scanId=190977,3.182816666667,1200.6303051267355,1160.0
scanId=190977,3.182816666667,1200.650259292454,1577.0
scanId=190977,3.182816666667,1200.6702137498405,1693.0
scanId=190977,3.182816666667,1200.6901682471887,1510.0
scanId=190977,3.182816666667,1200.7101230362184,1190.0
scanId=190977,3.182816666667,1207.6244125000349,1382.0
scanId=190977,3.182816666667,1207.6444247009747,1904.0
scanId=190977,3.182816666667,1207.6644371958942,2081.0
scanId=190977,3.182816666667,1207.6844497284635,1927.0
scanId=190977,3.182816666667,1207.704462555026,1614.0
scanId=190977,3.182816666667,1207.7244754192254,1235.0
scanId=190977,3.182816666667,1207.7444885774307,1012.0
scanId=190977,3.182816666667,1208.665270156038,1206.0
scanId=190977,3.182816666667,1208.685290979353,1230.0
scanId=190977,3.182816666667,1208.7053120969902,1040.0
scanId=190977,3.182816666667,1209.626459802184,1087.0
scanId=190977,3.182816666667,1209.6464885846156,1325.0
scanId=190977,3.182816666667,1209.6665176616834,1440.0
scanId=190977,3.182816666667,1209.6865467757452,1378.0
scanId=190977,3.182816666667,1209.7065761844558,1233.0
scanId=190977,3.182816666667,1209.726605630147,1028.0
scanId=190977,3.182816666667,1213.6555908977075,1297.0
scanId=190977,3.182816666667,1213.675653139067,1751.0
scanId=190977,3.182816666667,1213.695715416112,1739.0
scanId=190977,3.182816666667,1213.7157779891138,1340.0
scanId=190977,3.182816666667,1214.6589028396274,1025.0
scanId=190977,3.182816666667,1214.6789733720582,1174.0
scanId=190977,3.182816666667,1214.6990439398492,1208.0
scanId=190977,3.182816666667,1214.719114803923,1154.0
scanId=190977,3.182816666667,1215.6425508000775,1010.0
scanId=190977,3.182816666667,1215.6626293269844,1514.0
scanId=190977,3.182816666667,1215.6827081504869,1830.0
scanId=190977,3.182816666667,1215.7027870090235,1885.0
scanId=190977,3.182816666667,1215.7228661641689,1644.0
scanId=190977,3.182816666667,1215.7429453543357,1236.0
scanId=190977,3.182816666667,1216.646683542114,1190.0
scanId=190977,3.182816666667,1216.666770359767,1438.0
scanId=190977,3.182816666667,1216.6868574743405,1494.0
scanId=190977,3.182816666667,1216.706944623623,1323.0
scanId=190977,3.182816666667,1216.727032069839,1148.0
scanId=190977,3.182816666667,1217.651230829566,1060.0
scanId=190977,3.182816666667,1217.6713259379649,1344.0
scanId=190977,3.182816666667,1217.691421343609,1355.0
scanId=190977,3.182816666667,1217.7115167836373,1186.0
scanId=190977,3.182816666667,1221.6534371950274,1040.0
scanId=190977,3.182816666667,1221.6735654333058,1158.0
scanId=190977,3.182816666667,1221.6936937046885,1047.0
scanId=190977,3.182816666667,1222.6399126878234,1051.0
scanId=190977,3.182816666667,1222.660048918322,1135.0
scanId=190977,3.182816666667,1222.6801854476685,1033.0
scanId=190977,3.182816666667,1223.6670751869658,1080.0
scanId=190977,3.182816666667,1223.6872200073803,1541.0
scanId=190977,3.182816666667,1223.7073648602548,2032.0
scanId=190977,3.182816666667,1223.7275100123122,2049.0
scanId=190977,3.182816666667,1223.7476551968164,1671.0
scanId=190977,3.182816666667,1223.7678006805163,1289.0
scanId=190977,3.182816666667,1224.6543631889583,1235.0
scanId=190977,3.182816666667,1224.6745160009486,1868.0
scanId=190977,3.182816666667,1224.6946691124306,2359.0
scanId=190977,3.182816666667,1224.7148222560509,2580.0
scanId=190977,3.182816666667,1224.7349756991753,2353.0
scanId=190977,3.182816666667,1224.7551291744253,1910.0
scanId=190977,3.182816666667,1224.7752829491926,1453.0
scanId=190977,3.182816666667,1224.7954367560726,1190.0
scanId=190977,3.182816666667,1225.6420491866158,1271.0
scanId=190977,3.182816666667,1225.662210257522,1807.0
scanId=190977,3.182816666667,1225.6823713602585,2123.0
scanId=190977,3.182816666667,1225.702532762807,2039.0
scanId=190977,3.182816666667,1225.7226941971733,1686.0
scanId=190977,3.182816666667,1225.7428559313648,1341.0
scanId=190977,3.182816666667,1226.6503025094296,1091.0
scanId=190977,3.182816666667,1226.6704718714022,1438.0
scanId=190977,3.182816666667,1226.6906412648846,1653.0
scanId=190977,3.182816666667,1226.7108109585004,1595.0
scanId=190977,3.182816666667,1226.7309806836124,1280.0
scanId=190977,3.182816666667,1227.6589703775494,1299.0
scanId=190977,3.182816666667,1227.679148030588,1457.0
scanId=190977,3.182816666667,1227.6993257148165,1487.0
scanId=190977,3.182816666667,1227.719503699498,1411.0
scanId=190977,3.182816666667,1227.7396817153558,1243.0
scanId=190977,3.182816666667,1228.6882387350677,1086.0
scanId=190977,3.182816666667,1228.7084247100418,1162.0
scanId=190977,3.182816666667,1229.596774737699,1490.0
scanId=190977,3.182816666667,1229.6169683095832,2433.0
scanId=190977,3.182816666667,1229.6371619120434,3417.0
scanId=190977,3.182816666667,1229.6573558155703,3961.0
scanId=190977,3.182816666667,1229.6775497496606,3762.0
scanId=190977,3.182816666667,1229.6977439848304,3206.0
scanId=190977,3.182816666667,1229.7179382505508,2540.0
scanId=190977,3.182816666667,1229.738132817363,1917.0
scanId=190977,3.182816666667,1229.758327414713,1453.0
scanId=190977,3.182816666667,1229.7785223131675,1006.0
scanId=190977,3.182816666667,1230.6066530780474,1199.0
scanId=190977,3.182816666667,1230.6268549409967,2100.0
scanId=190977,3.182816666667,1230.647056834203,2914.0
scanId=190977,3.182816666667,1230.667259028795,3051.0
scanId=190977,3.182816666667,1230.6874612536308,2575.0
scanId=190977,3.182816666667,1230.707663779865,1983.0
scanId=190977,3.182816666667,1230.7278663363309,1588.0
scanId=190977,3.182816666667,1230.7480691942078,1315.0
scanId=190977,3.182816666667,1230.7682720823036,1019.0
scanId=190977,3.182816666667,1231.637156117671,1507.0
scanId=190977,3.182816666667,1231.6573663016234,1752.0
scanId=190977,3.182816666667,1231.6775767872791,1765.0
scanId=190977,3.182816666667,1231.6977873028611,1704.0
scanId=190977,3.182816666667,1231.71799812016,1490.0
scanId=190977,3.182816666667,1231.738208967372,1207.0
scanId=190977,3.182816666667,1232.6680903142942,1197.0
scanId=190977,3.182816666667,1232.6883090910142,1179.0
scanId=190977,3.182816666667,1235.642019943189,1071.0
scanId=190977,3.182816666667,1235.6622629584951,1039.0
scanId=190977,3.182816666667,1245.662295210397,1048.0
scanId=190977,3.182816666667,1245.682620138272,1248.0
scanId=190977,3.182816666667,1245.7029453722123,1179.0
scanId=190977,3.182816666667,1245.7232706317177,1149.0
scanId=190977,3.182816666667,1245.7435961973,1221.0
scanId=190977,3.182816666667,1245.7639217884353,1148.0
scanId=190977,3.182816666667,1246.6990814560518,1008.0
scanId=190977,3.182816666667,1247.6345919946266,1054.0
scanId=190977,3.182816666667,1247.6549331473968,1394.0
scanId=190977,3.182816666667,1247.6752743251343,1933.0
scanId=190977,3.182816666667,1247.6956158095468,2199.0
scanId=190977,3.182816666667,1247.7159573189142,1900.0
scanId=190977,3.182816666667,1247.7362991349696,1402.0
scanId=190977,3.182816666667,1247.7566409759668,1018.0
scanId=190977,3.182816666667,1248.631500102102,1032.0
scanId=190977,3.182816666667,1248.6518492389555,1319.0
scanId=190977,3.182816666667,1248.6721986827824,1466.0
scanId=190977,3.182816666667,1248.6925481512658,1370.0
scanId=190977,3.182816666667,1248.7128979267352,1114.0
scanId=190977,3.182816666667,1249.649163600745,1032.0
scanId=190977,3.182816666667,1249.6695210283444,1572.0
scanId=190977,3.182816666667,1249.6898787632276,1778.0
scanId=190977,3.182816666667,1249.710236522457,1635.0
scanId=190977,3.182816666667,1249.7305945889827,1407.0
scanId=190977,3.182816666667,1249.750952679842,1096.0
scanId=190977,3.182816666667,1250.687607362783,1162.0
scanId=190977,3.182816666667,1250.7079733887222,1259.0
scanId=190977,3.182816666667,1250.7283394386975,1038.0
scanId=190977,3.182816666667,1251.6246129166443,1064.0
scanId=190977,3.182816666667,1251.6449865703546,1166.0
scanId=190977,3.182816666667,1251.665360247816,1088.0
scanId=190977,3.182816666667,1252.6231135409678,1323.0
scanId=190977,3.182816666667,1252.6434951775454,1463.0
scanId=190977,3.182816666667,1252.6638771223104,1281.0
scanId=190977,3.182816666667,1253.6627919834625,1012.0
scanId=190977,3.182816666667,1253.6831822192817,1387.0
scanId=190977,3.182816666667,1253.7035724782352,1490.0
scanId=190977,3.182816666667,1253.7239630456968,1239.0
scanId=190977,3.182816666667,1253.74435363628,1047.0
scanId=190977,3.182816666667,1264.7180920718158,1128.0
scanId=190977,3.182816666667,1264.738571870825,1188.0
scanId=190977,3.182816666667,1264.7590519816454,1135.0
scanId=190977,3.182816666667,1265.680825232158,1013.0
scanId=190977,3.182816666667,1265.7013129707432,1157.0
scanId=190977,3.182816666667,1265.7218007288686,1186.0
scanId=190977,3.182816666667,1265.742288799096,1161.0
scanId=190977,3.182816666667,1265.7627768888512,1100.0
scanId=190977,3.182816666667,1266.705411631462,1080.0
scanId=190977,3.182816666667,1266.7259076610962,1171.0
scanId=190977,3.182816666667,1266.7464037099674,1072.0
scanId=190977,3.182816666667,1270.6642035543855,1170.0
scanId=190977,3.182816666667,1270.6847314397216,1183.0
scanId=190977,3.182816666667,1270.7052596386195,1068.0
scanId=190977,3.182816666667,1271.6291968123182,1557.0
scanId=190977,3.182816666667,1271.6497326389788,2661.0
scanId=190977,3.182816666667,1271.6702684834304,3515.0
scanId=190977,3.182816666667,1271.690804641733,3911.0
scanId=190977,3.182816666667,1271.7113408178143,3796.0
scanId=190977,3.182816666667,1271.7318773077586,3328.0
scanId=190977,3.182816666667,1271.75241381547,2623.0
scanId=190977,3.182816666667,1271.7729506370565,1899.0
scanId=190977,3.182816666667,1271.793487476397,1366.0
scanId=190977,3.182816666667,1271.8140246296252,1079.0
scanId=190977,3.182816666667,1272.6561875716266,1198.0
scanId=190977,3.182816666667,1272.676731689333,2203.0
scanId=190977,3.182816666667,1272.6972758245306,3197.0
scanId=190977,3.182816666667,1272.717820273879,3387.0
scanId=190977,3.182816666667,1272.7383647407064,2942.0
scanId=190977,3.182816666667,1272.7589095216963,2199.0
scanId=190977,3.182816666667,1272.7794543201535,1513.0
scanId=190977,3.182816666667,1272.7999994327856,1090.0
scanId=190977,3.182816666667,1273.6835928757234,1113.0
scanId=190977,3.182816666667,1273.704145284475,1424.0
scanId=190977,3.182816666667,1273.7246977104192,1443.0
scanId=190977,3.182816666667,1273.7452504508128,1211.0
scanId=190977,3.182816666667,1294.691705456587,1122.0
scanId=190977,3.182816666667,1294.7124266709195,1126.0
scanId=190977,3.182816666667,1294.73314789645,1033.0
scanId=190977,3.182816666667,1511.8048548497293,1097.0
scanId=190977,3.182816666667,1511.8272462000634,1267.0
scanId=190977,3.182816666667,1511.8496375134505,1068.0
scanId=190977,3.182816666667,1549.9053916312978,1295.0
scanId=190977,3.182816666667,1549.9280631718964,1435.0
scanId=190977,3.182816666667,1549.9507350871115,1319.0
scanId=190977,3.182816666667,1549.97340695934,1094.0
scanId=190977,3.182816666667,1550.8577434893425,1037.0
scanId=190977,3.182816666667,1550.8804219941676,1257.0
scanId=190977,3.182816666667,1550.9031008737518,1487.0
scanId=190977,3.182816666667,1550.9257797102068,1606.0
scanId=190977,3.182816666667,1550.948458921428,1596.0
scanId=190977,3.182816666667,1550.9711380895128,1290.0
scanId=190977,3.182816666667,1551.833073316942,1017.0
scanId=190977,3.182816666667,1551.8557591608946,1230.0
scanId=190977,3.182816666667,1551.8784449615762,1404.0
scanId=190977,3.182816666667,1551.9011311371655,1370.0
scanId=190977,3.182816666667,1551.9238172694777,1364.0
scanId=190977,3.182816666667,1551.9465037767034,1416.0
scanId=190977,3.182816666667,1551.9691902406446,1274.0
scanId=190977,3.182816666667,1551.991877079507,1100.0
scanId=190977,3.182816666667,1552.8994824215308,1095.0
scanId=190977,3.182816666667,1552.9221758496988,1126.0
scanId=190977,3.182816666667,1733.8732856487543,1824.0
scanId=190977,3.182816666667,1733.8972652009938,3287.0
scanId=190977,3.182816666667,1733.9212446896674,4674.0
scanId=190977,3.182816666667,1733.9452245735404,5479.0
scanId=190977,3.182816666667,1733.969204393844,5348.0
scanId=190977,3.182816666667,1733.9931846093505,4415.0
scanId=190977,3.182816666667,1734.0171647612838,3235.0
scanId=190977,3.182816666667,1734.041145308424,2290.0
scanId=190977,3.182816666667,1734.0651257919872,1545.0
scanId=190977,3.182816666667,1734.0891066707609,1049.0
scanId=190977,3.182816666667,1734.8565786719698,1263.0
scanId=190977,3.182816666667,1734.8805647932402,2534.0
scanId=190977,3.182816666667,1734.904551309784,4077.0
scanId=190977,3.182816666667,1734.9285377626843,5347.0
scanId=190977,3.182816666667,1734.9525246108617,6178.0
scanId=190977,3.182816666667,1734.9765113953918,6110.0
scanId=190977,3.182816666667,1735.0004985752023,4886.0
scanId=190977,3.182816666667,1735.0244856913623,3467.0
scanId=190977,3.182816666667,1735.0484732028067,2334.0
scanId=190977,3.182816666667,1735.0724606505964,1663.0
scanId=190977,3.182816666667,1735.0964484936744,1162.0
scanId=190977,3.182816666667,1735.864143351375,1148.0
scanId=190977,3.182816666667,1735.8881364368724,1825.0
scanId=190977,3.182816666667,1735.9121299177202,2440.0
scanId=190977,3.182816666667,1735.936123334847,3010.0
scanId=190977,3.182816666667,1735.9601171473282,3599.0
scanId=190977,3.182816666667,1735.9841108960848,3689.0
scanId=190977,3.182816666667,1736.0081050401998,3298.0
scanId=190977,3.182816666667,1736.0320991205865,2617.0
scanId=190977,3.182816666667,1736.0560935963344,1944.0
scanId=190977,3.182816666667,1736.080088008351,1417.0
scanId=190977,3.182816666667,1736.104082815733,1023.0
scanId=190977,3.182816666667,1736.9200010247953,1442.0
scanId=190977,3.182816666667,1736.9440014061486,1877.0
scanId=190977,3.182816666667,1736.9680021829338,2125.0
scanId=190977,3.182816666667,1736.9920028959168,2277.0
scanId=190977,3.182816666667,1737.0160040043354,2010.0
scanId=190977,3.182816666667,1737.0400050489486,1479.0
scanId=190977,3.182816666667,1737.0640064890003,1064.0
scanId=190977,3.182816666667,1737.9521719765828,1095.0
scanId=190977,3.182816666667,1737.9761797176711,1162.0
scanId=190977,3.182816666667,1743.0214548781069,1009.0
scanId=190977,3.182816666667,1755.8596767262957,1265.0
scanId=190977,3.182816666667,1755.8838078349916,2052.0
scanId=190977,3.182816666667,1755.9079388785003,3042.0
scanId=190977,3.182816666667,1755.9320703188298,3601.0
scanId=190977,3.182816666667,1755.9562016939683,3459.0
scanId=190977,3.182816666667,1755.980333465931,2888.0
scanId=190977,3.182816666667,1756.0044651726996,2162.0
scanId=190977,3.182816666667,1756.0285972762954,1631.0
scanId=190977,3.182816666667,1756.0527293146938,1251.0
scanId=190977,3.182816666667,1756.8491835317368,1270.0
scanId=190977,3.182816666667,1756.8733212078423,2295.0
scanId=190977,3.182816666667,1756.897459280836,3352.0
scanId=190977,3.182816666667,1756.9215972885715,3623.0
scanId=190977,3.182816666667,1756.9457356931982,3245.0
scanId=190977,3.182816666667,1756.9698740325637,2693.0
scanId=190977,3.182816666667,1756.9940127688235,2085.0
scanId=190977,3.182816666667,1757.018151439819,1448.0
scanId=190977,3.182816666667,1757.042290507712,1062.0
scanId=190977,3.182816666667,1757.8872581883918,1475.0
scanId=190977,3.182816666667,1757.9114032256823,2229.0
scanId=190977,3.182816666667,1757.9355481976447,2501.0
scanId=190977,3.182816666667,1757.9596935665688,2220.0
scanId=190977,3.182816666667,1757.9838388701608,1827.0
scanId=190977,3.182816666667,1758.0079845707178,1365.0
scanId=190977,3.182816666667,1758.0321302059394,1046.0
scanId=190977,3.182816666667,1758.901487667937,1274.0
scanId=190977,3.182816666667,1758.9256396695248,1617.0
scanId=190977,3.182816666667,1758.9497916057137,1660.0
scanId=190977,3.182816666667,1758.9739439389343,1349.0
scanId=190977,3.182816666667,1758.9980962067527,1057.0
scanId=190977,3.182816666667,1773.8589664711772,1010.0
scanId=190977,3.182816666667,1773.8832209473833,2244.0
scanId=190977,3.182816666667,1773.9074753571915,4498.0
scanId=190977,3.182816666667,1773.9317301650303,7429.0
scanId=190977,3.182816666667,1773.9559849064683,9443.0
scanId=190977,3.182816666667,1773.9802400459405,10470.0
scanId=190977,3.182816666667,1774.0044951190084,9827.0
scanId=190977,3.182816666667,1774.0287505901133,7977.0
scanId=190977,3.182816666667,1774.053005994811,5946.0
scanId=190977,3.182816666667,1774.077261797549,4183.0
scanId=190977,3.182816666667,1774.101517533877,2848.0
scanId=190977,3.182816666667,1774.1257736682478,2130.0
scanId=190977,3.182816666667,1774.1500297362052,1653.0
scanId=190977,3.182816666667,1774.1742862022088,1167.0
scanId=190977,3.182816666667,1774.8535313202592,1357.0
scanId=190977,3.182816666667,1774.8777923626642,2948.0
scanId=190977,3.182816666667,1774.9020538031623,5029.0
scanId=190977,3.182816666667,1774.926315177197,8007.0
scanId=190977,3.182816666667,1774.950576949328,11428.0
scanId=190977,3.182816666667,1774.9748386549925,13508.0
scanId=190977,3.182816666667,1774.9991007587564,13095.0
scanId=190977,3.182816666667,1775.0233627960508,11073.0
scanId=190977,3.182816666667,1775.047625231448,8538.0
scanId=190977,3.182816666667,1775.071887600372,6145.0
scanId=190977,3.182816666667,1775.096150367402,4302.0
scanId=190977,3.182816666667,1775.1204130679562,3053.0
scanId=190977,3.182816666667,1775.1446761666195,2168.0
scanId=190977,3.182816666667,1775.1689391988036,1592.0
scanId=190977,3.182816666667,1775.1932026290997,1223.0
scanId=190977,3.182816666667,1775.8726427464076,1315.0
scanId=190977,3.182816666667,1775.896910753039,2550.0
scanId=190977,3.182816666667,1775.921179157829,4243.0
scanId=190977,3.182816666667,1775.9454474960903,6138.0
scanId=190977,3.182816666667,1775.969716232513,7416.0
scanId=190977,3.182816666667,1775.9939849024042,7400.0
scanId=190977,3.182816666667,1776.01825397046,6550.0
scanId=190977,3.182816666667,1776.042522971981,5134.0
scanId=190977,3.182816666667,1776.0667923716696,3681.0
scanId=190977,3.182816666667,1776.0910617048205,2511.0
scanId=190977,3.182816666667,1776.115331436142,1720.0
scanId=190977,3.182816666667,1776.1396011009226,1217.0
scanId=190977,3.182816666667,1776.9163216422958,1912.0
scanId=190977,3.182816666667,1776.9405970113771,3165.0
scanId=190977,3.182816666667,1776.964872313865,4307.0
scanId=190977,3.182816666667,1776.989148014579,4615.0
scanId=190977,3.182816666667,1777.013423648697,4024.0
scanId=190977,3.182816666667,1777.0376996810442,3157.0
scanId=190977,3.182816666667,1777.0619756467916,2386.0
scanId=190977,3.182816666667,1777.086252010772,1737.0
scanId=190977,3.182816666667,1777.1105283081492,1191.0
scanId=190977,3.182816666667,1777.936025030428,1101.0
scanId=190977,3.182816666667,1777.9603073638004,1175.0
scanId=190977,3.182816666667,1777.9845896305148,1144.0
scanId=190977,3.182816666667,1778.0088722955202,1105.0
scanId=190977,3.182816666667,1789.9759960822255,1048.0
scanId=190977,3.182816666667,1795.876991037421,1369.0
scanId=190977,3.182816666667,1795.9013953439153,2563.0
scanId=190977,3.182816666667,1795.9258000497834,3619.0
scanId=190977,3.182816666667,1795.9502046879074,4391.0
scanId=190977,3.182816666667,1795.974609725408,4507.0
scanId=190977,3.182816666667,1795.999014695162,3880.0
scanId=190977,3.182816666667,1796.0234200642954,3077.0
scanId=190977,3.182816666667,1796.047825365679,2299.0
scanId=190977,3.182816666667,1796.072231066445,1598.0
scanId=190977,3.182816666667,1796.0966366994587,1237.0
scanId=190977,3.182816666667,1796.8532973045403,1038.0
scanId=190977,3.182816666667,1796.8777082436316,2201.0
scanId=190977,3.182816666667,1796.9021195821526,3804.0
scanId=190977,3.182816666667,1796.9265308528734,5256.0
scanId=190977,3.182816666667,1796.9509425230272,6242.0
scanId=190977,3.182816666667,1796.975354125378,6485.0
scanId=190977,3.182816666667,1796.999766127164,5819.0
scanId=190977,3.182816666667,1797.0241780611443,4553.0
scanId=190977,3.182816666667,1797.0485903945637,3345.0
scanId=190977,3.182816666667,1797.0730026601736,2352.0
scanId=190977,3.182816666667,1797.0974153252257,1639.0
scanId=190977,3.182816666667,1797.1218279224656,1191.0
scanId=190977,3.182816666667,1797.878704419513,1410.0
scanId=190977,3.182816666667,1797.9031223228303,2321.0
scanId=190977,3.182816666667,1797.9275406256368,3448.0
scanId=190977,3.182816666667,1797.9519588605842,4167.0
scanId=190977,3.182816666667,1797.9763774950231,4263.0
scanId=190977,3.182816666667,1798.0007960616006,3836.0
scanId=190977,3.182816666667,1798.025215027672,3074.0
scanId=190977,3.182816666667,1798.049633925879,2243.0
scanId=190977,3.182816666667,1798.0740532235832,1586.0
scanId=190977,3.182816666667,1798.09847245342,1183.0
scanId=190977,3.182816666667,1798.928828900776,1355.0
scanId=190977,3.182816666667,1798.9532541678675,1669.0
scanId=190977,3.182816666667,1798.9776793670417,1839.0
scanId=190977,3.182816666667,1799.0021049657655,1661.0
scanId=190977,3.182816666667,1799.0265304965692,1351.0
scanId=190977,3.182816666667,1799.0509564269255,1131.0
scanId=190977,3.182816666667,1800.0036923722391,1006.0
