ScanNumber,RetentionTime,m/z,Intensity
scanId=332582,5.5429,126.09871539651508,1050.0
scanId=332582,5.5429,130.1530639743887,1178.0
scanId=332582,5.5429,130.15963388082272,1291.0
scanId=332582,5.5429,138.11561705219228,1076.0
scanId=332582,5.5429,138.12238494152464,1858.0
scanId=332582,5.5429,138.1291529762499,1909.0
scanId=332582,5.5429,138.13592119721193,1528.0
scanId=332582,5.5429,138.14268956356577,1115.0
scanId=332582,5.5429,164.91207870362695,1079.0
scanId=332582,5.5429,164.91947403624857,1788.0
scanId=332582,5.5429,164.92686951221123,1927.0
scanId=332582,5.5429,164.93426517646253,1478.0
scanId=332582,5.5429,261.1171878315953,1276.0
scanId=332582,5.5429,261.12649348740354,1685.0
scanId=332582,5.5429,261.1357993384127,1472.0
scanId=332582,5.5429,261.1451053258492,1210.0
scanId=332582,5.5429,274.26935908444403,1369.0
scanId=332582,5.5429,274.27889621682937,1273.0
scanId=332582,5.5429,288.282192841773,1067.0
scanId=332582,5.5429,288.2919706017678,1135.0
scanId=332582,5.5429,303.2756119273419,1075.0
scanId=332582,5.5429,304.2793114575177,1078.0
scanId=332582,5.5429,304.28935684263627,2240.0
scanId=332582,5.5429,304.299402361198,2519.0
scanId=332582,5.5429,304.3094480779463,1856.0
scanId=332582,5.5429,304.3194939281362,1161.0
scanId=332582,5.5429,305.1438192376691,1872.0
scanId=332582,5.5429,305.15387888286244,2498.0
scanId=332582,5.5429,305.1639386614398,2121.0
scanId=332582,5.5429,305.1739986382628,1479.0
scanId=332582,5.5429,305.1840587484683,1009.0
scanId=332582,5.5429,331.18802905802903,1061.0
scanId=332582,5.5429,331.19850920961284,1481.0
scanId=332582,5.5429,331.2089894928083,1380.0
scanId=332582,5.5429,339.21136164425843,1027.0
scanId=332582,5.5429,349.168389167033,1563.0
scanId=332582,5.5429,349.17915000770023,2170.0
scanId=332582,5.5429,349.1899110495938,2116.0
scanId=332582,5.5429,349.20067222188925,1668.0
scanId=332582,5.5429,349.2114335954124,1137.0
scanId=332582,5.5429,357.1441133052602,1104.0
scanId=332582,5.5429,357.1549963868633,1068.0
scanId=332582,5.5429,389.2202069444385,1036.0
scanId=332582,5.5429,389.2315682359904,1197.0
scanId=332582,5.5429,389.24292965530594,1057.0
scanId=332582,5.5429,393.1953603239123,1352.0
scanId=332582,5.5429,393.20677944653,1363.0
scanId=332582,5.5429,393.2181987732698,1042.0
scanId=332582,5.5429,402.3374625254267,1814.0
scanId=332582,5.5429,402.34901363605593,3004.0
scanId=332582,5.5429,402.3605649513947,3022.0
scanId=332582,5.5429,402.3721163936522,2269.0
scanId=332582,5.5429,402.3836680406205,1586.0
scanId=332582,5.5429,402.3952198145063,1103.0
scanId=332582,5.5429,415.390371002917,1294.0
scanId=332582,5.5429,415.4021080308573,1459.0
scanId=332582,5.5429,415.4138451848887,1184.0
scanId=332582,5.5429,429.3076537091598,1453.0
scanId=332582,5.5429,429.31958573533166,1496.0
scanId=332582,5.5429,429.3315178867259,1094.0
scanId=332582,5.5429,430.3821983248728,1125.0
scanId=332582,5.5429,430.3941452743788,1238.0
scanId=332582,5.5429,437.21883725653913,1341.0
scanId=332582,5.5429,437.230878720494,1865.0
scanId=332582,5.5429,437.2429203091848,1629.0
scanId=332582,5.5429,437.2549621047693,1135.0
scanId=332582,5.5429,473.3370540706641,1110.0
scanId=332582,5.5429,473.34958303019766,1056.0
scanId=332582,5.5429,481.25050539755006,1152.0
scanId=332582,5.5429,481.2631386109355,1311.0
scanId=332582,5.5429,481.2757720338076,1094.0
scanId=332582,5.5429,501.379170980907,1205.0
scanId=332582,5.5429,501.3920657279396,1585.0
scanId=332582,5.5429,501.404960596005,1740.0
scanId=332582,5.5429,501.4178556746672,1455.0
scanId=332582,5.5429,515.4020870581273,1637.0
scanId=332582,5.5429,515.4151608851686,2313.0
scanId=332582,5.5429,515.4282348325023,2310.0
scanId=332582,5.5429,515.4413089911732,1848.0
scanId=332582,5.5429,515.4543832701353,1307.0
scanId=332582,5.5429,516.5139524024476,1183.0
scanId=332582,5.5429,516.5270402781698,1554.0
scanId=332582,5.5429,516.5401283652857,1349.0
scanId=332582,5.5429,517.3519121892049,1068.0
scanId=332582,5.5429,517.3650106770325,1152.0
scanId=332582,5.5429,517.378109376297,1058.0
scanId=332582,5.5429,523.2893398053876,1275.0
scanId=332582,5.5429,523.3025132412124,3303.0
scanId=332582,5.5429,523.3156868887768,4853.0
scanId=332582,5.5429,523.3288606562301,4586.0
scanId=332582,5.5429,523.342034635424,3398.0
scanId=332582,5.5429,523.3552087345054,2430.0
scanId=332582,5.5429,523.3683830453292,1790.0
scanId=332582,5.5429,523.3815574760388,1281.0
scanId=332582,5.5429,524.3041812822252,1118.0
scanId=332582,5.5429,524.3173675317163,1901.0
scanId=332582,5.5429,524.3305539010453,2157.0
scanId=332582,5.5429,524.3437404821659,1839.0
scanId=332582,5.5429,524.3569271831233,1372.0
scanId=332582,5.5429,525.2804099083716,1076.0
scanId=332582,5.5429,525.2936084281595,1059.0
scanId=332582,5.5429,529.4196358121386,1022.0
scanId=332582,5.5429,529.4328861857344,1302.0
scanId=332582,5.5429,529.4461367713766,1210.0
scanId=332582,5.5429,531.382498255555,1026.0
scanId=332582,5.5429,561.3840683687266,1238.0
scanId=332582,5.5429,561.3977129303876,1298.0
scanId=332582,5.5429,561.4113576101361,1075.0
scanId=332582,5.5429,571.5263650050542,1066.0
scanId=332582,5.5429,571.540132269684,1290.0
scanId=332582,5.5429,571.5538996519667,1171.0
scanId=332582,5.5429,575.4152965776004,1038.0
scanId=332582,5.5429,583.2883495027748,1512.0
scanId=332582,5.5429,583.3022577100041,8861.0
scanId=332582,5.5429,583.316166034408,30600.0
scanId=332582,5.5429,583.330074573267,59545.0
scanId=332582,5.5429,583.3439832292992,73431.0
scanId=332582,5.5429,583.3578920997877,64175.0
scanId=332582,5.5429,583.3718010874486,46606.0
scanId=332582,5.5429,583.3857102895669,31996.0
scanId=332582,5.5429,583.3996196088563,21888.0
scanId=332582,5.5429,583.413529142604,14917.0
scanId=332582,5.5429,583.4274387935221,9900.0
scanId=332582,5.5429,583.4413486588995,6547.0
scanId=332582,5.5429,583.4552586414461,4386.0
scanId=332582,5.5429,583.4691688384531,2966.0
scanId=332582,5.5429,583.4830791526283,2091.0
scanId=332582,5.5429,583.496989681265,1711.0
scanId=332582,5.5429,583.5109003270687,1811.0
scanId=332582,5.5429,583.524811187335,2785.0
scanId=332582,5.5429,583.5387221647671,3500.0
scanId=332582,5.5429,583.5526333566633,3238.0
scanId=332582,5.5429,583.566544665724,2358.0
scanId=332582,5.5429,583.5804561892497,1569.0
scanId=332582,5.5429,583.594367829939,1113.0
scanId=332582,5.5429,583.7891485506733,1335.0
scanId=332582,5.5429,583.8030627272362,6640.0
scanId=332582,5.5429,583.8169770209539,23090.0
scanId=332582,5.5429,583.8308915291465,47508.0
scanId=332582,5.5429,583.8448061544926,61828.0
scanId=332582,5.5429,583.8587209943148,56679.0
scanId=332582,5.5429,583.8726359512897,42318.0
scanId=332582,5.5429,583.8865511227414,29136.0
scanId=332582,5.5429,583.9004664113448,20148.0
scanId=332582,5.5429,583.9143819144261,13882.0
scanId=332582,5.5429,583.9282975346581,9489.0
scanId=332582,5.5429,583.942213369369,6433.0
scanId=332582,5.5429,583.9561293212297,4394.0
scanId=332582,5.5429,583.9700454875702,2929.0
scanId=332582,5.5429,583.9839617710594,2120.0
scanId=332582,5.5429,583.9978782690297,1575.0
scanId=332582,5.5429,584.0117948841472,1075.0
scanId=332582,5.5429,584.2901624942275,1205.0
scanId=332582,5.5429,584.304082640124,3847.0
scanId=332582,5.5429,584.3180029031556,11490.0
scanId=332582,5.5429,584.3319233806818,22218.0
scanId=332582,5.5429,584.3458439753421,28294.0
scanId=332582,5.5429,584.3597647844979,25234.0
scanId=332582,5.5429,584.3736857107865,18378.0
scanId=332582,5.5429,584.3876068515718,12608.0
scanId=332582,5.5429,584.4015281094893,8664.0
scanId=332582,5.5429,584.4154495819042,5998.0
scanId=332582,5.5429,584.4293711714502,4216.0
scanId=332582,5.5429,584.4432929754948,2902.0
scanId=332582,5.5429,584.4572148966694,2053.0
scanId=332582,5.5429,584.4711370323436,1595.0
scanId=332582,5.5429,584.4850592851467,1260.0
scanId=332582,5.5429,584.4989817524505,1148.0
scanId=332582,5.5429,584.512904336882,1380.0
scanId=332582,5.5429,584.5268271358158,1642.0
scanId=332582,5.5429,584.5407500518758,1918.0
scanId=332582,5.5429,584.5546731824392,1919.0
scanId=332582,5.5429,584.5685964301277,1587.0
scanId=332582,5.5429,584.5825198923208,1154.0
scanId=332582,5.5429,584.8053174486685,1065.0
scanId=332582,5.5429,584.819243681014,2898.0
scanId=332582,5.5429,584.8331701278738,5737.0
scanId=332582,5.5429,584.847096691848,7347.0
scanId=332582,5.5429,584.8610234703375,6496.0
scanId=332582,5.5429,584.8749503659401,4733.0
scanId=332582,5.5429,584.8888774760591,3269.0
scanId=332582,5.5429,584.9028047032906,2290.0
scanId=332582,5.5429,584.9167321450391,1616.0
scanId=332582,5.5429,584.9306597038991,1337.0
scanId=332582,5.5429,584.9445874772773,1055.0
scanId=332582,5.5429,585.3346317707234,1512.0
scanId=332582,5.5429,585.3485643040116,1870.0
scanId=332582,5.5429,585.3624970518347,1812.0
scanId=332582,5.5429,585.3764299167515,1417.0
scanId=332582,5.5429,585.390362996204,1035.0
scanId=332582,5.5429,594.2853744258645,3127.0
scanId=332582,5.5429,594.2994130802989,14628.0
scanId=332582,5.5429,594.3134519496085,36416.0
scanId=332582,5.5429,594.3274909356717,56657.0
scanId=332582,5.5429,594.3415301366109,60879.0
scanId=332582,5.5429,594.3555694543028,49694.0
scanId=332582,5.5429,594.3696089868715,35124.0
scanId=332582,5.5429,594.383648636192,24146.0
scanId=332582,5.5429,594.3976885003904,16609.0
scanId=332582,5.5429,594.4117284813394,11147.0
scanId=332582,5.5429,594.4257686771674,7416.0
scanId=332582,5.5429,594.4398089897452,4839.0
scanId=332582,5.5429,594.4538495172028,3174.0
scanId=332582,5.5429,594.4678901614092,2241.0
scanId=332582,5.5429,594.4819310204965,1668.0
scanId=332582,5.5429,594.4959719963313,1298.0
scanId=332582,5.5429,594.5100131870483,1004.0
scanId=332582,5.5429,594.7908713317711,4448.0
scanId=332582,5.5429,594.8049159555205,15503.0
scanId=332582,5.5429,594.8189607941638,32505.0
scanId=332582,5.5429,594.8330057495417,45686.0
scanId=332582,5.5429,594.8470509198146,45158.0
scanId=332582,5.5429,594.8610962068215,34821.0
scanId=332582,5.5429,594.8751417087237,23990.0
scanId=332582,5.5429,594.8891873273592,16402.0
scanId=332582,5.5429,594.9032331608912,11324.0
scanId=332582,5.5429,594.9172791111553,7778.0
scanId=332582,5.5429,594.9313252763169,5264.0
scanId=332582,5.5429,594.9453715582094,3465.0
scanId=332582,5.5429,594.9594180550008,2364.0
scanId=332582,5.5429,594.9734646685221,1760.0
scanId=332582,5.5429,594.9875114969431,1424.0
scanId=332582,5.5429,595.0015584420928,1102.0
scanId=332582,5.5429,595.296583133352,3088.0
scanId=332582,5.5429,595.3106337264164,9108.0
scanId=332582,5.5429,595.3246845343932,17252.0
scanId=332582,5.5429,595.3387354590864,21440.0
scanId=332582,5.5429,595.3527865986929,19105.0
scanId=332582,5.5429,595.3668378550145,14122.0
scanId=332582,5.5429,595.3808893262504,9966.0
scanId=332582,5.5429,595.3949409142009,7010.0
scanId=332582,5.5429,595.4089927170664,4956.0
scanId=332582,5.5429,595.4230446366455,3446.0
scanId=332582,5.5429,595.4370967711408,2486.0
scanId=332582,5.5429,595.4511490223484,1731.0
scanId=332582,5.5429,595.4652014884733,1116.0
scanId=332582,5.5429,595.8025098306081,2487.0
scanId=332582,5.5429,595.8165663929875,5363.0
scanId=332582,5.5429,595.830623170298,7994.0
scanId=332582,5.5429,595.8446800643061,8470.0
scanId=332582,5.5429,595.8587371732463,7339.0
scanId=332582,5.5429,595.8727943988829,5526.0
scanId=332582,5.5429,595.8868518394526,3887.0
scanId=332582,5.5429,595.900909396718,2771.0
scanId=332582,5.5429,595.9149671689173,2117.0
scanId=332582,5.5429,595.9290250578113,1650.0
scanId=332582,5.5429,595.9430831616402,1245.0
scanId=332582,5.5429,596.3227139552348,1461.0
scanId=332582,5.5429,596.3367767018789,1872.0
scanId=332582,5.5429,596.3508395652021,1764.0
scanId=332582,5.5429,596.3649026434757,1340.0
scanId=332582,5.5429,602.3001777028314,1009.0
scanId=332582,5.5429,602.3143107549604,1572.0
scanId=332582,5.5429,602.3284439235538,1871.0
scanId=332582,5.5429,602.3425773073124,1591.0
scanId=332582,5.5429,602.3567108075346,1144.0
scanId=332582,5.5429,603.318179501565,1004.0
scanId=332582,5.5429,603.3323244923613,1022.0
scanId=332582,5.5429,603.3464695995863,1042.0
scanId=332582,5.5429,605.2717522690092,1036.0
scanId=332582,5.5429,605.2859201422507,7212.0
scanId=332582,5.5429,605.3000881318535,22985.0
scanId=332582,5.5429,605.3142563367247,41281.0
scanId=332582,5.5429,605.328424657956,48993.0
scanId=332582,5.5429,605.3425931944571,42147.0
scanId=332582,5.5429,605.3567618473171,30337.0
scanId=332582,5.5429,605.3709307154477,20557.0
scanId=332582,5.5429,605.3850996999364,13882.0
scanId=332582,5.5429,605.3992688996967,9657.0
scanId=332582,5.5429,605.413438215814,6831.0
scanId=332582,5.5429,605.427607747204,4719.0
scanId=332582,5.5429,605.44177739495,3196.0
scanId=332582,5.5429,605.4559472579693,2254.0
scanId=332582,5.5429,605.4701172373442,1626.0
scanId=332582,5.5429,605.4842874319933,1322.0
scanId=332582,5.5429,605.7818992787297,3689.0
scanId=332582,5.5429,605.7960731213049,12617.0
scanId=332582,5.5429,605.8102470802237,26260.0
scanId=332582,5.5429,605.8244212544286,35573.0
scanId=332582,5.5429,605.838595544976,33741.0
scanId=332582,5.5429,605.8527700508106,25763.0
scanId=332582,5.5429,605.8669446729866,17860.0
scanId=332582,5.5429,605.8811195104508,11945.0
scanId=332582,5.5429,605.8952944642556,8088.0
scanId=332582,5.5429,605.9094696333494,5583.0
scanId=332582,5.5429,605.9236449187829,3910.0
scanId=332582,5.5429,605.9378204195062,2750.0
scanId=332582,5.5429,605.9519960365684,1965.0
scanId=332582,5.5429,605.9661718689215,1440.0
scanId=332582,5.5429,605.9803478176124,1124.0
scanId=332582,5.5429,606.2922611841445,3570.0
scanId=332582,5.5429,606.3064409960533,9397.0
scanId=332582,5.5429,606.320620924288,15060.0
scanId=332582,5.5429,606.3348010678267,16223.0
scanId=332582,5.5429,606.3489813276902,13335.0
scanId=332582,5.5429,606.3631618028584,9515.0
scanId=332582,5.5429,606.3773423943505,6739.0
scanId=332582,5.5429,606.3915232011485,4882.0
scanId=332582,5.5429,606.4057041242693,3522.0
scanId=332582,5.5429,606.4198852626968,2437.0
scanId=332582,5.5429,606.4340665174464,1711.0
scanId=332582,5.5429,606.4482479875034,1256.0
scanId=332582,5.5429,606.8028379852548,1880.0
scanId=332582,5.5429,606.8170237664972,3540.0
scanId=332582,5.5429,606.8312096640481,4177.0
scanId=332582,5.5429,606.8453957769202,3732.0
scanId=332582,5.5429,606.8595820060999,2991.0
scanId=332582,5.5429,606.8737684506018,2282.0
scanId=332582,5.5429,606.8879550114101,1821.0
scanId=332582,5.5429,606.9021417875416,1375.0
scanId=332582,5.5429,606.9163286799785,1038.0
scanId=332582,5.5429,607.3278214326373,1003.0
scanId=332582,5.5429,607.3420132995044,1315.0
scanId=332582,5.5429,607.3562053817102,1297.0
scanId=332582,5.5429,607.3703975802061,1056.0
scanId=332582,5.5429,607.8388339944746,1000.0
scanId=332582,5.5429,609.5579789589968,1034.0
scanId=332582,5.5429,613.3030059421629,1481.0
scanId=332582,5.5429,613.3172674510568,2069.0
scanId=332582,5.5429,613.331529175488,1910.0
scanId=332582,5.5429,613.3457910160104,1390.0
scanId=332582,5.5429,613.8022582584065,1039.0
scanId=332582,5.5429,613.8165256205417,1362.0
scanId=332582,5.5429,613.8307930987525,1205.0
scanId=332582,5.5429,614.3159868631618,1022.0
scanId=332582,5.5429,625.3267233667776,1081.0
scanId=332582,5.5429,625.3411240440303,1515.0
scanId=332582,5.5429,625.3555248370003,1553.0
scanId=332582,5.5429,625.3699258458827,1284.0
scanId=332582,5.5429,626.3063454423377,1152.0
scanId=332582,5.5429,626.3207573949985,1486.0
scanId=332582,5.5429,626.3351694633476,1453.0
scanId=332582,5.5429,626.3495817476379,1310.0
scanId=332582,5.5429,626.3639941476159,1064.0
scanId=332582,5.5429,626.8108615930176,1258.0
scanId=332582,5.5429,626.8252792990564,1300.0
scanId=332582,5.5429,626.8396972210508,1176.0
scanId=332582,5.5429,634.2869458996784,2286.0
scanId=332582,5.5429,634.3014493821213,3387.0
scanId=332582,5.5429,634.3159529800263,3511.0
scanId=332582,5.5429,634.3304567940988,2770.0
scanId=332582,5.5429,634.3449607236327,1966.0
scanId=332582,5.5429,634.3594648693347,1423.0
scanId=332582,5.5429,634.3739691304976,1079.0
scanId=332582,5.5429,634.7801564687477,1569.0
scanId=332582,5.5429,634.7946655888946,2911.0
scanId=332582,5.5429,634.8091748244901,3275.0
scanId=332582,5.5429,634.8236842762666,2963.0
scanId=332582,5.5429,634.8381938434909,2459.0
scanId=332582,5.5429,634.8527036268971,1920.0
scanId=332582,5.5429,634.8672135257502,1374.0
scanId=332582,5.5429,635.2880734773751,1803.0
scanId=332582,5.5429,635.302588350661,2477.0
scanId=332582,5.5429,635.3171034401415,2236.0
scanId=332582,5.5429,635.3316186450566,1618.0
scanId=332582,5.5429,635.3461340661667,1151.0
scanId=332582,5.5429,635.7961935585402,1118.0
scanId=332582,5.5429,635.8107142857247,1147.0
scanId=332582,5.5429,636.2899904481283,1044.0
scanId=332582,5.5429,636.3045168130168,1273.0
scanId=332582,5.5429,636.319043293313,1149.0
scanId=332582,5.5429,639.2713572927184,1823.0
scanId=332582,5.5429,639.2859175991605,5972.0
scanId=332582,5.5429,639.3004781219022,12974.0
scanId=332582,5.5429,639.315038759973,19201.0
scanId=332582,5.5429,639.3295996143445,19289.0
scanId=332582,5.5429,639.3441605840443,14893.0
scanId=332582,5.5429,639.3587217700453,10534.0
scanId=332582,5.5429,639.373283071374,7419.0
scanId=332582,5.5429,639.3878445890048,5195.0
scanId=332582,5.5429,639.4024062219621,3592.0
scanId=332582,5.5429,639.4169680712226,2464.0
scanId=332582,5.5429,639.4315300358089,1691.0
scanId=332582,5.5429,639.4460922166991,1124.0
scanId=332582,5.5429,639.781067536136,3519.0
scanId=332582,5.5429,639.7956336965818,9926.0
scanId=332582,5.5429,639.8101999723439,16990.0
scanId=332582,5.5429,639.8247664644192,19552.0
scanId=332582,5.5429,639.8393330718102,16645.0
scanId=332582,5.5429,639.8538998955153,11911.0
scanId=332582,5.5429,639.8684668345351,8054.0
scanId=332582,5.5429,639.8830339898697,5594.0
scanId=332582,5.5429,639.8976012605184,3864.0
scanId=332582,5.5429,639.9121687474827,2598.0
scanId=332582,5.5429,639.9267363497601,1773.0
scanId=332582,5.5429,639.9413041683542,1359.0
scanId=332582,5.5429,639.9558721022606,1072.0
scanId=332582,5.5429,640.290980952979,2443.0
scanId=332582,5.5429,640.305552866432,5040.0
scanId=332582,5.5429,640.3201249962115,7177.0
scanId=332582,5.5429,640.3346972412935,7289.0
scanId=332582,5.5429,640.3492697027025,5813.0
scanId=332582,5.5429,640.3638422794135,4133.0
scanId=332582,5.5429,640.3784150724522,2904.0
scanId=332582,5.5429,640.3929879807921,2036.0
scanId=332582,5.5429,640.4075611054604,1421.0
scanId=332582,5.5429,640.4221343454292,1066.0
scanId=332582,5.5429,640.8010974422386,1546.0
scanId=332582,5.5429,640.8156752097221,2149.0
scanId=332582,5.5429,640.8302530924954,2269.0
scanId=332582,5.5429,640.8448311916084,1876.0
scanId=332582,5.5429,640.8594094060106,1333.0
scanId=332582,5.5429,647.304573584245,1604.0
scanId=332582,5.5429,647.3192250886392,1797.0
scanId=332582,5.5429,647.3338768095336,1508.0
scanId=332582,5.5429,647.3485286455567,1108.0
scanId=332582,5.5429,647.7735047798942,2684.0
scanId=332582,5.5429,647.7881615903515,6593.0
scanId=332582,5.5429,647.8028186173203,10117.0
scanId=332582,5.5429,647.8174757594066,10902.0
scanId=332582,5.5429,647.8321331180051,8952.0
scanId=332582,5.5429,647.8467905917204,6363.0
scanId=332582,5.5429,647.8614482819485,4425.0
scanId=332582,5.5429,647.8761060872927,3059.0
scanId=332582,5.5429,647.8907641091502,2096.0
scanId=332582,5.5429,647.9054222461235,1494.0
scanId=332582,5.5429,647.9200805996107,1042.0
scanId=332582,5.5429,648.2865926674573,2675.0
scanId=332582,5.5429,648.30125533213,5380.0
scanId=332582,5.5429,648.3159181119087,6812.0
scanId=332582,5.5429,648.330581108211,6163.0
scanId=332582,5.5429,648.3452442196185,4466.0
scanId=332582,5.5429,648.3599075475506,3149.0
scanId=332582,5.5429,648.374570990587,2234.0
scanId=332582,5.5429,648.3892346501485,1528.0
scanId=332582,5.5429,648.4038984248141,1032.0
scanId=332582,5.5429,648.7852154262987,1353.0
scanId=332582,5.5429,648.7998837286755,3076.0
scanId=332582,5.5429,648.8145521461462,4774.0
scanId=332582,5.5429,648.8292207801526,4734.0
scanId=332582,5.5429,648.8438895292524,3545.0
scanId=332582,5.5429,648.8585584948884,2444.0
scanId=332582,5.5429,648.8732275756171,1761.0
scanId=332582,5.5429,648.8878968728828,1249.0
scanId=332582,5.5429,649.2987038069574,1357.0
scanId=332582,5.5429,649.3133778621204,2161.0
scanId=332582,5.5429,649.3280521338307,2201.0
scanId=332582,5.5429,649.3427265206229,1715.0
scanId=332582,5.5429,649.3574011239629,1288.0
scanId=332582,5.5429,654.2974470855326,1273.0
scanId=332582,5.5429,654.3121775176226,1559.0
scanId=332582,5.5429,654.3269081663726,1466.0
scanId=332582,5.5429,654.3416389300917,1157.0
scanId=332582,5.5429,654.8278480192273,1109.0
scanId=332582,5.5429,655.7713136193838,1056.0
scanId=332582,5.5429,655.7860606329244,2055.0
scanId=332582,5.5429,655.8008078631566,2730.0
scanId=332582,5.5429,655.815555208326,2748.0
scanId=332582,5.5429,655.8303027701879,2260.0
scanId=332582,5.5429,655.8450504469865,1653.0
scanId=332582,5.5429,655.859798340478,1114.0
scanId=332582,5.5429,656.2875586179314,1632.0
scanId=332582,5.5429,656.3023114858676,2106.0
scanId=332582,5.5429,656.3170644687305,1884.0
scanId=332582,5.5429,656.3318176682963,1365.0
scanId=332582,5.5429,656.7892482846919,1354.0
scanId=332582,5.5429,656.804006790332,1597.0
scanId=332582,5.5429,656.8187654108881,1391.0
scanId=332582,5.5429,656.8335242481578,1038.0
scanId=332582,5.5429,657.2911296332068,1076.0
scanId=332582,5.5429,657.3058937765511,1170.0
scanId=332582,5.5429,657.3206580348004,1102.0
scanId=332582,5.5429,657.3354225097743,1040.0
scanId=332582,5.5429,657.3501870996528,1027.0
scanId=332582,5.5429,660.2768476504868,1182.0
scanId=332582,5.5429,660.2916452884251,2389.0
scanId=332582,5.5429,660.3064430412073,2837.0
scanId=332582,5.5429,660.3212410107753,2525.0
scanId=332582,5.5429,660.3360390951865,1931.0
scanId=332582,5.5429,660.3508373963841,1451.0
scanId=332582,5.5429,660.3656358124243,1088.0
scanId=332582,5.5429,660.7948627715606,1643.0
scanId=332582,5.5429,660.8096661620367,2065.0
scanId=332582,5.5429,660.8244697693086,1868.0
scanId=332582,5.5429,660.8392734914137,1331.0
scanId=332582,5.5429,661.2982719364599,1664.0
scanId=332582,5.5429,661.3130809646299,2514.0
scanId=332582,5.5429,661.3278902096058,2901.0
scanId=332582,5.5429,661.3426995694048,2573.0
scanId=332582,5.5429,661.3575091460103,1976.0
scanId=332582,5.5429,661.3723188374386,1502.0
scanId=332582,5.5429,661.3871287456737,1114.0
scanId=332582,5.5429,661.8166874489881,1500.0
scanId=332582,5.5429,661.8315023316679,2038.0
scanId=332582,5.5429,661.8463173291611,1954.0
scanId=332582,5.5429,661.8611325434706,1496.0
scanId=332582,5.5429,661.8759478725927,1050.0
scanId=332582,5.5429,663.4473157976865,1074.0
scanId=332582,5.5429,663.4621489199969,1168.0
scanId=332582,5.5429,663.4769821570889,1076.0
scanId=332582,5.5429,665.273030836406,1616.0
scanId=332582,5.5429,665.2878843028719,2679.0
scanId=332582,5.5429,665.3027379862203,3125.0
scanId=332582,5.5429,665.3175917843153,2826.0
scanId=332582,5.5429,665.3324457992933,2289.0
scanId=332582,5.5429,665.3472999290173,1769.0
scanId=332582,5.5429,665.3621542756249,1429.0
scanId=332582,5.5429,665.3770087369779,1179.0
scanId=332582,5.5429,665.7781425864359,1431.0
scanId=332582,5.5429,665.7930016905964,2226.0
scanId=332582,5.5429,665.8078610116488,2445.0
scanId=332582,5.5429,665.8227204474382,2034.0
scanId=332582,5.5429,665.8375801001202,1402.0
scanId=332582,5.5429,668.2768024242968,1356.0
scanId=332582,5.5429,668.2916893853019,1621.0
scanId=332582,5.5429,668.3065765632444,1567.0
scanId=332582,5.5429,668.3214638558786,1387.0
scanId=332582,5.5429,668.336351365451,1102.0
scanId=332582,5.5429,668.7830529895998,1552.0
scanId=332582,5.5429,668.7979455883,2009.0
scanId=332582,5.5429,668.8128384039464,1922.0
scanId=332582,5.5429,668.8277313342755,1550.0
scanId=332582,5.5429,668.842624481552,1184.0
scanId=332582,5.5429,669.2894952366856,1413.0
scanId=332582,5.5429,669.304393473081,1862.0
scanId=332582,5.5429,669.3192919264314,1650.0
scanId=332582,5.5429,669.3341904944558,1181.0
scanId=332582,5.5429,672.3023103578292,1104.0
scanId=332582,5.5429,672.3172420887671,1147.0
scanId=332582,5.5429,673.273219401509,1011.0
scanId=332582,5.5429,673.2881619616023,2042.0
scanId=332582,5.5429,673.3031046363022,3139.0
scanId=332582,5.5429,673.3180475280253,3479.0
scanId=332582,5.5429,673.3329905343545,2899.0
scanId=332582,5.5429,673.3479337577072,2067.0
scanId=332582,5.5429,673.3628770956653,1444.0
scanId=332582,5.5429,673.3778206506479,1046.0
scanId=332582,5.5429,673.7813585961937,1038.0
scanId=332582,5.5429,673.7963067939911,2094.0
scanId=332582,5.5429,673.8112551063869,2665.0
scanId=332582,5.5429,673.8262036358138,2327.0
scanId=332582,5.5429,673.8411522798388,1798.0
scanId=332582,5.5429,673.8561011408955,1304.0
scanId=332582,5.5429,674.3195972582668,1321.0
scanId=332582,5.5429,674.3345514253978,1199.0
scanId=332582,5.5429,676.2650260119644,2104.0
scanId=332582,5.5429,676.2800017350223,3469.0
scanId=332582,5.5429,676.2949775726393,3862.0
scanId=332582,5.5429,676.309953627327,3385.0
scanId=332582,5.5429,676.3249297965731,2634.0
scanId=332582,5.5429,676.3399061828906,1921.0
scanId=332582,5.5429,676.3548826837657,1267.0
scanId=332582,5.5429,676.7742927466401,2115.0
scanId=332582,5.5429,676.789274107402,3121.0
scanId=332582,5.5429,676.8042555827152,3349.0
scanId=332582,5.5429,676.8192372751067,2853.0
scanId=332582,5.5429,676.834219082049,2078.0
scanId=332582,5.5429,676.8492011060703,1440.0
scanId=332582,5.5429,677.2687643817382,1504.0
scanId=332582,5.5429,677.2837511631184,2499.0
scanId=332582,5.5429,677.2987381615843,2727.0
scanId=332582,5.5429,677.3137252745937,2197.0
scanId=332582,5.5429,677.3287126046893,1525.0
scanId=332582,5.5429,677.3437000493279,1044.0
scanId=332582,5.5429,677.7784088423244,1023.0
scanId=332582,5.5429,677.7934012614011,1426.0
scanId=332582,5.5429,677.8083938975709,1333.0
scanId=332582,5.5429,677.8233866482767,1045.0
scanId=332582,5.5429,682.3136635910722,1004.0
scanId=332582,5.5429,682.3287060861605,1214.0
scanId=332582,5.5429,682.3437487984068,1128.0
scanId=332582,5.5429,685.4159240455004,1381.0
scanId=332582,5.5429,685.4310006984015,1709.0
scanId=332582,5.5429,685.4460775685014,1568.0
scanId=332582,5.5429,685.4611545530317,1161.0
scanId=332582,5.5429,689.79510930382,1010.0
scanId=332582,5.5429,690.2791840236314,1163.0
scanId=332582,5.5429,690.2943140688478,1181.0
scanId=332582,5.5429,694.2944529959545,1139.0
scanId=332582,5.5429,694.3096270335404,1231.0
scanId=332582,5.5429,694.7952829627486,1218.0
scanId=332582,5.5429,694.8104624207358,1225.0
scanId=332582,5.5429,694.8256420960257,1028.0
scanId=332582,5.5429,702.2988780983715,1110.0
scanId=332582,5.5429,702.3141393545544,1009.0
scanId=332582,5.5429,702.8178529543012,1025.0
scanId=332582,5.5429,703.275931127006,1107.0
scanId=332582,5.5429,703.2912029953375,1274.0
scanId=332582,5.5429,703.3064749779255,1235.0
scanId=332582,5.5429,710.7789994170386,1278.0
scanId=332582,5.5429,710.794352534633,1278.0
scanId=332582,5.5429,715.2999502136378,1393.0
scanId=332582,5.5429,715.3153520807901,1512.0
scanId=332582,5.5429,715.3307540621414,1182.0
scanId=332582,5.5429,723.7805039960423,1213.0
scanId=332582,5.5429,723.7959968439058,1297.0
scanId=332582,5.5429,723.8114899092106,1084.0
scanId=332582,5.5429,724.2763581978498,1073.0
scanId=332582,5.5429,724.2918563517878,1139.0
scanId=332582,5.5429,728.7933250363452,1004.0
scanId=332582,5.5429,728.808871494023,1097.0
scanId=332582,5.5429,736.2590485757752,1129.0
scanId=332582,5.5429,736.2746744071565,1244.0
scanId=332582,5.5429,736.2903004559491,1225.0
scanId=332582,5.5429,736.3059266189601,1066.0
scanId=332582,5.5429,736.4934538182308,1259.0
scanId=332582,5.5429,736.5090821884311,3421.0
scanId=332582,5.5429,736.5247106728508,5828.0
scanId=332582,5.5429,736.5403393746806,6673.0
scanId=332582,5.5429,736.5559681907299,5653.0
scanId=332582,5.5429,736.5715972241894,4025.0
scanId=332582,5.5429,736.5872263718687,2733.0
scanId=332582,5.5429,736.6028557369578,1812.0
scanId=332582,5.5429,736.6184852162669,1190.0
scanId=332582,5.5429,736.7904207420162,1230.0
scanId=332582,5.5429,736.806052211104,1102.0
scanId=332582,5.5429,737.5096411250981,1305.0
scanId=332582,5.5429,737.5252802216712,2466.0
scanId=332582,5.5429,737.5409195356499,3518.0
scanId=332582,5.5429,737.5565589638527,3389.0
scanId=332582,5.5429,737.5721986094611,2482.0
scanId=332582,5.5429,737.5878383692936,1657.0
scanId=332582,5.5429,737.6034783465317,1160.0
scanId=332582,5.5429,738.5108792394427,1152.0
scanId=332582,5.5429,738.5265289481698,1481.0
scanId=332582,5.5429,738.5421788742971,1596.0
scanId=332582,5.5429,738.557828914654,1372.0
scanId=332582,5.5429,738.5734791724109,1028.0
scanId=332582,5.5429,764.5107509025485,1182.0
scanId=332582,5.5429,764.526673759874,4576.0
scanId=332582,5.5429,764.542596731699,11402.0
scanId=332582,5.5429,764.5585199206542,18085.0
scanId=332582,5.5429,764.5744432241092,20339.0
scanId=332582,5.5429,764.5903667446942,17586.0
scanId=332582,5.5429,764.6062903797794,12920.0
scanId=332582,5.5429,764.6222142319939,8703.0
scanId=332582,5.5429,764.6381381987092,5658.0
scanId=332582,5.5429,764.6540623825532,3730.0
scanId=332582,5.5429,764.6699866808988,2405.0
scanId=332582,5.5429,764.6859111963724,1486.0
scanId=332582,5.5429,765.5301464122177,2859.0
scanId=332582,5.5429,765.5460798816918,6154.0
scanId=332582,5.5429,765.5620134656815,9640.0
scanId=332582,5.5429,765.5779472667853,10799.0
scanId=332582,5.5429,765.5938811824049,9210.0
scanId=332582,5.5429,765.6098153151382,6688.0
scanId=332582,5.5429,765.6257495623883,4430.0
scanId=332582,5.5429,765.6416840267512,2898.0
scanId=332582,5.5429,765.6576186056312,1921.0
scanId=332582,5.5429,765.6735534016241,1241.0
scanId=332582,5.5429,766.5342772353914,1198.0
scanId=332582,5.5429,766.5502210999158,2363.0
scanId=332582,5.5429,766.5661651815387,3343.0
scanId=332582,5.5429,766.5821093776931,3483.0
scanId=332582,5.5429,766.5980537909456,2796.0
scanId=332582,5.5429,766.6139983187302,1989.0
scanId=332582,5.5429,766.6299430636122,1412.0
scanId=332582,5.5429,766.6458879230273,1104.0
scanId=332582,5.5429,785.6409543490342,1601.0
scanId=332582,5.5429,785.657095750296,1999.0
scanId=332582,5.5429,785.6732372664718,1953.0
scanId=332582,5.5429,785.6893789993635,1509.0
scanId=332582,5.5429,785.7055208471699,1089.0
scanId=332582,5.5429,797.6471753573041,1002.0
scanId=332582,5.5429,797.6634395767659,1182.0
scanId=332582,5.5429,797.6797040126261,1010.0
scanId=332582,5.5429,829.7273101369739,1086.0
scanId=332582,5.5429,943.526988061361,1413.0
scanId=332582,5.5429,943.5446771781784,2254.0
scanId=332582,5.5429,943.5623664194784,2913.0
scanId=332582,5.5429,943.5800558679256,2968.0
scanId=332582,5.5429,943.5977454408592,2397.0
scanId=332582,5.5429,943.6154352209358,1658.0
scanId=332582,5.5429,943.6331251255024,1119.0
scanId=332582,5.5429,944.535531204468,1248.0
scanId=332582,5.5429,944.5532297314988,1437.0
scanId=332582,5.5429,944.570928465576,1608.0
scanId=332582,5.5429,944.5886273242396,1552.0
scanId=332582,5.5429,944.6063263899466,1183.0
scanId=332582,5.5429,965.5172664634556,1421.0
scanId=332582,5.5429,965.535160527394,2119.0
scanId=332582,5.5429,965.5530547181726,2487.0
scanId=332582,5.5429,965.5709491137404,2130.0
scanId=332582,5.5429,965.5888436361528,1512.0
scanId=332582,5.5429,966.5195883090762,1089.0
scanId=332582,5.5429,966.5374916586444,1264.0
scanId=332582,5.5429,966.5553951351671,1239.0
scanId=332582,5.5429,966.5732988163652,1070.0
scanId=332582,5.5429,1039.5890747608598,1073.0
scanId=332582,5.5429,1039.6076425014649,1226.0
scanId=332582,5.5429,1039.6262104368425,1231.0
scanId=332582,5.5429,1039.6447785090827,1123.0
scanId=332582,5.5429,1079.627890796654,1083.0
scanId=332582,5.5429,1079.646812724534,1100.0
scanId=332582,5.5429,1165.5505835881092,1335.0
scanId=332582,5.5429,1165.5702440733096,4792.0
scanId=332582,5.5429,1165.589904728369,30474.0
scanId=332582,5.5429,1165.6095655452084,130954.0
scanId=332582,5.5429,1165.6292265318978,347994.0
scanId=332582,5.5429,1165.6488876803758,638465.0
scanId=332582,5.5429,1165.6685489986949,853981.0
scanId=332582,5.5429,1165.6882104788124,911095.0
scanId=332582,5.5429,1165.707872128761,791698.0
scanId=332582,5.5429,1165.7275339405169,652041.0
scanId=332582,5.5429,1165.7471959220952,468586.0
scanId=332582,5.5429,1165.7668580654909,331078.0
scanId=332582,5.5429,1165.7865203786985,233403.0
scanId=332582,5.5429,1165.806182853733,164179.0
scanId=332582,5.5429,1165.8258454985707,115060.0
scanId=332582,5.5429,1165.8455083052445,80446.0
scanId=332582,5.5429,1165.8651712817111,56795.0
scanId=332582,5.5429,1165.884834420024,41097.0
scanId=332582,5.5429,1165.9044977281208,30597.0
scanId=332582,5.5429,1165.9241611980726,22796.0
scanId=332582,5.5429,1165.9438248377987,17054.0
scanId=332582,5.5429,1165.9634886393892,12831.0
scanId=332582,5.5429,1165.9831526107455,9911.0
scanId=332582,5.5429,1166.0028167439748,8164.0
scanId=332582,5.5429,1166.0224810469608,7059.0
scanId=332582,5.5429,1166.0421455118296,6852.0
scanId=332582,5.5429,1166.0618101464452,7397.0
scanId=332582,5.5429,1166.0814749429526,7586.0
scanId=332582,5.5429,1166.101139909198,7246.0
scanId=332582,5.5429,1166.1208050373446,6783.0
scanId=332582,5.5429,1166.1404703352189,6494.0
scanId=332582,5.5429,1166.160135795005,6266.0
scanId=332582,5.5429,1166.1798014245096,6022.0
scanId=332582,5.5429,1166.1994672159344,5942.0
scanId=332582,5.5429,1166.2191331770682,5771.0
scanId=332582,5.5429,1166.238799300132,5673.0
scanId=332582,5.5429,1166.258465592896,5691.0
scanId=332582,5.5429,1166.2781320475992,5741.0
scanId=332582,5.5429,1166.2977986719925,5498.0
scanId=332582,5.5429,1166.3174654583345,5108.0
scanId=332582,5.5429,1166.3371324143573,4870.0
scanId=332582,5.5429,1166.3567995323383,5326.0
scanId=332582,5.5429,1166.376466819991,5897.0
scanId=332582,5.5429,1166.3961342696111,6174.0
scanId=332582,5.5429,1166.4158018888936,6039.0
scanId=332582,5.5429,1166.4354696701523,5779.0
scanId=332582,5.5429,1166.4551376210643,5607.0
scanId=332582,5.5429,1166.4748057339627,5487.0
scanId=332582,5.5429,1166.494474016504,5386.0
scanId=332582,5.5429,1166.5141424610415,5652.0
scanId=332582,5.5429,1166.5338110752127,6098.0
scanId=332582,5.5429,1166.5534798513893,6535.0
scanId=332582,5.5429,1166.5731487971898,10123.0
scanId=332582,5.5429,1166.5928179050054,33170.0
scanId=332582,5.5429,1166.612487182436,120351.0
scanId=332582,5.5429,1166.6321566218908,304077.0
scanId=332582,5.5429,1166.6518262309503,544244.0
scanId=332582,5.5429,1166.6714960020445,741739.0
scanId=332582,5.5429,1166.6911659427342,758217.0
scanId=332582,5.5429,1166.7108360454663,705658.0
scanId=332582,5.5429,1166.7305063177862,545057.0
scanId=332582,5.5429,1166.7501767521578,393700.0
scanId=332582,5.5429,1166.769847356107,278413.0
scanId=332582,5.5429,1166.7895181221177,196837.0
scanId=332582,5.5429,1166.8091890576964,139322.0
scanId=332582,5.5429,1166.8288601553463,98416.0
scanId=332582,5.5429,1166.8485314225543,70490.0
scanId=332582,5.5429,1166.8682028518435,50964.0
scanId=332582,5.5429,1166.8878744506817,38171.0
scanId=332582,5.5429,1166.9075462116098,29226.0
scanId=332582,5.5429,1166.927218142077,23119.0
scanId=332582,5.5429,1166.9468902346443,19204.0
scanId=332582,5.5429,1166.9665624967415,15796.0
scanId=332582,5.5429,1166.9862349209482,13296.0
scanId=332582,5.5429,1167.0059075146746,11498.0
scanId=332582,5.5429,1167.02558027052,10330.0
scanId=332582,5.5429,1167.0452531958765,10181.0
scanId=332582,5.5429,1167.0649262833608,10143.0
scanId=332582,5.5429,1167.0845995403472,10194.0
scanId=332582,5.5429,1167.1042729594706,10221.0
scanId=332582,5.5429,1167.1239465480865,10166.0
scanId=332582,5.5429,1167.1436202988486,9697.0
scanId=332582,5.5429,1167.1632942190945,9182.0
scanId=332582,5.5429,1167.182968301496,8879.0
scanId=332582,5.5429,1167.2026425533709,8654.0
scanId=332582,5.5429,1167.2223169674116,8838.0
scanId=332582,5.5429,1167.2419915509165,8646.0
scanId=332582,5.5429,1167.2616662965966,8419.0
scanId=332582,5.5429,1167.2813412117307,8287.0
scanId=332582,5.5429,1167.3010162890496,8087.0
scanId=332582,5.5429,1167.3206915358137,8280.0
scanId=332582,5.5429,1167.340366944772,8669.0
scanId=332582,5.5429,1167.3600425231652,8790.0
scanId=332582,5.5429,1167.3797182637625,8370.0
scanId=332582,5.5429,1167.3993941737858,8206.0
scanId=332582,5.5429,1167.4190702460216,8307.0
scanId=332582,5.5429,1167.438746487675,8190.0
scanId=332582,5.5429,1167.45842289155,8005.0
scanId=332582,5.5429,1167.478099464833,7575.0
scanId=332582,5.5429,1167.4977762003468,7478.0
scanId=332582,5.5429,1167.5174531052594,7575.0
scanId=332582,5.5429,1167.5371301724128,7334.0
scanId=332582,5.5429,1167.5568074089545,7487.0
scanId=332582,5.5429,1167.576484807747,8901.0
scanId=332582,5.5429,1167.5961623759188,18296.0
scanId=332582,5.5429,1167.6158401063503,54159.0
scanId=332582,5.5429,1167.6355180061512,128868.0
scanId=332582,5.5429,1167.655196068222,225941.0
scanId=332582,5.5429,1167.674874299653,306863.0
scanId=332582,5.5429,1167.694552693363,331001.0
scanId=332582,5.5429,1167.714231256423,289997.0
scanId=332582,5.5429,1167.733909981772,220520.0
scanId=332582,5.5429,1167.7535888764626,157461.0
scanId=332582,5.5429,1167.77326793345,110828.0
scanId=332582,5.5429,1167.7929471597702,77892.0
scanId=332582,5.5429,1167.8126265483972,54237.0
scanId=332582,5.5429,1167.8323061063468,38246.0
scanId=332582,5.5429,1167.8519858266127,27661.0
scanId=332582,5.5429,1167.871665716192,20702.0
scanId=332582,5.5429,1167.8913457680974,16377.0
scanId=332582,5.5429,1167.9110259893057,13718.0
scanId=332582,5.5429,1167.9307063728502,11711.0
scanId=332582,5.5429,1167.950386925689,10559.0
scanId=332582,5.5429,1167.9700676408725,9811.0
scanId=332582,5.5429,1167.9897485253402,9255.0
scanId=332582,5.5429,1168.0094295721628,8794.0
scanId=332582,5.5429,1168.0291107882606,8281.0
scanId=332582,5.5429,1168.0487921667225,7800.0
scanId=332582,5.5429,1168.0684737144495,7556.0
scanId=332582,5.5429,1168.0881554245505,7295.0
scanId=332582,5.5429,1168.1078373039077,6926.0
scanId=332582,5.5429,1168.1275193456472,6710.0
scanId=332582,5.5429,1168.147201556634,6483.0
scanId=332582,5.5429,1168.166883930013,6415.0
scanId=332582,5.5429,1168.1865664726297,6204.0
scanId=332582,5.5429,1168.2062491776471,5982.0
scanId=332582,5.5429,1168.225932051893,5869.0
scanId=332582,5.5429,1168.2456150885507,5912.0
scanId=332582,5.5429,1168.265298294426,6053.0
scanId=332582,5.5429,1168.2849816627224,6117.0
scanId=332582,5.5429,1168.3046652002276,6179.0
scanId=332582,5.5429,1168.3243489001634,6720.0
scanId=332582,5.5429,1168.344032769298,6948.0
scanId=332582,5.5429,1168.363716800873,6559.0
scanId=332582,5.5429,1168.3834010016374,6361.0
scanId=332582,5.5429,1168.4030853648508,6089.0
scanId=332582,5.5429,1168.422769897245,6068.0
scanId=332582,5.5429,1168.442454592098,5942.0
scanId=332582,5.5429,1168.4621394561218,5845.0
scanId=332582,5.5429,1168.481824482613,5917.0
scanId=332582,5.5429,1168.501509678267,5747.0
scanId=332582,5.5429,1168.5211950363982,5755.0
scanId=332582,5.5429,1168.5408805636814,5490.0
scanId=332582,5.5429,1168.5605662534513,5308.0
scanId=332582,5.5429,1168.5802521123642,5657.0
scanId=332582,5.5429,1168.5999381337738,8349.0
scanId=332582,5.5429,1168.6196243243155,18178.0
scanId=332582,5.5429,1168.6393106773642,39292.0
scanId=332582,5.5429,1168.6589971995363,66438.0
scanId=332582,5.5429,1168.678683884224,88287.0
scanId=332582,5.5429,1168.6983707380257,92988.0
scanId=332582,5.5429,1168.7180577543522,80120.0
scanId=332582,5.5429,1168.7377449397836,60888.0
scanId=332582,5.5429,1168.7574322877492,43578.0
scanId=332582,5.5429,1168.7771198048104,30979.0
scanId=332582,5.5429,1168.7968074844157,22061.0
scanId=332582,5.5429,1168.816495333106,16015.0
scanId=332582,5.5429,1168.8361833443498,11902.0
scanId=332582,5.5429,1168.8558715246702,9678.0
scanId=332582,5.5429,1168.875559867554,8049.0
scanId=332582,5.5429,1168.8952483795038,6696.0
scanId=332582,5.5429,1168.9149370540256,5748.0
scanId=332582,5.5429,1168.9346258976054,5018.0
scanId=332582,5.5429,1168.954314903767,4698.0
scanId=332582,5.5429,1168.974004078976,4638.0
scanId=332582,5.5429,1168.9936934167763,4860.0
scanId=332582,5.5429,1169.0133829236156,5044.0
scanId=332582,5.5429,1169.0330725930555,5261.0
scanId=332582,5.5429,1169.0527624315237,5210.0
scanId=332582,5.5429,1169.0724524326026,5110.0
scanId=332582,5.5429,1169.092142602701,4919.0
scanId=332582,5.5429,1169.1118329354188,4441.0
scanId=332582,5.5429,1169.1315234371466,4057.0
scanId=332582,5.5429,1169.151214101504,4034.0
scanId=332582,5.5429,1169.1709049348617,4006.0
scanId=332582,5.5429,1169.1905959308574,4049.0
scanId=332582,5.5429,1169.2102870958447,4077.0
scanId=332582,5.5429,1169.22997842348,4089.0
scanId=332582,5.5429,1169.2496699200972,3997.0
scanId=332582,5.5429,1169.2693615793714,4029.0
scanId=332582,5.5429,1169.289053407618,3965.0
scanId=332582,5.5429,1169.3087453985318,3805.0
scanId=332582,5.5429,1169.3284375584074,3686.0
scanId=332582,5.5429,1169.3481298809606,3627.0
scanId=332582,5.5429,1169.3678223724664,3492.0
scanId=332582,5.5429,1169.3875150266583,3378.0
scanId=332582,5.5429,1169.4072078497936,3261.0
scanId=332582,5.5429,1169.4269008356248,3281.0
scanId=332582,5.5429,1169.44659399039,3447.0
scanId=332582,5.5429,1169.4662873078598,3410.0
scanId=332582,5.5429,1169.4859807942546,3286.0
scanId=332582,5.5429,1169.5056744433643,3112.0
scanId=332582,5.5429,1169.5253682613886,3181.0
scanId=332582,5.5429,1169.545062242137,3244.0
scanId=332582,5.5429,1169.564756391791,3138.0
scanId=332582,5.5429,1169.5844507041788,3097.0
scanId=332582,5.5429,1169.6041451854626,3533.0
scanId=332582,5.5429,1169.6238398294893,5736.0
scanId=332582,5.5429,1169.6435346424023,10083.0
scanId=332582,5.5429,1169.6632296180687,16023.0
scanId=332582,5.5429,1169.6829247626113,21216.0
scanId=332582,5.5429,1169.7026200699163,21828.0
scanId=332582,5.5429,1169.7223155460892,18773.0
scanId=332582,5.5429,1169.7420111850338,14510.0
scanId=332582,5.5429,1169.7617069928356,10625.0
scanId=332582,5.5429,1169.7814029634194,7689.0
scanId=332582,5.5429,1169.8010991028511,5753.0
scanId=332582,5.5429,1169.8207954050736,4500.0
scanId=332582,5.5429,1169.840491876135,3681.0
scanId=332582,5.5429,1169.8601885099972,3257.0
scanId=332582,5.5429,1169.8798853126884,2978.0
scanId=332582,5.5429,1169.8995822781892,2583.0
scanId=332582,5.5429,1169.91927941251,2421.0
scanId=332582,5.5429,1169.9389767096504,2413.0
scanId=332582,5.5429,1169.958674175601,2393.0
scanId=332582,5.5429,1169.9783718043798,2330.0
scanId=332582,5.5429,1169.99806960196,2209.0
scanId=332582,5.5429,1170.0177675623788,2081.0
scanId=332582,5.5429,1170.037465691588,1965.0
scanId=332582,5.5429,1170.057163983646,1779.0
scanId=332582,5.5429,1170.0768624444854,1749.0
scanId=332582,5.5429,1170.0965610681824,1767.0
scanId=332582,5.5429,1170.1162598606509,1927.0
scanId=332582,5.5429,1170.1359588159871,1891.0
scanId=332582,5.5429,1170.1556579400858,1828.0
scanId=332582,5.5429,1170.1753572270609,1832.0
scanId=332582,5.5429,1170.195056682789,1941.0
scanId=332582,5.5429,1170.2147563014037,1964.0
scanId=332582,5.5429,1170.2344560887616,1838.0
scanId=332582,5.5429,1170.254156039015,1728.0
scanId=332582,5.5429,1170.273856158003,1705.0
scanId=332582,5.5429,1170.2935564398956,1809.0
scanId=332582,5.5429,1170.313256890513,1754.0
scanId=332582,5.5429,1170.3329575040443,1623.0
scanId=332582,5.5429,1170.3526582862912,1578.0
scanId=332582,5.5429,1170.3723592314627,1567.0
scanId=332582,5.5429,1170.392060345339,1486.0
scanId=332582,5.5429,1170.411761622149,1390.0
scanId=332582,5.5429,1170.4314630676554,1265.0
scanId=332582,5.5429,1170.451164676105,1286.0
scanId=332582,5.5429,1170.4708664532404,1274.0
scanId=332582,5.5429,1170.490568393329,1226.0
scanId=332582,5.5429,1170.5102705020947,1445.0
scanId=332582,5.5429,1170.5299727738225,1663.0
scanId=332582,5.5429,1170.5496752142176,1602.0
scanId=332582,5.5429,1170.5693778175846,1447.0
scanId=332582,5.5429,1170.5890805896097,1450.0
scanId=332582,5.5429,1170.608783524615,1774.0
scanId=332582,5.5429,1170.6284866282697,2092.0
scanId=332582,5.5429,1170.6481898949153,2573.0
scanId=332582,5.5429,1170.6678933301994,3586.0
scanId=332582,5.5429,1170.6875969284836,4277.0
scanId=332582,5.5429,1170.7073006953974,4238.0
scanId=332582,5.5429,1170.7270046253211,3747.0
scanId=332582,5.5429,1170.7467087238645,3226.0
scanId=332582,5.5429,1170.7664129854277,2761.0
scanId=332582,5.5429,1170.7861174156003,2242.0
scanId=332582,5.5429,1170.8058220088028,1835.0
scanId=332582,5.5429,1170.825526770605,1532.0
scanId=332582,5.5429,1170.8452316954465,1356.0
scanId=332582,5.5429,1170.8649367888788,1251.0
scanId=332582,5.5429,1170.884642045359,1111.0
scanId=332582,5.5429,1170.904347470421,1039.0
scanId=332582,5.5429,1170.9240530585407,1132.0
scanId=332582,5.5429,1170.9437588152325,1145.0
scanId=332582,5.5429,1171.0028770747106,1122.0
scanId=332582,5.5429,1171.0225834946614,1226.0
scanId=332582,5.5429,1171.0422900776985,1241.0
scanId=332582,5.5429,1171.061996829279,1382.0
scanId=332582,5.5429,1171.0817037439556,1421.0
scanId=332582,5.5429,1171.1014108271654,1358.0
scanId=332582,5.5429,1171.1211180734813,1372.0
scanId=332582,5.5429,1171.140825488321,1330.0
scanId=332582,5.5429,1171.160533066276,1119.0
scanId=332582,5.5429,1171.180240812745,1122.0
scanId=332582,5.5429,1171.1999487223395,1139.0
scanId=332582,5.5429,1171.2196568004388,1052.0
scanId=332582,5.5429,1171.6729883300718,1141.0
scanId=332582,5.5429,1171.6927003877267,1225.0
scanId=332582,5.5429,1171.7124126086308,1151.0
scanId=332582,5.5429,1187.5551632489062,3137.0
scanId=332582,5.5429,1187.575008457233,19441.0
scanId=332582,5.5429,1187.5948538300054,75178.0
scanId=332582,5.5429,1187.6146993699713,179215.0
scanId=332582,5.5429,1187.6345450743734,305609.0
scanId=332582,5.5429,1187.6543909459797,399519.0
scanId=332582,5.5429,1187.6742369820108,411764.0
scanId=332582,5.5429,1187.6940831852564,349062.0
scanId=332582,5.5429,1187.7139295529178,260273.0
scanId=332582,5.5429,1187.733776087803,182702.0
scanId=332582,5.5429,1187.753622787094,125960.0
scanId=332582,5.5429,1187.773469653619,85878.0
scanId=332582,5.5429,1187.7933166845396,57604.0
scanId=332582,5.5429,1187.8131638827044,38331.0
scanId=332582,5.5429,1187.8330112452545,25812.0
scanId=332582,5.5429,1187.852858775059,17534.0
scanId=332582,5.5429,1187.8727064692391,12654.0
scanId=332582,5.5429,1187.892554330683,9416.0
scanId=332582,5.5429,1187.9124023564923,7043.0
scanId=332582,5.5429,1187.9322505495766,5425.0
scanId=332582,5.5429,1187.952098907016,4481.0
scanId=332582,5.5429,1187.9719474317392,3637.0
scanId=332582,5.5429,1187.991796120808,3254.0
scanId=332582,5.5429,1188.0116449771715,2941.0
scanId=332582,5.5429,1188.0314939978691,2793.0
scanId=332582,5.5429,1188.0513431858726,2739.0
scanId=332582,5.5429,1188.0711925382006,2661.0
scanId=332582,5.5429,1188.0910420578437,2808.0
scanId=332582,5.5429,1188.110891741801,2695.0
scanId=332582,5.5429,1188.1307415930837,2585.0
scanId=332582,5.5429,1188.1505916086712,2629.0
scanId=332582,5.5429,1188.170441791593,2534.0
scanId=332582,5.5429,1188.19029213881,2519.0
scanId=332582,5.5429,1188.2101426533725,2503.0
scanId=332582,5.5429,1188.2299933322188,2364.0
scanId=332582,5.5429,1188.24984417842,2282.0
scanId=332582,5.5429,1188.2696951888963,2214.0
scanId=332582,5.5429,1188.289546366738,1964.0
scanId=332582,5.5429,1188.309397708844,1965.0
scanId=332582,5.5429,1188.3292492183248,2203.0
scanId=332582,5.5429,1188.3491008920605,2423.0
scanId=332582,5.5429,1188.3689527331817,2460.0
scanId=332582,5.5429,1188.3888047385462,2505.0
scanId=332582,5.5429,1188.408656911307,2570.0
scanId=332582,5.5429,1188.428509248302,2801.0
scanId=332582,5.5429,1188.4483617527023,2816.0
scanId=332582,5.5429,1188.4682144213264,2597.0
scanId=332582,5.5429,1188.4880672573663,2463.0
scanId=332582,5.5429,1188.5079202576208,2386.0
scanId=332582,5.5429,1188.5277734253002,2342.0
scanId=332582,5.5429,1188.547626757184,2899.0
scanId=332582,5.5429,1188.5674802565036,8469.0
scanId=332582,5.5429,1188.587333920017,34558.0
scanId=332582,5.5429,1188.607187750976,101688.0
scanId=332582,5.5429,1188.627041746119,203929.0
scanId=332582,5.5429,1188.646895908718,303848.0
scanId=332582,5.5429,1188.666750235491,352485.0
scanId=332582,5.5429,1188.6866047297292,326726.0
scanId=332582,5.5429,1188.7064593881316,257976.0
scanId=332582,5.5429,1188.7263142140102,186513.0
scanId=332582,5.5429,1188.7461692040415,129728.0
scanId=332582,5.5429,1188.76602436156,88956.0
scanId=332582,5.5429,1188.7858796832218,61037.0
scanId=332582,5.5429,1188.80573517238,41845.0
scanId=332582,5.5429,1188.8255908256708,29028.0
scanId=332582,5.5429,1188.8454466464684,20182.0
scanId=332582,5.5429,1188.8653026313896,14528.0
scanId=332582,5.5429,1188.8851587838265,10774.0
scanId=332582,5.5429,1188.905015100377,8293.0
scanId=332582,5.5429,1188.9248715844544,7006.0
scanId=332582,5.5429,1188.9447282326346,6032.0
scanId=332582,5.5429,1188.9645850483512,5046.0
scanId=332582,5.5429,1188.984442028161,4648.0
scanId=332582,5.5429,1189.004299175518,4765.0
scanId=332582,5.5429,1189.0241564869575,4944.0
scanId=332582,5.5429,1189.0440139659534,4704.0
scanId=332582,5.5429,1189.0638716090227,4362.0
scanId=332582,5.5429,1189.083729419659,4302.0
scanId=332582,5.5429,1189.1035873943574,4231.0
scanId=332582,5.5429,1189.1234455366332,3799.0
scanId=332582,5.5429,1189.1433038429618,3552.0
scanId=332582,5.5429,1189.163162316877,3720.0
scanId=332582,5.5429,1189.1830209548352,3790.0
scanId=332582,5.5429,1189.2028797603907,3690.0
scanId=332582,5.5429,1189.2227387299786,3747.0
scanId=332582,5.5429,1189.2425978671731,3731.0
scanId=332582,5.5429,1189.2624571683905,3723.0
scanId=332582,5.5429,1189.2823166372257,3667.0
scanId=332582,5.5429,1189.3021762700728,3504.0
scanId=332582,5.5429,1189.3220360705468,3439.0
scanId=332582,5.5429,1189.3418960350236,3401.0
scanId=332582,5.5429,1189.361756167138,3263.0
scanId=332582,5.5429,1189.3816164632444,3150.0
scanId=332582,5.5429,1189.4014769269984,3212.0
scanId=332582,5.5429,1189.4213375547345,3302.0
scanId=332582,5.5429,1189.4411983501284,3519.0
scanId=332582,5.5429,1189.4610593094935,3565.0
scanId=332582,5.5429,1189.4809204365272,3254.0
scanId=332582,5.5429,1189.5007817275225,3021.0
scanId=332582,5.5429,1189.520643186196,2891.0
scanId=332582,5.5429,1189.5405048088203,3161.0
scanId=332582,5.5429,1189.560366599134,4234.0
scanId=332582,5.5429,1189.5802285533885,9559.0
scanId=332582,5.5429,1189.6000906753409,27024.0
scanId=332582,5.5429,1189.6199529612252,60802.0
scanId=332582,5.5429,1189.639815414818,104411.0
scanId=332582,5.5429,1189.6596780323318,140313.0
scanId=332582,5.5429,1189.679540817564,148177.0
scanId=332582,5.5429,1189.6994037667075,127020.0
scanId=332582,5.5429,1189.7192668835796,95030.0
scanId=332582,5.5429,1189.739130164353,66882.0
scanId=332582,5.5429,1189.7589936128643,45983.0
scanId=332582,5.5429,1189.7788572252673,31842.0
scanId=332582,5.5429,1189.798721005419,22243.0
scanId=332582,5.5429,1189.8185849494512,15577.0
scanId=332582,5.5429,1189.8384490612427,10906.0
scanId=332582,5.5429,1189.8583133369048,7898.0
scanId=332582,5.5429,1189.8781777803365,6082.0
scanId=332582,5.5429,1189.8980423876276,5091.0
scanId=332582,5.5429,1189.9179071626988,4696.0
scanId=332582,5.5429,1189.93777210162,4405.0
scanId=332582,5.5429,1189.9576372083304,3983.0
scanId=332582,5.5429,1189.9775024788817,3716.0
scanId=332582,5.5429,1189.9973679172322,3615.0
scanId=332582,5.5429,1190.017233519413,3706.0
scanId=332582,5.5429,1190.037099289403,3799.0
scanId=332582,5.5429,1190.0569652232134,3642.0
scanId=332582,5.5429,1190.0768313248436,3575.0
scanId=332582,5.5429,1190.0966975902836,3451.0
scanId=332582,5.5429,1190.116564023553,3500.0
scanId=332582,5.5429,1190.1364306206228,3499.0
scanId=332582,5.5429,1190.1562973855323,3135.0
scanId=332582,5.5429,1190.1761643142313,2896.0
scanId=332582,5.5429,1190.196031410781,2749.0
scanId=332582,5.5429,1190.21589867111,2683.0
scanId=332582,5.5429,1190.235766099299,2762.0
scanId=332582,5.5429,1190.2556336912571,2944.0
scanId=332582,5.5429,1190.2755014510865,3034.0
scanId=332582,5.5429,1190.2953693746747,3028.0
scanId=332582,5.5429,1190.3152374661431,3071.0
scanId=332582,5.5429,1190.335105721361,2892.0
scanId=332582,5.5429,1190.3549741444697,2742.0
scanId=332582,5.5429,1190.3748427313171,2785.0
scanId=332582,5.5429,1190.394711486065,2694.0
scanId=332582,5.5429,1190.4145804045422,2401.0
scanId=332582,5.5429,1190.4344494909303,2427.0
scanId=332582,5.5429,1190.4543187410377,2598.0
scanId=332582,5.5429,1190.474188159065,2512.0
scanId=332582,5.5429,1190.4940577408015,2308.0
scanId=332582,5.5429,1190.513927490469,2312.0
scanId=332582,5.5429,1190.5337974038348,2419.0
scanId=332582,5.5429,1190.5536674851423,2552.0
scanId=332582,5.5429,1190.5735377301382,3036.0
scanId=332582,5.5429,1190.5934081430855,5688.0
scanId=332582,5.5429,1190.6132787197105,12867.0
scanId=332582,5.5429,1190.6331494642975,24357.0
scanId=332582,5.5429,1190.6530203725526,36455.0
scanId=332582,5.5429,1190.6728914487792,41934.0
scanId=332582,5.5429,1190.6927626886638,38749.0
scanId=332582,5.5429,1190.7126340965308,30851.0
scanId=332582,5.5429,1190.7325056680452,22334.0
scanId=332582,5.5429,1190.7523774075512,15711.0
scanId=332582,5.5429,1190.772249310695,11122.0
scanId=332582,5.5429,1190.7921213818415,7944.0
scanId=332582,5.5429,1190.8119936166147,5781.0
scanId=332582,5.5429,1190.8318660194009,4542.0
scanId=332582,5.5429,1190.8517385858042,3764.0
scanId=332582,5.5429,1190.8716113202302,3267.0
scanId=332582,5.5429,1190.8914842182626,2920.0
scanId=332582,5.5429,1190.9113572843282,2705.0
scanId=332582,5.5429,1190.9312305139908,2540.0
scanId=332582,5.5429,1190.9511039116965,2340.0
scanId=332582,5.5429,1190.970977472988,2306.0
scanId=332582,5.5429,1190.9908512023335,2170.0
scanId=332582,5.5429,1191.0107250952556,2070.0
scanId=332582,5.5429,1191.0305991562402,2125.0
scanId=332582,5.5429,1191.0504733807918,1999.0
scanId=332582,5.5429,1191.0703477734166,1682.0
scanId=332582,5.5429,1191.0902223295975,1551.0
scanId=332582,5.5429,1191.110097053862,1665.0
scanId=332582,5.5429,1191.1299719416727,1674.0
scanId=332582,5.5429,1191.1498469975772,1791.0
scanId=332582,5.5429,1191.1697222170174,1902.0
scanId=332582,5.5429,1191.189597604562,1739.0
scanId=332582,5.5429,1191.209473155632,1631.0
scanId=332582,5.5429,1191.229348874816,1656.0
scanId=332582,5.5429,1191.249224757515,1790.0
scanId=332582,5.5429,1191.2691008083395,1702.0
scanId=332582,5.5429,1191.2889770226689,1612.0
scanId=332582,5.5429,1191.3088534051326,1579.0
scanId=332582,5.5429,1191.328729951091,1478.0
scanId=332582,5.5429,1191.348606665195,1547.0
scanId=332582,5.5429,1191.3684835427837,1567.0
scanId=332582,5.5429,1191.3883605885264,1609.0
scanId=332582,5.5429,1191.4082377977447,1711.0
scanId=332582,5.5429,1191.428115175128,1670.0
scanId=332582,5.5429,1191.447992715976,1708.0
scanId=332582,5.5429,1191.4678704249986,1905.0
scanId=332582,5.5429,1191.4877482974762,2080.0
scanId=332582,5.5429,1191.507626338139,1937.0
scanId=332582,5.5429,1191.527504542246,1681.0
scanId=332582,5.5429,1191.5473829145485,1555.0
scanId=332582,5.5429,1191.5672614502855,1489.0
scanId=332582,5.5429,1191.587140154228,1860.0
scanId=332582,5.5429,1191.6070190215942,2997.0
scanId=332582,5.5429,1191.6268980571765,5059.0
scanId=332582,5.5429,1191.6467772561728,7573.0
scanId=332582,5.5429,1191.6666566233948,9329.0
scanId=332582,5.5429,1191.68653615402,9797.0
scanId=332582,5.5429,1191.7064158528824,8829.0
scanId=332582,5.5429,1191.726295715138,7058.0
scanId=332582,5.5429,1191.7461757456392,5342.0
scanId=332582,5.5429,1191.7660559395244,4104.0
scanId=332582,5.5429,1191.7859363016655,3084.0
scanId=332582,5.5429,1191.8058168271807,2355.0
scanId=332582,5.5429,1191.8256975209615,2085.0
scanId=332582,5.5429,1191.8455783781062,1858.0
scanId=332582,5.5429,1191.8654594035274,1648.0
scanId=332582,5.5429,1191.885340592301,1419.0
scanId=332582,5.5429,1191.9052219493624,1263.0
scanId=332582,5.5429,1191.925103469766,1243.0
scanId=332582,5.5429,1191.9449851584668,1280.0
scanId=332582,5.5429,1191.9648670104998,1209.0
scanId=332582,5.5429,1191.9847490308405,1059.0
scanId=332582,5.5429,1192.104044627579,1072.0
scanId=332582,5.5429,1192.123927806131,1078.0
scanId=332582,5.5429,1192.3625388976625,1086.0
scanId=332582,5.5429,1192.3824242344017,1077.0
scanId=332582,5.5429,1192.6210611934732,1289.0
scanId=332582,5.5429,1192.6409486832106,1805.0
scanId=332582,5.5429,1192.6608363414286,2441.0
scanId=332582,5.5429,1192.6807241627953,2702.0
scanId=332582,5.5429,1192.700612152653,2515.0
scanId=332582,5.5429,1192.72050030565,2179.0
scanId=332582,5.5429,1192.7403886271477,1775.0
scanId=332582,5.5429,1192.7602771117736,1430.0
scanId=332582,5.5429,1192.780165764911,1188.0
scanId=332582,5.5429,1192.8000545811672,1059.0
scanId=332582,5.5429,1203.5442586799193,2780.0
scanId=332582,5.5429,1203.5642370361795,10233.0
scanId=332582,5.5429,1203.584215563763,26423.0
scanId=332582,5.5429,1203.6041942516529,48443.0
scanId=332582,5.5429,1203.624173110877,68062.0
scanId=332582,5.5429,1203.6441521303962,74379.0
scanId=332582,5.5429,1203.6641313212606,65184.0
scanId=332582,5.5429,1203.6841106724098,48509.0
scanId=332582,5.5429,1203.7040901949142,33244.0
scanId=332582,5.5429,1203.7240698776925,21987.0
scanId=332582,5.5429,1203.744049731837,14456.0
scanId=332582,5.5429,1203.7640297462458,9561.0
scanId=332582,5.5429,1203.7840099320308,6112.0
scanId=332582,5.5429,1203.8039902780683,3822.0
scanId=332582,5.5429,1203.8239707954936,2498.0
scanId=332582,5.5429,1203.8439514731613,1691.0
scanId=332582,5.5429,1203.863932322226,1170.0
scanId=332582,5.5429,1204.5433797569708,1792.0
scanId=332582,5.5429,1204.5633664039722,6538.0
scanId=332582,5.5429,1204.5833532225608,19173.0
scanId=332582,5.5429,1204.603340201192,36884.0
scanId=332582,5.5429,1204.623327351421,53141.0
scanId=332582,5.5429,1204.643314661682,60425.0
scanId=332582,5.5429,1204.663302143551,54937.0
scanId=332582,5.5429,1204.683289785441,42321.0
scanId=332582,5.5429,1204.7032775989508,29506.0
scanId=332582,5.5429,1204.7232655724704,20050.0
scanId=332582,5.5429,1204.7432537176203,13196.0
scanId=332582,5.5429,1204.76324202277,8529.0
scanId=332582,5.5429,1204.78323049956,5619.0
scanId=332582,5.5429,1204.8032191363388,3857.0
scanId=332582,5.5429,1204.8232079447694,2628.0
scanId=332582,5.5429,1204.8431969131782,1993.0
scanId=332582,5.5429,1204.8631860532482,1694.0
scanId=332582,5.5429,1204.8831753532868,1379.0
scanId=332582,5.5429,1204.9031648249977,1107.0
scanId=332582,5.5429,1205.5429153776877,1400.0
scanId=332582,5.5429,1205.56291031543,3916.0
scanId=332582,5.5429,1205.5829054250246,9774.0
scanId=332582,5.5429,1205.6029006943968,18408.0
scanId=332582,5.5429,1205.622896135632,27289.0
scanId=332582,5.5429,1205.6428917366338,31343.0
scanId=332582,5.5429,1205.662887509509,29125.0
scanId=332582,5.5429,1205.68288344214,23496.0
scanId=332582,5.5429,1205.7028795466558,17394.0
scanId=332582,5.5429,1205.722875810917,12790.0
scanId=332582,5.5429,1205.7428722470725,9259.0
scanId=332582,5.5429,1205.7628688429631,6390.0
scanId=332582,5.5429,1205.7828656107597,4354.0
scanId=332582,5.5429,1205.8028625382792,3128.0
scanId=332582,5.5429,1205.8228596377155,2371.0
scanId=332582,5.5429,1205.8428568968657,1862.0
scanId=332582,5.5429,1205.8628543279426,1449.0
scanId=332582,5.5429,1205.8828519187218,1125.0
scanId=332582,5.5429,1206.5628687705728,1258.0
scanId=332582,5.5429,1206.5828721711744,3360.0
scanId=332582,5.5429,1206.602875731287,6504.0
scanId=332582,5.5429,1206.622879463529,9669.0
scanId=332582,5.5429,1206.642883355272,11730.0
scanId=332582,5.5429,1206.6628874191535,11770.0
scanId=332582,5.5429,1206.682891642526,10272.0
scanId=332582,5.5429,1206.7028960380485,8557.0
scanId=332582,5.5429,1206.7229005930508,6918.0
scanId=332582,5.5429,1206.7429053202131,5236.0
scanId=332582,5.5429,1206.762910206845,3800.0
scanId=332582,5.5429,1206.782915265648,2764.0
scanId=332582,5.5429,1206.8029204839097,2017.0
scanId=332582,5.5429,1206.8229258743524,1466.0
scanId=332582,5.5429,1206.8429314242435,1188.0
scanId=332582,5.5429,1206.862937146327,1017.0
scanId=332582,5.5429,1207.5832534610283,1177.0
scanId=332582,5.5429,1207.6032653118823,2174.0
scanId=332582,5.5429,1207.6232773351314,3463.0
scanId=332582,5.5429,1207.6432895176154,4289.0
scanId=332582,5.5429,1207.6633018725051,4270.0
scanId=332582,5.5429,1207.6833143866183,3701.0
scanId=332582,5.5429,1207.7033270731483,3081.0
scanId=332582,5.5429,1207.7233399188915,2575.0
scanId=332582,5.5429,1207.7433529370614,2013.0
scanId=332582,5.5429,1207.7633661144343,1557.0
scanId=332582,5.5429,1207.7833794642452,1261.0
scanId=332582,5.5429,1207.8033929732478,1003.0
scanId=332582,5.5429,1208.6240897504586,1095.0
scanId=332582,5.5429,1208.6441102236836,1101.0
scanId=332582,5.5429,1208.6641308695816,1002.0
scanId=332582,5.5429,1213.6544319105694,1033.0
scanId=332582,5.5429,1213.6744940115202,1000.0
scanId=332582,5.5429,1223.6457320582876,1102.0
scanId=332582,5.5429,1223.6658765610002,1590.0
scanId=332582,5.5429,1223.6860212404742,2335.0
scanId=332582,5.5429,1223.706166074816,3198.0
scanId=332582,5.5429,1223.7263110859303,3703.0
scanId=332582,5.5429,1223.7464562519024,3539.0
scanId=332582,5.5429,1223.766601594658,2919.0
scanId=332582,5.5429,1223.7867470922588,2235.0
scanId=332582,5.5429,1223.8068927666552,1616.0
scanId=332582,5.5429,1223.8270385958865,1111.0
scanId=332582,5.5429,1224.653160594081,1274.0
scanId=332582,5.5429,1224.673313387535,2544.0
scanId=332582,5.5429,1224.6934663580296,4006.0
scanId=332582,5.5429,1224.713619483113,5045.0
scanId=332582,5.5429,1224.7337727852478,5550.0
scanId=332582,5.5429,1224.7539262419607,5001.0
scanId=332582,5.5429,1224.774079875737,3745.0
scanId=332582,5.5429,1224.794233664079,2683.0
scanId=332582,5.5429,1224.8143876294962,1865.0
scanId=332582,5.5429,1224.8345417494684,1303.0
scanId=332582,5.5429,1225.277974464601,1388.0
scanId=332582,5.5429,1225.2981324097077,1716.0
scanId=332582,5.5429,1225.3182905092356,1688.0
scanId=332582,5.5429,1225.3384487859837,1462.0
scanId=332582,5.5429,1225.3586072171413,1182.0
scanId=332582,5.5429,1225.6610036739287,1432.0
scanId=332582,5.5429,1225.6811647581235,2262.0
scanId=332582,5.5429,1225.7013260196395,3025.0
scanId=332582,5.5429,1225.721487435464,3875.0
scanId=332582,5.5429,1225.7416490286205,4049.0
scanId=332582,5.5429,1225.7618107760748,3335.0
scanId=332582,5.5429,1225.781972700872,2541.0
scanId=332582,5.5429,1225.8021347799558,1828.0
scanId=332582,5.5429,1225.8222970363945,1284.0
scanId=332582,5.5429,1226.2457425985035,1098.0
scanId=332582,5.5429,1226.2659085029918,1574.0
scanId=332582,5.5429,1226.2860745616313,1924.0
scanId=332582,5.5429,1226.3062407977604,2066.0
scanId=332582,5.5429,1226.326407188029,1941.0
scanId=332582,5.5429,1226.3465737557992,1578.0
scanId=332582,5.5429,1226.366740477698,1151.0
scanId=332582,5.5429,1226.709600225324,1352.0
scanId=332582,5.5429,1226.7297699318897,1571.0
scanId=332582,5.5429,1226.7499398160685,1492.0
scanId=332582,5.5429,1226.7701098542636,1250.0
scanId=332582,5.5429,1226.7902800700836,1073.0
scanId=332582,5.5429,1227.2542406578557,1354.0
scanId=332582,5.5429,1227.2744148533664,1925.0
scanId=332582,5.5429,1227.2945892027471,2213.0
scanId=332582,5.5429,1227.3147637298987,2164.0
scanId=332582,5.5429,1227.3349384109083,1807.0
scanId=332582,5.5429,1227.3551132697016,1307.0
scanId=332582,5.5429,1228.24297095282,1170.0
scanId=332582,5.5429,1228.263153261312,1469.0
scanId=332582,5.5429,1228.283335747846,1877.0
scanId=332582,5.5429,1228.303518387968,2234.0
scanId=332582,5.5429,1228.3237012061431,2082.0
scanId=332582,5.5429,1228.343884177894,1638.0
scanId=332582,5.5429,1228.3640673277102,1088.0
scanId=332582,5.5429,1229.272480408892,1128.0
scanId=332582,5.5429,1229.2926711864502,1246.0
scanId=332582,5.5429,1229.3128621173132,1064.0
scanId=332582,5.5429,1229.615746078526,1236.0
scanId=332582,5.5429,1229.6359396624262,1563.0
scanId=332582,5.5429,1229.656133424753,1791.0
scanId=332582,5.5429,1229.6763273402828,1782.0
scanId=332582,5.5429,1229.6965214342513,1470.0
scanId=332582,5.5429,1229.7167156814107,1186.0
scanId=332582,5.5429,1230.625628715405,1127.0
scanId=332582,5.5429,1230.6458305900458,1475.0
scanId=332582,5.5429,1230.6660326433985,1655.0
scanId=332582,5.5429,1230.686234849669,1488.0
scanId=332582,5.5429,1230.7064372346626,1171.0
scanId=332582,5.5429,1238.699345352269,2218.0
scanId=332582,5.5429,1238.7196134022113,4529.0
scanId=332582,5.5429,1238.7398816027817,7102.0
scanId=332582,5.5429,1238.7601499843645,9543.0
scanId=332582,5.5429,1238.7804185165646,10090.0
scanId=332582,5.5429,1238.8006872297892,8588.0
scanId=332582,5.5429,1238.8209560936184,6373.0
scanId=332582,5.5429,1238.8412251384843,4460.0
scanId=332582,5.5429,1238.8614943339437,2917.0
scanId=332582,5.5429,1238.881763710451,1937.0
scanId=332582,5.5429,1238.9020332375394,1242.0
scanId=332582,5.5429,1239.6926744366742,1053.0
scanId=332582,5.5429,1239.7129505963555,2912.0
scanId=332582,5.5429,1239.7332269373298,5713.0
scanId=332582,5.5429,1239.7535034286414,8212.0
scanId=332582,5.5429,1239.7737801012568,9204.0
scanId=332582,5.5429,1239.794056924198,8475.0
scanId=332582,5.5429,1239.8143339284552,6654.0
scanId=332582,5.5429,1239.834611083026,4674.0
scanId=332582,5.5429,1239.8548884189238,3148.0
scanId=332582,5.5429,1239.8751659051245,2022.0
scanId=332582,5.5429,1239.895443572664,1344.0
scanId=332582,5.5429,1240.6864016339998,1240.0
scanId=332582,5.5429,1240.7066859343663,2175.0
scanId=332582,5.5429,1240.7269703847887,4059.0
scanId=332582,5.5429,1240.7472550167963,5827.0
scanId=332582,5.5429,1240.767539798849,6659.0
scanId=332582,5.5429,1240.7878247624974,6229.0
scanId=332582,5.5429,1240.8081098761795,4874.0
scanId=332582,5.5429,1240.8283951714702,3578.0
scanId=332582,5.5429,1240.848680616782,2516.0
scanId=332582,5.5429,1240.8689662437132,1659.0
scanId=332582,5.5429,1240.8892520206548,1074.0
scanId=332582,5.5429,1241.7008193850245,1478.0
scanId=332582,5.5429,1241.721111976425,2333.0
scanId=332582,5.5429,1241.7414047175885,2971.0
scanId=332582,5.5429,1241.7616976406302,3077.0
scanId=332582,5.5429,1241.781990713424,2795.0
scanId=332582,5.5429,1241.8022839681068,2305.0
scanId=332582,5.5429,1241.8225773725298,1758.0
scanId=332582,5.5429,1241.842870958854,1271.0
scanId=332582,5.5429,1242.7562535947754,1070.0
scanId=332582,5.5429,1242.7765548088512,1082.0
scanId=332582,5.5429,1245.559387483885,1654.0
scanId=332582,5.5429,1245.5797115812215,3644.0
scanId=332582,5.5429,1245.600035827202,6152.0
scanId=332582,5.5429,1245.6203602561793,7734.0
scanId=332582,5.5429,1245.6406848337897,7710.0
scanId=332582,5.5429,1245.6610095944086,6545.0
scanId=332582,5.5429,1245.6813345036478,5015.0
scanId=332582,5.5429,1245.7016595959085,3671.0
scanId=332582,5.5429,1245.721984836778,2574.0
scanId=332582,5.5429,1245.7423102606804,1800.0
scanId=332582,5.5429,1245.762635833179,1244.0
scanId=332582,5.5429,1246.5554628430507,1129.0
scanId=332582,5.5429,1246.575795048142,2390.0
scanId=332582,5.5429,1246.596127436516,3940.0
scanId=332582,5.5429,1246.6164599732376,5325.0
scanId=332582,5.5429,1246.6367926932528,5585.0
scanId=332582,5.5429,1246.6571255616038,4616.0
scanId=332582,5.5429,1246.6774586132613,3640.0
scanId=332582,5.5429,1246.697791813242,2894.0
scanId=332582,5.5429,1246.71812519654,2251.0
scanId=332582,5.5429,1246.7384587281506,1634.0
scanId=332582,5.5429,1246.758792443091,1101.0
scanId=332582,5.5429,1247.5519363132764,1058.0
scanId=332582,5.5429,1247.5722766610477,1858.0
scanId=332582,5.5429,1247.59261715688,3364.0
scanId=332582,5.5429,1247.6129578362925,4545.0
scanId=332582,5.5429,1247.633298663755,4840.0
scanId=332582,5.5429,1247.6536396748093,4392.0
scanId=332582,5.5429,1247.6739808339012,3670.0
scanId=332582,5.5429,1247.6943221765969,3097.0
scanId=332582,5.5429,1247.714663667319,2563.0
scanId=332582,5.5429,1247.7350053416556,1991.0
scanId=332582,5.5429,1247.7553471640072,1473.0
scanId=332582,5.5429,1247.7756891699862,1088.0
scanId=332582,5.5429,1248.5691563847347,1390.0
scanId=332582,5.5429,1248.589505023545,2233.0
scanId=332582,5.5429,1248.6098538101187,2977.0
scanId=332582,5.5429,1248.6302027805707,3256.0
scanId=332582,5.5429,1248.6505518987744,2955.0
scanId=332582,5.5429,1248.670901200868,2369.0
scanId=332582,5.5429,1248.691250650701,1825.0
scanId=332582,5.5429,1248.711600284436,1490.0
scanId=332582,5.5429,1248.7319500658991,1360.0
scanId=332582,5.5429,1248.7523000312758,1158.0
scanId=332582,5.5429,1249.607147930563,1101.0
scanId=332582,5.5429,1249.6275050078789,1221.0
scanId=332582,5.5429,1249.6478622693703,1305.0
scanId=332582,5.5429,1249.6682196783154,1121.0
scanId=332582,5.5429,1250.6252053821222,1013.0
scanId=332582,5.5429,1252.7644753633228,1206.0
scanId=332582,5.5429,1252.784858161223,1348.0
scanId=332582,5.5429,1252.8052411056506,1043.0
scanId=332582,5.5429,1255.5584621233957,1066.0
scanId=332582,5.5429,1255.578867618639,3764.0
scanId=332582,5.5429,1255.5992732998209,8740.0
scanId=332582,5.5429,1255.619679126694,15129.0
scanId=332582,5.5429,1255.6400851395183,20254.0
scanId=332582,5.5429,1255.6604912980206,21343.0
scanId=332582,5.5429,1255.6808976424863,18465.0
scanId=332582,5.5429,1255.7013041326188,13674.0
scanId=332582,5.5429,1255.721710808726,9310.0
scanId=332582,5.5429,1255.742117630488,6139.0
scanId=332582,5.5429,1255.7625246382374,3984.0
scanId=332582,5.5429,1255.7829317916294,2672.0
scanId=332582,5.5429,1255.80333913102,1888.0
scanId=332582,5.5429,1255.8237466160415,1342.0
scanId=332582,5.5429,1256.5585268748848,1104.0
scanId=332582,5.5429,1256.578940515471,3459.0
scanId=332582,5.5429,1256.5993543014552,7519.0
scanId=332582,5.5429,1256.619768273683,12412.0
scanId=332582,5.5429,1256.6401823912972,16469.0
scanId=332582,5.5429,1256.6605966951668,17368.0
scanId=332582,5.5429,1256.6810111444104,15141.0
scanId=332582,5.5429,1256.7014257799217,11300.0
scanId=332582,5.5429,1256.7218405607953,7722.0
scanId=332582,5.5429,1256.7422555279486,5104.0
scanId=332582,5.5429,1256.7626706404512,3344.0
scanId=332582,5.5429,1256.7830859392466,2216.0
scanId=332582,5.5429,1256.8035013833794,1548.0
scanId=332582,5.5429,1256.8239170138158,1072.0
scanId=332582,5.5429,1257.579411520591,1310.0
scanId=332582,5.5429,1257.5998334522233,2967.0
scanId=332582,5.5429,1257.6202555289492,5148.0
scanId=332582,5.5429,1257.6406777922227,6740.0
scanId=332582,5.5429,1257.6611002005782,7319.0
scanId=332582,5.5429,1257.6815227954942,6774.0
scanId=332582,5.5429,1257.701945535479,5256.0
scanId=332582,5.5429,1257.722368462037,3750.0
scanId=332582,5.5429,1257.7427915336516,2620.0
scanId=332582,5.5429,1257.763214791851,1798.0
scanId=332582,5.5429,1257.783638195095,1275.0
scanId=332582,5.5429,1258.621140933673,1167.0
scanId=332582,5.5429,1258.6415713011395,1966.0
scanId=332582,5.5429,1258.6620018554606,2754.0
scanId=332582,5.5429,1258.6824325545574,3144.0
scanId=332582,5.5429,1258.7028634405203,3105.0
scanId=332582,5.5429,1258.7232944712466,2767.0
scanId=332582,5.5429,1258.743725688851,2259.0
scanId=332582,5.5429,1258.7641570512071,1757.0
scanId=332582,5.5429,1258.7845886004543,1358.0
scanId=332582,5.5429,1258.8050202944394,1017.0
scanId=332582,5.5429,1259.6837404634166,1007.0
scanId=332582,5.5429,1259.7041794532545,1383.0
scanId=332582,5.5429,1259.7246186302657,1532.0
scanId=332582,5.5429,1259.745057951733,1445.0
scanId=332582,5.5429,1259.7654974603856,1113.0
scanId=332582,5.5429,1263.5701278218332,1099.0
scanId=332582,5.5429,1263.5905983164869,2045.0
scanId=332582,5.5429,1263.6110689994878,3271.0
scanId=332582,5.5429,1263.6315398257716,4718.0
scanId=332582,5.5429,1263.6520108404145,6014.0
scanId=332582,5.5429,1263.6724819983274,6194.0
scanId=332582,5.5429,1263.6929533446123,5500.0
scanId=332582,5.5429,1263.7134248341554,4373.0
scanId=332582,5.5429,1263.733896512082,3208.0
scanId=332582,5.5429,1263.754368333255,2283.0
scanId=332582,5.5429,1263.7748403428238,1639.0
scanId=332582,5.5429,1263.795312495626,1166.0
scanId=332582,5.5429,1264.5938562447154,1475.0
scanId=332582,5.5429,1264.6143350301102,3080.0
scanId=332582,5.5429,1264.6348140041628,5018.0
scanId=332582,5.5429,1264.6552931211877,6201.0
scanId=332582,5.5429,1264.6757724268828,6132.0
scanId=332582,5.5429,1264.6962518755367,4997.0
scanId=332582,5.5429,1264.7167315128736,3740.0
scanId=332582,5.5429,1264.7372112931578,2865.0
scanId=332582,5.5429,1264.7576912621369,2319.0
scanId=332582,5.5429,1264.7781713740503,1609.0
scanId=332582,5.5429,1264.7986516746712,1051.0
scanId=332582,5.5429,1265.5975122789691,1021.0
scanId=332582,5.5429,1265.6179992124323,1534.0
scanId=332582,5.5429,1265.6384862885686,2336.0
scanId=332582,5.5429,1265.6589735536734,2799.0
scanId=332582,5.5429,1265.6794609614394,2612.0
scanId=332582,5.5429,1265.699948558187,2209.0
scanId=332582,5.5429,1265.7204362975822,1785.0
scanId=332582,5.5429,1265.740924225972,1517.0
scanId=332582,5.5429,1265.7614122969972,1336.0
scanId=332582,5.5429,1265.781900557029,1072.0
scanId=332582,5.5429,1266.6835476480394,1248.0
scanId=332582,5.5429,1266.7040433465463,3318.0
scanId=332582,5.5429,1266.7245392343475,11443.0
scanId=332582,5.5429,1266.7450352644844,28792.0
scanId=332582,5.5429,1266.7655314839271,51069.0
scanId=332582,5.5429,1266.7860278456935,69782.0
scanId=332582,5.5429,1266.806524396779,76851.0
scanId=332582,5.5429,1266.8270210901744,68959.0
scanId=332582,5.5429,1266.8475179729023,52685.0
scanId=332582,5.5429,1266.868014997928,36592.0
scanId=332582,5.5429,1266.8885122122977,24440.0
scanId=332582,5.5429,1266.9090095689526,16267.0
scanId=332582,5.5429,1266.9295071149645,10701.0
scanId=332582,5.5429,1266.9500048032492,6997.0
scanId=332582,5.5429,1266.970502680903,4522.0
scanId=332582,5.5429,1266.9910007008173,2988.0
scanId=332582,5.5429,1267.0114989101137,1877.0
scanId=332582,5.5429,1267.031997261658,1391.0
scanId=332582,5.5429,1267.0524958025958,1058.0
scanId=332582,5.5429,1267.565012910315,1035.0
scanId=332582,5.5429,1267.585515762602,1231.0
scanId=332582,5.5429,1267.6060187569617,1285.0
scanId=332582,5.5429,1267.62652194089,1106.0
scanId=332582,5.5429,1267.6880324400684,1128.0
scanId=332582,5.5429,1267.7085362872815,3317.0
scanId=332582,5.5429,1267.7290402765295,11338.0
scanId=332582,5.5429,1267.7495444553847,27347.0
scanId=332582,5.5429,1267.770048776263,47474.0
scanId=332582,5.5429,1267.7905532867596,64720.0
scanId=332582,5.5429,1267.8110579392671,70141.0
scanId=332582,5.5429,1267.831562781407,61532.0
scanId=332582,5.5429,1267.852067765544,46775.0
scanId=332582,5.5429,1267.8725729393257,32934.0
scanId=332582,5.5429,1267.8930782550924,22314.0
scanId=332582,5.5429,1267.9135837605163,14897.0
scanId=332582,5.5429,1267.9340894079126,9874.0
scanId=332582,5.5429,1267.954595244979,6392.0
scanId=332582,5.5429,1267.9751012240051,4095.0
scanId=332582,5.5429,1267.9956073927135,2839.0
scanId=332582,5.5429,1268.0161137033688,2141.0
scanId=332582,5.5429,1268.0366202037196,1644.0
scanId=332582,5.5429,1268.057126846005,1260.0
scanId=332582,5.5429,1268.077633677998,1025.0
scanId=332582,5.5429,1268.3237284523748,1009.0
scanId=332582,5.5429,1268.344237416068,1001.0
scanId=332582,5.5429,1268.5493362928396,1009.0
scanId=332582,5.5429,1268.569847104539,1119.0
scanId=332582,5.5429,1268.5903580580095,1173.0
scanId=332582,5.5429,1268.6108692013509,1327.0
scanId=332582,5.5429,1268.6313804864517,1462.0
scanId=332582,5.5429,1268.651891961435,1402.0
scanId=332582,5.5429,1268.672403578165,1202.0
scanId=332582,5.5429,1268.692915384791,1272.0
scanId=332582,5.5429,1268.7134273331503,2532.0
scanId=332582,5.5429,1268.7339394714188,6223.0
scanId=332582,5.5429,1268.7544517514075,13290.0
scanId=332582,5.5429,1268.7749642213182,22266.0
scanId=332582,5.5429,1268.7954768329373,30017.0
scanId=332582,5.5429,1268.8159896344894,32264.0
scanId=332582,5.5429,1268.836502577738,27914.0
scanId=332582,5.5429,1268.857015710933,20470.0
scanId=332582,5.5429,1268.8775289858113,13958.0
scanId=332582,5.5429,1268.8980424506478,9578.0
scanId=332582,5.5429,1268.918556057156,6548.0
scanId=332582,5.5429,1268.9390698536354,4450.0
scanId=332582,5.5429,1268.959583791773,3117.0
scanId=332582,5.5429,1268.980097919894,2215.0
scanId=332582,5.5429,1269.0006121896613,1619.0
scanId=332582,5.5429,1269.0211266494252,1310.0
scanId=332582,5.5429,1269.0416412508216,1197.0
scanId=332582,5.5429,1269.0621560422278,1134.0
scanId=332582,5.5429,1269.0826709752544,1185.0
scanId=332582,5.5429,1269.1031860983026,1149.0
scanId=332582,5.5429,1269.1237013629584,1053.0
scanId=332582,5.5429,1269.1442168176488,1169.0
scanId=332582,5.5429,1269.1647324139346,1297.0
scanId=332582,5.5429,1269.1852482002666,1331.0
scanId=332582,5.5429,1269.2057641281822,1263.0
scanId=332582,5.5429,1269.226280246157,1185.0
scanId=332582,5.5429,1269.2467965057024,1056.0
scanId=332582,5.5429,1269.2673129553193,1075.0
scanId=332582,5.5429,1269.287829546494,1058.0
scanId=332582,5.5429,1269.6571567608544,1088.0
scanId=332582,5.5429,1269.6776765268942,1154.0
scanId=332582,5.5429,1269.6981964343654,1259.0
scanId=332582,5.5429,1269.7187165320463,1686.0
scanId=332582,5.5429,1269.7392367711475,2869.0
scanId=332582,5.5429,1269.7597572004718,5077.0
scanId=332582,5.5429,1269.7802777712018,8131.0
scanId=332582,5.5429,1269.800798532168,10732.0
scanId=332582,5.5429,1269.8213194345285,10881.0
scanId=332582,5.5429,1269.8418405271368,9084.0
scanId=332582,5.5429,1269.8623617611263,6720.0
scanId=332582,5.5429,1269.8828831853773,4836.0
scanId=332582,5.5429,1269.9034047509967,3361.0
scanId=332582,5.5429,1269.9239265068893,2436.0
scanId=332582,5.5429,1269.9444484041385,1708.0
scanId=332582,5.5429,1269.964970491674,1131.0
scanId=332582,5.5429,1270.560182793898,1016.0
scanId=332582,5.5429,1270.60123705939,1000.0
scanId=332582,5.5429,1270.621764453202,1005.0
scanId=332582,5.5429,1270.744932224238,1246.0
scanId=332582,5.5429,1270.76546075408,1854.0
scanId=332582,5.5429,1270.7859894744608,2348.0
scanId=332582,5.5429,1270.8065183359329,2554.0
scanId=332582,5.5429,1270.827047387955,2411.0
scanId=332582,5.5429,1270.8475765810565,1952.0
scanId=332582,5.5429,1270.8681059647215,1364.0
scanId=332582,5.5429,1271.6072737660195,1074.0
scanId=332582,5.5429,1271.6278092600835,1095.0
scanId=332582,5.5429,1272.5520786892946,1764.0
scanId=332582,5.5429,1272.572621810841,5908.0
scanId=332582,5.5429,1272.593165123483,12903.0
scanId=332582,5.5429,1272.613708576659,20146.0
scanId=332582,5.5429,1272.634252220944,25672.0
scanId=332582,5.5429,1272.6547960057496,26204.0
scanId=332582,5.5429,1272.6753399816764,21995.0
scanId=332582,5.5429,1272.695884098112,16103.0
scanId=332582,5.5429,1272.7164284056814,10946.0
scanId=332582,5.5429,1272.736972853746,7561.0
scanId=332582,5.5429,1272.7575174929575,5113.0
scanId=332582,5.5429,1272.7780622726525,3306.0
scanId=332582,5.5429,1272.798607243507,2201.0
scanId=332582,5.5429,1272.8191523548307,1479.0
scanId=332582,5.5429,1272.8396976573272,1020.0
scanId=332582,5.5429,1273.5588872535525,2006.0
scanId=332582,5.5429,1273.5794385256113,5829.0
scanId=332582,5.5429,1273.599989937899,11288.0
scanId=332582,5.5429,1273.6205415416,16701.0
scanId=332582,5.5429,1273.6410932855172,20818.0
scanId=332582,5.5429,1273.661645220861,21091.0
scanId=332582,5.5429,1273.6821972964078,17242.0
scanId=332582,5.5429,1273.7027495633936,12430.0
scanId=332582,5.5429,1273.72330197057,8454.0
scanId=332582,5.5429,1273.743854569199,5585.0
scanId=332582,5.5429,1273.7644073080044,3747.0
scanId=332582,5.5429,1273.7849602382753,2564.0
scanId=332582,5.5429,1273.8055133087112,1694.0
scanId=332582,5.5429,1273.8260665706243,1082.0
scanId=332582,5.5429,1274.566093972422,1935.0
scanId=332582,5.5429,1274.5866533438204,3863.0
scanId=332582,5.5429,1274.6072129069394,6879.0
scanId=332582,5.5429,1274.627772609968,9873.0
scanId=332582,5.5429,1274.6483325047293,11236.0
scanId=332582,5.5429,1274.6688925393871,10095.0
scanId=332582,5.5429,1274.6894527657907,7753.0
scanId=332582,5.5429,1274.7100131320788,5705.0
scanId=332582,5.5429,1274.7305736901242,4113.0
scanId=332582,5.5429,1274.7511343880417,2914.0
scanId=332582,5.5429,1274.77169527773,1958.0
scanId=332582,5.5429,1274.7922563072775,1268.0
scanId=332582,5.5429,1275.5736987944424,1053.0
scanId=332582,5.5429,1275.5942663169792,1696.0
scanId=332582,5.5429,1275.6148339791189,2627.0
scanId=332582,5.5429,1275.6354018332984,3396.0
scanId=332582,5.5429,1275.655969827068,3262.0
scanId=332582,5.5429,1275.67653801289,2555.0
scanId=332582,5.5429,1275.697106338289,1967.0
scanId=332582,5.5429,1275.7176748557529,1544.0
scanId=332582,5.5429,1275.738243512782,1180.0
scanId=332582,5.5429,1277.6106866246137,1731.0
scanId=332582,5.5429,1277.6312705366058,2997.0
scanId=332582,5.5429,1277.651854641266,3752.0
scanId=332582,5.5429,1277.6724388848884,3914.0
scanId=332582,5.5429,1277.6930233211908,3623.0
scanId=332582,5.5429,1277.713607896443,2943.0
scanId=332582,5.5429,1277.734192664388,2150.0
scanId=332582,5.5429,1277.75477757127,1504.0
scanId=332582,5.5429,1277.7753626708572,1023.0
scanId=332582,5.5429,1278.6194939584989,1275.0
scanId=332582,5.5429,1278.6400860225797,2182.0
scanId=332582,5.5429,1278.660678225313,2960.0
scanId=332582,5.5429,1278.681270621036,3236.0
scanId=332582,5.5429,1278.7018631553997,2895.0
scanId=332582,5.5429,1278.7224558827647,2270.0
scanId=332582,5.5429,1278.743048748758,1732.0
scanId=332582,5.5429,1278.763641807766,1301.0
scanId=332582,5.5429,1279.6492996105114,1377.0
scanId=332582,5.5429,1279.6698999656558,1705.0
scanId=332582,5.5429,1279.6905004591304,1757.0
scanId=332582,5.5429,1279.711101145917,1591.0
scanId=332582,5.5429,1279.7317019710215,1428.0
scanId=332582,5.5429,1279.7523029894512,1213.0
scanId=332582,5.5429,1281.772005831094,1063.0
scanId=332582,5.5429,1281.792623237681,1042.0
scanId=332582,5.5429,1282.7618290657497,1247.0
scanId=332582,5.5429,1282.7824544314483,1542.0
scanId=332582,5.5429,1282.8030799914306,1711.0
scanId=332582,5.5429,1282.8237056887588,1532.0
scanId=332582,5.5429,1282.8443315803845,1098.0
scanId=332582,5.5429,1283.7520343452538,1261.0
scanId=332582,5.5429,1283.7726676700634,1981.0
scanId=332582,5.5429,1283.7933011894704,2347.0
scanId=332582,5.5429,1283.81393484591,2229.0
scanId=332582,5.5429,1283.83456869696,1778.0
scanId=332582,5.5429,1283.8552026850286,1245.0
scanId=332582,5.5429,1284.7839044323775,1101.0
scanId=332582,5.5429,1284.8045460479282,1136.0
scanId=332582,5.5429,1284.8251878584026,1063.0
scanId=332582,5.5429,1285.5684029464403,1452.0
scanId=332582,5.5429,1285.589050862955,3329.0
scanId=332582,5.5429,1285.6096989746418,5330.0
scanId=332582,5.5429,1285.6303472227855,6835.0
scanId=332582,5.5429,1285.6509956661148,7894.0
scanId=332582,5.5429,1285.6716442458885,7906.0
scanId=332582,5.5429,1285.692293020861,6713.0
scanId=332582,5.5429,1285.7129419322637,5024.0
scanId=332582,5.5429,1285.7335910388786,3620.0
scanId=332582,5.5429,1285.7542402819115,2586.0
scanId=332582,5.5429,1285.774889720169,1931.0
scanId=332582,5.5429,1285.7955392948318,1446.0
scanId=332582,5.5429,1285.8161890647325,1044.0
scanId=332582,5.5429,1286.580346562072,1408.0
scanId=332582,5.5429,1286.6010026331849,2677.0
scanId=332582,5.5429,1286.6216588404404,4132.0
scanId=332582,5.5429,1286.6423152431962,5568.0
scanId=332582,5.5429,1286.6629717820808,6036.0
scanId=332582,5.5429,1286.6836285164795,5150.0
scanId=332582,5.5429,1286.7042853869943,3735.0
scanId=332582,5.5429,1286.724942453036,2594.0
scanId=332582,5.5429,1286.7455996551798,1838.0
scanId=332582,5.5429,1286.766257052864,1239.0
scanId=332582,5.5429,1287.592688336646,1059.0
scanId=332582,5.5429,1287.6133525030132,1887.0
scanId=332582,5.5429,1287.6340168651957,2504.0
scanId=332582,5.5429,1287.654681363192,2886.0
scanId=332582,5.5429,1287.6753460570185,2702.0
scanId=332582,5.5429,1287.6960108866444,2168.0
scanId=332582,5.5429,1287.7166759121126,1611.0
scanId=332582,5.5429,1287.7373410733687,1191.0
scanId=332582,5.5429,1288.5434123012265,1577.0
scanId=332582,5.5429,1288.5640840950753,2681.0
scanId=332582,5.5429,1288.5847560850434,4260.0
scanId=332582,5.5429,1288.6054282105215,5732.0
scanId=332582,5.5429,1288.6261005321323,5982.0
scanId=332582,5.5429,1288.6467729892406,5114.0
scanId=332582,5.5429,1288.667445642494,4080.0
scanId=332582,5.5429,1288.6881184312315,3132.0
scanId=332582,5.5429,1288.7087914161282,2221.0
scanId=332582,5.5429,1288.7294645364957,1526.0
scanId=332582,5.5429,1288.7501378530346,1072.0
scanId=332582,5.5429,1289.556525928998,1543.0
scanId=332582,5.5429,1289.577205878394,3134.0
scanId=332582,5.5429,1289.5978859629845,4659.0
scanId=332582,5.5429,1289.618566244024,5247.0
scanId=332582,5.5429,1289.6392466602429,4940.0
scanId=332582,5.5429,1289.6599272729254,4023.0
scanId=332582,5.5429,1289.6806080207748,2909.0
scanId=332582,5.5429,1289.7012889651,2108.0
scanId=332582,5.5429,1289.7219700445785,1595.0
scanId=332582,5.5429,1289.7426513205469,1349.0
scanId=332582,5.5429,1289.7633327316553,1189.0
scanId=332582,5.5429,1290.5700377167177,1397.0
scanId=332582,5.5429,1290.590725760419,2328.0
scanId=332582,5.5429,1290.6114140008874,2776.0
scanId=332582,5.5429,1290.6321023762189,2724.0
scanId=332582,5.5429,1290.6527909483302,2336.0
scanId=332582,5.5429,1290.6734796552912,1896.0
scanId=332582,5.5429,1290.6941685590457,1546.0
scanId=332582,5.5429,1290.714857597636,1386.0
scanId=332582,5.5429,1290.7355468330336,1329.0
scanId=332582,5.5429,1290.7562362032531,1363.0
scanId=332582,5.5429,1290.776925770294,1541.0
scanId=332582,5.5429,1290.7976154721437,1423.0
scanId=332582,5.5429,1290.8183053708271,1062.0
scanId=332582,5.5429,1291.6253401371846,1113.0
scanId=332582,5.5429,1291.646036668726,1046.0
scanId=332582,5.5429,1291.728824390513,1199.0
scanId=332582,5.5429,1291.7495217198446,1466.0
scanId=332582,5.5429,1291.7702192463153,1383.0
scanId=332582,5.5429,1291.7909169072766,1251.0
scanId=332582,5.5429,1291.81161476539,1154.0
scanId=332582,5.5429,1294.7523919445214,1546.0
scanId=332582,5.5429,1294.7731134828166,2685.0
scanId=332582,5.5429,1294.7938352192257,4862.0
scanId=332582,5.5429,1294.814557089151,7250.0
scanId=332582,5.5429,1294.835279157203,8094.0
scanId=332582,5.5429,1294.856001358758,6973.0
scanId=332582,5.5429,1294.8767237584532,5102.0
scanId=332582,5.5429,1294.8974462916378,3478.0
scanId=332582,5.5429,1294.9181690229764,2390.0
scanId=332582,5.5429,1294.93889188779,1660.0
scanId=332582,5.5429,1294.9596149507715,1091.0
scanId=332582,5.5429,1295.767943098104,1570.0
scanId=332582,5.5429,1295.7886727939467,2957.0
scanId=332582,5.5429,1295.8094026229835,4749.0
scanId=332582,5.5429,1295.8301326504684,5980.0
scanId=332582,5.5429,1295.850862811135,5855.0
scanId=332582,5.5429,1295.8715931702638,4628.0
scanId=332582,5.5429,1295.8923236625594,3262.0
scanId=332582,5.5429,1295.913054353331,2196.0
scanId=332582,5.5429,1295.9337851772568,1444.0
scanId=332582,5.5429,1296.7838924137511,1221.0
scanId=332582,5.5429,1296.8046302018995,1647.0
scanId=332582,5.5429,1296.8253681888193,2146.0
scanId=332582,5.5429,1296.8461063085972,2231.0
scanId=332582,5.5429,1296.8668446271597,1885.0
scanId=332582,5.5429,1296.887583078567,1392.0
scanId=332582,5.5429,1297.6342783576713,1071.0
scanId=332582,5.5429,1297.6550229774532,1065.0
scanId=332582,5.5429,1299.584995846735,1005.0
scanId=332582,5.5429,1299.6057560537454,1412.0
scanId=332582,5.5429,1299.6265163927092,1828.0
scanId=332582,5.5429,1299.647276931363,2433.0
scanId=332582,5.5429,1299.668037601957,2926.0
scanId=332582,5.5429,1299.6887984722537,2939.0
scanId=332582,5.5429,1299.7095594744767,2511.0
scanId=332582,5.5429,1299.7303206764166,1849.0
scanId=332582,5.5429,1299.7510820102698,1297.0
scanId=332582,5.5429,1300.6232084779497,1298.0
scanId=332582,5.5429,1300.6439769760402,1782.0
scanId=332582,5.5429,1300.6647456057456,2130.0
scanId=332582,5.5429,1300.685514435479,2141.0
scanId=332582,5.5429,1300.706283396814,1818.0
scanId=332582,5.5429,1300.727052558191,1309.0
scanId=332582,5.5429,1301.599506351174,1280.0
scanId=332582,5.5429,1301.620282608361,1416.0
scanId=332582,5.5429,1301.6410590658893,1534.0
scanId=332582,5.5429,1301.6618356547062,1657.0
scanId=332582,5.5429,1301.6826124438778,1912.0
scanId=332582,5.5429,1301.7033893643245,1844.0
scanId=332582,5.5429,1301.7241664851388,1436.0
scanId=332582,5.5429,1301.7449437372147,1000.0
scanId=332582,5.5429,1302.7216624572784,1025.0
scanId=332582,5.5429,1303.6571618882165,1108.0
scanId=332582,5.5429,1303.677954596266,1040.0
scanId=332582,5.5429,1304.592997136284,1232.0
scanId=332582,5.5429,1304.6137972708057,1361.0
scanId=332582,5.5429,1304.6345976066511,1282.0
scanId=332582,5.5429,1304.6553980728024,1105.0
scanId=332582,5.5429,1305.5915914884508,1359.0
scanId=332582,5.5429,1305.6123995820833,1455.0
scanId=332582,5.5429,1305.63320787737,1255.0
scanId=332582,5.5429,1307.5691024460598,1130.0
scanId=332582,5.5429,1307.589926328587,1645.0
scanId=332582,5.5429,1307.6107503404428,1899.0
scanId=332582,5.5429,1307.6315745546126,1846.0
scanId=332582,5.5429,1307.6523988980985,1711.0
scanId=332582,5.5429,1307.6732234439123,1429.0
scanId=332582,5.5429,1307.694048119028,1117.0
scanId=332582,5.5429,1308.5688349746226,1024.0
scanId=332582,5.5429,1308.5896668165926,1393.0
scanId=332582,5.5429,1308.6104987875597,1751.0
scanId=332582,5.5429,1308.631330961173,1930.0
scanId=332582,5.5429,1308.6521632637705,1694.0
scanId=332582,5.5429,1308.6729957690268,1372.0
scanId=332582,5.5429,1308.6938284032535,1144.0
scanId=332582,5.5429,1309.6106292799932,1091.0
scanId=332582,5.5429,1309.63146941305,1202.0
scanId=332582,5.5429,1309.6523096747585,1062.0
scanId=332582,5.5429,1313.5732282975248,1598.0
scanId=332582,5.5429,1313.5940999367208,2252.0
scanId=332582,5.5429,1313.6149717032458,2594.0
scanId=332582,5.5429,1313.635843674085,2471.0
scanId=332582,5.5429,1313.6567157722395,2060.0
scanId=332582,5.5429,1313.6775880747227,1643.0
scanId=332582,5.5429,1313.6984605045066,1236.0
scanId=332582,5.5429,1314.5752530982495,1111.0
scanId=332582,5.5429,1314.596132696893,1977.0
scanId=332582,5.5429,1314.6170124225291,2430.0
scanId=332582,5.5429,1314.637892352816,2396.0
scanId=332582,5.5429,1314.6587724100823,2057.0
scanId=332582,5.5429,1314.6796526720125,1714.0
scanId=332582,5.5429,1314.7005330609086,1431.0
scanId=332582,5.5429,1314.7214136544828,1210.0
scanId=332582,5.5429,1314.7422943750084,1091.0
scanId=332582,5.5429,1315.5776599443975,1174.0
scanId=332582,5.5429,1315.598547502489,1522.0
scanId=332582,5.5429,1315.619435187237,1821.0
scanId=332582,5.5429,1315.6403230769724,1692.0
scanId=332582,5.5429,1315.6612110933495,1294.0
scanId=332582,5.5429,1323.5687664229292,2767.0
scanId=332582,5.5429,1323.5897173249898,6305.0
scanId=332582,5.5429,1323.6106683510002,10616.0
scanId=332582,5.5429,1323.631619584704,13398.0
scanId=332582,5.5429,1323.6525709423445,13603.0
scanId=332582,5.5429,1323.6735225076927,11441.0
scanId=332582,5.5429,1323.6944741969623,8255.0
scanId=332582,5.5429,1323.715426093954,5591.0
scanId=332582,5.5429,1323.736378114853,3756.0
scanId=332582,5.5429,1323.7573303434897,2612.0
scanId=332582,5.5429,1323.778282696018,1844.0
scanId=332582,5.5429,1323.7992352562983,1216.0
scanId=332582,5.5429,1324.5536371066446,1892.0
scanId=332582,5.5429,1324.5745957601368,3787.0
scanId=332582,5.5429,1324.5955546216524,6627.0
scanId=332582,5.5429,1324.6165136067737,9782.0
scanId=332582,5.5429,1324.637472799933,11361.0
scanId=332582,5.5429,1324.6584321166845,10900.0
scanId=332582,5.5429,1324.679391641488,9185.0
scanId=332582,5.5429,1324.7003512898686,7004.0
scanId=332582,5.5429,1324.721311146316,5019.0
scanId=332582,5.5429,1324.742271126327,3485.0
scanId=332582,5.5429,1324.7632313144177,2504.0
scanId=332582,5.5429,1324.784191626058,1639.0
scanId=332582,5.5429,1324.8051521457935,1124.0
scanId=332582,5.5429,1325.5598405303442,1027.0
scanId=332582,5.5429,1325.580807142948,1877.0
scanId=332582,5.5429,1325.6017739639187,3049.0
scanId=332582,5.5429,1325.622740908152,3927.0
scanId=332582,5.5429,1325.6437080607673,4303.0
scanId=332582,5.5429,1325.6646753366297,4248.0
scanId=332582,5.5429,1325.685642820889,3553.0
scanId=332582,5.5429,1325.7066104283815,2661.0
scanId=332582,5.5429,1325.7275782442848,1971.0
scanId=332582,5.5429,1325.7485461834067,1421.0
scanId=332582,5.5429,1325.7695143309538,1061.0
scanId=332582,5.5429,1326.608375351808,1028.0
scanId=332582,5.5429,1326.629350255153,1276.0
scanId=332582,5.5429,1326.650325367224,1265.0
scanId=332582,5.5429,1326.6713006021985,1102.0
scanId=332582,5.5429,1329.5674763543834,1067.0
scanId=332582,5.5429,1329.5884746815402,1196.0
scanId=332582,5.5429,1329.60947313059,1156.0
scanId=332582,5.5429,1329.6304717893918,1012.0
scanId=332582,5.5429,1330.5755820469128,1162.0
scanId=332582,5.5429,1330.5965883335298,1308.0
scanId=332582,5.5429,1330.617594741691,1278.0
scanId=332582,5.5429,1330.638601359952,1031.0
scanId=332582,5.5429,1331.584069785154,1331.0
scanId=332582,5.5429,1331.6050840312312,1332.0
scanId=332582,5.5429,1331.6260983985037,1038.0
scanId=332582,5.5429,1332.592939569125,1008.0
scanId=332582,5.5429,1339.6024926632845,1151.0
scanId=332582,5.5429,1339.62357004019,1129.0
scanId=332582,5.5429,1340.5722247137016,1213.0
scanId=332582,5.5429,1340.593309718089,1837.0
scanId=332582,5.5429,1340.614394936053,2203.0
scanId=332582,5.5429,1340.6354802720691,2172.0
scanId=332582,5.5429,1340.6565658216775,1918.0
scanId=332582,5.5429,1340.677651489324,1603.0
scanId=332582,5.5429,1340.698737370577,1311.0
scanId=332582,5.5429,1341.5844931137824,1342.0
scanId=332582,5.5429,1341.605586077281,1710.0
scanId=332582,5.5429,1341.626679254712,1800.0
scanId=332582,5.5429,1341.6477725498405,1652.0
scanId=332582,5.5429,1341.6688660589168,1421.0
scanId=332582,5.5429,1341.689959685675,1160.0
scanId=332582,5.5429,1342.618244482382,1108.0
scanId=332582,5.5429,1342.639345619282,1250.0
scanId=332582,5.5429,1342.6604468735218,1190.0
scanId=332582,5.5429,1342.6815483420662,1062.0
scanId=332582,5.5429,1353.6131986241155,1116.0
scanId=332582,5.5429,1353.6343859886383,1587.0
scanId=332582,5.5429,1353.6555734665858,1802.0
scanId=332582,5.5429,1353.6767611627538,1636.0
scanId=332582,5.5429,1353.6979489723312,1306.0
scanId=332582,5.5429,1354.6515732311764,1200.0
scanId=332582,5.5429,1354.6727686682354,1182.0
scanId=332582,5.5429,1355.3087096770716,1308.0
scanId=332582,5.5429,1355.3299103073905,1269.0
scanId=332582,5.5429,1355.3511110505235,1087.0
scanId=332582,5.5429,1355.5843304870918,1063.0
scanId=332582,5.5429,1355.6055332200033,1436.0
scanId=332582,5.5429,1355.6267361718365,1518.0
scanId=332582,5.5429,1355.6479392363774,1474.0
scanId=332582,5.5429,1355.669142519856,1364.0
scanId=332582,5.5429,1355.690345916027,1061.0
scanId=332582,5.5429,1356.284109074942,1209.0
scanId=332582,5.5429,1356.3053173330943,1535.0
scanId=332582,5.5429,1356.3265257037094,1657.0
scanId=332582,5.5429,1356.3477342935073,1536.0
scanId=332582,5.5429,1356.368942995752,1294.0
scanId=332582,5.5429,1357.30229122916,1006.0
scanId=332582,5.5429,1357.3235074467918,1447.0
scanId=332582,5.5429,1357.3447237765188,1540.0
scanId=332582,5.5429,1357.3659403257957,1275.0
scanId=332582,5.5429,1357.6205515285835,1021.0
scanId=332582,5.5429,1357.641770179718,1052.0
scanId=332582,5.5429,1358.2996314723575,1068.0
scanId=332582,5.5429,1358.320855429566,1359.0
scanId=332582,5.5429,1358.342079606678,1447.0
scanId=332582,5.5429,1358.3633038955163,1316.0
scanId=332582,5.5429,1365.5891838053408,1102.0
scanId=332582,5.5429,1365.6104646937702,1158.0
scanId=332582,5.5429,1365.6317456912773,1119.0
scanId=332582,5.5429,1366.5895635067009,1347.0
scanId=332582,5.5429,1366.6108521316903,1472.0
scanId=332582,5.5429,1366.6321409796055,1370.0
scanId=332582,5.5429,1366.6534299362247,1102.0
scanId=332582,5.5429,1367.6329025043915,1071.0
scanId=332582,5.5429,1367.6541993117942,1081.0
scanId=332582,5.5429,1367.6754962275247,1065.0
scanId=332582,5.5429,1367.6967933665717,1103.0
scanId=332582,5.5429,1367.718090613932,1031.0
scanId=332582,5.5429,1373.2823492181878,1019.0
scanId=332582,5.5429,1373.3036899090312,1110.0
scanId=332582,5.5429,1373.32503082527,1128.0
scanId=332582,5.5429,1381.5749981673137,1049.0
scanId=332582,5.5429,1381.596403194308,1388.0
scanId=332582,5.5429,1381.6178084497938,1474.0
scanId=332582,5.5429,1381.6392138084186,1386.0
scanId=332582,5.5429,1381.66061939555,1197.0
scanId=332582,5.5429,1382.581215127511,1293.0
scanId=332582,5.5429,1382.6026280108483,1616.0
scanId=332582,5.5429,1382.6240409969548,1545.0
scanId=332582,5.5429,1382.6454542119384,1268.0
scanId=332582,5.5429,1382.6668675296746,1024.0
scanId=332582,5.5429,1383.587798444591,1178.0
scanId=332582,5.5429,1383.609219058179,1241.0
scanId=332582,5.5429,1383.6306399010152,1143.0
scanId=332582,5.5429,1391.5892032913946,1350.0
scanId=332582,5.5429,1391.610685820369,1627.0
scanId=332582,5.5429,1391.632168448701,1626.0
scanId=332582,5.5429,1391.6536513093215,1385.0
scanId=332582,5.5429,1392.5990598750273,1164.0
scanId=332582,5.5429,1392.6205501308411,1257.0
scanId=332582,5.5429,1392.6420406193204,1297.0
scanId=332582,5.5429,1392.663531206764,1137.0
scanId=332582,5.5429,1393.630780802166,1040.0
scanId=332582,5.5429,1415.5801675936525,1096.0
scanId=332582,5.5429,1415.6018345180144,1296.0
scanId=332582,5.5429,1415.6235015324294,1453.0
scanId=332582,5.5429,1415.645168788438,1687.0
scanId=332582,5.5429,1415.6668361344823,1775.0
scanId=332582,5.5429,1415.6885037221375,1485.0
scanId=332582,5.5429,1415.710171399812,1123.0
scanId=332582,5.5429,1416.6637150459887,1053.0
scanId=332582,5.5429,1425.7601353771374,1015.0
scanId=332582,5.5429,1431.8333248976396,1126.0
scanId=332582,5.5429,1431.8551158579664,1154.0
scanId=332582,5.5429,1433.6207309580668,1114.0
scanId=332582,5.5429,1433.64253551593,1194.0
scanId=332582,5.5429,1433.6643401566475,1198.0
scanId=332582,5.5429,1433.686145046158,1088.0
scanId=332582,5.5429,1437.6573887741629,1048.0
scanId=332582,5.5429,1463.8026432809895,1462.0
scanId=332582,5.5429,1463.8246760829036,2032.0
scanId=332582,5.5429,1463.8467091460093,2222.0
scanId=332582,5.5429,1463.8687422795524,2177.0
scanId=332582,5.5429,1463.8907756743065,1852.0
scanId=332582,5.5429,1463.9128091394796,1481.0
scanId=332582,5.5429,1463.934842865881,1234.0
scanId=332582,5.5429,1464.7942856263396,1770.0
scanId=332582,5.5429,1464.8163259857029,2344.0
scanId=332582,5.5429,1464.8383664150988,2712.0
scanId=332582,5.5429,1464.8604071061104,2620.0
scanId=332582,5.5429,1464.882447867136,2169.0
scanId=332582,5.5429,1464.9044888897956,1674.0
scanId=332582,5.5429,1464.9265299824506,1263.0
scanId=332582,5.5429,1465.8083115770762,1387.0
scanId=332582,5.5429,1465.830359564347,1720.0
scanId=332582,5.5429,1465.852407621224,1869.0
scanId=332582,5.5429,1465.8744559401423,2030.0
scanId=332582,5.5429,1465.8965043286498,1951.0
scanId=332582,5.5429,1465.9185529792162,1690.0
scanId=332582,5.5429,1465.9406016993532,1292.0
scanId=332582,5.5429,1466.822688401757,1135.0
scanId=332582,5.5429,1466.8447440169348,1159.0
scanId=332582,5.5429,1466.8667997012938,1247.0
scanId=332582,5.5429,1466.8888556481195,1226.0
scanId=332582,5.5429,1466.9109116641089,1089.0
scanId=332582,5.5429,1467.925669873527,1045.0
scanId=332582,5.5429,1467.9477337799094,1166.0
scanId=332582,5.5429,1467.96979775501,1014.0
scanId=332582,5.5429,1468.9187076859669,1134.0
scanId=332582,5.5429,1468.940778956919,1351.0
scanId=332582,5.5429,1468.9628504912098,1324.0
scanId=332582,5.5429,1468.9849220937924,1207.0
scanId=332582,5.5429,1477.7826055624755,1349.0
scanId=332582,5.5429,1477.8047434264329,2525.0
scanId=332582,5.5429,1477.8268813549444,3507.0
scanId=332582,5.5429,1477.849019550549,4099.0
scanId=332582,5.5429,1477.8711578106902,4232.0
scanId=332582,5.5429,1477.893296337944,3655.0
scanId=332582,5.5429,1477.9154349297146,2649.0
scanId=332582,5.5429,1477.9375737886169,1906.0
scanId=332582,5.5429,1477.959712712017,1447.0
scanId=332582,5.5429,1477.981851902568,1174.0
scanId=332582,5.5429,1478.778971374241,1168.0
scanId=332582,5.5429,1478.8011165986045,2417.0
scanId=332582,5.5429,1478.8232620904762,3669.0
scanId=332582,5.5429,1478.8454076464695,4766.0
scanId=332582,5.5429,1478.8675534699896,5474.0
scanId=332582,5.5429,1478.8896993576122,4917.0
scanId=332582,5.5429,1478.9118455127807,3566.0
scanId=332582,5.5429,1478.9339917320333,2437.0
scanId=332582,5.5429,1478.9561382188497,1671.0
scanId=332582,5.5429,1478.978284769732,1210.0
scanId=332582,5.5429,1479.0004315881974,1003.0
scanId=332582,5.5429,1479.7978256570125,1262.0
scanId=332582,5.5429,1479.8199785088582,2121.0
scanId=332582,5.5429,1479.8421316286442,3188.0
scanId=332582,5.5429,1479.8642848121194,3661.0
scanId=332582,5.5429,1479.8864382635547,3090.0
scanId=332582,5.5429,1479.908591778659,2203.0
scanId=332582,5.5429,1479.930745561743,1566.0
scanId=332582,5.5429,1479.9528994084774,1123.0
scanId=332582,5.5429,1480.8170308139215,1259.0
scanId=332582,5.5429,1480.839191293249,1395.0
scanId=332582,5.5429,1480.8613520409515,1577.0
scanId=332582,5.5429,1480.883512851908,1645.0
scanId=332582,5.5429,1480.9056739312591,1473.0
scanId=332582,5.5429,1480.927835073846,1193.0
scanId=332582,5.5429,1485.785131178611,1019.0
scanId=332582,5.5429,1485.807328800459,1116.0
scanId=332582,5.5429,1485.8295266928026,1305.0
scanId=332582,5.5429,1485.8517246462798,1404.0
scanId=332582,5.5429,1485.873922870273,1281.0
scanId=332582,5.5429,1485.8961211553794,1000.0
scanId=332582,5.5429,1486.7841906258193,1018.0
scanId=332582,5.5429,1486.8063958144344,1456.0
scanId=332582,5.5429,1486.8286010637642,1696.0
scanId=332582,5.5429,1486.8508065840272,1585.0
scanId=332582,5.5429,1486.8730121649864,1326.0
scanId=332582,5.5429,1486.8952180168988,1136.0
scanId=332582,5.5429,1487.850224201302,1074.0
scanId=332582,5.5429,1487.8724373494856,1168.0
scanId=332582,5.5429,1487.894650557926,1129.0
scanId=332582,5.5429,1491.806767339012,1331.0
scanId=332582,5.5429,1491.8290100039346,2317.0
scanId=332582,5.5429,1491.8512527274142,3550.0
scanId=332582,5.5429,1491.8734957239856,4407.0
scanId=332582,5.5429,1491.8957387790942,4271.0
scanId=332582,5.5429,1491.9179821073144,3346.0
scanId=332582,5.5429,1491.9402254940533,2408.0
scanId=332582,5.5429,1491.9624691539218,1720.0
scanId=332582,5.5429,1491.9847128722904,1233.0
scanId=332582,5.5429,1492.8078490623725,1542.0
scanId=332582,5.5429,1492.8300990817042,2553.0
scanId=332582,5.5429,1492.8523493745488,3771.0
scanId=332582,5.5429,1492.8745997255105,4570.0
scanId=332582,5.5429,1492.8968503500046,4665.0
scanId=332582,5.5429,1492.9191010325956,4069.0
scanId=332582,5.5429,1492.941351988738,3095.0
scanId=332582,5.5429,1492.9636030029587,2094.0
scanId=332582,5.5429,1492.9858542907505,1358.0
scanId=332582,5.5429,1493.8092664627743,1285.0
scanId=332582,5.5429,1493.8315240518943,2116.0
scanId=332582,5.5429,1493.853781698708,3164.0
scanId=332582,5.5429,1493.8760396194766,3978.0
scanId=332582,5.5429,1493.8982975979193,3894.0
scanId=332582,5.5429,1493.9205558503368,3251.0
scanId=332582,5.5429,1493.9428141604096,2426.0
scanId=332582,5.5429,1493.9650727444755,1728.0
scanId=332582,5.5429,1493.987331386178,1260.0
scanId=332582,5.5429,1494.855549915742,1312.0
scanId=332582,5.5429,1494.8778151900376,1592.0
scanId=332582,5.5429,1494.90008073873,1625.0
scanId=332582,5.5429,1494.9223463446554,1516.0
scanId=332582,5.5429,1494.9446122249965,1355.0
scanId=332582,5.5429,1494.966878162551,1139.0
scanId=332582,5.5429,1499.7802185529476,1313.0
scanId=332582,5.5429,1499.8025205830238,2071.0
scanId=332582,5.5429,1499.8248226682092,2576.0
scanId=332582,5.5429,1499.8471250299342,2710.0
scanId=332582,5.5429,1499.8694274467498,2474.0
scanId=332582,5.5429,1499.891730140124,2024.0
scanId=332582,5.5429,1499.9140328885687,1478.0
scanId=332582,5.5429,1499.9363359135918,1040.0
scanId=332582,5.5429,1500.7839716324293,1557.0
scanId=332582,5.5429,1500.8062810134677,2356.0
scanId=332582,5.5429,1500.8285906714707,2819.0
scanId=332582,5.5429,1500.8509003841386,2705.0
scanId=332582,5.5429,1500.8732103737902,2195.0
scanId=332582,5.5429,1500.895520418088,1646.0
scanId=332582,5.5429,1500.9178307393893,1146.0
scanId=332582,5.5429,1501.810377339884,1234.0
scanId=332582,5.5429,1501.8326943484033,1753.0
scanId=332582,5.5429,1501.8550116343347,1793.0
scanId=332582,5.5429,1501.8773289744845,1632.0
scanId=332582,5.5429,1501.899646592064,1353.0
scanId=332582,5.5429,1501.9219642638434,1064.0
scanId=332582,5.5429,1502.8371339217674,1137.0
scanId=332582,5.5429,1502.8594585577696,1158.0
scanId=332582,5.5429,1505.8301202717732,1240.0
scanId=332582,5.5429,1505.852467126961,1779.0
scanId=332582,5.5429,1505.874814261311,2482.0
scanId=332582,5.5429,1505.8971614481288,2782.0
scanId=332582,5.5429,1505.9195089141274,2573.0
scanId=332582,5.5429,1505.941856432575,2032.0
scanId=332582,5.5429,1505.964204230223,1389.0
scanId=332582,5.5429,1506.83589541005,1039.0
scanId=332582,5.5429,1506.8582498406813,1507.0
scanId=332582,5.5429,1506.8806043233508,2107.0
scanId=332582,5.5429,1506.9029590856314,2449.0
scanId=332582,5.5429,1506.925313899931,2212.0
scanId=332582,5.5429,1506.947668993861,1653.0
scanId=332582,5.5429,1506.9700241397898,1197.0
scanId=332582,5.5429,1507.8643682255208,1383.0
scanId=332582,5.5429,1507.8867302840831,1575.0
scanId=332582,5.5429,1507.9090923942354,1468.0
scanId=332582,5.5429,1507.9314547844467,1234.0
scanId=332582,5.5429,1513.79609904133,1117.0
scanId=332582,5.5429,1513.8185049265944,1798.0
scanId=332582,5.5429,1513.8409110945097,2391.0
scanId=332582,5.5429,1513.8633173114042,2659.0
scanId=332582,5.5429,1513.885723810968,2421.0
scanId=332582,5.5429,1513.9081303594924,1837.0
scanId=332582,5.5429,1513.930537190706,1265.0
scanId=332582,5.5429,1514.8045306098488,1258.0
scanId=332582,5.5429,1514.8269440740496,1800.0
scanId=332582,5.5429,1514.8493575867965,2058.0
scanId=332582,5.5429,1514.871771382646,2195.0
scanId=332582,5.5429,1514.8941852270225,1932.0
scanId=332582,5.5429,1514.9165993545218,1472.0
scanId=332582,5.5429,1515.813298080628,1167.0
scanId=332582,5.5429,1515.8357188892264,1549.0
scanId=332582,5.5429,1515.858139981363,1655.0
scanId=332582,5.5429,1515.8805611215914,1603.0
scanId=332582,5.5429,1515.9029825453763,1416.0
scanId=332582,5.5429,1515.9254040172348,1047.0
scanId=332582,5.5429,1527.8321486354216,1298.0
scanId=332582,5.5429,1527.8546582779798,1466.0
scanId=332582,5.5429,1527.8771679633237,1382.0
scanId=332582,5.5429,1527.8996779375311,1191.0
scanId=332582,5.5429,1528.8452440056342,1012.0
scanId=332582,5.5429,1528.8677609868305,1157.0
scanId=332582,5.5429,1528.8902782573311,1152.0
scanId=332582,5.5429,1543.9461974503663,1003.0
scanId=332582,5.5429,1579.378822180703,1051.0
scanId=332582,5.5429,1580.0196972895371,1277.0
scanId=332582,5.5429,1580.0425880173432,1726.0
scanId=332582,5.5429,1580.0654790576275,1968.0
scanId=332582,5.5429,1580.088370117064,1973.0
scanId=332582,5.5429,1580.111261488999,1769.0
scanId=332582,5.5429,1580.1341528800644,1395.0
scanId=332582,5.5429,1581.0041514003433,1003.0
scanId=332582,5.5429,1581.0270494052916,1861.0
scanId=332582,5.5429,1581.0499474289506,2611.0
scanId=332582,5.5429,1581.0728457655505,3035.0
scanId=332582,5.5429,1581.095744120839,3192.0
scanId=332582,5.5429,1581.1186427890889,2735.0
scanId=332582,5.5429,1581.1415414760072,1918.0
scanId=332582,5.5429,1581.164440475908,1276.0
scanId=332582,5.5429,1582.0576278682522,1228.0
scanId=332582,5.5429,1582.0805335011678,1340.0
scanId=332582,5.5429,1582.103439152308,1404.0
scanId=332582,5.5429,1582.1263451168743,1364.0
scanId=332582,5.5429,1582.149251099645,1143.0
scanId=332582,5.5429,1828.0600918190576,1680.0
scanId=332582,5.5429,1828.0847140798812,2211.0
scanId=332582,5.5429,1828.1093362460667,2731.0
scanId=332582,5.5429,1828.1339588385408,2965.0
scanId=332582,5.5429,1828.1585813363563,2735.0
scanId=332582,5.5429,1828.18320426048,2191.0
scanId=332582,5.5429,1828.207827089925,1601.0
scanId=332582,5.5429,1828.2324503457,1069.0
scanId=332582,5.5429,1829.045106382451,1133.0
scanId=332582,5.5429,1829.069735276282,2172.0
scanId=332582,5.5429,1829.0943640750609,3179.0
scanId=332582,5.5429,1829.118993300543,4000.0
scanId=332582,5.5429,1829.1436224309516,4293.0
scanId=332582,5.5429,1829.1682519880835,3539.0
scanId=332582,5.5429,1829.1928814501211,2612.0
scanId=332582,5.5429,1829.217511338904,1832.0
scanId=332582,5.5429,1829.2421411325715,1176.0
scanId=332582,5.5429,1830.0303862578612,1000.0
scanId=332582,5.5429,1830.0550217847,1310.0
scanId=332582,5.5429,1830.079657216072,1698.0
scanId=332582,5.5429,1830.1042930745616,2288.0
scanId=332582,5.5429,1830.1289288375624,2778.0
scanId=332582,5.5429,1830.1535650277024,2837.0
scanId=332582,5.5429,1830.1782011223331,2361.0
scanId=332582,5.5429,1830.202837644124,1811.0
scanId=332582,5.5429,1830.227474070384,1379.0
scanId=332582,5.5429,1830.252110923825,1019.0
scanId=332582,5.5429,1831.065215669089,1379.0
scanId=332582,5.5429,1831.089858160586,1897.0
scanId=332582,5.5429,1831.11450055618,2083.0
scanId=332582,5.5429,1831.139143379327,2011.0
scanId=332582,5.5429,1831.1637861065508,1647.0
scanId=332582,5.5429,1831.1884292613488,1188.0
scanId=332582,5.5429,1835.42949644546,1025.0
scanId=332582,5.5429,1835.454168024462,1062.0
scanId=332582,5.5429,1850.039387256509,1173.0
scanId=332582,5.5429,1850.064157101636,1525.0
scanId=332582,5.5429,1850.0889268430144,1751.0
scanId=332582,5.5429,1850.1136970197915,1772.0
scanId=332582,5.5429,1850.1384670927985,1485.0
scanId=332582,5.5429,1850.163237601225,1070.0
scanId=332582,5.5429,1851.0550814878256,1413.0
scanId=332582,5.5429,1851.0798578617969,1904.0
scanId=332582,5.5429,1851.1046346715689,2337.0
scanId=332582,5.5429,1851.1294113771692,2312.0
scanId=332582,5.5429,1851.154188518592,1962.0
scanId=332582,5.5429,1851.178965555822,1513.0
scanId=332582,5.5429,1851.2037430288935,1071.0
scanId=332582,5.5429,1852.04627118578,1367.0
scanId=332582,5.5429,1852.071054192344,1729.0
scanId=332582,5.5429,1852.095837635111,1959.0
scanId=332582,5.5429,1852.1206209733043,2002.0
scanId=332582,5.5429,1852.1454047477216,1811.0
scanId=332582,5.5429,1852.1701884175443,1432.0
scanId=332582,5.5429,1852.1949725236116,1039.0
scanId=332582,5.5429,1928.380580252394,1038.0
scanId=332582,5.5429,2330.2269634019176,2143.0
scanId=332582,5.5429,2330.2547622484776,4985.0
scanId=332582,5.5429,2330.2825615233137,8554.0
scanId=332582,5.5429,2330.3103607015023,12097.0
scanId=332582,5.5429,2330.3381603079274,15278.0
scanId=332582,5.5429,2330.3659598177464,17076.0
scanId=332582,5.5429,2330.39375975576,16518.0
scanId=332582,5.5429,2330.421559597208,13718.0
scanId=332582,5.5429,2330.4493598668096,10090.0
scanId=332582,5.5429,2330.477160039888,7126.0
scanId=332582,5.5429,2330.504960641078,4813.0
scanId=332582,5.5429,2330.532761145786,3355.0
scanId=332582,5.5429,2330.560562078565,2198.0
scanId=332582,5.5429,2330.588362914903,1476.0
scanId=332582,5.5429,2330.616164179269,1092.0
scanId=332582,5.5429,2331.200026147577,1573.0
scanId=332582,5.5429,2331.2278310594165,4499.0
scanId=332582,5.5429,2331.2556358753104,9732.0
scanId=332582,5.5429,2331.283441118739,16775.0
scanId=332582,5.5429,2331.3112462662616,23855.0
scanId=332582,5.5429,2331.339051841278,28917.0
scanId=332582,5.5429,2331.366857320431,31124.0
scanId=332582,5.5429,2331.394663227035,29031.0
scanId=332582,5.5429,2331.4224690378173,23602.0
scanId=332582,5.5429,2331.450275276011,17655.0
scanId=332582,5.5429,2331.4780814184232,12531.0
scanId=332582,5.5429,2331.505887988204,8806.0
scanId=332582,5.5429,2331.533694462246,6024.0
scanId=332582,5.5429,2331.561501363615,4150.0
scanId=332582,5.5429,2331.589308169287,2789.0
scanId=332582,5.5429,2331.6171154022445,1862.0
scanId=332582,5.5429,2331.6449225395454,1307.0
scanId=332582,5.5429,2332.201102719114,1475.0
scanId=332582,5.5429,2332.2289135995416,3598.0
scanId=332582,5.5429,2332.2567243847684,8243.0
scanId=332582,5.5429,2332.2845355967847,14149.0
scanId=332582,5.5429,2332.3123467136406,19384.0
scanId=332582,5.5429,2332.3401582572446,23209.0
scanId=332582,5.5429,2332.367969705731,24960.0
scanId=332582,5.5429,2332.395781580922,23267.0
scanId=332582,5.5429,2332.423593361039,19012.0
scanId=332582,5.5429,2332.4514055678187,14220.0
scanId=332582,5.5429,2332.4792176795645,10153.0
scanId=332582,5.5429,2332.507030217932,7114.0
scanId=332582,5.5429,2332.5348426613077,4994.0
scanId=332582,5.5429,2332.5626555312638,3496.0
scanId=332582,5.5429,2332.5904683062686,2403.0
scanId=332582,5.5429,2332.6182815078114,1680.0
scanId=332582,5.5429,2332.646094614446,1249.0
scanId=332582,5.5429,2333.1745777502656,1175.0
scanId=332582,5.5429,2333.202394173196,1606.0
scanId=332582,5.5429,2333.230211022207,2557.0
scanId=332582,5.5429,2333.258027776768,4698.0
scanId=332582,5.5429,2333.2858449573664,7782.0
scanId=332582,5.5429,2333.313662043556,10465.0
scanId=332582,5.5429,2333.341479555743,12377.0
scanId=332582,5.5429,2333.369296973563,13200.0
scanId=332582,5.5429,2333.3971148173364,12809.0
scanId=332582,5.5429,2333.424932566786,11240.0
scanId=332582,5.5429,2333.4527507421485,8827.0
scanId=332582,5.5429,2333.480568823228,6356.0
scanId=332582,5.5429,2333.508387330177,4553.0
scanId=332582,5.5429,2333.536205742886,3297.0
scanId=332582,5.5429,2333.5640245814234,2478.0
scanId=332582,5.5429,2333.591843325762,1866.0
scanId=332582,5.5429,2333.6196624958866,1379.0
scanId=332582,5.5429,2333.6474815718548,1036.0
scanId=332582,5.5429,2334.259546051222,1787.0
scanId=332582,5.5429,2334.287369200398,2822.0
scanId=332582,5.5429,2334.3151922559223,4312.0
scanId=332582,5.5429,2334.343015736687,5797.0
scanId=332582,5.5429,2334.3708391238406,6594.0
scanId=332582,5.5429,2334.398662936192,6279.0
scanId=332582,5.5429,2334.426486654975,5249.0
scanId=332582,5.5429,2334.4543107989143,4110.0
scanId=332582,5.5429,2334.4821348493274,3041.0
scanId=332582,5.5429,2334.5099593248533,2177.0
scanId=332582,5.5429,2334.537783706896,1633.0
scanId=332582,5.5429,2334.5656085140104,1303.0
scanId=332582,5.5429,2334.5934332276825,1073.0
scanId=332582,5.5429,2335.289108325797,1359.0
scanId=332582,5.5429,2335.316937350654,1830.0
scanId=332582,5.5429,2335.3447667999912,2260.0
scanId=332582,5.5429,2335.3725961564787,2609.0
scanId=332582,5.5429,2335.400425937402,2421.0
scanId=332582,5.5429,2335.428255625519,1963.0
scanId=332582,5.5429,2335.456085738031,1537.0
scanId=332582,5.5429,2335.4839157577776,1266.0
scanId=332582,5.5429,2335.511746201876,1279.0
scanId=332582,5.5429,2335.539576553252,1284.0
scanId=332582,5.5429,2335.5674073289388,1131.0
scanId=332582,5.5429,2352.2118996096297,1666.0
scanId=332582,5.5429,2352.2398295292187,3058.0
scanId=332582,5.5429,2352.267759369488,5285.0
scanId=332582,5.5429,2352.29568962066,7721.0
scanId=332582,5.5429,2352.323619792559,9531.0
scanId=332582,5.5429,2352.351550375313,10033.0
scanId=332582,5.5429,2352.379480878842,9296.0
scanId=332582,5.5429,2352.40741179318,7476.0
scanId=332582,5.5429,2352.4353426283383,5349.0
scanId=332582,5.5429,2352.463273874257,3657.0
scanId=332582,5.5429,2352.4912050410458,2587.0
scanId=332582,5.5429,2352.519136618548,1889.0
scanId=332582,5.5429,2352.547068116966,1339.0
scanId=332582,5.5429,2353.1895412805843,1562.0
scanId=332582,5.5429,2353.217476758558,3725.0
scanId=332582,5.5429,2353.2454126466328,6993.0
scanId=332582,5.5429,2353.273348456236,11143.0
scanId=332582,5.5429,2353.3012846758934,15735.0
scanId=332582,5.5429,2353.3292208171265,19119.0
scanId=332582,5.5429,2353.3571573683657,19970.0
scanId=332582,5.5429,2353.3850938412284,18182.0
scanId=332582,5.5429,2353.4130307240503,14732.0
scanId=332582,5.5429,2353.440967528543,10771.0
scanId=332582,5.5429,2353.4689047429465,7565.0
scanId=332582,5.5429,2353.4968418790686,5166.0
scanId=332582,5.5429,2353.5247794250554,3494.0
scanId=332582,5.5429,2353.5527168928065,2338.0
scanId=332582,5.5429,2353.5806547703755,1510.0
scanId=332582,5.5429,2354.195327340886,1576.0
scanId=332582,5.5429,2354.2232687881933,3505.0
scanId=332582,5.5429,2354.2512106447484,6241.0
scanId=332582,5.5429,2354.279152423685,9406.0
scanId=332582,5.5429,2354.307094611823,12802.0
scanId=332582,5.5429,2354.3350367223898,15584.0
scanId=332582,5.5429,2354.362979242109,16076.0
scanId=332582,5.5429,2354.3909216843053,14511.0
scanId=332582,5.5429,2354.418864535607,11939.0
scanId=332582,5.5429,2354.446807309433,8801.0
scanId=332582,5.5429,2354.4747504923166,6229.0
scanId=332582,5.5429,2354.5026935977726,4483.0
scanId=332582,5.5429,2354.5306371122383,3237.0
scanId=332582,5.5429,2354.558580549323,2259.0
scanId=332582,5.5429,2354.5865243953717,1616.0
scanId=332582,5.5429,2354.6144681640862,1111.0
scanId=332582,5.5429,2355.201328281802,1062.0
scanId=332582,5.5429,2355.229275698443,1847.0
scanId=332582,5.5429,2355.2572235234743,3423.0
scanId=332582,5.5429,2355.2851712717443,5869.0
scanId=332582,5.5429,2355.313119428358,8101.0
scanId=332582,5.5429,2355.341067508258,9476.0
scanId=332582,5.5429,2355.369015996452,9616.0
scanId=332582,5.5429,2355.396964407982,8549.0
scanId=332582,5.5429,2355.424913227759,6801.0
scanId=332582,5.5429,2355.452861970919,5008.0
scanId=332582,5.5429,2355.480811122277,3482.0
scanId=332582,5.5429,2355.5087601970663,2307.0
scanId=332582,5.5429,2355.536709680006,1516.0
scanId=332582,5.5429,2356.263451282719,1805.0
scanId=332582,5.5429,2356.291405000323,2712.0
scanId=332582,5.5429,2356.3193591254067,3494.0
scanId=332582,5.5429,2356.3473131746405,4023.0
scanId=332582,5.5429,2356.3752676313047,4042.0
scanId=332582,5.5429,2356.4032220121685,3359.0
scanId=332582,5.5429,2356.431176800415,2538.0
scanId=332582,5.5429,2356.459131512908,1901.0
scanId=332582,5.5429,2356.487086632736,1447.0
scanId=332582,5.5429,2356.515041676859,1132.0
scanId=332582,5.5429,2357.2978536093296,1118.0
scanId=332582,5.5429,2357.3258137028783,1315.0
scanId=332582,5.5429,2357.353773721446,1507.0
scanId=332582,5.5429,2357.381734146575,1536.0
scanId=332582,5.5429,2357.4096944967723,1372.0
scanId=332582,5.5429,2357.437655253484,1234.0
scanId=332582,5.5429,2357.465615935311,1027.0
scanId=332582,5.5429,2358.388415542172,1006.0
scanId=332582,5.5429,2370.31712800686,1121.0
scanId=332582,5.5429,2370.3451649635053,1152.0
scanId=332582,5.5429,2411.201614233821,1015.0
scanId=332582,5.5429,2411.229891953589,1396.0
scanId=332582,5.5429,2411.258170025947,1691.0
scanId=332582,5.5429,2411.286448077344,1880.0
scanId=332582,5.5429,2411.314726481268,1944.0
scanId=332582,5.5429,2411.3430048642945,1724.0
scanId=332582,5.5429,2411.371283599782,1404.0
scanId=332582,5.5429,2411.3995623144388,1027.0
scanId=332582,5.5429,2412.2480036499423,1157.0
scanId=332582,5.5429,2412.2762876904667,1561.0
scanId=332582,5.5429,2412.304571711197,1591.0
scanId=332582,5.5429,2412.332856083286,1510.0
scanId=332582,5.5429,2412.361140435647,1389.0
scanId=332582,5.5429,2412.389425139301,1109.0
scanId=332582,5.5429,2413.294620229925,1077.0
scanId=332582,5.5429,2413.3229102199894,1128.0
scanId=332582,5.5429,2413.351200560238,1061.0
scanId=332582,5.5429,2421.3073292692893,1146.0
scanId=332582,5.5429,2421.335666359915,1314.0
scanId=332582,5.5429,2421.364003441389,1154.0
scanId=332582,5.5429,2438.310888704186,1060.0
scanId=332582,5.5429,2438.3393249429246,1183.0
scanId=332582,5.5429,2438.36776150118,1014.0
