ScanNumber,RetentionTime,m/z,Intensity
scanId=302820,5.046866666667,164.92070618204218,1329.0
scanId=302820,5.046866666667,164.92810181709092,1353.0
scanId=302820,5.046866666667,164.93549749253123,1024.0
scanId=302820,5.046866666667,219.1712578550992,1377.0
scanId=302820,5.046866666667,219.17978339339248,1375.0
scanId=302820,5.046866666667,219.18830906813864,1032.0
scanId=302820,5.046866666667,224.16976761516983,1436.0
scanId=302820,5.046866666667,224.17838978379257,1341.0
scanId=302820,5.046866666667,261.1279959594376,1198.0
scanId=302820,5.046866666667,261.13730182273605,1078.0
scanId=302820,5.046866666667,289.15446968769714,1032.0
scanId=302820,5.046866666667,304.29070003024367,1147.0
scanId=302820,5.046866666667,304.3007454447232,1177.0
scanId=302820,5.046866666667,305.14515847030395,1027.0
scanId=302820,5.046866666667,305.1552181282208,1532.0
scanId=302820,5.046866666667,305.1652778020669,1521.0
scanId=302820,5.046866666667,305.1753377916136,1144.0
scanId=302820,5.046866666667,331.2626050900266,1567.0
scanId=302820,5.046866666667,331.2730862472257,1851.0
scanId=302820,5.046866666667,331.2835677382945,1487.0
scanId=302820,5.046866666667,331.29404922711143,1035.0
scanId=302820,5.046866666667,335.16252600377885,1415.0
scanId=302820,5.046866666667,335.17306884636747,7985.0
scanId=302820,5.046866666667,335.1836116845284,20676.0
scanId=302820,5.046866666667,335.1941548587468,27233.0
scanId=302820,5.046866666667,335.2046980285262,23572.0
scanId=302820,5.046866666667,335.21524153437446,16726.0
scanId=302820,5.046866666667,335.22578503577205,11303.0
scanId=302820,5.046866666667,335.2363288732502,7791.0
scanId=302820,5.046866666667,335.2468727062663,5546.0
scanId=302820,5.046866666667,335.2574168753742,3791.0
scanId=302820,5.046866666667,335.26796104000863,2534.0
scanId=302820,5.046866666667,335.27850554074644,1671.0
scanId=302820,5.046866666667,335.2890500369993,1088.0
scanId=302820,5.046866666667,336.17538682380933,1539.0
scanId=302820,5.046866666667,336.18594558463013,4530.0
scanId=302820,5.046866666667,336.19650434047736,6423.0
scanId=302820,5.046866666667,336.20706343292807,5684.0
scanId=302820,5.046866666667,336.2176225203939,3967.0
scanId=302820,5.046866666667,336.2281819444744,2688.0
scanId=302820,5.046866666667,336.2387413635587,1824.0
scanId=302820,5.046866666667,336.2493011192689,1170.0
scanId=302820,5.046866666667,337.20035044716315,1206.0
scanId=302820,5.046866666667,337.2109251207046,1148.0
scanId=302820,5.046866666667,339.20192566977306,1645.0
scanId=302820,5.046866666667,339.21253185366044,1693.0
scanId=302820,5.046866666667,339.2231380309938,1367.0
scanId=302820,5.046866666667,339.2337445465112,1015.0
scanId=302820,5.046866666667,349.18026718659985,1093.0
scanId=302820,5.046866666667,349.191028241621,1042.0
scanId=302820,5.046866666667,368.4093921748676,1022.0
scanId=302820,5.046866666667,368.4204453775416,1651.0
scanId=302820,5.046866666667,368.4314989300784,1670.0
scanId=302820,5.046866666667,368.4425524643756,1247.0
scanId=302820,5.046866666667,369.38271684160696,1008.0
scanId=302820,5.046866666667,369.4269893815596,1009.0
scanId=302820,5.046866666667,393.1962378804071,1052.0
scanId=302820,5.046866666667,393.2076568652948,1236.0
scanId=302820,5.046866666667,393.2190762055412,1088.0
scanId=302820,5.046866666667,437.2315232471585,1185.0
scanId=302820,5.046866666667,437.2435646993949,1067.0
scanId=302820,5.046866666667,473.3375229960354,1243.0
scanId=302820,5.046866666667,473.35005196971474,1244.0
scanId=302820,5.046866666667,483.27435612898574,1125.0
scanId=302820,5.046866666667,483.2870157455429,1016.0
scanId=302820,5.046866666667,523.3159455759245,1021.0
scanId=302820,5.046866666667,523.3291192292103,1110.0
scanId=302820,5.046866666667,559.2849228653672,1156.0
scanId=302820,5.046866666667,559.2985419063191,1229.0
scanId=302820,5.046866666667,559.3121609508155,1050.0
scanId=302820,5.046866666667,577.3647881817918,1011.0
scanId=302820,5.046866666667,583.2884142414231,2225.0
scanId=302820,5.046866666667,583.3023224635924,13171.0
scanId=302820,5.046866666667,583.3162306987185,42377.0
scanId=302820,5.046866666667,583.3301392525177,82592.0
scanId=302820,5.046866666667,583.3440478192852,100539.0
scanId=302820,5.046866666667,583.3579567047142,86811.0
scanId=302820,5.046866666667,583.3718656031227,63256.0
scanId=302820,5.046866666667,583.3857748201817,43653.0
scanId=302820,5.046866666667,583.3996840502316,30130.0
scanId=302820,5.046866666667,583.4135935989202,20902.0
scanId=302820,5.046866666667,583.4275031606113,14217.0
scanId=302820,5.046866666667,583.4414130409299,9480.0
scanId=302820,5.046866666667,583.4553229342621,6284.0
scanId=302820,5.046866666667,583.4692331462105,4295.0
scanId=302820,5.046866666667,583.4831433711838,3159.0
scanId=302820,5.046866666667,583.497053914762,2270.0
scanId=302820,5.046866666667,583.5109644713767,1582.0
scanId=302820,5.046866666667,583.5248753465847,1148.0
scanId=302820,5.046866666667,583.7892119532137,2962.0
scanId=302820,5.046866666667,583.8031261447201,13656.0
scanId=302820,5.046866666667,583.8170403493882,37821.0
scanId=302820,5.046866666667,583.8309548725247,67741.0
scanId=302820,5.046866666667,583.844869408834,83088.0
scanId=302820,5.046866666667,583.8587842636001,74947.0
scanId=302820,5.046866666667,583.8726991315507,56098.0
scanId=302820,5.046866666667,583.8866143179465,39508.0
scanId=302820,5.046866666667,583.9005295175383,27581.0
scanId=302820,5.046866666667,583.9144450355641,19116.0
scanId=302820,5.046866666667,583.9283605667971,13259.0
scanId=302820,5.046866666667,583.9422764164526,9164.0
scanId=302820,5.046866666667,583.956192279327,6196.0
scanId=302820,5.046866666667,583.9701084606124,4215.0
scanId=302820,5.046866666667,583.984024655128,3097.0
scanId=302820,5.046866666667,583.9979411680432,2425.0
scanId=302820,5.046866666667,584.0118576942,1990.0
scanId=302820,5.046866666667,584.025774538745,1557.0
scanId=302820,5.046866666667,584.039691396543,1224.0
scanId=302820,5.046866666667,584.2902245648297,1424.0
scanId=302820,5.046866666667,584.3041447256732,5034.0
scanId=302820,5.046866666667,584.3180648998836,15025.0
scanId=302820,5.046866666667,584.3319853923568,28584.0
scanId=302820,5.046866666667,584.3459058982085,36190.0
scanId=302820,5.046866666667,584.3598267223116,33201.0
scanId=302820,5.046866666667,584.3737475598045,25159.0
scanId=302820,5.046866666667,584.3876687155374,17705.0
scanId=302820,5.046866666667,584.4015898846717,12288.0
scanId=302820,5.046866666667,584.4155113720346,8951.0
scanId=302820,5.046866666667,584.4294328728101,6634.0
scanId=302820,5.046866666667,584.4433546918028,4820.0
scanId=302820,5.046866666667,584.4572765242195,3410.0
scanId=302820,5.046866666667,584.471198674842,2437.0
scanId=302820,5.046866666667,584.4851208389,1785.0
scanId=302820,5.046866666667,584.4990433211523,1370.0
scanId=302820,5.046866666667,584.5129658168514,1262.0
scanId=302820,5.046866666667,584.5268886307335,1217.0
scanId=302820,5.046866666667,584.5408114580741,1080.0
scanId=302820,5.046866666667,584.8053782064583,1484.0
scanId=302820,5.046866666667,584.8193043502115,3821.0
scanId=302820,5.046866666667,584.8332308120218,7393.0
scanId=302820,5.046866666667,584.8471572874162,9825.0
scanId=302820,5.046866666667,584.8610840808566,9129.0
scanId=302820,5.046866666667,584.8750108878924,7079.0
scanId=302820,5.046866666667,584.8889380129623,5362.0
scanId=302820,5.046866666667,584.9028651516393,3954.0
scanId=302820,5.046866666667,584.9167926083392,2844.0
scanId=302820,5.046866666667,584.9307200786575,2133.0
scanId=302820,5.046866666667,584.9446478669871,1715.0
scanId=302820,5.046866666667,584.9585756689468,1334.0
scanId=302820,5.046866666667,584.9725037889064,1109.0
scanId=302820,5.046866666667,585.3207587003798,1178.0
scanId=302820,5.046866666667,585.3346911315272,2098.0
scanId=302820,5.046866666667,585.3486235764648,2963.0
scanId=302820,5.046866666667,585.362556339242,2985.0
scanId=302820,5.046866666667,585.376489115821,2399.0
scanId=302820,5.046866666667,585.390422210228,1813.0
scanId=302820,5.046866666667,585.4043553184483,1320.0
scanId=302820,5.046866666667,594.2854109657956,4814.0
scanId=302820,5.046866666667,594.2994495360122,19149.0
scanId=302820,5.046866666667,594.3134884203371,45508.0
scanId=302820,5.046866666667,594.3275273221955,67357.0
scanId=302820,5.046866666667,594.3415665381503,69013.0
scanId=302820,5.046866666667,594.3556057716504,54970.0
scanId=302820,5.046866666667,594.369645319235,38789.0
scanId=302820,5.046866666667,594.3836848843769,26589.0
scanId=302820,5.046866666667,594.3977247635912,18400.0
scanId=302820,5.046866666667,594.4117646603747,12618.0
scanId=302820,5.046866666667,594.425804871219,8517.0
scanId=302820,5.046866666667,594.4398450996441,5721.0
scanId=302820,5.046866666667,594.4538856421183,3759.0
scanId=302820,5.046866666667,594.4679262021851,2539.0
scanId=302820,5.046866666667,594.4819670762893,1956.0
scanId=302820,5.046866666667,594.4960079679978,1545.0
scanId=302820,5.046866666667,594.5100491737315,1137.0
scanId=302820,5.046866666667,594.7768621060579,1194.0
scanId=302820,5.046866666667,594.79090662809,5998.0
scanId=302820,5.046866666667,594.8049511678574,20541.0
scanId=302820,5.046866666667,594.8189960215194,43103.0
scanId=302820,5.046866666667,594.8330408929285,58435.0
scanId=302820,5.046866666667,594.8470860782203,55513.0
scanId=302820,5.046866666667,594.861131281271,42228.0
scanId=302820,5.046866666667,594.8751767981927,29422.0
scanId=302820,5.046866666667,594.8892223328852,20624.0
scanId=302820,5.046866666667,594.9032681814366,14482.0
scanId=302820,5.046866666667,594.9173140477709,10032.0
scanId=302820,5.046866666667,594.9313602279524,6949.0
scanId=302820,5.046866666667,594.9454064259284,4660.0
scanId=302820,5.046866666667,594.9594529377395,3139.0
scanId=302820,5.046866666667,594.9734994673571,2322.0
scanId=302820,5.046866666667,594.987546310798,1938.0
scanId=302820,5.046866666667,595.0015931720575,1642.0
scanId=302820,5.046866666667,595.0156403471283,1326.0
scanId=302820,5.046866666667,595.0296875400294,1031.0
scanId=302820,5.046866666667,595.2825666989976,1290.0
scanId=302820,5.046866666667,595.2966171903668,4614.0
scanId=302820,5.046866666667,595.3106676996852,12667.0
scanId=302820,5.046866666667,595.3247185226842,22688.0
scanId=302820,5.046866666667,595.3387693636442,27222.0
scanId=302820,5.046866666667,595.3528205182731,23570.0
scanId=302820,5.046866666667,595.3668716908751,17237.0
scanId=302820,5.046866666667,595.3809231771339,11888.0
scanId=302820,5.046866666667,595.3949746813776,8244.0
scanId=302820,5.046866666667,595.409026499266,5753.0
scanId=302820,5.046866666667,595.4230783351514,3955.0
scanId=302820,5.046866666667,595.4371304846698,2808.0
scanId=302820,5.046866666667,595.4511826521968,2250.0
scanId=302820,5.046866666667,595.4652351333451,1966.0
scanId=302820,5.046866666667,595.4792876325139,1630.0
scanId=302820,5.046866666667,595.493340445292,1270.0
scanId=302820,5.046866666667,595.5073932761026,1029.0
scanId=302820,5.046866666667,595.8025426526327,1752.0
scanId=302820,5.046866666667,595.8165991315027,4278.0
scanId=302820,5.046866666667,595.8306559238388,7344.0
scanId=302820,5.046866666667,595.8447127343504,8150.0
scanId=302820,5.046866666667,595.8587698583164,6661.0
scanId=302820,5.046866666667,595.8728270004697,4754.0
scanId=302820,5.046866666667,595.8868844560654,3354.0
scanId=302820,5.046866666667,595.9009419298606,2538.0
scanId=302820,5.046866666667,595.9149997170861,1829.0
scanId=302820,5.046866666667,595.929057522523,1226.0
scanId=302820,5.046866666667,596.3227454633168,1583.0
scanId=302820,5.046866666667,596.3368082249899,2339.0
scanId=302820,5.046866666667,596.3508710050532,2260.0
scanId=302820,5.046866666667,596.3649340983562,1684.0
scanId=302820,5.046866666667,596.3789972100616,1165.0
scanId=302820,5.046866666667,602.2860622898215,1044.0
scanId=302820,5.046866666667,602.3001950463268,2198.0
scanId=302820,5.046866666667,602.3143281135253,3142.0
scanId=302820,5.046866666667,602.3284612016727,3375.0
scanId=302820,5.046866666667,602.342594600501,2782.0
scanId=302820,5.046866666667,602.3567280202905,1929.0
scanId=302820,5.046866666667,602.3708617507485,1289.0
scanId=302820,5.046866666667,602.7949485970873,1141.0
scanId=302820,5.046866666667,602.8090873231495,1867.0
scanId=302820,5.046866666667,602.8232263596849,2091.0
scanId=302820,5.046866666667,602.8373654173893,1805.0
scanId=302820,5.046866666667,602.8515047855547,1341.0
scanId=302820,5.046866666667,603.304049804444,1083.0
scanId=302820,5.046866666667,603.3181945000633,1346.0
scanId=302820,5.046866666667,603.3323395059359,1392.0
scanId=302820,5.046866666667,603.346484533197,1316.0
scanId=302820,5.046866666667,603.3606298706994,1180.0
scanId=302820,5.046866666667,605.2717628222524,1516.0
scanId=302820,5.046866666667,605.2859307105838,7989.0
scanId=302820,5.046866666667,605.3000986211506,22310.0
scanId=302820,5.046866666667,605.3142668411117,38037.0
scanId=302820,5.046866666667,605.3284350833206,44009.0
scanId=302820,5.046866666667,605.3426036349116,37886.0
scanId=302820,5.046866666667,605.3567722087628,27647.0
scanId=302820,5.046866666667,605.3709410919836,19172.0
scanId=302820,5.046866666667,605.385109997477,13143.0
scanId=302820,5.046866666667,605.3992792123277,9077.0
scanId=302820,5.046866666667,605.4134484494631,6434.0
scanId=302820,5.046866666667,605.4276179959436,4507.0
scanId=302820,5.046866666667,605.4417875647212,3084.0
scanId=302820,5.046866666667,605.4559574428314,2068.0
scanId=302820,5.046866666667,605.4701273432513,1436.0
scanId=302820,5.046866666667,605.4842975529914,1026.0
scanId=302820,5.046866666667,605.7819086830341,4019.0
scanId=302820,5.046866666667,605.7960825407024,13748.0
scanId=302820,5.046866666667,605.8102564208281,28722.0
scanId=302820,5.046866666667,605.8244306101262,38140.0
scanId=302820,5.046866666667,605.8386048218943,35998.0
scanId=302820,5.046866666667,605.8527793428223,27887.0
scanId=302820,5.046866666667,605.8669538862324,19837.0
scanId=302820,5.046866666667,605.8811287387903,13749.0
scanId=302820,5.046866666667,605.8953036138424,9596.0
scanId=302820,5.046866666667,605.9094787980301,6688.0
scanId=302820,5.046866666667,605.9236540047247,4637.0
scanId=302820,5.046866666667,605.9378295205421,3097.0
scanId=302820,5.046866666667,605.9520050588787,2094.0
scanId=302820,5.046866666667,605.966180906326,1471.0
scanId=302820,5.046866666667,605.9803567763048,1165.0
scanId=302820,5.046866666667,606.2780899259029,1229.0
scanId=302820,5.046866666667,606.2922694439458,4169.0
scanId=302820,5.046866666667,606.3064492709511,9254.0
scanId=302820,5.046866666667,606.3206291206361,13524.0
scanId=302820,5.046866666667,606.3348092792713,14306.0
scanId=302820,5.046866666667,606.3489894605985,11708.0
scanId=302820,5.046866666667,606.3631699508636,8485.0
scanId=302820,5.046866666667,606.3773504638331,5931.0
scanId=302820,5.046866666667,606.391531285728,4165.0
scanId=302820,5.046866666667,606.4057121303395,2914.0
scanId=302820,5.046866666667,606.4198932838642,2173.0
scanId=302820,5.046866666667,606.434074460118,1499.0
scanId=302820,5.046866666667,606.4482559452726,1025.0
scanId=302820,5.046866666667,606.8028451049942,2204.0
scanId=302820,5.046866666667,606.8170309013366,3738.0
scanId=302820,5.046866666667,606.8312167205811,4237.0
scanId=302820,5.046866666667,606.8454028485534,3627.0
scanId=302820,5.046866666667,606.8595889994402,2715.0
scanId=302820,5.046866666667,606.8737754590423,1952.0
scanId=302820,5.046866666667,606.8879619415715,1413.0
scanId=302820,5.046866666667,606.9021487328034,1094.0
scanId=302820,5.046866666667,607.3136356661856,1423.0
scanId=302820,5.046866666667,607.3278274318651,1670.0
scanId=302820,5.046866666667,607.34201922067,1552.0
scanId=302820,5.046866666667,607.3562113179793,1366.0
scanId=302820,5.046866666667,607.3704034384261,1191.0
scanId=302820,5.046866666667,613.288737615099,1451.0
scanId=302820,5.046866666667,613.3029990230441,2206.0
scanId=302820,5.046866666667,613.3172604567419,2587.0
scanId=302820,5.046866666667,613.3315221963169,2360.0
scanId=302820,5.046866666667,613.3457839616572,1823.0
scanId=302820,5.046866666667,613.3600460328622,1263.0
scanId=302820,5.046866666667,613.8022502453365,1536.0
scanId=302820,5.046866666667,613.8165176226189,2041.0
scanId=302820,5.046866666667,613.8307850258813,1899.0
scanId=302820,5.046866666667,613.8450527347933,1520.0
scanId=302820,5.046866666667,613.8593204696982,1098.0
scanId=302820,5.046866666667,614.3017047346212,1072.0
scanId=302820,5.046866666667,614.315977775806,1275.0
scanId=302820,5.046866666667,614.3302511224254,1106.0
scanId=302820,5.046866666667,617.3885470052649,1008.0
scanId=302820,5.046866666667,625.3266924482232,1242.0
scanId=302820,5.046866666667,625.3410931406996,1431.0
scanId=302820,5.046866666667,625.3554938643274,1264.0
scanId=302820,5.046866666667,626.3351366591585,1146.0
scanId=302820,5.046866666667,626.3495489586793,1097.0
scanId=302820,5.046866666667,634.2723956923767,1860.0
scanId=302820,5.046866666667,634.2868988937117,3818.0
scanId=302820,5.046866666667,634.3014023914376,5216.0
scanId=302820,5.046866666667,634.3159059244158,5081.0
scanId=302820,5.046866666667,634.3304097537715,4030.0
scanId=302820,5.046866666667,634.344913618393,2836.0
scanId=302820,5.046866666667,634.3594177793784,1942.0
scanId=302820,5.046866666667,634.3739219756432,1330.0
scanId=302820,5.046866666667,634.7801086208182,2023.0
scanId=302820,5.046866666667,634.7946177562512,3204.0
scanId=302820,5.046866666667,634.8091269271644,3362.0
scanId=302820,5.046866666667,634.8236363942273,2789.0
scanId=302820,5.046866666667,634.8381458967839,2092.0
scanId=302820,5.046866666667,634.8526556954765,1447.0
scanId=302820,5.046866666667,635.2880248069831,2048.0
scanId=302820,5.046866666667,635.3025396158316,2858.0
scanId=302820,5.046866666667,635.3170547206017,2688.0
scanId=302820,5.046866666667,635.3315698610934,2058.0
scanId=302820,5.046866666667,635.3460852974933,1488.0
scanId=302820,5.046866666667,635.3606007696281,1099.0
scanId=302820,5.046866666667,636.2899400509403,1203.0
scanId=302820,5.046866666667,636.3044664311249,1783.0
scanId=302820,5.046866666667,636.3189928474877,1765.0
scanId=302820,5.046866666667,636.3335195593021,1417.0
scanId=302820,5.046866666667,636.3480463073082,1109.0
scanId=302820,5.046866666667,639.2713020252327,3002.0
scanId=302820,5.046866666667,639.2858622692158,8031.0
scanId=302820,5.046866666667,639.3004228072735,14583.0
scanId=302820,5.046866666667,639.3149833829003,18569.0
scanId=302820,5.046866666667,639.3295442525879,17366.0
scanId=302820,5.046866666667,639.3441051598578,13266.0
scanId=302820,5.046866666667,639.3586663611751,9447.0
scanId=302820,5.046866666667,639.3732276000885,6612.0
scanId=302820,5.046866666667,639.3877891330357,4515.0
scanId=302820,5.046866666667,639.4023507035923,3013.0
scanId=302820,5.046866666667,639.4169125681694,2032.0
scanId=302820,5.046866666667,639.4314744703695,1318.0
scanId=302820,5.046866666667,639.7810114070079,3515.0
scanId=302820,5.046866666667,639.7955775827728,9330.0
scanId=302820,5.046866666667,639.8101437963372,15051.0
scanId=302820,5.046866666667,639.824710303732,16600.0
scanId=302820,5.046866666667,639.8392768489396,14015.0
scanId=302820,5.046866666667,639.8538436879642,10191.0
scanId=302820,5.046866666667,639.8684105648152,6972.0
scanId=302820,5.046866666667,639.8829777354697,4762.0
scanId=302820,5.046866666667,639.8975449439641,3350.0
scanId=302820,5.046866666667,639.9121124462484,2289.0
scanId=302820,5.046866666667,639.9266799863865,1554.0
scanId=302820,5.046866666667,639.9412478203006,1039.0
scanId=302820,5.046866666667,640.276352230766,1127.0
scanId=302820,5.046866666667,640.2909240442381,2492.0
scanId=302820,5.046866666667,640.3054958957404,4890.0
scanId=302820,5.046866666667,640.3200680408423,6844.0
scanId=302820,5.046866666667,640.3346402239879,6863.0
scanId=302820,5.046866666667,640.3492127007197,5639.0
scanId=302820,5.046866666667,640.3637852155089,4152.0
scanId=302820,5.046866666667,640.3783580238705,3021.0
scanId=302820,5.046866666667,640.3929308703032,2310.0
scanId=302820,5.046866666667,640.4075040102947,1736.0
scanId=302820,5.046866666667,640.4220771883705,1296.0
scanId=302820,5.046866666667,640.8010396811144,1266.0
scanId=302820,5.046866666667,640.8156174639236,1805.0
scanId=302820,5.046866666667,640.8301952850074,1883.0
scanId=302820,5.046866666667,640.8447733994467,1524.0
scanId=302820,5.046866666667,640.8593515521741,1112.0
scanId=302820,5.046866666667,647.2898545037316,1756.0
scanId=302820,5.046866666667,647.3045059083645,2562.0
scanId=302820,5.046866666667,647.3191573543141,2568.0
scanId=302820,5.046866666667,647.3338090905769,1947.0
scanId=302820,5.046866666667,647.3484608681704,1337.0
scanId=302820,5.046866666667,647.7734364165806,1814.0
scanId=302820,5.046866666667,647.7880931688287,3911.0
scanId=302820,5.046866666667,647.8027502111688,6174.0
scanId=302820,5.046866666667,647.8174072950605,7096.0
scanId=302820,5.046866666667,647.8320646690305,6208.0
scanId=302820,5.046866666667,647.8467220845658,4578.0
scanId=302820,5.046866666667,647.8613797901656,3149.0
scanId=302820,5.046866666667,647.8760375373446,2157.0
scanId=302820,5.046866666667,647.8906955745742,1481.0
scanId=302820,5.046866666667,648.2718611297747,1011.0
scanId=302820,5.046866666667,648.2865235199652,2799.0
scanId=302820,5.046866666667,648.3011862000125,4730.0
scanId=302820,5.046866666667,648.3158489218465,5615.0
scanId=302820,5.046866666667,648.3305119335237,5073.0
scanId=302820,5.046866666667,648.3451749870012,3916.0
scanId=302820,5.046866666667,648.3598383303082,2858.0
scanId=302820,5.046866666667,648.3745017154296,1988.0
scanId=302820,5.046866666667,648.3891653903664,1335.0
scanId=302820,5.046866666667,648.7998138749,1685.0
scanId=302820,5.046866666667,648.8144822346763,2106.0
scanId=302820,5.046866666667,648.8291508840608,1934.0
scanId=302820,5.046866666667,648.843819575481,1502.0
scanId=302820,5.046866666667,648.8584885564952,1090.0
scanId=302820,5.046866666667,654.2826392462763,1564.0
scanId=302820,5.046866666667,654.2973695788103,2869.0
scanId=302820,5.046866666667,654.3120999559719,3864.0
scanId=302820,5.046866666667,654.3268306201358,3786.0
scanId=302820,5.046866666667,654.3415613289411,2945.0
scanId=302820,5.046866666667,654.356292324735,1980.0
scanId=302820,5.046866666667,654.3710233651843,1378.0
scanId=302820,5.046866666667,654.3857546926077,1071.0
scanId=302820,5.046866666667,654.783561516324,1374.0
scanId=302820,5.046866666667,654.7982974865652,2875.0
scanId=302820,5.046866666667,654.8130335016726,3857.0
scanId=302820,5.046866666667,654.8277698035437,3831.0
scanId=302820,5.046866666667,654.8425061502946,2944.0
scanId=302820,5.046866666667,654.8572427837955,2131.0
scanId=302820,5.046866666667,654.8719794621904,1444.0
scanId=302820,5.046866666667,654.8867164273212,1020.0
scanId=302820,5.046866666667,655.2994170804205,1042.0
scanId=302820,5.046866666667,655.3141587334736,1488.0
scanId=302820,5.046866666667,655.3289006730519,1452.0
scanId=302820,5.046866666667,655.3436426577489,1225.0
scanId=302820,5.046866666667,655.7859811147248,1039.0
scanId=302820,5.046866666667,655.8007283603805,1324.0
scanId=302820,5.046866666667,655.8154756513796,1490.0
scanId=302820,5.046866666667,655.8302232286652,1271.0
scanId=302820,5.046866666667,656.2874784430863,1333.0
scanId=302820,5.046866666667,656.3022313264493,1362.0
scanId=302820,5.046866666667,656.3169842553949,1056.0
scanId=302820,5.046866666667,661.3278037240525,1167.0
scanId=302820,5.046866666667,661.3426130324754,1223.0
scanId=302820,5.046866666667,662.2907574445519,1018.0
scanId=302820,5.046866666667,662.3055776487715,1000.0
scanId=302820,5.046866666667,662.7947354170533,1110.0
scanId=302820,5.046866666667,662.8095612589804,1048.0
scanId=302820,5.046866666667,665.2580863402837,1528.0
scanId=302820,5.046866666667,665.272939707487,3843.0
scanId=302820,5.046866666667,665.2877931245768,6845.0
scanId=302820,5.046866666667,665.3026468234099,8318.0
scanId=302820,5.046866666667,665.3175005721439,7142.0
scanId=302820,5.046866666667,665.332354602607,5374.0
scanId=302820,5.046866666667,665.347208682985,4655.0
scanId=302820,5.046866666667,665.3620630450778,4551.0
scanId=302820,5.046866666667,665.3769174571,4185.0
scanId=302820,5.046866666667,665.3917721508227,3498.0
scanId=302820,5.046866666667,665.406626894489,2665.0
scanId=302820,5.046866666667,665.4214819198415,1997.0
scanId=302820,5.046866666667,665.436336995152,1485.0
scanId=302820,5.046866666667,665.4511923521344,1117.0
scanId=302820,5.046866666667,665.7631918785304,1232.0
scanId=302820,5.046866666667,665.778050883441,2929.0
scanId=302820,5.046866666667,665.7929099384818,4637.0
scanId=302820,5.046866666667,665.8077692750221,5122.0
scanId=302820,5.046866666667,665.822628661707,4407.0
scanId=302820,5.046866666667,665.8374883298771,3285.0
scanId=302820,5.046866666667,665.8523480482062,2329.0
scanId=302820,5.046866666667,665.8672080480062,1595.0
scanId=302820,5.046866666667,665.8820680979794,1059.0
scanId=302820,5.046866666667,666.2684891029678,1255.0
scanId=302820,5.046866666667,666.2833537455856,2153.0
scanId=302820,5.046866666667,666.2982184385774,2547.0
scanId=302820,5.046866666667,666.3130834128249,2429.0
scanId=302820,5.046866666667,666.3279484374609,1997.0
scanId=302820,5.046866666667,666.3428137433384,1610.0
scanId=302820,5.046866666667,666.3576790996186,1364.0
scanId=302820,5.046866666667,666.3725447371258,1340.0
scanId=302820,5.046866666667,666.3874104250502,1272.0
scanId=302820,5.046866666667,666.4022763941873,1093.0
scanId=302820,5.046866666667,666.7888482939244,1469.0
scanId=302820,5.046866666667,666.8037186248678,1761.0
scanId=302820,5.046866666667,666.8185892368225,1527.0
scanId=302820,5.046866666667,666.8334598994098,1266.0
scanId=302820,5.046866666667,673.258177394641,1797.0
scanId=302820,5.046866666667,673.273119692396,2432.0
scanId=302820,5.046866666667,673.2880622680253,2478.0
scanId=302820,5.046866666667,673.3030048974246,2186.0
scanId=302820,5.046866666667,673.3179478046837,1715.0
scanId=302820,5.046866666667,673.3328907657275,1250.0
scanId=302820,5.046866666667,673.7513625657609,1065.0
scanId=302820,5.046866666667,673.7663104474677,1796.0
scanId=302820,5.046866666667,673.7812583831771,2016.0
scanId=302820,5.046866666667,673.7962065965138,1835.0
scanId=302820,5.046866666667,673.8111548638676,1495.0
scanId=302820,5.046866666667,673.826103408834,1148.0
scanId=302820,5.046866666667,674.2746351865463,1529.0
scanId=302820,5.046866666667,674.2895887602106,1627.0
scanId=302820,5.046866666667,674.3045426112543,1343.0
scanId=302820,5.046866666667,676.2499479405623,1653.0
scanId=302820,5.046866666667,676.2649234027589,3623.0
scanId=302820,5.046866666667,676.2798991413719,5476.0
scanId=302820,5.046866666667,676.294874935213,6264.0
scanId=302820,5.046866666667,676.3098510054558,5413.0
scanId=302820,5.046866666667,676.3248271309415,4033.0
scanId=302820,5.046866666667,676.3398035328141,2838.0
scanId=302820,5.046866666667,676.3547799899441,1925.0
scanId=302820,5.046866666667,676.3697567234467,1307.0
scanId=302820,5.046866666667,676.759208559631,1599.0
scanId=302820,5.046866666667,676.7741896597835,3324.0
scanId=302820,5.046866666667,676.7891710361037,4910.0
scanId=302820,5.046866666667,676.8041524679007,4861.0
scanId=302820,5.046866666667,676.8191341758508,3792.0
scanId=302820,5.046866666667,676.8341159392921,2718.0
scanId=302820,5.046866666667,676.8490979788722,1889.0
scanId=302820,5.046866666667,676.8640800739581,1383.0
scanId=302820,5.046866666667,676.8790624451678,1001.0
scanId=302820,5.046866666667,677.2686608649738,1460.0
scanId=302820,5.046866666667,677.2836476030823,2048.0
scanId=302820,5.046866666667,677.2986346171098,2267.0
scanId=302820,5.046866666667,677.3136216868629,2060.0
scanId=302820,5.046866666667,677.3286090325203,1767.0
scanId=302820,5.046866666667,677.3435964339178,1429.0
scanId=302820,5.046866666667,677.3585841112049,1045.0
scanId=302820,5.046866666667,705.2472453477294,1080.0
scanId=302820,5.046866666667,705.2625385256422,1293.0
scanId=302820,5.046866666667,705.2778319656385,1326.0
scanId=302820,5.046866666667,705.2931254751965,1210.0
scanId=302820,5.046866666667,705.3084192468226,1149.0
scanId=302820,5.046866666667,705.3237130880257,1017.0
scanId=302820,5.046866666667,705.3848903035091,1076.0
scanId=302820,5.046866666667,705.4001850700248,1227.0
scanId=302820,5.046866666667,705.4154799061632,1061.0
scanId=302820,5.046866666667,736.5089544990198,2141.0
scanId=302820,5.046866666667,736.5245829704405,3671.0
scanId=302820,5.046866666667,736.5402116882015,4415.0
scanId=302820,5.046866666667,736.5558404912679,3963.0
scanId=302820,5.046866666667,736.5714695406587,3011.0
scanId=302820,5.046866666667,736.5870986753708,2046.0
scanId=302820,5.046866666667,736.6027280563915,1374.0
scanId=302820,5.046866666667,737.5095135374927,1229.0
scanId=302820,5.046866666667,737.5251526215752,1884.0
scanId=302820,5.046866666667,737.540791951491,2025.0
scanId=302820,5.046866666667,737.5564313672193,1631.0
scanId=302820,5.046866666667,737.5720710287649,1087.0
scanId=302820,5.046866666667,764.5106321403231,1353.0
scanId=302820,5.046866666667,764.5265550137491,4196.0
scanId=302820,5.046866666667,764.5424779867049,8719.0
scanId=302820,5.046866666667,764.5584011917609,12540.0
scanId=302820,5.046866666667,764.5743244963628,13262.0
scanId=302820,5.046866666667,764.5902480330485,10924.0
scanId=302820,5.046866666667,764.6061716692965,7758.0
scanId=302820,5.046866666667,764.622095537612,5198.0
scanId=302820,5.046866666667,764.6380195055061,3478.0
scanId=302820,5.046866666667,764.6539437054514,2399.0
scanId=302820,5.046866666667,764.6698680049915,1621.0
scanId=302820,5.046866666667,764.6857925365667,1065.0
scanId=302820,5.046866666667,765.5300282093872,1690.0
scanId=302820,5.046866666667,765.5459616949679,4065.0
scanId=302820,5.046866666667,765.5618952805979,6231.0
scanId=302820,5.046866666667,765.5778290978085,6808.0
scanId=302820,5.046866666667,765.5937630150844,5803.0
scanId=302820,5.046866666667,765.6096971639248,4120.0
scanId=302820,5.046866666667,765.6256314128467,2743.0
scanId=302820,5.046866666667,765.641565893317,1875.0
scanId=302820,5.046866666667,765.6575004738849,1276.0
scanId=302820,5.046866666667,766.5341596063159,1131.0
scanId=302820,5.046866666667,766.5501034729738,2020.0
scanId=302820,5.046866666667,766.5660475707093,2945.0
scanId=302820,5.046866666667,766.5819917690136,3008.0
scanId=302820,5.046866666667,766.5979361983789,2300.0
scanId=302820,5.046866666667,766.613880728329,1604.0
scanId=302820,5.046866666667,766.6298254893242,1123.0
scanId=302820,5.046866666667,895.5609646483827,1334.0
scanId=302820,5.046866666667,895.5781982881573,1709.0
scanId=302820,5.046866666667,895.595432094327,1680.0
scanId=302820,5.046866666667,895.6126660657482,1222.0
scanId=302820,5.046866666667,896.578033128515,1019.0
scanId=302820,5.046866666667,896.59527655195,1036.0
scanId=302820,5.046866666667,943.5094933369976,1115.0
scanId=302820,5.046866666667,943.5271823273948,3220.0
scanId=302820,5.046866666667,943.5448714613298,5670.0
scanId=302820,5.046866666667,943.5625607833732,6688.0
scanId=302820,5.046866666667,943.5802502489385,5996.0
scanId=302820,5.046866666667,943.597939902628,4669.0
scanId=302820,5.046866666667,943.6156296998228,3399.0
scanId=302820,5.046866666667,943.6333196851592,2368.0
scanId=302820,5.046866666667,943.6510098139836,1555.0
scanId=302820,5.046866666667,943.6687001309662,1008.0
scanId=302820,5.046866666667,944.5180298131976,1607.0
scanId=302820,5.046866666667,944.5357282327682,3325.0
scanId=302820,5.046866666667,944.5534268409097,4743.0
scanId=302820,5.046866666667,944.57112559211,5002.0
scanId=302820,5.046866666667,944.588824531898,4304.0
scanId=302820,5.046866666667,944.606523614728,3236.0
scanId=302820,5.046866666667,944.6242228861622,2204.0
scanId=302820,5.046866666667,944.6419223006224,1462.0
scanId=302820,5.046866666667,945.5271050127424,1116.0
scanId=302820,5.046866666667,945.544812906982,1779.0
scanId=302820,5.046866666667,945.5625209438176,2092.0
scanId=302820,5.046866666667,945.5802291697034,1878.0
scanId=302820,5.046866666667,945.5979375381692,1486.0
scanId=302820,5.046866666667,945.6156460957012,1114.0
scanId=302820,5.046866666667,965.517523710452,1522.0
scanId=302820,5.046866666667,965.535417791626,1912.0
scanId=302820,5.046866666667,965.553312071077,1851.0
scanId=302820,5.046866666667,965.5712064838808,1581.0
scanId=302820,5.046866666667,965.5891010949782,1262.0
scanId=302820,5.046866666667,965.606995839412,1005.0
scanId=302820,5.046866666667,1165.3746150470963,1039.0
scanId=302820,5.046866666667,1165.3942740622604,1310.0
scanId=302820,5.046866666667,1165.413933357019,1475.0
scanId=302820,5.046866666667,1165.4335927038128,1450.0
scanId=302820,5.046866666667,1165.4532523302153,1446.0
scanId=302820,5.046866666667,1165.4729120086388,1568.0
scanId=302820,5.046866666667,1165.4925719666849,2001.0
scanId=302820,5.046866666667,1165.512231976738,2614.0
scanId=302820,5.046866666667,1165.5318922664278,3509.0
scanId=302820,5.046866666667,1165.551552608111,5712.0
scanId=302820,5.046866666667,1165.571213229445,20184.0
scanId=302820,5.046866666667,1165.5908739027582,114932.0
scanId=302820,5.046866666667,1165.610534855735,428060.0
scanId=302820,5.046866666667,1165.630195860678,1008311.0
scanId=302820,5.046866666667,1165.649857145299,1638568.0
scanId=302820,5.046866666667,1165.6695184818716,2066441.0
scanId=302820,5.046866666667,1165.689180098136,2085576.0
scanId=302820,5.046866666667,1165.7088417663383,1758183.0
scanId=302820,5.046866666667,1165.728503714247,1327040.0
scanId=302820,5.046866666667,1165.7481657140793,961083.0
scanId=302820,5.046866666667,1165.767827993631,755620.0
scanId=302820,5.046866666667,1165.7874903250934,546616.0
scanId=302820,5.046866666667,1165.807152936289,396074.0
scanId=302820,5.046866666667,1165.826815599381,288339.0
scanId=302820,5.046866666667,1165.8464785422202,212593.0
scanId=302820,5.046866666667,1165.8661415369422,159085.0
scanId=302820,5.046866666667,1165.885804811425,121766.0
scanId=302820,5.046866666667,1165.9054681377768,94578.0
scanId=302820,5.046866666667,1165.9251317439034,74878.0
scanId=302820,5.046866666667,1165.9447954018851,59154.0
scanId=302820,5.046866666667,1165.9644593396554,45994.0
scanId=302820,5.046866666667,1165.9841233292673,35649.0
scanId=302820,5.046866666667,1166.0037875986814,28881.0
scanId=302820,5.046866666667,1166.0234519199228,25435.0
scanId=302820,5.046866666667,1166.0431165209802,24482.0
scanId=302820,5.046866666667,1166.0627811738514,25077.0
scanId=302820,5.046866666667,1166.0824461065529,24296.0
scanId=302820,5.046866666667,1166.1021110910538,22301.0
scanId=302820,5.046866666667,1166.1217763553989,20295.0
scanId=302820,5.046866666667,1166.1414416715295,18925.0
scanId=302820,5.046866666667,1166.1611072675182,17319.0
scanId=302820,5.046866666667,1166.180772915279,16166.0
scanId=302820,5.046866666667,1166.2004388429114,15672.0
scanId=302820,5.046866666667,1166.2201048223017,15515.0
scanId=302820,5.046866666667,1166.2397710815778,14627.0
scanId=302820,5.046866666667,1166.259437392598,13854.0
scanId=302820,5.046866666667,1166.279103983518,13357.0
scanId=302820,5.046866666667,1166.298770626168,13825.0
scanId=302820,5.046866666667,1166.3184375487317,13980.0
scanId=302820,5.046866666667,1166.3381045230117,13449.0
scanId=302820,5.046866666667,1166.3577717772189,13271.0
scanId=302820,5.046866666667,1166.3774390831284,13420.0
scanId=302820,5.046866666667,1166.3971066689794,13582.0
scanId=302820,5.046866666667,1166.416774306519,13771.0
scanId=302820,5.046866666667,1166.4364422240135,13822.0
scanId=302820,5.046866666667,1166.4561101931831,13568.0
scanId=302820,5.046866666667,1166.4757784423214,13620.0
scanId=302820,5.046866666667,1166.4954467431205,13823.0
scanId=302820,5.046866666667,1166.5151153239024,13898.0
scanId=302820,5.046866666667,1166.5347839563317,14473.0
scanId=302820,5.046866666667,1166.5544528687572,16269.0
scanId=302820,5.046866666667,1166.5741218328162,29306.0
scanId=302820,5.046866666667,1166.5937910768853,108464.0
scanId=302820,5.046866666667,1166.6134603725743,360621.0
scanId=302820,5.046866666667,1166.6331299482868,833067.0
scanId=302820,5.046866666667,1166.6527995756055,1353086.0
scanId=302820,5.046866666667,1166.672469482962,1717127.0
scanId=302820,5.046866666667,1166.6921394419105,1742695.0
scanId=302820,5.046866666667,1166.7118096809108,1477866.0
scanId=302820,5.046866666667,1166.7314799714893,1119865.0
scanId=302820,5.046866666667,1166.751150542133,813299.0
scanId=302820,5.046866666667,1166.7708211643412,643668.0
scanId=302820,5.046866666667,1166.7904920666288,470194.0
scanId=302820,5.046866666667,1166.8101630204671,345479.0
scanId=302820,5.046866666667,1166.8298342543983,255057.0
scanId=302820,5.046866666667,1166.8495055398662,190106.0
scanId=302820,5.046866666667,1166.8691771054412,144037.0
scanId=302820,5.046866666667,1166.8888487225388,112757.0
scanId=302820,5.046866666667,1166.9085206197574,89895.0
scanId=302820,5.046866666667,1166.928192568485,72800.0
scanId=302820,5.046866666667,1166.9478647973472,59448.0
scanId=302820,5.046866666667,1166.9675370777045,48778.0
scanId=302820,5.046866666667,1166.9872096382103,40426.0
scanId=302820,5.046866666667,1167.0068822501976,34432.0
scanId=302820,5.046866666667,1167.026555142347,31958.0
scanId=302820,5.046866666667,1167.046228085964,31683.0
scanId=302820,5.046866666667,1167.0659013097572,32160.0
scanId=302820,5.046866666667,1167.0855745850042,31322.0
scanId=302820,5.046866666667,1167.105248140441,29339.0
scanId=302820,5.046866666667,1167.1249217473178,27161.0
scanId=302820,5.046866666667,1167.1445956343982,25138.0
scanId=302820,5.046866666667,1167.164269572905,23512.0
scanId=302820,5.046866666667,1167.1839437916292,22233.0
scanId=302820,5.046866666667,1167.2036180617656,21285.0
scanId=302820,5.046866666667,1167.223292612134,20781.0
scanId=302820,5.046866666667,1167.2429672139,20626.0
scanId=302820,5.046866666667,1167.2626420959116,20723.0
scanId=302820,5.046866666667,1167.2823170293077,20431.0
scanId=302820,5.046866666667,1167.3019922429628,20070.0
scanId=302820,5.046866666667,1167.3216675079886,20034.0
scanId=302820,5.046866666667,1167.3413430532876,19865.0
scanId=302820,5.046866666667,1167.3610186499434,19487.0
scanId=302820,5.046866666667,1167.380694526886,19278.0
scanId=302820,5.046866666667,1167.4003704551717,19249.0
scanId=302820,5.046866666667,1167.4200466637576,18645.0
scanId=302820,5.046866666667,1167.4397229236731,18460.0
scanId=302820,5.046866666667,1167.4593994639029,18258.0
scanId=302820,5.046866666667,1167.479076055448,17719.0
scanId=302820,5.046866666667,1167.4987529273217,17641.0
scanId=302820,5.046866666667,1167.518429850497,17927.0
scanId=302820,5.046866666667,1167.5381070540138,17798.0
scanId=302820,5.046866666667,1167.5577843088188,18288.0
scanId=302820,5.046866666667,1167.5774618439798,23753.0
scanId=302820,5.046866666667,1167.5971394304145,56232.0
scanId=302820,5.046866666667,1167.6168172972189,160288.0
scanId=302820,5.046866666667,1167.6364952152835,354613.0
scanId=302820,5.046866666667,1167.6561734137322,586898.0
scanId=302820,5.046866666667,1167.6758516634266,756592.0
scanId=302820,5.046866666667,1167.6955301935184,777694.0
scanId=302820,5.046866666667,1167.7152087748427,667246.0
scanId=302820,5.046866666667,1167.734887636578,510893.0
scanId=302820,5.046866666667,1167.754566549532,372782.0
scanId=302820,5.046866666667,1167.7742457429113,269536.0
scanId=302820,5.046866666667,1167.7939249874953,195374.0
scanId=302820,5.046866666667,1167.813604512518,142581.0
scanId=302820,5.046866666667,1167.8332840887315,105941.0
scanId=302820,5.046866666667,1167.8529639453982,80251.0
scanId=302820,5.046866666667,1167.8726438532417,61520.0
scanId=302820,5.046866666667,1167.8923240415518,48750.0
scanId=302820,5.046866666667,1167.9120042810252,39292.0
scanId=302820,5.046866666667,1167.9316848009792,32725.0
scanId=302820,5.046866666667,1167.9513653720824,28521.0
scanId=302820,5.046866666667,1167.9710462236797,25203.0
scanId=302820,5.046866666667,1167.9907271264128,22986.0
scanId=302820,5.046866666667,1168.0104083096537,20750.0
scanId=302820,5.046866666667,1168.0300895440168,19325.0
scanId=302820,5.046866666667,1168.0497710589011,19393.0
scanId=302820,5.046866666667,1168.069452624895,20054.0
scanId=302820,5.046866666667,1168.0891344714232,19686.0
scanId=302820,5.046866666667,1168.1088163690458,18693.0
scanId=302820,5.046866666667,1168.1284985472178,17920.0
scanId=302820,5.046866666667,1168.14818077647,17177.0
scanId=302820,5.046866666667,1168.1678632862856,16652.0
scanId=302820,5.046866666667,1168.187545847168,16488.0
scanId=302820,5.046866666667,1168.2072286886273,16346.0
scanId=302820,5.046866666667,1168.2269115811391,15791.0
scanId=302820,5.046866666667,1168.2465947542426,15613.0
scanId=302820,5.046866666667,1168.2662779783843,15547.0
scanId=302820,5.046866666667,1168.285961483131,15205.0
scanId=302820,5.046866666667,1168.3056450389026,14841.0
scanId=302820,5.046866666667,1168.3253288752928,14890.0
scanId=302820,5.046866666667,1168.3450127626943,14886.0
scanId=302820,5.046866666667,1168.3646969307283,14524.0
scanId=302820,5.046866666667,1168.38438114976,14093.0
scanId=302820,5.046866666667,1168.4040656494376,13280.0
scanId=302820,5.046866666667,1168.423750200099,13129.0
scanId=302820,5.046866666667,1168.44343503142,13404.0
scanId=302820,5.046866666667,1168.4631199137111,13530.0
scanId=302820,5.046866666667,1168.4828050766764,13185.0
scanId=302820,5.046866666667,1168.5024902905975,12945.0
scanId=302820,5.046866666667,1168.522175785206,12828.0
scanId=302820,5.046866666667,1168.5418613307568,12746.0
scanId=302820,5.046866666667,1168.5615471570088,12711.0
scanId=302820,5.046866666667,1168.5812330341894,14588.0
scanId=302820,5.046866666667,1168.6009191920853,24858.0
scanId=302820,5.046866666667,1168.6206054008958,54042.0
scanId=302820,5.046866666667,1168.6402918904353,107964.0
scanId=302820,5.046866666667,1168.6599784308755,172973.0
scanId=302820,5.046866666667,1168.6796652520584,219558.0
scanId=302820,5.046866666667,1168.6993521241286,222757.0
scanId=302820,5.046866666667,1168.7190392769553,188917.0
scanId=302820,5.046866666667,1168.7387264806553,143231.0
scanId=302820,5.046866666667,1168.7584139651256,104575.0
scanId=302820,5.046866666667,1168.7781015004557,76228.0
scanId=302820,5.046866666667,1168.7977893165692,55984.0
scanId=302820,5.046866666667,1168.817477183529,41355.0
scanId=302820,5.046866666667,1168.8371653312863,31281.0
scanId=302820,5.046866666667,1168.8568535298762,24331.0
scanId=302820,5.046866666667,1168.8765420092773,19800.0
scanId=302820,5.046866666667,1168.896230539497,17235.0
scanId=302820,5.046866666667,1168.915919350542,15454.0
scanId=302820,5.046866666667,1168.9356082123911,13931.0
scanId=302820,5.046866666667,1168.9552973550797,13026.0
scanId=302820,5.046866666667,1168.9749865485587,11957.0
scanId=302820,5.046866666667,1168.9946760228909,11175.0
scanId=302820,5.046866666667,1169.014365548,10715.0
scanId=302820,5.046866666667,1169.0340553539754,10174.0
scanId=302820,5.046866666667,1169.053745210714,10172.0
scanId=302820,5.046866666667,1169.0734353483335,10301.0
scanId=302820,5.046866666667,1169.093125536702,10166.0
scanId=302820,5.046866666667,1169.112816005965,9987.0
scanId=302820,5.046866666667,1169.1325065259634,9918.0
scanId=302820,5.046866666667,1169.15219732687,9583.0
scanId=302820,5.046866666667,1169.1718881784982,9235.0
scanId=302820,5.046866666667,1169.1915793110486,8919.0
scanId=302820,5.046866666667,1169.2112704943067,8598.0
scanId=302820,5.046866666667,1169.2309619585003,8367.0
scanId=302820,5.046866666667,1169.2506534733884,8240.0
scanId=302820,5.046866666667,1169.270345269226,8231.0
scanId=302820,5.046866666667,1169.2900371157436,8282.0
scanId=302820,5.046866666667,1169.3097292432255,7945.0
scanId=302820,5.046866666667,1169.329421421373,7561.0
scanId=302820,5.046866666667,1169.3491138804975,7346.0
scanId=302820,5.046866666667,1169.368806390275,7119.0
scanId=302820,5.046866666667,1169.3884991810437,6853.0
scanId=302820,5.046866666667,1169.4081920224507,6688.0
scanId=302820,5.046866666667,1169.427885144863,6887.0
scanId=302820,5.046866666667,1169.4475783179,7065.0
scanId=302820,5.046866666667,1169.4672717719557,6880.0
scanId=302820,5.046866666667,1169.4869652766226,6722.0
scanId=302820,5.046866666667,1169.506659062322,6693.0
scanId=302820,5.046866666667,1169.5263528986186,6475.0
scanId=302820,5.046866666667,1169.5460470159617,6566.0
scanId=302820,5.046866666667,1169.5657411838883,6777.0
scanId=302820,5.046866666667,1169.5854356328748,7392.0
scanId=302820,5.046866666667,1169.6051301324312,9774.0
scanId=302820,5.046866666667,1169.6248249130615,16570.0
scanId=302820,5.046866666667,1169.6445197442476,28320.0
scanId=302820,5.046866666667,1169.6642148565213,41962.0
scanId=302820,5.046866666667,1169.6839100193374,51268.0
scanId=302820,5.046866666667,1169.703605463255,51704.0
scanId=302820,5.046866666667,1169.7233009577012,43687.0
scanId=302820,5.046866666667,1169.7429967332623,32927.0
scanId=302820,5.046866666667,1169.762692559338,24386.0
scanId=302820,5.046866666667,1169.782388666543,18650.0
scanId=302820,5.046866666667,1169.8020848242486,14583.0
scanId=302820,5.046866666667,1169.821781263097,11782.0
scanId=302820,5.046866666667,1169.8414777524324,9876.0
scanId=302820,5.046866666667,1169.861174522924,8397.0
scanId=302820,5.046866666667,1169.880871343889,7437.0
scanId=302820,5.046866666667,1169.900568446025,7027.0
scanId=302820,5.046866666667,1169.9202655986203,6652.0
scanId=302820,5.046866666667,1169.9399630323994,6409.0
scanId=302820,5.046866666667,1169.9596605166244,6211.0
scanId=302820,5.046866666667,1169.979358282047,6032.0
scanId=302820,5.046866666667,1169.9990560979018,5518.0
scanId=302820,5.046866666667,1170.018754194968,5065.0
scanId=302820,5.046866666667,1170.0384523424527,4825.0
scanId=302820,5.046866666667,1170.058150771163,4806.0
scanId=302820,5.046866666667,1170.0778492502773,4865.0
scanId=302820,5.046866666667,1170.097548010631,4793.0
scanId=302820,5.046866666667,1170.1172468213754,4600.0
scanId=302820,5.046866666667,1170.1369459133728,4430.0
scanId=302820,5.046866666667,1170.1566450557473,4387.0
scanId=302820,5.046866666667,1170.176344479388,4572.0
scanId=302820,5.046866666667,1170.196043953392,4637.0
scanId=302820,5.046866666667,1170.2157437086764,4511.0
scanId=302820,5.046866666667,1170.2354435143102,4276.0
scanId=302820,5.046866666667,1170.2551436012384,4077.0
scanId=302820,5.046866666667,1170.274843738502,4099.0
scanId=302820,5.046866666667,1170.294544157074,4281.0
scanId=302820,5.046866666667,1170.3142446259674,4336.0
scanId=302820,5.046866666667,1170.3339453761828,4243.0
scanId=302820,5.046866666667,1170.353646176706,4291.0
scanId=302820,5.046866666667,1170.373347258565,4325.0
scanId=302820,5.046866666667,1170.393048390718,4248.0
scanId=302820,5.046866666667,1170.4127498042203,3935.0
scanId=302820,5.046866666667,1170.4324512680037,3599.0
scanId=302820,5.046866666667,1170.45215301315,3390.0
scanId=302820,5.046866666667,1170.4718548085627,3504.0
scanId=302820,5.046866666667,1170.4915568853523,3566.0
scanId=302820,5.046866666667,1170.511259012395,3381.0
scanId=302820,5.046866666667,1170.5309614208284,3291.0
scanId=302820,5.046866666667,1170.550663879501,3178.0
scanId=302820,5.046866666667,1170.5703666195786,3113.0
scanId=302820,5.046866666667,1170.590069409881,3564.0
scanId=302820,5.046866666667,1170.6097724816016,4384.0
scanId=302820,5.046866666667,1170.6294756035336,5555.0
scanId=302820,5.046866666667,1170.649179006898,7297.0
scanId=302820,5.046866666667,1170.66888246046,9292.0
scanId=302820,5.046866666667,1170.6885861954677,10682.0
scanId=302820,5.046866666667,1170.7082899806596,10588.0
scanId=302820,5.046866666667,1170.727994047311,9107.0
scanId=302820,5.046866666667,1170.7476981641328,7346.0
scanId=302820,5.046866666667,1170.7674025624278,6019.0
scanId=302820,5.046866666667,1170.7871070108793,5163.0
scanId=302820,5.046866666667,1170.806811740818,4477.0
scanId=302820,5.046866666667,1170.8265165208993,3759.0
scanId=302820,5.046866666667,1170.8462215824811,3268.0
scanId=302820,5.046866666667,1170.8659266941927,3064.0
scanId=302820,5.046866666667,1170.8856320874186,2787.0
scanId=302820,5.046866666667,1170.9053375307594,2504.0
scanId=302820,5.046866666667,1170.9250432556291,2552.0
scanId=302820,5.046866666667,1170.9447490306,2538.0
scanId=302820,5.046866666667,1170.964455087113,2539.0
scanId=302820,5.046866666667,1170.9841611937145,2625.0
scanId=302820,5.046866666667,1171.003867581871,2569.0
scanId=302820,5.046866666667,1171.0235740201017,2435.0
scanId=302820,5.046866666667,1171.0432807399018,2299.0
scanId=302820,5.046866666667,1171.062987509762,2214.0
scanId=302820,5.046866666667,1171.082694561206,2346.0
scanId=302820,5.046866666667,1171.102401662696,2499.0
scanId=302820,5.046866666667,1171.1221090457836,2555.0
scanId=302820,5.046866666667,1171.1418164789038,2493.0
scanId=302820,5.046866666667,1171.1615241936347,2350.0
scanId=302820,5.046866666667,1171.1812319583844,2124.0
scanId=302820,5.046866666667,1171.200940004759,1929.0
scanId=302820,5.046866666667,1171.220648101139,1847.0
scanId=302820,5.046866666667,1171.2403564791573,1756.0
scanId=302820,5.046866666667,1171.260064907167,1748.0
scanId=302820,5.046866666667,1171.2797736168286,1761.0
scanId=302820,5.046866666667,1171.2994823764682,1634.0
scanId=302820,5.046866666667,1171.3191914177737,1664.0
scanId=302820,5.046866666667,1171.3389005090428,1989.0
scanId=302820,5.046866666667,1171.358609881992,2230.0
scanId=302820,5.046866666667,1171.378319304891,2224.0
scanId=302820,5.046866666667,1171.398029009484,2090.0
scanId=302820,5.046866666667,1171.417738764013,1982.0
scanId=302820,5.046866666667,1171.4374488002493,2010.0
scanId=302820,5.046866666667,1171.457158886408,2017.0
scanId=302820,5.046866666667,1171.476869254288,1975.0
scanId=302820,5.046866666667,1171.4965796720765,1910.0
scanId=302820,5.046866666667,1171.5162903715998,1804.0
scanId=302820,5.046866666667,1171.5360011210182,1631.0
scanId=302820,5.046866666667,1171.5557121521854,1649.0
scanId=302820,5.046866666667,1171.5754232332336,1915.0
scanId=302820,5.046866666667,1171.5951345960443,2184.0
scanId=302820,5.046866666667,1171.6148460087225,2255.0
scanId=302820,5.046866666667,1171.6345577031764,2526.0
scanId=302820,5.046866666667,1171.6542694474842,3180.0
scanId=302820,5.046866666667,1171.6739814735822,3879.0
scanId=302820,5.046866666667,1171.69369354952,4275.0
scanId=302820,5.046866666667,1171.7134059072614,3798.0
scanId=302820,5.046866666667,1171.733118314829,3035.0
scanId=302820,5.046866666667,1171.752831004214,2514.0
scanId=302820,5.046866666667,1171.7725437434117,2287.0
scanId=302820,5.046866666667,1171.79225676444,2079.0
scanId=302820,5.046866666667,1171.8119698352675,1681.0
scanId=302820,5.046866666667,1171.83168318794,1444.0
scanId=302820,5.046866666667,1171.8513965903971,1467.0
scanId=302820,5.046866666667,1171.871110274713,1379.0
scanId=302820,5.046866666667,1171.8908240088,1258.0
scanId=302820,5.046866666667,1171.9105380247593,1184.0
scanId=302820,5.046866666667,1171.930252090476,1064.0
scanId=302820,5.046866666667,1172.0091102436484,1054.0
scanId=302820,5.046866666667,1172.0288252545386,1122.0
scanId=302820,5.046866666667,1172.048540315145,1198.0
scanId=302820,5.046866666667,1172.0682556576785,1146.0
scanId=302820,5.046866666667,1172.0879710499146,1090.0
scanId=302820,5.046866666667,1172.107686724092,1156.0
scanId=302820,5.046866666667,1172.127402447958,1149.0
scanId=302820,5.046866666667,1172.1471184537788,1186.0
scanId=302820,5.046866666667,1172.1668345092746,1355.0
scanId=302820,5.046866666667,1172.1865508467392,1497.0
scanId=302820,5.046866666667,1172.2062672338648,1615.0
scanId=302820,5.046866666667,1172.2259839029732,1700.0
scanId=302820,5.046866666667,1172.2457006217287,1531.0
scanId=302820,5.046866666667,1172.2654176224803,1342.0
scanId=302820,5.046866666667,1172.2851346728658,1287.0
scanId=302820,5.046866666667,1172.304852005261,1244.0
scanId=302820,5.046866666667,1172.324569387276,1229.0
scanId=302820,5.046866666667,1172.3442870513147,1069.0
scanId=302820,5.046866666667,1172.3640047649596,1032.0
scanId=302820,5.046866666667,1172.383722760642,1078.0
scanId=302820,5.046866666667,1172.403440805917,1168.0
scanId=302820,5.046866666667,1172.4231591332427,1187.0
scanId=302820,5.046866666667,1172.4428775101474,1238.0
scanId=302820,5.046866666667,1172.462596169117,1175.0
scanId=302820,5.046866666667,1172.4823148776516,1105.0
scanId=302820,5.046866666667,1172.5020338682646,1148.0
scanId=302820,5.046866666667,1172.5217529084289,1116.0
scanId=302820,5.046866666667,1172.58091125638,1003.0
scanId=302820,5.046866666667,1172.6400709804018,1271.0
scanId=302820,5.046866666667,1172.6597912975894,1654.0
scanId=302820,5.046866666667,1172.6795116642732,1925.0
scanId=302820,5.046866666667,1172.6992323131042,1824.0
scanId=302820,5.046866666667,1172.718953011418,1598.0
scanId=302820,5.046866666667,1172.7386739918925,1413.0
scanId=302820,5.046866666667,1172.7583950218357,1139.0
scanId=302820,5.046866666667,1187.4371507262515,1024.0
scanId=302820,5.046866666667,1187.4569950780904,1229.0
scanId=302820,5.046866666667,1187.4768394743328,1281.0
scanId=302820,5.046866666667,1187.4966841578148,1472.0
scanId=302820,5.046866666667,1187.5165288856872,1978.0
scanId=302820,5.046866666667,1187.5363739008126,3367.0
scanId=302820,5.046866666667,1187.5562189603147,12654.0
scanId=302820,5.046866666667,1187.5760643070837,67171.0
scanId=302820,5.046866666667,1187.595909698215,224743.0
scanId=302820,5.046866666667,1187.6157553766272,484926.0
scanId=302820,5.046866666667,1187.635601099389,757992.0
scanId=302820,5.046866666667,1187.6554471094446,904100.0
scanId=302820,5.046866666667,1187.6752931638362,877978.0
scanId=302820,5.046866666667,1187.6951395055348,763104.0
scanId=302820,5.046866666667,1187.7149858915564,573093.0
scanId=302820,5.046866666667,1187.7348325648986,410956.0
scanId=302820,5.046866666667,1187.75467928255,292343.0
scanId=302820,5.046866666667,1187.7745262875353,206935.0
scanId=302820,5.046866666667,1187.7943733368163,146163.0
scanId=302820,5.046866666667,1187.814220673445,103210.0
scanId=302820,5.046866666667,1187.834068054356,72656.0
scanId=302820,5.046866666667,1187.853915722628,51597.0
scanId=302820,5.046866666667,1187.873763435169,37851.0
scanId=302820,5.046866666667,1187.893611435084,28028.0
scanId=302820,5.046866666667,1187.9134594792547,21082.0
scanId=302820,5.046866666667,1187.9333078108132,15966.0
scanId=302820,5.046866666667,1187.9531561866138,11937.0
scanId=302820,5.046866666667,1187.9730048498154,9482.0
scanId=302820,5.046866666667,1187.9928535572458,8231.0
scanId=302820,5.046866666667,1188.012702552091,7847.0
scanId=302820,5.046866666667,1188.032551591151,7883.0
scanId=302820,5.046866666667,1188.05240091764,7837.0
scanId=302820,5.046866666667,1188.07225028833,7458.0
scanId=302820,5.046866666667,1188.0920999464618,6803.0
scanId=302820,5.046866666667,1188.1119496487815,6198.0
scanId=302820,5.046866666667,1188.131799638557,5872.0
scanId=302820,5.046866666667,1188.1516496725071,5898.0
scanId=302820,5.046866666667,1188.1714999939254,6032.0
scanId=302820,5.046866666667,1188.191350359505,5810.0
scanId=302820,5.046866666667,1188.2112010125668,5624.0
scanId=302820,5.046866666667,1188.231051709776,5669.0
scanId=302820,5.046866666667,1188.2509026944813,5558.0
scanId=302820,5.046866666667,1188.2707537233205,5481.0
scanId=302820,5.046866666667,1188.290605039669,5491.0
scanId=302820,5.046866666667,1188.310456400138,5289.0
scanId=302820,5.046866666667,1188.3303080481296,5275.0
scanId=302820,5.046866666667,1188.3501597402285,5338.0
scanId=302820,5.046866666667,1188.3700117198634,5482.0
scanId=302820,5.046866666667,1188.3898637435923,5708.0
scanId=302820,5.046866666667,1188.4097160548706,5893.0
scanId=302820,5.046866666667,1188.4295684102292,5956.0
scanId=302820,5.046866666667,1188.449421053151,6104.0
scanId=302820,5.046866666667,1188.4692737401392,6317.0
scanId=302820,5.046866666667,1188.489126714704,6367.0
scanId=302820,5.046866666667,1188.5089797333223,6219.0
scanId=302820,5.046866666667,1188.5288330395308,6613.0
scanId=302820,5.046866666667,1188.5486863897788,9485.0
scanId=302820,5.046866666667,1188.568540027631,30546.0
scanId=302820,5.046866666667,1188.5883937095086,109798.0
scanId=302820,5.046866666667,1188.6082476790036,281908.0
scanId=302820,5.046866666667,1188.628101692511,521194.0
scanId=302820,5.046866666667,1188.6479559936497,732251.0
scanId=302820,5.046866666667,1188.6678103387874,785253.0
scanId=302820,5.046866666667,1188.687664971569,738016.0
scanId=302820,5.046866666667,1188.707519648336,581283.0
scanId=302820,5.046866666667,1188.727374612761,424240.0
scanId=302820,5.046866666667,1188.747229621158,303065.0
scanId=302820,5.046866666667,1188.7670849172264,215936.0
scanId=302820,5.046866666667,1188.7869402572535,154167.0
scanId=302820,5.046866666667,1188.806795884965,110027.0
scanId=302820,5.046866666667,1188.8266515566218,78734.0
scanId=302820,5.046866666667,1188.8465075159766,57608.0
scanId=302820,5.046866666667,1188.8663635192634,43289.0
scanId=302820,5.046866666667,1188.8862198102613,32970.0
scanId=302820,5.046866666667,1188.9060761451778,25795.0
scanId=302820,5.046866666667,1188.9259327678192,21161.0
scanId=302820,5.046866666667,1188.9457894343657,17330.0
scanId=302820,5.046866666667,1188.9656463886502,14564.0
scanId=302820,5.046866666667,1188.9855033868266,12664.0
scanId=302820,5.046866666667,1189.0053606727552,11537.0
scanId=302820,5.046866666667,1189.0252180025614,10829.0
scanId=302820,5.046866666667,1189.0450756201324,10585.0
scanId=302820,5.046866666667,1189.0649332815683,10571.0
scanId=302820,5.046866666667,1189.084791230783,10452.0
scanId=302820,5.046866666667,1189.1046492238488,10258.0
scanId=302820,5.046866666667,1189.1245075047066,9798.0
scanId=302820,5.046866666667,1189.1443658294022,9270.0
scanId=302820,5.046866666667,1189.1642244419036,9069.0
scanId=302820,5.046866666667,1189.184083098229,8926.0
scanId=302820,5.046866666667,1189.2039420423732,8482.0
scanId=302820,5.046866666667,1189.2238010303286,8349.0
scanId=302820,5.046866666667,1189.2436603061165,8636.0
scanId=302820,5.046866666667,1189.2635196257015,8850.0
scanId=302820,5.046866666667,1189.2833792331326,9159.0
scanId=302820,5.046866666667,1189.3032388843476,8969.0
scanId=302820,5.046866666667,1189.323098823422,8662.0
scanId=302820,5.046866666667,1189.3429588062668,8451.0
scanId=302820,5.046866666667,1189.3628190769844,8386.0
scanId=302820,5.046866666667,1189.382679391459,8369.0
scanId=302820,5.046866666667,1189.40253999382,8236.0
scanId=302820,5.046866666667,1189.422400639925,7918.0
scanId=302820,5.046866666667,1189.442261573929,7602.0
scanId=302820,5.046866666667,1189.4621225516637,7381.0
scanId=302820,5.046866666667,1189.481983817311,7227.0
scanId=302820,5.046866666667,1189.501845126675,7145.0
scanId=302820,5.046866666667,1189.521706723966,7167.0
scanId=302820,5.046866666667,1189.54156836496,7798.0
scanId=302820,5.046866666667,1189.561430293894,11491.0
scanId=302820,5.046866666667,1189.5812922665175,29511.0
scanId=302820,5.046866666667,1189.601154527095,78927.0
scanId=302820,5.046866666667,1189.621016831349,166246.0
scanId=302820,5.046866666667,1189.64087942357,265774.0
scanId=302820,5.046866666667,1189.6607420594532,330401.0
scanId=302820,5.046866666667,1189.6806049833172,326412.0
scanId=302820,5.046866666667,1189.7004679508304,271027.0
scanId=302820,5.046866666667,1189.7203312063375,202218.0
scanId=302820,5.046866666667,1189.740194505481,144190.0
scanId=302820,5.046866666667,1189.7600580926314,101872.0
scanId=302820,5.046866666667,1189.7799217234044,72811.0
scanId=302820,5.046866666667,1189.7997856421985,52150.0
scanId=302820,5.046866666667,1189.8196496046014,37681.0
scanId=302820,5.046866666667,1189.8395138550388,27874.0
scanId=302820,5.046866666667,1189.8593781490715,21299.0
scanId=302820,5.046866666667,1189.879242731152,17059.0
scanId=302820,5.046866666667,1189.8991073568147,14149.0
scanId=302820,5.046866666667,1189.9189722705385,11958.0
scanId=302820,5.046866666667,1189.9388372278308,10574.0
scanId=302820,5.046866666667,1189.9587024731975,9351.0
scanId=302820,5.046866666667,1189.9785677621198,8535.0
scanId=302820,5.046866666667,1189.9984333391303,8018.0
scanId=302820,5.046866666667,1190.0182989596824,7668.0
scanId=302820,5.046866666667,1190.0381648683358,7470.0
scanId=302820,5.046866666667,1190.0580308205178,7684.0
scanId=302820,5.046866666667,1190.0778970608146,7971.0
scanId=302820,5.046866666667,1190.0977633446262,7994.0
scanId=302820,5.046866666667,1190.1176299165666,8154.0
scanId=302820,5.046866666667,1190.137496532008,7908.0
scanId=302820,5.046866666667,1190.1573634355914,7451.0
scanId=302820,5.046866666667,1190.1772303826626,7245.0
scanId=302820,5.046866666667,1190.1970976178895,7051.0
scanId=302820,5.046866666667,1190.2169648965908,6798.0
scanId=302820,5.046866666667,1190.2368324634606,6525.0
scanId=302820,5.046866666667,1190.2567000737922,6456.0
scanId=302820,5.046866666667,1190.2765679723054,6556.0
scanId=302820,5.046866666667,1190.2964359142663,6436.0
scanId=302820,5.046866666667,1190.316304144423,6237.0
scanId=302820,5.046866666667,1190.3361724180136,6035.0
scanId=302820,5.046866666667,1190.3560409798135,6337.0
scanId=302820,5.046866666667,1190.3759095850342,6811.0
scanId=302820,5.046866666667,1190.3957784784773,6925.0
scanId=302820,5.046866666667,1190.4156474153276,6754.0
scanId=302820,5.046866666667,1190.435516640414,6557.0
scanId=302820,5.046866666667,1190.4553859088944,6138.0
scanId=302820,5.046866666667,1190.4752554656238,5634.0
scanId=302820,5.046866666667,1190.495125065734,5805.0
scanId=302820,5.046866666667,1190.514994954107,5996.0
scanId=302820,5.046866666667,1190.534864885847,5653.0
scanId=302820,5.046866666667,1190.554735105863,5679.0
scanId=302820,5.046866666667,1190.5746053692328,8101.0
scanId=302820,5.046866666667,1190.5944759208924,16640.0
scanId=302820,5.046866666667,1190.614346515892,35309.0
scanId=302820,5.046866666667,1190.6342173991948,62205.0
scanId=302820,5.046866666667,1190.6540883258242,86012.0
scanId=302820,5.046866666667,1190.6739595407707,95023.0
scanId=302820,5.046866666667,1190.69383079903,85752.0
scanId=302820,5.046866666667,1190.7137023456194,66724.0
scanId=302820,5.046866666667,1190.7335739355085,48241.0
scanId=302820,5.046866666667,1190.753445813741,34511.0
scanId=302820,5.046866666667,1190.77331773526,24910.0
scanId=302820,5.046866666667,1190.793189945136,17901.0
scanId=302820,5.046866666667,1190.8130621982848,13310.0
scanId=302820,5.046866666667,1190.8329347398037,10273.0
scanId=302820,5.046866666667,1190.8528073245825,8220.0
scanId=302820,5.046866666667,1190.8726801977448,6861.0
scanId=302820,5.046866666667,1190.892553114153,6075.0
scanId=302820,5.046866666667,1190.912426318959,5354.0
scanId=302820,5.046866666667,1190.9322995669972,4993.0
scanId=302820,5.046866666667,1190.952173103446,4927.0
scanId=302820,5.046866666667,1190.972046683114,4720.0
scanId=302820,5.046866666667,1190.9919205512065,4647.0
scanId=302820,5.046866666667,1191.0117944625044,4652.0
scanId=302820,5.046866666667,1191.0316686622398,4467.0
scanId=302820,5.046866666667,1191.0515429051677,4344.0
scanId=302820,5.046866666667,1191.0714174365464,4085.0
scanId=302820,5.046866666667,1191.0912920111043,4031.0
scanId=302820,5.046866666667,1191.1111668741266,3947.0
scanId=302820,5.046866666667,1191.1310417803145,3888.0
scanId=302820,5.046866666667,1191.1509169749795,3875.0
scanId=302820,5.046866666667,1191.1707922127966,3848.0
scanId=302820,5.046866666667,1191.1906677391053,3882.0
scanId=302820,5.046866666667,1191.2105433085524,3945.0
scanId=302820,5.046866666667,1191.230419166504,3696.0
scanId=302820,5.046866666667,1191.2502950675812,3459.0
scanId=302820,5.046866666667,1191.2701712571763,3420.0
scanId=302820,5.046866666667,1191.2900474898831,3569.0
scanId=302820,5.046866666667,1191.3099240111214,3685.0
scanId=302820,5.046866666667,1191.329800575458,3763.0
scanId=302820,5.046866666667,1191.34967742834,3829.0
scanId=302820,5.046866666667,1191.3695543243064,3455.0
scanId=302820,5.046866666667,1191.389431508831,3115.0
scanId=302820,5.046866666667,1191.4093087364274,3010.0
scanId=302820,5.046866666667,1191.4291862525956,3048.0
scanId=302820,5.046866666667,1191.4490638118218,3280.0
scanId=302820,5.046866666667,1191.468941659633,3285.0
scanId=302820,5.046866666667,1191.488819550489,3235.0
scanId=302820,5.046866666667,1191.5086977299438,3334.0
scanId=302820,5.046866666667,1191.52857595243,3336.0
scanId=302820,5.046866666667,1191.548454463528,3173.0
scanId=302820,5.046866666667,1191.5683330176437,3143.0
scanId=302820,5.046866666667,1191.588211860385,4108.0
scanId=302820,5.046866666667,1191.6080907461303,7483.0
scanId=302820,5.046866666667,1191.6279699205147,13430.0
scanId=302820,5.046866666667,1191.64784913789,19998.0
scanId=302820,5.046866666667,1191.6677286439178,24749.0
scanId=302820,5.046866666667,1191.6876081929229,25331.0
scanId=302820,5.046866666667,1191.707488030594,21959.0
scanId=302820,5.046866666667,1191.727367911229,17404.0
scanId=302820,5.046866666667,1191.7472480805432,13154.0
scanId=302820,5.046866666667,1191.767128292808,9741.0
scanId=302820,5.046866666667,1191.7870087937656,7366.0
scanId=302820,5.046866666667,1191.8068893376603,5693.0
scanId=302820,5.046866666667,1191.8267701702607,4396.0
scanId=302820,5.046866666667,1191.8466510457854,3723.0
scanId=302820,5.046866666667,1191.8665322100294,3338.0
scanId=302820,5.046866666667,1191.8864134171838,3107.0
scanId=302820,5.046866666667,1191.906294913071,2957.0
scanId=302820,5.046866666667,1191.926176451855,2716.0
scanId=302820,5.046866666667,1191.946058279386,2594.0
scanId=302820,5.046866666667,1191.9659401498002,2667.0
scanId=302820,5.046866666667,1191.985822308974,2567.0
scanId=302820,5.046866666667,1192.0057045110177,2465.0
scanId=302820,5.046866666667,1192.0255870018348,2477.0
scanId=302820,5.046866666667,1192.0454695355086,2419.0
scanId=302820,5.046866666667,1192.0653523579688,2253.0
scanId=302820,5.046866666667,1192.0852352232723,2049.0
scanId=302820,5.046866666667,1192.105118377376,2034.0
scanId=302820,5.046866666667,1192.1250015743092,2003.0
scanId=302820,5.046866666667,1192.144885060056,2123.0
scanId=302820,5.046866666667,1192.1647685886192,2243.0
scanId=302820,5.046866666667,1192.1846524060093,2166.0
scanId=302820,5.046866666667,1192.2045362662022,2027.0
scanId=302820,5.046866666667,1192.2244204152353,2036.0
scanId=302820,5.046866666667,1192.2443046070582,2023.0
scanId=302820,5.046866666667,1192.2641890877346,2172.0
scanId=302820,5.046866666667,1192.2840736111875,2296.0
scanId=302820,5.046866666667,1192.303958423507,2270.0
scanId=302820,5.046866666667,1192.3238432785895,2051.0
scanId=302820,5.046866666667,1192.3437284225529,1865.0
scanId=302820,5.046866666667,1192.3636136092657,1726.0
scanId=302820,5.046866666667,1192.383499084872,1789.0
scanId=302820,5.046866666667,1192.403384603214,1793.0
scanId=302820,5.046866666667,1192.4232704104636,1819.0
scanId=302820,5.046866666667,1192.4431562604357,2011.0
scanId=302820,5.046866666667,1192.4630423993283,2075.0
scanId=302820,5.046866666667,1192.4829285809303,2078.0
scanId=302820,5.046866666667,1192.5028150514663,1920.0
scanId=302820,5.046866666667,1192.522701564698,1750.0
scanId=302820,5.046866666667,1192.5425883668772,1654.0
scanId=302820,5.046866666667,1192.5624752117387,1591.0
scanId=302820,5.046866666667,1192.5823623455613,1670.0
scanId=302820,5.046866666667,1192.6022495220525,2348.0
scanId=302820,5.046866666667,1192.6221369875184,3635.0
scanId=302820,5.046866666667,1192.6420244956396,5826.0
scanId=302820,5.046866666667,1192.6619122927484,8323.0
scanId=302820,5.046866666667,1192.6818001324996,9499.0
scanId=302820,5.046866666667,1192.7016882612518,9182.0
scanId=302820,5.046866666667,1192.721576432633,8084.0
scanId=302820,5.046866666667,1192.741464893028,6526.0
scanId=302820,5.046866666667,1192.7613533960389,4845.0
scanId=302820,5.046866666667,1192.781242188078,3570.0
scanId=302820,5.046866666667,1192.801131022719,2784.0
scanId=302820,5.046866666667,1192.8210201464003,2161.0
scanId=302820,5.046866666667,1192.8409093126709,1917.0
scanId=302820,5.046866666667,1192.860798767996,1932.0
scanId=302820,5.046866666667,1192.8806882658962,2034.0
scanId=302820,5.046866666667,1192.9005780528646,2032.0
scanId=302820,5.046866666667,1192.9204678823946,1737.0
scanId=302820,5.046866666667,1192.9403580010062,1647.0
scanId=302820,5.046866666667,1192.9602481621662,1570.0
scanId=302820,5.046866666667,1192.9801386124211,1423.0
scanId=302820,5.046866666667,1193.000029105211,1370.0
scanId=302820,5.046866666667,1193.019919887109,1266.0
scanId=302820,5.046866666667,1193.0398107115284,1200.0
scanId=302820,5.046866666667,1193.05970182507,1147.0
scanId=302820,5.046866666667,1193.0795929811193,1086.0
scanId=302820,5.046866666667,1193.099484426304,1119.0
scanId=302820,5.046866666667,1193.119375913983,1219.0
scanId=302820,5.046866666667,1193.1392676908108,1217.0
scanId=302820,5.046866666667,1193.15915951012,1122.0
scanId=302820,5.046866666667,1193.179051618591,1046.0
scanId=302820,5.046866666667,1193.2586214639712,1045.0
scanId=302820,5.046866666667,1193.2785142781695,1054.0
scanId=302820,5.046866666667,1193.2984073815703,1163.0
scanId=302820,5.046866666667,1193.3183005273988,1226.0
scanId=302820,5.046866666667,1193.3381939624426,1173.0
scanId=302820,5.046866666667,1193.3580874399008,1093.0
scanId=302820,5.046866666667,1193.3779812065882,1027.0
scanId=302820,5.046866666667,1193.5570319515082,1009.0
scanId=302820,5.046866666667,1193.5769273764115,1128.0
scanId=302820,5.046866666667,1193.5968228436489,1102.0
scanId=302820,5.046866666667,1193.616718600195,1130.0
scanId=302820,5.046866666667,1193.6366143990629,1618.0
scanId=302820,5.046866666667,1193.6565104872527,2574.0
scanId=302820,5.046866666667,1193.6764066177498,3255.0
scanId=302820,5.046866666667,1193.6963030375823,3506.0
scanId=302820,5.046866666667,1193.716199499709,3319.0
scanId=302820,5.046866666667,1193.7360962511857,2731.0
scanId=302820,5.046866666667,1193.7559930449422,2108.0
scanId=302820,5.046866666667,1193.7758901280615,1682.0
scanId=302820,5.046866666667,1193.7957872534482,1319.0
scanId=302820,5.046866666667,1193.815684668211,1000.0
scanId=302820,5.046866666667,1197.6789075994193,1009.0
scanId=302820,5.046866666667,1197.6988372245298,1239.0
scanId=302820,5.046866666667,1197.7187671403249,1208.0
scanId=302820,5.046866666667,1198.675595103954,1004.0
scanId=302820,5.046866666667,1198.695533019811,1088.0
scanId=302820,5.046866666667,1198.7154712266845,1083.0
scanId=302820,5.046866666667,1203.5453776946492,3784.0
scanId=302820,5.046866666667,1203.5653560693456,14093.0
scanId=302820,5.046866666667,1203.585334736677,32405.0
scanId=302820,5.046866666667,1203.605313443003,53810.0
scanId=302820,5.046866666667,1203.6252924419778,68726.0
scanId=302820,5.046866666667,1203.645271479934,70770.0
scanId=302820,5.046866666667,1203.6652508105512,60851.0
scanId=302820,5.046866666667,1203.685230180137,45081.0
scanId=302820,5.046866666667,1203.7052098423978,31020.0
scanId=302820,5.046866666667,1203.7251895436136,20734.0
scanId=302820,5.046866666667,1203.7451695375173,13471.0
scanId=302820,5.046866666667,1203.7651495703633,9001.0
scanId=302820,5.046866666667,1203.78512989591,5927.0
scanId=302820,5.046866666667,1203.8051102603854,3781.0
scanId=302820,5.046866666667,1203.8250909175752,2405.0
scanId=302820,5.046866666667,1203.8450716136804,1585.0
scanId=302820,5.046866666667,1203.865052602513,1261.0
scanId=302820,5.046866666667,1204.5445027272117,2573.0
scanId=302820,5.046866666667,1204.5644893926542,8695.0
scanId=302820,5.046866666667,1204.5844763510618,20653.0
scanId=302820,5.046866666667,1204.6044633481345,36354.0
scanId=302820,5.046866666667,1204.624450638185,50814.0
scanId=302820,5.046866666667,1204.6444379668872,55748.0
scanId=302820,5.046866666667,1204.6644255885808,49474.0
scanId=302820,5.046866666667,1204.6844132489125,37933.0
scanId=302820,5.046866666667,1204.7044012022493,26467.0
scanId=302820,5.046866666667,1204.724389194211,17748.0
scanId=302820,5.046866666667,1204.7443774791907,11962.0
scanId=302820,5.046866666667,1204.7643658027823,7998.0
scanId=302820,5.046866666667,1204.784354419405,5137.0
scanId=302820,5.046866666667,1204.8043430746263,3482.0
scanId=302820,5.046866666667,1204.824332022892,2602.0
scanId=302820,5.046866666667,1204.8443210097432,2023.0
scanId=302820,5.046866666667,1204.864310289652,1623.0
scanId=302820,5.046866666667,1204.884299608133,1276.0
scanId=302820,5.046866666667,1205.5440423053212,1954.0
scanId=302820,5.046866666667,1205.5640372615096,5193.0
scanId=302820,5.046866666667,1205.5840325109928,11798.0
scanId=302820,5.046866666667,1205.6040277988109,20734.0
scanId=302820,5.046866666667,1205.6240233799374,28763.0
scanId=302820,5.046866666667,1205.6440189993853,32240.0
scanId=302820,5.046866666667,1205.6640149121545,29806.0
scanId=302820,5.046866666667,1205.6840108632323,24902.0
scanId=302820,5.046866666667,1205.7040071076444,19897.0
scanId=302820,5.046866666667,1205.7240033903522,15065.0
scanId=302820,5.046866666667,1205.7439999664075,10918.0
scanId=302820,5.046866666667,1205.763996580745,7811.0
scanId=302820,5.046866666667,1205.7839934884432,5516.0
scanId=302820,5.046866666667,1205.8039904344105,3735.0
scanId=302820,5.046866666667,1205.8239876737518,2523.0
scanId=302820,5.046866666667,1205.843984951349,1748.0
scanId=302820,5.046866666667,1205.8639825223331,1442.0
scanId=302820,5.046866666667,1205.8839801315607,1166.0
scanId=302820,5.046866666667,1206.5439964289656,1242.0
scanId=302820,5.046866666667,1206.5639996758998,2602.0
scanId=302820,5.046866666667,1206.5840032164583,4821.0
scanId=302820,5.046866666667,1206.6040067950223,7646.0
scanId=302820,5.046866666667,1206.624010667224,10588.0
scanId=302820,5.046866666667,1206.644014577418,12250.0
scanId=302820,5.046866666667,1206.6640187812625,12079.0
scanId=302820,5.046866666667,1206.684023023086,10711.0
scanId=302820,5.046866666667,1206.7040275585737,8947.0
scanId=302820,5.046866666667,1206.7240321320276,7230.0
scanId=302820,5.046866666667,1206.7440369991582,5500.0
scanId=302820,5.046866666667,1206.7640419042414,3936.0
scanId=302820,5.046866666667,1206.784047103015,2655.0
scanId=302820,5.046866666667,1206.804052339728,1796.0
scanId=302820,5.046866666667,1206.8240578701448,1276.0
scanId=302820,5.046866666667,1207.584388467449,1472.0
scanId=302820,5.046866666667,1207.6044003367583,2801.0
scanId=302820,5.046866666667,1207.6244125000349,3982.0
scanId=302820,5.046866666667,1207.6444247009747,4506.0
scanId=302820,5.046866666667,1207.6644371958942,4549.0
scanId=302820,5.046866666667,1207.6844497284635,4192.0
scanId=302820,5.046866666667,1207.704462555026,3899.0
scanId=302820,5.046866666667,1207.7244754192254,3598.0
scanId=302820,5.046866666667,1207.7444885774307,3013.0
scanId=302820,5.046866666667,1207.76450177326,2211.0
scanId=302820,5.046866666667,1207.7845152631085,1553.0
scanId=302820,5.046866666667,1207.8045287905677,1124.0
scanId=302820,5.046866666667,1208.6252288783585,1022.0
scanId=302820,5.046866666667,1208.645249370044,1140.0
scanId=302820,5.046866666667,1208.665270156038,1229.0
scanId=302820,5.046866666667,1208.685290979353,1264.0
scanId=302820,5.046866666667,1208.7053120969902,1229.0
scanId=302820,5.046866666667,1208.7253332519354,1146.0
scanId=302820,5.046866666667,1209.7065761844558,1020.0
scanId=302820,5.046866666667,1209.726605630147,1054.0
scanId=302820,5.046866666667,1213.6355289522924,1102.0
scanId=302820,5.046866666667,1213.6555908977075,1995.0
scanId=302820,5.046866666667,1213.675653139067,2398.0
scanId=302820,5.046866666667,1213.695715416112,2199.0
scanId=302820,5.046866666667,1213.7157779891138,1801.0
scanId=302820,5.046866666667,1213.7358405977889,1377.0
scanId=302820,5.046866666667,1214.6388326034662,1073.0
scanId=302820,5.046866666667,1214.6589028396274,1629.0
scanId=302820,5.046866666667,1214.6789733720582,1814.0
scanId=302820,5.046866666667,1214.6990439398492,1638.0
scanId=302820,5.046866666667,1214.719114803923,1295.0
scanId=302820,5.046866666667,1219.6615690406716,1147.0
scanId=302820,5.046866666667,1219.6816807305622,1618.0
scanId=302820,5.046866666667,1219.7017927183456,1685.0
scanId=302820,5.046866666667,1219.7219047398662,1338.0
scanId=302820,5.046866666667,1220.667359964303,1194.0
scanId=302820,5.046866666667,1220.6874799449397,1486.0
scanId=302820,5.046866666667,1220.7076002237918,1555.0
scanId=302820,5.046866666667,1220.7277205360583,1362.0
scanId=302820,5.046866666667,1220.747841146554,1025.0
scanId=302820,5.046866666667,1221.6534371950274,1100.0
scanId=302820,5.046866666667,1221.6735654333058,1394.0
scanId=302820,5.046866666667,1221.6936937046885,1453.0
scanId=302820,5.046866666667,1221.7138222746096,1304.0
scanId=302820,5.046866666667,1221.733950877622,1166.0
scanId=302820,5.046866666667,1223.6670751869658,1933.0
scanId=302820,5.046866666667,1223.6872200073803,3361.0
scanId=302820,5.046866666667,1223.7073648602548,4882.0
scanId=302820,5.046866666667,1223.7275100123122,5575.0
scanId=302820,5.046866666667,1223.7476551968164,4908.0
scanId=302820,5.046866666667,1223.7678006805163,3742.0
scanId=302820,5.046866666667,1223.7879461966504,2741.0
scanId=302820,5.046866666667,1223.808092011993,1901.0
scanId=302820,5.046866666667,1223.8282378597569,1240.0
scanId=302820,5.046866666667,1224.6543631889583,1020.0
scanId=302820,5.046866666667,1224.6745160009486,2645.0
scanId=302820,5.046866666667,1224.6946691124306,5201.0
scanId=302820,5.046866666667,1224.7148222560509,7732.0
scanId=302820,5.046866666667,1224.7349756991753,8658.0
scanId=302820,5.046866666667,1224.7551291744253,7732.0
scanId=302820,5.046866666667,1224.7752829491926,5960.0
scanId=302820,5.046866666667,1224.7954367560726,4329.0
scanId=302820,5.046866666667,1224.8155908624826,2977.0
scanId=302820,5.046866666667,1224.8357450009923,1959.0
scanId=302820,5.046866666667,1224.8558994390448,1261.0
scanId=302820,5.046866666667,1225.662210257522,1247.0
scanId=302820,5.046866666667,1225.6823713602585,2473.0
scanId=302820,5.046866666667,1225.702532762807,4006.0
scanId=302820,5.046866666667,1225.7226941971733,5086.0
scanId=302820,5.046866666667,1225.7428559313648,5070.0
scanId=302820,5.046866666667,1225.763017697361,4206.0
scanId=302820,5.046866666667,1225.7831797631952,3118.0
scanId=302820,5.046866666667,1225.803341860821,2267.0
scanId=302820,5.046866666667,1225.8235042582978,1598.0
scanId=302820,5.046866666667,1225.8436666875534,1106.0
scanId=302820,5.046866666667,1226.6906412648846,1161.0
scanId=302820,5.046866666667,1226.7108109585004,1668.0
scanId=302820,5.046866666667,1226.7309806836124,2056.0
scanId=302820,5.046866666667,1226.7511507088705,1820.0
scanId=302820,5.046866666667,1226.7713207656125,1347.0
scanId=302820,5.046866666667,1226.791491122513,1023.0
scanId=302820,5.046866666667,1227.679148030588,1258.0
scanId=302820,5.046866666667,1227.6993257148165,1386.0
scanId=302820,5.046866666667,1227.719503699498,1358.0
scanId=302820,5.046866666667,1227.7396817153558,1189.0
scanId=302820,5.046866666667,1238.720871620777,1581.0
scanId=302820,5.046866666667,1238.7411398399504,2494.0
scanId=302820,5.046866666667,1238.7614083630444,3057.0
scanId=302820,5.046866666667,1238.7816769138476,3114.0
scanId=302820,5.046866666667,1238.8019457685837,2727.0
scanId=302820,5.046866666667,1238.8222146510168,2032.0
scanId=302820,5.046866666667,1238.8424838373958,1358.0
scanId=302820,5.046866666667,1239.7142126766282,1409.0
scanId=302820,5.046866666667,1239.73448915914,2345.0
scanId=302820,5.046866666667,1239.7547656690597,3027.0
scanId=302820,5.046866666667,1239.775042483214,3105.0
scanId=302820,5.046866666667,1239.795319324763,2519.0
scanId=302820,5.046866666667,1239.8155964705604,1887.0
scanId=302820,5.046866666667,1239.8358736437394,1379.0
scanId=302820,5.046866666667,1240.707952000056,1459.0
scanId=302820,5.046866666667,1240.7282364690916,2198.0
scanId=302820,5.046866666667,1240.748521242664,2746.0
scanId=302820,5.046866666667,1240.768806043329,2684.0
scanId=302820,5.046866666667,1240.789091148544,2077.0
scanId=302820,5.046866666667,1240.8093762808392,1468.0
scanId=302820,5.046866666667,1241.6817968857815,1038.0
scanId=302820,5.046866666667,1241.7020893139331,1461.0
scanId=302820,5.046866666667,1241.7223820469237,1793.0
scanId=302820,5.046866666667,1241.7426748067048,1971.0
scanId=302820,5.046866666667,1241.762967871337,1870.0
scanId=302820,5.046866666667,1241.7832609627485,1668.0
scanId=302820,5.046866666667,1241.8035543590229,1300.0
scanId=302820,5.046866666667,1242.757527689456,1049.0
scanId=302820,5.046866666667,1245.5403487045824,3574.0
scanId=302820,5.046866666667,1245.5606726375684,9069.0
scanId=302820,5.046866666667,1245.5809968765818,16987.0
scanId=302820,5.046866666667,1245.6013211411978,24169.0
scanId=302820,5.046866666667,1245.6216457118533,27096.0
scanId=302820,5.046866666667,1245.641970308099,24358.0
scanId=302820,5.046866666667,1245.662295210397,18722.0
scanId=302820,5.046866666667,1245.682620138272,13256.0
scanId=302820,5.046866666667,1245.7029453722123,8930.0
scanId=302820,5.046866666667,1245.7232706317177,5921.0
scanId=302820,5.046866666667,1245.7435961973,4044.0
scanId=302820,5.046866666667,1245.7639217884353,2594.0
scanId=302820,5.046866666667,1245.7842476856597,1712.0
scanId=302820,5.046866666667,1245.8045736084248,1174.0
scanId=302820,5.046866666667,1246.5364197877775,2138.0
scanId=302820,5.046866666667,1246.556751986206,5848.0
scanId=302820,5.046866666667,1246.577084209938,11412.0
scanId=302820,5.046866666667,1246.5974167400086,16944.0
scanId=302820,5.046866666667,1246.6177492953705,20795.0
scanId=302820,5.046866666667,1246.6380821570835,20872.0
scanId=302820,5.046866666667,1246.6584150440754,16941.0
scanId=302820,5.046866666667,1246.6787482374305,12197.0
scanId=302820,5.046866666667,1246.6990814560518,8442.0
scanId=302820,5.046866666667,1246.7194149810496,5735.0
scanId=302820,5.046866666667,1246.7397485313008,3691.0
scanId=302820,5.046866666667,1246.7600823879409,2359.0
scanId=302820,5.046866666667,1246.780416269822,1464.0
scanId=302820,5.046866666667,1247.5328891405793,1749.0
scanId=302820,5.046866666667,1247.553229323427,4823.0
scanId=302820,5.046866666667,1247.573569812913,9779.0
scanId=302820,5.046866666667,1247.5939103273909,15407.0
scanId=302820,5.046866666667,1247.6142511485189,19432.0
scanId=302820,5.046866666667,1247.6345919946266,20332.0
scanId=302820,5.046866666667,1247.6549331473968,18153.0
scanId=302820,5.046866666667,1247.6752743251343,15721.0
scanId=302820,5.046866666667,1247.6956158095468,14006.0
scanId=302820,5.046866666667,1247.7159573189142,12647.0
scanId=302820,5.046866666667,1247.7362991349696,11182.0
scanId=302820,5.046866666667,1247.7566409759668,9108.0
scanId=302820,5.046866666667,1247.7769831236635,6693.0
scanId=302820,5.046866666667,1247.7973252962909,4611.0
scanId=302820,5.046866666667,1247.8176677756303,3168.0
scanId=302820,5.046866666667,1247.8380102798872,2249.0
scanId=302820,5.046866666667,1247.8583530908688,1567.0
scanId=302820,5.046866666667,1247.8786959267557,1054.0
scanId=302820,5.046866666667,1248.5501049305565,2118.0
scanId=302820,5.046866666667,1248.5704534041504,4754.0
scanId=302820,5.046866666667,1248.5908021846928,7351.0
scanId=302820,5.046866666667,1248.6111509899172,9370.0
scanId=302820,5.046866666667,1248.631500102102,10024.0
scanId=302820,5.046866666667,1248.6518492389555,9194.0
scanId=302820,5.046866666667,1248.6721986827824,8425.0
scanId=302820,5.046866666667,1248.6925481512658,8421.0
scanId=302820,5.046866666667,1248.7128979267352,8887.0
scanId=302820,5.046866666667,1248.7332477268485,9226.0
scanId=302820,5.046866666667,1248.7535978339597,8413.0
scanId=302820,5.046866666667,1248.773947965703,6636.0
scanId=302820,5.046866666667,1248.7942984044566,4867.0
scanId=302820,5.046866666667,1248.8146488678296,3459.0
scanId=302820,5.046866666667,1248.8349996382258,2508.0
scanId=302820,5.046866666667,1248.8553504332283,1856.0
scanId=302820,5.046866666667,1248.875701535267,1294.0
scanId=302820,5.046866666667,1249.5677352655955,1883.0
scanId=302820,5.046866666667,1249.5880920299355,3308.0
scanId=302820,5.046866666667,1249.6084491015345,4536.0
scanId=302820,5.046866666667,1249.628806197504,5001.0
scanId=302820,5.046866666667,1249.649163600745,4735.0
scanId=302820,5.046866666667,1249.6695210283444,4388.0
scanId=302820,5.046866666667,1249.6898787632276,4389.0
scanId=302820,5.046866666667,1249.710236522457,4654.0
scanId=302820,5.046866666667,1249.7305945889827,4637.0
scanId=302820,5.046866666667,1249.750952679842,4109.0
scanId=302820,5.046866666667,1249.7713110780096,3380.0
scanId=302820,5.046866666667,1249.7916695004983,2554.0
scanId=302820,5.046866666667,1249.812028230309,1861.0
scanId=302820,5.046866666667,1249.8323869844276,1339.0
scanId=302820,5.046866666667,1250.626510563425,1166.0
scanId=302820,5.046866666667,1250.6468759501406,1324.0
scanId=302820,5.046866666667,1250.6672416444374,1310.0
scanId=302820,5.046866666667,1250.687607362783,1251.0
scanId=302820,5.046866666667,1250.7079733887222,1298.0
scanId=302820,5.046866666667,1250.7283394386975,1303.0
scanId=302820,5.046866666667,1250.748705796279,1131.0
scanId=302820,5.046866666667,1255.5393812295283,1322.0
scanId=302820,5.046866666667,1255.559786720887,4539.0
scanId=302820,5.046866666667,1255.5801922348128,13433.0
scanId=302820,5.046866666667,1255.6005980578136,28131.0
scanId=302820,5.046866666667,1255.6210039033692,44367.0
scanId=302820,5.046866666667,1255.6414100580118,54414.0
scanId=302820,5.046866666667,1255.6618162351974,52941.0
scanId=302820,5.046866666667,1255.6822227214825,43033.0
scanId=302820,5.046866666667,1255.7026292302978,31302.0
scanId=302820,5.046866666667,1255.723036048225,21763.0
scanId=302820,5.046866666667,1255.74344288867,14766.0
scanId=302820,5.046866666667,1255.763850038239,9950.0
scanId=302820,5.046866666667,1255.784257210314,6632.0
scanId=302820,5.046866666667,1255.8046646915252,4375.0
scanId=302820,5.046866666667,1255.8250721952302,2850.0
scanId=302820,5.046866666667,1255.8454800080835,1901.0
scanId=302820,5.046866666667,1255.8658878434182,1242.0
scanId=302820,5.046866666667,1256.5394418701858,1070.0
scanId=302820,5.046866666667,1256.5598553432276,2896.0
scanId=302820,5.046866666667,1256.580269125639,9062.0
scanId=302820,5.046866666667,1256.6006829303108,20788.0
scanId=302820,5.046866666667,1256.621097044365,34096.0
scanId=302820,5.046866666667,1256.6415111806664,43622.0
scanId=302820,5.046866666667,1256.6619256263623,45646.0
scanId=302820,5.046866666667,1256.6823400942935,39510.0
scanId=302820,5.046866666667,1256.7027548716314,29517.0
scanId=302820,5.046866666667,1256.7231696711929,20419.0
scanId=302820,5.046866666667,1256.743584780173,13735.0
scanId=302820,5.046866666667,1256.763999911364,9520.0
scanId=302820,5.046866666667,1256.7844153519864,6683.0
scanId=302820,5.046866666667,1256.8048308148077,4417.0
scanId=302820,5.046866666667,1256.825246587072,2786.0
scanId=302820,5.046866666667,1256.845662381523,1900.0
scanId=302820,5.046866666667,1256.8660784854292,1219.0
scanId=302820,5.046866666667,1257.5603222381103,1467.0
scanId=302820,5.046866666667,1257.5807440018982,3825.0
scanId=302820,5.046866666667,1257.6011660753625,8642.0
scanId=302820,5.046866666667,1257.62158817078,14550.0
scanId=302820,5.046866666667,1257.6420105758864,19412.0
scanId=302820,5.046866666667,1257.6624330029344,20560.0
scanId=302820,5.046866666667,1257.682855739683,17523.0
scanId=302820,5.046866666667,1257.7032784983603,13188.0
scanId=302820,5.046866666667,1257.723701566751,9410.0
scanId=302820,5.046866666667,1257.744124657058,6621.0
scanId=302820,5.046866666667,1257.7645480570911,4662.0
scanId=302820,5.046866666667,1257.784971479028,3183.0
scanId=302820,5.046866666667,1257.8053952107027,2223.0
scanId=302820,5.046866666667,1257.8258189642695,1653.0
scanId=302820,5.046866666667,1257.8462430275863,1302.0
scanId=302820,5.046866666667,1257.8666671127833,1036.0
scanId=302820,5.046866666667,1258.5816171509953,1292.0
scanId=302820,5.046866666667,1258.602047205529,2547.0
scanId=302820,5.046866666667,1258.6224775700457,4281.0
scanId=302820,5.046866666667,1258.6429079562092,6112.0
scanId=302820,5.046866666667,1258.663338652368,6865.0
scanId=302820,5.046866666667,1258.6837693701614,6549.0
scanId=302820,5.046866666667,1258.704200397962,5663.0
scanId=302820,5.046866666667,1258.7246314473853,4695.0
scanId=302820,5.046866666667,1258.7450628068282,3801.0
scanId=302820,5.046866666667,1258.7654941878814,2968.0
scanId=302820,5.046866666667,1258.7859258789665,2184.0
scanId=302820,5.046866666667,1258.8063575916492,1557.0
scanId=302820,5.046866666667,1258.826789614376,1064.0
scanId=302820,5.046866666667,1259.582888284902,1060.0
scanId=302820,5.046866666667,1259.6033266088284,1555.0
scanId=302820,5.046866666667,1259.623764954108,1866.0
scanId=302820,5.046866666667,1259.6442036096764,1999.0
scanId=302820,5.046866666667,1259.6646422865858,2125.0
scanId=302820,5.046866666667,1259.6850812737964,2142.0
scanId=302820,5.046866666667,1259.7055202823358,2100.0
scanId=302820,5.046866666667,1259.7259596011884,2072.0
scanId=302820,5.046866666667,1259.7463989413577,1976.0
scanId=302820,5.046866666667,1259.766838591852,1801.0
scanId=302820,5.046866666667,1259.787278263651,1445.0
scanId=302820,5.046866666667,1260.686791161899,1128.0
scanId=302820,5.046866666667,1260.707238440161,1545.0
scanId=302820,5.046866666667,1260.7276857394463,1835.0
scanId=302820,5.046866666667,1260.7481333493504,1899.0
scanId=302820,5.046866666667,1260.7685809802654,1676.0
scanId=302820,5.046866666667,1260.7890289218112,1287.0
scanId=302820,5.046866666667,1261.5457165774806,1675.0
scanId=302820,5.046866666667,1261.5661708202256,2740.0
scanId=302820,5.046866666667,1261.5866250837375,3359.0
scanId=302820,5.046866666667,1261.607079658124,3235.0
scanId=302820,5.046866666667,1261.6275342532654,2741.0
scanId=302820,5.046866666667,1261.6479891592942,2191.0
scanId=302820,5.046866666667,1261.6684440860656,1690.0
scanId=302820,5.046866666667,1261.688899323736,1424.0
scanId=302820,5.046866666667,1261.7093545821374,1622.0
scanId=302820,5.046866666667,1261.72981015145,1956.0
scanId=302820,5.046866666667,1261.7502657414811,1970.0
scanId=302820,5.046866666667,1261.7707216424358,1586.0
scanId=302820,5.046866666667,1261.7911775640969,1220.0
scanId=302820,5.046866666667,1262.5481659928191,1291.0
scanId=302820,5.046866666667,1262.568628215447,2084.0
scanId=302820,5.046866666667,1262.589090749242,2446.0
scanId=302820,5.046866666667,1262.6095533034995,2505.0
scanId=302820,5.046866666667,1262.6300161689364,2350.0
scanId=302820,5.046866666667,1262.650479054824,1913.0
scanId=302820,5.046866666667,1262.670942251903,1423.0
scanId=302820,5.046866666667,1262.6914054694205,1210.0
scanId=302820,5.046866666667,1262.7118689981412,1239.0
scanId=302820,5.046866666667,1262.7323325472885,1319.0
scanId=302820,5.046866666667,1262.7527964076514,1309.0
scanId=302820,5.046866666667,1262.773260288429,1207.0
scanId=302820,5.046866666667,1263.5510133917394,1649.0
scanId=302820,5.046866666667,1263.5714838849424,4072.0
scanId=302820,5.046866666667,1263.591954398316,8712.0
scanId=302820,5.046866666667,1263.6124252231612,14452.0
scanId=302820,5.046866666667,1263.6328960681649,19186.0
scanId=302820,5.046866666667,1263.6533672246514,21058.0
scanId=302820,5.046866666667,1263.6738384012851,19680.0
scanId=302820,5.046866666667,1263.694309889414,15959.0
scanId=302820,5.046866666667,1263.7147813976774,11688.0
scanId=302820,5.046866666667,1263.7352532174486,8042.0
scanId=302820,5.046866666667,1263.7557250573418,5569.0
scanId=302820,5.046866666667,1263.7761972087546,3852.0
scanId=302820,5.046866666667,1263.7966693802775,2582.0
scanId=302820,5.046866666667,1263.8171418633324,1595.0
scanId=302820,5.046866666667,1263.8376143664852,1042.0
scanId=302820,5.046866666667,1264.554259065215,1612.0
scanId=302820,5.046866666667,1264.574737537705,3479.0
scanId=302820,5.046866666667,1264.595216321958,6955.0
scanId=302820,5.046866666667,1264.6156951260778,12073.0
scanId=302820,5.046866666667,1264.6361742419722,16680.0
scanId=302820,5.046866666667,1264.6566533777216,18482.0
scanId=302820,5.046866666667,1264.6771328252582,16919.0
scanId=302820,5.046866666667,1264.6976122926376,13427.0
scanId=302820,5.046866666667,1264.7180920718158,9795.0
scanId=302820,5.046866666667,1264.738571870825,7042.0
scanId=302820,5.046866666667,1264.7590519816454,5017.0
scanId=302820,5.046866666667,1264.7795321122844,3486.0
scanId=302820,5.046866666667,1264.800012554747,2358.0
scanId=302820,5.046866666667,1264.8204930170157,1589.0
scanId=302820,5.046866666667,1264.84097379112,1150.0
scanId=302820,5.046866666667,1265.578389465316,1797.0
scanId=302820,5.046866666667,1265.598876228552,3226.0
scanId=302820,5.046866666667,1265.619363303853,5132.0
scanId=302820,5.046866666667,1265.6398503987189,7001.0
scanId=302820,5.046866666667,1265.6603378056625,7962.0
scanId=302820,5.046866666667,1265.680825232158,7448.0
scanId=302820,5.046866666667,1265.7013129707432,5868.0
scanId=302820,5.046866666667,1265.7218007288686,4288.0
scanId=302820,5.046866666667,1265.742288799096,3196.0
scanId=302820,5.046866666667,1265.7627768888512,2388.0
scanId=302820,5.046866666667,1265.7832652907205,1650.0
scanId=302820,5.046866666667,1265.8037537121054,1104.0
scanId=302820,5.046866666667,1266.6029344102851,1321.0
scanId=302820,5.046866666667,1266.623429464267,1845.0
scanId=302820,5.046866666667,1266.6439248306172,2446.0
scanId=302820,5.046866666667,1266.6644202162288,2605.0
scanId=302820,5.046866666667,1266.6849159142207,2369.0
scanId=302820,5.046866666667,1266.705411631462,2768.0
scanId=302820,5.046866666667,1266.7259076610962,4799.0
scanId=302820,5.046866666667,1266.7464037099674,8677.0
scanId=302820,5.046866666667,1266.766900071244,14047.0
scanId=302820,5.046866666667,1266.787396451745,18615.0
scanId=302820,5.046866666667,1266.8078931446628,20506.0
scanId=302820,5.046866666667,1266.8283898567938,18169.0
scanId=302820,5.046866666667,1266.8488868813536,13585.0
scanId=302820,5.046866666667,1266.869383925114,9361.0
scanId=302820,5.046866666667,1266.889881281316,6266.0
scanId=302820,5.046866666667,1266.9103786567064,4028.0
scanId=302820,5.046866666667,1266.93087634455,2648.0
scanId=302820,5.046866666667,1266.9513740515706,1821.0
scanId=302820,5.046866666667,1266.9718720710562,1375.0
scanId=302820,5.046866666667,1266.9923701097064,1010.0
scanId=302820,5.046866666667,1267.5663845671434,1187.0
scanId=302820,5.046866666667,1267.5868875612578,1651.0
scanId=302820,5.046866666667,1267.6073905743556,1737.0
scanId=302820,5.046866666667,1267.6278939001124,1683.0
scanId=302820,5.046866666667,1267.64839724484,1713.0
scanId=302820,5.046866666667,1267.6689009022384,1685.0
scanId=302820,5.046866666667,1267.689404578596,1674.0
scanId=302820,5.046866666667,1267.709908567636,2225.0
scanId=302820,5.046866666667,1267.7304125756232,3990.0
scanId=302820,5.046866666667,1267.7509168963054,7201.0
scanId=302820,5.046866666667,1267.7714212359226,11433.0
scanId=302820,5.046866666667,1267.7919258882466,14548.0
scanId=302820,5.046866666667,1267.8124305594936,14890.0
scanId=302820,5.046866666667,1267.8329355434594,12567.0
scanId=302820,5.046866666667,1267.853440546336,9476.0
scanId=302820,5.046866666667,1267.873945861944,6722.0
scanId=302820,5.046866666667,1267.8944511964503,4561.0
scanId=302820,5.046866666667,1267.9149568437006,3054.0
scanId=302820,5.046866666667,1267.935462509837,1981.0
scanId=302820,5.046866666667,1267.9559684887286,1373.0
scanId=302820,5.046866666667,1267.976474486495,1005.0
scanId=302820,5.046866666667,1268.571222756761,1126.0
scanId=302820,5.046866666667,1268.5917337289748,1350.0
scanId=302820,5.046866666667,1268.612245014137,1409.0
scanId=302820,5.046866666667,1268.6327563179807,1351.0
scanId=302820,5.046866666667,1268.6532679347847,1131.0
scanId=302820,5.046866666667,1268.7148034858076,1452.0
scanId=302820,5.046866666667,1268.7353157658954,2580.0
scanId=302820,5.046866666667,1268.7558280646283,4669.0
scanId=302820,5.046866666667,1268.7763406763584,7213.0
scanId=302820,5.046866666667,1268.7968533067217,8710.0
scanId=302820,5.046866666667,1268.817366250093,8601.0
scanId=302820,5.046866666667,1268.837879212086,6997.0
scanId=302820,5.046866666667,1268.8583924870993,5035.0
scanId=302820,5.046866666667,1268.878905780722,3587.0
scanId=302820,5.046866666667,1268.8994193873775,2518.0
scanId=302820,5.046866666667,1268.91993301263,1806.0
scanId=302820,5.046866666667,1268.940446950928,1286.0
scanId=302820,5.046866666667,1269.596978172681,1008.0
scanId=302820,5.046866666667,1269.6174974356406,1036.0
scanId=302820,5.046866666667,1269.63801701185,1010.0
scanId=302820,5.046866666667,1269.7200966800035,1109.0
scanId=302820,5.046866666667,1269.7406169378528,1452.0
scanId=302820,5.046866666667,1269.7611375089878,2176.0
scanId=302820,5.046866666667,1269.7816580984668,2933.0
scanId=302820,5.046866666667,1269.8021790012444,3222.0
scanId=302820,5.046866666667,1269.8226999223534,2981.0
scanId=302820,5.046866666667,1269.843221156772,2347.0
scanId=302820,5.046866666667,1269.863742409511,1716.0
scanId=302820,5.046866666667,1269.8842639755717,1186.0
scanId=302820,5.046866666667,1270.7668449347202,1239.0
scanId=302820,5.046866666667,1270.787373796902,1367.0
scanId=302820,5.046866666667,1270.807902677127,1419.0
scanId=302820,5.046866666667,1270.828431870951,1293.0
scanId=302820,5.046866666667,1270.8489610828055,1050.0
scanId=302820,5.046866666667,1271.567590623286,1309.0
scanId=302820,5.046866666667,1271.5881258044778,2442.0
scanId=302820,5.046866666667,1271.6086612994966,3274.0
scanId=302820,5.046866666667,1271.6291968123182,3638.0
scanId=302820,5.046866666667,1271.6497326389788,3275.0
scanId=302820,5.046866666667,1271.6702684834304,2509.0
scanId=302820,5.046866666667,1271.690804641733,1923.0
scanId=302820,5.046866666667,1271.7113408178143,1525.0
scanId=302820,5.046866666667,1271.7318773077586,1222.0
scanId=302820,5.046866666667,1272.532926792545,1578.0
scanId=302820,5.046866666667,1272.553469915326,5570.0
scanId=302820,5.046866666667,1272.5740130556337,14065.0
scanId=302820,5.046866666667,1272.5945565100567,27689.0
scanId=302820,5.046866666667,1272.6150999819945,42192.0
scanId=302820,5.046866666667,1272.635643768059,50230.0
scanId=302820,5.046866666667,1272.6561875716266,47740.0
scanId=302820,5.046866666667,1272.676731689333,38859.0
scanId=302820,5.046866666667,1272.6972758245306,28625.0
scanId=302820,5.046866666667,1272.717820273879,19378.0
scanId=302820,5.046866666667,1272.7383647407064,12800.0
scanId=302820,5.046866666667,1272.7589095216963,8531.0
scanId=302820,5.046866666667,1272.7794543201535,5560.0
scanId=302820,5.046866666667,1272.7999994327856,3637.0
scanId=302820,5.046866666667,1272.8205445628726,2470.0
scanId=302820,5.046866666667,1272.8410900071462,1600.0
scanId=302820,5.046866666667,1272.8616354688636,1257.0
scanId=302820,5.046866666667,1272.8821812447793,1010.0
scanId=302820,5.046866666667,1273.5397312518432,1390.0
scanId=302820,5.046866666667,1273.5602823512677,4406.0
scanId=302820,5.046866666667,1273.580833765094,12282.0
scanId=302820,5.046866666667,1273.601385196148,25061.0
scanId=302820,5.046866666667,1273.621936941616,37493.0
scanId=302820,5.046866666667,1273.6424887042997,43301.0
scanId=302820,5.046866666667,1273.6630407814098,39818.0
scanId=302820,5.046866666667,1273.6835928757234,31282.0
scanId=302820,5.046866666667,1273.704145284475,22643.0
scanId=302820,5.046866666667,1273.7246977104192,15681.0
scanId=302820,5.046866666667,1273.7452504508128,10848.0
scanId=302820,5.046866666667,1273.765803208386,7480.0
scanId=302820,5.046866666667,1273.7863562804216,5108.0
scanId=302820,5.046866666667,1273.8069093696247,3397.0
scanId=302820,5.046866666667,1273.827462773302,2313.0
scanId=302820,5.046866666667,1273.8480161941347,1700.0
scanId=302820,5.046866666667,1273.8685699294538,1215.0
scanId=302820,5.046866666667,1274.5469336913686,1138.0
scanId=302820,5.046866666667,1274.5674930645985,2951.0
scanId=302820,5.046866666667,1274.588052454769,6927.0
scanId=302820,5.046866666667,1274.6086121596402,12387.0
scanId=302820,5.046866666667,1274.62917188144,16742.0
scanId=302820,5.046866666667,1274.6497319179532,18476.0
scanId=302820,5.046866666667,1274.670291971383,17187.0
scanId=302820,5.046866666667,1274.6908523395375,13733.0
scanId=302820,5.046866666667,1274.7114127245973,10076.0
scanId=302820,5.046866666667,1274.731973424394,7148.0
scanId=302820,5.046866666667,1274.7525341410835,5240.0
scanId=302820,5.046866666667,1274.773095172522,3782.0
scanId=302820,5.046866666667,1274.793656220841,2670.0
scanId=302820,5.046866666667,1274.8142175839214,1910.0
scanId=302820,5.046866666667,1274.8347789638703,1434.0
scanId=302820,5.046866666667,1274.8553406585925,1260.0
scanId=302820,5.046866666667,1274.8759023701714,1166.0
scanId=302820,5.046866666667,1274.8964643965353,1048.0
scanId=302820,5.046866666667,1275.575101757846,1478.0
scanId=302820,5.046866666667,1275.59566942212,2532.0
scanId=302820,5.046866666667,1275.616237103036,3989.0
scanId=302820,5.046866666667,1275.6368050989518,5244.0
scanId=302820,5.046866666667,1275.6573731114977,5317.0
scanId=302820,5.046866666667,1275.677941439055,4625.0
scanId=302820,5.046866666667,1275.6985097832307,3687.0
scanId=302820,5.046866666667,1275.71907844243,2865.0
scanId=302820,5.046866666667,1275.7396471182356,2327.0
scanId=302820,5.046866666667,1275.760216109077,1871.0
scanId=302820,5.046866666667,1275.780785116512,1436.0
scanId=302820,5.046866666667,1275.8013544389948,1118.0
scanId=302820,5.046866666667,1276.6242603243957,1041.0
scanId=302820,5.046866666667,1276.6448362960575,1202.0
scanId=302820,5.046866666667,1276.6654125830175,1280.0
scanId=302820,5.046866666667,1276.6859888863091,1236.0
scanId=302820,5.046866666667,1276.706565504911,1147.0
scanId=302820,5.046866666667,1276.7271421398325,1028.0
scanId=302820,5.046866666667,1277.5915136795547,1380.0
scanId=302820,5.046866666667,1277.6120975942745,2523.0
scanId=302820,5.046866666667,1277.632681525053,3699.0
scanId=302820,5.046866666667,1277.653265771415,4858.0
scanId=302820,5.046866666667,1277.6738500338224,5510.0
scanId=302820,5.046866666667,1277.694434611826,4955.0
scanId=302820,5.046866666667,1277.7150192058634,3965.0
scanId=302820,5.046866666667,1277.7356041155083,3027.0
scanId=302820,5.046866666667,1277.756189041176,2216.0
scanId=302820,5.046866666667,1277.776774282463,1641.0
scanId=302820,5.046866666667,1277.7973595397602,1219.0
scanId=302820,5.046866666667,1278.6003169085784,1484.0
scanId=302820,5.046866666667,1278.6209087984723,2257.0
scanId=302820,5.046866666667,1278.6415010042356,3673.0
scanId=302820,5.046866666667,1278.6620932257592,4980.0
scanId=302820,5.046866666667,1278.682685763164,5465.0
scanId=302820,5.046866666667,1278.7032783163177,5023.0
scanId=302820,5.046866666667,1278.723871185364,4061.0
scanId=302820,5.046866666667,1278.7444640701476,3026.0
scanId=302820,5.046866666667,1278.765057270836,2146.0
scanId=302820,5.046866666667,1278.7856504872493,1482.0
scanId=302820,5.046866666667,1278.8062440195793,1064.0
scanId=302820,5.046866666667,1279.6301182814695,1347.0
scanId=302820,5.046866666667,1279.6507184621094,2115.0
scanId=302820,5.046866666667,1279.6713189589152,2639.0
scanId=302820,5.046866666667,1279.691919471185,2641.0
scanId=302820,5.046866666667,1279.7125202996326,2314.0
scanId=302820,5.046866666667,1279.733121143532,1928.0
scanId=302820,5.046866666667,1279.753722303621,1635.0
scanId=302820,5.046866666667,1279.7743234791503,1395.0
scanId=302820,5.046866666667,1279.7949249708813,1103.0
scanId=302820,5.046866666667,1280.7427693808088,1042.0
scanId=302820,5.046866666667,1282.722009668346,1313.0
scanId=302820,5.046866666667,1282.7426347212236,2095.0
scanId=302820,5.046866666667,1282.7632600911545,3032.0
scanId=302820,5.046866666667,1282.7838854756617,3669.0
scanId=302820,5.046866666667,1282.8045111772342,3784.0
scanId=302820,5.046866666667,1282.8251368933716,3243.0
scanId=302820,5.046866666667,1282.8457629265856,2437.0
scanId=302820,5.046866666667,1282.8663889743527,1866.0
scanId=302820,5.046866666667,1282.887015339209,1353.0
scanId=302820,5.046866666667,1283.7328358906689,1310.0
scanId=302820,5.046866666667,1283.7534692199995,2388.0
scanId=302820,5.046866666667,1283.774102563623,3632.0
scanId=302820,5.046866666667,1283.7947362245943,4044.0
scanId=302820,5.046866666667,1283.8153698998478,3513.0
scanId=302820,5.046866666667,1283.836003892461,2717.0
scanId=302820,5.046866666667,1283.8566378993442,1902.0
scanId=302820,5.046866666667,1283.8772722235992,1245.0
scanId=302820,5.046866666667,1284.764701695943,1326.0
scanId=302820,5.046866666667,1284.7853433163132,1971.0
scanId=302820,5.046866666667,1284.8059849506826,2333.0
scanId=302820,5.046866666667,1284.8266269026942,2145.0
scanId=302820,5.046866666667,1284.8472688686936,1589.0
scanId=302820,5.046866666667,1284.867911152347,1058.0
scanId=302820,5.046866666667,1285.549196955413,1485.0
scanId=302820,5.046866666667,1285.5698448769735,4915.0
scanId=302820,5.046866666667,1285.5904928123098,11551.0
scanId=302820,5.046866666667,1285.611141065512,19432.0
scanId=302820,5.046866666667,1285.631789332478,25835.0
scanId=302820,5.046866666667,1285.652437917322,27901.0
scanId=302820,5.046866666667,1285.673086515918,25334.0
scanId=302820,5.046866666667,1285.6937354324032,20004.0
scanId=302820,5.046866666667,1285.714384362629,14213.0
scanId=302820,5.046866666667,1285.735033610756,9901.0
scanId=302820,5.046866666667,1285.7556828726115,6784.0
scanId=302820,5.046866666667,1285.77633245238,4621.0
scanId=302820,5.046866666667,1285.7969820458654,3313.0
scanId=302820,5.046866666667,1285.8176319572758,2275.0
scanId=302820,5.046866666667,1285.8382818823911,1525.0
scanId=302820,5.046866666667,1285.8589321254426,1079.0
scanId=302820,5.046866666667,1286.561136464809,2251.0
scanId=302820,5.046866666667,1286.5817923592613,5956.0
scanId=302820,5.046866666667,1286.6024485718613,12042.0
scanId=302820,5.046866666667,1286.6231047979434,18880.0
scanId=302820,5.046866666667,1286.643761342185,23305.0
scanId=302820,5.046866666667,1286.664417899897,22797.0
scanId=302820,5.046866666667,1286.68507477578,18829.0
scanId=302820,5.046866666667,1286.705731665122,14119.0
scanId=302820,5.046866666667,1286.7263888726468,9997.0
scanId=302820,5.046866666667,1286.7470460936186,6930.0
scanId=302820,5.046866666667,1286.7677036327848,4731.0
scanId=302820,5.046866666667,1286.7883611853863,3260.0
scanId=302820,5.046866666667,1286.8090190561948,2291.0
scanId=302820,5.046866666667,1286.8296769404262,1593.0
scanId=302820,5.046866666667,1286.8503351428756,1069.0
scanId=302820,5.046866666667,1287.573473950542,1846.0
scanId=302820,5.046866666667,1287.5941381225396,3815.0
scanId=302820,5.046866666667,1287.6148023077378,6496.0
scanId=302820,5.046866666667,1287.6354668113768,8887.0
scanId=302820,5.046866666667,1287.656131328205,10145.0
scanId=302820,5.046866666667,1287.6767961634855,9725.0
scanId=302820,5.046866666667,1287.697461011944,7932.0
scanId=302820,5.046866666667,1287.718126178866,5848.0
scanId=302820,5.046866666667,1287.738791358954,3912.0
scanId=302820,5.046866666667,1287.7594568575173,2571.0
scanId=302820,5.046866666667,1287.780122369235,1765.0
scanId=302820,5.046866666667,1287.8007881994404,1238.0
scanId=302820,5.046866666667,1288.544865773457,2070.0
scanId=302820,5.046866666667,1288.5655375861422,4210.0
scanId=302820,5.046866666667,1288.5862097175368,7274.0
scanId=302820,5.046866666667,1288.6068818618512,10055.0
scanId=302820,5.046866666667,1288.6275543248871,10956.0
scanId=302820,5.046866666667,1288.6482268008313,10162.0
scanId=302820,5.046866666667,1288.668899595509,8388.0
scanId=302820,5.046866666667,1288.6895724030828,6351.0
scanId=302820,5.046866666667,1288.7102455294018,4730.0
scanId=302820,5.046866666667,1288.7309186686057,3626.0
scanId=302820,5.046866666667,1288.7515921265665,2803.0
scanId=302820,5.046866666667,1288.7722655974,2015.0
scanId=302820,5.046866666667,1288.792939387002,1379.0
scanId=302820,5.046866666667,1289.53730349425,1440.0
scanId=302820,5.046866666667,1289.5579832660503,3218.0
scanId=302820,5.046866666667,1289.5786633568416,5518.0
scanId=302820,5.046866666667,1289.5993434602722,7354.0
scanId=302820,5.046866666667,1289.6200238827046,7916.0
scanId=302820,5.046866666667,1289.6407043177649,7084.0
scanId=302820,5.046866666667,1289.6613850718388,5752.0
scanId=302820,5.046866666667,1289.6820658385288,4537.0
scanId=302820,5.046866666667,1289.7027469242444,3515.0
scanId=302820,5.046866666667,1289.7234280225643,2690.0
scanId=302820,5.046866666667,1289.7441094399214,2380.0
scanId=302820,5.046866666667,1289.7647908698711,1884.0
scanId=302820,5.046866666667,1289.7854726188698,1508.0
scanId=302820,5.046866666667,1289.8061543804492,1207.0
scanId=302820,5.046866666667,1290.5508109902569,1172.0
scanId=302820,5.046866666667,1290.5714990404435,2230.0
scanId=302820,5.046866666667,1290.5921871029902,3190.0
scanId=302820,5.046866666667,1290.6128754848187,3662.0
scanId=302820,5.046866666667,1290.633563878995,3495.0
scanId=302820,5.046866666667,1290.6542525924651,3004.0
scanId=302820,5.046866666667,1290.6749413182713,2387.0
scanId=302820,5.046866666667,1290.6956303633829,2022.0
scanId=302820,5.046866666667,1290.716319420819,1859.0
scanId=302820,5.046866666667,1290.737008797572,1713.0
scanId=302820,5.046866666667,1290.7576981866382,1719.0
scanId=302820,5.046866666667,1290.778387895033,1710.0
scanId=302820,5.046866666667,1290.7990776157287,1469.0
scanId=302820,5.046866666667,1290.8197676557647,1111.0
scanId=302820,5.046866666667,1291.5854127899952,1652.0
scanId=302820,5.046866666667,1291.6061091312197,1973.0
scanId=302820,5.046866666667,1291.6268054845125,1914.0
scanId=302820,5.046866666667,1291.647502157378,1676.0
scanId=302820,5.046866666667,1291.6681988423002,1314.0
scanId=302820,5.046866666667,1291.688895846807,1025.0
scanId=302820,5.046866666667,1291.730290199508,1116.0
scanId=302820,5.046866666667,1291.75098754769,1203.0
scanId=302820,5.046866666667,1291.7716852154804,1131.0
scanId=302820,5.046866666667,1292.7653645802015,1242.0
scanId=302820,5.046866666667,1292.7860702191294,1186.0
scanId=302820,5.046866666667,1293.7179991361922,1071.0
scanId=302820,5.046866666667,1293.7387124026063,1388.0
scanId=302820,5.046866666667,1293.7594259891862,1523.0
scanId=302820,5.046866666667,1293.78013958723,1529.0
scanId=302820,5.046866666667,1293.8008535054512,1326.0
scanId=302820,5.046866666667,1293.8215674351256,1069.0
scanId=302820,5.046866666667,1294.7745909995842,1334.0
scanId=302820,5.046866666667,1294.7953128771996,1423.0
scanId=302820,5.046866666667,1294.8160347659891,1436.0
scanId=302820,5.046866666667,1294.8367569752463,1275.0
scanId=302820,5.046866666667,1294.8574791956662,1006.0
scanId=302820,5.046866666667,1295.7486949399035,1036.0
scanId=302820,5.046866666667,1295.7694244561796,1126.0
scanId=302820,5.046866666667,1295.790154293189,1090.0
scanId=302820,5.046866666667,1295.810884141095,1070.0
scanId=302820,5.046866666667,1295.8316143097456,1042.0
scanId=302820,5.046866666667,1298.652451469878,1018.0
scanId=302820,5.046866666667,1299.6072522696966,1563.0
scanId=302820,5.046866666667,1299.6280126275474,2548.0
scanId=302820,5.046866666667,1299.6487733072036,3138.0
scanId=302820,5.046866666667,1299.669533996684,3354.0
scanId=302820,5.046866666667,1299.6902950079816,2996.0
scanId=302820,5.046866666667,1299.711056029092,2448.0
scanId=302820,5.046866666667,1299.731817372031,1917.0
scanId=302820,5.046866666667,1299.7525787247714,1438.0
scanId=302820,5.046866666667,1299.7733403993514,1088.0
scanId=302820,5.046866666667,1300.6039402327042,1082.0
scanId=302820,5.046866666667,1300.6247085496711,1848.0
scanId=302820,5.046866666667,1300.6454771887188,2511.0
scanId=302820,5.046866666667,1300.6662458373155,2736.0
scanId=302820,5.046866666667,1300.6870148080045,2608.0
scanId=302820,5.046866666667,1300.7077837882312,2351.0
scanId=302820,5.046866666667,1300.7285530905615,2079.0
scanId=302820,5.046866666667,1300.749322402418,1991.0
scanId=302820,5.046866666667,1300.7700920363898,1835.0
scanId=302820,5.046866666667,1300.790861679876,1491.0
scanId=302820,5.046866666667,1300.811631645489,1099.0
scanId=302820,5.046866666667,1301.5802339730935,1795.0
scanId=302820,5.046866666667,1301.6010102398914,2885.0
scanId=302820,5.046866666667,1301.6217865159742,3458.0
scanId=302820,5.046866666667,1301.6425631144132,3657.0
scanId=302820,5.046866666667,1301.663339722126,3467.0
scanId=302820,5.046866666667,1301.6841166522065,3016.0
scanId=302820,5.046866666667,1301.704893591549,2653.0
scanId=302820,5.046866666667,1301.725670853271,2352.0
scanId=302820,5.046866666667,1301.7464481242434,2128.0
scanId=302820,5.046866666667,1301.7672257176062,2020.0
scanId=302820,5.046866666667,1301.7880033202086,1933.0
scanId=302820,5.046866666667,1301.8087812452125,1712.0
scanId=302820,5.046866666667,1301.8295591794447,1304.0
scanId=302820,5.046866666667,1302.577678065059,1150.0
scanId=302820,5.046866666667,1302.5984622912472,1802.0
scanId=302820,5.046866666667,1302.619246526447,2093.0
scanId=302820,5.046866666667,1302.6400310842764,2103.0
scanId=302820,5.046866666667,1302.6608156511054,1891.0
scanId=302820,5.046866666667,1302.6816005405765,1675.0
scanId=302820,5.046866666667,1302.702385439035,1531.0
scanId=302820,5.046866666667,1302.7231706601472,1299.0
scanId=302820,5.046866666667,1302.7439558902358,1105.0
scanId=302820,5.046866666667,1302.7647414429894,1071.0
scanId=302820,5.046866666667,1302.7855270047078,1019.0
scanId=302820,5.046866666667,1303.575504201183,1181.0
scanId=302820,5.046866666667,1303.596296386762,1421.0
scanId=302820,5.046866666667,1303.617088581077,1593.0
scanId=302820,5.046866666667,1303.637881098297,1654.0
scanId=302820,5.046866666667,1303.6586736242418,1607.0
scanId=302820,5.046866666667,1303.6794664731033,1425.0
scanId=302820,5.046866666667,1303.700259330678,1347.0
scanId=302820,5.046866666667,1303.7210525111802,1239.0
scanId=302820,5.046866666667,1303.741845700385,1131.0
scanId=302820,5.046866666667,1304.5321127463262,1005.0
scanId=302820,5.046866666667,1304.5529125596536,1587.0
scanId=302820,5.046866666667,1304.573712381455,1898.0
scanId=302820,5.046866666667,1304.5945125264234,1930.0
scanId=302820,5.046866666667,1304.6153126798545,1726.0
scanId=302820,5.046866666667,1304.6361131564645,1364.0
scanId=302820,5.046866666667,1304.6569136415255,1051.0
scanId=302820,5.046866666667,1305.5514948249463,1111.0
scanId=302820,5.046866666667,1305.5723026058638,1525.0
scanId=302820,5.046866666667,1305.5931107102217,1613.0
scanId=302820,5.046866666667,1305.613918822769,1408.0
scanId=302820,5.046866666667,1305.634727258768,1154.0
scanId=302820,5.046866666667,1307.528981796407,1466.0
scanId=302820,5.046866666667,1307.549805487901,4422.0
scanId=302820,5.046866666667,1307.5706291870508,8785.0
scanId=302820,5.046866666667,1307.591453210186,12373.0
scanId=302820,5.046866666667,1307.6122772409656,14479.0
scanId=302820,5.046866666667,1307.633101595742,14190.0
scanId=302820,5.046866666667,1307.6539259581514,11682.0
scanId=302820,5.046866666667,1307.674750644569,8616.0
scanId=302820,5.046866666667,1307.6955753386085,6061.0
scanId=302820,5.046866666667,1307.7164003566672,4194.0
scanId=302820,5.046866666667,1307.7372253823362,2945.0
scanId=302820,5.046866666667,1307.758050732036,2126.0
scanId=302820,5.046866666667,1307.778876089335,1558.0
scanId=302820,5.046866666667,1307.7997017706764,1176.0
scanId=302820,5.046866666667,1308.5287022346588,1195.0
scanId=302820,5.046866666667,1308.549533885541,3272.0
scanId=302820,5.046866666667,1308.5703655438067,7261.0
scanId=302820,5.046866666667,1308.59119752633,11465.0
scanId=302820,5.046866666667,1308.6120295162257,13797.0
scanId=302820,5.046866666667,1308.6328618303903,13567.0
scanId=302820,5.046866666667,1308.6536941519155,11249.0
scanId=302820,5.046866666667,1308.6745267977217,8231.0
scanId=302820,5.046866666667,1308.6953594508766,5594.0
scanId=302820,5.046866666667,1308.7161924283237,3611.0
scanId=302820,5.046866666667,1308.7370254131083,2381.0
scanId=302820,5.046866666667,1308.7578587221967,1696.0
scanId=302820,5.046866666667,1308.7786920386122,1168.0
scanId=302820,5.046866666667,1309.5496443272752,1839.0
scanId=302820,5.046866666667,1309.570483944657,3831.0
scanId=302820,5.046866666667,1309.591323886568,5597.0
scanId=302820,5.046866666667,1309.6121638355798,6786.0
scanId=302820,5.046866666667,1309.633004109132,6864.0
scanId=302820,5.046866666667,1309.653844389774,5734.0
scanId=302820,5.046866666667,1309.674684994967,4304.0
scanId=302820,5.046866666667,1309.6955256072383,3128.0
scanId=302820,5.046866666667,1309.7163665440728,2229.0
scanId=302820,5.046866666667,1309.737207487974,1644.0
scanId=302820,5.046866666667,1309.7580487564496,1142.0
scanId=302820,5.046866666667,1310.570984389591,1367.0
scanId=302820,5.046866666667,1310.5918322908894,1862.0
scanId=302820,5.046866666667,1310.6126801990172,2210.0
scanId=302820,5.046866666667,1310.6335284319566,2326.0
scanId=302820,5.046866666667,1310.654376671714,2203.0
scanId=302820,5.046866666667,1310.6752252362944,1735.0
scanId=302820,5.046866666667,1310.6960738076818,1189.0
scanId=302820,5.046866666667,1311.6344347988522,1097.0
scanId=302820,5.046866666667,1311.6552909977258,1083.0
scanId=302820,5.046866666667,1313.5539065349392,2014.0
scanId=302820,5.046866666667,1313.5747779887854,3779.0
scanId=302820,5.046866666667,1313.5956497682423,4989.0
scanId=302820,5.046866666667,1313.6165215537185,5078.0
scanId=302820,5.046866666667,1313.637393664817,4207.0
scanId=302820,5.046866666667,1313.6582657819229,3219.0
scanId=302820,5.046866666667,1313.679138224662,2580.0
scanId=302820,5.046866666667,1313.7000106733976,2115.0
scanId=302820,5.046866666667,1313.7208834477776,1591.0
scanId=302820,5.046866666667,1313.7417562281432,1105.0
scanId=302820,5.046866666667,1314.5559271969837,1927.0
scanId=302820,5.046866666667,1314.5768066099458,2954.0
scanId=302820,5.046866666667,1314.597686348788,3455.0
scanId=302820,5.046866666667,1314.6185660933802,3600.0
scanId=302820,5.046866666667,1314.6394461638636,3346.0
scanId=302820,5.046866666667,1314.6603262400854,2833.0
scanId=302820,5.046866666667,1314.68120664221,2231.0
scanId=302820,5.046866666667,1314.7020870500617,1701.0
scanId=302820,5.046866666667,1314.7229677838272,1235.0
scanId=302820,5.046866666667,1315.5583299030568,1561.0
scanId=302820,5.046866666667,1315.579217275135,2202.0
scanId=302820,5.046866666667,1315.6001049733622,2447.0
scanId=302820,5.046866666667,1315.6209926770705,2559.0
scanId=302820,5.046866666667,1315.6418807069388,2506.0
scanId=302820,5.046866666667,1315.6627687422767,2160.0
scanId=302820,5.046866666667,1315.683657103786,1705.0
scanId=302820,5.046866666667,1315.704545470754,1241.0
scanId=302820,5.046866666667,1316.5820099843434,1279.0
scanId=302820,5.046866666667,1316.602905641955,1754.0
scanId=302820,5.046866666667,1316.6238013047791,1927.0
scanId=302820,5.046866666667,1316.644697294032,1734.0
scanId=302820,5.046866666667,1316.6655932884858,1424.0
scanId=302820,5.046866666667,1316.6864896093798,1134.0
scanId=302820,5.046866666667,1317.606088354555,1031.0
scanId=302820,5.046866666667,1317.6269919764957,1195.0
scanId=302820,5.046866666667,1317.6478959251324,1138.0
scanId=302820,5.046866666667,1321.6017041902862,1202.0
scanId=302820,5.046866666667,1321.6226396448135,1435.0
scanId=302820,5.046866666667,1321.6435751032182,1458.0
scanId=302820,5.046866666667,1321.6645108893863,1300.0
scanId=302820,5.046866666667,1321.685446679421,1046.0
scanId=302820,5.046866666667,1322.6067891633793,1078.0
scanId=302820,5.046866666667,1322.6277325772885,1473.0
scanId=302820,5.046866666667,1322.6486759948089,1702.0
scanId=302820,5.046866666667,1322.6696197403587,1640.0
scanId=302820,5.046866666667,1322.6905634895093,1323.0
scanId=302820,5.046866666667,1323.5284526703726,1190.0
scanId=302820,5.046866666667,1323.5494033803814,2488.0
scanId=302820,5.046866666667,1323.5703540937584,4529.0
scanId=302820,5.046866666667,1323.591305135408,7246.0
scanId=302820,5.046866666667,1323.6122561804148,10027.0
scanId=302820,5.046866666667,1323.6332075537052,11835.0
scanId=302820,5.046866666667,1323.654158930342,11172.0
scanId=302820,5.046866666667,1323.6751106352733,8810.0
scanId=302820,5.046866666667,1323.6960623435398,6321.0
scanId=302820,5.046866666667,1323.717014380112,4441.0
scanId=302820,5.046866666667,1323.7379664200084,2914.0
scanId=302820,5.046866666667,1323.7589187882215,1850.0
scanId=302820,5.046866666667,1323.7798711597477,1196.0
scanId=302820,5.046866666667,1324.555228563736,1974.0
scanId=302820,5.046866666667,1324.576187236229,3861.0
scanId=302820,5.046866666667,1324.5971462372595,6566.0
scanId=302820,5.046866666667,1324.6181052413824,8863.0
scanId=302820,5.046866666667,1324.6390645740537,10179.0
scanId=302820,5.046866666667,1324.6600239098066,9591.0
scanId=302820,5.046866666667,1324.6809835741185,7730.0
scanId=302820,5.046866666667,1324.701943241501,5551.0
scanId=302820,5.046866666667,1324.7229032374546,3853.0
scanId=302820,5.046866666667,1324.7438632364672,2726.0
scanId=302820,5.046866666667,1324.764823564061,2027.0
scanId=302820,5.046866666667,1324.7857838947034,1474.0
scanId=302820,5.046866666667,1324.8067445539382,1039.0
scanId=302820,5.046866666667,1325.540469162242,1083.0
scanId=302820,5.046866666667,1325.561435791012,1705.0
scanId=302820,5.046866666667,1325.5824024226213,2991.0
scanId=302820,5.046866666667,1325.6033693830325,4575.0
scanId=302820,5.046866666667,1325.6243363462715,5567.0
scanId=302820,5.046866666667,1325.6453036383234,5552.0
scanId=302820,5.046866666667,1325.6662709331922,4742.0
scanId=302820,5.046866666667,1325.6872385568847,3591.0
scanId=302820,5.046866666667,1325.7082061833837,2604.0
scanId=302820,5.046866666667,1325.7291741387166,1865.0
scanId=302820,5.046866666667,1325.7501420968451,1269.0
scanId=302820,5.046866666667,1326.5680250621992,1057.0
scanId=302820,5.046866666667,1326.5889996529245,1281.0
scanId=302820,5.046866666667,1326.6099745727151,1386.0
scanId=302820,5.046866666667,1326.63094949507,1471.0
scanId=302820,5.046866666667,1326.651924746502,1545.0
scanId=302820,5.046866666667,1326.6729000004868,1410.0
scanId=302820,5.046866666667,1326.6938755835592,1204.0
scanId=302820,5.046866666667,1326.7148511691742,1015.0
scanId=302820,5.046866666667,1327.6169618062972,1142.0
scanId=302820,5.046866666667,1327.6379446877684,1230.0
scanId=302820,5.046866666667,1327.6589278985791,1248.0
scanId=302820,5.046866666667,1327.6799111116804,1063.0
scanId=302820,5.046866666667,1328.6243310837676,1066.0
scanId=302820,5.046866666667,1328.645321924355,1125.0
scanId=302820,5.046866666667,1328.6663130945449,1062.0
scanId=302820,5.046866666667,1329.5270904017364,1648.0
scanId=302820,5.046866666667,1329.5480885363827,3138.0
scanId=302820,5.046866666667,1329.5690866728264,4669.0
scanId=302820,5.046866666667,1329.5900851391136,5902.0
scanId=302820,5.046866666667,1329.6110836071878,6145.0
scanId=302820,5.046866666667,1329.6320824051156,5360.0
scanId=302820,5.046866666667,1329.6530812048188,4110.0
scanId=302820,5.046866666667,1329.6740803343878,3001.0
scanId=302820,5.046866666667,1329.695079465721,2109.0
scanId=302820,5.046866666667,1329.7160789269303,1466.0
scanId=302820,5.046866666667,1329.7370783898932,1090.0
scanId=302820,5.046866666667,1330.5351839705845,1713.0
scanId=302820,5.046866666667,1330.5561900646092,3370.0
scanId=302820,5.046866666667,1330.5771961601688,4822.0
scanId=302820,5.046866666667,1330.598202585834,5675.0
scanId=302820,5.046866666667,1330.6192090130237,5548.0
scanId=302820,5.046866666667,1330.64021577033,4638.0
scanId=302820,5.046866666667,1330.6612225291492,3410.0
scanId=302820,5.046866666667,1330.682229618096,2447.0
scanId=302820,5.046866666667,1330.703236708545,1830.0
scanId=302820,5.046866666667,1330.7242441291328,1277.0
scanId=302820,5.046866666667,1331.5226458602428,1057.0
scanId=302820,5.046866666667,1331.543659583289,1850.0
scanId=302820,5.046866666667,1331.5646736366912,2778.0
scanId=302820,5.046866666667,1331.585687691367,3451.0
scanId=302820,5.046866666667,1331.60670207641,3508.0
scanId=302820,5.046866666667,1331.6277164627156,3054.0
scanId=302820,5.046866666667,1331.6487311793994,2364.0
scanId=302820,5.046866666667,1331.669745897335,1753.0
scanId=302820,5.046866666667,1331.6907609456591,1261.0
scanId=302820,5.046866666667,1332.5525172398393,1007.0
scanId=302820,5.046866666667,1332.5735392526187,1299.0
scanId=302820,5.046866666667,1332.594561266411,1385.0
scanId=302820,5.046866666667,1332.6155836108312,1355.0
scanId=302820,5.046866666667,1332.6366059562529,1066.0
scanId=302820,5.046866666667,1339.6041406664856,1079.0
scanId=302820,5.046866666667,1339.62521806246,1069.0
scanId=302820,5.046866666667,1339.6462957908675,1017.0
scanId=302820,5.046866666667,1340.5738763346912,1232.0
scanId=302820,5.046866666667,1340.5949613581522,1570.0
scanId=302820,5.046866666667,1340.616046714293,1797.0
scanId=302820,5.046866666667,1340.6371320693836,1868.0
scanId=302820,5.046866666667,1340.6582177571647,1648.0
scanId=302820,5.046866666667,1340.6793034438854,1288.0
scanId=302820,5.046866666667,1341.586148507757,1013.0
scanId=302820,5.046866666667,1341.6072414903338,1236.0
scanId=302820,5.046866666667,1341.628334805848,1318.0
scanId=302820,5.046866666667,1341.6494281200546,1269.0
scanId=302820,5.046866666667,1341.670521767209,1096.0
scanId=302820,5.046866666667,1342.6410049411388,1008.0
scanId=302820,5.046866666667,1343.5907300824683,1097.0
scanId=302820,5.046866666667,1343.6118389850867,1209.0
scanId=302820,5.046866666667,1343.6329478858956,1125.0
scanId=302820,5.046866666667,1344.6041404273387,1376.0
scanId=302820,5.046866666667,1344.6252572893288,1707.0
scanId=302820,5.046866666667,1344.646374149254,1584.0
scanId=302820,5.046866666667,1344.667491342885,1202.0
scanId=302820,5.046866666667,1345.5756838387806,1187.0
scanId=302820,5.046866666667,1345.5968083285018,1607.0
scanId=302820,5.046866666667,1345.617932815913,1646.0
scanId=302820,5.046866666667,1345.6390576372744,1334.0
scanId=302820,5.046866666667,1345.6601824563163,1007.0
scanId=302820,5.046866666667,1346.5475781202124,1060.0
scanId=302820,5.046866666667,1346.568710237664,1363.0
scanId=302820,5.046866666667,1346.5898423525616,1587.0
scanId=302820,5.046866666667,1346.6109748016534,1767.0
scanId=302820,5.046866666667,1346.6321072481808,1962.0
scanId=302820,5.046866666667,1346.6532400289134,1955.0
scanId=302820,5.046866666667,1346.6743728070708,1614.0
scanId=302820,5.046866666667,1346.6955059194436,1137.0
scanId=302820,5.046866666667,1347.5621027591883,1042.0
scanId=302820,5.046866666667,1347.5832428360106,1240.0
scanId=302820,5.046866666667,1347.6043829100242,1182.0
scanId=302820,5.046866666667,1353.614898511291,1150.0
scanId=302820,5.046866666667,1353.6360860126854,1268.0
scanId=302820,5.046866666667,1353.6572735097657,1094.0
scanId=302820,5.046866666667,1354.6108864126877,1300.0
scanId=302820,5.046866666667,1354.632081537254,1624.0
scanId=302820,5.046866666667,1354.653276998016,1495.0
scanId=302820,5.046866666667,1354.6744724542125,1115.0
scanId=302820,5.046866666667,1356.5827502019151,1177.0
scanId=302820,5.046866666667,1356.6039609181298,1246.0
scanId=302820,5.046866666667,1356.6251716292986,1134.0
scanId=302820,5.046866666667,1357.5798291830097,1012.0
scanId=302820,5.046866666667,1357.601047521665,1264.0
scanId=302820,5.046866666667,1357.6222661972452,1456.0
scanId=302820,5.046866666667,1357.64348486753,1487.0
scanId=302820,5.046866666667,1357.664703874751,1244.0
scanId=302820,5.046866666667,1358.598500587205,1417.0
scanId=302820,5.046866666667,1358.6197268849762,1663.0
scanId=302820,5.046866666667,1358.6409535199225,1414.0
scanId=302820,5.046866666667,1358.6621801493238,1099.0
scanId=302820,5.046866666667,1365.548366127493,1007.0
scanId=302820,5.046866666667,1365.569646819784,1259.0
scanId=302820,5.046866666667,1365.5909275048482,1469.0
scanId=302820,5.046866666667,1365.6122085287789,1445.0
scanId=302820,5.046866666667,1365.633489545473,1190.0
scanId=302820,5.046866666667,1366.548733933962,1201.0
scanId=302820,5.046866666667,1366.5700222465125,1756.0
scanId=302820,5.046866666667,1366.591310898165,1862.0
scanId=302820,5.046866666667,1366.6125995423454,1742.0
scanId=302820,5.046866666667,1366.6338885256382,1401.0
scanId=302820,5.046866666667,1367.5494678579555,1397.0
scanId=302820,5.046866666667,1367.5707641373297,1588.0
scanId=302820,5.046866666667,1367.5920604089963,1657.0
scanId=302820,5.046866666667,1367.6133570200102,1625.0
scanId=302820,5.046866666667,1367.6346536233066,1461.0
scanId=302820,5.046866666667,1367.655950565961,1214.0
scanId=302820,5.046866666667,1367.6772475008877,1055.0
scanId=302820,5.046866666667,1369.5946584763185,1234.0
scanId=302820,5.046866666667,1369.6159706744136,1183.0
scanId=302820,5.046866666667,1381.55539443187,1104.0
scanId=302820,5.046866666667,1381.5767994891362,1342.0
scanId=302820,5.046866666667,1381.5982045353892,1485.0
scanId=302820,5.046866666667,1381.6196099242948,1555.0
scanId=302820,5.046866666667,1381.6410153021775,1351.0
scanId=302820,5.046866666667,1381.6624210227233,1031.0
scanId=302820,5.046866666667,1382.5616073049994,1018.0
scanId=302820,5.046866666667,1382.5830199787388,1204.0
scanId=302820,5.046866666667,1382.6044329953595,1262.0
scanId=302820,5.046866666667,1382.6258460007286,1133.0
scanId=302820,5.046866666667,1383.6110275688966,1074.0
scanId=302820,5.046866666667,1383.632448544871,1102.0
scanId=302820,5.046866666667,1383.6538695093564,1019.0
scanId=302820,5.046866666667,1387.5123602395558,1435.0
scanId=302820,5.046866666667,1387.5338113947437,1947.0
scanId=302820,5.046866666667,1387.5552625375435,2077.0
scanId=302820,5.046866666667,1387.576714024371,1752.0
scanId=302820,5.046866666667,1387.5981654988018,1332.0
scanId=302820,5.046866666667,1387.6196173172689,1004.0
scanId=302820,5.046866666667,1388.5421984536504,1038.0
scanId=302820,5.046866666667,1388.56365756819,1310.0
scanId=302820,5.046866666667,1388.5851166701063,1281.0
scanId=302820,5.046866666667,1388.6065761162854,1021.0
scanId=302820,5.046866666667,1391.5480754013247,1088.0
scanId=302820,5.046866666667,1391.5695577306378,1287.0
scanId=302820,5.046866666667,1391.5910400466428,1456.0
scanId=302820,5.046866666667,1391.612522707595,1452.0
scanId=302820,5.046866666667,1391.63400535523,1230.0
scanId=302820,5.046866666667,1391.655488347822,1048.0
scanId=302820,5.046866666667,1392.5794099513143,1248.0
scanId=302820,5.046866666667,1392.6009002399774,1610.0
scanId=302820,5.046866666667,1392.6223905150985,1726.0
scanId=302820,5.046866666667,1392.6438811354008,1643.0
scanId=302820,5.046866666667,1392.6653717421516,1337.0
scanId=302820,5.046866666667,1393.5896286418756,1129.0
scanId=302820,5.046866666667,1393.6111265444829,1269.0
scanId=302820,5.046866666667,1393.632624792495,1278.0
scanId=302820,5.046866666667,1393.6541230267323,1068.0
scanId=302820,5.046866666667,1397.5695793569912,1322.0
scanId=302820,5.046866666667,1397.5911081158397,1449.0
scanId=302820,5.046866666667,1397.6126368600214,1368.0
scanId=302820,5.046866666667,1397.6341659505088,1191.0
scanId=302820,5.046866666667,1398.5600697338114,1023.0
scanId=302820,5.046866666667,1398.5816061203668,1452.0
scanId=302820,5.046866666667,1398.6031424920352,1626.0
scanId=302820,5.046866666667,1398.62467921023,1586.0
scanId=302820,5.046866666667,1398.646215913528,1322.0
scanId=302820,5.046866666667,1399.5939989935052,1017.0
scanId=302820,5.046866666667,1411.5549165641094,1044.0
scanId=302820,5.046866666667,1411.5765527741046,1098.0
scanId=302820,5.046866666667,1414.5855865159133,1079.0
scanId=302820,5.046866666667,1414.6072459406512,1072.0
scanId=302820,5.046866666667,1427.5239498154322,1086.0
scanId=302820,5.046866666667,1427.5457080686012,1375.0
scanId=302820,5.046866666667,1427.56746630063,1638.0
scanId=302820,5.046866666667,1427.589224885438,1646.0
scanId=302820,5.046866666667,1427.6109834490967,1361.0
scanId=302820,5.046866666667,1427.6327423655437,1099.0
scanId=302820,5.046866666667,1428.54676266284,1094.0
scanId=302820,5.046866666667,1428.568528522355,1246.0
scanId=302820,5.046866666667,1428.5902947348582,1104.0
scanId=302820,5.046866666667,1431.8135086348254,1008.0
scanId=302820,5.046866666667,1450.549067205857,1016.0
scanId=302820,5.046866666667,1450.5710002326157,1060.0
scanId=302820,5.046866666667,1463.8047209572037,1588.0
scanId=302820,5.046866666667,1463.8267537787378,2133.0
scanId=302820,5.046866666667,1463.848786960277,2277.0
scanId=302820,5.046866666667,1463.8708201134402,1968.0
scanId=302820,5.046866666667,1463.8928536266176,1516.0
scanId=302820,5.046866666667,1463.9148871114107,1195.0
scanId=302820,5.046866666667,1464.7743262397216,1346.0
scanId=302820,5.046866666667,1464.7963663571115,1819.0
scanId=302820,5.046866666667,1464.8184068346914,2065.0
scanId=302820,5.046866666667,1464.840447283711,2090.0
scanId=302820,5.046866666667,1464.8624880929292,1924.0
scanId=302820,5.046866666667,1464.8845288735788,1576.0
scanId=302820,5.046866666667,1464.9065700144347,1271.0
scanId=302820,5.046866666667,1465.810395475713,1014.0
scanId=302820,5.046866666667,1465.8324435809711,1441.0
scanId=302820,5.046866666667,1465.854491657477,2112.0
scanId=302820,5.046866666667,1465.8765400943737,2433.0
scanId=302820,5.046866666667,1465.8985885025093,2183.0
scanId=302820,5.046866666667,1465.9206372710437,1885.0
scanId=302820,5.046866666667,1465.9426860108092,1523.0
scanId=302820,5.046866666667,1465.964735110982,1072.0
scanId=302820,5.046866666667,1466.8247754630968,1047.0
scanId=302820,5.046866666667,1466.8468311960328,1364.0
scanId=302820,5.046866666667,1466.868886900025,1554.0
scanId=302820,5.046866666667,1466.8909429645996,1583.0
scanId=302820,5.046866666667,1466.9129990002216,1346.0
scanId=302820,5.046866666667,1466.935055396434,1018.0
scanId=302820,5.046866666667,1468.854588044173,1137.0
scanId=302820,5.046866666667,1468.876659032464,1943.0
scanId=302820,5.046866666667,1468.8987299914286,2851.0
scanId=302820,5.046866666667,1468.9208013113575,3339.0
scanId=302820,5.046866666667,1468.942872601952,3152.0
scanId=302820,5.046866666667,1468.9649442535197,2653.0
scanId=302820,5.046866666667,1468.9870158757442,2073.0
scanId=302820,5.046866666667,1469.0090878589494,1493.0
scanId=302820,5.046866666667,1469.0311598128037,1002.0
scanId=302820,5.046866666667,1469.870020637845,1290.0
scanId=302820,5.046866666667,1469.8920992538126,2033.0
scanId=302820,5.046866666667,1469.914177840264,2405.0
scanId=302820,5.046866666667,1469.9362567878698,2469.0
scanId=302820,5.046866666667,1469.9583357059505,2321.0
scanId=302820,5.046866666667,1469.9804149851943,1974.0
scanId=302820,5.046866666667,1470.0024942349048,1505.0
scanId=302820,5.046866666667,1470.0245738457866,1099.0
scanId=302820,5.046866666667,1470.9078903439038,1058.0
scanId=302820,5.046866666667,1470.929976557841,1459.0
scanId=302820,5.046866666667,1470.952063133123,1607.0
scanId=302820,5.046866666667,1470.97414967869,1271.0
scanId=302820,5.046866666667,1477.784726391588,1539.0
scanId=302820,5.046866666667,1477.8068643707636,2406.0
scanId=302820,5.046866666667,1477.8290023189552,3443.0
scanId=302820,5.046866666667,1477.8511406297685,4148.0
scanId=302820,5.046866666667,1477.873278909591,3910.0
scanId=302820,5.046866666667,1477.895417552042,3177.0
scanId=302820,5.046866666667,1477.9175561634936,2281.0
scanId=302820,5.046866666667,1477.939695137583,1482.0
scanId=302820,5.046866666667,1478.803240527784,1803.0
scanId=302820,5.046866666667,1478.8253861346325,2927.0
scanId=302820,5.046866666667,1478.8475317103102,4070.0
scanId=302820,5.046866666667,1478.8696776487964,4859.0
scanId=302820,5.046866666667,1478.891823556104,4384.0
scanId=302820,5.046866666667,1478.9139698262284,3223.0
scanId=302820,5.046866666667,1478.9361160651658,2195.0
scanId=302820,5.046866666667,1478.958262666928,1552.0
scanId=302820,5.046866666667,1478.9804092374957,1134.0
scanId=302820,5.046866666667,1479.7999526610988,1240.0
scanId=302820,5.046866666667,1479.8221055326333,1720.0
scanId=302820,5.046866666667,1479.844258767154,2195.0
scanId=302820,5.046866666667,1479.866411970318,2376.0
scanId=302820,5.046866666667,1479.8885655364766,2275.0
scanId=302820,5.046866666667,1479.9107190712707,1901.0
scanId=302820,5.046866666667,1479.9328729690671,1410.0
scanId=302820,5.046866666667,1479.955026835491,1032.0
scanId=302820,5.046866666667,1480.8191609071057,1312.0
scanId=302820,5.046866666667,1480.841321406126,1502.0
scanId=302820,5.046866666667,1480.8634822683186,1512.0
scanId=302820,5.046866666667,1480.885643098969,1381.0
scanId=302820,5.046866666667,1480.9078042927997,1120.0
scanId=302820,5.046866666667,1485.787276235053,1078.0
scanId=302820,5.046866666667,1485.8094738766154,1110.0
scanId=302820,5.046866666667,1485.8316718822475,1167.0
scanId=302820,5.046866666667,1485.85386985544,1196.0
scanId=302820,5.046866666667,1486.8307491962917,1347.0
scanId=302820,5.046866666667,1486.8529548295933,1494.0
scanId=302820,5.046866666667,1486.8751604302715,1331.0
scanId=302820,5.046866666667,1491.808930273434,1354.0
scanId=302820,5.046866666667,1491.8311730501628,2128.0
scanId=302820,5.046866666667,1491.8534157933827,3155.0
scanId=302820,5.046866666667,1491.8756589017494,3785.0
scanId=302820,5.046866666667,1491.897901976599,3375.0
scanId=302820,5.046866666667,1491.9201454166036,2494.0
scanId=302820,5.046866666667,1491.942388823083,1708.0
scanId=302820,5.046866666667,1491.9646325947258,1218.0
scanId=302820,5.046866666667,1492.7877649271106,1017.0
scanId=302820,5.046866666667,1492.8100149998686,1793.0
scanId=302820,5.046866666667,1492.832265038945,2696.0
scanId=302820,5.046866666667,1492.8545154433407,3474.0
scanId=302820,5.046866666667,1492.876765814047,3814.0
scanId=302820,5.046866666667,1492.899016550081,3601.0
scanId=302820,5.046866666667,1492.921267252417,2989.0
scanId=302820,5.046866666667,1492.943518320088,2291.0
scanId=302820,5.046866666667,1492.965769354054,1688.0
scanId=302820,5.046866666667,1492.988020753363,1207.0
scanId=302820,5.046866666667,1493.8336930064083,1403.0
scanId=302820,5.046866666667,1493.8559506729714,2112.0
scanId=302820,5.046866666667,1493.8782087050336,2506.0
scanId=302820,5.046866666667,1493.900466703226,2492.0
scanId=302820,5.046866666667,1493.9227250669258,2230.0
scanId=302820,5.046866666667,1493.944983396748,1856.0
scanId=302820,5.046866666667,1493.9672420920856,1491.0
scanId=302820,5.046866666667,1493.989500753538,1099.0
scanId=302820,5.046866666667,1494.8577218814537,1493.0
scanId=302820,5.046866666667,1494.8799871755025,2020.0
scanId=302820,5.046866666667,1494.9022528352305,2064.0
scanId=302820,5.046866666667,1494.9245184609092,1802.0
scanId=302820,5.046866666667,1494.946784452275,1455.0
scanId=302820,5.046866666667,1494.9690504095836,1067.0
scanId=302820,5.046866666667,1495.8598286692377,1166.0
scanId=302820,5.046866666667,1495.8821016249933,1343.0
scanId=302820,5.046866666667,1495.9043745465283,1348.0
scanId=302820,5.046866666667,1495.9266478339218,1264.0
scanId=302820,5.046866666667,1495.9489210870868,1071.0
scanId=302820,5.046866666667,1499.8047069984475,1460.0
scanId=302820,5.046866666667,1499.8270091034085,2074.0
scanId=302820,5.046866666667,1499.849311574909,2032.0
scanId=302820,5.046866666667,1499.8716140114998,1605.0
scanId=302820,5.046866666667,1499.8939168146385,1227.0
scanId=302820,5.046866666667,1500.8084702961849,1119.0
scanId=302820,5.046866666667,1500.8307800637117,1547.0
scanId=302820,5.046866666667,1500.8530897961584,1810.0
scanId=302820,5.046866666667,1500.8753998953227,1754.0
scanId=302820,5.046866666667,1500.8977099593997,1482.0
scanId=302820,5.046866666667,1500.920020390202,1099.0
scanId=302820,5.046866666667,1501.8125695739186,1080.0
scanId=302820,5.046866666667,1501.834886602222,1292.0
scanId=302820,5.046866666667,1501.8572039974115,1335.0
scanId=302820,5.046866666667,1501.8795213573455,1150.0
scanId=302820,5.046866666667,1503.8217752657674,1592.0
scanId=302820,5.046866666667,1503.8441072174137,2194.0
scanId=302820,5.046866666667,1503.8664395362905,2471.0
scanId=302820,5.046866666667,1503.888771819566,2220.0
scanId=302820,5.046866666667,1503.9111044700803,1852.0
scanId=302820,5.046866666667,1503.933437084986,1460.0
scanId=302820,5.046866666667,1503.9557700671378,1122.0
scanId=302820,5.046866666667,1504.8268816795187,1242.0
scanId=302820,5.046866666667,1504.8492212944195,1882.0
scanId=302820,5.046866666667,1504.871560873552,2297.0
scanId=302820,5.046866666667,1504.8939008200905,2252.0
scanId=302820,5.046866666667,1504.9162407308522,1849.0
scanId=302820,5.046866666667,1504.9385810090282,1340.0
scanId=302820,5.046866666667,1505.8099771629927,1026.0
scanId=302820,5.046866666667,1505.832324073917,1713.0
scanId=302820,5.046866666667,1505.854670948906,2303.0
scanId=302820,5.046866666667,1505.877018191468,2848.0
scanId=302820,5.046866666667,1505.8993653980865,2851.0
scanId=302820,5.046866666667,1505.9217129722863,2315.0
scanId=302820,5.046866666667,1505.9440605105344,1753.0
scanId=302820,5.046866666667,1505.9664084163717,1302.0
scanId=302820,5.046866666667,1506.83810204562,1285.0
scanId=302820,5.046866666667,1506.8604565842054,1869.0
scanId=302820,5.046866666667,1506.8828110866805,2286.0
scanId=302820,5.046866666667,1506.9051659569034,2270.0
scanId=302820,5.046866666667,1506.927520791008,1940.0
scanId=302820,5.046866666667,1506.9498759928683,1480.0
scanId=302820,5.046866666667,1506.9722311586029,1075.0
scanId=302820,5.046866666667,1507.844215998293,1156.0
scanId=302820,5.046866666667,1507.8665777966244,1434.0
scanId=302820,5.046866666667,1507.8889399628704,1599.0
scanId=302820,5.046866666667,1507.9113020928314,1457.0
scanId=302820,5.046866666667,1507.933664590715,1103.0
scanId=302820,5.046866666667,1508.873034990179,1067.0
scanId=302820,5.046866666667,1513.798325446531,1119.0
scanId=302820,5.046866666667,1513.8207313516305,1339.0
scanId=302820,5.046866666667,1513.8431376256428,1493.0
scanId=302820,5.046866666667,1513.865543862372,1396.0
scanId=302820,5.046866666667,1513.8879504680222,1140.0
scanId=302820,5.046866666667,1514.8067598026576,1083.0
scanId=302820,5.046866666667,1514.82917337269,1613.0
scanId=302820,5.046866666667,1514.8515869052758,1949.0
scanId=302820,5.046866666667,1514.8740008069458,1874.0
scanId=302820,5.046866666667,1514.8964146711614,1597.0
scanId=302820,5.046866666667,1514.918828904469,1244.0
scanId=302820,5.046866666667,1515.8155301410163,1062.0
scanId=302820,5.046866666667,1515.8379509694585,1406.0
scanId=302820,5.046866666667,1515.860372167148,1446.0
scanId=302820,5.046866666667,1515.88279332722,1182.0
scanId=302820,5.046866666667,1522.8863235062645,1104.0
scanId=302820,5.046866666667,1525.8317198171078,1322.0
scanId=302820,5.046866666667,1525.8542145990036,1543.0
scanId=302820,5.046866666667,1525.8767097517791,1588.0
scanId=302820,5.046866666667,1525.899204865305,1536.0
scanId=302820,5.046866666667,1525.921700349718,1374.0
scanId=302820,5.046866666667,1525.9441957948734,1255.0
scanId=302820,5.046866666667,1525.9666916109236,1062.0
scanId=302820,5.046866666667,1526.8441536722903,1113.0
scanId=302820,5.046866666667,1526.8666561210816,1234.0
scanId=302820,5.046866666667,1526.8891585304636,1219.0
scanId=302820,5.046866666667,1526.911661310892,1024.0
scanId=302820,5.046866666667,1527.83441376675,1026.0
scanId=302820,5.046866666667,1527.856923511556,1313.0
scanId=302820,5.046866666667,1527.8794332167945,1501.0
scanId=302820,5.046866666667,1527.9019432932375,1484.0
scanId=302820,5.046866666667,1527.9244533301055,1330.0
scanId=302820,5.046866666667,1527.9469637381858,1078.0
scanId=302820,5.046866666667,1528.8475119231932,1000.0
scanId=302820,5.046866666667,1528.870028924288,1093.0
scanId=302820,5.046866666667,1531.8437421736603,1066.0
scanId=302820,5.046866666667,1531.866281434159,1287.0
scanId=302820,5.046866666667,1531.8888206544527,1394.0
scanId=302820,5.046866666667,1531.911360246588,1343.0
scanId=302820,5.046866666667,1531.9338997985117,1157.0
scanId=302820,5.046866666667,1532.8581685222298,1033.0
scanId=302820,5.046866666667,1532.88071503838,1561.0
scanId=302820,5.046866666667,1532.9032619265283,1727.0
scanId=302820,5.046866666667,1532.9258087743085,1541.0
scanId=302820,5.046866666667,1532.9483559940936,1276.0
scanId=302820,5.046866666667,1532.9709031735035,1002.0
scanId=302820,5.046866666667,1533.85037663142,1151.0
scanId=302820,5.046866666667,1533.8729304434266,1416.0
scanId=302820,5.046866666667,1533.895484627587,1259.0
scanId=302820,5.046866666667,1533.9180387712236,1068.0
scanId=302820,5.046866666667,1535.835755913121,1231.0
scanId=302820,5.046866666667,1535.8583243168405,1340.0
scanId=302820,5.046866666667,1535.8808930930245,1293.0
scanId=302820,5.046866666667,1535.9034618283738,1075.0
scanId=302820,5.046866666667,1543.857994899956,1047.0
scanId=302820,5.046866666667,1543.8806223758556,1333.0
scanId=302820,5.046866666667,1543.903249809686,1382.0
scanId=302820,5.046866666667,1543.9258776172226,1247.0
scanId=302820,5.046866666667,1543.9485053826827,1108.0
scanId=302820,5.046866666667,1544.876390900502,1153.0
scanId=302820,5.046866666667,1544.8990256301888,1363.0
scanId=302820,5.046866666667,1544.9216607337332,1327.0
scanId=302820,5.046866666667,1544.9442957950498,1241.0
scanId=302820,5.046866666667,1544.966931230231,1080.0
scanId=302820,5.046866666667,1545.9177648712564,1067.0
scanId=302820,5.046866666667,1545.9404072284292,1053.0
scanId=302820,5.046866666667,1566.9101075976273,1069.0
scanId=302820,5.046866666667,1783.0389294539968,1128.0
scanId=302820,5.046866666667,1783.063246608821,1242.0
scanId=302820,5.046866666667,1783.087563696668,1138.0
scanId=302820,5.046866666667,1828.0381984297517,1427.0
scanId=302820,5.046866666667,1828.0628202854184,2527.0
scanId=302820,5.046866666667,1828.0874425421664,3498.0
scanId=302820,5.046866666667,1828.1120647294636,4401.0
scanId=302820,5.046866666667,1828.136687317844,4659.0
scanId=302820,5.046866666667,1828.1613098367704,4001.0
scanId=302820,5.046866666667,1828.185932756783,3031.0
scanId=302820,5.046866666667,1828.210555607339,2200.0
scanId=302820,5.046866666667,1828.235178858984,1472.0
scanId=302820,5.046866666667,1829.023206697845,1351.0
scanId=302820,5.046866666667,1829.0478351861084,2477.0
scanId=302820,5.046866666667,1829.0724640755009,3888.0
scanId=302820,5.046866666667,1829.0970928953943,5317.0
scanId=302820,5.046866666667,1829.121722116419,6003.0
scanId=302820,5.046866666667,1829.1463512679425,5500.0
scanId=302820,5.046866666667,1829.1709808205997,4448.0
scanId=302820,5.046866666667,1829.1956103037528,3199.0
scanId=302820,5.046866666667,1829.220240188041,2237.0
scanId=302820,5.046866666667,1829.2448700028249,1518.0
scanId=302820,5.046866666667,1829.269500218746,1082.0
scanId=302820,5.046866666667,1829.9838450803531,1074.0
scanId=302820,5.046866666667,1830.008480270758,1633.0
scanId=302820,5.046866666667,1830.0331153916184,2399.0
scanId=302820,5.046866666667,1830.0577509136556,3421.0
scanId=302820,5.046866666667,1830.0823863661456,4472.0
scanId=302820,5.046866666667,1830.1070222198143,5004.0
scanId=302820,5.046866666667,1830.1316580039345,4831.0
scanId=302820,5.046866666667,1830.1562941892355,4260.0
scanId=302820,5.046866666667,1830.1809303049852,3280.0
scanId=302820,5.046866666667,1830.2055668219184,2295.0
scanId=302820,5.046866666667,1830.2302032692985,1559.0
scanId=302820,5.046866666667,1830.254840117864,1024.0
scanId=302820,5.046866666667,1830.9940191484864,1109.0
scanId=302820,5.046866666667,1831.018660901944,1383.0
scanId=302820,5.046866666667,1831.043303056624,1638.0
scanId=302820,5.046866666667,1831.067945141712,2048.0
scanId=302820,5.046866666667,1831.0925876280244,2686.0
scanId=302820,5.046866666667,1831.1172300447413,3152.0
scanId=302820,5.046866666667,1831.141872862686,3058.0
scanId=302820,5.046866666667,1831.166515611033,2497.0
scanId=302820,5.046866666667,1831.19115876061,1871.0
scanId=302820,5.046866666667,1831.2158018405864,1348.0
scanId=302820,5.046866666667,1832.029120504404,1092.0
scanId=302820,5.046866666667,1832.053769222088,1252.0
scanId=302820,5.046866666667,1832.078418341044,1341.0
scanId=302820,5.046866666667,1832.1030673903576,1322.0
scanId=302820,5.046866666667,1832.1277168409465,1277.0
scanId=302820,5.046866666667,1832.1523662218897,1180.0
scanId=302820,5.046866666667,1850.091661131015,1051.0
scanId=302820,5.046866666667,1850.1164312956737,1003.0
scanId=302820,5.046866666667,1851.0578159328356,1009.0
scanId=302820,5.046866666667,1851.0825923280065,1326.0
scanId=302820,5.046866666667,1851.107369125304,1392.0
scanId=302820,5.046866666667,1851.1321458521045,1138.0
scanId=302820,5.046866666667,1852.0985722596429,1004.0
scanId=302820,5.046866666667,1853.0404609757463,1011.0
scanId=302820,5.046866666667,1853.065250636111,1002.0
scanId=302820,5.046866666667,2330.173852537917,1080.0
scanId=302820,5.046866666667,2330.201651075788,3731.0
scanId=302820,5.046866666667,2330.2294500183966,8664.0
scanId=302820,5.046866666667,2330.257248887897,16527.0
scanId=302820,5.046866666667,2330.285048162136,26309.0
scanId=302820,5.046866666667,2330.312847363266,36640.0
scanId=302820,5.046866666667,2330.3406469691336,44051.0
scanId=302820,5.046866666667,2330.3684465018937,45234.0
scanId=302820,5.046866666667,2330.396246439391,39890.0
scanId=302820,5.046866666667,2330.424046303781,31778.0
scanId=302820,5.046866666667,2330.451846572907,23742.0
scanId=302820,5.046866666667,2330.479646768927,16659.0
scanId=302820,5.046866666667,2330.5074473696827,11207.0
scanId=302820,5.046866666667,2330.5352478973327,7508.0
scanId=302820,5.046866666667,2330.5630488297184,5068.0
scanId=302820,5.046866666667,2330.590849688998,3440.0
scanId=302820,5.046866666667,2330.6186509530125,2319.0
scanId=302820,5.046866666667,2330.646452143922,1608.0
scanId=302820,5.046866666667,2330.6742537395667,1201.0
scanId=302820,5.046866666667,2330.7020552621057,1136.0
scanId=302820,5.046866666667,2331.174708665222,2173.0
scanId=302820,5.046866666667,2331.20251317243,6278.0
scanId=302820,5.046866666667,2331.2303180843696,14946.0
scanId=302820,5.046866666667,2331.258122923208,28809.0
scanId=302820,5.046866666667,2331.285928166777,45963.0
scanId=302820,5.046866666667,2331.313733337244,63021.0
scanId=302820,5.046866666667,2331.3415389124425,75859.0
scanId=302820,5.046866666667,2331.36934441454,79490.0
scanId=302820,5.046866666667,2331.3971503213675,71833.0
scanId=302820,5.046866666667,2331.4249561550946,57905.0
scanId=302820,5.046866666667,2331.4527623935523,43708.0
scanId=302820,5.046866666667,2331.480568558909,31477.0
scanId=302820,5.046866666667,2331.5083751289967,21750.0
scanId=302820,5.046866666667,2331.5361816259838,14847.0
scanId=302820,5.046866666667,2331.5639885277,10205.0
scanId=302820,5.046866666667,2331.5917953563167,7309.0
scanId=302820,5.046866666667,2331.619602589663,5427.0
scanId=302820,5.046866666667,2331.647409749909,3793.0
scanId=302820,5.046866666667,2331.6752173148843,2780.0
scanId=302820,5.046866666667,2331.703024806761,2270.0
scanId=302820,5.046866666667,2331.7308327033656,2039.0
scanId=302820,5.046866666667,2331.758640526872,1626.0
scanId=302820,5.046866666667,2331.7864487551064,1412.0
scanId=302820,5.046866666667,2331.8142569102424,1370.0
scanId=302820,5.046866666667,2331.8420654701067,1378.0
scanId=302820,5.046866666667,2331.8698739568727,1412.0
scanId=302820,5.046866666667,2331.897682848365,1501.0
scanId=302820,5.046866666667,2331.925491666761,1612.0
scanId=302820,5.046866666667,2331.9533008898843,1512.0
scanId=302820,5.046866666667,2331.9811100399097,1295.0
scanId=302820,5.046866666667,2332.0089195946625,1157.0
scanId=302820,5.046866666667,2332.036729076318,1077.0
scanId=302820,5.046866666667,2332.0645389627007,1098.0
scanId=302820,5.046866666667,2332.092348775986,1097.0
scanId=302820,5.046866666667,2332.1201589939974,1088.0
scanId=302820,5.046866666667,2332.147969138912,1323.0
scanId=302820,5.046866666667,2332.1757796885536,2093.0
scanId=302820,5.046866666667,2332.2035901650984,4915.0
scanId=302820,5.046866666667,2332.231401046369,12193.0
scanId=302820,5.046866666667,2332.2592118545435,24019.0
scanId=302820,5.046866666667,2332.287023067443,38647.0
scanId=302820,5.046866666667,2332.314834207248,53083.0
scanId=302820,5.046866666667,2332.342645751777,63819.0
scanId=302820,5.046866666667,2332.370457223212,66976.0
scanId=302820,5.046866666667,2332.3982690993707,61926.0
scanId=302820,5.046866666667,2332.426080902435,51011.0
scanId=302820,5.046866666667,2332.453893110224,38203.0
scanId=302820,5.046866666667,2332.481705244917,27314.0
scanId=302820,5.046866666667,2332.5095177843355,19143.0
scanId=302820,5.046866666667,2332.53733025066,13155.0
scanId=302820,5.046866666667,2332.565143121707,9034.0
scanId=302820,5.046866666667,2332.5929559196607,6369.0
scanId=302820,5.046866666667,2332.6207691223376,4744.0
scanId=302820,5.046866666667,2332.6485822519217,3483.0
scanId=302820,5.046866666667,2332.676395786229,2604.0
scanId=302820,5.046866666667,2332.704209247442,2158.0
scanId=302820,5.046866666667,2332.732023113378,2002.0
scanId=302820,5.046866666667,2332.7598369062216,1892.0
scanId=302820,5.046866666667,2332.787651103787,1802.0
scanId=302820,5.046866666667,2332.81546522826,1783.0
scanId=302820,5.046866666667,2332.843279757455,1762.0
scanId=302820,5.046866666667,2332.871094213558,1793.0
scanId=302820,5.046866666667,2332.898909074382,1944.0
scanId=302820,5.046866666667,2332.926723862115,1899.0
scanId=302820,5.046866666667,2332.954539054569,1744.0
scanId=302820,5.046866666667,2332.9823541739315,1651.0
scanId=302820,5.046866666667,2333.0101696980155,1621.0
scanId=302820,5.046866666667,2333.037985149008,1440.0
scanId=302820,5.046866666667,2333.065801004721,1248.0
scanId=302820,5.046866666667,2333.0936167873438,1170.0
scanId=302820,5.046866666667,2333.1214329746863,1153.0
scanId=302820,5.046866666667,2333.149249088938,1330.0
scanId=302820,5.046866666667,2333.1770656079098,1878.0
scanId=302820,5.046866666667,2333.204882053792,3688.0
scanId=302820,5.046866666667,2333.2326989043945,7237.0
scanId=302820,5.046866666667,2333.2605156819063,13539.0
scanId=302820,5.046866666667,2333.288332864137,22551.0
scanId=302820,5.046866666667,2333.3161499732787,30937.0
scanId=302820,5.046866666667,2333.34396748714,36880.0
scanId=302820,5.046866666667,2333.371784927911,38698.0
scanId=302820,5.046866666667,2333.399602773401,35534.0
scanId=302820,5.046866666667,2333.4274205458023,29144.0
scanId=302820,5.046866666667,2333.455238722922,22059.0
scanId=302820,5.046866666667,2333.483056826953,15994.0
scanId=302820,5.046866666667,2333.510875335702,11376.0
scanId=302820,5.046866666667,2333.538693771364,8154.0
scanId=302820,5.046866666667,2333.566512611742,5893.0
scanId=302820,5.046866666667,2333.5943313790326,4335.0
scanId=302820,5.046866666667,2333.6221505510407,3221.0
scanId=302820,5.046866666667,2333.6499696499613,2524.0
scanId=302820,5.046866666667,2333.6777891535994,2182.0
scanId=302820,5.046866666667,2333.70560858415,2008.0
scanId=302820,5.046866666667,2333.7334284194167,1933.0
scanId=302820,5.046866666667,2333.761248181597,1843.0
scanId=302820,5.046866666667,2333.789068348494,1812.0
scanId=302820,5.046866666667,2333.8168884423044,1787.0
scanId=302820,5.046866666667,2333.844708940831,1587.0
scanId=302820,5.046866666667,2333.872529366271,1317.0
scanId=302820,5.046866666667,2333.900350196426,1158.0
scanId=302820,5.046866666667,2333.928170953496,1189.0
scanId=302820,5.046866666667,2333.955992115282,1274.0
scanId=302820,5.046866666667,2333.9838132039813,1415.0
scanId=302820,5.046866666667,2334.011634697396,1472.0
scanId=302820,5.046866666667,2334.0394561177254,1519.0
scanId=302820,5.046866666667,2334.06727794277,1464.0
scanId=302820,5.046866666667,2334.095099694729,1337.0
scanId=302820,5.046866666667,2334.122921851403,1264.0
scanId=302820,5.046866666667,2334.150743934992,1214.0
scanId=302820,5.046866666667,2334.178566423296,1394.0
scanId=302820,5.046866666667,2334.2063888385146,2125.0
scanId=302820,5.046866666667,2334.2342116584477,3865.0
scanId=302820,5.046866666667,2334.262034405296,6428.0
scanId=302820,5.046866666667,2334.289857556858,9449.0
scanId=302820,5.046866666667,2334.3176806353367,12478.0
scanId=302820,5.046866666667,2334.3455041185284,14792.0
scanId=302820,5.046866666667,2334.373327528637,15636.0
scanId=302820,5.046866666667,2334.40115134346,14460.0
scanId=302820,5.046866666667,2334.4289750851976,12069.0
scanId=302820,5.046866666667,2334.4567992316483,9277.0
scanId=302820,5.046866666667,2334.4846233050166,6645.0
scanId=302820,5.046866666667,2334.5124477830973,4841.0
scanId=302820,5.046866666667,2334.540272188095,3571.0
scanId=302820,5.046866666667,2334.568096997805,2644.0
scanId=302820,5.046866666667,2334.595921734433,2207.0
scanId=302820,5.046866666667,2334.623746875772,2003.0
scanId=302820,5.046866666667,2334.65157194403,1730.0
scanId=302820,5.046866666667,2334.6793974169987,1404.0
scanId=302820,5.046866666667,2334.7072228168863,1315.0
scanId=302820,5.046866666667,2334.735048621485,1367.0
scanId=302820,5.046866666667,2334.762874353002,1338.0
scanId=302820,5.046866666667,2334.79070048923,1311.0
scanId=302820,5.046866666667,2334.818526552377,1332.0
scanId=302820,5.046866666667,2334.8463530202343,1306.0
scanId=302820,5.046866666667,2334.8741794150114,1119.0
scanId=302820,5.046866666667,2335.0133145928053,1044.0
scanId=302820,5.046866666667,2335.041141982472,1118.0
scanId=302820,5.046866666667,2335.068969776847,1094.0
scanId=302820,5.046866666667,2335.096797498144,1065.0
scanId=302820,5.046866666667,2335.124625624149,1125.0
scanId=302820,5.046866666667,2335.152453677075,1030.0
scanId=302820,5.046866666667,2335.180282134709,1000.0
scanId=302820,5.046866666667,2335.208110519265,1193.0
scanId=302820,5.046866666667,2335.2359393085294,1909.0
scanId=302820,5.046866666667,2335.263768024716,2822.0
scanId=302820,5.046866666667,2335.2915971456086,3667.0
scanId=302820,5.046866666667,2335.3194261934245,4450.0
scanId=302820,5.046866666667,2335.347255645948,5201.0
scanId=302820,5.046866666667,2335.375085025393,5587.0
scanId=302820,5.046866666667,2335.402914809546,5215.0
scanId=302820,5.046866666667,2335.4307445206214,4419.0
scanId=302820,5.046866666667,2335.458574636404,3464.0
scanId=302820,5.046866666667,2335.4864046791085,2580.0
scanId=302820,5.046866666667,2335.5142351265204,1833.0
scanId=302820,5.046866666667,2335.542065500855,1404.0
scanId=302820,5.046866666667,2335.5698962798965,1149.0
scanId=302820,5.046866666667,2335.5977269858618,1020.0
scanId=302820,5.046866666667,2336.293551630389,1077.0
scanId=302820,5.046866666667,2336.321386647542,1405.0
scanId=302820,5.046866666667,2336.3492220693965,1838.0
scanId=302820,5.046866666667,2336.377057418179,2006.0
scanId=302820,5.046866666667,2336.4048931716634,1852.0
scanId=302820,5.046866666667,2336.432728852076,1605.0
scanId=302820,5.046866666667,2336.460564937189,1449.0
scanId=302820,5.046866666667,2336.488400949231,1294.0
scanId=302820,5.046866666667,2336.516237365974,1084.0
scanId=302820,5.046866666667,2352.1864688542805,1986.0
scanId=302820,5.046866666667,2352.2143983859364,4162.0
scanId=302820,5.046866666667,2352.242328322212,6991.0
scanId=302820,5.046866666667,2352.270258185498,10351.0
scanId=302820,5.046866666667,2352.2981884534024,13609.0
scanId=302820,5.046866666667,2352.3261186483182,15893.0
scanId=302820,5.046866666667,2352.3540492478523,15703.0
scanId=302820,5.046866666667,2352.381979774398,13689.0
scanId=302820,5.046866666667,2352.4099107055617,10974.0
scanId=302820,5.046866666667,2352.437841563737,8138.0
scanId=302820,5.046866666667,2352.4657728265306,5970.0
scanId=302820,5.046866666667,2352.493704016336,4275.0
scanId=302820,5.046866666667,2352.521635610759,2934.0
scanId=302820,5.046866666667,2352.549567132194,1994.0
scanId=302820,5.046866666667,2352.5774990582468,1394.0
scanId=302820,5.046866666667,2352.6054309113115,1047.0
scanId=302820,5.046866666667,2353.164105181756,1095.0
scanId=302820,5.046866666667,2353.192040755734,2917.0
scanId=302820,5.046866666667,2353.2199762567275,7230.0
scanId=302820,5.046866666667,2353.2479121623346,12591.0
scanId=302820,5.046866666667,2353.275847994957,18868.0
scanId=302820,5.046866666667,2353.3037842321955,24493.0
scanId=302820,5.046866666667,2353.3317203964484,27625.0
scanId=302820,5.046866666667,2353.359656965315,27742.0
scanId=302820,5.046866666667,2353.387593461198,24475.0
scanId=302820,5.046866666667,2353.415530361694,19147.0
scanId=302820,5.046866666667,2353.443467189207,13860.0
scanId=302820,5.046866666667,2353.4714044213324,9487.0
scanId=302820,5.046866666667,2353.4993415804747,6499.0
scanId=302820,5.046866666667,2353.52727914423,4470.0
scanId=302820,5.046866666667,2353.555216635002,3030.0
scanId=302820,5.046866666667,2353.583154530387,2013.0
scanId=302820,5.046866666667,2353.611092352789,1355.0
scanId=302820,5.046866666667,2353.639030579804,1004.0
scanId=302820,5.046866666667,2354.1698860099286,1133.0
scanId=302820,5.046866666667,2354.1978275532388,2474.0
scanId=302820,5.046866666667,2354.225769023569,5304.0
scanId=302820,5.046866666667,2354.2537108985093,10246.0
scanId=302820,5.046866666667,2354.2816527004697,16243.0
scanId=302820,5.046866666667,2354.309594907039,21437.0
scanId=302820,5.046866666667,2354.337537040629,24256.0
scanId=302820,5.046866666667,2354.3654795788284,23601.0
scanId=302820,5.046866666667,2354.393422044048,20003.0
scanId=302820,5.046866666667,2354.4213649138765,15520.0
scanId=302820,5.046866666667,2354.4493077107263,11299.0
scanId=302820,5.046866666667,2354.477250912185,7684.0
scanId=302820,5.046866666667,2354.5051940406647,5118.0
scanId=302820,5.046866666667,2354.533137573753,3596.0
scanId=302820,5.046866666667,2354.561081033862,2442.0
scanId=302820,5.046866666667,2354.5890248985797,1685.0
scanId=302820,5.046866666667,2354.6169686903186,1336.0
scanId=302820,5.046866666667,2354.644912886665,1230.0
scanId=302820,5.046866666667,2354.6728570100345,1200.0
scanId=302820,5.046866666667,2354.700801538011,1018.0
scanId=302820,5.046866666667,2355.1758817341533,1111.0
scanId=302820,5.046866666667,2355.2038292467964,2181.0
scanId=302820,5.046866666667,2355.2317766864635,3927.0
scanId=302820,5.046866666667,2355.259724530736,6396.0
scanId=302820,5.046866666667,2355.287672302033,9037.0
scanId=302820,5.046866666667,2355.315620477935,11011.0
scanId=302820,5.046866666667,2355.343568580862,12047.0
scanId=302820,5.046866666667,2355.371517088394,11568.0
scanId=302820,5.046866666667,2355.399465522951,9882.0
scanId=302820,5.046866666667,2355.4274143621124,7456.0
scanId=302820,5.046866666667,2355.455363128299,5271.0
scanId=302820,5.046866666667,2355.48331229909,3769.0
scanId=302820,5.046866666667,2355.5112613969063,2861.0
scanId=302820,5.046866666667,2355.539210899327,2171.0
scanId=302820,5.046866666667,2355.5671603287733,1639.0
scanId=302820,5.046866666667,2355.5951101628234,1202.0
scanId=302820,5.046866666667,2356.210045836406,1351.0
scanId=302820,5.046866666667,2356.2379992454107,2069.0
scanId=302820,5.046866666667,2356.2659530590163,3160.0
scanId=302820,5.046866666667,2356.2939067996504,4511.0
scanId=302820,5.046866666667,2356.321860944885,5819.0
scanId=302820,5.046866666667,2356.349815017149,6151.0
scanId=302820,5.046866666667,2356.3777694940136,5476.0
scanId=302820,5.046866666667,2356.405723897908,4455.0
scanId=302820,5.046866666667,2356.4336787064017,3481.0
scanId=302820,5.046866666667,2356.461633441925,2626.0
scanId=302820,5.046866666667,2356.4895885820483,1837.0
scanId=302820,5.046866666667,2356.5175436492023,1318.0
scanId=302820,5.046866666667,2357.272396483351,1263.0
scanId=302820,5.046866666667,2357.3003561933224,1705.0
scanId=302820,5.046866666667,2357.328316307889,2109.0
scanId=302820,5.046866666667,2357.3562763494906,2462.0
scanId=302820,5.046866666667,2357.384236795688,2480.0
scanId=302820,5.046866666667,2357.4121971689187,2121.0
scanId=302820,5.046866666667,2357.440157946746,1702.0
scanId=302820,5.046866666667,2357.4681186516063,1235.0
scanId=302820,5.046866666667,2358.30702048305,1132.0
scanId=302820,5.046866666667,2358.33498656695,1378.0
scanId=302820,5.046866666667,2358.362952577889,1380.0
scanId=302820,5.046866666667,2358.3909189934184,1323.0
scanId=302820,5.046866666667,2358.4188853359865,1124.0
scanId=302820,5.046866666667,2368.3014068043904,1103.0
scanId=302820,5.046866666667,2368.32943184544,1113.0
scanId=302820,5.046866666667,2369.2543552807565,1508.0
scanId=302820,5.046866666667,2369.282385959513,1739.0
scanId=302820,5.046866666667,2369.31041704282,2162.0
scanId=302820,5.046866666667,2369.338448053206,2298.0
scanId=302820,5.046866666667,2369.3664794681417,1973.0
scanId=302820,5.046866666667,2369.394510810158,1527.0
scanId=302820,5.046866666667,2369.422542556724,1092.0
scanId=302820,5.046866666667,2370.235531755578,1032.0
scanId=302820,5.046866666667,2370.2635684765883,1182.0
scanId=302820,5.046866666667,2370.2916051246816,1441.0
scanId=302820,5.046866666667,2370.319642177322,1762.0
scanId=302820,5.046866666667,2370.3476791570447,1811.0
scanId=302820,5.046866666667,2370.3757165413144,1529.0
scanId=302820,5.046866666667,2370.4037538526677,1235.0
scanId=302820,5.046866666667,2371.3010391859248,1074.0
scanId=302820,5.046866666667,2371.329082207899,1023.0
scanId=302820,5.046866666667,2411.260739660615,1088.0
scanId=302820,5.046866666667,2411.289017735229,1327.0
scanId=302820,5.046866666667,2411.317296214332,1389.0
scanId=302820,5.046866666667,2411.3455746205764,1276.0
scanId=302820,5.046866666667,2411.3738534313093,1003.0
scanId=302820,5.046866666667,2412.222291277135,1013.0
scanId=302820,5.046866666667,2412.250574989457,1211.0
scanId=302820,5.046866666667,2412.278859106268,1281.0
scanId=302820,5.046866666667,2412.3071431502194,1213.0
scanId=302820,5.046866666667,2412.3354275986603,1109.0
scanId=302820,5.046866666667,2412.3637119742416,1015.0
scanId=302820,5.046866666667,2420.2898937109167,1044.0
scanId=302820,5.046866666667,2420.318224919174,1102.0
scanId=302820,5.046866666667,2420.346556054562,1139.0
scanId=302820,5.046866666667,2420.37488759445,1019.0
scanId=302820,5.046866666667,2421.281580602189,1472.0
scanId=302820,5.046866666667,2421.309917375284,2030.0
scanId=302820,5.046866666667,2421.33825455288,2132.0
scanId=302820,5.046866666667,2421.366591657605,1919.0
scanId=302820,5.046866666667,2421.3949291668314,1566.0
scanId=302820,5.046866666667,2421.423266603186,1186.0
scanId=302820,5.046866666667,2422.273470378079,1354.0
scanId=302820,5.046866666667,2422.301813193384,1706.0
scanId=302820,5.046866666667,2422.3301559358165,1862.0
scanId=302820,5.046866666667,2422.358499082752,1803.0
scanId=302820,5.046866666667,2422.386842156814,1563.0
scanId=302820,5.046866666667,2422.4151856353787,1194.0
scanId=302820,5.046866666667,2423.322260680749,1295.0
scanId=302820,5.046866666667,2423.3506093925184,1536.0
scanId=302820,5.046866666667,2423.3789585087925,1315.0
scanId=302820,5.046866666667,2423.4073075521915,1034.0
scanId=302820,5.046866666667,2428.2858305390205,1035.0
scanId=302820,5.046866666667,2428.3142085071017,1268.0
scanId=302820,5.046866666667,2428.342586402297,1377.0
scanId=302820,5.046866666667,2428.370964702008,1315.0
scanId=302820,5.046866666667,2428.399342928833,1002.0
scanId=302820,5.046866666667,2429.2507704180557,1183.0
scanId=302820,5.046866666667,2429.279154023847,1759.0
scanId=302820,5.046866666667,2429.3075375567487,2193.0
scanId=302820,5.046866666667,2429.3359214941697,2261.0
scanId=302820,5.046866666667,2429.364305358702,2116.0
scanId=302820,5.046866666667,2429.3926896277526,1738.0
scanId=302820,5.046866666667,2429.421073823915,1249.0
scanId=302820,5.046866666667,2430.2442912226807,1086.0
scanId=302820,5.046866666667,2430.27268039329,1384.0
scanId=302820,5.046866666667,2430.301069968421,1668.0
scanId=302820,5.046866666667,2430.3294594706604,1802.0
scanId=302820,5.046866666667,2430.3578493774216,1644.0
scanId=302820,5.046866666667,2430.3862392112906,1386.0
scanId=302820,5.046866666667,2430.4146294496813,1162.0
scanId=302820,5.046866666667,2431.29480526471,1039.0
scanId=302820,5.046866666667,2431.323200809181,1153.0
scanId=302820,5.046866666667,2431.3515962807573,1131.0
scanId=302820,5.046866666667,2431.3799921568584,1082.0
scanId=302820,5.046866666667,2438.2566407468184,1227.0
scanId=302820,5.046866666667,2438.285076677236,1368.0
scanId=302820,5.046866666667,2438.3135130122,1451.0
scanId=302820,5.046866666667,2438.341949274245,1397.0
scanId=302820,5.046866666667,2438.37038594084,1262.0
scanId=302820,5.046866666667,2438.3988225345165,1015.0
scanId=302820,5.046866666667,2451.269192635893,1230.0
scanId=302820,5.046866666667,2451.29770458252,1525.0
scanId=302820,5.046866666667,2451.3262164561697,1421.0
scanId=302820,5.046866666667,2451.354728734427,1192.0
scanId=302820,5.046866666667,2452.238687783948,1001.0
scanId=302820,5.046866666667,2452.267205368288,1513.0
scanId=302820,5.046866666667,2452.295722879644,1727.0
scanId=302820,5.046866666667,2452.324240795614,1615.0
scanId=302820,5.046866666667,2452.3527586386,1399.0
scanId=302820,5.046866666667,2452.3812768862003,1302.0
scanId=302820,5.046866666667,2452.409795060816,1116.0
scanId=302820,5.046866666667,2453.29394453894,1268.0
scanId=302820,5.046866666667,2453.322468019633,1427.0
scanId=302820,5.046866666667,2453.3509919049457,1282.0
