ScanNumber,RetentionTime,m/z,Intensity
scanId=222736,3.712133333333,102.11639231964244,1063.0
scanId=222736,3.712133333333,102.12221174818876,2500.0
scanId=222736,3.712133333333,102.12803134254987,2747.0
scanId=222736,3.712133333333,102.13385110272584,2099.0
scanId=222736,3.712133333333,102.1396710287166,1426.0
scanId=222736,3.712133333333,118.11361684591604,1262.0
scanId=222736,3.712133333333,118.11987549910988,2216.0
scanId=222736,3.712133333333,118.12613433693646,2077.0
scanId=222736,3.712133333333,118.13239332175893,1567.0
scanId=222736,3.712133333333,118.13865249121514,1130.0
scanId=222736,3.712133333333,126.09871539651508,1192.0
scanId=222736,3.712133333333,126.10518216612935,1069.0
scanId=222736,3.712133333333,130.14649425356097,1512.0
scanId=222736,3.712133333333,130.1530639743887,3530.0
scanId=222736,3.712133333333,130.15963388082272,4045.0
scanId=222736,3.712133333333,130.16620393327906,3053.0
scanId=222736,3.712133333333,130.17277417134272,2070.0
scanId=222736,3.712133333333,130.1793445554277,1462.0
scanId=222736,3.712133333333,130.185915125121,1057.0
scanId=222736,3.712133333333,138.11561705219228,1479.0
scanId=222736,3.712133333333,138.12238494152464,3153.0
scanId=222736,3.712133333333,138.1291529762499,3289.0
scanId=222736,3.712133333333,138.13592119721193,2411.0
scanId=222736,3.712133333333,138.14268956356577,1753.0
scanId=222736,3.712133333333,138.14945811615743,1320.0
scanId=222736,3.712133333333,164.91207870362695,1503.0
scanId=222736,3.712133333333,164.91947403624857,2955.0
scanId=222736,3.712133333333,164.92686951221123,3488.0
scanId=222736,3.712133333333,164.93426517646253,2732.0
scanId=222736,3.712133333333,164.94166098405378,1775.0
scanId=222736,3.712133333333,164.9490569799347,1136.0
scanId=222736,3.712133333333,178.93864129347966,1340.0
scanId=222736,3.712133333333,178.94634471004196,1632.0
scanId=222736,3.712133333333,178.95404826890257,1293.0
scanId=222736,3.712133333333,186.9137774881121,1014.0
scanId=222736,3.712133333333,230.2443179640868,1135.0
scanId=222736,3.712133333333,261.1171878315953,1318.0
scanId=222736,3.712133333333,261.12649348740354,2077.0
scanId=222736,3.712133333333,261.1357993384127,2004.0
scanId=222736,3.712133333333,261.1451053258492,1575.0
scanId=222736,3.712133333333,261.15441150848807,1203.0
scanId=222736,3.712133333333,266.16638088615343,1046.0
scanId=222736,3.712133333333,266.1757760816138,1021.0
scanId=222736,3.712133333333,273.1546574250211,1237.0
scanId=222736,3.712133333333,273.1641751873738,1676.0
scanId=222736,3.712133333333,273.1736930853165,1539.0
scanId=222736,3.712133333333,273.1832111792988,1166.0
scanId=222736,3.712133333333,274.2598220875718,1222.0
scanId=222736,3.712133333333,274.26935908444403,1685.0
scanId=222736,3.712133333333,274.27889621682937,1441.0
scanId=222736,3.712133333333,287.27597329078634,1247.0
scanId=222736,3.712133333333,287.28573394065256,1624.0
scanId=222736,3.712133333333,287.29549478753535,1367.0
scanId=222736,3.712133333333,288.282192841773,1636.0
scanId=222736,3.712133333333,288.2919706017678,1721.0
scanId=222736,3.712133333333,288.30174849630544,1322.0
scanId=222736,3.712133333333,301.21321703593577,1101.0
scanId=222736,3.712133333333,303.2655833218221,1123.0
scanId=222736,3.712133333333,303.2756119273419,1433.0
scanId=222736,3.712133333333,303.28564073097834,1420.0
scanId=222736,3.712133333333,303.2956696681265,1086.0
scanId=222736,3.712133333333,304.2592212170952,1005.0
scanId=222736,3.712133333333,304.2692662705842,1179.0
scanId=222736,3.712133333333,304.2793114575177,1638.0
scanId=222736,3.712133333333,304.28935684263627,2296.0
scanId=222736,3.712133333333,304.299402361198,2307.0
scanId=222736,3.712133333333,304.3094480779463,1687.0
scanId=222736,3.712133333333,304.3194939281362,1168.0
scanId=222736,3.712133333333,305.1438192376691,2026.0
scanId=222736,3.712133333333,305.15387888286244,2664.0
scanId=222736,3.712133333333,305.1639386614398,2417.0
scanId=222736,3.712133333333,305.1739986382628,1801.0
scanId=222736,3.712133333333,305.1840587484683,1228.0
scanId=222736,3.712133333333,325.26210762700026,1108.0
scanId=222736,3.712133333333,329.24160772373057,1203.0
scanId=222736,3.712133333333,329.2520570337575,1054.0
scanId=222736,3.712133333333,331.19850920961284,1465.0
scanId=222736,3.712133333333,331.2089894928083,1404.0
scanId=222736,3.712133333333,349.168389167033,1874.0
scanId=222736,3.712133333333,349.17915000770023,2602.0
scanId=222736,3.712133333333,349.1899110495938,2319.0
scanId=222736,3.712133333333,349.20067222188925,1784.0
scanId=222736,3.712133333333,349.2114335954124,1357.0
scanId=222736,3.712133333333,357.1441133052602,1439.0
scanId=222736,3.712133333333,357.1549963868633,1366.0
scanId=222736,3.712133333333,357.165879598337,1027.0
scanId=222736,3.712133333333,368.4083791868617,1440.0
scanId=222736,3.712133333333,368.41943252359806,1979.0
scanId=222736,3.712133333333,368.4304860628391,1766.0
scanId=222736,3.712133333333,368.4415397312036,1303.0
scanId=222736,3.712133333333,371.1546898122812,1725.0
scanId=222736,3.712133333333,371.1657842709128,1919.0
scanId=222736,3.712133333333,371.1768789322297,1587.0
scanId=222736,3.712133333333,371.1879737224894,1209.0
scanId=222736,3.712133333333,393.1953603239123,1668.0
scanId=222736,3.712133333333,393.20677944653,2255.0
scanId=222736,3.712133333333,393.2181987732698,2109.0
scanId=222736,3.712133333333,393.2296182275157,1738.0
scanId=222736,3.712133333333,393.24103788588513,1373.0
scanId=222736,3.712133333333,393.27529777926026,1320.0
scanId=222736,3.712133333333,393.2867181008892,2148.0
scanId=222736,3.712133333333,393.29813855001936,2406.0
scanId=222736,3.712133333333,393.3095592032779,1993.0
scanId=222736,3.712133333333,393.3209799840362,1432.0
scanId=222736,3.712133333333,394.2008795375355,1183.0
scanId=222736,3.712133333333,394.2123132517928,1077.0
scanId=222736,3.712133333333,399.30527171044815,1367.0
scanId=222736,3.712133333333,399.3167792506737,1425.0
scanId=222736,3.712133333333,399.3282869180129,1138.0
scanId=222736,3.712133333333,399.3973365202538,1029.0
scanId=222736,3.712133333333,399.40884538699805,1464.0
scanId=222736,3.712133333333,399.42035438084974,1427.0
scanId=222736,3.712133333333,399.43186357922366,1056.0
scanId=222736,3.712133333333,400.3761805254524,1081.0
scanId=222736,3.712133333333,400.3877034476874,1104.0
scanId=222736,3.712133333333,400.3992265745063,1241.0
scanId=222736,3.712133333333,400.41074982836926,1314.0
scanId=222736,3.712133333333,400.4222732868178,1104.0
scanId=222736,3.712133333333,402.3374625254267,1801.0
scanId=222736,3.712133333333,402.34901363605593,3136.0
scanId=222736,3.712133333333,402.3605649513947,3421.0
scanId=222736,3.712133333333,402.3721163936522,2726.0
scanId=222736,3.712133333333,402.3836680406205,1916.0
scanId=222736,3.712133333333,402.3952198145063,1338.0
scanId=222736,3.712133333333,403.354596709914,1221.0
scanId=222736,3.712133333333,403.3661624121826,1098.0
scanId=222736,3.712133333333,415.3786341805138,1262.0
scanId=222736,3.712133333333,415.390371002917,3067.0
scanId=222736,3.712133333333,415.4021080308573,4205.0
scanId=222736,3.712133333333,415.4138451848887,3720.0
scanId=222736,3.712133333333,415.4255825444586,2651.0
scanId=222736,3.712133333333,415.4373200301181,1775.0
scanId=222736,3.712133333333,415.4490577213176,1187.0
scanId=222736,3.712133333333,416.388608667089,1084.0
scanId=222736,3.712133333333,416.4003597495034,1459.0
scanId=222736,3.712133333333,416.4121110375185,1433.0
scanId=222736,3.712133333333,416.423862451561,1104.0
scanId=222736,3.712133333333,425.18913368359136,1013.0
scanId=222736,3.712133333333,425.2010083378344,1908.0
scanId=222736,3.712133333333,425.2128831175555,2132.0
scanId=222736,3.712133333333,425.22475810342826,1772.0
scanId=222736,3.712133333333,425.2366332147776,1316.0
scanId=222736,3.712133333333,429.2479961872912,1119.0
scanId=222736,3.712133333333,429.2599273438011,1334.0
scanId=222736,3.712133333333,429.2718587067135,1333.0
scanId=222736,3.712133333333,429.2837901948515,1307.0
scanId=222736,3.712133333333,429.2957218893937,1412.0
scanId=222736,3.712133333333,429.3076537091598,1762.0
scanId=222736,3.712133333333,429.31958573533166,1809.0
scanId=222736,3.712133333333,429.3315178867259,1415.0
scanId=222736,3.712133333333,429.34345024452745,1048.0
scanId=222736,3.712133333333,429.76118650000274,1154.0
scanId=222736,3.712133333333,429.77312482713785,1219.0
scanId=222736,3.712133333333,430.3702515818391,1677.0
scanId=222736,3.712133333333,430.3821983248728,2696.0
scanId=222736,3.712133333333,430.3941452743788,2679.0
scanId=222736,3.712133333333,430.4060923490407,2011.0
scanId=222736,3.712133333333,430.4180396301762,1430.0
scanId=222736,3.712133333333,430.4299870364664,1057.0
scanId=222736,3.712133333333,437.21883725653913,1340.0
scanId=222736,3.712133333333,437.230878720494,1953.0
scanId=222736,3.712133333333,437.2429203091848,1710.0
scanId=222736,3.712133333333,437.2549621047693,1344.0
scanId=222736,3.712133333333,437.26700402508834,1041.0
scanId=222736,3.712133333333,437.3753889750132,1384.0
scanId=222736,3.712133333333,437.3874325534732,1628.0
scanId=222736,3.712133333333,437.3994763388355,1341.0
scanId=222736,3.712133333333,443.3087427150581,1080.0
scanId=222736,3.712133333333,443.32086774968366,1805.0
scanId=222736,3.712133333333,443.33299290867456,1914.0
scanId=222736,3.712133333333,443.3451182749296,1552.0
scanId=222736,3.712133333333,443.3572437655488,1155.0
scanId=222736,3.712133333333,448.2817083163665,1374.0
scanId=222736,3.712133333333,448.2939011275058,1922.0
scanId=222736,3.712133333333,448.3060941462087,1697.0
scanId=222736,3.712133333333,448.31828728897614,1278.0
scanId=222736,3.712133333333,472.2852152427774,1163.0
scanId=222736,3.712133333333,473.2869399771173,1072.0
scanId=222736,3.712133333333,473.29946827339154,1165.0
scanId=222736,3.712133333333,473.3119966922618,1438.0
scanId=222736,3.712133333333,473.3245253201657,2084.0
scanId=222736,3.712133333333,473.3370540706641,2670.0
scanId=222736,3.712133333333,473.34958303019766,2575.0
scanId=222736,3.712133333333,473.36211211232416,1908.0
scanId=222736,3.712133333333,473.37464140348754,1331.0
scanId=222736,3.712133333333,475.3061279101395,1310.0
scanId=222736,3.712133333333,475.3186828592664,1625.0
scanId=222736,3.712133333333,475.331238017542,1419.0
scanId=222736,3.712133333333,475.3437932982971,1134.0
scanId=222736,3.712133333333,481.2378723063076,1028.0
scanId=222736,3.712133333333,481.25050539755006,1921.0
scanId=222736,3.712133333333,481.2631386109355,2279.0
scanId=222736,3.712133333333,481.2757720338076,1982.0
scanId=222736,3.712133333333,481.28840557882125,1573.0
scanId=222736,3.712133333333,481.301039333323,1207.0
scanId=222736,3.712133333333,482.274334667501,1011.0
scanId=222736,3.712133333333,487.3335203350278,1071.0
scanId=222736,3.712133333333,487.3462331391872,1700.0
scanId=222736,3.712133333333,487.3589461531742,2060.0
scanId=222736,3.712133333333,487.3716592889619,2040.0
scanId=222736,3.712133333333,487.3843726345785,1888.0
scanId=222736,3.712133333333,487.3970861019944,1574.0
scanId=222736,3.712133333333,487.40979977924064,1181.0
scanId=222736,3.712133333333,488.4910665043433,1102.0
scanId=222736,3.712133333333,501.379170980907,1350.0
scanId=222736,3.712133333333,501.3920657279396,1875.0
scanId=222736,3.712133333333,501.404960596005,2071.0
scanId=222736,3.712133333333,501.4178556746672,1769.0
scanId=222736,3.712133333333,501.4307508743609,1308.0
scanId=222736,3.712133333333,515.389013442422,1722.0
scanId=222736,3.712133333333,515.4020870581273,3423.0
scanId=222736,3.712133333333,515.4151608851686,4740.0
scanId=222736,3.712133333333,515.4282348325023,4530.0
scanId=222736,3.712133333333,515.4413089911732,3399.0
scanId=222736,3.712133333333,515.4543832701353,2375.0
scanId=222736,3.712133333333,515.4674577604358,1785.0
scanId=222736,3.712133333333,515.4805323710261,1305.0
scanId=222736,3.712133333333,516.4223417328836,1229.0
scanId=222736,3.712133333333,516.4354284934809,1216.0
scanId=222736,3.712133333333,516.4877771028674,1486.0
scanId=222736,3.712133333333,516.5008646469614,3908.0
scanId=222736,3.712133333333,516.5139524024476,6433.0
scanId=222736,3.712133333333,516.5270402781698,7234.0
scanId=222736,3.712133333333,516.5401283652857,6019.0
scanId=222736,3.712133333333,516.553216572636,4291.0
scanId=222736,3.712133333333,516.5663049913817,2869.0
scanId=222736,3.712133333333,516.5793935303603,1886.0
scanId=222736,3.712133333333,516.5924822807357,1277.0
scanId=222736,3.712133333333,517.3519121892049,1002.0
scanId=222736,3.712133333333,517.3650106770325,1626.0
scanId=222736,3.712133333333,517.378109376297,1755.0
scanId=222736,3.712133333333,517.391208195753,1504.0
scanId=222736,3.712133333333,517.4043072266471,1178.0
scanId=222736,3.712133333333,517.5091052606272,1515.0
scanId=222736,3.712133333333,517.5222057382246,1997.0
scanId=222736,3.712133333333,517.5353064272672,1873.0
scanId=222736,3.712133333333,517.5484072364927,1426.0
scanId=222736,3.712133333333,523.2893398053876,1283.0
scanId=222736,3.712133333333,523.3025132412124,3080.0
scanId=222736,3.712133333333,523.3156868887768,4938.0
scanId=222736,3.712133333333,523.3288606562301,5164.0
scanId=222736,3.712133333333,523.342034635424,4224.0
scanId=222736,3.712133333333,523.3552087345054,3119.0
scanId=222736,3.712133333333,523.3683830453292,2184.0
scanId=222736,3.712133333333,523.3815574760388,1531.0
scanId=222736,3.712133333333,523.3947321184922,1107.0
scanId=222736,3.712133333333,524.3041812822252,1648.0
scanId=222736,3.712133333333,524.3173675317163,2073.0
scanId=222736,3.712133333333,524.3305539010453,1837.0
scanId=222736,3.712133333333,524.3437404821659,1360.0
scanId=222736,3.712133333333,525.2672116004231,1021.0
scanId=222736,3.712133333333,525.2804099083716,1618.0
scanId=222736,3.712133333333,525.2936084281595,1803.0
scanId=222736,3.712133333333,525.3068070677364,1528.0
scanId=222736,3.712133333333,525.320005919154,1183.0
scanId=222736,3.712133333333,529.3931355161586,1048.0
scanId=222736,3.712133333333,529.4063855581262,1984.0
scanId=222736,3.712133333333,529.4196358121386,3370.0
scanId=222736,3.712133333333,529.4328861857344,4391.0
scanId=222736,3.712133333333,529.4461367713766,4099.0
scanId=222736,3.712133333333,529.4593874766008,3077.0
scanId=222736,3.712133333333,529.4726383938726,2305.0
scanId=222736,3.712133333333,529.4858894307249,1801.0
scanId=222736,3.712133333333,529.4991406796265,1417.0
scanId=222736,3.712133333333,529.5123920481072,1055.0
scanId=222736,3.712133333333,530.413875677603,1095.0
scanId=222736,3.712133333333,530.427138533542,2068.0
scanId=222736,3.712133333333,530.4404015090144,2501.0
scanId=222736,3.712133333333,530.4536646965831,2119.0
scanId=222736,3.712133333333,530.466928003684,1545.0
scanId=222736,3.712133333333,530.4801915228825,1291.0
scanId=222736,3.712133333333,530.4934551616115,1310.0
scanId=222736,3.712133333333,530.5067190124396,1205.0
scanId=222736,3.712133333333,531.382498255555,1435.0
scanId=222736,3.712133333333,531.3957731696476,1477.0
scanId=222736,3.712133333333,531.4090482958836,1299.0
scanId=222736,3.712133333333,531.4223235416046,1176.0
scanId=222736,3.712133333333,537.3729714308564,1912.0
scanId=222736,3.712133333333,537.3863209613274,2770.0
scanId=222736,3.712133333333,537.3996707042337,2773.0
scanId=222736,3.712133333333,537.4130205663329,2222.0
scanId=222736,3.712133333333,537.4263706408688,1642.0
scanId=222736,3.712133333333,537.4397208345966,1198.0
scanId=222736,3.712133333333,538.4013722219177,1026.0
scanId=222736,3.712133333333,543.4372950275153,1450.0
scanId=222736,3.712133333333,543.4507197187213,1928.0
scanId=222736,3.712133333333,543.4641445288322,1883.0
scanId=222736,3.712133333333,543.4775695516679,1770.0
scanId=222736,3.712133333333,543.490994693407,1801.0
scanId=222736,3.712133333333,543.5044200478723,1663.0
scanId=222736,3.712133333333,543.5178455212398,1367.0
scanId=222736,3.712133333333,545.3049141953584,1260.0
scanId=222736,3.712133333333,545.3183618878275,1249.0
scanId=222736,3.712133333333,545.3318097931086,1061.0
scanId=222736,3.712133333333,555.5051363407626,1223.0
scanId=222736,3.712133333333,555.5187092704202,1349.0
scanId=222736,3.712133333333,555.5322823184265,1123.0
scanId=222736,3.712133333333,557.4885357524389,1063.0
scanId=222736,3.712133333333,557.5021328910606,1634.0
scanId=222736,3.712133333333,557.515730147942,2069.0
scanId=222736,3.712133333333,557.5293276181934,2075.0
scanId=222736,3.712133333333,557.5429252067033,1611.0
scanId=222736,3.712133333333,557.5565230085845,1082.0
scanId=222736,3.712133333333,558.5223890519926,1299.0
scanId=222736,3.712133333333,558.535998792541,1251.0
scanId=222736,3.712133333333,561.3840683687266,1381.0
scanId=222736,3.712133333333,561.3977129303876,1608.0
scanId=222736,3.712133333333,561.4113576101361,1398.0
scanId=222736,3.712133333333,564.2940987038622,1718.0
scanId=222736,3.712133333333,564.3077785362271,2206.0
scanId=222736,3.712133333333,564.3214585822601,2071.0
scanId=222736,3.712133333333,564.3351387462533,1725.0
scanId=222736,3.712133333333,564.3488191239161,1425.0
scanId=222736,3.712133333333,564.3624996195377,1249.0
scanId=222736,3.712133333333,564.3761803288302,1046.0
scanId=222736,3.712133333333,564.8140498105579,1127.0
scanId=222736,3.712133333333,564.8277359438633,1233.0
scanId=222736,3.712133333333,564.8414222908598,1080.0
scanId=222736,3.712133333333,569.2982612854087,1348.0
scanId=222736,3.712133333333,569.3120016880374,1574.0
scanId=222736,3.712133333333,569.3257422084124,1330.0
scanId=222736,3.712133333333,569.4906416748552,1280.0
scanId=222736,3.712133333333,569.5043843988914,3156.0
scanId=222736,3.712133333333,569.5181272406658,4470.0
scanId=222736,3.712133333333,569.5318702963316,4082.0
scanId=222736,3.712133333333,569.5456134697345,3018.0
scanId=222736,3.712133333333,569.55935685703,2105.0
scanId=222736,3.712133333333,569.5731003620614,1420.0
scanId=222736,3.712133333333,570.5080493397621,1191.0
scanId=222736,3.712133333333,570.5218043340951,1760.0
scanId=222736,3.712133333333,570.5355594461236,1802.0
scanId=222736,3.712133333333,570.5493147720863,1374.0
scanId=222736,3.712133333333,575.3047905449371,1017.0
scanId=222736,3.712133333333,575.3876690745474,1098.0
scanId=222736,3.712133333333,575.4014827673277,1619.0
scanId=222736,3.712133333333,575.4152965776004,1902.0
scanId=222736,3.712133333333,575.4291106020105,1686.0
scanId=222736,3.712133333333,575.4429247439118,1414.0
scanId=222736,3.712133333333,575.4567390999514,1284.0
scanId=222736,3.712133333333,575.4705535734813,1137.0
scanId=222736,3.712133333333,575.8021512624507,1158.0
scanId=222736,3.712133333333,575.8159699296756,1069.0
scanId=222736,3.712133333333,577.3508699878446,1012.0
scanId=222736,3.712133333333,584.304082640124,1026.0
scanId=222736,3.712133333333,584.3180029031556,1490.0
scanId=222736,3.712133333333,584.3319233806818,1607.0
scanId=222736,3.712133333333,584.3458439753421,1512.0
scanId=222736,3.712133333333,584.3597647844979,1225.0
scanId=222736,3.712133333333,584.8331701278738,1068.0
scanId=222736,3.712133333333,586.2963672250185,1188.0
scanId=222736,3.712133333333,586.3103112482495,1266.0
scanId=222736,3.712133333333,586.3242553885373,1081.0
scanId=222736,3.712133333333,593.3030789475179,1982.0
scanId=222736,3.712133333333,593.3171059949511,2939.0
scanId=222736,3.712133333333,593.3311332572232,3519.0
scanId=222736,3.712133333333,593.3451606362853,3514.0
scanId=222736,3.712133333333,593.3591882301868,2923.0
scanId=222736,3.712133333333,593.3732159408775,2089.0
scanId=222736,3.712133333333,593.3872438664087,1509.0
scanId=222736,3.712133333333,593.401271908728,1196.0
scanId=222736,3.712133333333,593.8081580007268,1594.0
scanId=222736,3.712133333333,593.8221910174752,2580.0
scanId=222736,3.712133333333,593.8362242490808,2961.0
scanId=222736,3.712133333333,593.8502575974576,2451.0
scanId=222736,3.712133333333,593.8642911606928,1706.0
scanId=222736,3.712133333333,593.8783248406984,1124.0
scanId=222736,3.712133333333,594.3134519496085,1059.0
scanId=222736,3.712133333333,594.3274909356717,1826.0
scanId=222736,3.712133333333,594.3415301366109,1997.0
scanId=222736,3.712133333333,594.3555694543028,1640.0
scanId=222736,3.712133333333,594.3696089868715,1196.0
scanId=222736,3.712133333333,595.3106337264164,1315.0
scanId=222736,3.712133333333,595.3246845343932,1303.0
scanId=222736,3.712133333333,595.3387354590864,1124.0
scanId=222736,3.712133333333,604.308727570996,1427.0
scanId=222736,3.712133333333,604.3228841688297,2449.0
scanId=222736,3.712133333333,604.3370408830577,2603.0
scanId=222736,3.712133333333,604.3511978125211,2080.0
scanId=222736,3.712133333333,604.3653548583779,1461.0
scanId=222736,3.712133333333,604.379512119471,1056.0
scanId=222736,3.712133333333,604.8043063147144,1418.0
scanId=222736,3.712133333333,604.8184686666298,2087.0
scanId=222736,3.712133333333,604.8326312337972,2305.0
scanId=222736,3.712133333333,604.8467939173411,1916.0
scanId=222736,3.712133333333,604.8609568161381,1404.0
scanId=222736,3.712133333333,604.8751198313108,1010.0
scanId=222736,3.712133333333,605.3142563367247,1126.0
scanId=222736,3.712133333333,605.328424657956,1455.0
scanId=222736,3.712133333333,605.3425931944571,1346.0
scanId=222736,3.712133333333,605.3567618473171,1096.0
scanId=222736,3.712133333333,605.3850996999364,1003.0
scanId=222736,3.712133333333,605.3992688996967,1421.0
scanId=222736,3.712133333333,605.413438215814,1778.0
scanId=222736,3.712133333333,605.427607747204,1756.0
scanId=222736,3.712133333333,605.44177739495,1424.0
scanId=222736,3.712133333333,605.4559472579693,1114.0
scanId=222736,3.712133333333,607.2852467278763,2800.0
scanId=222736,3.712133333333,607.2994381468226,13034.0
scanId=222736,3.712133333333,607.3136296820612,34094.0
scanId=222736,3.712133333333,607.3278214326373,56553.0
scanId=222736,3.712133333333,607.3420132995044,63470.0
scanId=222736,3.712133333333,607.3562053817102,53006.0
scanId=222736,3.712133333333,607.3703975802061,37794.0
scanId=222736,3.712133333333,607.3845899940416,25640.0
scanId=222736,3.712133333333,607.3987825241661,17359.0
scanId=222736,3.712133333333,607.4129752696311,11675.0
scanId=222736,3.712133333333,607.4271681313844,7797.0
scanId=222736,3.712133333333,607.4413612084792,5231.0
scanId=222736,3.712133333333,607.455554401861,3571.0
scanId=222736,3.712133333333,607.4697478105853,2402.0
scanId=222736,3.712133333333,607.483941335596,1635.0
scanId=222736,3.712133333333,607.4981350759499,1363.0
scanId=222736,3.712133333333,607.5123289325893,1258.0
scanId=222736,3.712133333333,607.5265230045728,1190.0
scanId=222736,3.712133333333,607.7820442088039,1718.0
scanId=222736,3.712133333333,607.79624138173,8001.0
scanId=222736,3.712133333333,607.81043877001,24478.0
scanId=222736,3.712133333333,607.824636274565,46342.0
scanId=222736,3.712133333333,607.8388339944746,57263.0
scanId=222736,3.712133333333,607.8530318306581,51038.0
scanId=222736,3.712133333333,607.8672298821975,37470.0
scanId=222736,3.712133333333,607.8814280500096,25753.0
scanId=222736,3.712133333333,607.8956264331787,17607.0
scanId=222736,3.712133333333,607.9098249326195,11936.0
scanId=222736,3.712133333333,607.9240236474182,8092.0
scanId=222736,3.712133333333,607.9382224784877,5482.0
scanId=222736,3.712133333333,607.952421524916,3536.0
scanId=222736,3.712133333333,607.9666206876142,2421.0
scanId=222736,3.712133333333,607.9808200656721,1759.0
scanId=222736,3.712133333333,607.995019559999,1253.0
scanId=222736,3.712133333333,608.2932477890396,2027.0
scanId=222736,3.712133333333,608.3074509312821,8170.0
scanId=222736,3.712133333333,608.3216542888957,17611.0
scanId=222736,3.712133333333,608.335857762767,23766.0
scanId=222736,3.712133333333,608.3500614520102,22812.0
scanId=222736,3.712133333333,608.3642652575099,17782.0
scanId=222736,3.712133333333,608.378469278383,12891.0
scanId=222736,3.712133333333,608.3926734155115,9173.0
scanId=222736,3.712133333333,608.4068777680142,6420.0
scanId=222736,3.712133333333,608.4210822367713,4358.0
scanId=222736,3.712133333333,608.4352869209036,2944.0
scanId=222736,3.712133333333,608.4494917212895,2047.0
scanId=222736,3.712133333333,608.4636967370515,1438.0
scanId=222736,3.712133333333,608.4779018690659,1122.0
scanId=222736,3.712133333333,608.8046662649746,1568.0
scanId=222736,3.712133333333,608.8188753765334,3821.0
scanId=222736,3.712133333333,608.8330847034806,6604.0
scanId=222736,3.712133333333,608.8472941466682,7518.0
scanId=222736,3.712133333333,608.8615038052451,6329.0
scanId=222736,3.712133333333,608.8757135800612,4627.0
scanId=222736,3.712133333333,608.8899235702679,3262.0
scanId=222736,3.712133333333,608.9041336767127,2223.0
scanId=222736,3.712133333333,608.9183439985491,1451.0
scanId=222736,3.712133333333,609.3162996366095,1629.0
scanId=222736,3.712133333333,609.3305147174848,2538.0
scanId=222736,3.712133333333,609.3447300137657,2999.0
scanId=222736,3.712133333333,609.3589454262695,2828.0
scanId=222736,3.712133333333,609.3731610541802,2245.0
scanId=222736,3.712133333333,609.3873767983126,1750.0
scanId=222736,3.712133333333,609.401592757853,1606.0
scanId=222736,3.712133333333,609.4158088336142,1393.0
scanId=222736,3.712133333333,609.4300251247842,1077.0
scanId=222736,3.712133333333,612.3478608813551,1008.0
scanId=222736,3.712133333333,612.3621113303784,1245.0
scanId=222736,3.712133333333,612.3763618955246,1119.0
scanId=222736,3.712133333333,612.8467244121005,1027.0
scanId=222736,3.712133333333,612.8609806149349,1110.0
scanId=222736,3.712133333333,612.8752370332917,1007.0
scanId=222736,3.712133333333,613.3172674510568,1222.0
scanId=222736,3.712133333333,613.331529175488,1600.0
scanId=222736,3.712133333333,613.3457910160104,1578.0
scanId=222736,3.712133333333,613.3600530720712,1217.0
scanId=222736,3.712133333333,615.3012340438625,1112.0
scanId=222736,3.712133333333,615.3155187667666,1374.0
scanId=222736,3.712133333333,615.3298037052732,1344.0
scanId=222736,3.712133333333,615.344088759806,1126.0
scanId=222736,3.712133333333,615.8012988515752,1011.0
scanId=222736,3.712133333333,615.8155894277858,1288.0
scanId=222736,3.712133333333,615.829880120007,1195.0
scanId=222736,3.712133333333,618.2760312424521,3292.0
scanId=222736,3.712133333333,618.2903504547448,14648.0
scanId=222736,3.712133333333,618.3046698827345,36122.0
scanId=222736,3.712133333333,618.318989426656,57837.0
scanId=222736,3.712133333333,618.3333091862754,62740.0
scanId=222736,3.712133333333,618.3476290618256,50827.0
scanId=222736,3.712133333333,618.3619491530746,35662.0
scanId=222736,3.712133333333,618.3762693602537,24418.0
scanId=222736,3.712133333333,618.3905897831323,16890.0
scanId=222736,3.712133333333,618.4049103219401,11575.0
scanId=222736,3.712133333333,618.4192310764481,7957.0
scanId=222736,3.712133333333,618.4335519468849,5436.0
scanId=222736,3.712133333333,618.4478730330226,3767.0
scanId=222736,3.712133333333,618.462194235088,2672.0
scanId=222736,3.712133333333,618.4765156528554,2082.0
scanId=222736,3.712133333333,618.4908371865496,1489.0
scanId=222736,3.712133333333,618.5051589359466,1136.0
scanId=222736,3.712133333333,618.7773031803767,2395.0
scanId=222736,3.712133333333,618.7916282460704,11491.0
scanId=222736,3.712133333333,618.8059534276806,28467.0
scanId=222736,3.712133333333,618.8202788250039,45883.0
scanId=222736,3.712133333333,618.8346043382429,51562.0
scanId=222736,3.712133333333,618.8489300671959,43275.0
scanId=222736,3.712133333333,618.8632559120637,30885.0
scanId=222736,3.712133333333,618.8775819726462,21094.0
scanId=222736,3.712133333333,618.8919081491426,14589.0
scanId=222736,3.712133333333,618.9062345413547,9967.0
scanId=222736,3.712133333333,618.9205610494803,6838.0
scanId=222736,3.712133333333,618.934887773322,4682.0
scanId=222736,3.712133333333,618.949214613076,3195.0
scanId=222736,3.712133333333,618.9635416685475,2226.0
scanId=222736,3.712133333333,618.9778688399304,1701.0
scanId=222736,3.712133333333,618.9921962270314,1327.0
scanId=222736,3.712133333333,619.2787782910824,1518.0
scanId=222736,3.712133333333,619.2931091103814,5338.0
scanId=222736,3.712133333333,619.3074401454087,13473.0
scanId=222736,3.712133333333,619.3217712963365,21691.0
scanId=222736,3.712133333333,619.3361026629934,23591.0
scanId=222736,3.712133333333,619.3504341455499,19251.0
scanId=222736,3.712133333333,619.3647658438365,13582.0
scanId=222736,3.712133333333,619.3790976580218,9366.0
scanId=222736,3.712133333333,619.393429687938,6921.0
scanId=222736,3.712133333333,619.407761833752,5479.0
scanId=222736,3.712133333333,619.4220941952977,4444.0
scanId=222736,3.712133333333,619.4364266727407,3491.0
scanId=222736,3.712133333333,619.450759365916,2710.0
scanId=222736,3.712133333333,619.4650921749877,2156.0
scanId=222736,3.712133333333,619.4794251997927,1725.0
scanId=222736,3.712133333333,619.4937583404933,1260.0
scanId=222736,3.712133333333,619.5080916969279,1029.0
scanId=222736,3.712133333333,619.7947931474906,2463.0
scanId=222736,3.712133333333,619.8091299361073,5301.0
scanId=222736,3.712133333333,619.8234669404682,7531.0
scanId=222736,3.712133333333,619.8378040607136,7421.0
scanId=222736,3.712133333333,619.852141396704,5922.0
scanId=222736,3.712133333333,619.8664788485783,4191.0
scanId=222736,3.712133333333,619.8808165161984,2884.0
scanId=222736,3.712133333333,619.8951542997012,1980.0
scanId=222736,3.712133333333,619.909492298951,1472.0
scanId=222736,3.712133333333,619.9238304140827,1146.0
scanId=222736,3.712133333333,620.311022899621,1493.0
scanId=222736,3.712133333333,620.3253656575552,2177.0
scanId=222736,3.712133333333,620.3397086312497,2250.0
scanId=222736,3.712133333333,620.3540517208127,1807.0
scanId=222736,3.712133333333,620.3683950261369,1278.0
scanId=222736,3.712133333333,620.3827384473286,1023.0
scanId=222736,3.712133333333,620.3970820842825,1015.0
scanId=222736,3.712133333333,620.411425837103,1038.0
scanId=222736,3.712133333333,621.4159023320008,1066.0
scanId=222736,3.712133333333,621.4302579076218,1073.0
scanId=222736,3.712133333333,623.3410236905202,1091.0
scanId=222736,3.712133333333,623.3554014853272,1200.0
scanId=222736,3.712133333333,623.3697793959112,1053.0
scanId=222736,3.712133333333,626.3063454423377,1288.0
scanId=222736,3.712133333333,626.3207573949985,1467.0
scanId=222736,3.712133333333,626.3351694633476,1369.0
scanId=222736,3.712133333333,626.3495817476379,1139.0
scanId=222736,3.712133333333,626.8108615930176,1206.0
scanId=222736,3.712133333333,626.8252792990564,1171.0
scanId=222736,3.712133333333,629.2642578085017,2053.0
scanId=222736,3.712133333333,629.2787037029894,9296.0
scanId=222736,3.712133333333,629.2931498135035,23561.0
scanId=222736,3.712133333333,629.3075960396199,37647.0
scanId=222736,3.712133333333,629.3220424817638,41349.0
scanId=222736,3.712133333333,629.3364890395089,34916.0
scanId=222736,3.712133333333,629.3509358132825,25211.0
scanId=222736,3.712133333333,629.3653827026565,17392.0
scanId=222736,3.712133333333,629.3798298080596,11852.0
scanId=222736,3.712133333333,629.3942770290624,8221.0
scanId=222736,3.712133333333,629.4087244660954,5660.0
scanId=222736,3.712133333333,629.4231720187269,3817.0
scanId=222736,3.712133333333,629.4376197873892,2484.0
scanId=222736,3.712133333333,629.4520676716497,1608.0
scanId=222736,3.712133333333,629.4665157719418,1101.0
scanId=222736,3.712133333333,629.7699636288605,2718.0
scanId=222736,3.712133333333,629.7844153770786,10583.0
scanId=222736,3.712133333333,629.7988672408851,24146.0
scanId=222736,3.712133333333,629.8133193207327,35469.0
scanId=222736,3.712133333333,629.8277715161679,35977.0
scanId=222736,3.712133333333,629.8422239276454,28171.0
scanId=222736,3.712133333333,629.8566764547094,19557.0
scanId=222736,3.712133333333,629.8711291978166,13339.0
scanId=222736,3.712133333333,629.8855820565093,9234.0
scanId=222736,3.712133333333,629.9000351312461,6319.0
scanId=222736,3.712133333333,629.9144883215677,4188.0
scanId=222736,3.712133333333,629.9289417279341,2844.0
scanId=222736,3.712133333333,629.9433952498845,2081.0
scanId=222736,3.712133333333,629.9578489878804,1419.0
scanId=222736,3.712133333333,629.9723028414599,1103.0
scanId=222736,3.712133333333,630.2758726223508,2303.0
scanId=222736,3.712133333333,630.2903301238472,7169.0
scanId=222736,3.712133333333,630.3047878413989,14104.0
scanId=222736,3.712133333333,630.3192456745242,17856.0
scanId=222736,3.712133333333,630.3337037237055,16110.0
scanId=222736,3.712133333333,630.3481618884595,12002.0
scanId=222736,3.712133333333,630.3626202692706,8328.0
scanId=222736,3.712133333333,630.3770787656534,5773.0
scanId=222736,3.712133333333,630.3915374780942,4053.0
scanId=222736,3.712133333333,630.4059963061057,2857.0
scanId=222736,3.712133333333,630.4204553501762,1993.0
scanId=222736,3.712133333333,630.4349145098166,1358.0
scanId=222736,3.712133333333,630.4493738855167,1059.0
scanId=222736,3.712133333333,630.7964480437631,2013.0
scanId=222736,3.712133333333,630.8109115145785,3846.0
scanId=222736,3.712133333333,630.8253752014638,4978.0
scanId=222736,3.712133333333,630.839839003908,4515.0
scanId=222736,3.712133333333,630.8543030224229,3342.0
scanId=222736,3.712133333333,630.8687671564957,2408.0
scanId=222736,3.712133333333,630.8832315066405,1855.0
scanId=222736,3.712133333333,630.8976959723421,1451.0
scanId=222736,3.712133333333,630.9121606541165,1066.0
scanId=222736,3.712133333333,631.3172383609211,1156.0
scanId=222736,3.712133333333,631.3317078010555,1245.0
scanId=222736,3.712133333333,631.3461774572744,1041.0
scanId=222736,3.712133333333,632.3739450612513,1156.0
scanId=222736,3.712133333333,632.3884266561375,1097.0
scanId=222736,3.712133333333,637.7870744851582,1149.0
scanId=222736,3.712133333333,637.8016178785272,1385.0
scanId=222736,3.712133333333,637.816161488157,1260.0
scanId=222736,3.712133333333,649.4307764756818,1142.0
scanId=222736,3.712133333333,649.4454520739106,1139.0
scanId=222736,3.712133333333,649.4601277872188,1008.0
scanId=222736,3.712133333333,650.3116043392835,1170.0
scanId=222736,3.712133333333,650.3262898864017,1310.0
scanId=222736,3.712133333333,650.3409755485787,1092.0
scanId=222736,3.712133333333,658.2659170863752,3141.0
scanId=222736,3.712133333333,658.2806921734978,6219.0
scanId=222736,3.712133333333,658.2954673755052,7574.0
scanId=222736,3.712133333333,658.3102427942573,6932.0
scanId=222736,3.712133333333,658.3250183278936,5487.0
scanId=222736,3.712133333333,658.3397940782755,4144.0
scanId=222736,3.712133333333,658.3545699435409,3308.0
scanId=222736,3.712133333333,658.3693460255522,2618.0
scanId=222736,3.712133333333,658.3841222224468,2036.0
scanId=222736,3.712133333333,658.3988986360878,1507.0
scanId=222736,3.712133333333,658.4136751646114,1042.0
scanId=222736,3.712133333333,658.7535816966913,1155.0
scanId=222736,3.712133333333,658.7683622047632,2585.0
scanId=222736,3.712133333333,658.7831429295898,3965.0
scanId=222736,3.712133333333,658.7979237692906,4705.0
scanId=222736,3.712133333333,658.8127048257469,4339.0
scanId=222736,3.712133333333,658.8274859970768,3285.0
scanId=222736,3.712133333333,658.8422673851626,2295.0
scanId=222736,3.712133333333,658.8570488881215,1601.0
scanId=222736,3.712133333333,658.8718306078371,1118.0
scanId=222736,3.712133333333,659.2709990049105,2219.0
scanId=222736,3.712133333333,659.2857853674409,3705.0
scanId=222736,3.712133333333,659.3005718448354,4480.0
scanId=222736,3.712133333333,659.3153585389956,4273.0
scanId=222736,3.712133333333,659.3301453480192,3283.0
scanId=222736,3.712133333333,659.344932373809,2353.0
scanId=222736,3.712133333333,659.3597195144616,1786.0
scanId=222736,3.712133333333,659.3745068718811,1390.0
scanId=222736,3.712133333333,659.3892943441627,1165.0
scanId=222736,3.712133333333,659.4040820332119,1096.0
scanId=222736,3.712133333333,659.7738274868179,1208.0
scanId=222736,3.712133333333,659.7886194870523,1918.0
scanId=222736,3.712133333333,659.8034116021407,2108.0
scanId=222736,3.712133333333,659.8182039340046,1772.0
scanId=222736,3.712133333333,659.832996380722,1272.0
scanId=222736,3.712133333333,660.2916452884251,1011.0
scanId=222736,3.712133333333,660.3064430412073,1012.0
scanId=222736,3.712133333333,660.8096661620367,1335.0
scanId=222736,3.712133333333,660.8244697693086,1311.0
scanId=222736,3.712133333333,660.8392734914137,1111.0
scanId=222736,3.712133333333,661.3130809646299,1043.0
scanId=222736,3.712133333333,661.3278902096058,1024.0
scanId=222736,3.712133333333,663.2693315697064,1303.0
scanId=222736,3.712133333333,663.2841627022391,3567.0
scanId=222736,3.712133333333,663.2989939495563,6582.0
scanId=222736,3.712133333333,663.3138254137187,8263.0
scanId=222736,3.712133333333,663.328656992665,7734.0
scanId=222736,3.712133333333,663.343488788457,5891.0
scanId=222736,3.712133333333,663.3583206990323,4078.0
scanId=222736,3.712133333333,663.373152826454,2836.0
scanId=222736,3.712133333333,663.3879850686583,1953.0
scanId=222736,3.712133333333,663.4028175277094,1392.0
scanId=222736,3.712133333333,663.4176501015431,1173.0
scanId=222736,3.712133333333,663.4324828922239,1231.0
scanId=222736,3.712133333333,663.4473157976865,1417.0
scanId=222736,3.712133333333,663.4621489199969,1434.0
scanId=222736,3.712133333333,663.4769821570889,1200.0
scanId=222736,3.712133333333,663.7736822303405,1988.0
scanId=222736,3.712133333333,663.7885190005769,4650.0
scanId=222736,3.712133333333,663.8033558855884,6734.0
scanId=222736,3.712133333333,663.8181929874547,7209.0
scanId=222736,3.712133333333,663.8330302040953,6227.0
scanId=222736,3.712133333333,663.8478676375912,4688.0
scanId=222736,3.712133333333,663.8627051858609,3330.0
scanId=222736,3.712133333333,663.8775429509865,2390.0
scanId=222736,3.712133333333,663.8923808308851,1682.0
scanId=222736,3.712133333333,663.9072189276404,1219.0
scanId=222736,3.712133333333,664.2930669806856,1610.0
scanId=222736,3.712133333333,664.3079095033916,2749.0
scanId=222736,3.712133333333,664.3227522429617,3122.0
scanId=222736,3.712133333333,664.3375950972966,2624.0
scanId=222736,3.712133333333,664.3524381684965,1966.0
scanId=222736,3.712133333333,664.3672813544606,1380.0
scanId=222736,3.712133333333,664.7978066425663,1106.0
scanId=222736,3.712133333333,664.8126548029668,1322.0
scanId=222736,3.712133333333,664.8275031802408,1281.0
scanId=222736,3.712133333333,664.8423516722703,1213.0
scanId=222736,3.712133333333,664.857200381174,1139.0
scanId=222736,3.712133333333,671.2873399147996,1034.0
scanId=222736,3.712133333333,671.3022603703465,1147.0
scanId=222736,3.712133333333,671.3171810428835,1060.0
scanId=222736,3.712133333333,671.3321018300595,1007.0
scanId=222736,3.712133333333,671.764877555195,1060.0
scanId=222736,3.712133333333,671.779803316808,3171.0
scanId=222736,3.712133333333,671.7947292954193,6189.0
scanId=222736,3.712133333333,671.8096553886616,7617.0
scanId=222736,3.712133333333,671.8245816989025,6828.0
scanId=222736,3.712133333333,671.839508123774,5013.0
scanId=222736,3.712133333333,671.8544347656446,3430.0
scanId=222736,3.712133333333,671.8693615221451,2305.0
scanId=222736,3.712133333333,671.8842884956451,1685.0
scanId=222736,3.712133333333,671.8992155837751,1262.0
scanId=222736,3.712133333333,672.2724473422055,1650.0
scanId=222736,3.712133333333,672.2873787415141,3839.0
scanId=222736,3.712133333333,672.3023103578292,5575.0
scanId=222736,3.712133333333,672.3172420887671,5875.0
scanId=222736,3.712133333333,672.332174036712,4717.0
scanId=222736,3.712133333333,672.347106099279,3186.0
scanId=222736,3.712133333333,672.3620383788535,2169.0
scanId=222736,3.712133333333,672.3769707730496,1493.0
scanId=222736,3.712133333333,672.3919033842539,1033.0
scanId=222736,3.712133333333,672.7802088110075,1143.0
scanId=222736,3.712133333333,672.7951458480119,2473.0
scanId=222736,3.712133333333,672.810083102031,3182.0
scanId=222736,3.712133333333,672.8250204706643,2992.0
scanId=222736,3.712133333333,672.8399580563132,2388.0
scanId=222736,3.712133333333,672.8548957565756,1740.0
scanId=222736,3.712133333333,672.8698336738541,1231.0
scanId=222736,3.712133333333,673.3031046363022,1106.0
scanId=222736,3.712133333333,673.3180475280253,1265.0
scanId=222736,3.712133333333,673.3329905343545,1124.0
scanId=222736,3.712133333333,678.3032430414892,1110.0
scanId=222736,3.712133333333,678.3182413153629,1158.0
scanId=222736,3.712133333333,678.8132765033838,1266.0
scanId=222736,3.712133333333,678.8282804149616,1358.0
scanId=222736,3.712133333333,678.8432844410603,1121.0
scanId=222736,3.712133333333,680.2994656033726,1007.0
scanId=222736,3.712133333333,684.2856456973014,1095.0
scanId=222736,3.712133333333,684.3007099654748,1671.0
scanId=222736,3.712133333333,684.3157743480933,1812.0
scanId=222736,3.712133333333,684.3308389478962,1515.0
scanId=222736,3.712133333333,684.345903662144,1044.0
scanId=222736,3.712133333333,684.7979229639737,1203.0
scanId=222736,3.712133333333,684.812992869851,1096.0
scanId=222736,3.712133333333,685.4008475070302,1483.0
scanId=222736,3.712133333333,685.4159240455004,2255.0
scanId=222736,3.712133333333,685.4310006984015,2948.0
scanId=222736,3.712133333333,685.4460775685014,2901.0
scanId=222736,3.712133333333,685.4611545530317,2206.0
scanId=222736,3.712133333333,685.4762317547613,1496.0
scanId=222736,3.712133333333,686.4264281019077,1005.0
scanId=222736,3.712133333333,686.4415159157859,1058.0
scanId=222736,3.712133333333,687.558472376983,1025.0
scanId=222736,3.712133333333,687.5735725755627,1039.0
scanId=222736,3.712133333333,688.2683621383877,1008.0
scanId=222736,3.712133333333,689.2658469710915,1201.0
scanId=222736,3.712133333333,689.2809659581565,1783.0
scanId=222736,3.712133333333,689.2960850596056,2011.0
scanId=222736,3.712133333333,689.3112043783001,1981.0
scanId=222736,3.712133333333,689.326323811379,1666.0
scanId=222736,3.712133333333,689.341443461703,1163.0
scanId=222736,3.712133333333,689.779984679051,1230.0
scanId=222736,3.712133333333,689.79510930382,1854.0
scanId=222736,3.712133333333,689.8102340429675,1828.0
scanId=222736,3.712133333333,689.8253589993661,1368.0
scanId=222736,3.712133333333,692.292938954353,1236.0
scanId=222736,3.712133333333,692.3080911043822,1387.0
scanId=222736,3.712133333333,692.3232433687634,1325.0
scanId=222736,3.712133333333,692.3383958504223,1083.0
scanId=222736,3.712133333333,692.7778891759964,1385.0
scanId=222736,3.712133333333,692.7930466321002,1867.0
scanId=222736,3.712133333333,692.8082042025505,1753.0
scanId=222736,3.712133333333,692.8233619902837,1387.0
scanId=222736,3.712133333333,693.2933348306365,1239.0
scanId=222736,3.712133333333,693.3084979244443,1281.0
scanId=222736,3.712133333333,693.3236611325932,1078.0
scanId=222736,3.712133333333,693.7786352530226,1013.0
scanId=222736,3.712133333333,693.7938036529047,1214.0
scanId=222736,3.712133333333,693.8089721671231,1238.0
scanId=222736,3.712133333333,693.8241408986348,1145.0
scanId=222736,3.712133333333,697.2717280373334,1434.0
scanId=222736,3.712133333333,697.2869345746246,1810.0
scanId=222736,3.712133333333,697.3021412262195,2133.0
scanId=222736,3.712133333333,697.3173480951406,2125.0
scanId=222736,3.712133333333,697.3325550783647,1873.0
scanId=222736,3.712133333333,697.3477622789154,1401.0
scanId=222736,3.712133333333,697.7736304939621,1446.0
scanId=222736,3.712133333333,697.7888424516271,2032.0
scanId=222736,3.712133333333,697.8040546266224,2337.0
scanId=222736,3.712133333333,697.8192669159168,2121.0
scanId=222736,3.712133333333,697.8344794225417,1661.0
scanId=222736,3.712133333333,697.8496920434654,1233.0
scanId=222736,3.712133333333,700.2706120553668,1226.0
scanId=222736,3.712133333333,700.2858512066422,1647.0
scanId=222736,3.712133333333,700.3010905752684,1701.0
scanId=222736,3.712133333333,700.3163300581731,1345.0
scanId=222736,3.712133333333,700.7583479648789,1382.0
scanId=222736,3.712133333333,700.773592422225,2118.0
scanId=222736,3.712133333333,700.7888370969254,2161.0
scanId=222736,3.712133333333,700.804081885901,1811.0
scanId=222736,3.712133333333,700.8193268922311,1320.0
scanId=222736,3.712133333333,701.2920035079474,1106.0
scanId=222736,3.712133333333,701.3072538203518,1051.0
scanId=222736,3.712133333333,701.3530056493662,1087.0
scanId=222736,3.712133333333,701.3682566250299,1193.0
scanId=222736,3.712133333333,701.3835077149641,1206.0
scanId=222736,3.712133333333,701.3987590222577,1179.0
scanId=222736,3.712133333333,701.4140104438213,1137.0
scanId=222736,3.712133333333,701.4292620827445,1094.0
scanId=222736,3.712133333333,714.2837953014227,1101.0
scanId=222736,3.712133333333,714.299186224797,1005.0
scanId=222736,3.712133333333,722.5106526223951,1031.0
scanId=222736,3.712133333333,722.5261318734429,1331.0
scanId=222736,3.712133333333,722.5416113419325,1291.0
scanId=222736,3.712133333333,722.55709092461,1031.0
scanId=222736,3.712133333333,727.2705790811375,1104.0
scanId=222736,3.712133333333,727.2861092889628,1041.0
scanId=222736,3.712133333333,736.4934538182308,1764.0
scanId=222736,3.712133333333,736.5090821884311,4231.0
scanId=222736,3.712133333333,736.5247106728508,7328.0
scanId=222736,3.712133333333,736.5403393746806,8420.0
scanId=222736,3.712133333333,736.5559681907299,7256.0
scanId=222736,3.712133333333,736.5715972241894,5200.0
scanId=222736,3.712133333333,736.5872263718687,3505.0
scanId=222736,3.712133333333,736.6028557369578,2273.0
scanId=222736,3.712133333333,736.6184852162669,1457.0
scanId=222736,3.712133333333,736.6341149129856,1021.0
scanId=222736,3.712133333333,737.4783633778057,1027.0
scanId=222736,3.712133333333,737.4940021427491,1590.0
scanId=222736,3.712133333333,737.5096411250981,3240.0
scanId=222736,3.712133333333,737.5252802216712,5338.0
scanId=222736,3.712133333333,737.5409195356499,6202.0
scanId=222736,3.712133333333,737.5565589638527,5437.0
scanId=222736,3.712133333333,737.5721986094611,4033.0
scanId=222736,3.712133333333,737.5878383692936,2814.0
scanId=222736,3.712133333333,737.6034783465317,1878.0
scanId=222736,3.712133333333,737.6191184379942,1240.0
scanId=222736,3.712133333333,738.5108792394427,1368.0
scanId=222736,3.712133333333,738.5265289481698,1889.0
scanId=222736,3.712133333333,738.5421788742971,2114.0
scanId=222736,3.712133333333,738.557828914654,1870.0
scanId=222736,3.712133333333,738.5734791724109,1499.0
scanId=222736,3.712133333333,738.5891295443975,1125.0
scanId=222736,3.712133333333,759.6302810049691,1303.0
scanId=222736,3.712133333333,759.6461529057582,1582.0
scanId=222736,3.712133333333,759.6620250237479,1355.0
scanId=222736,3.712133333333,764.5107509025485,1765.0
scanId=222736,3.712133333333,764.526673759874,6916.0
scanId=222736,3.712133333333,764.542596731699,17104.0
scanId=222736,3.712133333333,764.5585199206542,29583.0
scanId=222736,3.712133333333,764.5744432241092,34858.0
scanId=222736,3.712133333333,764.5903667446942,29968.0
scanId=222736,3.712133333333,764.6062903797794,21591.0
scanId=222736,3.712133333333,764.6222142319939,14456.0
scanId=222736,3.712133333333,764.6381381987092,9595.0
scanId=222736,3.712133333333,764.6540623825532,6251.0
scanId=222736,3.712133333333,764.6699866808988,3981.0
scanId=222736,3.712133333333,764.6859111963724,2545.0
scanId=222736,3.712133333333,764.7018358263483,1584.0
scanId=222736,3.712133333333,764.7177606734516,1163.0
scanId=222736,3.712133333333,765.5142131598583,1357.0
scanId=222736,3.712133333333,765.5301464122177,4137.0
scanId=222736,3.712133333333,765.5460798816918,9551.0
scanId=222736,3.712133333333,765.5620134656815,15435.0
scanId=222736,3.712133333333,765.5779472667853,17541.0
scanId=222736,3.712133333333,765.5938811824049,14996.0
scanId=222736,3.712133333333,765.6098153151382,10873.0
scanId=222736,3.712133333333,765.6257495623883,7309.0
scanId=222736,3.712133333333,765.6416840267512,4942.0
scanId=222736,3.712133333333,765.6576186056312,3421.0
scanId=222736,3.712133333333,765.6735534016241,2283.0
scanId=222736,3.712133333333,765.689488312134,1444.0
scanId=222736,3.712133333333,765.7054234397565,1011.0
scanId=222736,3.712133333333,766.5342772353914,2195.0
scanId=222736,3.712133333333,766.5502210999158,4150.0
scanId=222736,3.712133333333,766.5661651815387,5636.0
scanId=222736,3.712133333333,766.5821093776931,5778.0
scanId=222736,3.712133333333,766.5980537909456,4749.0
scanId=222736,3.712133333333,766.6139983187302,3467.0
scanId=222736,3.712133333333,766.6299430636122,2386.0
scanId=222736,3.712133333333,766.6458879230273,1598.0
scanId=222736,3.712133333333,766.6618329995389,1122.0
scanId=222736,3.712133333333,767.5709749656565,1114.0
scanId=222736,3.712133333333,767.5869296594279,1272.0
scanId=222736,3.712133333333,767.6028844677479,1031.0
scanId=222736,3.712133333333,768.2731372246856,1053.0
scanId=222736,3.712133333333,771.6127918794987,2534.0
scanId=222736,3.712133333333,771.6287884732238,4339.0
scanId=222736,3.712133333333,771.6447852839603,4975.0
scanId=222736,3.712133333333,771.6607822093158,4192.0
scanId=222736,3.712133333333,771.6767793516821,2913.0
scanId=222736,3.712133333333,771.6927766086676,1988.0
scanId=222736,3.712133333333,771.7087740826635,1559.0
scanId=222736,3.712133333333,771.7247716712793,1326.0
scanId=222736,3.712133333333,772.6209027079173,1452.0
scanId=222736,3.712133333333,772.6369097991726,1964.0
scanId=222736,3.712133333333,772.6529170050654,2045.0
scanId=222736,3.712133333333,772.6689244279504,1713.0
scanId=222736,3.712133333333,772.6849319654735,1206.0
scanId=222736,3.712133333333,780.5485846032185,1485.0
scanId=222736,3.712133333333,780.5646736069964,1881.0
scanId=222736,3.712133333333,780.5807627255717,1837.0
scanId=222736,3.712133333333,780.5968520609794,1429.0
scanId=222736,3.712133333333,787.6275877093444,1327.0
scanId=222736,3.712133333333,787.6437494549768,1220.0
scanId=222736,3.712133333333,787.6599114172766,1045.0
scanId=222736,3.712133333333,797.7610285274047,1016.0
scanId=222736,3.712133333333,815.6709649599599,1284.0
scanId=222736,3.712133333333,815.6874119079486,2133.0
scanId=222736,3.712133333333,815.7038590717438,2680.0
scanId=222736,3.712133333333,815.7203063513633,2555.0
scanId=222736,3.712133333333,815.736753846788,2010.0
scanId=222736,3.712133333333,815.7532014580383,1546.0
scanId=222736,3.712133333333,815.7696492850926,1213.0
scanId=222736,3.712133333333,816.6909908413936,1193.0
scanId=222736,3.712133333333,816.7074480699393,1501.0
scanId=222736,3.712133333333,816.7239055142533,1406.0
scanId=222736,3.712133333333,816.7403630744299,1138.0
scanId=222736,3.712133333333,822.725421252619,1415.0
scanId=222736,3.712133333333,822.7419391696226,1568.0
scanId=222736,3.712133333333,822.7584573021618,1396.0
scanId=222736,3.712133333333,822.7749755507964,1158.0
scanId=222736,3.712133333333,823.7498472046351,1150.0
scanId=222736,3.712133333333,823.7663754021991,1054.0
scanId=222736,3.712133333333,827.6882406216743,1480.0
scanId=222736,3.712133333333,827.7048082833286,1895.0
scanId=222736,3.712133333333,827.7213761603147,1814.0
scanId=222736,3.712133333333,827.7379441536002,1502.0
scanId=222736,3.712133333333,827.7545123622159,1213.0
scanId=222736,3.712133333333,827.7710806871324,1040.0
scanId=222736,3.712133333333,828.6991729098766,1195.0
scanId=222736,3.712133333333,828.715750735752,1166.0
scanId=222736,3.712133333333,829.6941344710599,1147.0
scanId=222736,3.712133333333,829.7107222458245,1481.0
scanId=222736,3.712133333333,829.7273101369739,1512.0
scanId=222736,3.712133333333,829.7438982433681,1233.0
scanId=222736,3.712133333333,841.6969412735313,1047.0
scanId=222736,3.712133333333,841.713648551903,1176.0
scanId=222736,3.712133333333,841.7303560449698,1245.0
scanId=222736,3.712133333333,841.7470636549727,1194.0
scanId=222736,3.712133333333,843.6862744724706,1046.0
scanId=222736,3.712133333333,843.7030015316863,1212.0
scanId=222736,3.712133333333,843.7197287079356,1140.0
scanId=222736,3.712133333333,843.7364560987809,1019.0
scanId=222736,3.712133333333,853.7018138152349,1630.0
scanId=222736,3.712133333333,853.7186398176383,1867.0
scanId=222736,3.712133333333,853.7354660341182,1693.0
scanId=222736,3.712133333333,853.752292368153,1344.0
scanId=222736,3.712133333333,853.7691189162623,1036.0
scanId=222736,3.712133333333,854.7285048516706,1053.0
scanId=222736,3.712133333333,855.7221209204346,1227.0
scanId=222736,3.712133333333,855.7389668207276,1228.0
scanId=222736,3.712133333333,855.7558129349862,1033.0
scanId=222736,3.712133333333,857.4581221340517,1695.0
scanId=222736,3.712133333333,857.4749851614221,5778.0
scanId=222736,3.712133333333,857.4918483065545,12564.0
scanId=222736,3.712133333333,857.5087116655544,18862.0
scanId=222736,3.712133333333,857.5255751423184,20463.0
scanId=222736,3.712133333333,857.5424388329482,17223.0
scanId=222736,3.712133333333,857.5593026413436,12304.0
scanId=222736,3.712133333333,857.5761666636031,8176.0
scanId=222736,3.712133333333,857.59303080363,5372.0
scanId=222736,3.712133333333,857.6098951575191,3546.0
scanId=222736,3.712133333333,857.6267596291776,2320.0
scanId=222736,3.712133333333,857.6436243146964,1484.0
scanId=222736,3.712133333333,857.6604891179863,1008.0
scanId=222736,3.712133333333,858.4701958277548,2400.0
scanId=222736,3.712133333333,858.4870688040146,5708.0
scanId=222736,3.712133333333,858.5039418980934,9597.0
scanId=222736,3.712133333333,858.5208152059829,12055.0
scanId=222736,3.712133333333,858.5376886316933,11357.0
scanId=222736,3.712133333333,858.5545622712125,8717.0
scanId=222736,3.712133333333,858.5714360285544,5970.0
scanId=222736,3.712133333333,858.588309999703,3899.0
scanId=222736,3.712133333333,858.6051840886767,2550.0
scanId=222736,3.712133333333,858.622058391455,1638.0
scanId=222736,3.712133333333,858.6389328120603,1068.0
scanId=222736,3.712133333333,859.4828664565414,1084.0
scanId=222736,3.712133333333,859.4997493816904,2146.0
scanId=222736,3.712133333333,859.5166324247165,3438.0
scanId=222736,3.712133333333,859.5335156814951,3872.0
scanId=222736,3.712133333333,859.5503990561527,3086.0
scanId=222736,3.712133333333,859.567282644561,2046.0
scanId=222736,3.712133333333,859.5841663508503,1350.0
scanId=222736,3.712133333333,866.8086710660685,1076.0
scanId=222736,3.712133333333,866.8256257415289,1012.0
scanId=222736,3.712133333333,879.4687979822987,1506.0
scanId=222736,3.712133333333,879.4858760247962,2213.0
scanId=222736,3.712133333333,879.5029542798064,2758.0
scanId=222736,3.712133333333,879.5200326539357,2777.0
scanId=222736,3.712133333333,879.5371112405757,2209.0
scanId=222736,3.712133333333,879.5541899463369,1521.0
scanId=222736,3.712133333333,879.5712688646064,1056.0
scanId=222736,3.712133333333,880.4766875540466,1474.0
scanId=222736,3.712133333333,880.4937754263167,2115.0
scanId=222736,3.712133333333,880.5108634177724,2076.0
scanId=222736,3.712133333333,880.5279516216721,1609.0
scanId=222736,3.712133333333,880.5450399447594,1147.0
scanId=222736,3.712133333333,895.5091919997361,1124.0
scanId=222736,3.712133333333,895.5264251257908,1786.0
scanId=222736,3.712133333333,895.5436583721041,2849.0
scanId=222736,3.712133333333,895.5608918297887,3862.0
scanId=222736,3.712133333333,895.5781254077342,4372.0
scanId=222736,3.712133333333,895.5953591970484,4056.0
scanId=222736,3.712133333333,895.6125931066262,3111.0
scanId=222736,3.712133333333,895.62982722757,2223.0
scanId=222736,3.712133333333,895.6470614687801,1572.0
scanId=222736,3.712133333333,895.6642959213535,1134.0
scanId=222736,3.712133333333,895.6987652783987,1131.0
scanId=222736,3.712133333333,895.7160001828735,1268.0
scanId=222736,3.712133333333,895.7332352987061,1107.0
scanId=222736,3.712133333333,896.5434716897043,1529.0
scanId=222736,3.712133333333,896.5607147646487,2267.0
scanId=222736,3.712133333333,896.5779579599294,2756.0
scanId=222736,3.712133333333,896.5952013665034,2894.0
scanId=222736,3.712133333333,896.6124448934165,2446.0
scanId=222736,3.712133333333,896.6296886316198,1760.0
scanId=222736,3.712133333333,896.6469324901653,1208.0
scanId=222736,3.712133333333,896.7159096734487,1027.0
scanId=222736,3.712133333333,896.733154406541,1153.0
scanId=222736,3.712133333333,896.7503992599834,1055.0
scanId=222736,3.712133333333,897.5610955027696,1052.0
scanId=222736,3.712133333333,897.5783483153864,1223.0
scanId=222736,3.712133333333,897.5956013392198,1247.0
scanId=222736,3.712133333333,897.6128544834688,1085.0
scanId=222736,3.712133333333,917.5288497832702,1031.0
scanId=222736,3.712133333333,917.54629349415,1244.0
scanId=222736,3.712133333333,917.563737327072,1242.0
scanId=222736,3.712133333333,917.5811813695811,1074.0
scanId=222736,3.712133333333,918.55831116616,1017.0
scanId=222736,3.712133333333,918.5757646164298,1264.0
scanId=222736,3.712133333333,918.5932182761989,1137.0
scanId=222736,3.712133333333,921.7375742390644,1130.0
scanId=222736,3.712133333333,921.7550578679126,1108.0
scanId=222736,3.712133333333,922.7344069404356,1019.0
scanId=222736,3.712133333333,922.7519000641324,1103.0
scanId=222736,3.712133333333,924.2394197719096,1017.0
scanId=222736,3.712133333333,924.2569271556812,1121.0
scanId=222736,3.712133333333,929.1830656881128,1568.0
scanId=222736,3.712133333333,929.2006198316644,2297.0
scanId=222736,3.712133333333,929.2181740983068,2364.0
scanId=222736,3.712133333333,929.2357285734878,2054.0
scanId=222736,3.712133333333,929.2532831717632,1693.0
scanId=222736,3.712133333333,929.270837978574,1243.0
scanId=222736,3.712133333333,930.183915315976,1106.0
scanId=222736,3.712133333333,930.2014788683404,1785.0
scanId=222736,3.712133333333,930.2190426291515,2020.0
scanId=222736,3.712133333333,930.236606513149,1835.0
scanId=222736,3.712133333333,930.2541706055898,1463.0
scanId=222736,3.712133333333,930.27173482122,1051.0
scanId=222736,3.712133333333,931.2028766826792,1277.0
scanId=222736,3.712133333333,931.220449852399,1577.0
scanId=222736,3.712133333333,931.23802323047,1399.0
scanId=222736,3.712133333333,939.568809079414,1069.0
scanId=222736,3.712133333333,939.5864610537112,1000.0
scanId=222736,3.712133333333,943.526988061361,1540.0
scanId=222736,3.712133333333,943.5446771781784,2313.0
scanId=222736,3.712133333333,943.5623664194784,2596.0
scanId=222736,3.712133333333,943.5800558679256,2361.0
scanId=222736,3.712133333333,943.5977454408592,1846.0
scanId=222736,3.712133333333,943.6154352209358,1395.0
scanId=222736,3.712133333333,943.6331251255024,1038.0
scanId=222736,3.712133333333,944.5532297314988,1091.0
scanId=222736,3.712133333333,944.570928465576,1425.0
scanId=222736,3.712133333333,944.5886273242396,1429.0
scanId=222736,3.712133333333,944.6063263899466,1242.0
scanId=222736,3.712133333333,944.6240255802436,1041.0
scanId=222736,3.712133333333,965.5172664634556,1530.0
scanId=222736,3.712133333333,965.535160527394,2053.0
scanId=222736,3.712133333333,965.5530547181726,2180.0
scanId=222736,3.712133333333,965.5709491137404,1881.0
scanId=222736,3.712133333333,965.5888436361528,1445.0
scanId=222736,3.712133333333,965.60673836335,1048.0
scanId=222736,3.712133333333,966.5195883090762,1072.0
scanId=222736,3.712133333333,966.5374916586444,1361.0
scanId=222736,3.712133333333,966.5553951351671,1387.0
scanId=222736,3.712133333333,966.5732988163652,1348.0
scanId=222736,3.712133333333,966.5912026245217,1034.0
scanId=222736,3.712133333333,993.2705917218098,1040.0
scanId=222736,3.712133333333,1087.57070392985,1048.0
scanId=222736,3.712133333333,1087.589695356285,1331.0
scanId=222736,3.712133333333,1087.6086869278663,1474.0
scanId=222736,3.712133333333,1087.6276786859314,1213.0
scanId=222736,3.712133333333,1088.5774774886834,1158.0
scanId=222736,3.712133333333,1088.5964776828216,1319.0
scanId=222736,3.712133333333,1088.615478063257,1187.0
scanId=222736,3.712133333333,1089.5657079892053,1438.0
scanId=222736,3.712133333333,1089.5847168059015,2248.0
scanId=222736,3.712133333333,1089.6037258087078,2507.0
scanId=222736,3.712133333333,1089.6227349570406,2154.0
scanId=222736,3.712133333333,1089.6417442914762,1730.0
scanId=222736,3.712133333333,1089.6607537714456,1338.0
scanId=222736,3.712133333333,1089.6797634375114,1025.0
scanId=222736,3.712133333333,1090.5734042971246,1329.0
scanId=222736,3.712133333333,1090.5924219223016,1851.0
scanId=222736,3.712133333333,1090.6114396931923,1975.0
scanId=222736,3.712133333333,1090.6304576499992,1820.0
scanId=222736,3.712133333333,1090.649475752527,1530.0
scanId=222736,3.712133333333,1090.668494040963,1205.0
scanId=222736,3.712133333333,1109.558747741792,1073.0
scanId=222736,3.712133333333,1109.5779301869031,1163.0
scanId=222736,3.712133333333,1111.5354097879842,1414.0
scanId=222736,3.712133333333,1111.5546092960378,2437.0
scanId=222736,3.712133333333,1111.5738089858903,3225.0
scanId=222736,3.712133333333,1111.593008825582,3228.0
scanId=222736,3.712133333333,1111.6122088470645,2673.0
scanId=222736,3.712133333333,1111.631409018393,1899.0
scanId=222736,3.712133333333,1111.6506093715047,1232.0
scanId=222736,3.712133333333,1112.5532126259918,1458.0
scanId=222736,3.712133333333,1112.5724209382151,1711.0
scanId=222736,3.712133333333,1112.5916294004803,1856.0
scanId=222736,3.712133333333,1112.6108380443336,1755.0
scanId=222736,3.712133333333,1112.6300468382367,1409.0
scanId=222736,3.712133333333,1112.6492558137195,1059.0
scanId=222736,3.712133333333,1113.5906983439595,1074.0
scanId=222736,3.712133333333,1113.6099156101834,1113.0
scanId=222736,3.712133333333,1119.5752589257927,1134.0
scanId=222736,3.712133333333,1119.5945277460985,1601.0
scanId=222736,3.712133333333,1119.613796746547,1786.0
scanId=222736,3.712133333333,1119.6330658984907,1587.0
scanId=222736,3.712133333333,1119.6523352305685,1306.0
scanId=222736,3.712133333333,1119.67160471415,1038.0
scanId=222736,3.712133333333,1120.5967352701798,1059.0
scanId=222736,3.712133333333,1120.6160128929985,1289.0
scanId=222736,3.712133333333,1120.635290667523,1281.0
scanId=222736,3.712133333333,1120.6545686219715,1077.0
scanId=222736,3.712133333333,1127.5667293463366,2142.0
scanId=222736,3.712133333333,1127.5860668156674,3482.0
scanId=222736,3.712133333333,1127.6054044634527,4807.0
scanId=222736,3.712133333333,1127.6247422644212,5595.0
scanId=222736,3.712133333333,1127.6440802438356,5138.0
scanId=222736,3.712133333333,1127.663418376442,3960.0
scanId=222736,3.712133333333,1127.6827566874863,2851.0
scanId=222736,3.712133333333,1127.7020951517306,2031.0
scanId=222736,3.712133333333,1127.721433794405,1434.0
scanId=222736,3.712133333333,1127.740772590287,1007.0
scanId=222736,3.712133333333,1128.5724979533022,1715.0
scanId=222736,3.712133333333,1128.5918440452192,2304.0
scanId=222736,3.712133333333,1128.6111903153744,2583.0
scanId=222736,3.712133333333,1128.630536738929,2660.0
scanId=222736,3.712133333333,1128.649883340715,2316.0
scanId=222736,3.712133333333,1128.6692300959078,1873.0
scanId=222736,3.712133333333,1128.6885770293225,1445.0
scanId=222736,3.712133333333,1128.707924116153,1084.0
scanId=222736,3.712133333333,1129.5980696436611,1476.0
scanId=222736,3.712133333333,1129.617424536188,1853.0
scanId=222736,3.712133333333,1129.6367795823296,1894.0
scanId=222736,3.712133333333,1129.6561348064854,1715.0
scanId=222736,3.712133333333,1129.6754901842653,1408.0
scanId=222736,3.712133333333,1129.6948457400513,1042.0
scanId=222736,3.712133333333,1130.6047436110143,1200.0
scanId=222736,3.712133333333,1130.6241071259112,1400.0
scanId=222736,3.712133333333,1130.6434707946407,1519.0
scanId=222736,3.712133333333,1130.6628346411678,1457.0
scanId=222736,3.712133333333,1130.6821986415357,1176.0
scanId=222736,3.712133333333,1141.5910029506106,1030.0
scanId=222736,3.712133333333,1141.6104603166978,1125.0
scanId=222736,3.712133333333,1141.6299178390277,1074.0
scanId=222736,3.712133333333,1142.5835397982482,1074.0
scanId=222736,3.712133333333,1142.603005611537,1148.0
scanId=222736,3.712133333333,1142.6224715999945,1139.0
scanId=222736,3.712133333333,1142.6419377449206,1045.0
scanId=222736,3.712133333333,1143.595982205744,1192.0
scanId=222736,3.712133333333,1143.6154566416292,1163.0
scanId=222736,3.712133333333,1143.634931252458,1032.0
scanId=222736,3.712133333333,1145.602720604374,1611.0
scanId=222736,3.712133333333,1145.622212128315,2236.0
scanId=222736,3.712133333333,1145.6417038093978,2274.0
scanId=222736,3.712133333333,1145.6611956649676,1857.0
scanId=222736,3.712133333333,1145.680687677689,1361.0
scanId=222736,3.712133333333,1145.7001798648892,1036.0
scanId=222736,3.712133333333,1146.6164994971189,1169.0
scanId=222736,3.712133333333,1146.6359996434298,1340.0
scanId=222736,3.712133333333,1146.655499947113,1399.0
scanId=222736,3.712133333333,1146.675000425054,1260.0
scanId=222736,3.712133333333,1149.5433738157924,1114.0
scanId=222736,3.712133333333,1149.5628988343271,2048.0
scanId=222736,3.712133333333,1149.5824240108984,2938.0
scanId=222736,3.712133333333,1149.601949361063,3292.0
scanId=222736,3.712133333333,1149.6214748692732,3057.0
scanId=222736,3.712133333333,1149.6410005510672,2497.0
scanId=222736,3.712133333333,1149.6605263909155,1885.0
scanId=222736,3.712133333333,1149.6800524043394,1359.0
scanId=222736,3.712133333333,1150.5588944507251,1197.0
scanId=222736,3.712133333333,1150.578428091631,1756.0
scanId=222736,3.712133333333,1150.5979618908054,2250.0
scanId=222736,3.712133333333,1150.6174958633408,2243.0
scanId=222736,3.712133333333,1150.6370299941536,1765.0
scanId=222736,3.712133333333,1150.6565642983185,1221.0
scanId=222736,3.712133333333,1151.574863454984,1307.0
scanId=222736,3.712133333333,1151.5944057182603,1919.0
scanId=222736,3.712133333333,1151.6139481400385,2129.0
scanId=222736,3.712133333333,1151.6334907349446,1849.0
scanId=222736,3.712133333333,1151.6530334883614,1318.0
scanId=222736,3.712133333333,1152.6108317142362,1229.0
scanId=222736,3.712133333333,1152.630382758619,1296.0
scanId=222736,3.712133333333,1152.6499339758957,1086.0
scanId=222736,3.712133333333,1159.6207030795565,1119.0
scanId=222736,3.712133333333,1159.6403134872753,1314.0
scanId=222736,3.712133333333,1159.6599240662586,1243.0
scanId=222736,3.712133333333,1167.5568074089545,1029.0
scanId=222736,3.712133333333,1167.576484807747,1863.0
scanId=222736,3.712133333333,1167.5961623759188,3106.0
scanId=222736,3.712133333333,1167.6158401063503,4459.0
scanId=222736,3.712133333333,1167.6355180061512,5290.0
scanId=222736,3.712133333333,1167.655196068222,5227.0
scanId=222736,3.712133333333,1167.674874299653,4546.0
scanId=222736,3.712133333333,1167.694552693363,3610.0
scanId=222736,3.712133333333,1167.714231256423,2580.0
scanId=222736,3.712133333333,1167.733909981772,1761.0
scanId=222736,3.712133333333,1167.7535888764626,1226.0
scanId=222736,3.712133333333,1168.5802521123642,1549.0
scanId=222736,3.712133333333,1168.5999381337738,2748.0
scanId=222736,3.712133333333,1168.6196243243155,3578.0
scanId=222736,3.712133333333,1168.6393106773642,3912.0
scanId=222736,3.712133333333,1168.6589971995363,3834.0
scanId=222736,3.712133333333,1168.678683884224,3525.0
scanId=222736,3.712133333333,1168.6983707380257,2743.0
scanId=222736,3.712133333333,1168.7180577543522,1941.0
scanId=222736,3.712133333333,1168.7377449397836,1360.0
scanId=222736,3.712133333333,1169.6041451854626,1495.0
scanId=222736,3.712133333333,1169.6238398294893,1910.0
scanId=222736,3.712133333333,1169.6435346424023,2366.0
scanId=222736,3.712133333333,1169.6632296180687,2442.0
scanId=222736,3.712133333333,1169.6829247626113,1986.0
scanId=222736,3.712133333333,1169.7026200699163,1386.0
scanId=222736,3.712133333333,1170.6284866282697,1139.0
scanId=222736,3.712133333333,1170.6481898949153,1098.0
scanId=222736,3.712133333333,1170.6678933301994,1011.0
scanId=222736,3.712133333333,1181.6090876087198,1142.0
scanId=222736,3.712133333333,1181.6288830711048,1510.0
scanId=222736,3.712133333333,1181.6486786994303,1801.0
scanId=222736,3.712133333333,1181.6684744934553,1679.0
scanId=222736,3.712133333333,1181.68827045341,1412.0
scanId=222736,3.712133333333,1181.7080665790745,1143.0
scanId=222736,3.712133333333,1182.6188676106135,1405.0
scanId=222736,3.712133333333,1182.6386715296803,1627.0
scanId=222736,3.712133333333,1182.6584756146935,1643.0
scanId=222736,3.712133333333,1182.6782798653894,1507.0
scanId=222736,3.712133333333,1182.6980842820424,1368.0
scanId=222736,3.712133333333,1182.7178888643684,1153.0
scanId=222736,3.712133333333,1183.5894546490067,1127.0
scanId=222736,3.712133333333,1183.609266693369,1475.0
scanId=222736,3.712133333333,1183.6290789031768,1620.0
scanId=222736,3.712133333333,1183.6488912791797,1637.0
scanId=222736,3.712133333333,1183.6687038206169,1520.0
scanId=222736,3.712133333333,1183.6885165282583,1374.0
scanId=222736,3.712133333333,1183.7083294013255,1323.0
scanId=222736,3.712133333333,1183.7281424406071,1154.0
scanId=222736,3.712133333333,1185.5913084886952,1763.0
scanId=222736,3.712133333333,1185.6111372799849,4083.0
scanId=222736,3.712133333333,1185.630966237968,6887.0
scanId=222736,3.712133333333,1185.6507953608875,8950.0
scanId=222736,3.712133333333,1185.67062465051,9338.0
scanId=222736,3.712133333333,1185.690454105059,8122.0
scanId=222736,3.712133333333,1185.7102837263212,6175.0
scanId=222736,3.712133333333,1185.7301135125003,4400.0
scanId=222736,3.712133333333,1185.749943465402,3129.0
scanId=222736,3.712133333333,1185.7697735832105,2199.0
scanId=222736,3.712133333333,1185.7896038677518,1562.0
scanId=222736,3.712133333333,1185.8094343171902,1109.0
scanId=222736,3.712133333333,1186.582951201303,1069.0
scanId=222736,3.712133333333,1186.602788283334,2306.0
scanId=222736,3.712133333333,1186.622625532308,4469.0
scanId=222736,3.712133333333,1186.642462945969,6637.0
scanId=222736,3.712133333333,1186.6623005265833,7362.0
scanId=222736,3.712133333333,1186.682138271873,6830.0
scanId=222736,3.712133333333,1186.7019761841268,5490.0
scanId=222736,3.712133333333,1186.721814261047,3948.0
scanId=222736,3.712133333333,1186.74165250494,2789.0
scanId=222736,3.712133333333,1186.7614909134898,1941.0
scanId=222736,3.712133333333,1186.781329489023,1336.0
scanId=222736,3.712133333333,1187.6146993699713,1061.0
scanId=222736,3.712133333333,1187.6345450743734,1933.0
scanId=222736,3.712133333333,1187.6543909459797,2650.0
scanId=222736,3.712133333333,1187.6742369820108,2839.0
scanId=222736,3.712133333333,1187.6940831852564,2568.0
scanId=222736,3.712133333333,1187.7139295529178,2027.0
scanId=222736,3.712133333333,1187.733776087803,1515.0
scanId=222736,3.712133333333,1187.753622787094,1208.0
scanId=222736,3.712133333333,1188.646895908718,1361.0
scanId=222736,3.712133333333,1188.666750235491,1758.0
scanId=222736,3.712133333333,1188.6866047297292,1766.0
scanId=222736,3.712133333333,1188.7064593881316,1455.0
scanId=222736,3.712133333333,1188.7263142140102,1164.0
scanId=222736,3.712133333333,1189.5802285533885,1095.0
scanId=222736,3.712133333333,1189.6000906753409,1518.0
scanId=222736,3.712133333333,1189.6199529612252,1846.0
scanId=222736,3.712133333333,1189.639815414818,1875.0
scanId=222736,3.712133333333,1189.6596780323318,1579.0
scanId=222736,3.712133333333,1189.679540817564,1239.0
scanId=222736,3.712133333333,1190.6132787197105,1215.0
scanId=222736,3.712133333333,1190.6331494642975,1547.0
scanId=222736,3.712133333333,1190.6530203725526,1572.0
scanId=222736,3.712133333333,1190.6728914487792,1369.0
scanId=222736,3.712133333333,1190.6927626886638,1160.0
scanId=222736,3.712133333333,1193.675326715008,1001.0
scanId=222736,3.712133333333,1199.6715934683923,1145.0
scanId=222736,3.712133333333,1199.6915396565769,1078.0
scanId=222736,3.712133333333,1200.6491517983502,1041.0
scanId=222736,3.712133333333,1200.6691061162037,1194.0
scanId=222736,3.712133333333,1200.6890605951294,1033.0
scanId=222736,3.712133333333,1207.5632417694192,1608.0
scanId=222736,3.712133333333,1207.5832534610283,3709.0
scanId=222736,3.712133333333,1207.6032653118823,6371.0
scanId=222736,3.712133333333,1207.6232773351314,8832.0
scanId=222736,3.712133333333,1207.6432895176154,10587.0
scanId=222736,3.712133333333,1207.6633018725051,10571.0
scanId=222736,3.712133333333,1207.6833143866183,8932.0
scanId=222736,3.712133333333,1207.7033270731483,6508.0
scanId=222736,3.712133333333,1207.7233399188915,4563.0
scanId=222736,3.712133333333,1207.7433529370614,3254.0
scanId=222736,3.712133333333,1207.7633661144343,2321.0
scanId=222736,3.712133333333,1207.7833794642452,1685.0
scanId=222736,3.712133333333,1207.8033929732478,1209.0
scanId=222736,3.712133333333,1208.584049294606,2444.0
scanId=222736,3.712133333333,1208.6040694362016,4792.0
scanId=222736,3.712133333333,1208.6240897504586,7085.0
scanId=222736,3.712133333333,1208.6441102236836,8260.0
scanId=222736,3.712133333333,1208.6641308695816,8022.0
scanId=222736,3.712133333333,1208.684151674436,6650.0
scanId=222736,3.712133333333,1208.7041726519742,4864.0
scanId=222736,3.712133333333,1208.7241937884587,3331.0
scanId=222736,3.712133333333,1208.7442150976374,2355.0
scanId=222736,3.712133333333,1208.764236565751,1703.0
scanId=222736,3.712133333333,1208.7842582065698,1166.0
scanId=222736,3.712133333333,1209.585259671927,1419.0
scanId=222736,3.712133333333,1209.6052881042633,2560.0
scanId=222736,3.712133333333,1209.6253167095294,3721.0
scanId=222736,3.712133333333,1209.6453454734958,4273.0
scanId=222736,3.712133333333,1209.6653744104026,3882.0
scanId=222736,3.712133333333,1209.685403505998,3202.0
scanId=222736,3.712133333333,1209.7054327745454,2584.0
scanId=222736,3.712133333333,1209.725462201771,1910.0
scanId=222736,3.712133333333,1209.745491801959,1351.0
scanId=222736,3.712133333333,1210.646995267071,1039.0
scanId=222736,3.712133333333,1213.5741851813584,3259.0
scanId=222736,3.712133333333,1213.5942466190277,12054.0
scanId=222736,3.712133333333,1213.614308214329,28746.0
scanId=222736,3.712133333333,1213.634369983639,50387.0
scanId=222736,3.712133333333,1213.6544319105694,69755.0
scanId=222736,3.712133333333,1213.6744940115202,75938.0
scanId=222736,3.712133333333,1213.6945562700807,65475.0
scanId=222736,3.712133333333,1213.714618702672,48389.0
scanId=222736,3.712133333333,1213.7346812928618,33118.0
scanId=222736,3.712133333333,1213.7547440570936,22116.0
scanId=222736,3.712133333333,1213.7748069789134,14476.0
scanId=222736,3.712133333333,1213.794870074785,9259.0
scanId=222736,3.712133333333,1213.8149333282345,6044.0
scanId=222736,3.712133333333,1213.8349967557474,3734.0
scanId=222736,3.712133333333,1213.8550603408264,2318.0
scanId=222736,3.712133333333,1213.875124099979,1599.0
scanId=222736,3.712133333333,1213.8951880166878,1247.0
scanId=222736,3.712133333333,1213.9152521074818,1009.0
scanId=222736,3.712133333333,1214.0757707701923,1136.0
scanId=222736,3.712133333333,1214.0958363450488,1815.0
scanId=222736,3.712133333333,1214.1159020940452,2500.0
scanId=222736,3.712133333333,1214.1359680005316,3509.0
scanId=222736,3.712133333333,1214.156034081168,4601.0
scanId=222736,3.712133333333,1214.1761003192842,4674.0
scanId=222736,3.712133333333,1214.1961667315618,4023.0
scanId=222736,3.712133333333,1214.2162333013075,3156.0
scanId=222736,3.712133333333,1214.2363000452249,2311.0
scanId=222736,3.712133333333,1214.2563669466006,1769.0
scanId=222736,3.712133333333,1214.2764340221588,1358.0
scanId=222736,3.712133333333,1214.296501255164,1157.0
scanId=222736,3.712133333333,1214.3165686623624,1034.0
scanId=222736,3.712133333333,1214.5573904322594,1056.0
scanId=222736,3.712133333333,1214.577459986672,3047.0
scanId=222736,3.712133333333,1214.597529715354,10614.0
scanId=222736,3.712133333333,1214.6175996013965,25840.0
scanId=222736,3.712133333333,1214.6376696617194,44905.0
scanId=222736,3.712133333333,1214.6577398793916,61031.0
scanId=222736,3.712133333333,1214.6778102713547,65494.0
scanId=222736,3.712133333333,1214.6978808206563,56419.0
scanId=222736,3.712133333333,1214.7179515442606,41406.0
scanId=222736,3.712133333333,1214.7380224251913,28181.0
scanId=222736,3.712133333333,1214.758093480436,18879.0
scanId=222736,3.712133333333,1214.7781646929968,12586.0
scanId=222736,3.712133333333,1214.798236079882,8223.0
scanId=222736,3.712133333333,1214.818307624072,5379.0
scanId=222736,3.712133333333,1214.838379342598,3564.0
scanId=222736,3.712133333333,1214.8584512184182,2434.0
scanId=222736,3.712133333333,1214.878523268584,1732.0
scanId=222736,3.712133333333,1214.898595476034,1333.0
scanId=222736,3.712133333333,1214.9186678578408,1101.0
scanId=222736,3.712133333333,1215.0591791391996,1006.0
scanId=222736,3.712133333333,1215.0792528475686,1061.0
scanId=222736,3.712133333333,1215.0993267131662,1308.0
scanId=222736,3.712133333333,1215.1194007531758,1880.0
scanId=222736,3.712133333333,1215.1394749504034,2805.0
scanId=222736,3.712133333333,1215.1595493220536,3188.0
scanId=222736,3.712133333333,1215.1796238509105,2900.0
scanId=222736,3.712133333333,1215.1996985542012,2417.0
scanId=222736,3.712133333333,1215.2197734146882,1911.0
scanId=222736,3.712133333333,1215.2398484496189,1476.0
scanId=222736,3.712133333333,1215.2599236417354,1116.0
scanId=222736,3.712133333333,1215.581149335844,2057.0
scanId=222736,3.712133333333,1215.6012273555395,5876.0
scanId=222736,3.712133333333,1215.621305532323,12058.0
scanId=222736,3.712133333333,1215.6413838836595,18931.0
scanId=222736,3.712133333333,1215.661462392073,24521.0
scanId=222736,3.712133333333,1215.6815410750498,25331.0
scanId=222736,3.712133333333,1215.7016199150926,21549.0
scanId=222736,3.712133333333,1215.7216989297103,16193.0
scanId=222736,3.712133333333,1215.7417781013828,11414.0
scanId=222736,3.712133333333,1215.7618574476408,8004.0
scanId=222736,3.712133333333,1215.7819369509427,5542.0
scanId=222736,3.712133333333,1215.802016628842,3797.0
scanId=222736,3.712133333333,1215.8220964637733,2596.0
scanId=222736,3.712133333333,1215.8421764733127,1764.0
scanId=222736,3.712133333333,1215.8622566398742,1349.0
scanId=222736,3.712133333333,1215.882336981054,1223.0
scanId=222736,3.712133333333,1215.9024174792446,1193.0
scanId=222736,3.712133333333,1215.9224981520654,1031.0
scanId=222736,3.712133333333,1216.0429856447208,1190.0
scanId=222736,3.712133333333,1216.0630674694305,1288.0
scanId=222736,3.712133333333,1216.0831494688134,1177.0
scanId=222736,3.712133333333,1216.1032316251528,1058.0
scanId=222736,3.712133333333,1216.1433964441446,1013.0
scanId=222736,3.712133333333,1216.2036449207117,1196.0
scanId=222736,3.712133333333,1216.2237280719398,1208.0
scanId=222736,3.712133333333,1216.243811397885,1022.0
scanId=222736,3.712133333333,1216.5852532288936,1077.0
scanId=222736,3.712133333333,1216.6053395396043,2060.0
scanId=222736,3.712133333333,1216.6254260071285,3813.0
scanId=222736,3.712133333333,1216.6455126494795,6214.0
scanId=222736,3.712133333333,1216.665599448634,8198.0
scanId=222736,3.712133333333,1216.6856864226252,8615.0
scanId=222736,3.712133333333,1216.705773553409,7349.0
scanId=222736,3.712133333333,1216.7258608590414,5566.0
scanId=222736,3.712133333333,1216.7459483214548,3950.0
scanId=222736,3.712133333333,1216.7660359587271,2775.0
scanId=222736,3.712133333333,1216.786123752771,2096.0
scanId=222736,3.712133333333,1216.806211721684,1485.0
scanId=222736,3.712133333333,1217.6098662675663,1079.0
scanId=222736,3.712133333333,1217.6299610258316,1467.0
scanId=222736,3.712133333333,1217.6500559591982,1856.0
scanId=222736,3.712133333333,1217.6701510490934,2220.0
scanId=222736,3.712133333333,1217.6902463141002,2295.0
scanId=222736,3.712133333333,1217.710341735625,1892.0
scanId=222736,3.712133333333,1217.7304373322725,1418.0
scanId=222736,3.712133333333,1217.7505330854272,1104.0
scanId=222736,3.712133333333,1217.770629013715,1003.0
scanId=222736,3.712133333333,1217.7907250984993,1026.0
scanId=222736,3.712133333333,1218.6550138128348,1062.0
scanId=222736,3.712133333333,1218.6751171934711,1165.0
scanId=222736,3.712133333333,1218.6952207494944,1063.0
scanId=222736,3.712133333333,1223.58529952318,1192.0
scanId=222736,3.712133333333,1223.605443539372,1617.0
scanId=222736,3.712133333333,1223.6255877104552,1772.0
scanId=222736,3.712133333333,1223.6457320582876,1668.0
scanId=222736,3.712133333333,1223.6658765610002,1660.0
scanId=222736,3.712133333333,1223.6860212404742,1643.0
scanId=222736,3.712133333333,1223.706166074816,1661.0
scanId=222736,3.712133333333,1223.7263110859303,1726.0
scanId=222736,3.712133333333,1223.7464562519024,1633.0
scanId=222736,3.712133333333,1223.766601594658,1415.0
scanId=222736,3.712133333333,1223.7867470922588,1076.0
scanId=222736,3.712133333333,1224.592703186191,1574.0
scanId=222736,3.712133333333,1224.612855493404,2785.0
scanId=222736,3.712133333333,1224.633007955228,4023.0
scanId=222736,3.712133333333,1224.653160594081,4896.0
scanId=222736,3.712133333333,1224.673313387535,4977.0
scanId=222736,3.712133333333,1224.6934663580296,4612.0
scanId=222736,3.712133333333,1224.713619483113,4233.0
scanId=222736,3.712133333333,1224.7337727852478,3631.0
scanId=222736,3.712133333333,1224.7539262419607,2943.0
scanId=222736,3.712133333333,1224.774079875737,2403.0
scanId=222736,3.712133333333,1224.794233664079,1814.0
scanId=222736,3.712133333333,1224.8143876294962,1236.0
scanId=222736,3.712133333333,1225.0965604773855,1415.0
scanId=222736,3.712133333333,1225.1167169187654,2475.0
scanId=222736,3.712133333333,1225.1368735373094,4018.0
scanId=222736,3.712133333333,1225.1570303103183,5251.0
scanId=222736,3.712133333333,1225.177187260503,5306.0
scanId=222736,3.712133333333,1225.197344365142,4254.0
scanId=222736,3.712133333333,1225.2175016469675,3168.0
scanId=222736,3.712133333333,1225.237659083236,2246.0
scanId=222736,3.712133333333,1225.2578166967023,1596.0
scanId=222736,3.712133333333,1225.277974464601,1215.0
scanId=222736,3.712133333333,1225.600521393255,1649.0
scanId=222736,3.712133333333,1225.6206819914892,2854.0
scanId=222736,3.712133333333,1225.6408427440545,4186.0
scanId=222736,3.712133333333,1225.6610036739287,4959.0
scanId=222736,3.712133333333,1225.6811647581235,4777.0
scanId=222736,3.712133333333,1225.7013260196395,4020.0
scanId=222736,3.712133333333,1225.721487435464,3156.0
scanId=222736,3.712133333333,1225.7416490286205,2441.0
scanId=222736,3.712133333333,1225.7618107760748,1743.0
scanId=222736,3.712133333333,1225.781972700872,1178.0
scanId=222736,3.712133333333,1226.1045859566232,1145.0
scanId=222736,3.712133333333,1226.124750688744,2015.0
scanId=222736,3.712133333333,1226.1449155983098,2771.0
scanId=222736,3.712133333333,1226.1650806620603,3059.0
scanId=222736,3.712133333333,1226.185245903266,3035.0
scanId=222736,3.712133333333,1226.2054112986466,2535.0
scanId=222736,3.712133333333,1226.225576871494,1831.0
scanId=222736,3.712133333333,1226.2457425985035,1313.0
scanId=222736,3.712133333333,1226.6490920769531,1170.0
scanId=222736,3.712133333333,1226.6692612978504,1319.0
scanId=222736,3.712133333333,1226.689430672786,1190.0
scanId=222736,3.712133333333,1235.5395613499288,1019.0
scanId=222736,3.712133333333,1235.5598035318546,4172.0
scanId=222736,3.712133333333,1235.5800458653127,13759.0
scanId=222736,3.712133333333,1235.60028837888,31979.0
scanId=222736,3.712133333333,1235.620531043967,52258.0
scanId=222736,3.712133333333,1235.640773889176,66066.0
scanId=222736,3.712133333333,1235.661016885893,66548.0
scanId=222736,3.712133333333,1235.6812600627431,55804.0
scanId=222736,3.712133333333,1235.7015033910895,41101.0
scanId=222736,3.712133333333,1235.7217468995805,28051.0
scanId=222736,3.712133333333,1235.741990559557,18535.0
scanId=222736,3.712133333333,1235.7622343996889,12136.0
scanId=222736,3.712133333333,1235.782478391295,7925.0
scanId=222736,3.712133333333,1235.8027225630683,5196.0
scanId=222736,3.712133333333,1235.822966886304,3448.0
scanId=222736,3.712133333333,1235.8432113897184,2353.0
scanId=222736,3.712133333333,1235.863456044584,1613.0
scanId=222736,3.712133333333,1235.8837008796395,1105.0
scanId=222736,3.712133333333,1236.0861582783073,1058.0
scanId=222736,3.712133333333,1236.1064049229506,1602.0
scanId=222736,3.712133333333,1236.1266517478532,2528.0
scanId=222736,3.712133333333,1236.1468987241262,3486.0
scanId=222736,3.712133333333,1236.1671458806702,3558.0
scanId=222736,3.712133333333,1236.187393188573,2795.0
scanId=222736,3.712133333333,1236.2076406767578,2070.0
scanId=222736,3.712133333333,1236.2278883162903,1601.0
scanId=222736,3.712133333333,1236.2481361361167,1221.0
scanId=222736,3.712133333333,1236.55187321578,2060.0
scanId=222736,3.712133333333,1236.5721236887357,6952.0
scanId=222736,3.712133333333,1236.592374312935,18987.0
scanId=222736,3.712133333333,1236.6126251175324,36360.0
scanId=222736,3.712133333333,1236.6328760733606,53006.0
scanId=222736,3.712133333333,1236.6531272095992,61365.0
scanId=222736,3.712133333333,1236.6733784970577,57136.0
scanId=222736,3.712133333333,1236.6936299649376,44838.0
scanId=222736,3.712133333333,1236.713881584025,31617.0
scanId=222736,3.712133333333,1236.734133383546,21347.0
scanId=222736,3.712133333333,1236.7543853342638,14291.0
scanId=222736,3.712133333333,1236.774637465426,9545.0
scanId=222736,3.712133333333,1236.794889747773,6371.0
scanId=222736,3.712133333333,1236.8151422105764,4499.0
scanId=222736,3.712133333333,1236.8353948245533,3189.0
scanId=222736,3.712133333333,1236.8556476189976,2251.0
scanId=222736,3.712133333333,1236.8759005646043,1702.0
scanId=222736,3.712133333333,1236.8961536906902,1419.0
scanId=222736,3.712133333333,1236.9164069679264,1165.0
scanId=222736,3.712133333333,1236.9366604256531,1013.0
scanId=222736,3.712133333333,1236.9771678238876,1004.0
scanId=222736,3.712133333333,1237.0784392139226,1109.0
scanId=222736,3.712133333333,1237.098693998215,1282.0
scanId=222736,3.712133333333,1237.1189489335993,1631.0
scanId=222736,3.712133333333,1237.1392040495325,1960.0
scanId=222736,3.712133333333,1237.1594593165462,2030.0
scanId=222736,3.712133333333,1237.1797147641207,1917.0
scanId=222736,3.712133333333,1237.1999703627646,1660.0
scanId=222736,3.712133333333,1237.2202261419798,1384.0
scanId=222736,3.712133333333,1237.2404820722531,1215.0
scanId=222736,3.712133333333,1237.2607381831103,1086.0
scanId=222736,3.712133333333,1237.2809944450134,1033.0
scanId=222736,3.712133333333,1237.301250887511,1099.0
scanId=222736,3.712133333333,1237.321507481044,1044.0
scanId=222736,3.712133333333,1237.5645996259166,1955.0
scanId=222736,3.712133333333,1237.584858389903,5434.0
scanId=222736,3.712133333333,1237.6051173048434,11567.0
scanId=222736,3.712133333333,1237.6253764004714,19072.0
scanId=222736,3.712133333333,1237.6456356470412,24206.0
scanId=222736,3.712133333333,1237.66589507431,24331.0
scanId=222736,3.712133333333,1237.6861546525097,20539.0
scanId=222736,3.712133333333,1237.7064144114202,15367.0
scanId=222736,3.712133333333,1237.726674321249,10833.0
scanId=222736,3.712133333333,1237.746934411801,7432.0
scanId=222736,3.712133333333,1237.7671946532598,5093.0
scanId=222736,3.712133333333,1237.787455075453,3524.0
scanId=222736,3.712133333333,1237.8077156485408,2549.0
scanId=222736,3.712133333333,1237.827976402375,1829.0
scanId=222736,3.712133333333,1237.8482373070933,1552.0
scanId=222736,3.712133333333,1237.868498392569,1531.0
scanId=222736,3.712133333333,1237.8887596289162,1429.0
scanId=222736,3.712133333333,1237.909021046033,1288.0
scanId=222736,3.712133333333,1237.9292826140106,1152.0
scanId=222736,3.712133333333,1237.9495443627682,1017.0
scanId=222736,3.712133333333,1238.577740580358,1187.0
scanId=222736,3.712133333333,1238.5980076353765,2338.0
scanId=222736,3.712133333333,1238.6182748410572,4405.0
scanId=222736,3.712133333333,1238.638542227717,6291.0
scanId=222736,3.712133333333,1238.658809765028,7210.0
scanId=222736,3.712133333333,1238.6790774833282,6833.0
scanId=222736,3.712133333333,1238.699345352269,5705.0
scanId=222736,3.712133333333,1238.7196134022113,4329.0
scanId=222736,3.712133333333,1238.7398816027817,3001.0
scanId=222736,3.712133333333,1238.7601499843645,2052.0
scanId=222736,3.712133333333,1238.7804185165646,1472.0
scanId=222736,3.712133333333,1238.8006872297892,1086.0
scanId=222736,3.712133333333,1239.591296079124,1015.0
scanId=222736,3.712133333333,1239.6115714251748,1593.0
scanId=222736,3.712133333333,1239.631846921597,2040.0
scanId=222736,3.712133333333,1239.6521225992888,2267.0
scanId=222736,3.712133333333,1239.672398427341,2391.0
scanId=222736,3.712133333333,1239.6926744366742,2325.0
scanId=222736,3.712133333333,1239.7129505963555,2247.0
scanId=222736,3.712133333333,1239.7332269373298,2078.0
scanId=222736,3.712133333333,1239.7535034286414,1595.0
scanId=222736,3.712133333333,1239.7737801012568,1156.0
scanId=222736,3.712133333333,1245.6610095944086,1391.0
scanId=222736,3.712133333333,1245.6813345036478,1799.0
scanId=222736,3.712133333333,1245.7016595959085,1996.0
scanId=222736,3.712133333333,1245.721984836778,2029.0
scanId=222736,3.712133333333,1245.7423102606804,1790.0
scanId=222736,3.712133333333,1245.762635833179,1366.0
scanId=222736,3.712133333333,1246.6571255616038,1270.0
scanId=222736,3.712133333333,1246.6774586132613,1775.0
scanId=222736,3.712133333333,1246.697791813242,1931.0
scanId=222736,3.712133333333,1246.71812519654,1802.0
scanId=222736,3.712133333333,1246.7384587281506,1606.0
scanId=222736,3.712133333333,1246.758792443091,1330.0
scanId=222736,3.712133333333,1246.7791263063305,1012.0
scanId=222736,3.712133333333,1247.633298663755,1281.0
scanId=222736,3.712133333333,1247.6536396748093,1564.0
scanId=222736,3.712133333333,1247.6739808339012,1685.0
scanId=222736,3.712133333333,1247.6943221765969,1650.0
scanId=222736,3.712133333333,1247.714663667319,1360.0
scanId=222736,3.712133333333,1247.7350053416556,1058.0
scanId=222736,3.712133333333,1248.670901200868,1274.0
scanId=222736,3.712133333333,1248.691250650701,1217.0
scanId=222736,3.712133333333,1249.7089350120227,1016.0
scanId=222736,3.712133333333,1251.5825573588504,1681.0
scanId=222736,3.712133333333,1251.6029305391417,2605.0
scanId=222736,3.712133333333,1251.6233038663092,2717.0
scanId=222736,3.712133333333,1251.6436773782425,2302.0
scanId=222736,3.712133333333,1251.6640510370398,1793.0
scanId=222736,3.712133333333,1251.6844248806135,1345.0
scanId=222736,3.712133333333,1251.704798871041,1026.0
scanId=222736,3.712133333333,1252.5810377404453,1291.0
scanId=222736,3.712133333333,1252.601419026725,1975.0
scanId=222736,3.712133333333,1252.6218004980583,2045.0
scanId=222736,3.712133333333,1252.6421821159668,1757.0
scanId=222736,3.712133333333,1252.6625639189422,1389.0
scanId=222736,3.712133333333,1252.682945868481,1174.0
scanId=222736,3.712133333333,1253.600305662177,1221.0
scanId=222736,3.712133333333,1253.6206952391976,1347.0
scanId=222736,3.712133333333,1253.6410850015748,1334.0
scanId=222736,3.712133333333,1253.661474910225,1326.0
scanId=222736,3.712133333333,1253.681865004243,1161.0
scanId=222736,3.712133333333,1254.619988128528,1334.0
scanId=222736,3.712133333333,1254.6403859962898,1532.0
scanId=222736,3.712133333333,1254.6607840497106,1415.0
scanId=222736,3.712133333333,1254.6811822491022,1146.0
scanId=222736,3.712133333333,1264.6143350301102,1057.0
scanId=222736,3.712133333333,1264.6348140041628,1162.0
scanId=222736,3.712133333333,1264.6552931211877,1079.0
scanId=222736,3.712133333333,1265.105875898974,1066.0
scanId=222736,3.712133333333,1265.1263588527315,1187.0
scanId=222736,3.712133333333,1265.1468419493117,1100.0
scanId=222736,3.712133333333,1265.5975122789691,1142.0
scanId=222736,3.712133333333,1265.6179992124323,1229.0
scanId=222736,3.712133333333,1265.6384862885686,1204.0
scanId=222736,3.712133333333,1265.6589735536734,1146.0
scanId=222736,3.712133333333,1265.6794609614394,1093.0
scanId=222736,3.712133333333,1265.699948558187,1026.0
scanId=222736,3.712133333333,1266.1097350832672,1018.0
scanId=222736,3.712133333333,1267.6470252668787,1371.0
scanId=222736,3.712133333333,1267.6675287824496,1595.0
scanId=222736,3.712133333333,1267.6880324400684,1412.0
scanId=222736,3.712133333333,1267.7085362872815,1077.0
scanId=222736,3.712133333333,1268.651891961435,1131.0
scanId=222736,3.712133333333,1268.672403578165,1217.0
scanId=222736,3.712133333333,1268.692915384791,1070.0
scanId=222736,3.712133333333,1269.6571567608544,1009.0
scanId=222736,3.712133333333,1269.6776765268942,1200.0
scanId=222736,3.712133333333,1269.6981964343654,1212.0
scanId=222736,3.712133333333,1269.7187165320463,1030.0
scanId=222736,3.712133333333,1270.1086296494257,1062.0
scanId=222736,3.712133333333,1270.12915306353,1382.0
scanId=222736,3.712133333333,1270.1496766189268,1340.0
scanId=222736,3.712133333333,1270.1702003646735,1065.0
scanId=222736,3.712133333333,1270.6628197136083,1015.0
scanId=222736,3.712133333333,1270.6833475801911,1073.0
scanId=222736,3.712133333333,1277.6106866246137,1006.0
scanId=222736,3.712133333333,1277.6312705366058,1137.0
scanId=222736,3.712133333333,1277.651854641266,1054.0
scanId=222736,3.712133333333,1278.1253344919571,1144.0
scanId=222736,3.712133333333,1278.145922576327,1140.0
scanId=222736,3.712133333333,1278.5989020873944,1021.0
scanId=222736,3.712133333333,1278.6194939584989,1613.0
scanId=222736,3.712133333333,1278.6400860225797,1964.0
scanId=222736,3.712133333333,1278.660678225313,1841.0
scanId=222736,3.712133333333,1278.681270621036,1477.0
scanId=222736,3.712133333333,1278.7018631553997,1187.0
scanId=222736,3.712133333333,1279.1137489362338,1040.0
scanId=222736,3.712133333333,1279.1343449800247,1155.0
scanId=222736,3.712133333333,1279.1549411623146,1211.0
scanId=222736,3.712133333333,1279.1755375377477,1061.0
scanId=222736,3.712133333333,1279.628699448666,1005.0
scanId=222736,3.712133333333,1279.6492996105114,1221.0
scanId=222736,3.712133333333,1279.6698999656558,1106.0
scanId=222736,3.712133333333,1293.5508255016978,2009.0
scanId=222736,3.712133333333,1293.5715374227336,3015.0
scanId=222736,3.712133333333,1293.5922495414948,4002.0
scanId=222736,3.712133333333,1293.6129617941604,4562.0
scanId=222736,3.712133333333,1293.633674244565,4229.0
scanId=222736,3.712133333333,1293.6543868288595,3285.0
scanId=222736,3.712133333333,1293.6750996109076,2385.0
scanId=222736,3.712133333333,1293.6958125268325,1771.0
scanId=222736,3.712133333333,1293.716525640523,1327.0
scanId=222736,3.712133333333,1293.7372388880772,1014.0
scanId=222736,3.712133333333,1294.5659054002351,1616.0
scanId=222736,3.712133333333,1294.5866254784294,2416.0
scanId=222736,3.712133333333,1294.6073456902063,3024.0
scanId=222736,3.712133333333,1294.628066100043,2906.0
scanId=222736,3.712133333333,1294.64878664345,2358.0
scanId=222736,3.712133333333,1294.6695073849298,1746.0
scanId=222736,3.712133333333,1294.6902282599665,1273.0
scanId=222736,3.712133333333,1295.5606554227993,1378.0
scanId=222736,3.712133333333,1295.5813834604264,2219.0
scanId=222736,3.712133333333,1295.6021116313143,2604.0
scanId=222736,3.712133333333,1295.6228400005848,2445.0
scanId=222736,3.712133333333,1295.643568503103,2086.0
scanId=222736,3.712133333333,1295.6642972040163,1701.0
scanId=222736,3.712133333333,1295.685026038164,1310.0
scanId=222736,3.712133333333,1296.576523487504,1479.0
scanId=222736,3.712133333333,1296.597259617504,2186.0
scanId=222736,3.712133333333,1296.617995946208,2339.0
scanId=222736,3.712133333333,1296.638732407837,1997.0
scanId=222736,3.712133333333,1296.6594690681848,1535.0
scanId=222736,3.712133333333,1296.6802058614442,1193.0
scanId=222736,3.712133333333,1297.61353393693,1044.0
scanId=222736,3.712133333333,1297.6342783576713,1081.0
scanId=222736,3.712133333333,1303.5739927845989,1117.0
scanId=222736,3.712133333333,1303.594784829361,2077.0
scanId=222736,3.712133333333,1303.6155770047712,2827.0
scanId=222736,3.712133333333,1303.6363693811772,3098.0
scanId=222736,3.712133333333,1303.6571618882165,2911.0
scanId=222736,3.712133333333,1303.677954596266,2469.0
scanId=222736,3.712133333333,1303.6987474349355,1912.0
scanId=222736,3.712133333333,1303.719540474628,1441.0
scanId=222736,3.712133333333,1303.7403336449267,1103.0
scanId=222736,3.712133333333,1304.592997136284,1584.0
scanId=222736,3.712133333333,1304.6137972708057,2564.0
scanId=222736,3.712133333333,1304.6345976066511,3188.0
scanId=222736,3.712133333333,1304.6553980728024,3206.0
scanId=222736,3.712133333333,1304.676198740292,2875.0
scanId=222736,3.712133333333,1304.696999538073,2292.0
scanId=222736,3.712133333333,1304.717800537205,1732.0
scanId=222736,3.712133333333,1304.7386016666155,1330.0
scanId=222736,3.712133333333,1304.7594029973916,1000.0
scanId=222736,3.712133333333,1305.6123995820833,1248.0
scanId=222736,3.712133333333,1305.63320787737,1532.0
scanId=222736,3.712133333333,1305.654016302633,1587.0
scanId=222736,3.712133333333,1305.674824929563,1409.0
scanId=222736,3.712133333333,1305.695633686455,1197.0
scanId=222736,3.712133333333,1305.7164426450286,1039.0
scanId=222736,3.712133333333,1320.5744977084485,1792.0
scanId=222736,3.712133333333,1320.5954248571245,2376.0
scanId=222736,3.712133333333,1320.6163522124675,2949.0
scanId=222736,3.712133333333,1320.6372796927733,3221.0
scanId=222736,3.712133333333,1320.6582073797613,2911.0
scanId=222736,3.712133333333,1320.6791351916963,2224.0
scanId=222736,3.712133333333,1320.7000632103277,1571.0
scanId=222736,3.712133333333,1320.7209913538925,1098.0
scanId=222736,3.712133333333,1321.5582538852534,1003.0
scanId=222736,3.712133333333,1321.5791888684062,1950.0
scanId=222736,3.712133333333,1321.6001239761931,2653.0
scanId=222736,3.712133333333,1321.6210592909897,3113.0
scanId=222736,3.712133333333,1321.6419947304069,3140.0
scanId=222736,3.712133333333,1321.6629303768475,2599.0
scanId=222736,3.712133333333,1321.6838661478937,1990.0
scanId=222736,3.712133333333,1321.7048021259782,1612.0
scanId=222736,3.712133333333,1321.7257382286543,1380.0
scanId=222736,3.712133333333,1321.7466745383822,1010.0
scanId=222736,3.712133333333,1322.6261484150627,1074.0
scanId=222736,3.712133333333,1322.6470918135908,1009.0
scanId=222736,3.712133333333,1334.653901643396,1018.0
scanId=222736,3.712133333333,1334.6749400995025,1139.0
scanId=222736,3.712133333333,1334.6959786757393,1003.0
scanId=222736,3.712133333333,1352.5540431265697,1091.0
scanId=222736,3.712133333333,1352.5752221999708,1148.0
scanId=222736,3.712133333333,1352.5964013871771,1174.0
scanId=222736,3.712133333333,1352.6175807922236,1044.0
scanId=222736,3.712133333333,1354.5667930355917,1034.0
scanId=222736,3.712133333333,1354.5879878093915,1024.0
scanId=222736,3.712133333333,1362.5902425759928,1006.0
scanId=222736,3.712133333333,1362.6115000277955,1154.0
scanId=222736,3.712133333333,1362.632757701061,1177.0
scanId=222736,3.712133333333,1362.6540154844931,1039.0
scanId=222736,3.712133333333,1363.5895233403694,1168.0
scanId=222736,3.712133333333,1363.6107886414738,1035.0
scanId=222736,3.712133333333,1371.5969562461269,1380.0
scanId=222736,3.712133333333,1371.6182838965474,1720.0
scanId=222736,3.712133333333,1371.639611653835,1522.0
scanId=222736,3.712133333333,1371.6609396359013,1213.0
scanId=222736,3.712133333333,1371.682267724818,1169.0
scanId=222736,3.712133333333,1371.70359603853,1110.0
scanId=222736,3.712133333333,1372.5995337102818,1046.0
scanId=222736,3.712133333333,1372.620869095051,1158.0
scanId=222736,3.712133333333,1372.6422047049623,1157.0
scanId=222736,3.712133333333,1379.5850525057326,1109.0
scanId=222736,3.712133333333,1379.60644217387,1065.0
scanId=222736,3.712133333333,1425.347018385506,1178.0
scanId=222736,3.712133333333,1425.3687599304135,1415.0
scanId=222736,3.712133333333,1425.390501561499,1480.0
scanId=222736,3.712133333333,1425.4122434380542,1367.0
scanId=222736,3.712133333333,1425.4339854007692,1135.0
scanId=222736,3.712133333333,1426.347299242351,1455.0
scanId=222736,3.712133333333,1426.3690484151412,1736.0
scanId=222736,3.712133333333,1426.3907976737075,1601.0
scanId=222736,3.712133333333,1426.412547178145,1377.0
scanId=222736,3.712133333333,1426.4342967683417,1248.0
scanId=222736,3.712133333333,1427.369687773236,1280.0
scanId=222736,3.712133333333,1427.3914446592844,1440.0
scanId=222736,3.712133333333,1427.4132017916038,1345.0
scanId=222736,3.712133333333,1427.4349590092825,1085.0
scanId=222736,3.712133333333,1428.370678004714,1369.0
scanId=222736,3.712133333333,1428.3924425182447,1593.0
scanId=222736,3.712133333333,1428.4142072784464,1375.0
scanId=222736,3.712133333333,1428.435972123607,1076.0
scanId=222736,3.712133333333,1429.3067035189763,1393.0
scanId=222736,3.712133333333,1429.3284752437685,2020.0
scanId=222736,3.712133333333,1429.3502470531507,2341.0
scanId=222736,3.712133333333,1429.3720191095897,2161.0
scanId=222736,3.712133333333,1429.3937912506024,1795.0
scanId=222736,3.712133333333,1429.4155636386884,1363.0
scanId=222736,3.712133333333,1430.2865935087805,1222.0
scanId=222736,3.712133333333,1430.308372614015,1873.0
scanId=222736,3.712133333333,1430.3301519666911,2406.0
scanId=222736,3.712133333333,1430.351931403556,2560.0
scanId=222736,3.712133333333,1430.3737110878787,2469.0
scanId=222736,3.712133333333,1430.3954908563733,2231.0
scanId=222736,3.712133333333,1430.4172708723436,1712.0
scanId=222736,3.712133333333,1430.4390509724676,1175.0
scanId=222736,3.712133333333,1431.2886058497645,1377.0
scanId=222736,3.712133333333,1431.3103925824807,1987.0
scanId=222736,3.712133333333,1431.3321795630418,2402.0
scanId=222736,3.712133333333,1431.3539666273884,2423.0
scanId=222736,3.712133333333,1431.3757539395965,2119.0
scanId=222736,3.712133333333,1431.3975413355722,1812.0
scanId=222736,3.712133333333,1431.4193289794275,1436.0
scanId=222736,3.712133333333,1431.4411167070334,1012.0
scanId=222736,3.712133333333,1432.29096906419,1305.0
scanId=222736,3.712133333333,1432.3127634243888,2121.0
scanId=222736,3.712133333333,1432.3345580328346,2551.0
scanId=222736,3.712133333333,1432.356352724663,2366.0
scanId=222736,3.712133333333,1432.378147664757,1946.0
scanId=222736,3.712133333333,1432.399942688215,1364.0
scanId=222736,3.712133333333,1433.2718812473872,1092.0
scanId=222736,3.712133333333,1433.2936831520726,1386.0
scanId=222736,3.712133333333,1433.3154851397535,1699.0
scanId=222736,3.712133333333,1433.337287376086,2020.0
scanId=222736,3.712133333333,1433.3590896953958,2163.0
scanId=222736,3.712133333333,1433.3808922633757,1852.0
scanId=222736,3.712133333333,1433.4026949143156,1316.0
scanId=222736,3.712133333333,1445.3098337165443,1090.0
scanId=222736,3.712133333333,1445.3317269023776,1121.0
scanId=222736,3.712133333333,1445.3536203417475,1103.0
scanId=222736,3.712133333333,1446.3170939053489,1100.0
scanId=222736,3.712133333333,1446.3389947186636,1093.0
scanId=222736,3.712133333333,1447.302796604306,1093.0
scanId=222736,3.712133333333,1447.324704967818,1337.0
scanId=222736,3.712133333333,1447.3466134086143,1351.0
scanId=222736,3.712133333333,1447.368522103774,1241.0
scanId=222736,3.712133333333,1447.3904308762003,1002.0
scanId=222736,3.712133333333,1448.310750912558,1296.0
scanId=222736,3.712133333333,1448.332666903966,1284.0
scanId=222736,3.712133333333,1448.3545829722448,1023.0
scanId=222736,3.712133333333,1476.764445400457,1043.0
scanId=222736,3.712133333333,1476.7865756364995,1322.0
scanId=222736,3.712133333333,1476.8087059375289,1262.0
scanId=222736,3.712133333333,1477.7383304332857,1014.0
scanId=222736,3.712133333333,1477.7604679655935,1297.0
scanId=222736,3.712133333333,1477.7826055624755,1268.0
scanId=222736,3.712133333333,1477.8047434264329,1020.0
scanId=222736,3.712133333333,1480.4181696181722,1236.0
scanId=222736,3.712133333333,1480.4403271128328,1381.0
scanId=222736,3.712133333333,1480.462484875699,1464.0
scanId=222736,3.712133333333,1480.4846427019886,1372.0
scanId=222736,3.712133333333,1480.5068007965028,1067.0
scanId=222736,3.712133333333,1481.4375883506505,1285.0
scanId=222736,3.712133333333,1481.459753472793,1486.0
scanId=222736,3.712133333333,1481.481918863575,1371.0
scanId=222736,3.712133333333,1481.5040843173465,1091.0
scanId=222736,3.712133333333,1482.4130128522445,1332.0
scanId=222736,3.712133333333,1482.4351852702391,1818.0
scanId=222736,3.712133333333,1482.4573579572889,2146.0
scanId=222736,3.712133333333,1482.479530706913,1851.0
scanId=222736,3.712133333333,1482.5017037256118,1372.0
scanId=222736,3.712133333333,1483.4109380943394,1015.0
scanId=222736,3.712133333333,1483.4331180776578,1172.0
scanId=222736,3.712133333333,1483.4552981231343,1121.0
scanId=222736,3.712133333333,1484.409199224693,1037.0
scanId=222736,3.712133333333,1484.431386566022,1320.0
scanId=222736,3.712133333333,1484.4535741772584,1245.0
scanId=222736,3.712133333333,1484.4757618502167,1121.0
scanId=222736,3.712133333333,1543.9235697048691,1281.0
scanId=222736,3.712133333333,1543.9461974503663,1399.0
scanId=222736,3.712133333333,1543.9688254919145,1251.0
scanId=222736,3.712133333333,1548.8150271358109,1052.0
scanId=222736,3.712133333333,1548.83769069731,1105.0
scanId=222736,3.712133333333,1548.860354557064,1048.0
scanId=222736,3.712133333333,1573.43404733086,1129.0
scanId=222736,3.712133333333,1573.4568903039974,1070.0
scanId=222736,3.712133333333,1574.4164479273911,1104.0
scanId=222736,3.712133333333,1574.4392981746448,1282.0
scanId=222736,3.712133333333,1574.462148443635,1105.0
scanId=222736,3.712133333333,1575.422012502501,1046.0
scanId=222736,3.712133333333,1578.349116613767,1083.0
scanId=222736,3.712133333333,1578.3719953829757,1255.0
scanId=222736,3.712133333333,1578.394874172115,1154.0
scanId=222736,3.712133333333,1579.35593611518,1040.0
scanId=222736,3.712133333333,1579.378822180703,1230.0
scanId=222736,3.712133333333,1579.4017082656949,1290.0
scanId=222736,3.712133333333,1579.4245946628691,1074.0
scanId=222736,3.712133333333,1580.3630766442725,1350.0
scanId=222736,3.712133333333,1580.3859700061116,1568.0
scanId=222736,3.712133333333,1580.4088633869555,1446.0
scanId=222736,3.712133333333,1580.431757080445,1168.0
scanId=222736,3.712133333333,1758.4157991921136,1041.0
scanId=222736,3.712133333333,1758.4399478551338,1220.0
scanId=222736,3.712133333333,1758.4640964541854,1202.0
scanId=222736,3.712133333333,1758.4882454488572,1071.0
scanId=222736,3.712133333333,1759.3818704569985,1188.0
scanId=222736,3.712133333333,1759.4060257530507,1390.0
scanId=222736,3.712133333333,1759.430180984696,1355.0
scanId=222736,3.712133333333,1759.4543366124003,1312.0
scanId=222736,3.712133333333,1759.478492175675,1269.0
scanId=222736,3.712133333333,1759.5026481350303,1104.0
scanId=222736,3.712133333333,1760.4448552843187,1134.0
scanId=222736,3.712133333333,1760.4690178767073,1278.0
scanId=222736,3.712133333333,1760.4931804042046,1160.0
scanId=222736,3.712133333333,1762.450905280357,1115.0
scanId=222736,3.712133333333,1762.4750814046697,1064.0
scanId=222736,3.712133333333,1965.47872791865,1067.0
scanId=222736,3.712133333333,1965.5042588944896,1207.0
scanId=222736,3.712133333333,1965.529789725904,1146.0
scanId=222736,3.712133333333,1966.4490156762952,1143.0
scanId=222736,3.712133333333,1966.4745529533732,1405.0
scanId=222736,3.712133333333,1966.5000900857517,1418.0
scanId=222736,3.712133333333,1966.5256276944745,1193.0
scanId=222736,3.712133333333,1967.445086454101,1350.0
scanId=222736,3.712133333333,1967.4706298874423,1644.0
scanId=222736,3.712133333333,1967.4961737974031,1774.0
scanId=222736,3.712133333333,1967.5217175623736,1629.0
scanId=222736,3.712133333333,1967.5472618039796,1273.0
scanId=222736,3.712133333333,1968.415859396648,1290.0
scanId=222736,3.712133333333,1968.4414091309525,1911.0
scanId=222736,3.712133333333,1968.4669593421509,2127.0
scanId=222736,3.712133333333,1968.492509408084,2039.0
scanId=222736,3.712133333333,1968.5180599509267,1853.0
scanId=222736,3.712133333333,1968.5436103484903,1448.0
scanId=222736,3.712133333333,1968.569161222977,1051.0
scanId=222736,3.712133333333,1969.4124278162576,1182.0
scanId=222736,3.712133333333,1969.437984328692,1356.0
scanId=222736,3.712133333333,1969.4635406955888,1466.0
scanId=222736,3.712133333333,1969.489097539668,1537.0
scanId=222736,3.712133333333,1969.5146542381935,1522.0
scanId=222736,3.712133333333,1969.5402114139165,1306.0
scanId=222736,3.712133333333,1970.4348114248644,1101.0
scanId=222736,3.712133333333,1970.4603745701768,1264.0
scanId=222736,3.712133333333,1970.4859375696676,1398.0
scanId=222736,3.712133333333,1970.511501046624,1319.0
scanId=222736,3.712133333333,1970.5370643777435,1010.0
scanId=222736,3.712133333333,1972.4803745702927,1019.0
scanId=222736,3.712133333333,1982.493333233161,1016.0
scanId=222736,3.712133333333,1982.518974165618,1108.0
scanId=222736,3.712133333333,1983.4421638369531,1062.0
scanId=222736,3.712133333333,1983.467811219698,1235.0
scanId=222736,3.712133333333,1983.493458453118,1147.0
scanId=222736,3.712133333333,1983.5191061675048,1009.0
scanId=222736,3.712133333333,1984.4681821820284,1066.0
scanId=222736,3.712133333333,1984.4938361976317,1037.0
scanId=222736,3.712133333333,2117.538386258213,1021.0
scanId=222736,3.712133333333,2448.302219433411,1148.0
scanId=222736,3.712133333333,2448.3307140136344,1102.0
scanId=222736,3.712133333333,2449.214125987691,1053.0
scanId=222736,3.712133333333,2449.2426258727487,1440.0
scanId=222736,3.712133333333,2449.2711257843785,1732.0
scanId=222736,3.712133333333,2449.299626000988,1784.0
scanId=222736,3.712133333333,2449.328126244248,1634.0
scanId=222736,3.712133333333,2449.3566267924098,1334.0
scanId=222736,3.712133333333,2449.3851273672985,1091.0
scanId=222736,3.712133333333,2450.268729647833,1244.0
scanId=222736,3.712133333333,2450.2972355287966,1389.0
scanId=222736,3.712133333333,2450.325741713338,1384.0
scanId=222736,3.712133333333,2450.354247925932,1354.0
scanId=222736,3.712133333333,2450.382754442026,1117.0
