ScanNumber,RetentionTime,m/z,Intensity
scanId=135055,2.250783333333,112.09668498414936,1084.0
scanId=135055,2.250783333333,112.10278216296489,1171.0
scanId=135055,2.250783333333,112.10887950759532,1076.0
scanId=135055,2.250783333333,115.11034648816704,1922.0
scanId=135055,2.250783333333,115.11652508210744,5976.0
scanId=135055,2.250783333333,115.12270384186276,7633.0
scanId=135055,2.250783333333,115.12888276743298,6151.0
scanId=135055,2.250783333333,115.13506185881812,4240.0
scanId=135055,2.250783333333,115.1412411160182,2953.0
scanId=135055,2.250783333333,115.14742053903316,2027.0
scanId=135055,2.250783333333,115.1536001278631,1358.0
scanId=135055,2.250783333333,118.11390949017392,3068.0
scanId=135055,2.250783333333,118.12016852331502,4470.0
scanId=135055,2.250783333333,118.12642737167585,3936.0
scanId=135055,2.250783333333,118.1326867363697,2781.0
scanId=135055,2.250783333333,118.13894591636036,1960.0
scanId=135055,2.250783333333,118.145205612607,1366.0
scanId=135055,2.250783333333,121.09285687347696,1261.0
scanId=135055,2.250783333333,121.09919398647916,1619.0
scanId=135055,2.250783333333,121.10553159782424,1481.0
scanId=135055,2.250783333333,121.11186904245632,1069.0
scanId=135055,2.250783333333,122.08983989557744,1308.0
scanId=135055,2.250783333333,122.09620336818892,1492.0
scanId=135055,2.250783333333,122.10256667994824,1274.0
scanId=135055,2.250783333333,125.09886850364929,1263.0
scanId=135055,2.250783333333,125.10530989186763,1473.0
scanId=135055,2.250783333333,125.11175113663856,1279.0
scanId=135055,2.250783333333,126.08630527914472,1025.0
scanId=135055,2.250783333333,126.09277172778316,1801.0
scanId=135055,2.250783333333,126.09923864587836,2579.0
scanId=135055,2.250783333333,126.10570542614666,2589.0
scanId=135055,2.250783333333,126.11217267579892,2007.0
scanId=135055,2.250783333333,126.11863978769703,1499.0
scanId=135055,2.250783333333,126.12510736890644,1190.0
scanId=135055,2.250783333333,127.11008453061122,1415.0
scanId=135055,2.250783333333,127.11657717800676,3365.0
scanId=135055,2.250783333333,127.12307028913428,4110.0
scanId=135055,2.250783333333,127.1295632681597,3288.0
scanId=135055,2.250783333333,127.13605671084488,2281.0
scanId=135055,2.250783333333,127.14255002150009,1547.0
scanId=135055,2.250783333333,127.1490437957429,1081.0
scanId=135055,2.250783333333,129.0915305695146,1617.0
scanId=135055,2.250783333333,129.09807362464534,3105.0
scanId=135055,2.250783333333,129.10461713261213,3091.0
scanId=135055,2.250783333333,129.11116051937267,2301.0
scanId=135055,2.250783333333,129.11770435889815,1564.0
scanId=135055,2.250783333333,129.1242480772885,1040.0
scanId=135055,2.250783333333,130.1536909117446,1138.0
scanId=135055,2.250783333333,130.16026082889206,1251.0
scanId=135055,2.250783333333,136.0666326728641,1236.0
scanId=135055,2.250783333333,136.0733501652888,1854.0
scanId=135055,2.250783333333,136.08006807403623,1739.0
scanId=135055,2.250783333333,136.0867858980908,1406.0
scanId=135055,2.250783333333,136.0935041384004,1023.0
scanId=135055,2.250783333333,136.94131318869609,1035.0
scanId=135055,2.250783333333,136.94805223706012,1297.0
scanId=135055,2.250783333333,136.95479169736174,1403.0
scanId=135055,2.250783333333,136.96153107735563,1216.0
scanId=135055,2.250783333333,137.94051411311486,1043.0
scanId=135055,2.250783333333,138.10288890291994,1033.0
scanId=135055,2.250783333333,138.10965647144994,1239.0
scanId=135055,2.250783333333,138.11642444615794,2708.0
scanId=135055,2.250783333333,138.12319234631775,5115.0
scanId=135055,2.250783333333,138.12996065258886,5507.0
scanId=135055,2.250783333333,138.13672888437856,4258.0
scanId=135055,2.250783333333,138.14349752221278,2944.0
scanId=135055,2.250783333333,138.1502660856323,2036.0
scanId=135055,2.250783333333,138.15703505502975,1443.0
scanId=135055,2.250783333333,138.16380395007909,1001.0
scanId=135055,2.250783333333,139.11989500673894,1349.0
scanId=135055,2.250783333333,139.12668744750673,1279.0
scanId=135055,2.250783333333,139.13348028946885,1001.0
scanId=135055,2.250783333333,140.09973048618974,1446.0
scanId=135055,2.250783333333,140.1065468043057,1733.0
scanId=135055,2.250783333333,140.11336351886612,1404.0
scanId=135055,2.250783333333,141.13773107277353,1116.0
scanId=135055,2.250783333333,143.1149740282483,1218.0
scanId=135055,2.250783333333,143.12186330492827,1313.0
scanId=135055,2.250783333333,143.1287529637462,1064.0
scanId=135055,2.250783333333,146.99199823532942,1773.0
scanId=135055,2.250783333333,146.998980401173,1824.0
scanId=135055,2.250783333333,147.0059625342072,1291.0
scanId=135055,2.250783333333,157.12410028550983,1603.0
scanId=135055,2.250783333333,157.13131887061746,2004.0
scanId=135055,2.250783333333,157.13853777709002,1698.0
scanId=135055,2.250783333333,157.14575669382748,1162.0
scanId=135055,2.250783333333,164.1229602745173,1116.0
scanId=135055,2.250783333333,164.13033800452973,1103.0
scanId=135055,2.250783333333,164.9133108382317,2911.0
scanId=135055,2.250783333333,164.92070618204218,4498.0
scanId=135055,2.250783333333,164.92810181709092,4297.0
scanId=135055,2.250783333333,164.93549749253123,3099.0
scanId=135055,2.250783333333,164.94289345915482,2075.0
scanId=135055,2.250783333333,164.95028946622497,1471.0
scanId=135055,2.250783333333,164.9576857644235,1054.0
scanId=135055,2.250783333333,167.1170344787677,1010.0
scanId=135055,2.250783333333,169.12562173638943,1605.0
scanId=135055,2.250783333333,169.13311093144364,1860.0
scanId=135055,2.250783333333,169.14060040242668,1394.0
scanId=135055,2.250783333333,171.1462064534291,1395.0
scanId=135055,2.250783333333,171.15374035572475,1190.0
scanId=135055,2.250783333333,175.07856231718594,1244.0
scanId=135055,2.250783333333,175.0861821743957,1362.0
scanId=135055,2.250783333333,175.093802286997,1039.0
scanId=135055,2.250783333333,178.1474403228888,1073.0
scanId=135055,2.250783333333,178.15512675137305,1632.0
scanId=135055,2.250783333333,178.16281326617997,1508.0
scanId=135055,2.250783333333,178.1705000262442,1069.0
scanId=135055,2.250783333333,179.10952392338336,1010.0
scanId=135055,2.250783333333,179.11723099924015,1056.0
scanId=135055,2.250783333333,180.09738216437097,1434.0
scanId=135055,2.250783333333,180.10511046453735,1313.0
scanId=135055,2.250783333333,183.1473899376548,1226.0
scanId=135055,2.250783333333,183.1551834667668,1150.0
scanId=135055,2.250783333333,186.11300206716848,1141.0
scanId=135055,2.250783333333,186.12085837645168,2370.0
scanId=135055,2.250783333333,186.12871490620475,2699.0
scanId=135055,2.250783333333,186.1365715471178,2137.0
scanId=135055,2.250783333333,186.14442840845368,1468.0
scanId=135055,2.250783333333,186.15228538099652,1001.0
scanId=135055,2.250783333333,186.9073293454024,1052.0
scanId=135055,2.250783333333,186.9152024543046,1182.0
scanId=135055,2.250783333333,189.0945112876584,1023.0
scanId=135055,2.250783333333,191.06350406223788,1923.0
scanId=135055,2.250783333333,191.0714641716599,4707.0
scanId=135055,2.250783333333,191.0794244871118,5570.0
scanId=135055,2.250783333333,191.08738492816363,4390.0
scanId=135055,2.250783333333,191.09534557520007,3100.0
scanId=135055,2.250783333333,191.10330634788176,2188.0
scanId=135055,2.250783333333,191.1112673265028,1532.0
scanId=135055,2.250783333333,191.1192284308143,1044.0
scanId=135055,2.250783333333,192.07576708932103,1112.0
scanId=135055,2.250783333333,192.0837482946106,1093.0
scanId=135055,2.250783333333,193.0827023062396,1070.0
scanId=135055,2.250783333333,193.09070440138817,1389.0
scanId=135055,2.250783333333,193.09870662779943,1413.0
scanId=135055,2.250783333333,193.1067090545333,1306.0
scanId=135055,2.250783333333,193.1147116125744,1197.0
scanId=135055,2.250783333333,193.12271437089345,1143.0
scanId=135055,2.250783333333,193.1307172605644,1069.0
scanId=135055,2.250783333333,193.1547269932591,1032.0
scanId=135055,2.250783333333,193.1627305461897,2000.0
scanId=135055,2.250783333333,193.1707342992645,2383.0
scanId=135055,2.250783333333,193.17873818382495,2046.0
scanId=135055,2.250783333333,193.18674226848503,1465.0
scanId=135055,2.250783333333,194.1002928087912,1780.0
scanId=135055,2.250783333333,194.10831592788216,4171.0
scanId=135055,2.250783333333,194.1163392444968,4945.0
scanId=135055,2.250783333333,194.1243626952176,3976.0
scanId=135055,2.250783333333,194.1323863434177,2842.0
scanId=135055,2.250783333333,194.14041012576837,1964.0
scanId=135055,2.250783333333,194.1484341055541,1493.0
scanId=135055,2.250783333333,194.15645821953456,1272.0
scanId=135055,2.250783333333,194.16448253090596,1062.0
scanId=135055,2.250783333333,197.1529376452805,1141.0
scanId=135055,2.250783333333,197.1610236316646,1873.0
scanId=135055,2.250783333333,197.16910976042448,1767.0
scanId=135055,2.250783333333,197.1771960783952,1269.0
scanId=135055,2.250783333333,203.1080241981516,1076.0
scanId=135055,2.250783333333,203.11623137180175,1110.0
scanId=135055,2.250783333333,203.1408539035245,2088.0
scanId=135055,2.250783333333,203.14906174043432,3388.0
scanId=135055,2.250783333333,203.1572697510384,3327.0
scanId=135055,2.250783333333,203.1654779195781,2476.0
scanId=135055,2.250783333333,203.1736862617707,1920.0
scanId=135055,2.250783333333,203.1818947619403,1466.0
scanId=135055,2.250783333333,203.19010343572145,1036.0
scanId=135055,2.250783333333,206.106390908709,1122.0
scanId=135055,2.250783333333,206.11465843898944,1558.0
scanId=135055,2.250783333333,206.1229261356105,1399.0
scanId=135055,2.250783333333,206.1311939975208,1032.0
scanId=135055,2.250783333333,207.0996784211123,1903.0
scanId=135055,2.250783333333,207.10796584918296,3049.0
scanId=135055,2.250783333333,207.1162534411801,2963.0
scanId=135055,2.250783333333,207.1245412008806,2313.0
scanId=135055,2.250783333333,207.13282912446752,2053.0
scanId=135055,2.250783333333,207.1411172157978,2090.0
scanId=135055,2.250783333333,207.14940547097447,1905.0
scanId=135055,2.250783333333,207.15769389393463,1433.0
scanId=135055,2.250783333333,208.1202759947821,1021.0
scanId=135055,2.250783333333,208.12858381376392,1249.0
scanId=135055,2.250783333333,208.1368918028844,1240.0
scanId=135055,2.250783333333,208.14519995345628,1046.0
scanId=135055,2.250783333333,209.11007082505023,1253.0
scanId=135055,2.250783333333,209.11839838033112,1392.0
scanId=135055,2.250783333333,209.12672609472617,1295.0
scanId=135055,2.250783333333,209.1350539816369,1045.0
scanId=135055,2.250783333333,209.15171024616288,1207.0
scanId=135055,2.250783333333,209.16003862373876,1332.0
scanId=135055,2.250783333333,209.16836717390908,1090.0
scanId=135055,2.250783333333,210.0938665058814,1170.0
scanId=135055,2.250783333333,210.10221362732267,1720.0
scanId=135055,2.250783333333,210.11056090555863,2044.0
scanId=135055,2.250783333333,210.1189083586297,1877.0
scanId=135055,2.250783333333,210.1272559684564,1374.0
scanId=135055,2.250783333333,217.095986026453,1537.0
scanId=135055,2.250783333333,217.10447110590624,1839.0
scanId=135055,2.250783333333,217.1129563262987,1872.0
scanId=135055,2.250783333333,217.12144173738173,2517.0
scanId=135055,2.250783333333,217.1299272893669,3088.0
scanId=135055,2.250783333333,217.13841303207977,2661.0
scanId=135055,2.250783333333,217.1468989156578,1925.0
scanId=135055,2.250783333333,217.15538499000047,1384.0
scanId=135055,2.250783333333,219.13715741868987,1073.0
scanId=135055,2.250783333333,219.14568229372344,1856.0
scanId=135055,2.250783333333,219.1542073052829,4570.0
scanId=135055,2.250783333333,219.1627325119463,13051.0
scanId=135055,2.250783333333,219.1712578550992,19895.0
scanId=135055,2.250783333333,219.17978339339248,18157.0
scanId=135055,2.250783333333,219.18830906813864,13050.0
scanId=135055,2.250783333333,219.19683493806173,8860.0
scanId=135055,2.250783333333,219.2053609444013,5968.0
scanId=135055,2.250783333333,219.21388714595423,4050.0
scanId=135055,2.250783333333,219.2224134838872,2636.0
scanId=135055,2.250783333333,219.2309400170699,1718.0
scanId=135055,2.250783333333,219.23946668659624,1089.0
scanId=135055,2.250783333333,220.1100594588557,1068.0
scanId=135055,2.250783333333,220.11860323679,2716.0
scanId=135055,2.250783333333,220.12714714917863,4037.0
scanId=135055,2.250783333333,220.13569125874272,3803.0
scanId=135055,2.250783333333,220.14423550272508,2826.0
scanId=135055,2.250783333333,220.152779943919,2151.0
scanId=135055,2.250783333333,220.161324519495,2795.0
scanId=135055,2.250783333333,220.1698692923188,4728.0
scanId=135055,2.250783333333,220.1784141994884,5158.0
scanId=135055,2.250783333333,220.186959303942,3974.0
scanId=135055,2.250783333333,220.1955045427053,2866.0
scanId=135055,2.250783333333,220.2040499787887,2181.0
scanId=135055,2.250783333333,220.2125955491457,1613.0
scanId=135055,2.250783333333,220.22114131685896,1210.0
scanId=135055,2.250783333333,221.1193679634341,1221.0
scanId=135055,2.250783333333,221.12793130752868,1759.0
scanId=135055,2.250783333333,221.1364947839504,1445.0
scanId=135055,2.250783333333,222.13956806017,1013.0
scanId=135055,2.250783333333,222.1481511006417,1533.0
scanId=135055,2.250783333333,222.1567343425265,1603.0
scanId=135055,2.250783333333,222.1653177145925,1337.0
scanId=135055,2.250783333333,223.13630874635749,1189.0
scanId=135055,2.250783333333,223.14491101930176,1172.0
scanId=135055,2.250783333333,223.15351349571705,1121.0
scanId=135055,2.250783333333,223.1621161002559,1098.0
scanId=135055,2.250783333333,223.17071890830104,1083.0
scanId=135055,2.250783333333,224.1266591398713,1057.0
scanId=135055,2.250783333333,224.15252373556623,1641.0
scanId=135055,2.250783333333,224.16114557259417,5775.0
scanId=135055,2.250783333333,224.16976761516983,11689.0
scanId=135055,2.250783333333,224.17838978379257,12434.0
scanId=135055,2.250783333333,224.18701215799803,9274.0
scanId=135055,2.250783333333,224.19563465821557,6357.0
scanId=135055,2.250783333333,224.20425736405087,4452.0
scanId=135055,2.250783333333,224.2128801958632,3156.0
scanId=135055,2.250783333333,224.22150323332835,2203.0
scanId=135055,2.250783333333,224.23012639673544,1432.0
scanId=135055,2.250783333333,225.1451241175444,1000.0
scanId=135055,2.250783333333,225.1537650630207,1532.0
scanId=135055,2.250783333333,225.16240613255405,1794.0
scanId=135055,2.250783333333,225.17104740966028,2022.0
scanId=135055,2.250783333333,225.1796888107887,2216.0
scanId=135055,2.250783333333,225.1883304195247,1983.0
scanId=135055,2.250783333333,225.1969721522482,1608.0
scanId=135055,2.250783333333,225.20561409261407,1225.0
scanId=135055,2.250783333333,226.18321892636607,1053.0
scanId=135055,2.250783333333,226.19187976963264,1201.0
scanId=135055,2.250783333333,226.2005407348784,1044.0
scanId=135055,2.250783333333,230.23712597013105,1115.0
scanId=135055,2.250783333333,230.24586408314943,1508.0
scanId=135055,2.250783333333,230.25460231024192,1223.0
scanId=135055,2.250783333333,233.1121104345036,1097.0
scanId=135055,2.250783333333,233.12090293481523,2194.0
scanId=135055,2.250783333333,233.12969554379143,2685.0
scanId=135055,2.250783333333,233.1384883757329,2318.0
scanId=135055,2.250783333333,233.14728131630636,1893.0
scanId=135055,2.250783333333,233.15607447987767,1649.0
scanId=135055,2.250783333333,233.1648677520484,1482.0
scanId=135055,2.250783333333,233.17366124724947,1194.0
scanId=135055,2.250783333333,234.10670899603485,1022.0
scanId=135055,2.250783333333,234.1155201744638,1449.0
scanId=135055,2.250783333333,234.1243315776761,1564.0
scanId=135055,2.250783333333,234.13314308770265,1646.0
scanId=135055,2.250783333333,234.14195482254476,1583.0
scanId=135055,2.250783333333,234.15076666416869,1282.0
scanId=135055,2.250783333333,234.15957873064065,1081.0
scanId=135055,2.250783333333,235.12991504616608,1079.0
scanId=135055,2.250783333333,235.138745457258,1442.0
scanId=135055,2.250783333333,235.1475760950008,1389.0
scanId=135055,2.250783333333,235.15640683769047,1068.0
scanId=135055,2.250783333333,236.1022576252028,1078.0
scanId=135055,2.250783333333,236.1111062741793,2211.0
scanId=135055,2.250783333333,236.1199551515631,2788.0
scanId=135055,2.250783333333,236.12880413213765,2463.0
scanId=135055,2.250783333333,236.1376533411513,1854.0
scanId=135055,2.250783333333,236.14650265332384,1548.0
scanId=135055,2.250783333333,236.15535219396736,1427.0
scanId=135055,2.250783333333,236.16420183773795,1306.0
scanId=135055,2.250783333333,236.1730517100113,1112.0
scanId=135055,2.250783333333,238.0973889910312,1702.0
scanId=135055,2.250783333333,238.1062750109567,2009.0
scanId=135055,2.250783333333,238.1151611305402,1666.0
scanId=135055,2.250783333333,238.12404748209556,1283.0
scanId=135055,2.250783333333,238.13293393327757,1088.0
scanId=135055,2.250783333333,242.11283374467249,1258.0
scanId=135055,2.250783333333,242.1217943813112,1289.0
scanId=135055,2.250783333333,242.1307551106858,1069.0
scanId=135055,2.250783333333,242.2741499150517,1442.0
scanId=135055,2.250783333333,242.2831135363589,1709.0
scanId=135055,2.250783333333,242.29207725012995,1389.0
scanId=135055,2.250783333333,245.11489489543007,1081.0
scanId=135055,2.250783333333,245.1239109142515,1727.0
scanId=135055,2.250783333333,245.1329270208205,1902.0
scanId=135055,2.250783333333,245.14194337127176,1640.0
scanId=135055,2.250783333333,245.15095980944116,1309.0
scanId=135055,2.250783333333,245.1599764915222,1049.0
scanId=135055,2.250783333333,247.1295626647729,2749.0
scanId=135055,2.250783333333,247.13861557900807,4865.0
scanId=135055,2.250783333333,247.1476687403712,5038.0
scanId=135055,2.250783333333,247.1567219862071,3868.0
scanId=135055,2.250783333333,247.1657754792,2745.0
scanId=135055,2.250783333333,247.1748290566368,2095.0
scanId=135055,2.250783333333,247.1838828812596,1747.0
scanId=135055,2.250783333333,247.1929367902972,1394.0
scanId=135055,2.250783333333,247.2019909465498,1063.0
scanId=135055,2.250783333333,248.10823983029468,1040.0
scanId=135055,2.250783333333,248.11731065098192,1486.0
scanId=135055,2.250783333333,248.12638172035616,1659.0
scanId=135055,2.250783333333,248.1354528726445,1841.0
scanId=135055,2.250783333333,248.14452427364864,1915.0
scanId=135055,2.250783333333,248.15359575753808,1834.0
scanId=135055,2.250783333333,248.162667490172,1552.0
scanId=135055,2.250783333333,248.17173930566253,1194.0
scanId=135055,2.250783333333,249.11611774047384,1500.0
scanId=135055,2.250783333333,249.12520704948912,1358.0
scanId=135055,2.250783333333,249.1342964398442,1017.0
scanId=135055,2.250783333333,249.1433860804893,1051.0
scanId=135055,2.250783333333,249.15247580244576,1389.0
scanId=135055,2.250783333333,249.1615657747208,1601.0
scanId=135055,2.250783333333,249.1706558282785,1686.0
scanId=135055,2.250783333333,249.1797461321833,1752.0
scanId=135055,2.250783333333,249.18883651734245,1611.0
scanId=135055,2.250783333333,249.19792715287707,1189.0
scanId=135055,2.250783333333,250.15336212167307,1130.0
scanId=135055,2.250783333333,250.162470333589,1522.0
scanId=135055,2.250783333333,250.1715786252276,1836.0
scanId=135055,2.250783333333,250.1806871687734,1751.0
scanId=135055,2.250783333333,250.18979579201357,1569.0
scanId=135055,2.250783333333,250.1989046671892,1377.0
scanId=135055,2.250783333333,250.2080136220309,1112.0
scanId=135055,2.250783333333,251.201888456588,1588.0
scanId=135055,2.250783333333,251.2110156495244,2183.0
scanId=135055,2.250783333333,251.22014309597083,2054.0
scanId=135055,2.250783333333,251.2292706205092,1655.0
scanId=135055,2.250783333333,251.23839839858547,1159.0
scanId=135055,2.250783333333,252.11543288463017,1276.0
scanId=135055,2.250783333333,252.12457665766428,1155.0
scanId=135055,2.250783333333,257.11415883872536,1321.0
scanId=135055,2.250783333333,257.1233928076834,1663.0
scanId=135055,2.250783333333,257.1326270389372,1498.0
scanId=135055,2.250783333333,257.1418613394984,1141.0
scanId=135055,2.250783333333,258.2789507464734,1024.0
scanId=135055,2.250783333333,259.13109645271123,1221.0
scanId=135055,2.250783333333,259.14036656644976,1749.0
scanId=135055,2.250783333333,259.14963694535584,1737.0
scanId=135055,2.250783333333,259.158907390698,1429.0
scanId=135055,2.250783333333,259.1681781012339,1167.0
scanId=135055,2.250783333333,260.1332321428532,1158.0
scanId=135055,2.250783333333,260.1425201631991,1201.0
scanId=135055,2.250783333333,260.1518084501163,1181.0
scanId=135055,2.250783333333,260.1610968020663,1089.0
scanId=135055,2.250783333333,261.109384832407,1336.0
scanId=135055,2.250783333333,261.11869036407563,3413.0
scanId=135055,2.250783333333,261.1279959594376,4739.0
scanId=135055,2.250783333333,261.13730182273605,4279.0
scanId=135055,2.250783333333,261.14660774970207,3307.0
scanId=135055,2.250783333333,261.1559139446304,2551.0
scanId=135055,2.250783333333,261.1652202032006,1970.0
scanId=135055,2.250783333333,261.1745267297588,1426.0
scanId=135055,2.250783333333,261.1838333199332,1061.0
scanId=135055,2.250783333333,262.1246582197317,1209.0
scanId=135055,2.250783333333,262.13398172172595,1437.0
scanId=135055,2.250783333333,262.1433054930356,1546.0
scanId=135055,2.250783333333,262.15262932663416,1417.0
scanId=135055,2.250783333333,262.16195342957366,1159.0
scanId=135055,2.250783333333,262.17127759477665,1000.0
scanId=135055,2.250783333333,263.12321871877447,1258.0
scanId=135055,2.250783333333,263.1325600664655,1944.0
scanId=135055,2.250783333333,263.1419014751044,2029.0
scanId=135055,2.250783333333,263.15124315442523,1605.0
scanId=135055,2.250783333333,263.1605848946688,1281.0
scanId=135055,2.250783333333,263.16992690561943,1128.0
scanId=135055,2.250783333333,264.12367766555457,1130.0
scanId=135055,2.250783333333,264.1330366492457,1191.0
scanId=135055,2.250783333333,264.14239590494793,1285.0
scanId=135055,2.250783333333,264.151755220244,1783.0
scanId=135055,2.250783333333,264.16111480757604,2450.0
scanId=135055,2.250783333333,264.17047445447696,2490.0
scanId=135055,2.250783333333,264.1798343734389,2061.0
scanId=135055,2.250783333333,264.1891943519448,1573.0
scanId=135055,2.250783333333,264.19855460253643,1292.0
scanId=135055,2.250783333333,264.20791491264714,1038.0
scanId=135055,2.250783333333,265.13541168177426,1255.0
scanId=135055,2.250783333333,265.1447885721348,1700.0
scanId=135055,2.250783333333,265.1541657358481,1885.0
scanId=135055,2.250783333333,265.16354295781383,1839.0
scanId=135055,2.250783333333,265.172920453157,1711.0
scanId=135055,2.250783333333,265.1822980067277,1941.0
scanId=135055,2.250783333333,265.1916758337007,1955.0
scanId=135055,2.250783333333,265.2010537188765,1597.0
scanId=135055,2.250783333333,265.2104318774794,1539.0
scanId=135055,2.250783333333,265.21981009426025,1558.0
scanId=135055,2.250783333333,265.229188584493,1272.0
scanId=135055,2.250783333333,266.1302904855346,1039.0
scanId=135055,2.250783333333,266.13968495097134,1272.0
scanId=135055,2.250783333333,266.14907969106605,1121.0
scanId=135055,2.250783333333,266.15847448810825,1001.0
scanId=135055,2.250783333333,268.21051013175844,1163.0
scanId=135055,2.250783333333,268.2199413511352,2551.0
scanId=135055,2.250783333333,268.2293726247889,4702.0
scanId=135055,2.250783333333,268.2388041757954,5503.0
scanId=135055,2.250783333333,268.2482357810549,4440.0
scanId=135055,2.250783333333,268.2576676636914,3033.0
scanId=135055,2.250783333333,268.2670996005568,1987.0
scanId=135055,2.250783333333,268.276531814823,1321.0
scanId=135055,2.250783333333,269.1922392198792,1497.0
scanId=135055,2.250783333333,269.20168768400737,1641.0
scanId=135055,2.250783333333,269.21113620116785,1564.0
scanId=135055,2.250783333333,269.2205849969259,1456.0
scanId=135055,2.250783333333,269.23003384569245,1626.0
scanId=135055,2.250783333333,269.23948297308027,1645.0
scanId=135055,2.250783333333,269.2489321534528,1388.0
scanId=135055,2.250783333333,269.2583816124706,1040.0
scanId=135055,2.250783333333,271.1326299302621,1042.0
scanId=135055,2.250783333333,271.14211227125713,1178.0
scanId=135055,2.250783333333,271.15159489325845,1084.0
scanId=135055,2.250783333333,272.2621994502229,1005.0
scanId=135055,2.250783333333,273.1466069185207,1746.0
scanId=135055,2.250783333333,273.1561244098208,4055.0
scanId=135055,2.250783333333,273.1656421845848,4930.0
scanId=135055,2.250783333333,273.17516000749174,3921.0
scanId=135055,2.250783333333,273.1846781138856,2726.0
scanId=135055,2.250783333333,273.19419626839937,1919.0
scanId=135055,2.250783333333,273.20371470642306,1451.0
scanId=135055,2.250783333333,273.2132331925437,1136.0
scanId=135055,2.250783333333,274.16592502666634,1140.0
scanId=135055,2.250783333333,274.17546037781165,1002.0
scanId=135055,2.250783333333,274.270822414442,1044.0
scanId=135055,2.250783333333,275.1298268857415,1648.0
scanId=135055,2.250783333333,275.13937886417824,1945.0
scanId=135055,2.250783333333,275.1489311284452,1847.0
scanId=135055,2.250783333333,275.1584834384892,1517.0
scanId=135055,2.250783333333,275.16803603438603,1244.0
scanId=135055,2.250783333333,275.1775886760374,1075.0
scanId=135055,2.250783333333,275.18714160356416,1012.0
scanId=135055,2.250783333333,275.1966945768228,1040.0
scanId=135055,2.250783333333,276.13369618088853,1779.0
scanId=135055,2.250783333333,276.143265689907,2371.0
scanId=135055,2.250783333333,276.1528352435362,2618.0
scanId=135055,2.250783333333,276.1624050841845,2490.0
scanId=135055,2.250783333333,276.1719749694212,2100.0
scanId=135055,2.250783333333,276.18154514169936,1834.0
scanId=135055,2.250783333333,276.1911153585435,1586.0
scanId=135055,2.250783333333,276.2006858624517,1192.0
scanId=135055,2.250783333333,277.1298068913858,1191.0
scanId=135055,2.250783333333,277.1393936451558,2572.0
scanId=135055,2.250783333333,277.1489804423812,3578.0
scanId=135055,2.250783333333,277.15856752778103,3252.0
scanId=135055,2.250783333333,277.16815465661404,2483.0
scanId=135055,2.250783333333,277.17774207364374,1905.0
scanId=135055,2.250783333333,277.1873295340845,1767.0
scanId=135055,2.250783333333,277.196917282744,1901.0
scanId=135055,2.250783333333,277.2065050747925,1908.0
scanId=135055,2.250783333333,277.216093155082,1698.0
scanId=135055,2.250783333333,277.2256812787382,1492.0
scanId=135055,2.250783333333,277.2352696906574,1237.0
scanId=135055,2.250783333333,278.1469190355961,1136.0
scanId=135055,2.250783333333,278.1565233657475,1432.0
scanId=135055,2.250783333333,278.1661277381879,1675.0
scanId=135055,2.250783333333,278.1757323999691,1535.0
scanId=135055,2.250783333333,278.18533710401744,1258.0
scanId=135055,2.250783333333,278.19494209742845,1089.0
scanId=135055,2.250783333333,279.1947603070749,1738.0
scanId=135055,2.250783333333,279.20438258635,3389.0
scanId=135055,2.250783333333,279.2140051561423,4659.0
scanId=135055,2.250783333333,279.2236277670255,4441.0
scanId=135055,2.250783333333,279.2332506684477,3401.0
scanId=135055,2.250783333333,279.242873610939,2327.0
scanId=135055,2.250783333333,279.25249684399114,1583.0
scanId=135055,2.250783333333,279.2621201180907,1122.0
scanId=135055,2.250783333333,280.1385378793352,1143.0
scanId=135055,2.250783333333,280.1481764074148,1559.0
scanId=135055,2.250783333333,280.15781522706914,1463.0
scanId=135055,2.250783333333,280.1674540867572,1379.0
scanId=135055,2.250783333333,280.1770932380414,1415.0
scanId=135055,2.250783333333,280.18673242933767,1281.0
scanId=135055,2.250783333333,280.19637191225166,1144.0
scanId=135055,2.250783333333,280.2060114351563,1203.0
scanId=135055,2.250783333333,280.21565124970016,1207.0
scanId=135055,2.250783333333,280.2252911042132,1181.0
scanId=135055,2.250783333333,280.2349312503869,1040.0
scanId=135055,2.250783333333,281.1418394154337,1499.0
scanId=135055,2.250783333333,281.1514951871532,2270.0
scanId=135055,2.250783333333,281.16115125155903,2591.0
scanId=135055,2.250783333333,281.1708073548871,2411.0
scanId=135055,2.250783333333,281.18046375092274,2104.0
scanId=135055,2.250783333333,281.1901201858595,1624.0
scanId=135055,2.250783333333,281.199776913525,1163.0
scanId=135055,2.250783333333,282.13726137063315,1410.0
scanId=135055,2.250783333333,282.14693434816064,1577.0
scanId=135055,2.250783333333,282.1566073635309,1518.0
scanId=135055,2.250783333333,282.16628067268823,1325.0
scanId=135055,2.250783333333,282.1759540196672,1125.0
scanId=135055,2.250783333333,282.1856276604543,1130.0
scanId=135055,2.250783333333,282.1953013390421,1440.0
scanId=135055,2.250783333333,282.20497531145907,1693.0
scanId=135055,2.250783333333,282.21464932165577,1631.0
scanId=135055,2.250783333333,282.2243236257026,1228.0
scanId=135055,2.250783333333,283.1247526377277,1222.0
scanId=135055,2.250783333333,283.1344425283769,1665.0
scanId=135055,2.250783333333,283.1441324557997,1672.0
scanId=135055,2.250783333333,283.1538226780787,1327.0
scanId=135055,2.250783333333,289.13488526025384,1632.0
scanId=135055,2.250783333333,289.14467732342854,3587.0
scanId=135055,2.250783333333,289.15446968769714,4530.0
scanId=135055,2.250783333333,289.164262082482,4104.0
scanId=135055,2.250783333333,289.17405477838054,3440.0
scanId=135055,2.250783333333,289.1838475047756,2848.0
scanId=135055,2.250783333333,289.1936405323039,2318.0
scanId=135055,2.250783333333,289.20343359030915,1680.0
scanId=135055,2.250783333333,289.2132269494673,1142.0
scanId=135055,2.250783333333,290.1345366909809,1001.0
scanId=135055,2.250783333333,290.1443456662803,1399.0
scanId=135055,2.250783333333,290.15415494367073,1810.0
scanId=135055,2.250783333333,290.16396425058053,1863.0
scanId=135055,2.250783333333,290.17377385960066,1883.0
scanId=135055,2.250783333333,290.18358349812087,2017.0
scanId=135055,2.250783333333,290.19339343877084,2145.0
scanId=135055,2.250783333333,290.2032034089014,2559.0
scanId=135055,2.250783333333,290.2130136811812,2758.0
scanId=135055,2.250783333333,290.2228239829222,2312.0
scanId=135055,2.250783333333,290.23263458683186,1672.0
scanId=135055,2.250783333333,290.2424452201833,1265.0
scanId=135055,2.250783333333,290.2522561557228,1007.0
scanId=135055,2.250783333333,291.1457390969611,1072.0
scanId=135055,2.250783333333,291.15556528747305,1764.0
scanId=135055,2.250783333333,291.1653915065179,2204.0
scanId=135055,2.250783333333,291.1752180286597,2339.0
scanId=135055,2.250783333333,291.1850445793152,2148.0
scanId=135055,2.250783333333,291.1948714330869,1944.0
scanId=135055,2.250783333333,291.2046983153529,2204.0
scanId=135055,2.250783333333,291.2145255007544,2638.0
scanId=135055,2.250783333333,291.22435271463104,2419.0
scanId=135055,2.250783333333,291.2341802316623,1908.0
scanId=135055,2.250783333333,291.24400777714953,1429.0
scanId=135055,2.250783333333,291.25383562581067,1018.0
scanId=135055,2.250783333333,292.1488576159859,1168.0
scanId=135055,2.250783333333,292.1587007196195,1655.0
scanId=135055,2.250783333333,292.1685438508095,1701.0
scanId=135055,2.250783333333,292.1783872860729,1384.0
scanId=135055,2.250783333333,292.18823074887365,1011.0
scanId=135055,2.250783333333,292.2177624087016,1080.0
scanId=135055,2.250783333333,292.227606534724,1101.0
scanId=135055,2.250783333333,293.1734212839684,1018.0
scanId=135055,2.250783333333,293.1832816323536,1832.0
scanId=135055,2.250783333333,293.1931420073097,2355.0
scanId=135055,2.250783333333,293.20300268732467,2575.0
scanId=135055,2.250783333333,293.2128633938918,3078.0
scanId=135055,2.250783333333,293.2227244055365,3741.0
scanId=135055,2.250783333333,293.23258544371464,3746.0
scanId=135055,2.250783333333,293.24244678698926,2937.0
scanId=135055,2.250783333333,293.2523081567784,1994.0
scanId=135055,2.250783333333,293.26216983168285,1351.0
scanId=135055,2.250783333333,294.21953356700413,1260.0
scanId=135055,2.250783333333,294.2294114917706,1474.0
scanId=135055,2.250783333333,294.23928944211445,1600.0
scanId=135055,2.250783333333,294.24916769851075,1395.0
scanId=135055,2.250783333333,294.2590459804658,1023.0
scanId=135055,2.250783333333,296.1686721375079,1025.0
scanId=135055,2.250783333333,296.1785825857669,1197.0
scanId=135055,2.250783333333,296.1884933418871,1255.0
scanId=135055,2.250783333333,296.1984041217578,1074.0
scanId=135055,2.250783333333,296.22813774037013,1223.0
scanId=135055,2.250783333333,296.2380491834639,1160.0
scanId=135055,2.250783333333,296.24796093447367,1136.0
scanId=135055,2.250783333333,296.25787270917897,1197.0
scanId=135055,2.250783333333,296.2677847918186,1141.0
scanId=135055,2.250783333333,297.1506178212879,1246.0
scanId=135055,2.250783333333,297.16054482727026,1340.0
scanId=135055,2.250783333333,297.1704718561124,1260.0
scanId=135055,2.250783333333,297.18039919372444,1101.0
scanId=135055,2.250783333333,297.19032655417834,1082.0
scanId=135055,2.250783333333,297.20025422342025,1250.0
scanId=135055,2.250783333333,297.2101819154859,1243.0
scanId=135055,2.250783333333,299.14926451920365,1149.0
scanId=135055,2.250783333333,299.15922470924056,3746.0
scanId=135055,2.250783333333,299.1691852098363,6179.0
scanId=135055,2.250783333333,299.1791457314852,6615.0
scanId=135055,2.250783333333,299.1891065637108,5505.0
scanId=135055,2.250783333333,299.19906741697184,4024.0
scanId=135055,2.250783333333,299.20902858082724,3034.0
scanId=135055,2.250783333333,299.2189897657004,2350.0
scanId=135055,2.250783333333,299.22895126118567,1682.0
scanId=135055,2.250783333333,299.23891277767103,1123.0
scanId=135055,2.250783333333,300.16606537505766,1229.0
scanId=135055,2.250783333333,300.1760424773182,1411.0
scanId=135055,2.250783333333,300.1860198910356,1289.0
scanId=135055,2.250783333333,300.1959973249085,1123.0
scanId=135055,2.250783333333,300.20597507025576,1070.0
scanId=135055,2.250783333333,301.144616630836,1046.0
scanId=135055,2.250783333333,301.1546099821051,1065.0
scanId=135055,2.250783333333,301.1646036456846,1249.0
scanId=135055,2.250783333333,301.17459732856634,2313.0
scanId=135055,2.250783333333,301.1845913237755,3488.0
scanId=135055,2.250783333333,301.19458533826975,3855.0
scanId=135055,2.250783333333,301.2045796651088,3639.0
scanId=135055,2.250783333333,301.21457401121546,3278.0
scanId=135055,2.250783333333,301.22456866968434,3163.0
scanId=135055,2.250783333333,301.2345633474036,2768.0
scanId=135055,2.250783333333,301.2445583375023,2066.0
scanId=135055,2.250783333333,301.2545533468341,1524.0
scanId=135055,2.250783333333,301.2645486685626,1139.0
scanId=135055,2.250783333333,303.1365746709961,1191.0
scanId=135055,2.250783333333,303.14660116592927,1406.0
scanId=135055,2.250783333333,303.1566276784683,1643.0
scanId=135055,2.250783333333,303.1666545050313,2198.0
scanId=135055,2.250783333333,303.1766813491833,2405.0
scanId=135055,2.250783333333,303.18670850737624,2120.0
scanId=135055,2.250783333333,303.196735683141,1729.0
scanId=135055,2.250783333333,303.20676317296375,1401.0
scanId=135055,2.250783333333,303.21679068034143,1075.0
scanId=135055,2.250783333333,303.26693114918265,1067.0
scanId=135055,2.250783333333,303.27695965139907,1278.0
scanId=135055,2.250783333333,303.2869884677412,1022.0
scanId=135055,2.250783333333,304.1601236866307,1088.0
scanId=135055,2.250783333333,304.17016709468555,1779.0
scanId=135055,2.250783333333,304.1802105194866,2738.0
scanId=135055,2.250783333333,304.19025425917124,3113.0
scanId=135055,2.250783333333,304.20029801558536,2779.0
scanId=135055,2.250783333333,304.21034208689986,2316.0
scanId=135055,2.250783333333,304.22038617492706,1907.0
scanId=135055,2.250783333333,304.2304305778714,1611.0
scanId=135055,2.250783333333,304.24047499751174,2135.0
scanId=135055,2.250783333333,304.25051973208593,3393.0
scanId=135055,2.250783333333,304.2605644833393,3709.0
scanId=135055,2.250783333333,304.27060954954334,3036.0
scanId=135055,2.250783333333,304.2806546324098,2766.0
scanId=135055,2.250783333333,304.29070003024367,2926.0
scanId=135055,2.250783333333,304.3007454447232,2571.0
scanId=135055,2.250783333333,304.31079117418693,1877.0
scanId=135055,2.250783333333,304.32083692027953,1317.0
scanId=135055,2.250783333333,304.66249348091054,1033.0
scanId=135055,2.250783333333,305.09486311750084,3444.0
scanId=135055,2.250783333333,305.10492179650726,6229.0
scanId=135055,2.250783333333,305.11498079116444,7383.0
scanId=135055,2.250783333333,305.12503980178406,6848.0
scanId=135055,2.250783333333,305.1350991280711,6441.0
scanId=135055,2.250783333333,305.14515847030395,7740.0
scanId=135055,2.250783333333,305.1552181282208,8525.0
scanId=135055,2.250783333333,305.1652778020669,7746.0
scanId=135055,2.250783333333,305.1753377916136,6746.0
scanId=135055,2.250783333333,305.185397797073,6003.0
scanId=135055,2.250783333333,305.1954581182495,5117.0
scanId=135055,2.250783333333,305.2055184553224,3999.0
scanId=135055,2.250783333333,305.2155791081287,2964.0
scanId=135055,2.250783333333,305.2256397768146,2333.0
scanId=135055,2.250783333333,305.2357007612508,2065.0
scanId=135055,2.250783333333,305.24576176155,2098.0
scanId=135055,2.250783333333,305.25582307761607,1912.0
scanId=135055,2.250783333333,305.2658844095285,1432.0
scanId=135055,2.250783333333,306.11163453320347,1344.0
scanId=135055,2.250783333333,306.1217101093525,1248.0
scanId=135055,2.250783333333,306.1317857006392,1200.0
scanId=135055,2.250783333333,306.141861608418,1392.0
scanId=135055,2.250783333333,306.1519375313182,1635.0
scanId=135055,2.250783333333,306.162013770727,1727.0
scanId=135055,2.250783333333,306.1720900252405,2011.0
scanId=135055,2.250783333333,306.18216659627905,2471.0
scanId=135055,2.250783333333,306.1922431824061,3094.0
scanId=135055,2.250783333333,306.20232008507446,3064.0
scanId=135055,2.250783333333,306.2123970028149,2480.0
scanId=135055,2.250783333333,306.2224742371131,1852.0
scanId=135055,2.250783333333,306.23255148646706,1351.0
scanId=135055,2.250783333333,306.2627845309203,1004.0
scanId=135055,2.250783333333,306.27286244350125,1319.0
scanId=135055,2.250783333333,306.28294067268894,1207.0
scanId=135055,2.250783333333,306.8576694483737,1043.0
scanId=135055,2.250783333333,306.8677572948266,1000.0
scanId=135055,2.250783333333,307.1300975357119,1046.0
scanId=135055,2.250783333333,307.1401897076749,1136.0
scanId=135055,2.250783333333,307.1502821969456,1229.0
scanId=135055,2.250783333333,307.16037470052225,1245.0
scanId=135055,2.250783333333,307.1704675214228,1311.0
scanId=135055,2.250783333333,307.180560356613,1276.0
scanId=135055,2.250783333333,307.1906535091433,1240.0
scanId=135055,2.250783333333,307.20074667594724,1268.0
scanId=135055,2.250783333333,307.2108401601074,1419.0
scanId=135055,2.250783333333,307.2209336585249,1824.0
scanId=135055,2.250783333333,307.23102747431506,2028.0
scanId=135055,2.250783333333,307.24112130434617,1822.0
scanId=135055,2.250783333333,307.25121545176603,1463.0
scanId=135055,2.250783333333,307.26130961341084,1093.0
scanId=135055,2.250783333333,308.2007985306668,1644.0
scanId=135055,2.250783333333,308.21090827815664,2973.0
scanId=135055,2.250783333333,308.2210183438086,3291.0
scanId=135055,2.250783333333,308.2311284229124,2710.0
scanId=135055,2.250783333333,308.2412388201942,1958.0
scanId=135055,2.250783333333,308.25134923091184,1495.0
scanId=135055,2.250783333333,308.26145995982347,1290.0
scanId=135055,2.250783333333,308.27157070215486,1019.0
scanId=135055,2.250783333333,309.1822233653384,1728.0
scanId=135055,2.250783333333,309.1923493492225,2645.0
scanId=135055,2.250783333333,309.20247534579363,2835.0
scanId=135055,2.250783333333,309.2126016613076,2591.0
scanId=135055,2.250783333333,309.22272798949274,2438.0
scanId=135055,2.250783333333,309.23285463663655,2004.0
scanId=135055,2.250783333333,309.2429812964357,1437.0
scanId=135055,2.250783333333,309.2531082752093,1053.0
scanId=135055,2.250783333333,309.6887218498781,1173.0
scanId=135055,2.250783333333,309.6988561245081,1621.0
scanId=135055,2.250783333333,309.7089904114302,1475.0
scanId=135055,2.250783333333,309.7191250176901,1091.0
scanId=135055,2.250783333333,310.1854926162049,1266.0
scanId=135055,2.250783333333,310.19563486186604,1516.0
scanId=135055,2.250783333333,310.205777427242,1530.0
scanId=135055,2.250783333333,310.2159200045173,1596.0
scanId=135055,2.250783333333,310.2260629015232,1845.0
scanId=135055,2.250783333333,310.2362058104126,1869.0
scanId=135055,2.250783333333,310.24634903904825,1676.0
scanId=135055,2.250783333333,310.2564922795519,1399.0
scanId=135055,2.250783333333,310.2666358398173,1141.0
scanId=135055,2.250783333333,311.13959570177985,1120.0
scanId=135055,2.250783333333,311.1497535333109,1105.0
scanId=135055,2.250783333333,312.1663817636934,1154.0
scanId=135055,2.250783333333,312.17655649716346,1090.0
scanId=135055,2.250783333333,312.3495509365265,1038.0
scanId=135055,2.250783333333,312.3597286546652,1463.0
scanId=135055,2.250783333333,312.36990638306327,1345.0
scanId=135055,2.250783333333,313.1540954672919,1216.0
scanId=135055,2.250783333333,313.1642861286605,2022.0
scanId=135055,2.250783333333,313.17447711199253,2879.0
scanId=135055,2.250783333333,313.1846681049758,3178.0
scanId=135055,2.250783333333,313.1948594199377,3004.0
scanId=135055,2.250783333333,313.2050507445357,2520.0
scanId=135055,2.250783333333,313.2152423911275,1971.0
scanId=135055,2.250783333333,313.2254340473402,1574.0
scanId=135055,2.250783333333,313.23562602556177,1235.0
scanId=135055,2.250783333333,314.16378294376057,1500.0
scanId=135055,2.250783333333,314.17399017695465,2637.0
scanId=135055,2.250783333333,314.1841974190626,2928.0
scanId=135055,2.250783333333,314.19440498388656,2531.0
scanId=135055,2.250783333333,314.20461255760944,1919.0
scanId=135055,2.250783333333,314.21482045406333,1343.0
scanId=135055,2.250783333333,314.6845593236765,1248.0
scanId=135055,2.250783333333,314.6947748561576,1240.0
scanId=135055,2.250783333333,315.1546490497904,1091.0
scanId=135055,2.250783333333,315.1648722094167,1485.0
scanId=135055,2.250783333333,315.1750956924728,1699.0
scanId=135055,2.250783333333,315.1853191837143,1676.0
scanId=135055,2.250783333333,315.1955429984002,1720.0
scanId=135055,2.250783333333,315.2057668212566,1866.0
scanId=135055,2.250783333333,315.21599096757234,1703.0
scanId=135055,2.250783333333,315.2262151220437,1404.0
scanId=135055,2.250783333333,315.2364395999893,1152.0
scanId=135055,2.250783333333,316.19827346389985,1009.0
scanId=135055,2.250783333333,316.2085135358984,1158.0
scanId=135055,2.250783333333,316.2187539320761,1079.0
scanId=135055,2.250783333333,317.17182809408234,1840.0
scanId=135055,2.250783333333,317.18208407686234,3138.0
scanId=135055,2.250783333333,317.1923400663961,3430.0
scanId=135055,2.250783333333,317.202596380806,3267.0
scanId=135055,2.250783333333,317.2128527019552,4267.0
scanId=135055,2.250783333333,317.2231093479949,6406.0
scanId=135055,2.250783333333,317.2333660007596,7398.0
scanId=135055,2.250783333333,317.2436229784291,6548.0
scanId=135055,2.250783333333,317.25387996280915,5191.0
scanId=135055,2.250783333333,317.26413727210854,3869.0
scanId=135055,2.250783333333,317.274394588104,2686.0
scanId=135055,2.250783333333,317.2846522290332,1782.0
scanId=135055,2.250783333333,317.2949098766441,1150.0
scanId=135055,2.250783333333,318.1776947139306,1037.0
scanId=135055,2.250783333333,318.1879669465726,1436.0
scanId=135055,2.250783333333,318.1982391852654,2407.0
scanId=135055,2.250783333333,318.20851174953725,3512.0
scanId=135055,2.250783333333,318.21878431984567,4344.0
scanId=135055,2.250783333333,318.2290572157475,4421.0
scanId=135055,2.250783333333,318.23933011767144,3905.0
scanId=135055,2.250783333333,318.249603345203,3141.0
scanId=135055,2.250783333333,318.25987657874254,2260.0
scanId=135055,2.250783333333,318.2701501379039,1498.0
scanId=135055,2.250783333333,318.28042370305906,1058.0
scanId=135055,2.250783333333,319.12342685439324,1012.0
scanId=135055,2.250783333333,319.1542896542652,1003.0
scanId=135055,2.250783333333,319.164577478894,1475.0
scanId=135055,2.250783333333,319.1748656297682,1658.0
scanId=135055,2.250783333333,319.18515378601285,1486.0
scanId=135055,2.250783333333,319.19544226851684,1425.0
scanId=135055,2.250783333333,319.2057307563773,1633.0
scanId=135055,2.250783333333,319.21601957051115,1748.0
scanId=135055,2.250783333333,319.22630838998725,2317.0
scanId=135055,2.250783333333,319.23659753575095,4048.0
scanId=135055,2.250783333333,319.2468866868428,5120.0
scanId=135055,2.250783333333,319.2571761642363,4592.0
scanId=135055,2.250783333333,319.26746564694395,3354.0
scanId=135055,2.250783333333,319.27775545596734,2283.0
scanId=135055,2.250783333333,319.2880452702907,1571.0
scanId=135055,2.250783333333,319.2983354109439,1147.0
scanId=135055,2.250783333333,320.1839009053246,1020.0
scanId=135055,2.250783333333,320.19420531074513,1124.0
scanId=135055,2.250783333333,320.2045100431112,1193.0
scanId=135055,2.250783333333,320.2148147801475,1110.0
scanId=135055,2.250783333333,320.22511984414336,1022.0
scanId=135055,2.250783333333,320.2354249127956,1230.0
scanId=135055,2.250783333333,320.2457303084213,1593.0
scanId=135055,2.250783333333,320.2560357086895,1486.0
scanId=135055,2.250783333333,320.26634143594504,1224.0
scanId=135055,2.250783333333,320.2766471678292,1008.0
scanId=135055,2.250783333333,320.6683909081837,1128.0
scanId=135055,2.250783333333,320.678703268036,1325.0
scanId=135055,2.250783333333,320.68901563223943,1069.0
scanId=135055,2.250783333333,321.1222880472058,1010.0
scanId=135055,2.250783333333,321.1635673413819,1525.0
scanId=135055,2.250783333333,321.1738876603504,2460.0
scanId=135055,2.250783333333,321.184207983339,3018.0
scanId=135055,2.250783333333,321.1945286339372,2705.0
scanId=135055,2.250783333333,321.2048492885419,2415.0
scanId=135055,2.250783333333,321.2151702707699,2190.0
scanId=135055,2.250783333333,321.22549125699067,1955.0
scanId=135055,2.250783333333,321.23581257084845,1724.0
scanId=135055,2.250783333333,321.2461338886854,1499.0
scanId=135055,2.250783333333,321.2564555341731,1290.0
scanId=135055,2.250783333333,321.26677718362606,1089.0
scanId=135055,2.250783333333,322.1654025339824,1333.0
scanId=135055,2.250783333333,322.1757387745472,2166.0
scanId=135055,2.250783333333,322.18607534337747,3016.0
scanId=135055,2.250783333333,322.19641191555866,3305.0
scanId=135055,2.250783333333,322.2067488160188,2929.0
scanId=135055,2.250783333333,322.2170857198162,2268.0
scanId=135055,2.250783333333,322.2274229519062,1747.0
scanId=135055,2.250783333333,322.23776018731985,1372.0
scanId=135055,2.250783333333,322.24809775103967,1056.0
scanId=135055,2.250783333333,323.117038225923,1600.0
scanId=135055,2.250783333333,323.1273897208393,1789.0
scanId=135055,2.250783333333,323.1377415446422,2189.0
scanId=135055,2.250783333333,323.14809337117504,3248.0
scanId=135055,2.250783333333,323.15844552660764,3867.0
scanId=135055,2.250783333333,323.1687976847569,3754.0
scanId=135055,2.250783333333,323.17915017181934,3461.0
scanId=135055,2.250783333333,323.1895026615849,2921.0
scanId=135055,2.250783333333,323.1998554802772,2318.0
scanId=135055,2.250783333333,323.2102083016593,1805.0
scanId=135055,2.250783333333,323.22056145198144,1419.0
scanId=135055,2.250783333333,323.2309146049799,1189.0
scanId=135055,2.250783333333,324.1633847143537,1112.0
scanId=135055,2.250783333333,324.1737531196484,1445.0
scanId=135055,2.250783333333,324.18412152700654,1663.0
scanId=135055,2.250783333333,324.19449026393096,2020.0
scanId=135055,2.250783333333,324.2048590029057,2776.0
scanId=135055,2.250783333333,324.21522807146,2910.0
scanId=135055,2.250783333333,324.2255971420513,2191.0
scanId=135055,2.250783333333,324.2359665422356,1488.0
scanId=135055,2.250783333333,324.2463359444435,1181.0
scanId=135055,2.250783333333,324.2567056762574,1071.0
scanId=135055,2.250783333333,324.66125127404257,1250.0
scanId=135055,2.250783333333,324.67162763845323,2469.0
scanId=135055,2.250783333333,324.6820040046108,2905.0
scanId=135055,2.250783333333,324.6923807006513,2470.0
scanId=135055,2.250783333333,324.7027573984254,1893.0
scanId=135055,2.250783333333,324.71313442609573,1352.0
scanId=135055,2.250783333333,325.1594998637224,1562.0
scanId=135055,2.250783333333,325.1698841872491,2787.0
scanId=135055,2.250783333333,325.1802685122078,3387.0
scanId=135055,2.250783333333,325.1906531673644,3055.0
scanId=135055,2.250783333333,325.2010378239398,2455.0
scanId=135055,2.250783333333,325.2114228107262,1863.0
scanId=135055,2.250783333333,325.2218077989184,1378.0
scanId=135055,2.250783333333,325.2321931173348,1085.0
scanId=135055,2.250783333333,325.25296408718987,1159.0
scanId=135055,2.250783333333,325.2633497386156,1238.0
scanId=135055,2.250783333333,327.1667306832976,1074.0
scanId=135055,2.250783333333,327.1771468434811,1158.0
scanId=135055,2.250783333333,327.187563335102,1066.0
scanId=135055,2.250783333333,327.25006526999704,1026.0
scanId=135055,2.250783333333,329.1592416665593,1425.0
scanId=135055,2.250783333333,329.1696896630147,3106.0
scanId=135055,2.250783333333,329.18013765845484,5302.0
scanId=135055,2.250783333333,329.19058598654004,6370.0
scanId=135055,2.250783333333,329.20103431359763,5898.0
scanId=135055,2.250783333333,329.2114829733127,5050.0
scanId=135055,2.250783333333,329.2219316319877,4435.0
scanId=135055,2.250783333333,329.2323806233326,3716.0
scanId=135055,2.250783333333,329.2428296136249,2901.0
scanId=135055,2.250783333333,329.25327893659966,2153.0
scanId=135055,2.250783333333,329.26372825850945,1490.0
scanId=135055,2.250783333333,329.6922967253333,1261.0
scanId=135055,2.250783333333,329.70275301120995,1134.0
scanId=135055,2.250783333333,330.17346133519675,1114.0
scanId=135055,2.250783333333,330.1839252482769,1785.0
scanId=135055,2.250783333333,330.1943894945944,2180.0
scanId=135055,2.250783333333,330.2048537392922,2176.0
scanId=135055,2.250783333333,330.2153183172394,2060.0
scanId=135055,2.250783333333,330.2257828935547,1720.0
scanId=135055,2.250783333333,330.23624780313173,1265.0
scanId=135055,2.250783333333,331.1682812965108,1377.0
scanId=135055,2.250783333333,331.1787611294305,3268.0
scanId=135055,2.250783333333,331.1892409601587,6594.0
scanId=135055,2.250783333333,331.1997211247082,8253.0
scanId=135055,2.250783333333,331.2102012870541,7150.0
scanId=135055,2.250783333333,331.22068178323343,5101.0
scanId=135055,2.250783333333,331.23116227719703,3497.0
scanId=135055,2.250783333333,331.24164310500623,2998.0
scanId=135055,2.250783333333,331.2521239305876,5396.0
scanId=135055,2.250783333333,331.2626050900266,10184.0
scanId=135055,2.250783333333,331.2730862472257,11938.0
scanId=135055,2.250783333333,331.2835677382945,9607.0
scanId=135055,2.250783333333,331.29404922711143,6580.0
scanId=135055,2.250783333333,331.30453104981024,4451.0
scanId=135055,2.250783333333,331.3150128702449,3029.0
scanId=135055,2.250783333333,331.32549502457346,2142.0
scanId=135055,2.250783333333,331.3359771766259,1397.0
scanId=135055,2.250783333333,332.1855890460915,1876.0
scanId=135055,2.250783333333,332.19608479447544,3902.0
scanId=135055,2.250783333333,332.2065808772571,6362.0
scanId=135055,2.250783333333,332.2170769572589,7207.0
scanId=135055,2.250783333333,332.2275733716704,6208.0
scanId=135055,2.250783333333,332.2380697832901,4738.0
scanId=135055,2.250783333333,332.2485665293314,4133.0
scanId=135055,2.250783333333,332.259063272569,4935.0
scanId=135055,2.250783333333,332.26956035024017,5881.0
scanId=135055,2.250783333333,332.28005742509566,5254.0
scanId=135055,2.250783333333,332.29055483439663,3710.0
scanId=135055,2.250783333333,332.3010522408702,2450.0
scanId=135055,2.250783333333,332.3115499818011,1725.0
scanId=135055,2.250783333333,332.3220477198924,1373.0
scanId=135055,2.250783333333,333.16241074398664,1802.0
scanId=135055,2.250783333333,333.17292208174075,6450.0
scanId=135055,2.250783333333,333.1834334161701,12663.0
scanId=135055,2.250783333333,333.1939450855542,14672.0
scanId=135055,2.250783333333,333.2044567516015,12901.0
scanId=135055,2.250783333333,333.21496875261533,10841.0
scanId=135055,2.250783333333,333.2254807502808,8530.0
scanId=135055,2.250783333333,333.23599308292444,6322.0
scanId=135055,2.250783333333,333.2465054122079,4749.0
scanId=135055,2.250783333333,333.2570180764814,3551.0
scanId=135055,2.250783333333,333.267530737383,3637.0
scanId=135055,2.250783333333,333.2780437332863,5132.0
scanId=135055,2.250783333333,333.288556725806,5341.0
scanId=135055,2.250783333333,333.2990700533392,4197.0
scanId=135055,2.250783333333,333.30958337747705,2899.0
scanId=135055,2.250783333333,333.32009703664005,2048.0
scanId=135055,2.250783333333,333.3306106923959,1394.0
scanId=135055,2.250783333333,333.66713793281843,1121.0
scanId=135055,2.250783333333,333.67765722968863,3503.0
scanId=135055,2.250783333333,333.6881765229525,5785.0
scanId=135055,2.250783333333,333.69869615145257,5769.0
scanId=135055,2.250783333333,333.7092157763346,4425.0
scanId=135055,2.250783333333,333.7197357364645,3178.0
scanId=135055,2.250783333333,333.73025569296465,2173.0
scanId=135055,2.250783333333,333.74077598472434,1476.0
scanId=135055,2.250783333333,333.75129627284286,1033.0
scanId=135055,2.250783333333,334.18277440847453,1281.0
scanId=135055,2.250783333333,334.1933016605751,1623.0
scanId=135055,2.250783333333,334.2038292481912,2672.0
scanId=135055,2.250783333333,334.21435683190987,5822.0
scanId=135055,2.250783333333,334.22488475115586,9915.0
scanId=135055,2.250783333333,334.23541266649266,10948.0
scanId=135055,2.250783333333,334.2459409173685,8809.0
scanId=135055,2.250783333333,334.2564691643236,6264.0
scanId=135055,2.250783333333,334.26699774682925,4362.0
scanId=135055,2.250783333333,334.27752632540256,3247.0
scanId=135055,2.250783333333,334.28805523953804,2604.0
scanId=135055,2.250783333333,334.29858414972966,2008.0
scanId=135055,2.250783333333,334.3091133954951,1343.0
scanId=135055,2.250783333333,335.16252600377885,3224.0
scanId=135055,2.250783333333,335.17306884636747,15438.0
scanId=135055,2.250783333333,335.1836116845284,37866.0
scanId=135055,2.250783333333,335.1941548587468,49362.0
scanId=135055,2.250783333333,335.2046980285262,43133.0
scanId=135055,2.250783333333,335.21524153437446,32007.0
scanId=135055,2.250783333333,335.22578503577205,23272.0
scanId=135055,2.250783333333,335.2363288732502,17140.0
scanId=135055,2.250783333333,335.2468727062663,12696.0
scanId=135055,2.250783333333,335.2574168753742,9420.0
scanId=135055,2.250783333333,335.26796104000863,6724.0
scanId=135055,2.250783333333,335.27850554074644,4646.0
scanId=135055,2.250783333333,335.2890500369993,3228.0
scanId=135055,2.250783333333,335.2995948693669,2315.0
scanId=135055,2.250783333333,335.31013969723824,1546.0
scanId=135055,2.250783333333,335.3206848612357,1088.0
scanId=135055,2.250783333333,336.1542699703897,1127.0
scanId=135055,2.250783333333,336.16482839958064,1581.0
scanId=135055,2.250783333333,336.17538682380933,4470.0
scanId=135055,2.250783333333,336.18594558463013,9341.0
scanId=135055,2.250783333333,336.19650434047736,11640.0
scanId=135055,2.250783333333,336.20706343292807,10465.0
scanId=135055,2.250783333333,336.2176225203939,8140.0
scanId=135055,2.250783333333,336.2281819444744,7044.0
scanId=135055,2.250783333333,336.2387413635587,7548.0
scanId=135055,2.250783333333,336.2493011192689,7727.0
scanId=135055,2.250783333333,336.2598608699718,6409.0
scanId=135055,2.250783333333,336.2704209573119,4558.0
scanId=135055,2.250783333333,336.28098103963333,3013.0
scanId=135055,2.250783333333,336.2915414586033,2123.0
scanId=135055,2.250783333333,336.30210187254335,1490.0
scanId=135055,2.250783333333,337.1263316898188,1958.0
scanId=135055,2.250783333333,337.13690537398224,3254.0
scanId=135055,2.250783333333,337.1474790526674,3509.0
scanId=135055,2.250783333333,337.1580530684606,2991.0
scanId=135055,2.250783333333,337.16862707876453,3136.0
scanId=135055,2.250783333333,337.1792014261876,4127.0
scanId=135055,2.250783333333,337.1897757681102,4937.0
scanId=135055,2.250783333333,337.20035044716315,4676.0
scanId=135055,2.250783333333,337.2109251207046,3717.0
scanId=135055,2.250783333333,337.22150013138736,2839.0
scanId=135055,2.250783333333,337.23207513654734,2446.0
scanId=135055,2.250783333333,337.2426504788599,2559.0
scanId=135055,2.250783333333,337.2532258156387,2614.0
scanId=135055,2.250783333333,337.2638014895811,2089.0
scanId=135055,2.250783333333,337.27437715797856,1426.0
scanId=135055,2.250783333333,338.1421532509574,1109.0
scanId=135055,2.250783333333,338.15274285335295,1372.0
scanId=135055,2.250783333333,338.1633324497394,1629.0
scanId=135055,2.250783333333,338.1739223837648,1828.0
scanId=135055,2.250783333333,338.1845123117701,1949.0
scanId=135055,2.250783333333,338.19510257742536,1915.0
scanId=135055,2.250783333333,338.20569283704947,1692.0
scanId=135055,2.250783333333,338.2162834343345,1472.0
scanId=135055,2.250783333333,338.22687402557773,1182.0
scanId=135055,2.250783333333,338.2480558773545,1212.0
scanId=135055,2.250783333333,338.25864713789923,1510.0
scanId=135055,2.250783333333,338.26923839238003,1432.0
scanId=135055,2.250783333333,338.27982998455457,1262.0
scanId=135055,2.250783333333,339.17010845770585,2186.0
scanId=135055,2.250783333333,339.18071397180114,9250.0
scanId=135055,2.250783333333,339.1913198240587,24680.0
scanId=135055,2.250783333333,339.20192566977306,36534.0
scanId=135055,2.250783333333,339.21253185366044,34648.0
scanId=135055,2.250783333333,339.2231380309938,25785.0
scanId=135055,2.250783333333,339.2337445465112,17832.0
scanId=135055,2.250783333333,339.24435105546354,12386.0
scanId=135055,2.250783333333,339.25495790261056,8331.0
scanId=135055,2.250783333333,339.265564743182,5537.0
scanId=135055,2.250783333333,339.27617192195885,3781.0
scanId=135055,2.250783333333,339.28677909414927,2564.0
scanId=135055,2.250783333333,339.297386604556,1598.0
scanId=135055,2.250783333333,339.30799410836545,1053.0
scanId=135055,2.250783333333,340.1783807485466,1474.0
scanId=135055,2.250783333333,340.18900218740646,4357.0
scanId=135055,2.250783333333,340.19962361921824,8395.0
scanId=135055,2.250783333333,340.21024538970795,9574.0
scanId=135055,2.250783333333,340.22086715313884,7840.0
scanId=135055,2.250783333333,340.2314892552584,5634.0
scanId=135055,2.250783333333,340.24211135030873,4121.0
scanId=135055,2.250783333333,340.2527337840581,3058.0
scanId=135055,2.250783333333,340.2633562107273,2186.0
scanId=135055,2.250783333333,340.27397897610655,1584.0
scanId=135055,2.250783333333,340.28460173439504,1122.0
scanId=135055,2.250783333333,340.3908393014691,1388.0
scanId=135055,2.250783333333,340.40146405662733,1343.0
scanId=135055,2.250783333333,341.1562392622187,1003.0
scanId=135055,2.250783333333,341.16687595605106,1594.0
scanId=135055,2.250783333333,341.17751264234823,2506.0
scanId=135055,2.250783333333,341.1881496678104,3363.0
scanId=135055,2.250783333333,341.1987866857269,3955.0
scanId=135055,2.250783333333,341.2094240428189,4255.0
scanId=135055,2.250783333333,341.22006139235475,4042.0
scanId=135055,2.250783333333,341.23069908107664,3280.0
scanId=135055,2.250783333333,341.2413367622317,2519.0
scanId=135055,2.250783333333,341.25197478258355,2228.0
scanId=135055,2.250783333333,341.26261279535805,2202.0
scanId=135055,2.250783333333,341.2732511473396,1891.0
scanId=135055,2.250783333333,341.2838894917334,1387.0
scanId=135055,2.250783333333,342.1674573811379,1018.0
scanId=135055,2.250783333333,342.1781096535469,1387.0
scanId=135055,2.250783333333,342.1887622656114,2098.0
scanId=135055,2.250783333333,342.19941486963984,2693.0
scanId=135055,2.250783333333,342.2100678133342,2584.0
scanId=135055,2.250783333333,342.2207207489821,2118.0
scanId=135055,2.250783333333,342.23137402430626,1647.0
scanId=135055,2.250783333333,342.2420272915737,1155.0
scanId=135055,2.250783333333,343.1588360569171,1307.0
scanId=135055,2.250783333333,343.1695039239542,1338.0
scanId=135055,2.250783333333,343.18017178248215,1186.0
scanId=135055,2.250783333333,343.190839981149,1127.0
scanId=135055,2.250783333333,343.2015081712966,1143.0
scanId=135055,2.250783333333,343.21217670159325,1032.0
scanId=135055,2.250783333333,344.6860121599002,1630.0
scanId=135055,2.250783333333,344.6967035634301,1715.0
scanId=135055,2.250783333333,344.70739530781526,1316.0
scanId=135055,2.250783333333,345.1138011356492,3244.0
scanId=135055,2.250783333333,345.124499171577,12136.0
scanId=135055,2.250783333333,345.1351975485589,24967.0
scanId=135055,2.250783333333,345.1458959161066,29182.0
scanId=135055,2.250783333333,345.1565946247184,23700.0
scanId=135055,2.250783333333,345.167293323886,17100.0
scanId=135055,2.250783333333,345.1779923641276,12642.0
scanId=135055,2.250783333333,345.1886913949152,9368.0
scanId=135055,2.250783333333,345.19939076678656,6936.0
scanId=135055,2.250783333333,345.2100901291942,5117.0
scanId=135055,2.250783333333,345.2207898326955,3712.0
scanId=135055,2.250783333333,345.2314895267229,2730.0
scanId=135055,2.250783333333,345.242189561854,2088.0
scanId=135055,2.250783333333,345.2528895875014,1702.0
scanId=135055,2.250783333333,345.2635899542624,1571.0
scanId=135055,2.250783333333,345.2742903115297,1662.0
scanId=135055,2.250783333333,345.2849910099205,1672.0
scanId=135055,2.250783333333,345.2956916988077,1398.0
scanId=135055,2.250783333333,345.3063927288283,1033.0
scanId=135055,2.250783333333,346.1308631375203,3025.0
scanId=135055,2.250783333333,346.14157710110453,5833.0
scanId=135055,2.250783333333,346.1522910547924,6590.0
scanId=135055,2.250783333333,346.1630053500065,5510.0
scanId=135055,2.250783333333,346.17371963531446,4390.0
scanId=135055,2.250783333333,346.18443426215833,3866.0
scanId=135055,2.250783333333,346.19514887908645,3751.0
scanId=135055,2.250783333333,346.2058638375602,3422.0
scanId=135055,2.250783333333,346.2165787861083,2677.0
scanId=135055,2.250783333333,346.22729407621205,2044.0
scanId=135055,2.250783333333,346.2380093563803,1708.0
scanId=135055,2.250783333333,346.2487249781137,1495.0
scanId=135055,2.250783333333,346.25944058990206,1240.0
scanId=135055,2.250783333333,347.1386922225257,2020.0
scanId=135055,2.250783333333,347.14942177271223,3507.0
scanId=135055,2.250783333333,347.16015131254744,4030.0
scanId=135055,2.250783333333,347.1708811943638,3758.0
scanId=135055,2.250783333333,347.1816110658193,3750.0
scanId=135055,2.250783333333,347.1923412792655,3935.0
scanId=135055,2.250783333333,347.2030714823412,3708.0
scanId=135055,2.250783333333,347.2138020274173,2994.0
scanId=135055,2.250783333333,347.2245325621132,2364.0
scanId=135055,2.250783333333,347.2352634388191,1885.0
scanId=135055,2.250783333333,347.2459943051353,1585.0
scanId=135055,2.250783333333,347.2567255134712,1610.0
scanId=135055,2.250783333333,347.26745671140753,1568.0
scanId=135055,2.250783333333,347.27818825137314,1302.0
scanId=135055,2.250783333333,348.1479864269271,1146.0
scanId=135055,2.250783333333,348.15873156371606,1383.0
scanId=135055,2.250783333333,348.16947668970573,1287.0
scanId=135055,2.250783333333,348.1802221581244,1526.0
scanId=135055,2.250783333333,348.19096761573445,2722.0
scanId=135055,2.250783333333,348.201713415783,4305.0
scanId=135055,2.250783333333,348.2124592050134,4587.0
scanId=135055,2.250783333333,348.22320533669176,3745.0
scanId=135055,2.250783333333,348.23395145754256,2900.0
scanId=135055,2.250783333333,348.2446979208508,2391.0
scanId=135055,2.250783333333,348.25544437332195,1917.0
scanId=135055,2.250783333333,348.26619116826004,1527.0
scanId=135055,2.250783333333,348.2769379523517,1248.0
scanId=135055,2.250783333333,349.1264649298555,1164.0
scanId=135055,2.250783333333,349.1372249787656,1887.0
scanId=135055,2.250783333333,349.1479853705269,2459.0
scanId=135055,2.250783333333,349.1587457510575,3737.0
scanId=135055,2.250783333333,349.1695064744487,5962.0
scanId=135055,2.250783333333,349.18026718659985,6924.0
scanId=135055,2.250783333333,349.191028241621,6112.0
scanId=135055,2.250783333333,349.20178928539264,5154.0
scanId=135055,2.250783333333,349.21255067204345,4496.0
scanId=135055,2.250783333333,349.2233120474356,4094.0
scanId=135055,2.250783333333,349.23407376571635,4191.0
scanId=135055,2.250783333333,349.24483547272905,4637.0
scanId=135055,2.250783333333,349.2555975226396,4693.0
scanId=135055,2.250783333333,349.26635956127285,3960.0
scanId=135055,2.250783333333,349.27712194281327,2922.0
scanId=135055,2.250783333333,349.287884313067,2100.0
scanId=135055,2.250783333333,349.2986470262374,1482.0
scanId=135055,2.250783333333,349.3094097281117,1002.0
scanId=135055,2.250783333333,350.1709701952484,1221.0
scanId=135055,2.250783333333,350.1817465052419,1666.0
scanId=135055,2.250783333333,350.1925228035616,2413.0
scanId=135055,2.250783333333,350.20329944518494,5411.0
scanId=135055,2.250783333333,350.2140760751254,11969.0
scanId=135055,2.250783333333,350.2248530483785,16986.0
scanId=135055,2.250783333333,350.23563000993954,15984.0
scanId=135055,2.250783333333,350.24640731482253,11898.0
scanId=135055,2.250783333333,350.25718460800425,8245.0
scanId=135055,2.250783333333,350.2679622445171,5634.0
scanId=135055,2.250783333333,350.2787398693195,3944.0
scanId=135055,2.250783333333,350.2895178374622,2744.0
scanId=135055,2.250783333333,350.30029579388525,1948.0
scanId=135055,2.250783333333,350.3110740936578,1326.0
scanId=135055,2.250783333333,351.16307664199,1106.0
scanId=135055,2.250783333333,351.173868206956,1270.0
scanId=135055,2.250783333333,351.1846597598304,1342.0
scanId=135055,2.250783333333,351.1954516564262,1358.0
scanId=135055,2.250783333333,351.2062435409213,1654.0
scanId=135055,2.250783333333,351.217035769147,2727.0
scanId=135055,2.250783333333,351.22782798526305,4040.0
scanId=135055,2.250783333333,351.23862054511864,4397.0
scanId=135055,2.250783333333,351.24941309285543,3724.0
scanId=135055,2.250783333333,351.2602059843408,2899.0
scanId=135055,2.250783333333,351.2709988636985,2432.0
scanId=135055,2.250783333333,351.28179208681365,2049.0
scanId=135055,2.250783333333,351.2925852977922,1539.0
scanId=135055,2.250783333333,351.30337885253715,1047.0
scanId=135055,2.250783333333,352.1782001545076,1218.0
scanId=135055,2.250783333333,352.18900730607584,1503.0
scanId=135055,2.250783333333,352.19981444513263,1728.0
scanId=135055,2.250783333333,352.21062192833074,2564.0
scanId=135055,2.250783333333,352.22142939900846,6542.0
scanId=135055,2.250783333333,352.23223721383647,13159.0
scanId=135055,2.250783333333,352.2430450161352,16437.0
scanId=135055,2.250783333333,352.253853162593,14302.0
scanId=135055,2.250783333333,352.2646612965126,10287.0
scanId=135055,2.250783333333,352.2754697746004,7035.0
scanId=135055,2.250783333333,352.2862782401411,4850.0
scanId=135055,2.250783333333,352.29708704985853,3357.0
scanId=135055,2.250783333333,352.30789584702023,2312.0
scanId=135055,2.250783333333,352.3187049883676,1615.0
scanId=135055,2.250783333333,352.3295141171501,1090.0
scanId=135055,2.250783333333,353.1731439879008,1493.0
scanId=135055,2.250783333333,353.1839663944417,2695.0
scanId=135055,2.250783333333,353.1947887880667,4351.0
scanId=135055,2.250783333333,353.2056115262373,5296.0
scanId=135055,2.250783333333,353.2164342514834,5171.0
scanId=135055,2.250783333333,353.22725732128384,5231.0
scanId=135055,2.250783333333,353.2380803781511,6177.0
scanId=135055,2.250783333333,353.2489037795814,6044.0
scanId=135055,2.250783333333,353.25972716806973,4916.0
scanId=135055,2.250783333333,353.2705509011298,3626.0
scanId=135055,2.250783333333,353.2813746212393,2611.0
scanId=135055,2.250783333333,353.29219868592924,1961.0
scanId=135055,2.250783333333,353.30302273766006,1455.0
scanId=135055,2.250783333333,353.31384713397983,1027.0
scanId=135055,2.250783333333,353.69280224915065,1249.0
scanId=135055,2.250783333333,353.7036326148075,2298.0
scanId=135055,2.250783333333,353.71446296734024,2474.0
scanId=135055,2.250783333333,353.7252936646269,1930.0
scanId=135055,2.250783333333,353.7361243487809,1345.0
scanId=135055,2.250783333333,354.20200456317315,1180.0
scanId=135055,2.250783333333,354.21284254299434,1470.0
scanId=135055,2.250783333333,354.22368086776737,1659.0
scanId=135055,2.250783333333,354.2345191792098,1922.0
scanId=135055,2.250783333333,354.2453578356126,2404.0
scanId=135055,2.250783333333,354.2561964786762,2823.0
scanId=135055,2.250783333333,354.2670354667088,2656.0
scanId=135055,2.250783333333,354.2778744413937,2038.0
scanId=135055,2.250783333333,354.2887137610562,1436.0
scanId=135055,2.250783333333,354.29955306736247,1004.0
scanId=135055,2.250783333333,355.1780948885473,1343.0
scanId=135055,2.250783333333,355.1889477913287,2657.0
scanId=135055,2.250783333333,355.19980103944425,3602.0
scanId=135055,2.250783333333,355.21065427384707,3433.0
scanId=135055,2.250783333333,355.22150785359247,2737.0
scanId=135055,2.250783333333,355.23236141961667,2283.0
scanId=135055,2.250783333333,355.2432153309919,2074.0
scanId=135055,2.250783333333,355.2540692286377,1890.0
scanId=135055,2.250783333333,355.2649234716428,1713.0
scanId=135055,2.250783333333,355.2757777009098,1605.0
scanId=135055,2.250783333333,355.2866322755447,1352.0
scanId=135055,2.250783333333,355.2974868364332,1000.0
scanId=135055,2.250783333333,356.18813245226687,1078.0
scanId=135055,2.250783333333,356.1990009553549,1384.0
scanId=135055,2.250783333333,356.209869444346,1501.0
scanId=135055,2.250783333333,356.2207382790639,1354.0
scanId=135055,2.250783333333,356.2316070996766,1125.0
scanId=135055,2.250783333333,357.1343047908888,1044.0
scanId=135055,2.250783333333,357.1451875396097,1685.0
scanId=135055,2.250783333333,357.1560706344106,3336.0
scanId=135055,2.250783333333,357.1669537147531,5404.0
scanId=135055,2.250783333333,357.1778371411838,6148.0
scanId=135055,2.250783333333,357.188720553148,5805.0
scanId=135055,2.250783333333,357.1996043112086,6225.0
scanId=135055,2.250783333333,357.21048805479467,7233.0
scanId=135055,2.250783333333,357.22137214448503,7132.0
scanId=135055,2.250783333333,357.2322562196927,5624.0
scanId=135055,2.250783333333,357.2431406410129,3888.0
scanId=135055,2.250783333333,357.2540250478422,2672.0
scanId=135055,2.250783333333,357.2649098007922,1918.0
scanId=135055,2.250783333333,357.2757945392433,1503.0
scanId=135055,2.250783333333,357.2866796238232,1228.0
scanId=135055,2.250783333333,358.1689147463062,1608.0
scanId=135055,2.250783333333,358.17981342770935,2139.0
scanId=135055,2.250783333333,358.1907120942749,2293.0
scanId=135055,2.250783333333,358.2016111073079,2429.0
scanId=135055,2.250783333333,358.2125101054953,2614.0
scanId=135055,2.250783333333,358.22340945015816,2426.0
scanId=135055,2.250783333333,358.23430877996736,1984.0
scanId=135055,2.250783333333,358.2452084562602,1449.0
scanId=135055,2.250783333333,358.2561081176912,1028.0
scanId=135055,2.250783333333,359.18319315477544,1285.0
scanId=135055,2.250783333333,359.1941070759488,1672.0
scanId=135055,2.250783333333,359.2050213439543,1849.0
scanId=135055,2.250783333333,359.21593559674966,1907.0
scanId=135055,2.250783333333,359.226850196385,1780.0
scanId=135055,2.250783333333,359.2377647808023,1413.0
scanId=135055,2.250783333333,360.6908941970447,1081.0
scanId=135055,2.250783333333,360.701831000142,1830.0
scanId=135055,2.250783333333,360.7127681506062,2219.0
scanId=135055,2.250783333333,360.72370528532576,1978.0
scanId=135055,2.250783333333,360.73464276741976,1406.0
scanId=135055,2.250783333333,361.1284992861649,1318.0
scanId=135055,2.250783333333,361.1394427217068,1774.0
scanId=135055,2.250783333333,361.1503865047677,1837.0
scanId=135055,2.250783333333,361.1613302719318,1802.0
scanId=135055,2.250783333333,361.1722743866225,2141.0
scanId=135055,2.250783333333,361.1832184854088,2462.0
scanId=135055,2.250783333333,361.1941629317294,3130.0
scanId=135055,2.250783333333,361.205107362138,4017.0
scanId=135055,2.250783333333,361.2160521400885,4005.0
scanId=135055,2.250783333333,361.22699690211925,3524.0
scanId=135055,2.250783333333,361.2379420116995,2996.0
scanId=135055,2.250783333333,361.2488871053527,2375.0
scanId=135055,2.250783333333,361.2598325465629,1834.0
scanId=135055,2.250783333333,361.27077797183824,1551.0
scanId=135055,2.250783333333,361.2817237446782,1328.0
scanId=135055,2.250783333333,362.17983392750864,1669.0
scanId=135055,2.250783333333,362.19079328092215,2552.0
scanId=135055,2.250783333333,362.2017529822152,3226.0
scanId=135055,2.250783333333,362.2127126672511,3449.0
scanId=135055,2.250783333333,362.223672700174,3650.0
scanId=135055,2.250783333333,362.2346327168323,3841.0
scanId=135055,2.250783333333,362.245593081385,3444.0
scanId=135055,2.250783333333,362.25655342966576,2639.0
scanId=135055,2.250783333333,362.2675141258483,2064.0
scanId=135055,2.250783333333,362.2784748057515,1717.0
scanId=135055,2.250783333333,362.2894358335639,1356.0
scanId=135055,2.250783333333,363.12295219670034,1543.0
scanId=135055,2.250783333333,363.1339258098799,3830.0
scanId=135055,2.250783333333,363.144899771256,7542.0
scanId=135055,2.250783333333,363.155873716058,9172.0
scanId=135055,2.250783333333,363.1668480090639,8157.0
scanId=135055,2.250783333333,363.1778222854885,7398.0
scanId=135055,2.250783333333,363.18879691012415,7004.0
scanId=135055,2.250783333333,363.1997715181713,5878.0
scanId=135055,2.250783333333,363.2107464744368,4594.0
scanId=135055,2.250783333333,363.22172141410647,3696.0
scanId=135055,2.250783333333,363.232696702002,3084.0
scanId=135055,2.250783333333,363.24367197329417,2577.0
scanId=135055,2.250783333333,363.25464759281937,1941.0
scanId=135055,2.250783333333,363.2656231957342,1421.0
scanId=135055,2.250783333333,363.2765991468892,1127.0
scanId=135055,2.250783333333,363.2875750814265,1194.0
scanId=135055,2.250783333333,363.2985513642114,1288.0
scanId=135055,2.250783333333,363.3095276303712,1088.0
scanId=135055,2.250783333333,364.1552051766726,1691.0
scanId=135055,2.250783333333,364.1661943761145,1977.0
scanId=135055,2.250783333333,364.1771839240928,2253.0
scanId=135055,2.250783333333,364.18817345515725,3122.0
scanId=135055,2.250783333333,364.1991633347655,3852.0
scanId=135055,2.250783333333,364.2101531974527,3667.0
scanId=135055,2.250783333333,364.2211434086908,3076.0
scanId=135055,2.250783333333,364.2321336030005,2519.0
scanId=135055,2.250783333333,364.2431241458684,2059.0
scanId=135055,2.250783333333,364.254114671801,1661.0
scanId=135055,2.250783333333,364.2651055462987,1313.0
scanId=135055,2.250783333333,365.1559095530764,1169.0
scanId=135055,2.250783333333,365.16691402439744,1497.0
scanId=135055,2.250783333333,365.1779184784854,2028.0
scanId=135055,2.250783333333,365.18892328143625,2569.0
scanId=135055,2.250783333333,365.199928067147,3679.0
scanId=135055,2.250783333333,365.2109332017279,4638.0
scanId=135055,2.250783333333,365.2219383190616,4689.0
scanId=135055,2.250783333333,365.2329437852721,4074.0
scanId=135055,2.250783333333,365.2439492342285,3568.0
scanId=135055,2.250783333333,365.2549550320688,3192.0
scanId=135055,2.250783333333,365.2659608126481,2727.0
scanId=135055,2.250783333333,365.2769669421183,2113.0
scanId=135055,2.250783333333,365.2879730543204,1507.0
scanId=135055,2.250783333333,365.29897951542046,1168.0
scanId=135055,2.250783333333,366.1910460234655,1322.0
scanId=135055,2.250783333333,366.2020660813888,3505.0
scanId=135055,2.250783333333,366.2130861217522,6786.0
scanId=135055,2.250783333333,366.2241065113054,7706.0
scanId=135055,2.250783333333,366.2351268832919,6067.0
scanId=135055,2.250783333333,366.2461476044749,4370.0
scanId=135055,2.250783333333,366.2571683080845,3269.0
scanId=135055,2.250783333333,366.2681893608973,2449.0
scanId=135055,2.250783333333,366.2792103961297,1764.0
scanId=135055,2.250783333333,366.2902317805724,1323.0
scanId=135055,2.250783333333,367.16143778526936,1023.0
scanId=135055,2.250783333333,367.1724724349055,1625.0
scanId=135055,2.250783333333,367.1835070666819,2887.0
scanId=135055,2.250783333333,367.194542047948,4501.0
scanId=135055,2.250783333333,367.20557701134754,5006.0
scanId=135055,2.250783333333,367.2166123242433,4725.0
scanId=135055,2.250783333333,367.2276476192659,4297.0
scanId=135055,2.250783333333,367.23868326379153,3615.0
scanId=135055,2.250783333333,367.2497188904373,2924.0
scanId=135055,2.250783333333,367.2607548665927,2368.0
scanId=135055,2.250783333333,367.2717908248616,1771.0
scanId=135055,2.250783333333,367.2828271326469,1221.0
scanId=135055,2.250783333333,368.188361101679,2012.0
scanId=135055,2.250783333333,368.19941098812063,3252.0
scanId=135055,2.250783333333,368.2104612243591,4684.0
scanId=135055,2.250783333333,368.22151144242383,6413.0
scanId=135055,2.250783333333,368.23256201029216,7557.0
scanId=135055,2.250783333333,368.2436125599803,6996.0
scanId=135055,2.250783333333,368.2546634594784,5256.0
scanId=135055,2.250783333333,368.26571434078966,3649.0
scanId=135055,2.250783333333,368.2767655719176,2604.0
scanId=135055,2.250783333333,368.2878167848521,1902.0
scanId=135055,2.250783333333,368.2988683476099,1446.0
scanId=135055,2.250783333333,368.3099198921676,1072.0
scanId=135055,2.250783333333,368.3983389539606,1970.0
scanId=135055,2.250783333333,368.4093921748676,5109.0
scanId=135055,2.250783333333,368.4204453775416,7338.0
scanId=135055,2.250783333333,368.4314989300784,6908.0
scanId=135055,2.250783333333,368.4425524643756,5152.0
scanId=135055,2.250783333333,368.4536063485422,3534.0
scanId=135055,2.250783333333,368.4646602144627,2451.0
scanId=135055,2.250783333333,368.4757144302593,1684.0
scanId=135055,2.250783333333,368.4867686278031,1111.0
scanId=135055,2.250783333333,369.1835232428547,1061.0
scanId=135055,2.250783333333,369.1945880523444,1825.0
scanId=135055,2.250783333333,369.20565321192544,2422.0
scanId=135055,2.250783333333,369.2167183530385,2560.0
scanId=135055,2.250783333333,369.2277838442494,2701.0
scanId=135055,2.250783333333,369.2388493169858,2803.0
scanId=135055,2.250783333333,369.24991513982656,2385.0
scanId=135055,2.250783333333,369.2609809441863,1847.0
scanId=135055,2.250783333333,369.2720470986569,1432.0
scanId=135055,2.250783333333,369.2831132346401,1282.0
scanId=135055,2.250783333333,369.2941797207407,1082.0
scanId=135055,2.250783333333,369.41592090568014,1411.0
scanId=135055,2.250783333333,369.4269893815596,1745.0
scanId=135055,2.250783333333,369.4380578389065,1497.0
scanId=135055,2.250783333333,369.4491266464157,1056.0
scanId=135055,2.250783333333,370.2243487659349,1149.0
scanId=135055,2.250783333333,370.2354291617258,1372.0
scanId=135055,2.250783333333,370.2465099079092,1442.0
scanId=135055,2.250783333333,370.2575906353235,1271.0
scanId=135055,2.250783333333,370.2686717131367,1017.0
scanId=135055,2.250783333333,371.1556877900083,1316.0
scanId=135055,2.250783333333,371.16678211398863,1413.0
scanId=135055,2.250783333333,371.1778767886253,1220.0
scanId=135055,2.250783333333,371.1889714442293,1077.0
scanId=135055,2.250783333333,371.2000664504956,1215.0
scanId=135055,2.250783333333,371.2111614377232,1892.0
scanId=135055,2.250783333333,371.2222567756194,2946.0
scanId=135055,2.250783333333,371.2333520944706,3341.0
scanId=135055,2.250783333333,371.2444477639967,2716.0
scanId=135055,2.250783333333,371.2555434144715,2033.0
scanId=135055,2.250783333333,371.26663941562737,1731.0
scanId=135055,2.250783333333,371.2777353977258,1414.0
scanId=135055,2.250783333333,371.2888317305117,1044.0
scanId=135055,2.250783333333,372.1881777724309,1056.0
scanId=135055,2.250783333333,372.1992877020399,1395.0
scanId=135055,2.250783333333,372.21039761233374,1746.0
scanId=135055,2.250783333333,372.2215078735726,2004.0
scanId=135055,2.250783333333,372.2326181154903,1841.0
scanId=135055,2.250783333333,372.243728708359,1334.0
scanId=135055,2.250783333333,372.25483928190033,1046.0
scanId=135055,2.250783333333,373.17760268742217,1238.0
scanId=135055,2.250783333333,373.1887271891644,1863.0
scanId=135055,2.250783333333,373.1998520421161,2954.0
scanId=135055,2.250783333333,373.21097687548206,3517.0
scanId=135055,2.250783333333,373.2221020600636,3255.0
scanId=135055,2.250783333333,373.2332272250535,2725.0
scanId=135055,2.250783333333,373.2443527412648,2205.0
scanId=135055,2.250783333333,373.25547823787866,1695.0
scanId=135055,2.250783333333,373.2666040857199,1226.0
scanId=135055,2.250783333333,373.72290271882537,1117.0
scanId=135055,2.250783333333,373.7340355308931,1047.0
scanId=135055,2.250783333333,374.20175947099153,1299.0
scanId=135055,2.250783333333,374.2128992274358,1816.0
scanId=135055,2.250783333333,374.2240393353599,1859.0
scanId=135055,2.250783333333,374.2351794234283,1508.0
scanId=135055,2.250783333333,374.2463198629823,1197.0
scanId=135055,2.250783333333,374.2574602826745,1010.0
scanId=135055,2.250783333333,375.19385528929695,1104.0
scanId=135055,2.250783333333,375.20500998893385,1440.0
scanId=135055,2.250783333333,375.2161646684622,2291.0
scanId=135055,2.250783333333,375.227319699729,2854.0
scanId=135055,2.250783333333,375.2384747108814,2611.0
scanId=135055,2.250783333333,375.249630073778,2144.0
scanId=135055,2.250783333333,375.26078541655465,1741.0
scanId=135055,2.250783333333,375.2719411110811,1477.0
scanId=135055,2.250783333333,375.28309678548186,1266.0
scanId=135055,2.250783333333,375.2942528116383,1034.0
scanId=135055,2.250783333333,376.1984339732292,1150.0
scanId=135055,2.250783333333,376.2096035962088,1638.0
scanId=135055,2.250783333333,376.22077319882703,1892.0
scanId=135055,2.250783333333,376.2319431534365,1818.0
scanId=135055,2.250783333333,376.2431130876792,1488.0
scanId=135055,2.250783333333,376.2542833739184,1134.0
scanId=135055,2.250783333333,377.15961959244936,1477.0
scanId=135055,2.250783333333,377.1708034755119,1786.0
scanId=135055,2.250783333333,377.1819873379772,1694.0
scanId=135055,2.250783333333,377.19317155266975,1733.0
scanId=135055,2.250783333333,377.2043557467594,2122.0
scanId=135055,2.250783333333,377.2155402930816,2397.0
scanId=135055,2.250783333333,377.2267248187958,2345.0
scanId=135055,2.250783333333,377.2379096967479,2205.0
scanId=135055,2.250783333333,377.2490945540864,1920.0
scanId=135055,2.250783333333,377.26027976366834,1541.0
scanId=135055,2.250783333333,377.2714649526313,1170.0
scanId=135055,2.250783333333,378.1668247629533,1229.0
scanId=135055,2.250783333333,378.17802356935846,1449.0
scanId=135055,2.250783333333,378.1892223549252,1716.0
scanId=135055,2.250783333333,378.2004214929602,1895.0
scanId=135055,2.250783333333,378.2116206101516,2111.0
scanId=135055,2.250783333333,378.2228200798165,2118.0
scanId=135055,2.250783333333,378.2340195286324,1804.0
scanId=135055,2.250783333333,378.2452193299271,1410.0
scanId=135055,2.250783333333,378.2564191103676,1150.0
scanId=135055,2.250783333333,378.2676192432922,1025.0
scanId=135055,2.250783333333,379.1753730235708,1146.0
scanId=135055,2.250783333333,379.1865867533186,1799.0
scanId=135055,2.250783333333,379.1978004619927,2943.0
scanId=135055,2.250783333333,379.2090145233705,7739.0
scanId=135055,2.250783333333,379.22022856366925,18679.0
scanId=135055,2.250783333333,379.2314429566768,27997.0
scanId=135055,2.250783333333,379.2426573286002,27283.0
scanId=135055,2.250783333333,379.2538720532376,21065.0
scanId=135055,2.250783333333,379.2650867567857,15106.0
scanId=135055,2.250783333333,379.2763018130529,10712.0
scanId=135055,2.250783333333,379.2875168482257,7562.0
scanId=135055,2.250783333333,379.2987322361227,5441.0
scanId=135055,2.250783333333,379.3099476029202,3800.0
scanId=135055,2.250783333333,379.3211633224472,2468.0
scanId=135055,2.250783333333,379.3323790208694,1471.0
scanId=135055,2.250783333333,380.2077216594423,1495.0
scanId=135055,2.250783333333,380.2189506441625,3675.0
scanId=135055,2.250783333333,380.2301796075746,6773.0
scanId=135055,2.250783333333,380.2414089239247,7809.0
scanId=135055,2.250783333333,380.2526382189616,6397.0
scanId=135055,2.250783333333,380.2638678669416,4626.0
scanId=135055,2.250783333333,380.27509749360337,3276.0
scanId=135055,2.250783333333,380.2863274732132,2333.0
scanId=135055,2.250783333333,380.2975574314996,1666.0
scanId=135055,2.250783333333,380.3087877427393,1143.0
scanId=135055,2.250783333333,381.1515265432815,1383.0
scanId=135055,2.250783333333,381.1627694564549,1780.0
scanId=135055,2.250783333333,381.17401234811126,2048.0
scanId=135055,2.250783333333,381.1852555929145,2344.0
scanId=135055,2.250783333333,381.1964988161957,3229.0
scanId=135055,2.250783333333,381.20774239262886,4532.0
scanId=135055,2.250783333333,381.21898594753503,5309.0
scanId=135055,2.250783333333,381.2302298555981,5386.0
scanId=135055,2.250783333333,381.2414737421292,5031.0
scanId=135055,2.250783333333,381.252717981822,4110.0
scanId=135055,2.250783333333,381.2639621999781,3090.0
scanId=135055,2.250783333333,381.2752067713007,2565.0
scanId=135055,2.250783333333,381.2864513210817,2058.0
scanId=135055,2.250783333333,381.29769622403415,1454.0
scanId=135055,2.250783333333,382.1865600341735,1300.0
scanId=135055,2.250783333333,382.1978182023194,2129.0
scanId=135055,2.250783333333,382.2090763487253,3110.0
scanId=135055,2.250783333333,382.22033484850107,3515.0
scanId=135055,2.250783333333,382.231593326532,3297.0
scanId=135055,2.250783333333,382.24285215793753,2611.0
scanId=135055,2.250783333333,382.2541109675934,1917.0
scanId=135055,2.250783333333,382.26537013062887,1366.0
scanId=135055,2.250783333333,383.1666329073322,1057.0
scanId=135055,2.250783333333,383.17790531361806,1010.0
scanId=135055,2.250783333333,383.1891780734768,1079.0
scanId=135055,2.250783333333,383.2004508113877,1394.0
scanId=135055,2.250783333333,383.21172390287626,1797.0
scanId=135055,2.250783333333,383.2229969724125,1938.0
scanId=135055,2.250783333333,383.23427039553087,1759.0
scanId=135055,2.250783333333,383.2455437966922,1443.0
scanId=135055,2.250783333333,383.25681755144063,1159.0
scanId=135055,2.250783333333,384.19310933576446,1074.0
scanId=135055,2.250783333333,384.204397018966,1490.0
scanId=135055,2.250783333333,384.21568468001294,1968.0
scanId=135055,2.250783333333,384.22697269484416,2292.0
scanId=135055,2.250783333333,384.2382606875164,2214.0
scanId=135055,2.250783333333,384.2495490339775,1840.0
scanId=135055,2.250783333333,384.260837358275,1356.0
scanId=135055,2.250783333333,385.14184485690754,2805.0
scanId=135055,2.250783333333,385.153146468562,13335.0
scanId=135055,2.250783333333,385.1644480578744,30790.0
scanId=135055,2.250783333333,385.1757500011588,39383.0
scanId=135055,2.250783333333,385.1870519220966,33675.0
scanId=135055,2.250783333333,385.1983541970108,24141.0
scanId=135055,2.250783333333,385.209656449574,16818.0
scanId=135055,2.250783333333,385.220959056118,11799.0
scanId=135055,2.250783333333,385.23226164030666,8433.0
scanId=135055,2.250783333333,385.24356457848046,6090.0
scanId=135055,2.250783333333,385.2548674942945,4228.0
scanId=135055,2.250783333333,385.2661707640982,2993.0
scanId=135055,2.250783333333,385.2774740115377,2409.0
scanId=135055,2.250783333333,385.2887776129714,2170.0
scanId=135055,2.250783333333,385.3000811920363,1754.0
scanId=135055,2.250783333333,385.31138512509966,1253.0
scanId=135055,2.250783333333,385.3679067130634,1122.0
scanId=135055,2.250783333333,385.3792116410163,1212.0
scanId=135055,2.250783333333,385.390516546583,1059.0
scanId=135055,2.250783333333,386.14832934233374,1574.0
scanId=135055,2.250783333333,386.1596455231676,4863.0
scanId=135055,2.250783333333,386.1709620581647,8813.0
scanId=135055,2.250783333333,386.1822785706241,9298.0
scanId=135055,2.250783333333,386.193595437251,7044.0
scanId=135055,2.250783333333,386.204912281336,5024.0
scanId=135055,2.250783333333,386.2162294795928,3917.0
scanId=135055,2.250783333333,386.2275466553032,3115.0
scanId=135055,2.250783333333,386.23886418519,2499.0
scanId=135055,2.250783333333,386.250181692526,2027.0
scanId=135055,2.250783333333,386.2614995540425,1668.0
scanId=135055,2.250783333333,386.27281739300406,1490.0
scanId=135055,2.250783333333,386.2841355861504,1350.0
scanId=135055,2.250783333333,386.2954537567376,1082.0
scanId=135055,2.250783333333,387.1674581776,1703.0
scanId=135055,2.250783333333,387.1787892815863,2408.0
scanId=135055,2.250783333333,387.1901207399261,2686.0
scanId=135055,2.250783333333,387.2014521755383,2642.0
scanId=135055,2.250783333333,387.2127839655079,2340.0
scanId=135055,2.250783333333,387.2241157327456,2026.0
scanId=135055,2.250783333333,387.23544785434507,1763.0
scanId=135055,2.250783333333,387.2467799532085,1654.0
scanId=135055,2.250783333333,387.25811240643776,1546.0
scanId=135055,2.250783333333,387.2694448369268,1382.0
scanId=135055,2.250783333333,387.28077762178594,1058.0
scanId=135055,2.250783333333,388.1992761324192,1017.0
scanId=135055,2.250783333333,388.21062251410166,1048.0
scanId=135055,2.250783333333,388.221968872872,1093.0
scanId=135055,2.250783333333,388.2333155861843,1108.0
scanId=135055,2.250783333333,389.15294229457663,1679.0
scanId=135055,2.250783333333,389.1643026047122,3369.0
scanId=135055,2.250783333333,389.1756628917688,4507.0
scanId=135055,2.250783333333,389.18702353353416,4762.0
scanId=135055,2.250783333333,389.1983841522167,4637.0
scanId=135055,2.250783333333,389.2097451256119,3928.0
scanId=135055,2.250783333333,389.22110607592026,3124.0
scanId=135055,2.250783333333,389.23246738094537,2585.0
scanId=135055,2.250783333333,389.2438286628799,2193.0
scanId=135055,2.250783333333,389.2551902995348,1816.0
scanId=135055,2.250783333333,389.26655191309504,1414.0
scanId=135055,2.250783333333,389.2779138813798,1091.0
scanId=135055,2.250783333333,390.1646509128636,1044.0
scanId=135055,2.250783333333,390.1760257914633,1418.0
scanId=135055,2.250783333333,390.1874010249416,1396.0
scanId=135055,2.250783333333,390.1987762351673,1532.0
scanId=135055,2.250783333333,390.2101518002754,1731.0
scanId=135055,2.250783333333,390.2215273421273,1603.0
scanId=135055,2.250783333333,390.2329032388652,1442.0
scanId=135055,2.250783333333,390.2442791123431,1294.0
scanId=135055,2.250783333333,390.2556553407108,1034.0
scanId=135055,2.250783333333,391.1662832843935,1281.0
scanId=135055,2.250783333333,391.1776727545419,1523.0
scanId=135055,2.250783333333,391.1890625797329,1638.0
scanId=135055,2.250783333333,391.2004523815074,1639.0
scanId=135055,2.250783333333,391.2118425383282,1597.0
scanId=135055,2.250783333333,391.2232326717288,1594.0
scanId=135055,2.250783333333,391.2346231601795,1542.0
scanId=135055,2.250783333333,391.2460136252063,1234.0
scanId=135055,2.250783333333,392.2376271451236,1005.0
scanId=135055,2.250783333333,392.2490322017046,1021.0
scanId=135055,2.250783333333,393.1619815415423,1489.0
scanId=135055,2.250783333333,393.1734002185291,2073.0
scanId=135055,2.250783333333,393.1848188717904,3109.0
scanId=135055,2.250783333333,393.1962378804071,4673.0
scanId=135055,2.250783333333,393.2076568652948,5225.0
scanId=135055,2.250783333333,393.2190762055412,4426.0
scanId=135055,2.250783333333,393.2304955220555,3432.0
scanId=135055,2.250783333333,393.2419151939318,2773.0
scanId=135055,2.250783333333,393.2533348420724,2304.0
scanId=135055,2.250783333333,393.2647548455785,2046.0
scanId=135055,2.250783333333,393.2761748253455,2288.0
scanId=135055,2.250783333333,393.2875951604815,2554.0
scanId=135055,2.250783333333,393.2990154718749,2300.0
scanId=135055,2.250783333333,393.3104361386406,1820.0
scanId=135055,2.250783333333,393.3218567816605,1352.0
scanId=135055,2.250783333333,394.1903180264285,1144.0
scanId=135055,2.250783333333,394.201751626758,1600.0
scanId=135055,2.250783333333,394.2131852032103,1841.0
scanId=135055,2.250783333333,394.2246191351696,1852.0
scanId=135055,2.250783333333,394.2360530432484,1783.0
scanId=135055,2.250783333333,394.2474873068375,1507.0
scanId=135055,2.250783333333,394.2589215465429,1192.0
scanId=135055,2.250783333333,395.18565340899056,1106.0
scanId=135055,2.250783333333,395.1971012453861,1265.0
scanId=135055,2.250783333333,395.2085494374284,1467.0
scanId=135055,2.250783333333,395.2199976054506,1886.0
scanId=135055,2.250783333333,395.2314461291227,2181.0
scanId=135055,2.250783333333,395.2428946287716,2093.0
scanId=135055,2.250783333333,395.25434348407344,1984.0
scanId=135055,2.250783333333,395.265792315349,1944.0
scanId=135055,2.250783333333,395.27724150228073,1810.0
scanId=135055,2.250783333333,395.2886906651831,1472.0
scanId=135055,2.250783333333,395.3001401837447,1099.0
scanId=135055,2.250783333333,396.2166313126504,1412.0
scanId=135055,2.250783333333,396.2280940722477,1616.0
scanId=135055,2.250783333333,396.2395571876326,1569.0
scanId=135055,2.250783333333,396.25102027885686,1298.0
scanId=135055,2.250783333333,396.2624837258716,1012.0
scanId=135055,2.250783333333,397.2145198771871,1274.0
scanId=135055,2.250783333333,397.225997252655,2439.0
scanId=135055,2.250783333333,397.2374746038328,3787.0
scanId=135055,2.250783333333,397.2489523109305,3971.0
scanId=135055,2.250783333333,397.2604299937352,3204.0
scanId=135055,2.250783333333,397.2719080324627,2260.0
scanId=135055,2.250783333333,397.2833860468942,1584.0
scanId=135055,2.250783333333,397.2948644172515,1212.0
scanId=135055,2.250783333333,398.2366472576724,1232.0
scanId=135055,2.250783333333,398.2481392004358,1402.0
scanId=135055,2.250783333333,398.2596314992463,1185.0
scanId=135055,2.250783333333,399.202556467948,1110.0
scanId=135055,2.250783333333,399.2140623390479,1699.0
scanId=135055,2.250783333333,399.2255685663115,1959.0
scanId=135055,2.250783333333,399.23707476903854,1919.0
scanId=135055,2.250783333333,399.248581327932,1907.0
scanId=135055,2.250783333333,399.26008786228624,2063.0
scanId=135055,2.250783333333,399.2715947528095,1902.0
scanId=135055,2.250783333333,399.2831016187908,1694.0
scanId=135055,2.250783333333,399.2946088409441,1768.0
scanId=135055,2.250783333333,399.3061160385525,1860.0
scanId=135055,2.250783333333,399.31762359233545,1668.0
scanId=135055,2.250783333333,399.32913112157104,1234.0
scanId=135055,2.250783333333,400.215716237061,1026.0
scanId=135055,2.250783333333,400.2272366997568,1153.0
scanId=135055,2.250783333333,400.2387575187332,1156.0
scanId=135055,2.250783333333,400.2502783130561,1012.0
scanId=135055,2.250783333333,401.1263510919507,1258.0
scanId=135055,2.250783333333,401.1378848444908,2538.0
scanId=135055,2.250783333333,401.149418572278,3854.0
scanId=135055,2.250783333333,401.1609526564479,4563.0
scanId=135055,2.250783333333,401.1724867158625,4425.0
scanId=135055,2.250783333333,401.18402113166223,4052.0
scanId=135055,2.250783333333,401.1955555227042,4176.0
scanId=135055,2.250783333333,401.2070902701337,4803.0
scanId=135055,2.250783333333,401.21862499280303,4913.0
scanId=135055,2.250783333333,401.2301600718624,4036.0
scanId=135055,2.250783333333,401.241695126159,2914.0
scanId=135055,2.250783333333,401.2532305368484,2096.0
scanId=135055,2.250783333333,401.2647659227724,1582.0
scanId=135055,2.250783333333,401.27630166509147,1298.0
scanId=135055,2.250783333333,401.2878373826428,1132.0
scanId=135055,2.250783333333,402.1534960119329,1171.0
scanId=135055,2.250783333333,402.16504433132576,1477.0
scanId=135055,2.250783333333,402.17659300720845,1516.0
scanId=135055,2.250783333333,402.1881416582288,1396.0
scanId=135055,2.250783333333,402.1996906657413,1549.0
scanId=135055,2.250783333333,402.211239648389,2212.0
scanId=135055,2.250783333333,402.22278898753154,2602.0
scanId=135055,2.250783333333,402.2343383018069,2537.0
scanId=135055,2.250783333333,402.2458879725791,2200.0
scanId=135055,2.250783333333,402.2574376184818,1755.0
scanId=135055,2.250783333333,402.2689876208838,1335.0
scanId=135055,2.250783333333,402.280537598414,1071.0
scanId=135055,2.250783333333,402.3498415177546,1338.0
scanId=135055,2.250783333333,402.361392846676,1519.0
scanId=135055,2.250783333333,402.37294415071614,1268.0
scanId=135055,2.250783333333,403.1472657301541,1592.0
scanId=135055,2.250783333333,403.1588283095302,5785.0
scanId=135055,2.250783333333,403.1703912454958,14566.0
scanId=135055,2.250783333333,403.1819541564994,20775.0
scanId=135055,2.250783333333,403.1935174240949,19648.0
scanId=135055,2.250783333333,403.2050806667263,15025.0
scanId=135055,2.250783333333,403.2166442659516,11058.0
scanId=135055,2.250783333333,403.2282078402104,8085.0
scanId=135055,2.250783333333,403.23977177106553,5849.0
scanId=135055,2.250783333333,403.2513356769519,4213.0
scanId=135055,2.250783333333,403.26289993943686,3123.0
scanId=135055,2.250783333333,403.2744641769508,2215.0
scanId=135055,2.250783333333,403.2860287710656,1503.0
scanId=135055,2.250783333333,403.29759334020713,1115.0
scanId=135055,2.250783333333,404.16541584673473,1804.0
scanId=135055,2.250783333333,404.17699301772655,4368.0
scanId=135055,2.250783333333,404.1885705454051,5591.0
scanId=135055,2.250783333333,404.20014804802463,4803.0
scanId=135055,2.250783333333,404.2117259073329,3604.0
scanId=135055,2.250783333333,404.2233037415801,2755.0
scanId=135055,2.250783333333,404.2348819325182,2243.0
scanId=135055,2.250783333333,404.246460098393,1864.0
scanId=135055,2.250783333333,404.258038620961,1441.0
scanId=135055,2.250783333333,404.2696171184636,1136.0
scanId=135055,2.250783333333,405.1384842556462,1096.0
scanId=135055,2.250783333333,405.1500753550032,1472.0
scanId=135055,2.250783333333,405.1616668111349,1568.0
scanId=135055,2.250783333333,405.1732582421197,1914.0
scanId=135055,2.250783333333,405.1848500298812,2466.0
scanId=135055,2.250783333333,405.1964417924938,2820.0
scanId=135055,2.250783333333,405.2080339118851,2936.0
scanId=135055,2.250783333333,405.2196260061255,2741.0
scanId=135055,2.250783333333,405.2312184571466,2952.0
scanId=135055,2.250783333333,405.2428108830149,3205.0
scanId=135055,2.250783333333,405.2544036656658,2762.0
scanId=135055,2.250783333333,405.26599642316177,2012.0
scanId=135055,2.250783333333,405.27758953744257,1450.0
scanId=135055,2.250783333333,405.28918262656657,1061.0
scanId=135055,2.250783333333,406.19396190034274,1292.0
scanId=135055,2.250783333333,406.205568279817,1526.0
scanId=135055,2.250783333333,406.21717463405554,1473.0
scanId=135055,2.250783333333,406.2287813451596,1266.0
scanId=135055,2.250783333333,406.2403880310261,1014.0
scanId=135055,2.250783333333,407.1810880891661,1187.0
scanId=135055,2.250783333333,407.1927083717796,1598.0
scanId=135055,2.250783333333,407.2043290113368,2174.0
scanId=135055,2.250783333333,407.2159496255783,2859.0
scanId=135055,2.250783333333,407.2275705967653,3374.0
scanId=135055,2.250783333333,407.2391915426348,3572.0
scanId=135055,2.250783333333,407.2508128454518,3104.0
scanId=135055,2.250783333333,407.2624341229493,2496.0
scanId=135055,2.250783333333,407.27405575739607,2015.0
scanId=135055,2.250783333333,407.28567736652167,1685.0
scanId=135055,2.250783333333,407.2972993325982,1610.0
scanId=135055,2.250783333333,407.3089212733518,1360.0
scanId=135055,2.250783333333,408.21595098090097,1183.0
scanId=135055,2.250783333333,408.227586212171,1759.0
scanId=135055,2.250783333333,408.2392214180485,1852.0
scanId=135055,2.250783333333,408.2508569809484,1595.0
scanId=135055,2.250783333333,408.2624925184539,1252.0
scanId=135055,2.250783333333,409.13563766867287,1487.0
scanId=135055,2.250783333333,409.14728580805,2909.0
scanId=135055,2.250783333333,409.1589343045134,3878.0
scanId=135055,2.250783333333,409.1705827755187,3610.0
scanId=135055,2.250783333333,409.182231603612,2853.0
scanId=135055,2.250783333333,409.1938804062455,2339.0
scanId=135055,2.250783333333,409.2055295659686,2021.0
scanId=135055,2.250783333333,409.2171787002304,1726.0
scanId=135055,2.250783333333,409.2288281915835,1572.0
scanId=135055,2.250783333333,409.2404776574736,1662.0
scanId=135055,2.250783333333,409.2521274804564,1758.0
scanId=135055,2.250783333333,409.26377727797467,1575.0
scanId=135055,2.250783333333,409.2754274325873,1233.0
scanId=135055,2.250783333333,410.2312965352084,1031.0
scanId=135055,2.250783333333,410.2429602611159,1082.0
scanId=135055,2.250783333333,411.21163557743085,1368.0
scanId=135055,2.250783333333,411.223313231732,1656.0
scanId=135055,2.250783333333,411.2349912432509,1808.0
scanId=135055,2.250783333333,411.24666922918055,1971.0
scanId=135055,2.250783333333,411.2583475723293,1915.0
scanId=135055,2.250783333333,411.2700258898875,1595.0
scanId=135055,2.250783333333,411.2817045646661,1232.0
scanId=135055,2.250783333333,411.2933832138527,1037.0
scanId=135055,2.250783333333,413.2109408473063,1369.0
scanId=135055,2.250783333333,413.2226470473613,2744.0
scanId=135055,2.250783333333,413.2343532217209,3787.0
scanId=135055,2.250783333333,413.24605975340575,3948.0
scanId=135055,2.250783333333,413.257766259394,3706.0
scanId=135055,2.250783333333,413.2694731227087,3260.0
scanId=135055,2.250783333333,413.2811799603257,2511.0
scanId=135055,2.250783333333,413.2928871552703,1802.0
scanId=135055,2.250783333333,413.3045943245161,1457.0
scanId=135055,2.250783333333,413.3163018510904,1431.0
scanId=135055,2.250783333333,413.32800935196485,1253.0
scanId=135055,2.250783333333,413.72616629715344,1092.0
scanId=135055,2.250783333333,413.7378797930649,1909.0
scanId=135055,2.250783333333,413.7495932632564,1983.0
scanId=135055,2.250783333333,413.7613070907976,1479.0
scanId=135055,2.250783333333,414.2299923297609,1002.0
scanId=135055,2.250783333333,414.2417127641568,1223.0
scanId=135055,2.250783333333,414.2534335559246,1264.0
scanId=135055,2.250783333333,414.2651543219493,1307.0
scanId=135055,2.250783333333,414.27687544534695,1154.0
scanId=135055,2.250783333333,415.1916264745876,1133.0
scanId=135055,2.250783333333,415.20336050576657,1194.0
scanId=135055,2.250783333333,415.2150948943577,1273.0
scanId=135055,2.250783333333,415.22682925716566,1332.0
scanId=135055,2.250783333333,415.2385639773866,1486.0
scanId=135055,2.250783333333,415.2502986718235,1669.0
scanId=135055,2.250783333333,415.2620337236743,1547.0
scanId=135055,2.250783333333,415.27376874974,1283.0
scanId=135055,2.250783333333,415.2855041332206,1078.0
scanId=135055,2.250783333333,415.2972394909154,1092.0
scanId=135055,2.250783333333,415.3089752060259,1166.0
scanId=135055,2.250783333333,415.3207108953495,1108.0
scanId=135055,2.250783333333,416.1896191303397,1199.0
scanId=135055,2.250783333333,416.201367447384,1619.0
scanId=135055,2.250783333333,416.2131157386084,1859.0
scanId=135055,2.250783333333,416.2248643872825,1783.0
scanId=135055,2.250783333333,416.236613010136,1597.0
scanId=135055,2.250783333333,416.2483619904399,1292.0
scanId=135055,2.250783333333,417.1888099890268,1222.0
scanId=135055,2.250783333333,417.20057220867216,1580.0
scanId=135055,2.250783333333,417.2123347857993,1510.0
scanId=135055,2.250783333333,417.2240973370738,1404.0
scanId=135055,2.250783333333,417.2358602458309,1608.0
scanId=135055,2.250783333333,417.2476231287346,1898.0
scanId=135055,2.250783333333,417.2593863691215,1944.0
scanId=135055,2.250783333333,417.2711495836542,1601.0
scanId=135055,2.250783333333,417.2829131556711,1202.0
scanId=135055,2.250783333333,418.2127516528236,1027.0
scanId=135055,2.250783333333,418.2245284900337,1081.0
scanId=135055,2.250783333333,418.23630530136296,1288.0
scanId=135055,2.250783333333,418.248082470203,1508.0
scanId=135055,2.250783333333,418.2598596131615,1336.0
scanId=135055,2.250783333333,418.27163711363136,1081.0
scanId=135055,2.250783333333,419.14362519163154,1218.0
scanId=135055,2.250783333333,419.15541493650295,1440.0
scanId=135055,2.250783333333,419.1672050389066,1525.0
scanId=135055,2.250783333333,419.1789951154073,1620.0
scanId=135055,2.250783333333,419.1907855494407,1851.0
scanId=135055,2.250783333333,419.2025759575706,2344.0
scanId=135055,2.250783333333,419.214366723234,2733.0
scanId=135055,2.250783333333,419.2261574629932,3055.0
scanId=135055,2.250783333333,419.2379485602864,4433.0
scanId=135055,2.250783333333,419.249739631675,7404.0
scanId=135055,2.250783333333,419.261531060598,9778.0
scanId=135055,2.250783333333,419.273322463616,9239.0
scanId=135055,2.250783333333,419.285114224169,6787.0
scanId=135055,2.250783333333,419.2969059588162,4608.0
scanId=135055,2.250783333333,419.3086980509989,3298.0
scanId=135055,2.250783333333,419.3204901172756,2351.0
scanId=135055,2.250783333333,419.3322825410881,1715.0
scanId=135055,2.250783333333,419.3440749389941,1271.0
scanId=135055,2.250783333333,420.21717961381046,1016.0
scanId=135055,2.250783333333,420.2289846395568,1361.0
scanId=135055,2.250783333333,420.2407896393799,1947.0
scanId=135055,2.250783333333,420.252594996756,3111.0
scanId=135055,2.250783333333,420.2644003282086,4220.0
scanId=135055,2.250783333333,420.2762060172147,4199.0
scanId=135055,2.250783333333,420.2880116802967,3287.0
scanId=135055,2.250783333333,420.2998177009325,2246.0
scanId=135055,2.250783333333,420.311623695644,1533.0
scanId=135055,2.250783333333,420.32343004790965,1136.0
scanId=135055,2.250783333333,421.1739162697939,1220.0
scanId=135055,2.250783333333,421.1857345347968,2095.0
scanId=135055,2.250783333333,421.1975531573664,2983.0
scanId=135055,2.250783333333,421.2093717539989,3361.0
scanId=135055,2.250783333333,421.2211907081983,3705.0
scanId=135055,2.250783333333,421.23300963646034,4219.0
scanId=135055,2.250783333333,421.2448289222896,4369.0
scanId=135055,2.250783333333,421.2566481821812,3705.0
scanId=135055,2.250783333333,421.2684677996404,2799.0
scanId=135055,2.250783333333,421.2802873911616,2103.0
scanId=135055,2.250783333333,421.29210734025054,1584.0
scanId=135055,2.250783333333,421.3039272634013,1498.0
scanId=135055,2.250783333333,421.31574754412,1631.0
scanId=135055,2.250783333333,421.32756779890025,1488.0
scanId=135055,2.250783333333,421.3393884112488,1256.0
scanId=135055,2.250783333333,421.35120899765866,1063.0
scanId=135055,2.250783333333,422.2382328373826,1346.0
scanId=135055,2.250783333333,422.2500660257176,1554.0
scanId=135055,2.250783333333,422.2618995716298,1578.0
scanId=135055,2.250783333333,422.27373309159447,1439.0
scanId=135055,2.250783333333,422.2855669691367,1176.0
scanId=135055,2.250783333333,422.29740082073096,1018.0
scanId=135055,2.250783333333,422.3092350299028,1014.0
scanId=135055,2.250783333333,423.2091128143296,1098.0
scanId=135055,2.250783333333,423.22095959948246,1214.0
scanId=135055,2.250783333333,423.232806742218,1388.0
scanId=135055,2.250783333333,423.2446538590007,1665.0
scanId=135055,2.250783333333,423.2565013333661,2069.0
scanId=135055,2.250783333333,423.26834878177846,2243.0
scanId=135055,2.250783333333,423.2801965877738,1923.0
scanId=135055,2.250783333333,423.292044367816,1463.0
scanId=135055,2.250783333333,423.303892505441,1052.0
scanId=135055,2.250783333333,424.2522730850313,1009.0
scanId=135055,2.250783333333,424.264134461896,1111.0
scanId=135055,2.250783333333,424.2759961963443,1134.0
scanId=135055,2.250783333333,425.17796590169866,1578.0
scanId=135055,2.250783333333,425.1898402121298,4232.0
scanId=135055,2.250783333333,425.20171488014176,7084.0
scanId=135055,2.250783333333,425.2135895222029,7640.0
scanId=135055,2.250783333333,425.2254645218448,6173.0
scanId=135055,2.250783333333,425.2373394955359,4584.0
scanId=135055,2.250783333333,425.2492148268075,3516.0
scanId=135055,2.250783333333,425.2610901321286,2637.0
scanId=135055,2.250783333333,425.27296579503,1899.0
scanId=135055,2.250783333333,425.284841431981,1499.0
scanId=135055,2.250783333333,425.2967174265125,1177.0
scanId=135055,2.250783333333,426.1878823019171,1106.0
scanId=135055,2.250783333333,426.1997708983822,1775.0
scanId=135055,2.250783333333,426.2116594689039,2200.0
scanId=135055,2.250783333333,426.2235483969988,2346.0
scanId=135055,2.250783333333,426.2354372991506,2044.0
scanId=135055,2.250783333333,426.2473265588754,1553.0
scanId=135055,2.250783333333,426.2592157926572,1179.0
scanId=135055,2.250783333333,427.2108994060728,1173.0
scanId=135055,2.250783333333,427.2228022626208,1251.0
scanId=135055,2.250783333333,427.2347050932376,1521.0
scanId=135055,2.250783333333,427.2466082814154,1798.0
scanId=135055,2.250783333333,427.2585114436623,1866.0
scanId=135055,2.250783333333,427.2704149634701,1719.0
scanId=135055,2.250783333333,427.2823184573472,1496.0
scanId=135055,2.250783333333,427.2942223087848,1259.0
scanId=135055,2.250783333333,428.2232261188904,1124.0
scanId=135055,2.250783333333,428.2351428779764,1288.0
scanId=135055,2.250783333333,428.2470599946074,1234.0
scanId=135055,2.250783333333,428.2589770853237,1178.0
scanId=135055,2.250783333333,428.27089453358457,1327.0
scanId=135055,2.250783333333,428.28281195593104,1261.0
scanId=135055,2.250783333333,429.1770984904799,1747.0
scanId=135055,2.250783333333,429.1890285147786,3291.0
scanId=135055,2.250783333333,429.20095889660325,5316.0
scanId=135055,2.250783333333,429.2128892525324,5825.0
scanId=135055,2.250783333333,429.22481996598674,4701.0
scanId=135055,2.250783333333,429.23675065354615,3339.0
scanId=135055,2.250783333333,429.2486816986303,2430.0
scanId=135055,2.250783333333,429.26061271782015,1979.0
scanId=135055,2.250783333333,429.27254409453417,1632.0
scanId=135055,2.250783333333,429.2844754453544,1345.0
scanId=135055,2.250783333333,429.29640715369817,1273.0
scanId=135055,2.250783333333,429.3083388361488,1419.0
scanId=135055,2.250783333333,429.3202708761225,1390.0
scanId=135055,2.250783333333,429.3322028902036,1104.0
scanId=135055,2.250783333333,430.1917505674962,1155.0
scanId=135055,2.250783333333,430.2036948777738,1496.0
scanId=135055,2.250783333333,430.2156391621807,1487.0
scanId=135055,2.250783333333,430.2275838040881,1370.0
scanId=135055,2.250783333333,430.2395284201253,1192.0
scanId=135055,2.250783333333,430.25147339366265,1080.0
scanId=135055,2.250783333333,430.2634183413303,1120.0
scanId=135055,2.250783333333,430.2753636464975,1126.0
scanId=135055,2.250783333333,431.1717268230335,1003.0
scanId=135055,2.250783333333,431.1836847301344,1103.0
scanId=135055,2.250783333333,431.1956426113924,1062.0
scanId=135055,2.250783333333,431.20760085012313,1064.0
scanId=135055,2.250783333333,431.21955906301184,1191.0
scanId=135055,2.250783333333,431.2315176333725,1234.0
scanId=135055,2.250783333333,431.2434761778916,1047.0
scanId=135055,2.250783333333,431.279353189652,1032.0
scanId=135055,2.250783333333,431.2913123974324,1005.0
scanId=135055,2.250783333333,432.2485939270221,1023.0
scanId=135055,2.250783333333,432.26056675746565,1182.0
scanId=135055,2.250783333333,432.27253956210166,1164.0
scanId=135055,2.250783333333,432.28451272417504,1006.0
scanId=135055,2.250783333333,433.2309088389305,1163.0
scanId=135055,2.250783333333,433.24289526619737,1559.0
scanId=135055,2.250783333333,433.2548816676932,1786.0
scanId=135055,2.250783333333,433.2668684265899,1507.0
scanId=135055,2.250783333333,433.27885515971633,1182.0
scanId=135055,2.250783333333,434.2263387160111,1130.0
scanId=135055,2.250783333333,434.23833871437046,1348.0
scanId=135055,2.250783333333,434.2503390700904,1372.0
scanId=135055,2.250783333333,434.26233940008063,1240.0
scanId=135055,2.250783333333,434.2743400874306,1095.0
scanId=135055,2.250783333333,435.1988834861561,1262.0
scanId=135055,2.250783333333,435.2108971070696,1702.0
scanId=135055,2.250783333333,435.2229107022965,2202.0
scanId=135055,2.250783333333,435.2349246548398,2924.0
scanId=135055,2.250783333333,435.24693858169775,3405.0
scanId=135055,2.250783333333,435.25895286587087,3568.0
scanId=135055,2.250783333333,435.2709671243597,3157.0
scanId=135055,2.250783333333,435.2829817401629,2384.0
scanId=135055,2.250783333333,435.29499633028274,1846.0
scanId=135055,2.250783333333,435.3070112777156,1546.0
scanId=135055,2.250783333333,435.3190261994664,1252.0
scanId=135055,2.250783333333,436.2446805857263,1587.0
scanId=135055,2.250783333333,436.256708441087,1803.0
scanId=135055,2.250783333333,436.2687366537132,1617.0
scanId=135055,2.250783333333,436.280764840705,1329.0
scanId=135055,2.250783333333,436.2927933849611,1179.0
scanId=135055,2.250783333333,436.30482190358407,1019.0
scanId=135055,2.250783333333,437.1953995025437,1255.0
scanId=135055,2.250783333333,437.2074406487336,2221.0
scanId=135055,2.250783333333,437.2194817693388,3956.0
scanId=135055,2.250783333333,437.2315232471585,5229.0
scanId=135055,2.250783333333,437.2435646993949,5071.0
scanId=135055,2.250783333333,437.2556065088445,4806.0
scanId=135055,2.250783333333,437.267648292712,5021.0
scanId=135055,2.250783333333,437.27969043379136,4834.0
scanId=135055,2.250783333333,437.29173254929015,4103.0
scanId=135055,2.250783333333,437.30377502199934,3131.0
scanId=135055,2.250783333333,437.3158174691293,2239.0
scanId=135055,2.250783333333,437.3278602734685,1605.0
scanId=135055,2.250783333333,437.3399030522295,1112.0
scanId=135055,2.250783333333,438.2315358994447,1011.0
scanId=135055,2.250783333333,438.24359130571753,1369.0
scanId=135055,2.250783333333,438.2556466864648,1722.0
scanId=135055,2.250783333333,438.2677024243675,2128.0
scanId=135055,2.250783333333,438.27975813674607,2229.0
scanId=135055,2.250783333333,438.29181420627856,1935.0
scanId=135055,2.250783333333,438.3038702502884,1518.0
scanId=135055,2.250783333333,438.3159266514508,1141.0
scanId=135055,2.250783333333,439.2326910444928,1191.0
scanId=135055,2.250783333333,439.2447600221239,1291.0
scanId=135055,2.250783333333,439.2568293568498,1409.0
scanId=135055,2.250783333333,439.26889866611214,1303.0
scanId=135055,2.250783333333,439.2809683324679,1152.0
scanId=135055,2.250783333333,439.2930379733616,1110.0
scanId=135055,2.250783333333,439.3051079713472,1184.0
scanId=135055,2.250783333333,439.31717794387225,1046.0
scanId=135055,2.250783333333,441.1658519386093,1525.0
scanId=135055,2.250783333333,441.1779474467561,2224.0
scanId=135055,2.250783333333,441.190043311869,2661.0
scanId=135055,2.250783333333,441.2021391516473,2747.0
scanId=135055,2.250783333333,441.2142353483901,2512.0
scanId=135055,2.250783333333,441.2263315198,2425.0
scanId=135055,2.250783333333,441.2384280481725,2547.0
scanId=135055,2.250783333333,441.2505245512139,2510.0
scanId=135055,2.250783333333,441.26262141121634,2153.0
scanId=135055,2.250783333333,441.2747182458893,1752.0
scanId=135055,2.250783333333,441.2868154375217,1423.0
scanId=135055,2.250783333333,441.2989126038262,1226.0
scanId=135055,2.250783333333,441.31101012708825,1011.0
scanId=135055,2.250783333333,442.2551203640935,1053.0
scanId=135055,2.250783333333,442.267230795662,1234.0
scanId=135055,2.250783333333,442.2793415841175,1338.0
scanId=135055,2.250783333333,442.29145234731766,1139.0
scanId=135055,2.250783333333,443.1759929978466,1989.0
scanId=135055,2.250783333333,443.1881160314192,5774.0
scanId=135055,2.250783333333,443.2002394218085,13060.0
scanId=135055,2.250783333333,443.212362787013,18992.0
scanId=135055,2.250783333333,443.22448650903215,18623.0
scanId=135055,2.250783333333,443.2366102058682,14348.0
scanId=135055,2.250783333333,443.2487342595172,10075.0
scanId=135055,2.250783333333,443.26085828798495,7072.0
scanId=135055,2.250783333333,443.27298267326375,4956.0
scanId=135055,2.250783333333,443.28510703336326,3482.0
scanId=135055,2.250783333333,443.2972317502719,2492.0
scanId=135055,2.250783333333,443.3093564420032,2103.0
scanId=135055,2.250783333333,443.3214814905417,2247.0
scanId=135055,2.250783333333,443.3336065139048,2302.0
scanId=135055,2.250783333333,443.34573189407314,1910.0
scanId=135055,2.250783333333,443.35785724906793,1512.0
scanId=135055,2.250783333333,443.3699829608661,1252.0
scanId=135055,2.250783333333,444.19491387248354,2369.0
scanId=135055,2.250783333333,444.2070508345908,5154.0
scanId=135055,2.250783333333,444.2191881534332,6602.0
scanId=135055,2.250783333333,444.2313254471723,6104.0
scanId=135055,2.250783333333,444.2434630976448,4792.0
scanId=135055,2.250783333333,444.2556007230157,3830.0
scanId=135055,2.250783333333,444.2677387051179,3123.0
scanId=135055,2.250783333333,444.2798766621206,2605.0
scanId=135055,2.250783333333,444.29201497585257,2252.0
scanId=135055,2.250783333333,444.3041532644871,1916.0
scanId=135055,2.250783333333,444.3162919098489,1556.0
scanId=135055,2.250783333333,444.3284305301154,1355.0
scanId=135055,2.250783333333,444.34056950710703,1185.0
scanId=135055,2.250783333333,445.1907032660119,1081.0
scanId=135055,2.250783333333,445.202853825026,1428.0
scanId=135055,2.250783333333,445.2150047406917,2000.0
scanId=135055,2.250783333333,445.2271556313377,2580.0
scanId=135055,2.250783333333,445.2393068786333,2742.0
scanId=135055,2.250783333333,445.2514581009112,2466.0
scanId=135055,2.250783333333,445.2636096798368,2046.0
scanId=135055,2.250783333333,445.27576123374655,1696.0
scanId=135055,2.250783333333,445.28791314430185,1460.0
scanId=135055,2.250783333333,445.3000650298436,1316.0
scanId=135055,2.250783333333,445.3122172720287,1154.0
scanId=135055,2.250783333333,446.248430421828,1055.0
scanId=135055,2.250783333333,446.2605955975768,1274.0
scanId=135055,2.250783333333,446.2727607483974,1458.0
scanId=135055,2.250783333333,446.284926255776,1435.0
scanId=135055,2.250783333333,446.29709173822886,1289.0
scanId=135055,2.250783333333,446.3092575772373,1037.0
scanId=135055,2.250783333333,447.20998274440535,1308.0
scanId=135055,2.250783333333,447.2221608288765,1741.0
scanId=135055,2.250783333333,447.2343392698186,1794.0
scanId=135055,2.250783333333,447.2465176859219,1762.0
scanId=135055,2.250783333333,447.25869645849394,1729.0
scanId=135055,2.250783333333,447.2708752062293,1664.0
scanId=135055,2.250783333333,447.2830543104311,1739.0
scanId=135055,2.250783333333,447.2952333897987,1741.0
scanId=135055,2.250783333333,447.3074128256304,1569.0
scanId=135055,2.250783333333,447.31959223662994,1361.0
scanId=135055,2.250783333333,447.3317720040916,1263.0
scanId=135055,2.250783333333,447.3439517467233,1130.0
scanId=135055,2.250783333333,448.2335278803265,1013.0
scanId=135055,2.250783333333,448.2457198933481,1278.0
scanId=135055,2.250783333333,448.25791226274345,1346.0
scanId=135055,2.250783333333,448.2701046073973,1337.0
scanId=135055,2.250783333333,448.2822973084224,1141.0
scanId=135055,2.250783333333,449.23383143431744,1046.0
scanId=135055,2.250783333333,449.24603704426113,1147.0
scanId=135055,2.250783333333,449.25824301047976,1365.0
scanId=135055,2.250783333333,449.270448952056,1556.0
scanId=135055,2.250783333333,449.2826552499045,1536.0
scanId=135055,2.250783333333,449.29486152311273,1309.0
scanId=135055,2.250783333333,449.307068152591,1015.0
scanId=135055,2.250783333333,450.22303070053374,1290.0
scanId=135055,2.250783333333,450.2352499319458,1699.0
scanId=135055,2.250783333333,450.24746913881546,1785.0
scanId=135055,2.250783333333,450.2596887018573,1760.0
scanId=135055,2.250783333333,450.2719082403593,1642.0
scanId=135055,2.250783333333,450.28412813503104,1383.0
scanId=135055,2.250783333333,450.2963480051656,1152.0
scanId=135055,2.250783333333,450.3085682314672,1058.0
scanId=135055,2.250783333333,451.2255505451296,1081.0
scanId=135055,2.250783333333,451.237783373365,1378.0
scanId=135055,2.250783333333,451.2500161771642,1657.0
scanId=135055,2.250783333333,451.2622493370295,1733.0
scanId=135055,2.250783333333,451.2744824724612,1589.0
scanId=135055,2.250783333333,451.2867159639562,1519.0
scanId=135055,2.250783333333,451.2989494310204,1383.0
scanId=135055,2.250783333333,451.3111832541453,1096.0
scanId=135055,2.250783333333,453.2216754002681,1232.0
scanId=135055,2.250783333333,453.2339350663051,1554.0
scanId=135055,2.250783333333,453.2461950881871,1700.0
scanId=135055,2.250783333333,453.2584550858567,1735.0
scanId=135055,2.250783333333,453.2707154393685,1722.0
scanId=135055,2.250783333333,453.2829757686709,1506.0
scanId=135055,2.250783333333,453.29523645381255,1231.0
scanId=135055,2.250783333333,453.3074971147474,1090.0
scanId=135055,2.250783333333,453.3197581315189,1001.0
scanId=135055,2.250783333333,454.2520733618941,1052.0
scanId=135055,2.250783333333,454.2643469565045,1224.0
scanId=135055,2.250783333333,454.2766209068397,1210.0
scanId=135055,2.250783333333,454.28889483308274,1135.0
scanId=135055,2.250783333333,455.23449250455,1075.0
scanId=135055,2.250783333333,455.2467793644719,1388.0
scanId=135055,2.250783333333,455.2590665800004,1464.0
scanId=135055,2.250783333333,455.2713537715552,1402.0
scanId=135055,2.250783333333,455.2836413187136,1257.0
scanId=135055,2.250783333333,455.2959288419012,1094.0
scanId=135055,2.250783333333,457.1778879776024,1224.0
scanId=135055,2.250783333333,457.190201036525,1365.0
scanId=135055,2.250783333333,457.20251445081067,1307.0
scanId=135055,2.250783333333,457.2148278413663,1186.0
scanId=135055,2.250783333333,457.2271415872817,1024.0
scanId=135055,2.250783333333,457.2517693870156,1037.0
scanId=135055,2.250783333333,457.2640834408372,1479.0
scanId=135055,2.250783333333,457.2763978500123,1665.0
scanId=135055,2.250783333333,457.28871223546696,1499.0
scanId=135055,2.250783333333,457.3010269762719,1289.0
scanId=135055,2.250783333333,457.3133416933597,1259.0
scanId=135055,2.250783333333,457.3256567657945,1315.0
scanId=135055,2.250783333333,457.33797181451513,1339.0
scanId=135055,2.250783333333,457.3502872185798,1274.0
scanId=135055,2.250783333333,458.27440789621926,1035.0
scanId=135055,2.250783333333,458.2867359022177,1035.0
scanId=135055,2.250783333333,459.1624413345912,1025.0
scanId=135055,2.250783333333,459.1747812792637,2082.0
scanId=135055,2.250783333333,459.1871212004668,2981.0
scanId=135055,2.250783333333,459.1994614767692,3237.0
scanId=135055,2.250783333333,459.2118017296054,3071.0
scanId=135055,2.250783333333,459.2241423375376,2571.0
scanId=135055,2.250783333333,459.23648292200704,2138.0
scanId=135055,2.250783333333,459.2488238615691,2479.0
scanId=135055,2.250783333333,459.2611647776717,3352.0
scanId=135055,2.250783333333,459.2735060488638,3687.0
scanId=135055,2.250783333333,459.2858472965996,3756.0
scanId=135055,2.250783333333,459.29818889942135,3845.0
scanId=135055,2.250783333333,459.3105304787903,3443.0
scanId=135055,2.250783333333,459.3228724132419,2761.0
scanId=135055,2.250783333333,459.3352143242441,2402.0
scanId=135055,2.250783333333,459.3475565903255,2022.0
scanId=135055,2.250783333333,459.3598988329609,1567.0
scanId=135055,2.250783333333,459.3722414306721,1226.0
scanId=135055,2.250783333333,460.18721325268575,1081.0
scanId=135055,2.250783333333,460.199566770851,1253.0
scanId=135055,2.250783333333,460.2119206439767,1378.0
scanId=135055,2.250783333333,460.2242744937752,1591.0
scanId=135055,2.250783333333,460.2366286985307,1723.0
scanId=135055,2.250783333333,460.2489828799625,1683.0
scanId=135055,2.250783333333,460.2613374163479,1755.0
scanId=135055,2.250783333333,460.2736919294129,1882.0
scanId=135055,2.250783333333,460.2860467974281,2150.0
scanId=135055,2.250783333333,460.2984016421264,2116.0
scanId=135055,2.250783333333,460.3107568417715,1647.0
scanId=135055,2.250783333333,460.3231120181032,1155.0
scanId=135055,2.250783333333,460.34782305734296,1026.0
scanId=135055,2.250783333333,461.188393033065,1085.0
scanId=135055,2.250783333333,461.2007601713841,1815.0
scanId=135055,2.250783333333,461.2131272865151,2975.0
scanId=135055,2.250783333333,461.2254947564641,3821.0
scanId=135055,2.250783333333,461.2378622032286,3742.0
scanId=135055,2.250783333333,461.2502300048074,3561.0
scanId=135055,2.250783333333,461.2625977832052,3536.0
scanId=135055,2.250783333333,461.27496591641386,3251.0
scanId=135055,2.250783333333,461.28733402644497,2768.0
scanId=135055,2.250783333333,461.2997024912834,2451.0
scanId=135055,2.250783333333,461.3120709329479,2285.0
scanId=135055,2.250783333333,461.3244397294162,2206.0
scanId=135055,2.250783333333,461.336808502714,1966.0
scanId=135055,2.250783333333,461.34917763081216,1530.0
scanId=135055,2.250783333333,461.3615467357436,1109.0
scanId=135055,2.250783333333,462.2278027476068,1283.0
scanId=135055,2.250783333333,462.240183814379,1495.0
scanId=135055,2.250783333333,462.2525648581128,1561.0
scanId=135055,2.250783333333,462.2649462565149,1933.0
scanId=135055,2.250783333333,462.2773276318823,2004.0
scanId=135055,2.250783333333,462.2897093619143,1660.0
scanId=135055,2.250783333333,462.302091068915,1397.0
scanId=135055,2.250783333333,462.3144731305768,1263.0
scanId=135055,2.250783333333,462.3268551692109,1059.0
scanId=135055,2.250783333333,463.2064105357935,1070.0
scanId=135055,2.250783333333,463.2188045132333,1012.0
scanId=135055,2.250783333333,463.23119884519895,1023.0
scanId=135055,2.250783333333,463.24359315427233,1441.0
scanId=135055,2.250783333333,463.2559878178679,2230.0
scanId=135055,2.250783333333,463.2683824585747,2845.0
scanId=135055,2.250783333333,463.2807774538001,2820.0
scanId=135055,2.250783333333,463.2931724261405,2619.0
scanId=135055,2.250783333333,463.3055677529957,2333.0
scanId=135055,2.250783333333,463.3179630569697,2198.0
scanId=135055,2.250783333333,463.3303587154549,2094.0
scanId=135055,2.250783333333,463.3427543510624,1838.0
scanId=135055,2.250783333333,463.3551503411773,1510.0
scanId=135055,2.250783333333,463.36754630841824,1179.0
scanId=135055,2.250783333333,464.2356826718191,1085.0
scanId=135055,2.250783333333,464.2480906006082,2170.0
scanId=135055,2.250783333333,464.260498506658,2591.0
scanId=135055,2.250783333333,464.2729067670769,2610.0
scanId=135055,2.250783333333,464.2853150047603,2471.0
scanId=135055,2.250783333333,464.297723596809,2142.0
scanId=135055,2.250783333333,464.3101321661261,1662.0
scanId=135055,2.250783333333,464.32254108980464,1257.0
scanId=135055,2.250783333333,464.7569544887633,1075.0
scanId=135055,2.250783333333,464.7693693817789,1135.0
scanId=135055,2.250783333333,465.2164125711261,1370.0
scanId=135055,2.250783333333,465.2288334108885,1787.0
scanId=135055,2.250783333333,465.241254604871,2144.0
scanId=135055,2.250783333333,465.25367577626713,2486.0
scanId=135055,2.250783333333,465.2660973018795,2650.0
scanId=135055,2.250783333333,465.2785188049093,2721.0
scanId=135055,2.250783333333,465.2909406621515,2496.0
scanId=135055,2.250783333333,465.3033624968152,2041.0
scanId=135055,2.250783333333,465.3157846856872,1550.0
scanId=135055,2.250783333333,465.3282068519845,1225.0
scanId=135055,2.250783333333,465.3406293724863,1077.0
scanId=135055,2.250783333333,466.24791426753706,1208.0
scanId=135055,2.250783333333,466.2603490583428,1453.0
scanId=135055,2.250783333333,466.2727838267225,1364.0
scanId=135055,2.250783333333,466.2852189491581,1181.0
scanId=135055,2.250783333333,466.29765404917146,1097.0
scanId=135055,2.250783333333,466.31008950323695,1146.0
scanId=135055,2.250783333333,466.32252493488414,1037.0
scanId=135055,2.250783333333,467.2307662785027,1298.0
scanId=135055,2.250783333333,467.2432139806015,1543.0
scanId=135055,2.250783333333,467.2556620366008,1632.0
scanId=135055,2.250783333333,467.26811007033353,1536.0
scanId=135055,2.250783333333,467.28055845796274,1476.0
scanId=135055,2.250783333333,467.2930068233293,1433.0
scanId=135055,2.250783333333,467.3054555425883,1325.0
scanId=135055,2.250783333333,467.3179042395888,1139.0
scanId=135055,2.250783333333,467.3303532904776,1133.0
scanId=135055,2.250783333333,467.3428023191119,1100.0
scanId=135055,2.250783333333,469.1871007607702,1703.0
scanId=135055,2.250783333333,469.1995746838967,2140.0
scanId=135055,2.250783333333,469.2120485850776,2577.0
scanId=135055,2.250783333333,469.2245228398339,3236.0
scanId=135055,2.250783333333,469.2369970726489,3272.0
scanId=135055,2.250783333333,469.249471659035,2865.0
scanId=135055,2.250783333333,469.2619462234841,2756.0
scanId=135055,2.250783333333,469.27442114150017,2488.0
scanId=135055,2.250783333333,469.2868960375832,2003.0
scanId=135055,2.250783333333,469.299371287229,1571.0
scanId=135055,2.250783333333,469.31184651494607,1352.0
scanId=135055,2.250783333333,469.32432209622175,1246.0
scanId=135055,2.250783333333,470.2479683034771,1031.0
scanId=135055,2.250783333333,470.2604561332892,1174.0
scanId=135055,2.250783333333,470.2729443164986,1128.0
scanId=135055,2.250783333333,470.2854324779448,1002.0
scanId=135055,2.250783333333,471.1975230728745,1137.0
scanId=135055,2.250783333333,471.2100235047845,1318.0
scanId=135055,2.250783333333,471.22252428992783,1427.0
scanId=135055,2.250783333333,471.235025053472,1722.0
scanId=135055,2.250783333333,471.2475261702453,1889.0
scanId=135055,2.250783333333,471.2600272654237,1853.0
scanId=135055,2.250783333333,471.2725287138266,1819.0
scanId=135055,2.250783333333,471.28503014063926,1683.0
scanId=135055,2.250783333333,471.297531920672,1401.0
scanId=135055,2.250783333333,471.3100336791189,1138.0
scanId=135055,2.250783333333,472.24814525947113,1140.0
scanId=135055,2.250783333333,472.2606596200192,1312.0
scanId=135055,2.250783333333,472.2731743336156,1284.0
scanId=135055,2.250783333333,472.285689025798,1099.0
scanId=135055,2.250783333333,473.1871893677563,1045.0
scanId=135055,2.250783333333,473.1997163516566,1086.0
scanId=135055,2.250783333333,473.2122433143089,1121.0
scanId=135055,2.250783333333,473.2247706298392,1212.0
scanId=135055,2.250783333333,473.2372979241259,1862.0
scanId=135055,2.250783333333,473.249825571286,3749.0
scanId=135055,2.250783333333,473.262353197207,6680.0
scanId=135055,2.250783333333,473.2748811759969,8061.0
scanId=135055,2.250783333333,473.2874091335523,7016.0
scanId=135055,2.250783333333,473.299937443972,5367.0
scanId=135055,2.250783333333,473.3124657331617,4588.0
scanId=135055,2.250783333333,473.3249943752112,4305.0
scanId=135055,2.250783333333,473.3375229960354,4067.0
scanId=135055,2.250783333333,473.35005196971474,3303.0
scanId=135055,2.250783333333,473.3625809221734,2374.0
scanId=135055,2.250783333333,473.3751102274826,1652.0
scanId=135055,2.250783333333,473.38763951157546,1147.0
scanId=135055,2.250783333333,473.7510636857048,2317.0
scanId=135055,2.250783333333,473.76359794431374,3790.0
scanId=135055,2.250783333333,473.7761325557003,3966.0
scanId=135055,2.250783333333,473.78866714594346,3143.0
scanId=135055,2.250783333333,473.8012020889599,2219.0
scanId=135055,2.250783333333,473.8137370108374,1551.0
scanId=135055,2.250783333333,473.8262722854837,1081.0
scanId=135055,2.250783333333,474.2400261934666,1361.0
scanId=135055,2.250783333333,474.2525671058201,2244.0
scanId=135055,2.250783333333,474.2651079971173,3037.0
scanId=135055,2.250783333333,474.2776492411006,3178.0
scanId=135055,2.250783333333,474.2901904640324,2853.0
scanId=135055,2.250783333333,474.3027320396456,2303.0
scanId=135055,2.250783333333,474.3152735942117,1812.0
scanId=135055,2.250783333333,474.32781550145467,1472.0
scanId=135055,2.250783333333,474.3403573876553,1321.0
scanId=135055,2.250783333333,474.3528996265281,1107.0
scanId=135055,2.250783333333,475.2438156856568,1107.0
scanId=135055,2.250783333333,475.25636986320376,1244.0
scanId=135055,2.250783333333,475.2689240198805,1416.0
scanId=135055,2.250783333333,475.2814785290572,1951.0
scanId=135055,2.250783333333,475.2940330173684,3070.0
scanId=135055,2.250783333333,475.306587858175,3912.0
scanId=135055,2.250783333333,475.3191426781207,4169.0
scanId=135055,2.250783333333,475.3316978505572,3949.0
scanId=135055,2.250783333333,475.3442530021375,3341.0
scanId=135055,2.250783333333,475.3568085062039,2538.0
scanId=135055,2.250783333333,475.3693639894187,1850.0
scanId=135055,2.250783333333,475.3819198251148,1309.0
scanId=135055,2.250783333333,476.2863690399961,1173.0
scanId=135055,2.250783333333,476.29893679369,1630.0
scanId=135055,2.250783333333,476.3115048996901,2026.0
scanId=135055,2.250783333333,476.3240729850187,1987.0
scanId=135055,2.250783333333,476.3366414226486,1623.0
scanId=135055,2.250783333333,476.3492098396117,1311.0
scanId=135055,2.250783333333,476.3617786088715,1062.0
scanId=135055,2.250783333333,477.20425753813856,1055.0
scanId=135055,2.250783333333,477.2168375828129,1040.0
scanId=135055,2.250783333333,477.2419979832928,1110.0
scanId=135055,2.250783333333,477.2545783391033,1398.0
scanId=135055,2.250783333333,477.2671590470372,1563.0
scanId=135055,2.250783333333,477.2797397344824,1811.0
scanId=135055,2.250783333333,477.2923207740461,2479.0
scanId=135055,2.250783333333,477.304901793126,3362.0
scanId=135055,2.250783333333,477.3174831643195,3638.0
scanId=135055,2.250783333333,477.3300645150342,3118.0
scanId=135055,2.250783333333,477.3426462178576,2339.0
scanId=135055,2.250783333333,477.355227900207,1661.0
scanId=135055,2.250783333333,477.3678099346602,1242.0
scanId=135055,2.250783333333,477.3803919486442,1009.0
scanId=135055,2.250783333333,478.2741454737445,1143.0
scanId=135055,2.250783333333,478.28673942657895,1463.0
scanId=135055,2.250783333333,478.2993337313361,1747.0
scanId=135055,2.250783333333,478.3119280158053,1693.0
scanId=135055,2.250783333333,478.3245226521922,1540.0
scanId=135055,2.250783333333,478.3371172682961,1284.0
scanId=135055,2.250783333333,478.34971223631294,1027.0
scanId=135055,2.250783333333,479.25697899890406,1299.0
scanId=135055,2.250783333333,479.2695858854959,1847.0
scanId=135055,2.250783333333,479.2821931238166,2311.0
scanId=135055,2.250783333333,479.2948003420432,2491.0
scanId=135055,2.250783333333,479.3074079119938,2466.0
scanId=135055,2.250783333333,479.32001546185535,2782.0
scanId=135055,2.250783333333,479.3326233634358,3810.0
scanId=135055,2.250783333333,479.3452312449323,4288.0
scanId=135055,2.250783333333,479.3578394781426,3578.0
scanId=135055,2.250783333333,479.37044769127374,2514.0
scanId=135055,2.250783333333,479.3830562561138,1701.0
scanId=135055,2.250783333333,479.39566480087984,1147.0
scanId=135055,2.250783333333,480.253441169995,1297.0
scanId=135055,2.250783333333,480.2660613418794,1810.0
scanId=135055,2.250783333333,480.27868149386654,2273.0
scanId=135055,2.250783333333,480.2913019973809,2360.0
scanId=135055,2.250783333333,480.30392248100304,2363.0
scanId=135055,2.250783333333,480.3165433161471,2339.0
scanId=135055,2.250783333333,480.3291641314042,2263.0
scanId=135055,2.250783333333,480.3417852981781,2215.0
scanId=135055,2.250783333333,480.35440644507,1870.0
scanId=135055,2.250783333333,480.3670279434737,1356.0
scanId=135055,2.250783333333,481.22567252607854,1681.0
scanId=135055,2.250783333333,481.2383052801943,3046.0
scanId=135055,2.250783333333,481.2509383856423,4516.0
scanId=135055,2.250783333333,481.26357147139305,5122.0
scanId=135055,2.250783333333,481.2762049084709,4681.0
scanId=135055,2.250783333333,481.2888383258567,4362.0
scanId=135055,2.250783333333,481.3014720945644,4360.0
scanId=135055,2.250783333333,481.3141058435851,3930.0
scanId=135055,2.250783333333,481.3267399439226,3157.0
scanId=135055,2.250783333333,481.3393740245784,2580.0
scanId=135055,2.250783333333,481.3520084565459,2231.0
scanId=135055,2.250783333333,481.3646428688367,2022.0
scanId=135055,2.250783333333,481.37727763243385,1734.0
scanId=135055,2.250783333333,481.3899123763596,1350.0
scanId=135055,2.250783333333,482.2494702747397,1664.0
scanId=135055,2.250783333333,482.2621166453813,2414.0
scanId=135055,2.250783333333,482.2747629965336,2851.0
scanId=135055,2.250783333333,482.28740969880505,3005.0
scanId=135055,2.250783333333,482.3000563815925,2634.0
scanId=135055,2.250783333333,482.3127034154937,1936.0
scanId=135055,2.250783333333,482.3253504299162,1360.0
scanId=135055,2.250783333333,482.7681037341925,1211.0
scanId=135055,2.250783333333,482.78075671804686,1199.0
scanId=135055,2.250783333333,482.7934100529149,1104.0
scanId=135055,2.250783333333,483.2110599781614,1446.0
scanId=135055,2.250783333333,483.2237189507367,3018.0
scanId=135055,2.250783333333,483.2363779040237,4850.0
scanId=135055,2.250783333333,483.2490372082288,6127.0
scanId=135055,2.250783333333,483.2616964931509,6100.0
scanId=135055,2.250783333333,483.27435612898574,5309.0
scanId=135055,2.250783333333,483.2870157455429,4573.0
scanId=135055,2.250783333333,483.2996757130077,3856.0
scanId=135055,2.250783333333,483.3123356612,2985.0
scanId=135055,2.250783333333,483.3249959602946,2187.0
scanId=135055,2.250783333333,483.33765624012216,1495.0
scanId=135055,2.250783333333,483.3503168708466,1032.0
scanId=135055,2.250783333333,483.48959364222,1086.0
scanId=135055,2.250783333333,483.5022562627236,1095.0
scanId=135055,2.250783333333,484.224294359361,1020.0
scanId=135055,2.250783333333,484.2369665971297,1751.0
scanId=135055,2.250783333333,484.2496388158244,2410.0
scanId=135055,2.250783333333,484.262311385223,2708.0
scanId=135055,2.250783333333,484.2749839355528,2612.0
scanId=135055,2.250783333333,484.2876568365812,2411.0
scanId=135055,2.250783333333,484.3003297185464,2212.0
scanId=135055,2.250783333333,484.3130029512047,1946.0
scanId=135055,2.250783333333,484.325676164805,1489.0
scanId=135055,2.250783333333,484.33834972909307,1056.0
scanId=135055,2.250783333333,485.22590481220016,1268.0
scanId=135055,2.250783333333,485.23858996467055,1514.0
scanId=135055,2.250783333333,485.2512754676327,1609.0
scanId=135055,2.250783333333,485.2639609517382,1802.0
scanId=135055,2.250783333333,485.2766467863302,1842.0
scanId=135055,2.250783333333,485.2893326020711,1585.0
scanId=135055,2.250783333333,485.3020187682929,1477.0
scanId=135055,2.250783333333,485.3147049156691,1488.0
scanId=135055,2.250783333333,485.32739141352073,1381.0
scanId=135055,2.250783333333,485.3400778925322,1254.0
scanId=135055,2.250783333333,485.3527647220137,1068.0
scanId=135055,2.250783333333,485.3654515326605,1015.0
scanId=135055,2.250783333333,485.378138693772,1152.0
scanId=135055,2.250783333333,485.3908258360541,1077.0
scanId=135055,2.250783333333,487.2195187413412,1195.0
scanId=135055,2.250783333333,487.2322301114306,1739.0
scanId=135055,2.250783333333,487.24494146309627,2168.0
scanId=135055,2.250783333333,487.2576531648157,2532.0
scanId=135055,2.250783333333,487.27036484811686,2700.0
scanId=135055,2.250783333333,487.283076881466,2769.0
scanId=135055,2.250783333333,487.29578889640254,2658.0
scanId=135055,2.250783333333,487.3085012613815,2338.0
scanId=135055,2.250783333333,487.3212136079535,1963.0
scanId=135055,2.250783333333,487.3339263045623,1980.0
scanId=135055,2.250783333333,487.3466389827698,2336.0
scanId=135055,2.250783333333,487.3593520110084,2506.0
scanId=135055,2.250783333333,487.3720650208514,2153.0
scanId=135055,2.250783333333,487.3847783807199,1724.0
scanId=135055,2.250783333333,487.39749172219854,1376.0
scanId=135055,2.250783333333,487.4102054136968,1078.0
scanId=135055,2.250783333333,488.2369449584988,1062.0
scanId=135055,2.250783333333,488.2496695937817,1457.0
scanId=135055,2.250783333333,488.26239421086734,1716.0
scanId=135055,2.250783333333,488.2751191777801,1611.0
scanId=135055,2.250783333333,488.2878441265013,1503.0
scanId=135055,2.250783333333,488.3005694250439,1599.0
scanId=135055,2.250783333333,488.3132947054006,1622.0
scanId=135055,2.250783333333,488.326020335573,1543.0
scanId=135055,2.250783333333,488.3387459475655,1375.0
scanId=135055,2.250783333333,488.3514719093677,1103.0
scanId=135055,2.250783333333,489.217220061298,1220.0
scanId=135055,2.250783333333,489.22995728053553,1412.0
scanId=135055,2.250783333333,489.2426948493821,1562.0
scanId=135055,2.250783333333,489.2554324002552,1929.0
scanId=135055,2.250783333333,489.2681703007316,2242.0
scanId=135055,2.250783333333,489.28090818324057,2195.0
scanId=135055,2.250783333333,489.2936464153467,2117.0
scanId=135055,2.250783333333,489.3063846294911,2836.0
scanId=135055,2.250783333333,489.3191231932272,3683.0
scanId=135055,2.250783333333,489.3318617390072,4010.0
scanId=135055,2.250783333333,489.344600634373,3627.0
scanId=135055,2.250783333333,489.3573395117886,2877.0
scanId=135055,2.250783333333,489.3700787387843,2284.0
scanId=135055,2.250783333333,489.3828179478356,1837.0
scanId=135055,2.250783333333,489.3955575064611,1395.0
scanId=135055,2.250783333333,490.1984781055124,1438.0
scanId=135055,2.250783333333,490.2112282762927,1676.0
scanId=135055,2.250783333333,490.2239784293207,1540.0
scanId=135055,2.250783333333,490.23672893173085,1325.0
scanId=135055,2.250783333333,490.2494794163944,1278.0
scanId=135055,2.250783333333,490.2622302504344,1406.0
scanId=135055,2.250783333333,490.2749810667336,1556.0
scanId=135055,2.250783333333,490.2877322324034,1511.0
scanId=135055,2.250783333333,490.30048338033833,1493.0
scanId=135055,2.250783333333,490.313234877638,1890.0
scanId=135055,2.250783333333,490.3259863572086,2251.0
scanId=135055,2.250783333333,490.3387381861381,2200.0
scanId=135055,2.250783333333,490.3514899973444,1825.0
scanId=135055,2.250783333333,490.3642421579039,1326.0
scanId=135055,2.250783333333,491.1807194586167,1082.0
scanId=135055,2.250783333333,491.193482213802,1240.0
scanId=135055,2.250783333333,491.20624531814593,1215.0
scanId=135055,2.250783333333,491.219008404967,1270.0
scanId=135055,2.250783333333,491.2317718409407,1420.0
scanId=135055,2.250783333333,491.2445352593976,1541.0
scanId=135055,2.250783333333,491.2572990270011,1942.0
scanId=135055,2.250783333333,491.27006277709376,2373.0
scanId=135055,2.250783333333,491.2828268763272,2686.0
scanId=135055,2.250783333333,491.2955909580555,2836.0
scanId=135055,2.250783333333,491.3083553889189,2724.0
scanId=135055,2.250783333333,491.321119802283,2725.0
scanId=135055,2.250783333333,491.33388456477616,2905.0
scanId=135055,2.250783333333,491.34664930977607,2704.0
scanId=135055,2.250783333333,491.359414403899,2066.0
scanId=135055,2.250783333333,491.3721794805346,1532.0
scanId=135055,2.250783333333,491.3849449062874,1286.0
scanId=135055,2.250783333333,491.3977103145589,1096.0
scanId=135055,2.250783333333,492.278930347231,1154.0
scanId=135055,2.250783333333,492.2917073627556,1463.0
scanId=135055,2.250783333333,492.3044847271825,1650.0
scanId=135055,2.250783333333,492.31726207434303,1767.0
scanId=135055,2.250783333333,492.33003977039976,1680.0
scanId=135055,2.250783333333,492.34281744919616,1637.0
scanId=135055,2.250783333333,492.3555954768827,1481.0
scanId=135055,2.250783333333,492.3683734873149,1258.0
scanId=135055,2.250783333333,493.2376734264473,1003.0
scanId=135055,2.250783333333,493.25046306117815,1691.0
scanId=135055,2.250783333333,493.2632526788661,3246.0
scanId=135055,2.250783333333,493.2760426452268,5397.0
scanId=135055,2.250783333333,493.2888325945506,6280.0
scanId=135055,2.250783333333,493.3016228925412,5515.0
scanId=135055,2.250783333333,493.31441317350095,4454.0
scanId=135055,2.250783333333,493.3272038031213,3934.0
scanId=135055,2.250783333333,493.3399944157172,4110.0
scanId=135055,2.250783333333,493.35278537696735,4057.0
scanId=135055,2.250783333333,493.3655763211989,3258.0
scanId=135055,2.250783333333,493.3783676140789,2352.0
scanId=135055,2.250783333333,493.3911588899464,1641.0
scanId=135055,2.250783333333,493.4039505144563,1148.0
scanId=135055,2.250783333333,493.7621807626456,1492.0
scanId=135055,2.250783333333,493.7749770130521,2895.0
scanId=135055,2.250783333333,493.7877736120095,3210.0
scanId=135055,2.250783333333,493.80057019405206,2473.0
scanId=135055,2.250783333333,493.8133671246393,1710.0
scanId=135055,2.250783333333,493.8261640383177,1203.0
scanId=135055,2.250783333333,494.2485583190124,1005.0
scanId=135055,2.250783333333,494.2613608705023,1843.0
scanId=135055,2.250783333333,494.2741637704266,2617.0
scanId=135055,2.250783333333,494.2869666535527,2901.0
scanId=135055,2.250783333333,494.2997698851068,2631.0
scanId=135055,2.250783333333,494.3125730998687,2286.0
scanId=135055,2.250783333333,494.3253766630527,2013.0
scanId=135055,2.250783333333,494.33818020945057,1878.0
scanId=135055,2.250783333333,494.35098410426434,1684.0
scanId=135055,2.250783333333,494.3637879822983,1387.0
scanId=135055,2.250783333333,494.3765922087419,1169.0
scanId=135055,2.250783333333,495.2348469023012,1109.0
scanId=135055,2.250783333333,495.2476624041593,1492.0
scanId=135055,2.250783333333,495.260477889454,1774.0
scanId=135055,2.250783333333,495.273293722942,1893.0
scanId=135055,2.250783333333,495.2861095398728,1867.0
scanId=135055,2.250783333333,495.2989257049905,1791.0
scanId=135055,2.250783333333,495.31174185355735,1756.0
scanId=135055,2.250783333333,495.324558350305,1728.0
scanId=135055,2.250783333333,495.337374830508,1700.0
scanId=135055,2.250783333333,495.35019165888536,1505.0
scanId=135055,2.250783333333,495.3630084707244,1251.0
scanId=135055,2.250783333333,495.37582563073175,1018.0
scanId=135055,2.250783333333,496.28626125362206,1370.0
scanId=135055,2.250783333333,496.2990903523034,1565.0
scanId=135055,2.250783333333,496.3119194346781,1506.0
scanId=135055,2.250783333333,496.32474886498943,1253.0
scanId=135055,2.250783333333,496.3375782790003,1006.0
scanId=135055,2.250783333333,497.2103736292163,1219.0
scanId=135055,2.250783333333,497.2232146665718,1690.0
scanId=135055,2.250783333333,497.2360556878485,2009.0
scanId=135055,2.250783333333,497.2488970568338,2059.0
scanId=135055,2.250783333333,497.2617384097466,1822.0
scanId=135055,2.250783333333,497.274580110362,1719.0
scanId=135055,2.250783333333,497.2874217949111,1813.0
scanId=135055,2.250783333333,497.3002638271561,1853.0
scanId=135055,2.250783333333,497.3131058433414,1666.0
scanId=135055,2.250783333333,497.3259482072162,1312.0
scanId=135055,2.250783333333,497.3387905550378,1017.0
scanId=135055,2.250783333333,498.2510276245823,1100.0
scanId=135055,2.250783333333,498.2638819113085,1159.0
scanId=135055,2.250783333333,499.2026994333134,1375.0
scanId=135055,2.250783333333,499.2155659905831,1905.0
scanId=135055,2.250783333333,499.2284328950658,2198.0
scanId=135055,2.250783333333,499.2412997839718,2279.0
scanId=135055,2.250783333333,499.2541670200844,2069.0
scanId=135055,2.250783333333,499.2670342406267,1992.0
scanId=135055,2.250783333333,499.27990180836906,2284.0
scanId=135055,2.250783333333,499.29276936054777,2701.0
scanId=135055,2.250783333333,499.30563725992,2787.0
scanId=135055,2.250783333333,499.3185051437352,2687.0
scanId=135055,2.250783333333,499.33137337473727,2281.0
scanId=135055,2.250783333333,499.34424159018863,1871.0
scanId=135055,2.250783333333,499.35711015282055,1526.0
scanId=135055,2.250783333333,499.3699786999083,1215.0
scanId=135055,2.250783333333,499.3828475941701,1038.0
scanId=135055,2.250783333333,500.2454350737731,1211.0
scanId=135055,2.250783333333,500.2583152434493,1325.0
scanId=135055,2.250783333333,500.27119539781074,1272.0
scanId=135055,2.250783333333,500.2840758991168,1183.0
scanId=135055,2.250783333333,500.2969563851144,1198.0
scanId=135055,2.250783333333,500.30983721805023,1413.0
scanId=135055,2.250783333333,500.3227180356843,1458.0
scanId=135055,2.250783333333,500.3355992002501,1242.0
scanId=135055,2.250783333333,500.3484803495205,1083.0
scanId=135055,2.250783333333,500.3613618457161,1040.0
scanId=135055,2.250783333333,501.2376864349998,1339.0
scanId=135055,2.250783333333,501.2505791915462,1972.0
scanId=135055,2.250783333333,501.263472294786,2318.0
scanId=135055,2.250783333333,501.276365382969,2301.0
scanId=135055,2.250783333333,501.2892588178386,2172.0
scanId=135055,2.250783333333,501.3021522376581,2116.0
scanId=135055,2.250783333333,501.3150460041575,2126.0
scanId=135055,2.250783333333,501.32793975561344,2093.0
scanId=135055,2.250783333333,501.3408338537428,1920.0
scanId=135055,2.250783333333,501.35372793683536,1842.0
scanId=135055,2.250783333333,501.3666223665945,1664.0
scanId=135055,2.250783333333,501.37951678132345,1370.0
scanId=135055,2.250783333333,501.3924115427124,1161.0
scanId=135055,2.250783333333,502.2567321373991,1558.0
scanId=135055,2.250783333333,502.2696381742026,2087.0
scanId=135055,2.250783333333,502.28254419621,2306.0
scanId=135055,2.250783333333,502.29545056464326,2395.0
scanId=135055,2.250783333333,502.3083569182873,2304.0
scanId=135055,2.250783333333,502.3212636183505,2049.0
scanId=135055,2.250783333333,502.33417030363097,1706.0
scanId=135055,2.250783333333,502.347077335324,1313.0
scanId=135055,2.250783333333,503.2638939114399,1324.0
scanId=135055,2.250783333333,503.2768128818071,1603.0
scanId=135055,2.250783333333,503.2897318376417,1818.0
scanId=135055,2.250783333333,503.30265113963856,2214.0
scanId=135055,2.250783333333,503.3155704271098,3223.0
scanId=135055,2.250783333333,503.32849006073656,4899.0
scanId=135055,2.250783333333,503.3414096798445,5973.0
scanId=135055,2.250783333333,503.354329645101,5371.0
scanId=135055,2.250783333333,503.3672495958455,3920.0
scanId=135055,2.250783333333,503.380169892732,2639.0
scanId=135055,2.250783333333,503.3930901751131,1829.0
scanId=135055,2.250783333333,503.4060108036295,1236.0
scanId=135055,2.250783333333,504.2849964177066,1135.0
scanId=135055,2.250783333333,504.2979283073712,1408.0
scanId=135055,2.250783333333,504.3108605429317,1639.0
scanId=135055,2.250783333333,504.323792764233,1662.0
scanId=135055,2.250783333333,504.3367253314234,1753.0
scanId=135055,2.250783333333,504.3496578843614,1892.0
scanId=135055,2.250783333333,504.36259078318176,1822.0
scanId=135055,2.250783333333,504.37552366775645,1508.0
scanId=135055,2.250783333333,504.3884568982065,1243.0
scanId=135055,2.250783333333,504.4013901144179,1016.0
scanId=135055,2.250783333333,505.2682994526536,1083.0
scanId=135055,2.250783333333,505.2812439445141,1490.0
scanId=135055,2.250783333333,505.29418878200846,1827.0
scanId=135055,2.250783333333,505.3071336055057,2272.0
scanId=135055,2.250783333333,505.32007877462985,2714.0
scanId=135055,2.250783333333,505.3330239297641,3286.0
scanId=135055,2.250783333333,505.3459694305181,4212.0
scanId=135055,2.250783333333,505.3589149172889,4754.0
scanId=135055,2.250783333333,505.3718607496728,4100.0
scanId=135055,2.250783333333,505.3848065680804,3120.0
scanId=135055,2.250783333333,505.397752732094,2361.0
scanId=135055,2.250783333333,505.4106988821384,1644.0
scanId=135055,2.250783333333,505.4236453777819,1088.0
scanId=135055,2.250783333333,506.265517338637,1169.0
scanId=135055,2.250783333333,506.2784747780651,1705.0
scanId=135055,2.250783333333,506.2914322037612,1899.0
scanId=135055,2.250783333333,506.3043899748192,1881.0
scanId=135055,2.250783333333,506.3173477321519,1977.0
scanId=135055,2.250783333333,506.3303058348396,2129.0
scanId=135055,2.250783333333,506.3432639238092,2489.0
scanId=135055,2.250783333333,506.3562223581268,2752.0
scanId=135055,2.250783333333,506.36918077873327,2485.0
scanId=135055,2.250783333333,506.3821395446807,1980.0
scanId=135055,2.250783333333,506.3950982969239,1435.0
scanId=135055,2.250783333333,506.4080573945012,1073.0
scanId=135055,2.250783333333,507.1859013081341,1373.0
scanId=135055,2.250783333333,507.1988703411205,1567.0
scanId=135055,2.250783333333,507.2118397192227,1527.0
scanId=135055,2.250783333333,507.224809083846,1431.0
scanId=135055,2.250783333333,507.237778793578,1372.0
scanId=135055,2.250783333333,507.2507484898384,1413.0
scanId=135055,2.250783333333,507.26371853120025,1494.0
scanId=135055,2.250783333333,507.2766885590973,1495.0
scanId=135055,2.250783333333,507.289658932089,1628.0
scanId=135055,2.250783333333,507.30262929162296,1995.0
scanId=135055,2.250783333333,507.3155999962445,2531.0
scanId=135055,2.250783333333,507.3285706874154,3190.0
scanId=135055,2.250783333333,507.3415417236668,3913.0
scanId=135055,2.250783333333,507.3545127464746,4290.0
scanId=135055,2.250783333333,507.3674841143558,4363.0
scanId=135055,2.250783333333,507.3804554688007,4034.0
scanId=135055,2.250783333333,507.39342716831175,3240.0
scanId=135055,2.250783333333,507.4063988543933,2271.0
scanId=135055,2.250783333333,507.4193708855343,1510.0
scanId=135055,2.250783333333,507.4323429032528,1008.0
scanId=135055,2.250783333333,508.27588564653735,1064.0
scanId=135055,2.250783333333,508.2888686082752,1344.0
scanId=135055,2.250783333333,508.3018519148305,1540.0
scanId=135055,2.250783333333,508.3148352082053,1696.0
scanId=135055,2.250783333333,508.3278188463904,1986.0
scanId=135055,2.250783333333,508.3408024714021,2110.0
scanId=135055,2.250783333333,508.3537864412173,1984.0
scanId=135055,2.250783333333,508.3667703978661,1721.0
scanId=135055,2.250783333333,508.3797546993109,1325.0
scanId=135055,2.250783333333,509.2500745414024,1106.0
scanId=135055,2.250783333333,509.2630701182617,1362.0
scanId=135055,2.250783333333,509.2760656822058,1482.0
scanId=135055,2.250783333333,509.2890615906949,1421.0
scanId=135055,2.250783333333,509.3020574862761,1453.0
scanId=135055,2.250783333333,509.31505372639526,1942.0
scanId=135055,2.250783333333,509.3280499536135,2206.0
scanId=135055,2.250783333333,509.3410465253623,2261.0
scanId=135055,2.250783333333,509.3540430842175,2282.0
scanId=135055,2.250783333333,509.3670399875962,1919.0
scanId=135055,2.250783333333,509.3800368780885,1400.0
scanId=135055,2.250783333333,509.393034113097,1033.0
scanId=135055,2.250783333333,510.23820416856574,1361.0
scanId=135055,2.250783333333,510.2512123473588,1391.0
scanId=135055,2.250783333333,510.2642205135118,1143.0
scanId=135055,2.250783333333,510.2772290239349,1199.0
scanId=135055,2.250783333333,510.290237521725,1371.0
scanId=135055,2.250783333333,510.3032463637778,1314.0
scanId=135055,2.250783333333,510.31625519320505,1509.0
scanId=135055,2.250783333333,510.3292643668876,1915.0
scanId=135055,2.250783333333,510.3422735279521,2143.0
scanId=135055,2.250783333333,510.3552830332645,1888.0
scanId=135055,2.250783333333,510.368292525966,1496.0
scanId=135055,2.250783333333,510.3813023629082,1168.0
scanId=135055,2.250783333333,511.24031233392543,1347.0
scanId=135055,2.250783333333,511.25333310229,1789.0
scanId=135055,2.250783333333,511.2663542146466,1955.0
scanId=135055,2.250783333333,511.2793753146484,2056.0
scanId=135055,2.250783333333,511.2923967586349,2053.0
scanId=135055,2.250783333333,511.3054181902737,1922.0
scanId=135055,2.250783333333,511.3184399658901,1928.0
scanId=135055,2.250783333333,511.33146172916616,1912.0
scanId=135055,2.250783333333,511.34448383641234,1598.0
scanId=135055,2.250783333333,511.35750593132553,1244.0
scanId=135055,2.250783333333,512.2825049110626,1043.0
scanId=135055,2.250783333333,512.2955389449156,1477.0
scanId=135055,2.250783333333,512.3085733224657,1625.0
scanId=135055,2.250783333333,512.321607687956,1468.0
scanId=135055,2.250783333333,512.3346423971359,1320.0
scanId=135055,2.250783333333,512.3476770942635,1241.0
scanId=135055,2.250783333333,512.3607121350734,1049.0
scanId=135055,2.250783333333,513.234431552646,1346.0
scanId=135055,2.250783333333,513.2474778688703,1830.0
scanId=135055,2.250783333333,513.2605241733025,2130.0
scanId=135055,2.250783333333,513.2735708211567,2301.0
scanId=135055,2.250783333333,513.2866174572263,2751.0
scanId=135055,2.250783333333,513.2996644367103,3007.0
scanId=135055,2.250783333333,513.3127114044172,2959.0
scanId=135055,2.250783333333,513.325758715531,2552.0
scanId=135055,2.250783333333,513.3388060148752,1959.0
scanId=135055,2.250783333333,513.3518536576188,1399.0
scanId=135055,2.250783333333,513.3649012886003,1055.0
scanId=135055,2.250783333333,513.7955691529883,1181.0
scanId=135055,2.250783333333,513.8086224218044,1312.0
scanId=135055,2.250783333333,513.8216760338852,1098.0
scanId=135055,2.250783333333,514.2394763325733,1023.0
scanId=135055,2.250783333333,514.2525352392247,1203.0
scanId=135055,2.250783333333,514.2655944890125,1297.0
scanId=135055,2.250783333333,514.2786537273015,1639.0
scanId=135055,2.250783333333,514.2917133087192,1831.0
scanId=135055,2.250783333333,514.3047728786453,1692.0
scanId=135055,2.250783333333,514.3178327916929,1396.0
scanId=135055,2.250783333333,514.3308926932563,1085.0
scanId=135055,2.250783333333,515.2193610340389,1057.0
scanId=135055,2.250783333333,515.2324325541307,1278.0
scanId=135055,2.250783333333,515.2455040630038,1504.0
scanId=135055,2.250783333333,515.2585759147254,1523.0
scanId=135055,2.250783333333,515.2716477552357,1690.0
scanId=135055,2.250783333333,515.2847199385872,1898.0
scanId=135055,2.250783333333,515.297792110735,1796.0
scanId=135055,2.250783333333,515.3108646257165,1594.0
scanId=135055,2.250783333333,515.3239371295016,1444.0
scanId=135055,2.250783333333,515.3370099761128,1319.0
scanId=135055,2.250783333333,515.3500828115355,1198.0
scanId=135055,2.250783333333,515.3631559897765,1182.0
scanId=135055,2.250783333333,515.3762291568365,1110.0
scanId=135055,2.250783333333,515.3893026667076,1044.0
scanId=135055,2.250783333333,515.4023761654051,1157.0
scanId=135055,2.250783333333,515.4154500069059,1320.0
scanId=135055,2.250783333333,515.4285238372408,1298.0
scanId=135055,2.250783333333,516.2655995411238,1315.0
scanId=135055,2.250783333333,516.2786843264091,1653.0
scanId=135055,2.250783333333,516.2917691007812,1584.0
scanId=135055,2.250783333333,516.3048542176963,1331.0
scanId=135055,2.250783333333,516.3179393237057,1109.0
scanId=135055,2.250783333333,517.2081215472269,1183.0
scanId=135055,2.250783333333,517.2212182711864,1362.0
scanId=135055,2.250783333333,517.2343149845098,1367.0
scanId=135055,2.250783333333,517.247412040099,1284.0
scanId=135055,2.250783333333,517.26050908506,1360.0
scanId=135055,2.250783333333,517.2736064722791,1447.0
scanId=135055,2.250783333333,517.2867038488778,1378.0
scanId=135055,2.250783333333,517.2998015677267,1403.0
scanId=135055,2.250783333333,517.3128992759628,1735.0
scanId=135055,2.250783333333,517.3259973264417,2302.0
scanId=135055,2.250783333333,517.3390953663155,2700.0
scanId=135055,2.250783333333,517.352193748424,2893.0
scanId=135055,2.250783333333,517.3652921199352,2794.0
scanId=135055,2.250783333333,517.3783908336737,2401.0
scanId=135055,2.250783333333,517.3914895368226,1804.0
scanId=135055,2.250783333333,517.404588582191,1210.0
scanId=135055,2.250783333333,518.2957066759014,1057.0
scanId=135055,2.250783333333,518.3088169863668,1406.0
scanId=135055,2.250783333333,518.3219276387794,1558.0
scanId=135055,2.250783333333,518.3350382808823,1594.0
scanId=135055,2.250783333333,518.3481492649247,1647.0
scanId=135055,2.250783333333,518.3612602386653,1502.0
scanId=135055,2.250783333333,518.3743715543375,1147.0
scanId=135055,2.250783333333,519.2794466195974,1541.0
scanId=135055,2.250783333333,519.2925695423139,2130.0
scanId=135055,2.250783333333,519.3056924550109,2362.0
scanId=135055,2.250783333333,519.3188157093572,2710.0
scanId=135055,2.250783333333,519.3319389536917,2926.0
scanId=135055,2.250783333333,519.345062539668,2826.0
scanId=135055,2.250783333333,519.3581861156404,2642.0
scanId=135055,2.250783333333,519.3713100332463,2214.0
scanId=135055,2.250783333333,519.3844339408564,1658.0
scanId=135055,2.250783333333,519.3975581900922,1203.0
scanId=135055,2.250783333333,520.2772546424068,1205.0
scanId=135055,2.250783333333,520.2903901670571,1990.0
scanId=135055,2.250783333333,520.3035256819879,2658.0
scanId=135055,2.250783333333,520.3166615382681,2899.0
scanId=135055,2.250783333333,520.329797384837,2870.0
scanId=135055,2.250783333333,520.3429335727469,2784.0
scanId=135055,2.250783333333,520.3560697509535,2737.0
scanId=135055,2.250783333333,520.3692062704932,2441.0
scanId=135055,2.250783333333,520.3823427803377,1846.0
scanId=135055,2.250783333333,520.3954796315073,1318.0
scanId=135055,2.250783333333,520.4086164729894,1052.0
scanId=135055,2.250783333333,521.2760204236395,1179.0
scanId=135055,2.250783333333,521.2891685502235,1745.0
scanId=135055,2.250783333333,521.3023166673911,2082.0
scanId=135055,2.250783333333,521.315465125605,2914.0
scanId=135055,2.250783333333,521.3286135744103,5226.0
scanId=135055,2.250783333333,521.341762364254,8648.0
scanId=135055,2.250783333333,521.3549111446973,10147.0
scanId=135055,2.250783333333,521.3680602661709,8618.0
scanId=135055,2.250783333333,521.3812093782519,6281.0
scanId=135055,2.250783333333,521.3943588313554,4332.0
scanId=135055,2.250783333333,521.4075082750742,2966.0
scanId=135055,2.250783333333,521.4206580598075,2065.0
scanId=135055,2.250783333333,521.4338078351641,1537.0
scanId=135055,2.250783333333,521.4469579515272,1101.0
scanId=135055,2.250783333333,522.2757439633878,1258.0
scanId=135055,2.250783333333,522.2889046919057,1839.0
scanId=135055,2.250783333333,522.302065411312,2109.0
scanId=135055,2.250783333333,522.3152264714597,2351.0
scanId=135055,2.250783333333,522.3283875225042,3023.0
scanId=135055,2.250783333333,522.3415489142817,3918.0
scanId=135055,2.250783333333,522.354710296964,4204.0
scanId=135055,2.250783333333,522.3678720203712,3579.0
scanId=135055,2.250783333333,522.3810337346915,2630.0
scanId=135055,2.250783333333,522.3941957897287,1827.0
scanId=135055,2.250783333333,522.4073578356868,1202.0
scanId=135055,2.250783333333,523.250079272912,1096.0
scanId=135055,2.250783333333,523.2632522717338,1307.0
scanId=135055,2.250783333333,523.2764252617436,1961.0
scanId=135055,2.250783333333,523.2895985921953,3385.0
scanId=135055,2.250783333333,523.3027719138431,6151.0
scanId=135055,2.250783333333,523.3159455759245,8849.0
scanId=135055,2.250783333333,523.3291192292103,9652.0
scanId=135055,2.250783333333,523.3422932229216,9792.0
scanId=135055,2.250783333333,523.3554672078453,10163.0
scanId=135055,2.250783333333,523.3686415331865,9754.0
scanId=135055,2.250783333333,523.3818158497481,7742.0
scanId=135055,2.250783333333,523.3949905067191,5541.0
scanId=135055,2.250783333333,523.4081651549186,3823.0
scanId=135055,2.250783333333,523.4213401435195,2568.0
scanId=135055,2.250783333333,523.4345151233571,1711.0
scanId=135055,2.250783333333,523.4476904435879,1115.0
scanId=135055,2.250783333333,524.2648787265448,1060.0
scanId=135055,2.250783333333,524.2780643187984,1126.0
scanId=135055,2.250783333333,524.2912502511839,1477.0
scanId=135055,2.250783333333,524.3044361750754,2256.0
scanId=135055,2.250783333333,524.3176224390907,3127.0
scanId=135055,2.250783333333,524.3308086946201,3606.0
scanId=135055,2.250783333333,524.3439952902653,3731.0
scanId=135055,2.250783333333,524.3571818774328,3628.0
scanId=135055,2.250783333333,524.3703688047077,3220.0
scanId=135055,2.250783333333,524.3835557235133,2383.0
scanId=135055,2.250783333333,524.3967429824181,1594.0
scanId=135055,2.250783333333,524.4099302328616,1128.0
scanId=135055,2.250783333333,525.2410668745927,1160.0
scanId=135055,2.250783333333,525.2542647374543,2130.0
scanId=135055,2.250783333333,525.2674629401436,3489.0
scanId=135055,2.250783333333,525.2806611346432,4192.0
scanId=135055,2.250783333333,525.2938596689623,4223.0
scanId=135055,2.250783333333,525.3070581951,4285.0
scanId=135055,2.250783333333,525.320257061049,4304.0
scanId=135055,2.250783333333,525.3334559188247,3974.0
scanId=135055,2.250783333333,525.3466551164037,3486.0
scanId=135055,2.250783333333,525.3598543058174,3025.0
scanId=135055,2.250783333333,525.3730538350261,2650.0
scanId=135055,2.250783333333,525.386253356078,2266.0
scanId=135055,2.250783333333,525.3994532169168,1792.0
scanId=135055,2.250783333333,525.4126530696067,1279.0
scanId=135055,2.250783333333,526.2577941079974,1223.0
scanId=135055,2.250783333333,526.2710049126206,1772.0
scanId=135055,2.250783333333,526.2842157093686,2051.0
scanId=135055,2.250783333333,526.2974268456217,1864.0
scanId=135055,2.250783333333,526.3106379740077,1515.0
scanId=135055,2.250783333333,526.3238494418905,1275.0
scanId=135055,2.250783333333,526.3370609019148,1166.0
scanId=135055,2.250783333333,526.3502727014275,1128.0
scanId=135055,2.250783333333,526.3634844930899,1037.0
scanId=135055,2.250783333333,527.2358350952217,1145.0
scanId=135055,2.250783333333,527.2490581701487,1405.0
scanId=135055,2.250783333333,527.2622812375093,1733.0
scanId=135055,2.250783333333,527.2755046440664,1995.0
scanId=135055,2.250783333333,527.2887280430651,2183.0
scanId=135055,2.250783333333,527.3019517812519,2236.0
scanId=135055,2.250783333333,527.3151755118888,2169.0
scanId=135055,2.250783333333,527.3283995817055,2139.0
scanId=135055,2.250783333333,527.3416236439807,2010.0
scanId=135055,2.250783333333,527.3548480454274,1675.0
scanId=135055,2.250783333333,527.3680724393408,1269.0
scanId=135055,2.250783333333,528.2412547796052,1206.0
scanId=135055,2.250783333333,528.2544904564662,2001.0
scanId=135055,2.250783333333,528.2677261260799,2538.0
scanId=135055,2.250783333333,528.2809621345706,2509.0
scanId=135055,2.250783333333,528.2941981358225,2273.0
scanId=135055,2.250783333333,528.3074344759431,2125.0
scanId=135055,2.250783333333,528.3206708088334,1882.0
scanId=135055,2.250783333333,528.333907480584,1516.0
scanId=135055,2.250783333333,528.3471441451125,1260.0
scanId=135055,2.250783333333,528.3603811484927,1012.0
scanId=135055,2.250783333333,529.2343842829039,1083.0
scanId=135055,2.250783333333,529.2476322231347,1439.0
scanId=135055,2.250783333333,529.2608805019294,2001.0
scanId=135055,2.250783333333,529.2741287737986,2176.0
scanId=135055,2.250783333333,529.2873773842231,1875.0
scanId=135055,2.250783333333,529.3006259877305,1646.0
scanId=135055,2.250783333333,529.313874929785,1633.0
scanId=135055,2.250783333333,529.3271238649309,1561.0
scanId=135055,2.250783333333,529.3403731386151,1451.0
scanId=135055,2.250783333333,529.3536224053992,1337.0
scanId=135055,2.250783333333,529.3668720107132,1184.0
scanId=135055,2.250783333333,529.3801216091358,1002.0
scanId=135055,2.250783333333,529.4198717447142,1061.0
scanId=135055,2.250783333333,529.4331220064133,1034.0
scanId=135055,2.250783333333,530.2417068834106,1138.0
scanId=135055,2.250783333333,530.254967425899,1529.0
scanId=135055,2.250783333333,530.2682283066275,1757.0
scanId=135055,2.250783333333,530.2814891807545,1918.0
scanId=135055,2.250783333333,530.2947503931128,1845.0
scanId=135055,2.250783333333,530.3080115988784,1650.0
scanId=135055,2.250783333333,530.3212731428665,1393.0
scanId=135055,2.250783333333,530.3345346802703,1214.0
scanId=135055,2.250783333333,530.3477965558883,1089.0
scanId=135055,2.250783333333,531.2499872432387,1048.0
scanId=135055,2.250783333333,531.2632603879873,1310.0
scanId=135055,2.250783333333,531.2765338706496,1706.0
scanId=135055,2.250783333333,531.2898073470368,1791.0
scanId=135055,2.250783333333,531.3030811613289,1748.0
scanId=135055,2.250783333333,531.3163549693546,1873.0
scanId=135055,2.250783333333,531.3296291152765,1961.0
scanId=135055,2.250783333333,531.3429032549406,1831.0
scanId=135055,2.250783333333,531.3561777324923,1820.0
scanId=135055,2.250783333333,531.3694522037947,1735.0
scanId=135055,2.250783333333,531.3827270129764,1531.0
scanId=135055,2.250783333333,531.3960018159173,1207.0
scanId=135055,2.250783333333,532.2990832727336,1245.0
scanId=135055,2.250783333333,532.3123696889595,1273.0
scanId=135055,2.250783333333,532.3256560992476,1244.0
scanId=135055,2.250783333333,532.3389428471033,1340.0
scanId=135055,2.250783333333,532.3522295890299,1424.0
scanId=135055,2.250783333333,532.3655166685155,1669.0
scanId=135055,2.250783333333,532.3788037420807,1797.0
scanId=135055,2.250783333333,532.392091153196,1544.0
scanId=135055,2.250783333333,532.4053785583998,1194.0
scanId=135055,2.250783333333,533.2827195904888,1068.0
scanId=135055,2.250783333333,533.2960182770187,1250.0
scanId=135055,2.250783333333,533.309316957933,1518.0
scanId=135055,2.250783333333,533.3226159760926,1962.0
scanId=135055,2.250783333333,533.3359149886455,2499.0
scanId=135055,2.250783333333,533.3492143384351,2794.0
scanId=135055,2.250783333333,533.3625136826265,2708.0
scanId=135055,2.250783333333,533.3758133640458,2264.0
scanId=135055,2.250783333333,533.389113039876,1605.0
scanId=135055,2.250783333333,533.4024130529253,1051.0
scanId=135055,2.250783333333,534.3071971195411,1066.0
scanId=135055,2.250783333333,534.3205084027226,1334.0
scanId=135055,2.250783333333,534.333820022816,1438.0
scanId=135055,2.250783333333,534.347131637636,1587.0
scanId=135055,2.250783333333,534.3604435893593,1755.0
scanId=135055,2.250783333333,534.3737555358181,1551.0
scanId=135055,2.250783333333,534.3870678191714,1151.0
scanId=135055,2.250783333333,535.2926862775294,1179.0
scanId=135055,2.250783333333,535.3060098313415,1581.0
scanId=135055,2.250783333333,535.3193337217389,2303.0
scanId=135055,2.250783333333,535.3326576071896,3308.0
scanId=135055,2.250783333333,535.3459818292168,4277.0
scanId=135055,2.250783333333,535.3593060463064,4865.0
scanId=135055,2.250783333333,535.3726305999637,4671.0
scanId=135055,2.250783333333,535.3859551486918,3742.0
scanId=135055,2.250783333333,535.3992800339787,2750.0
scanId=135055,2.250783333333,535.4126049143456,1964.0
scanId=135055,2.250783333333,535.4259301312624,1399.0
scanId=135055,2.250783333333,536.3190915913676,1199.0
scanId=135055,2.250783333333,536.3324280836988,1721.0
scanId=135055,2.250783333333,536.3457645714212,2328.0
scanId=135055,2.250783333333,536.3591013953824,2613.0
scanId=135055,2.250783333333,536.3724382147436,2422.0
scanId=135055,2.250783333333,536.3857753703345,1850.0
scanId=135055,2.250783333333,536.3991125213344,1266.0
scanId=135055,2.250783333333,537.2530405380702,1099.0
scanId=135055,2.250783333333,537.2663886374456,1368.0
scanId=135055,2.250783333333,537.2797367325255,1499.0
scanId=135055,2.250783333333,537.2930851635308,1736.0
scanId=135055,2.250783333333,537.3064335902496,2319.0
scanId=135055,2.250783333333,537.3197823528848,3003.0
scanId=135055,2.250783333333,537.3331311112423,3295.0
scanId=135055,2.250783333333,537.3464802055074,3403.0
scanId=135055,2.250783333333,537.3598292955038,3608.0
scanId=135055,2.250783333333,537.3731787213986,4059.0
scanId=135055,2.250783333333,537.3865281430337,4101.0
scanId=135055,2.250783333333,537.3998779005584,3457.0
scanId=135055,2.250783333333,537.4132276538325,2545.0
scanId=135055,2.250783333333,537.4265777429869,1785.0
scanId=135055,2.250783333333,537.4399278278997,1185.0
scanId=135055,2.250783333333,538.2946836039154,1692.0
scanId=135055,2.250783333333,538.3080446368544,2356.0
scanId=135055,2.250783333333,538.3214056658493,2488.0
scanId=135055,2.250783333333,538.3347670304184,2285.0
scanId=135055,2.250783333333,538.348128391052,2013.0
scanId=135055,2.250783333333,538.3614900872508,1958.0
scanId=135055,2.250783333333,538.3748517795233,1817.0
scanId=135055,2.250783333333,538.3882138073519,1525.0
scanId=135055,2.250783333333,538.4015758312634,1276.0
scanId=135055,2.250783333333,539.2437230564793,1175.0
scanId=135055,2.250783333333,539.2570956928355,1568.0
scanId=135055,2.250783333333,539.2704686644488,1562.0
scanId=135055,2.250783333333,539.2838416324439,1523.0
scanId=135055,2.250783333333,539.297214935687,1737.0
scanId=135055,2.250783333333,539.3105882353212,2031.0
scanId=135055,2.250783333333,539.3239618701942,2258.0
scanId=135055,2.250783333333,539.3373355014674,2747.0
scanId=135055,2.250783333333,539.3507094679701,3380.0
scanId=135055,2.250783333333,539.3640834308821,3636.0
scanId=135055,2.250783333333,539.3774577290147,3234.0
scanId=135055,2.250783333333,539.3908320235656,2607.0
scanId=135055,2.250783333333,539.4042066533281,1948.0
scanId=135055,2.250783333333,539.417581279518,1387.0
scanId=135055,2.250783333333,539.4309562409103,1039.0
scanId=135055,2.250783333333,540.2739076759144,1003.0
scanId=135055,2.250783333333,540.2872932494614,1116.0
scanId=135055,2.250783333333,540.3006788197371,1258.0
scanId=135055,2.250783333333,540.314064724914,1297.0
scanId=135055,2.250783333333,540.3274506268287,1199.0
scanId=135055,2.250783333333,540.3408368636353,1300.0
scanId=135055,2.250783333333,540.3542230971891,1580.0
scanId=135055,2.250783333333,540.3676096656257,1684.0
scanId=135055,2.250783333333,540.3809962308183,1548.0
scanId=135055,2.250783333333,540.3943831308845,1212.0
scanId=135055,2.250783333333,541.2514842251247,1504.0
scanId=135055,2.250783333333,541.2648817344051,1977.0
scanId=135055,2.250783333333,541.278279578256,2205.0
scanId=135055,2.250783333333,541.2916774191752,2282.0
scanId=135055,2.250783333333,541.305075594656,2433.0
scanId=135055,2.250783333333,541.3184737672146,2496.0
scanId=135055,2.250783333333,541.3318722743253,2339.0
scanId=135055,2.250783333333,541.3452707785226,2134.0
scanId=135055,2.250783333333,541.3586696172631,1962.0
scanId=135055,2.250783333333,541.3720684530996,1740.0
scanId=135055,2.250783333333,541.3854676234699,1439.0
scanId=135055,2.250783333333,541.3988667909455,1122.0
scanId=135055,2.250783333333,542.270173922149,1173.0
scanId=135055,2.250783333333,542.2835840337141,1448.0
scanId=135055,2.250783333333,542.2969944794987,1651.0
scanId=135055,2.250783333333,542.3104049227031,1809.0
scanId=135055,2.250783333333,542.3238157001177,1675.0
scanId=135055,2.250783333333,542.3372264749609,1429.0
scanId=135055,2.250783333333,542.3506375840053,1232.0
scanId=135055,2.250783333333,542.3640486904877,1127.0
scanId=135055,2.250783333333,542.377460131162,1094.0
scanId=135055,2.250783333333,543.2495538967594,1244.0
scanId=135055,2.250783333333,543.2629762812182,1767.0
scanId=135055,2.250783333333,543.2763986634312,2245.0
scanId=135055,2.250783333333,543.2898213795198,2547.0
scanId=135055,2.250783333333,543.303244093372,2385.0
scanId=135055,2.250783333333,543.3166671410905,2082.0
scanId=135055,2.250783333333,543.3300901865817,1888.0
scanId=135055,2.250783333333,543.3435135659302,1604.0
scanId=135055,2.250783333333,543.3569369430605,1373.0
scanId=135055,2.250783333333,543.3703606540387,1056.0
scanId=135055,2.250783333333,544.2835562947967,1053.0
scanId=135055,2.250783333333,544.2969912792989,1362.0
scanId=135055,2.250783333333,544.3104265973215,1543.0
scanId=135055,2.250783333333,544.3238619134627,1413.0
scanId=135055,2.250783333333,544.3372975631149,1221.0
scanId=135055,2.250783333333,544.3507332108954,1003.0
scanId=135055,2.250783333333,545.3050940688873,1078.0
scanId=135055,2.250783333333,545.3185416556806,1002.0
scanId=135055,2.250783333333,545.331989575637,1052.0
scanId=135055,2.250783333333,545.3454374940696,1482.0
scanId=135055,2.250783333333,545.3588857456557,1681.0
scanId=135055,2.250783333333,545.3723339957276,1492.0
scanId=135055,2.250783333333,545.3857825789436,1330.0
scanId=135055,2.250783333333,545.3992311606547,1276.0
scanId=135055,2.250783333333,545.4126800755006,1224.0
scanId=135055,2.250783333333,547.2702091329325,1040.0
scanId=135055,2.250783333333,547.283680929397,1205.0
scanId=135055,2.250783333333,547.2971530583313,1478.0
scanId=135055,2.250783333333,547.3106251864351,1890.0
scanId=135055,2.250783333333,547.3240976469992,2063.0
scanId=135055,2.250783333333,547.3375701067425,2036.0
scanId=135055,2.250783333333,547.3510428989365,2098.0
scanId=135055,2.250783333333,547.3645156903191,2051.0
scanId=135055,2.250783333333,547.3779888141429,1819.0
scanId=135055,2.250783333333,547.3914619371649,1584.0
scanId=135055,2.250783333333,547.4049353926185,1295.0
scanId=135055,2.250783333333,548.3484834988917,1160.0
scanId=135055,2.250783333333,548.3619685609327,1289.0
scanId=135055,2.250783333333,548.3754539550605,1262.0
scanId=135055,2.250783333333,548.388939348741,1017.0
scanId=135055,2.250783333333,549.3063407794554,1236.0
scanId=135055,2.250783333333,549.3198377806275,1381.0
scanId=135055,2.250783333333,549.3333347816894,1693.0
scanId=135055,2.250783333333,549.3468321144913,2582.0
scanId=135055,2.250783333333,549.3603294471927,3765.0
scanId=135055,2.250783333333,549.3738271116245,4698.0
scanId=135055,2.250783333333,549.3873247759656,4864.0
scanId=135055,2.250783333333,549.4008227720271,4107.0
scanId=135055,2.250783333333,549.4143207680077,3053.0
scanId=135055,2.250783333333,549.4278190956992,2333.0
scanId=135055,2.250783333333,549.4413174233191,1690.0
scanId=135055,2.250783333333,549.4548160826404,1166.0
scanId=135055,2.250783333333,550.3460887458108,1216.0
scanId=135055,2.250783333333,550.3595983491748,1437.0
scanId=135055,2.250783333333,550.3731082839105,1713.0
scanId=135055,2.250783333333,550.386618218914,1774.0
scanId=135055,2.250783333333,550.4001284852795,1497.0
scanId=135055,2.250783333333,550.4136387519226,1185.0
scanId=135055,2.250783333333,551.278646014447,1271.0
scanId=135055,2.250783333333,551.2921672245973,1383.0
scanId=135055,2.250783333333,551.3056884353466,1522.0
scanId=135055,2.250783333333,551.3192099771265,2026.0
scanId=135055,2.250783333333,551.3327315195155,2232.0
scanId=135055,2.250783333333,551.3462533929253,2311.0
scanId=135055,2.250783333333,551.3597752669538,2448.0
scanId=135055,2.250783333333,551.3732974719934,2415.0
scanId=135055,2.250783333333,551.3868196776614,2089.0
scanId=135055,2.250783333333,551.4003422143309,1634.0
scanId=135055,2.250783333333,551.4138647516386,1288.0
scanId=135055,2.250783333333,551.4273876199381,1350.0
scanId=135055,2.250783333333,551.4409104888854,1494.0
scanId=135055,2.250783333333,551.4544336888146,1466.0
scanId=135055,2.250783333333,551.4679568894015,1148.0
scanId=135055,2.250783333333,553.2544858122934,1288.0
scanId=135055,2.250783333333,553.2680312314216,1646.0
scanId=135055,2.250783333333,553.281576651866,1597.0
scanId=135055,2.250783333333,553.2951224026242,1427.0
scanId=135055,2.250783333333,553.3086681547082,1473.0
scanId=135055,2.250783333333,553.3222142370962,1586.0
scanId=135055,2.250783333333,553.33576032082,1739.0
scanId=135055,2.250783333333,553.3493067348377,1713.0
scanId=135055,2.250783333333,553.3628531502013,1418.0
scanId=135055,2.250783333333,553.3763998958489,1123.0
scanId=135055,2.250783333333,554.3250783910684,1065.0
scanId=135055,2.250783333333,554.3386367454627,1364.0
scanId=135055,2.250783333333,554.3521954297844,1259.0
scanId=135055,2.250783333333,554.3657541158184,1088.0
scanId=135055,2.250783333333,555.2609994318186,1020.0
scanId=135055,2.250783333333,555.2745693915547,1172.0
scanId=135055,2.250783333333,555.2881393533419,1236.0
scanId=135055,2.250783333333,555.301709644708,1306.0
scanId=135055,2.250783333333,555.315279938135,1676.0
scanId=135055,2.250783333333,555.3288505611307,2179.0
scanId=135055,2.250783333333,555.3424211861975,2337.0
scanId=135055,2.250783333333,555.3559921408231,2153.0
scanId=135055,2.250783333333,555.3695630975297,1707.0
scanId=135055,2.250783333333,555.3831343837852,1204.0
scanId=135055,2.250783333333,557.257550944484,1008.0
scanId=135055,2.250783333333,557.2711451159819,1302.0
scanId=135055,2.250783333333,557.284739616326,1510.0
scanId=135055,2.250783333333,557.2983341194637,1664.0
scanId=135055,2.250783333333,557.3119289514375,1630.0
scanId=135055,2.250783333333,557.3255237862155,1778.0
scanId=135055,2.250783333333,557.3391189498192,2132.0
scanId=135055,2.250783333333,557.3527141162369,2452.0
scanId=135055,2.250783333333,557.3663096114705,2408.0
scanId=135055,2.250783333333,557.379905109528,2019.0
scanId=135055,2.250783333333,557.3935009363913,1583.0
scanId=135055,2.250783333333,557.4070967660889,1176.0
scanId=135055,2.250783333333,558.3592226056874,1320.0
scanId=135055,2.250783333333,558.3728303712247,1644.0
scanId=135055,2.250783333333,558.3864381399609,1517.0
scanId=135055,2.250783333333,558.4000462371281,1088.0
scanId=135055,2.250783333333,559.2576854431887,1731.0
scanId=135055,2.250783333333,559.2713041525108,2722.0
scanId=135055,2.250783333333,559.2849228653672,3152.0
scanId=135055,2.250783333333,559.2985419063191,2960.0
scanId=135055,2.250783333333,559.3121609508155,2719.0
scanId=135055,2.250783333333,559.3257803233972,2506.0
scanId=135055,2.250783333333,559.3393996995338,2275.0
scanId=135055,2.250783333333,559.3530194037454,2084.0
scanId=135055,2.250783333333,559.3666391115217,1878.0
scanId=135055,2.250783333333,559.3802591473632,1621.0
scanId=135055,2.250783333333,559.3938791867797,1322.0
scanId=135055,2.250783333333,559.407499554251,1083.0
scanId=135055,2.250783333333,559.5028461205102,1030.0
scanId=135055,2.250783333333,560.2795427811607,1589.0
scanId=135055,2.250783333333,560.2931737646991,1977.0
scanId=135055,2.250783333333,560.3068050759549,1944.0
scanId=135055,2.250783333333,560.3204363911335,1965.0
scanId=135055,2.250783333333,560.3340680340192,1898.0
scanId=135055,2.250783333333,560.347699680838,1693.0
scanId=135055,2.250783333333,560.3613316553535,1469.0
scanId=135055,2.250783333333,560.3749636338123,1228.0
scanId=135055,2.250783333333,561.247760335518,1158.0
scanId=135055,2.250783333333,561.2614032538181,2549.0
scanId=135055,2.250783333333,561.2750461764006,4334.0
scanId=135055,2.250783333333,561.2886894263305,4520.0
scanId=135055,2.250783333333,561.3023326805529,3601.0
scanId=135055,2.250783333333,561.3159762621128,2875.0
scanId=135055,2.250783333333,561.3296198479756,2652.0
scanId=135055,2.250783333333,561.3432637611652,2499.0
scanId=135055,2.250783333333,561.3569076786681,2238.0
scanId=135055,2.250783333333,561.3705519234876,1993.0
scanId=135055,2.250783333333,561.3841961726306,1794.0
scanId=135055,2.250783333333,561.3978407490799,1610.0
scanId=135055,2.250783333333,561.411485329863,1269.0
scanId=135055,2.250783333333,562.2577781859857,1325.0
scanId=135055,2.250783333333,562.2714333745897,1984.0
scanId=135055,2.250783333333,562.2850885678581,2262.0
scanId=135055,2.250783333333,562.298744088092,2286.0
scanId=135055,2.250783333333,562.3123996130005,2218.0
scanId=135055,2.250783333333,562.3260554648643,2212.0
scanId=135055,2.250783333333,562.339711321413,2192.0
scanId=135055,2.250783333333,562.3533675049066,2027.0
scanId=135055,2.250783333333,562.3670236930958,1836.0
scanId=135055,2.250783333333,562.3806802082192,1590.0
scanId=135055,2.250783333333,562.3943367280483,1296.0
scanId=135055,2.250783333333,562.4079935748015,1076.0
scanId=135055,2.250783333333,563.24136979352,1061.0
scanId=135055,2.250783333333,563.2550369207981,1119.0
scanId=135055,2.250783333333,563.2687040531142,1106.0
scanId=135055,2.250783333333,563.2823715120222,1214.0
scanId=135055,2.250783333333,563.2960389759785,1376.0
scanId=135055,2.250783333333,563.3097067665163,1516.0
scanId=135055,2.250783333333,563.3233745621128,1751.0
scanId=135055,2.250783333333,563.3370426842805,2091.0
scanId=135055,2.250783333333,563.3507108115173,2371.0
scanId=135055,2.250783333333,563.3643792653148,2309.0
scanId=135055,2.250783333333,563.3780477241918,2059.0
scanId=135055,2.250783333333,563.3917165096192,1870.0
scanId=135055,2.250783333333,563.4053853001365,1683.0
scanId=135055,2.250783333333,563.4190544171937,1329.0
scanId=135055,2.250783333333,563.4327235393511,1029.0
scanId=135055,2.250783333333,564.3352575279606,1121.0
scanId=135055,2.250783333333,564.3489379204323,1516.0
scanId=135055,2.250783333333,564.3626183183588,1669.0
scanId=135055,2.250783333333,564.3762990424603,1727.0
scanId=135055,2.250783333333,564.3899797720275,1540.0
scanId=135055,2.250783333333,564.4036608277587,1173.0
scanId=135055,2.250783333333,565.2658964960536,1169.0
scanId=135055,2.250783333333,565.2795881639397,1636.0
scanId=135055,2.250783333333,565.2932798376371,1787.0
scanId=135055,2.250783333333,565.306971837153,1844.0
scanId=135055,2.250783333333,565.3206638424908,1981.0
scanId=135055,2.250783333333,565.3343561736366,2004.0
scanId=135055,2.250783333333,565.3480485106145,2035.0
scanId=135055,2.250783333333,565.3617411733901,2243.0
scanId=135055,2.250783333333,565.3754338420085,2294.0
scanId=135055,2.250783333333,565.389126836414,2010.0
scanId=135055,2.250783333333,565.4028198366726,1655.0
scanId=135055,2.250783333333,565.4165131627082,1349.0
scanId=135055,2.250783333333,565.4302064946073,1104.0
scanId=135055,2.250783333333,566.3206340249922,1025.0
scanId=135055,2.250783333333,566.3343383010234,1284.0
scanId=135055,2.250783333333,566.3480429024731,1509.0
scanId=135055,2.250783333333,566.3617475101448,1437.0
scanId=135055,2.250783333333,566.3754524432244,1256.0
scanId=135055,2.250783333333,567.2391924087195,1010.0
scanId=135055,2.250783333333,567.2529079539539,1148.0
scanId=135055,2.250783333333,567.2666235057593,1281.0
scanId=135055,2.250783333333,567.2803393826235,1329.0
scanId=135055,2.250783333333,567.2940552660696,1267.0
scanId=135055,2.250783333333,567.3077714745635,1134.0
scanId=135055,2.250783333333,567.3214876896499,1086.0
scanId=135055,2.250783333333,567.3352042297737,1156.0
scanId=135055,2.250783333333,567.3489207765003,1252.0
scanId=135055,2.250783333333,567.362637648254,1373.0
scanId=135055,2.250783333333,567.3763545266212,1380.0
scanId=135055,2.250783333333,567.3900717300047,1272.0
scanId=135055,2.250783333333,567.4037889400123,1050.0
scanId=135055,2.250783333333,568.2683125527439,1461.0
scanId=135055,2.250783333333,568.2820403752464,2490.0
scanId=135055,2.250783333333,568.2957685224146,2988.0
scanId=135055,2.250783333333,568.3094966765578,2655.0
scanId=135055,2.250783333333,568.3232251553558,2046.0
scanId=135055,2.250783333333,568.3369536411393,1551.0
scanId=135055,2.250783333333,568.3506824515671,1271.0
scanId=135055,2.250783333333,568.3644112689911,1147.0
scanId=135055,2.250783333333,568.3781404110488,1071.0
scanId=135055,2.250783333333,569.2434055669936,1023.0
scanId=135055,2.250783333333,569.257145321206,1483.0
scanId=135055,2.250783333333,569.2708850827671,2140.0
scanId=135055,2.250783333333,569.2846251686094,3302.0
scanId=135055,2.250783333333,569.2983652618109,4069.0
scanId=135055,2.250783333333,569.3121056792829,3701.0
scanId=135055,2.250783333333,569.3258461041254,2884.0
scanId=135055,2.250783333333,569.3395868532273,2311.0
scanId=135055,2.250783333333,569.35332760971,1901.0
scanId=135055,2.250783333333,569.3670686904418,1504.0
scanId=135055,2.250783333333,569.380809778565,1221.0
scanId=135055,2.250783333333,569.3945511909266,1028.0
scanId=135055,2.250783333333,570.2880934454731,1257.0
scanId=135055,2.250783333333,570.3018458016193,1800.0
scanId=135055,2.250783333333,570.3155981655219,1838.0
scanId=135055,2.250783333333,570.3293508532979,1574.0
scanId=135055,2.250783333333,570.3431035488411,1307.0
scanId=135055,2.250783333333,570.356856568247,1140.0
scanId=135055,2.250783333333,570.3706095954309,1091.0
scanId=135055,2.250783333333,570.3843629464665,1131.0
scanId=135055,2.250783333333,571.2786812276074,1009.0
scanId=135055,2.250783333333,571.2924455224277,1285.0
scanId=135055,2.250783333333,571.3062098253924,1384.0
scanId=135055,2.250783333333,571.3199744518425,1347.0
scanId=135055,2.250783333333,571.3337390864477,1320.0
scanId=135055,2.250783333333,571.3475040445277,1325.0
scanId=135055,2.250783333333,571.3612690107738,1328.0
scanId=135055,2.250783333333,571.3750343004837,1274.0
scanId=135055,2.250783333333,571.3887995983703,1029.0
scanId=135055,2.250783333333,572.325234222593,1075.0
scanId=135055,2.250783333333,572.3390111193471,1080.0
scanId=135055,2.250783333333,573.3038004446043,1010.0
scanId=135055,2.250783333333,573.3313777927674,1053.0
scanId=135055,2.250783333333,573.345166637143,1234.0
scanId=135055,2.250783333333,573.3589558042011,1381.0
scanId=135055,2.250783333333,573.3727449802175,1400.0
scanId=135055,2.250783333333,573.3865344789053,1227.0
scanId=135055,2.250783333333,573.4003239865624,1025.0
scanId=135055,2.250783333333,574.2832023964742,1017.0
scanId=135055,2.250783333333,574.2970028389466,1548.0
scanId=135055,2.250783333333,574.3108032907488,1709.0
scanId=135055,2.250783333333,574.3246040648511,1560.0
scanId=135055,2.250783333333,574.3384048482942,1395.0
scanId=135055,2.250783333333,574.3522059540263,1348.0
scanId=135055,2.250783333333,574.3660070691101,1236.0
scanId=135055,2.250783333333,574.379808506472,1132.0
scanId=135055,2.250783333333,574.3936099531967,1108.0
scanId=135055,2.250783333333,574.4074117221885,1045.0
scanId=135055,2.250783333333,574.4212135005539,1038.0
scanId=135055,2.250783333333,574.4350156011757,1035.0
scanId=135055,2.250783333333,575.2772524508657,1170.0
scanId=135055,2.250783333333,575.2910648320122,1398.0
scanId=135055,2.250783333333,575.3048772228835,1434.0
scanId=135055,2.250783333333,575.3186899356601,1487.0
scanId=135055,2.250783333333,575.3325026581723,1464.0
scanId=135055,2.250783333333,575.3463157025785,1476.0
scanId=135055,2.250783333333,575.3601287567316,1583.0
scanId=135055,2.250783333333,575.3739421327676,1626.0
scanId=135055,2.250783333333,575.3877555185614,1568.0
scanId=135055,2.250783333333,575.4015692262274,1542.0
scanId=135055,2.250783333333,575.4153829436622,1409.0
scanId=135055,2.250783333333,575.4291969829579,1177.0
scanId=135055,2.250783333333,576.3136354052562,1015.0
scanId=135055,2.250783333333,576.3274600668392,1054.0
scanId=135055,2.250783333333,576.3412850499197,1210.0
scanId=135055,2.250783333333,576.3551100431437,1262.0
scanId=135055,2.250783333333,576.3689353578538,1132.0
scanId=135055,2.250783333333,576.3827606827185,1030.0
scanId=135055,2.250783333333,576.3965863290586,1146.0
scanId=135055,2.250783333333,576.4104119855643,1271.0
scanId=135055,2.250783333333,576.4242379635342,1118.0
scanId=135055,2.250783333333,577.3094404737008,1523.0
scanId=135055,2.250783333333,577.3232770743564,3298.0
scanId=135055,2.250783333333,577.3371139961109,6567.0
scanId=135055,2.250783333333,577.3509509284074,9910.0
scanId=135055,2.250783333333,577.3647881817918,10587.0
scanId=135055,2.250783333333,577.3786254457293,8768.0
scanId=135055,2.250783333333,577.3924630307434,6444.0
scanId=135055,2.250783333333,577.4063006263218,4550.0
scanId=135055,2.250783333333,577.4201385429658,3110.0
scanId=135055,2.250783333333,577.433976470185,2132.0
scanId=135055,2.250783333333,577.4478147184589,1410.0
scanId=135055,2.250783333333,578.3061051410551,1225.0
scanId=135055,2.250783333333,578.3199536807849,1853.0
scanId=135055,2.250783333333,578.3338025412136,3094.0
scanId=135055,2.250783333333,578.3476514125844,5239.0
scanId=135055,2.250783333333,578.3615006046427,6909.0
scanId=135055,2.250783333333,578.3753498076546,6501.0
scanId=135055,2.250783333333,578.389199331343,4913.0
scanId=135055,2.250783333333,578.4030488659957,3435.0
scanId=135055,2.250783333333,578.4168987213138,2440.0
scanId=135055,2.250783333333,578.4307485876076,1761.0
scanId=135055,2.250783333333,578.4445987745555,1263.0
scanId=135055,2.250783333333,578.4584489724903,1004.0
scanId=135055,2.250783333333,579.2759087927424,1234.0
scanId=135055,2.250783333333,579.2897689399073,1709.0
scanId=135055,2.250783333333,579.3036294073801,1998.0
scanId=135055,2.250783333333,579.3174898861859,2115.0
scanId=135055,2.250783333333,579.3313506852886,2396.0
scanId=135055,2.250783333333,579.3452114957354,3235.0
scanId=135055,2.250783333333,579.3590726264679,4175.0
scanId=135055,2.250783333333,579.3729337685556,4292.0
scanId=135055,2.250783333333,579.386795230918,3612.0
scanId=135055,2.250783333333,579.4006567046468,2900.0
scanId=135055,2.250783333333,579.4145184986392,2211.0
scanId=135055,2.250783333333,579.4283803040091,1580.0
scanId=135055,2.250783333333,579.4422424296312,1208.0
scanId=135055,2.250783333333,580.3297584283963,1068.0
scanId=135055,2.250783333333,580.3436311779207,1169.0
scanId=135055,2.250783333333,580.3575042473274,1557.0
scanId=135055,2.250783333333,580.3713773284929,1732.0
scanId=135055,2.250783333333,580.3852507295294,1718.0
scanId=135055,2.250783333333,580.3991241423361,1597.0
scanId=135055,2.250783333333,580.4129978750024,1307.0
scanId=135055,2.250783333333,580.42687161945,1051.0
scanId=135055,2.250783333333,581.2873723923624,1287.0
scanId=135055,2.250783333333,581.3012567371834,1863.0
scanId=135055,2.250783333333,581.3151410941462,2497.0
scanId=135055,2.250783333333,581.3290257705972,2765.0
scanId=135055,2.250783333333,581.342910459201,2777.0
scanId=135055,2.250783333333,581.3567954672817,2896.0
scanId=135055,2.250783333333,581.3706804875266,2837.0
scanId=135055,2.250783333333,581.3845658272372,2266.0
scanId=135055,2.250783333333,581.3984511791232,1647.0
scanId=135055,2.250783333333,581.4123368504637,1215.0
scanId=135055,2.250783333333,582.3013598007823,1113.0
scanId=135055,2.250783333333,582.3152560968259,1273.0
scanId=135055,2.250783333333,582.3291527119509,1451.0
scanId=135055,2.250783333333,582.3430493396357,1476.0
scanId=135055,2.250783333333,582.3569462863909,1392.0
scanId=135055,2.250783333333,582.3708432457167,1248.0
scanId=135055,2.250783333333,582.3847405241014,1120.0
scanId=135055,2.250783333333,583.2884142414231,1451.0
scanId=135055,2.250783333333,583.3023224635924,1940.0
scanId=135055,2.250783333333,583.3162306987185,2041.0
scanId=135055,2.250783333333,583.3301392525177,1807.0
scanId=135055,2.250783333333,583.3440478192852,1802.0
scanId=135055,2.250783333333,583.3579567047142,1857.0
scanId=135055,2.250783333333,583.3718656031227,1790.0
scanId=135055,2.250783333333,583.3857748201817,1553.0
scanId=135055,2.250783333333,583.3996840502316,1184.0
scanId=135055,2.250783333333,584.3180648998836,1103.0
scanId=135055,2.250783333333,584.3319853923568,1164.0
scanId=135055,2.250783333333,584.3459058982085,1080.0
scanId=135055,2.250783333333,585.2928944875657,1125.0
scanId=135055,2.250783333333,585.3068265870835,1499.0
scanId=135055,2.250783333333,585.3207587003798,1778.0
scanId=135055,2.250783333333,585.3346911315272,1886.0
scanId=135055,2.250783333333,585.3486235764648,1645.0
scanId=135055,2.250783333333,585.362556339242,1239.0
scanId=135055,2.250783333333,586.2824802889481,1088.0
scanId=135055,2.250783333333,586.2964240096907,1224.0
scanId=135055,2.250783333333,586.3103680478823,1083.0
scanId=135055,2.250783333333,586.3243121002662,1025.0
scanId=135055,2.250783333333,586.3382564700878,1049.0
scanId=135055,2.250783333333,586.3522008541131,1070.0
scanId=135055,2.250783333333,587.2729018261953,1101.0
scanId=135055,2.250783333333,587.2868574714312,1367.0
scanId=135055,2.250783333333,587.3008131312628,1559.0
scanId=135055,2.250783333333,587.3147691081285,1658.0
scanId=135055,2.250783333333,587.3287250996015,1745.0
scanId=135055,2.250783333333,587.3426814080971,1703.0
scanId=135055,2.250783333333,587.3566377312115,1396.0
scanId=135055,2.250783333333,588.3759027866184,1021.0
scanId=135055,2.250783333333,589.3820708014667,1024.0
scanId=135055,2.250783333333,589.3960513344058,1118.0
scanId=135055,2.250783333333,589.4100321835093,1172.0
scanId=135055,2.250783333333,589.4240130480899,1129.0
scanId=135055,2.250783333333,590.3611138194,1072.0
scanId=135055,2.250783333333,590.3751059597917,1336.0
scanId=135055,2.250783333333,590.3890984159394,1260.0
scanId=135055,2.250783333333,590.4030908879726,1158.0
scanId=135055,2.250783333333,590.4170836757502,1035.0
scanId=135055,2.250783333333,591.3129621969807,1147.0
scanId=135055,2.250783333333,591.3269656131847,1495.0
scanId=135055,2.250783333333,591.3409693447469,1690.0
scanId=135055,2.250783333333,591.3549730925926,1969.0
scanId=135055,2.250783333333,591.3689771557848,2522.0
scanId=135055,2.250783333333,591.3829812352722,2682.0
scanId=135055,2.250783333333,591.396985630094,2270.0
scanId=135055,2.250783333333,591.4109900412228,1923.0
scanId=135055,2.250783333333,591.4249947676745,1547.0
scanId=135055,2.250783333333,591.4389995104449,1067.0
scanId=135055,2.250783333333,592.3496684030981,1086.0
scanId=135055,2.250783333333,592.3636840900409,1127.0
scanId=135055,2.250783333333,592.3777000919071,1239.0
scanId=135055,2.250783333333,592.3917161104914,1221.0
scanId=135055,2.250783333333,593.289090972242,1036.0
scanId=135055,2.250783333333,593.3031179178928,1455.0
scanId=135055,2.250783333333,593.317144880651,1804.0
scanId=135055,2.250783333333,593.3311721579315,2037.0
scanId=135055,2.250783333333,593.3451994523314,2130.0
scanId=135055,2.250783333333,593.3592270612419,2053.0
scanId=135055,2.250783333333,593.3732546872834,1984.0
scanId=135055,2.250783333333,593.3872826278237,1758.0
scanId=135055,2.250783333333,593.4013105855068,1382.0
scanId=135055,2.250783333333,593.4153388576769,1128.0
scanId=135055,2.250783333333,594.3556057716504,1030.0
scanId=135055,2.250783333333,594.369645319235,1045.0
scanId=135055,2.250783333333,595.2966171903668,1087.0
scanId=135055,2.250783333333,595.3106676996852,1291.0
scanId=135055,2.250783333333,595.3247185226842,1391.0
scanId=135055,2.250783333333,595.3387693636442,1379.0
scanId=135055,2.250783333333,595.3528205182731,1440.0
scanId=135055,2.250783333333,595.3668716908751,1398.0
scanId=135055,2.250783333333,595.3809231771339,1258.0
scanId=135055,2.250783333333,595.3949746813776,1063.0
scanId=135055,2.250783333333,597.3075340707188,1175.0
scanId=135055,2.250783333333,597.3216084394362,1271.0
scanId=135055,2.250783333333,597.3356828269627,1355.0
scanId=135055,2.250783333333,597.34975752731,1426.0
scanId=135055,2.250783333333,597.3638322464783,1460.0
scanId=135055,2.250783333333,597.3779072784554,1616.0
scanId=135055,2.250783333333,597.3919823292656,1750.0
scanId=135055,2.250783333333,597.4060576928724,1503.0
scanId=135055,2.250783333333,597.4201330753245,1081.0
scanId=135055,2.250783333333,598.3776530879747,1053.0
scanId=135055,2.250783333333,598.3917400586259,1212.0
scanId=135055,2.250783333333,598.4058270485425,1306.0
scanId=135055,2.250783333333,598.4199143508235,1154.0
scanId=135055,2.250783333333,598.434001672382,1008.0
scanId=135055,2.250783333333,599.2936463917216,1193.0
scanId=135055,2.250783333333,599.3077439941786,1458.0
scanId=135055,2.250783333333,599.3218419086144,1648.0
scanId=135055,2.250783333333,599.3359398427132,1789.0
scanId=135055,2.250783333333,599.3500380887788,1656.0
scanId=135055,2.250783333333,599.3641363545196,1452.0
scanId=135055,2.250783333333,599.378234932215,1330.0
scanId=135055,2.250783333333,599.3923335295977,1217.0
scanId=135055,2.250783333333,599.4064324389232,1021.0
scanId=135055,2.250783333333,600.3514321289508,1024.0
scanId=135055,2.250783333333,600.3655423136905,1091.0
scanId=135055,2.250783333333,600.3796525185408,1070.0
scanId=135055,2.250783333333,601.3254189306414,1193.0
scanId=135055,2.250783333333,601.3395404113186,1689.0
scanId=135055,2.250783333333,601.3536622031027,1852.0
scanId=135055,2.250783333333,601.3677840154218,1682.0
scanId=135055,2.250783333333,601.3819061388356,1378.0
scanId=135055,2.250783333333,601.3960282827967,1071.0
scanId=135055,2.250783333333,602.3284612016727,1144.0
scanId=135055,2.250783333333,602.342594600501,1432.0
scanId=135055,2.250783333333,602.3567280202905,1442.0
scanId=135055,2.250783333333,602.3708617507485,1170.0
scanId=135055,2.250783333333,603.304049804444,1116.0
scanId=135055,2.250783333333,603.3181945000633,1535.0
scanId=135055,2.250783333333,603.3323395059359,1870.0
scanId=135055,2.250783333333,603.346484533197,1942.0
scanId=135055,2.250783333333,603.3606298706994,1687.0
scanId=135055,2.250783333333,603.3747752296027,1417.0
scanId=135055,2.250783333333,603.3889208987349,1117.0
scanId=135055,2.250783333333,604.3087403065393,1381.0
scanId=135055,2.250783333333,604.3228969194562,2111.0
scanId=135055,2.250783333333,604.3370535541907,2024.0
scanId=135055,2.250783333333,604.3512104987374,1664.0
scanId=135055,2.250783333333,604.3653674651139,1430.0
scanId=135055,2.250783333333,604.3795247412904,1159.0
scanId=135055,2.250783333333,605.3000986211506,1295.0
scanId=135055,2.250783333333,605.3142668411117,1931.0
scanId=135055,2.250783333333,605.3284350833206,2325.0
scanId=135055,2.250783333333,605.3426036349116,2270.0
scanId=135055,2.250783333333,605.3567722087628,1964.0
scanId=135055,2.250783333333,605.3709410919836,1767.0
scanId=135055,2.250783333333,605.385109997477,1990.0
scanId=135055,2.250783333333,605.3992792123277,2369.0
scanId=135055,2.250783333333,605.4134484494631,2237.0
scanId=135055,2.250783333333,605.4276179959436,1742.0
scanId=135055,2.250783333333,605.4417875647212,1394.0
scanId=135055,2.250783333333,605.4559574428314,1264.0
scanId=135055,2.250783333333,605.4701273432513,1113.0
scanId=135055,2.250783333333,606.3348092792713,1403.0
scanId=135055,2.250783333333,606.3489894605985,1935.0
scanId=135055,2.250783333333,606.3631699508636,2084.0
scanId=135055,2.250783333333,606.3773504638331,1949.0
scanId=135055,2.250783333333,606.391531285728,1593.0
scanId=135055,2.250783333333,606.4057121303395,1246.0
scanId=135055,2.250783333333,606.4198932838642,1133.0
scanId=135055,2.250783333333,606.434074460118,1083.0
scanId=135055,2.250783333333,607.3136356661856,1206.0
scanId=135055,2.250783333333,607.3278274318651,1455.0
scanId=135055,2.250783333333,607.34201922067,1471.0
scanId=135055,2.250783333333,607.3562113179793,1630.0
scanId=135055,2.250783333333,607.3704034384261,1868.0
scanId=135055,2.250783333333,607.3845958673653,1797.0
scanId=135055,2.250783333333,607.3987883194542,1676.0
scanId=135055,2.250783333333,607.4129810800232,1607.0
scanId=135055,2.250783333333,607.4271738637545,1453.0
scanId=135055,2.250783333333,607.4413669559534,1248.0
scanId=135055,2.250783333333,607.4555600713269,1033.0
scanId=135055,2.250783333333,608.3074547200179,1017.0
scanId=135055,2.250783333333,608.3216580927417,1192.0
scanId=135055,2.250783333333,608.3358614890251,1115.0
scanId=135055,2.250783333333,608.3500651933787,1031.0
scanId=135055,2.250783333333,608.3642689213043,1102.0
scanId=135055,2.250783333333,608.3784729572877,1110.0
scanId=135055,2.250783333333,609.3020862821811,1080.0
scanId=135055,2.250783333333,609.3163012619491,1350.0
scanId=135055,2.250783333333,609.3305162657127,1479.0
scanId=135055,2.250783333333,609.3447315771106,1691.0
scanId=135055,2.250783333333,609.3589469125163,2201.0
scanId=135055,2.250783333333,609.3731625555441,3046.0
scanId=135055,2.250783333333,609.3873782225924,3442.0
scanId=135055,2.250783333333,609.4015941972499,3025.0
scanId=135055,2.250783333333,609.4158101959404,2416.0
scanId=135055,2.250783333333,609.4300265022279,1744.0
scanId=135055,2.250783333333,609.4442428325607,1233.0
scanId=135055,2.250783333333,610.3686646621823,1148.0
scanId=135055,2.250783333333,610.382891936712,1311.0
scanId=135055,2.250783333333,610.3971195184138,1334.0
scanId=135055,2.250783333333,610.411347124586,1186.0
scanId=135055,2.250783333333,611.279549044606,1021.0
scanId=135055,2.250783333333,611.2937869316917,1467.0
scanId=135055,2.250783333333,611.3080251255483,1667.0
scanId=135055,2.250783333333,611.3222633442763,1649.0
scanId=135055,2.250783333333,611.3365018697627,1759.0
scanId=135055,2.250783333333,611.3507404201331,1881.0
scanId=135055,2.250783333333,611.3649792772494,1813.0
scanId=135055,2.250783333333,611.3792181592621,1657.0
scanId=135055,2.250783333333,611.3934573480083,1400.0
scanId=135055,2.250783333333,611.4076965616636,1002.0
scanId=135055,2.250783333333,612.2908560191345,1020.0
scanId=135055,2.250783333333,612.3051058200356,1222.0
scanId=135055,2.250783333333,612.3193556462478,1337.0
scanId=135055,2.250783333333,612.3336057787785,1637.0
scanId=135055,2.250783333333,612.3478559366331,1873.0
scanId=135055,2.250783333333,612.3621064007937,1883.0
scanId=135055,2.250783333333,612.3763568902908,1537.0
scanId=135055,2.250783333333,612.3906076860812,1234.0
scanId=135055,2.250783333333,612.4048585072206,1037.0
scanId=135055,2.250783333333,613.3029990230441,1682.0
scanId=135055,2.250783333333,613.3172604567419,2677.0
scanId=135055,2.250783333333,613.3315221963169,3181.0
scanId=135055,2.250783333333,613.3457839616572,3129.0
scanId=135055,2.250783333333,613.3600460328622,2902.0
scanId=135055,2.250783333333,613.374308129845,2509.0
scanId=135055,2.250783333333,613.3885705326796,2054.0
scanId=135055,2.250783333333,613.4028329613049,1606.0
scanId=135055,2.250783333333,613.4170956957694,1373.0
scanId=135055,2.250783333333,613.4313584560371,1252.0
scanId=135055,2.250783333333,613.4456215221314,1004.0
scanId=135055,2.250783333333,615.3012229548136,1311.0
scanId=135055,2.250783333333,615.3155076034866,1458.0
scanId=135055,2.250783333333,615.3297925571503,1495.0
scanId=135055,2.250783333333,615.344077537466,1626.0
scanId=135055,2.250783333333,615.3583628227593,1680.0
scanId=135055,2.250783333333,615.3726481347175,1519.0
scanId=135055,2.250783333333,615.3869337516408,1191.0
scanId=135055,2.250783333333,616.3587399806813,1071.0
scanId=135055,2.250783333333,616.373036900129,1225.0
scanId=135055,2.250783333333,616.3873341240967,1199.0
scanId=135055,2.250783333333,616.4016313751872,1064.0
scanId=135055,2.250783333333,617.3170047848839,1117.0
scanId=135055,2.250783333333,617.331312952636,1468.0
scanId=135055,2.250783333333,617.3456211479323,2770.0
scanId=135055,2.250783333333,617.3599296473143,6426.0
scanId=135055,2.250783333333,617.374238174253,11872.0
scanId=135055,2.250783333333,617.3885470052649,15521.0
scanId=135055,2.250783333333,617.4028558638462,14881.0
scanId=135055,2.250783333333,617.4171650264879,11468.0
scanId=135055,2.250783333333,617.4314742167119,8066.0
scanId=135055,2.250783333333,617.4457837109835,5631.0
scanId=135055,2.250783333333,617.4600932328501,4017.0
scanId=135055,2.250783333333,617.4744030587515,2979.0
scanId=135055,2.250783333333,617.4887129122608,2214.0
scanId=135055,2.250783333333,617.5030230697919,1624.0
scanId=135055,2.250783333333,617.5173332549438,1342.0
scanId=135055,2.250783333333,617.5316437441047,1170.0
scanId=135055,2.250783333333,618.3476117162776,1169.0
scanId=135055,2.250783333333,618.3619318227039,2573.0
scanId=135055,2.250783333333,618.3762519571351,5168.0
scanId=135055,2.250783333333,618.3905723951912,7522.0
scanId=135055,2.250783333333,618.4048928612649,7871.0
scanId=135055,2.250783333333,618.4192136309508,6321.0
scanId=135055,2.250783333333,618.4335344286673,4534.0
scanId=135055,2.250783333333,618.4478555299829,3231.0
scanId=135055,2.250783333333,618.462176659342,2376.0
scanId=135055,2.250783333333,618.4764980922876,1740.0
scanId=135055,2.250783333333,618.4908195532893,1248.0
scanId=135055,2.250783333333,619.2930898724528,1174.0
scanId=135055,2.250783333333,619.3074209226636,1259.0
scanId=135055,2.250783333333,619.3217520013029,1376.0
scanId=135055,2.250783333333,619.3360833831437,1913.0
scanId=135055,2.250783333333,619.3504147934258,2736.0
scanId=135055,2.250783333333,619.3647465068963,3106.0
scanId=135055,2.250783333333,619.379078248821,3324.0
scanId=135055,2.250783333333,619.3934102939213,3642.0
scanId=135055,2.250783333333,619.4077423674886,3631.0
scanId=135055,2.250783333333,619.422074744219,3042.0
scanId=135055,2.250783333333,619.4364071494291,2277.0
scanId=135055,2.250783333333,619.4507398577891,1722.0
scanId=135055,2.250783333333,619.4650725946419,1460.0
scanId=135055,2.250783333333,619.4794056346318,1245.0
scanId=135055,2.250783333333,620.3253443727601,1087.0
scanId=135055,2.250783333333,620.3396873616451,1651.0
scanId=135055,2.250783333333,620.354030379422,1976.0
scanId=135055,2.250783333333,620.3683736999368,1878.0
scanId=135055,2.250783333333,620.3827170493564,1731.0
scanId=135055,2.250783333333,620.397060701501,1653.0
scanId=135055,2.250783333333,620.4114043825633,1581.0
scanId=135055,2.250783333333,620.4257483663379,1404.0
scanId=135055,2.250783333333,620.4400923790429,1284.0
scanId=135055,2.250783333333,620.4544366944472,1136.0
scanId=135055,2.250783333333,621.3010406951797,1414.0
scanId=135055,2.250783333333,621.3153949594791,1753.0
scanId=135055,2.250783333333,621.3297492531094,1943.0
scanId=135055,2.250783333333,621.3441038490386,1909.0
scanId=135055,2.250783333333,621.3584584743118,1742.0
scanId=135055,2.250783333333,621.3728134018708,1544.0
scanId=135055,2.250783333333,621.3871683587865,1543.0
scanId=135055,2.250783333333,621.4015236179756,1489.0
scanId=135055,2.250783333333,621.4158789065342,1263.0
scanId=135055,2.250783333333,621.430234497353,1052.0
scanId=135055,2.250783333333,622.3206007412684,1123.0
scanId=135055,2.250783333333,622.3349666423961,1384.0
scanId=135055,2.250783333333,622.3493328453696,1540.0
scanId=135055,2.250783333333,622.3636990781401,1487.0
scanId=135055,2.250783333333,622.3780656127435,1343.0
scanId=135055,2.250783333333,622.3924321771567,1154.0
scanId=135055,2.250783333333,622.4067990433899,1045.0
scanId=135055,2.250783333333,622.421165939446,1062.0
scanId=135055,2.250783333333,622.4355331373091,1072.0
scanId=135055,2.250783333333,623.2978643766669,1183.0
scanId=135055,2.250783333333,623.3122415536506,1583.0
scanId=135055,2.250783333333,623.3266190320385,1901.0
scanId=135055,2.250783333333,623.3409965406648,1999.0
scanId=135055,2.250783333333,623.3553743506826,1898.0
scanId=135055,2.250783333333,623.369752190952,1747.0
scanId=135055,2.250783333333,623.3841303325996,1618.0
scanId=135055,2.250783333333,623.3985085045118,1468.0
scanId=135055,2.250783333333,623.4128869777893,1361.0
scanId=135055,2.250783333333,623.4272654813441,1285.0
scanId=135055,2.250783333333,623.4416442862514,1099.0
scanId=135055,2.250783333333,624.3478389479606,1377.0
scanId=135055,2.250783333333,624.3622283650226,1569.0
scanId=135055,2.250783333333,624.3766178127919,1335.0
scanId=135055,2.250783333333,625.2978916953919,1300.0
scanId=135055,2.250783333333,625.3122920562386,3475.0
scanId=135055,2.250783333333,625.3266924482232,7121.0
scanId=135055,2.250783333333,625.3410931406996,9840.0
scanId=135055,2.250783333333,625.3554938643274,9577.0
scanId=135055,2.250783333333,625.3698948884337,7387.0
scanId=135055,2.250783333333,625.3842959437042,5244.0
scanId=135055,2.250783333333,625.3986972994404,3579.0
scanId=135055,2.250783333333,625.4130986863538,2417.0
scanId=135055,2.250783333333,625.4275003737199,1640.0
scanId=135055,2.250783333333,625.4419020922761,1130.0
scanId=135055,2.250783333333,626.3063126917805,1106.0
scanId=135055,2.250783333333,626.3207246596714,2637.0
scanId=135055,2.250783333333,626.3351366591585,3942.0
scanId=135055,2.250783333333,626.3495489586793,4448.0
scanId=135055,2.250783333333,626.3639612898094,4125.0
scanId=135055,2.250783333333,626.3783739209599,3277.0
scanId=135055,2.250783333333,626.3927865837329,2440.0
scanId=135055,2.250783333333,626.4071995465134,1988.0
scanId=135055,2.250783333333,626.4216125409296,1576.0
scanId=135055,2.250783333333,626.4360258353398,1154.0
scanId=135055,2.250783333333,627.3011229219777,1020.0
scanId=135055,2.250783333333,627.3155461973256,1527.0
scanId=135055,2.250783333333,627.3299697722608,2191.0
scanId=135055,2.250783333333,627.3443933792518,2684.0
scanId=135055,2.250783333333,627.3588172858168,3028.0
scanId=135055,2.250783333333,627.3732412244506,3101.0
scanId=135055,2.250783333333,627.3876654626455,2683.0
scanId=135055,2.250783333333,627.4020897329223,1978.0
scanId=135055,2.250783333333,627.416514302747,1378.0
scanId=135055,2.250783333333,628.3255922120711,1086.0
scanId=135055,2.250783333333,628.3400273940506,1454.0
scanId=135055,2.250783333333,628.3544626085464,1995.0
scanId=135055,2.250783333333,628.3688981221558,2161.0
scanId=135055,2.250783333333,628.3833336682945,2011.0
scanId=135055,2.250783333333,628.3977695135337,1845.0
scanId=135055,2.250783333333,628.4122053913158,1554.0
scanId=135055,2.250783333333,628.4266415681848,1206.0
scanId=135055,2.250783333333,629.3220042457017,1012.0
scanId=135055,2.250783333333,629.3364507360606,1152.0
scanId=135055,2.250783333333,629.3508975250843,1344.0
scanId=135055,2.250783333333,629.3653443470863,1356.0
scanId=135055,2.250783333333,629.3797914677399,1137.0
scanId=135055,2.250783333333,630.3625801654047,1029.0
scanId=135055,2.250783333333,631.3316659350855,1104.0
scanId=135055,2.250783333333,631.3461356065679,1404.0
scanId=135055,2.250783333333,631.3606053119429,1324.0
scanId=135055,2.250783333333,631.3750753150553,1176.0
scanId=135055,2.250783333333,631.3895453520732,1076.0
scanId=135055,2.250783333333,633.3300389766549,1190.0
scanId=135055,2.250783333333,633.3445315305961,1741.0
scanId=135055,2.250783333333,633.3590241193486,2446.0
scanId=135055,2.250783333333,633.3735170049197,3155.0
scanId=135055,2.250783333333,633.3880099253154,3402.0
scanId=135055,2.250783333333,633.4025031425163,3017.0
scanId=135055,2.250783333333,633.4169963945551,2595.0
scanId=135055,2.250783333333,633.4314899433858,2417.0
scanId=135055,2.250783333333,633.445983527068,2098.0
scanId=135055,2.250783333333,633.4604774075287,1584.0
scanId=135055,2.250783333333,633.474971322854,1123.0
scanId=135055,2.250783333333,634.3304097537715,1094.0
scanId=135055,2.250783333333,634.344913618393,1445.0
scanId=135055,2.250783333333,634.3594177793784,1525.0
scanId=135055,2.250783333333,634.3739219756432,1486.0
scanId=135055,2.250783333333,634.3884264682587,1506.0
scanId=135055,2.250783333333,634.4029309961667,1384.0
scanId=135055,2.250783333333,634.4174358204118,1179.0
scanId=135055,2.250783333333,634.431940679963,1079.0
scanId=135055,2.250783333333,634.446445835838,1023.0
scanId=135055,2.250783333333,635.3315698610934,1013.0
scanId=135055,2.250783333333,635.3460852974933,1227.0
scanId=135055,2.250783333333,635.3606007696281,1845.0
scanId=135055,2.250783333333,635.3751165376578,2977.0
scanId=135055,2.250783333333,635.389632341436,4259.0
scanId=135055,2.250783333333,635.4041484410956,4764.0
scanId=135055,2.250783333333,635.4186645765169,4214.0
scanId=135055,2.250783333333,635.4331810078063,3395.0
scanId=135055,2.250783333333,635.447697474871,2679.0
scanId=135055,2.250783333333,635.4622142377905,2077.0
scanId=135055,2.250783333333,635.4767310364983,1689.0
scanId=135055,2.250783333333,635.4912481310474,1360.0
scanId=135055,2.250783333333,635.5057652613986,1049.0
scanId=135055,2.250783333333,636.3189928474877,1809.0
scanId=135055,2.250783333333,636.3335195593021,3453.0
scanId=135055,2.250783333333,636.3480463073082,4601.0
scanId=135055,2.250783333333,636.3625733507523,4556.0
scanId=135055,2.250783333333,636.3771004304019,3918.0
scanId=135055,2.250783333333,636.391627805476,3560.0
scanId=135055,2.250783333333,636.4061552167686,3207.0
scanId=135055,2.250783333333,636.4206829234726,2575.0
scanId=135055,2.250783333333,636.4352106664085,1896.0
scanId=135055,2.250783333333,636.4497387047422,1332.0
scanId=135055,2.250783333333,636.8275242191037,1626.0
scanId=135055,2.250783333333,636.842056605046,2930.0
scanId=135055,2.250783333333,636.8565892861974,3597.0
scanId=135055,2.250783333333,636.871122003783,3398.0
scanId=135055,2.250783333333,636.8856550165642,2758.0
scanId=135055,2.250783333333,636.9001880657929,2008.0
scanId=135055,2.250783333333,636.914721410204,1357.0
scanId=135055,2.250783333333,637.3071825776145,1143.0
scanId=135055,2.250783333333,637.3217205648433,1746.0
scanId=135055,2.250783333333,637.3362585887218,2485.0
scanId=135055,2.250783333333,637.3507969075804,2988.0
scanId=135055,2.250783333333,637.3653352631022,2976.0
scanId=135055,2.250783333333,637.3798739135907,2768.0
scanId=135055,2.250783333333,637.3944126007559,2549.0
scanId=135055,2.250783333333,637.4089515828742,2394.0
scanId=135055,2.250783333333,637.4234906016826,2079.0
scanId=135055,2.250783333333,637.4380299154308,1679.0
scanId=135055,2.250783333333,637.4525692658827,1284.0
scanId=135055,2.250783333333,638.3543368395749,1018.0
scanId=135055,2.250783333333,638.3688867654778,1142.0
scanId=135055,2.250783333333,638.3834367285167,1254.0
scanId=135055,2.250783333333,638.3979869860494,1319.0
scanId=135055,2.250783333333,638.4125372807315,1264.0
scanId=135055,2.250783333333,638.4270878698941,1129.0
scanId=135055,2.250783333333,638.4416384962194,1040.0
scanId=135055,2.250783333333,639.3149833829003,1126.0
scanId=135055,2.250783333333,639.3295442525879,1616.0
scanId=135055,2.250783333333,639.3441051598578,2277.0
scanId=135055,2.250783333333,639.3586663611751,2931.0
scanId=135055,2.250783333333,639.3732276000885,3158.0
scanId=135055,2.250783333333,639.3877891330357,2829.0
scanId=135055,2.250783333333,639.4023507035923,2317.0
scanId=135055,2.250783333333,639.4169125681694,1732.0
scanId=135055,2.250783333333,639.4314744703695,1259.0
scanId=135055,2.250783333333,639.4460366665764,1035.0
scanId=135055,2.250783333333,640.3346402239879,1496.0
scanId=135055,2.250783333333,640.3492127007197,2110.0
scanId=135055,2.250783333333,640.3637852155089,2231.0
scanId=135055,2.250783333333,640.3783580238705,2095.0
scanId=135055,2.250783333333,640.3929308703032,1920.0
scanId=135055,2.250783333333,640.4075040102947,1673.0
scanId=135055,2.250783333333,640.4220771883705,1360.0
scanId=135055,2.250783333333,641.325942032003,1286.0
scanId=135055,2.250783333333,641.3405257841492,1637.0
scanId=135055,2.250783333333,641.3551095748153,1876.0
scanId=135055,2.250783333333,641.3696936585914,1900.0
scanId=135055,2.250783333333,641.3842777809007,1769.0
scanId=135055,2.250783333333,641.3988621963067,1428.0
scanId=135055,2.250783333333,641.4134466502595,1027.0
scanId=135055,2.250783333333,642.3617960372347,1377.0
scanId=135055,2.250783333333,642.3763914354222,1446.0
scanId=135055,2.250783333333,642.3909871262427,1326.0
scanId=135055,2.250783333333,642.4055828560736,1262.0
scanId=135055,2.250783333333,642.4201788785238,1030.0
scanId=135055,2.250783333333,643.3254521828103,1243.0
scanId=135055,2.250783333333,643.3400585252331,1489.0
scanId=135055,2.250783333333,643.3546651598381,1463.0
scanId=135055,2.250783333333,643.3692718339045,1253.0
scanId=135055,2.250783333333,643.3838788001393,1284.0
scanId=135055,2.250783333333,643.3984858058493,1309.0
scanId=135055,2.250783333333,643.4130931037139,1041.0
scanId=135055,2.250783333333,644.2167463092882,1056.0
scanId=135055,2.250783333333,644.2313628927882,1110.0
scanId=135055,2.250783333333,644.3336831164182,1138.0
scanId=135055,2.250783333333,644.3483010264376,1233.0
scanId=135055,2.250783333333,644.3629189763841,1229.0
scanId=135055,2.250783333333,644.3775372180334,1296.0
scanId=135055,2.250783333333,644.3921554996235,1207.0
scanId=135055,2.250783333333,644.4067740729027,1029.0
scanId=135055,2.250783333333,644.4213926861363,1059.0
scanId=135055,2.250783333333,644.4360115910453,1031.0
scanId=135055,2.250783333333,645.2841881411072,1773.0
scanId=135055,2.250783333333,645.2988167036477,2316.0
scanId=135055,2.250783333333,645.3134455574517,2411.0
scanId=135055,2.250783333333,645.3280744516359,2343.0
scanId=135055,2.250783333333,645.3427036370699,2618.0
scanId=135055,2.250783333333,645.3573328628976,2852.0
scanId=135055,2.250783333333,645.3719623799614,2747.0
scanId=135055,2.250783333333,645.3865919374326,2463.0
scanId=135055,2.250783333333,645.4012217861261,1948.0
scanId=135055,2.250783333333,645.415851675241,1462.0
scanId=135055,2.250783333333,645.4304818555644,1161.0
scanId=135055,2.250783333333,645.8401924714095,1202.0
scanId=135055,2.250783333333,645.8548273351782,1480.0
scanId=135055,2.250783333333,645.8694624899492,1429.0
scanId=135055,2.250783333333,645.8840976853614,1163.0
scanId=135055,2.250783333333,646.2939522316378,1009.0
scanId=135055,2.250783333333,646.3085923608563,1409.0
scanId=135055,2.250783333333,646.3232325309227,1575.0
scanId=135055,2.250783333333,646.337872991771,1747.0
scanId=135055,2.250783333333,646.3525134934808,1892.0
scanId=135055,2.250783333333,646.367154285959,1988.0
scanId=135055,2.250783333333,646.3817951193125,1894.0
scanId=135055,2.250783333333,646.3964362434206,1491.0
scanId=135055,2.250783333333,646.4110774084178,1129.0
scanId=135055,2.250783333333,646.4403603607965,1013.0
scanId=135055,2.250783333333,646.4550021481641,1051.0
scanId=135055,2.250783333333,646.4696439764487,1019.0
scanId=135055,2.250783333333,647.3045059083645,1190.0
scanId=135055,2.250783333333,647.3191573543141,1718.0
scanId=135055,2.250783333333,647.3338090905769,2027.0
scanId=135055,2.250783333333,647.3484608681704,2080.0
scanId=135055,2.250783333333,647.363112936063,1899.0
scanId=135055,2.250783333333,647.3777650452998,1696.0
scanId=135055,2.250783333333,647.3924174448222,1632.0
scanId=135055,2.250783333333,647.4070698857026,1468.0
scanId=135055,2.250783333333,647.4217226168549,1247.0
scanId=135055,2.250783333333,647.4363753893792,1115.0
scanId=135055,2.250783333333,647.4510284521613,1167.0
scanId=135055,2.250783333333,647.4656815563291,1312.0
scanId=135055,2.250783333333,647.4803349507409,1188.0
scanId=135055,2.250783333333,648.3158489218465,1015.0
scanId=135055,2.250783333333,648.3305119335237,1526.0
scanId=135055,2.250783333333,648.3451749870012,2090.0
scanId=135055,2.250783333333,648.3598383303082,2186.0
scanId=135055,2.250783333333,648.3745017154296,1867.0
scanId=135055,2.250783333333,648.3891653903664,1733.0
scanId=135055,2.250783333333,648.4038291071314,1496.0
scanId=135055,2.250783333333,648.4184931136981,1181.0
scanId=135055,2.250783333333,649.3279815206464,1095.0
scanId=135055,2.250783333333,649.3426558500095,1466.0
scanId=135055,2.250783333333,649.3573304687309,1585.0
scanId=135055,2.250783333333,649.3720051297379,1472.0
scanId=135055,2.250783333333,649.3866800800891,1402.0
scanId=135055,2.250783333333,649.4013550727396,1565.0
scanId=135055,2.250783333333,649.4160303547208,1651.0
scanId=135055,2.250783333333,649.4307056790147,1703.0
scanId=135055,2.250783333333,649.4453812926257,1585.0
scanId=135055,2.250783333333,649.4600569485636,1339.0
scanId=135055,2.250783333333,649.4747328938043,1102.0
scanId=135055,2.250783333333,650.3409034572306,1141.0
scanId=135055,2.250783333333,650.4290209401386,1065.0
scanId=135055,2.250783333333,650.4437078291639,1021.0
scanId=135055,2.250783333333,651.3693121910303,1145.0
scanId=135055,2.250783333333,651.3840096922107,1471.0
scanId=135055,2.250783333333,651.3987072366351,1461.0
scanId=135055,2.250783333333,651.4134050694452,1358.0
scanId=135055,2.250783333333,651.4281029455134,1310.0
scanId=135055,2.250783333333,651.4428011099532,1354.0
scanId=135055,2.250783333333,651.4574993176651,1360.0
scanId=135055,2.250783333333,651.4721978137349,1123.0
scanId=135055,2.250783333333,652.3249907474255,1047.0
scanId=135055,2.250783333333,652.339698904451,1346.0
scanId=135055,2.250783333333,652.3544073494157,1411.0
scanId=135055,2.250783333333,652.3691158380849,1382.0
scanId=135055,2.250783333333,652.3838246146795,1368.0
scanId=135055,2.250783333333,652.3985334349926,1331.0
scanId=135055,2.250783333333,652.413242543217,1184.0
scanId=135055,2.250783333333,652.4279516951738,1012.0
scanId=135055,2.250783333333,652.4573706186286,1115.0
scanId=135055,2.250783333333,652.4720803901128,1138.0
scanId=135055,2.250783333333,653.3549664648992,1239.0
scanId=135055,2.250783333333,653.369686229458,1403.0
scanId=135055,2.250783333333,653.384406281467,1467.0
scanId=135055,2.250783333333,653.3991263776696,1515.0
scanId=135055,2.250783333333,653.4138467613087,1464.0
scanId=135055,2.250783333333,653.428567189155,1227.0
scanId=135055,2.250783333333,655.3141587334736,1061.0
scanId=135055,2.250783333333,655.3289006730519,1586.0
scanId=135055,2.250783333333,655.3436426577489,1857.0
scanId=135055,2.250783333333,655.358384928957,2108.0
scanId=135055,2.250783333333,655.3731272452978,2150.0
scanId=135055,2.250783333333,655.3878698481358,1894.0
scanId=135055,2.250783333333,655.4026124961205,1507.0
scanId=135055,2.250783333333,655.4173554305883,1161.0
scanId=135055,2.250783333333,656.3317374703876,1122.0
scanId=135055,2.250783333333,656.346490730977,1719.0
scanId=135055,2.250783333333,656.3612442775996,2249.0
scanId=135055,2.250783333333,656.3759978698332,2175.0
scanId=135055,2.250783333333,656.3907517480856,1767.0
scanId=135055,2.250783333333,656.4055056719628,1425.0
scanId=135055,2.250783333333,656.420259881845,1128.0
scanId=135055,2.250783333333,656.8629614810893,1161.0
scanId=135055,2.250783333333,656.8777207112694,1028.0
scanId=135055,2.250783333333,657.3353410121769,2076.0
scanId=135055,2.250783333333,657.3501055486598,3571.0
scanId=135055,2.250783333333,657.3648703706968,4369.0
scanId=135055,2.250783333333,657.3796352388239,4352.0
scanId=135055,2.250783333333,657.3944003924906,4263.0
scanId=135055,2.250783333333,657.4091655922615,4436.0
scanId=135055,2.250783333333,657.4239310775581,4294.0
scanId=135055,2.250783333333,657.438696608973,3495.0
scanId=135055,2.250783333333,657.4534624258995,2516.0
scanId=135055,2.250783333333,657.4682282889586,1832.0
scanId=135055,2.250783333333,657.4829944375149,1489.0
scanId=135055,2.250783333333,657.4977606322175,1265.0
scanId=135055,2.250783333333,657.5125271124036,1047.0
scanId=135055,2.250783333333,658.3397112984532,1190.0
scanId=135055,2.250783333333,658.3544871108307,1558.0
scanId=135055,2.250783333333,658.3692632082822,1850.0
scanId=135055,2.250783333333,658.3840393523036,2058.0
scanId=135055,2.250783333333,658.3988157813849,2182.0
scanId=135055,2.250783333333,658.4135922570506,2209.0
scanId=135055,2.250783333333,658.4283690177616,1998.0
scanId=135055,2.250783333333,658.443145825071,1557.0
scanId=135055,2.250783333333,658.457922917412,1229.0
scanId=135055,2.250783333333,659.3152745313852,1103.0
scanId=135055,2.250783333333,659.3300612880142,1182.0
scanId=135055,2.250783333333,659.3448483292502,1510.0
scanId=135055,2.250783333333,659.3596354175236,2225.0
scanId=135055,2.250783333333,659.3744227903894,3079.0
scanId=135055,2.250783333333,659.3892102103064,3482.0
scanId=135055,2.250783333333,659.4039979148021,3342.0
scanId=135055,2.250783333333,659.4187856663632,2835.0
scanId=135055,2.250783333333,659.4335737024887,2319.0
scanId=135055,2.250783333333,659.4483617856937,1895.0
scanId=135055,2.250783333333,659.4631501534491,1595.0
scanId=135055,2.250783333333,659.4779385682981,1193.0
scanId=135055,2.250783333333,660.3359537879513,1330.0
scanId=135055,2.250783333333,660.3507521046017,1379.0
scanId=135055,2.250783333333,660.3655504687713,1437.0
scanId=135055,2.250783333333,660.3803491170517,1757.0
scanId=135055,2.250783333333,660.395147812865,2240.0
scanId=135055,2.250783333333,660.4099467927753,2331.0
scanId=135055,2.250783333333,660.4247458202328,2143.0
scanId=135055,2.250783333333,660.4395451317728,2097.0
scanId=135055,2.250783333333,660.4543444908746,2226.0
scanId=135055,2.250783333333,660.4691441340444,2131.0
scanId=135055,2.250783333333,660.4839438247901,1896.0
scanId=135055,2.250783333333,660.4987437995898,1572.0
scanId=135055,2.250783333333,660.5135438219794,1118.0
scanId=135055,2.250783333333,661.3278037240525,1283.0
scanId=135055,2.250783333333,661.3426130324754,1805.0
scanId=135055,2.250783333333,661.3574226245403,2118.0
scanId=135055,2.250783333333,661.3722322646072,2196.0
scanId=135055,2.250783333333,661.3870421883021,2196.0
scanId=135055,2.250783333333,661.4018521600132,2139.0
scanId=135055,2.250783333333,661.4166624153377,1943.0
scanId=135055,2.250783333333,661.4314727186928,1913.0
scanId=135055,2.250783333333,661.4462833056473,1914.0
scanId=135055,2.250783333333,661.4610939406464,1937.0
scanId=135055,2.250783333333,661.4759048592306,1928.0
scanId=135055,2.250783333333,661.4907158258738,1785.0
scanId=135055,2.250783333333,661.5055270760879,1526.0
scanId=135055,2.250783333333,661.5203383743752,1293.0
scanId=135055,2.250783333333,661.5351499562191,1051.0
scanId=135055,2.250783333333,662.3352184372985,1213.0
scanId=135055,2.250783333333,662.3500390216198,1615.0
scanId=135055,2.250783333333,662.3648598890991,1629.0
scanId=135055,2.250783333333,662.3796808050645,1444.0
scanId=135055,2.250783333333,662.3945020041737,1245.0
scanId=135055,2.250783333333,662.4093232517831,1119.0
scanId=135055,2.250783333333,662.4537882241445,1104.0
scanId=135055,2.250783333333,662.4686101350421,1149.0
scanId=135055,2.250783333333,662.4834323290411,1056.0
scanId=135055,2.250783333333,663.3137365553558,1389.0
scanId=135055,2.250783333333,663.3285680839323,1762.0
scanId=135055,2.250783333333,663.3433998951962,1857.0
scanId=135055,2.250783333333,663.3582317554169,1692.0
scanId=135055,2.250783333333,663.3730638983108,1496.0
scanId=135055,2.250783333333,663.3878960901754,1338.0
scanId=135055,2.250783333333,663.4027285646991,1419.0
scanId=135055,2.250783333333,663.4175610882079,2098.0
scanId=135055,2.250783333333,663.4323938943616,3168.0
scanId=135055,2.250783333333,663.4472267495146,3862.0
scanId=135055,2.250783333333,663.4620598872979,3712.0
scanId=135055,2.250783333333,663.476893074095,3118.0
scanId=135055,2.250783333333,663.4917265435081,2392.0
scanId=135055,2.250783333333,663.5065600619494,1730.0
scanId=135055,2.250783333333,663.5213938629923,1301.0
scanId=135055,2.250783333333,664.3375050111001,1075.0
scanId=135055,2.250783333333,664.3523480977785,1472.0
scanId=135055,2.250783333333,664.3671912338997,1834.0
scanId=135055,2.250783333333,664.382034652208,2071.0
scanId=135055,2.250783333333,664.3968781199729,2162.0
scanId=135055,2.250783333333,664.4117218699109,2279.0
scanId=135055,2.250783333333,664.4265656693202,2285.0
scanId=135055,2.250783333333,664.4414097508882,2476.0
scanId=135055,2.250783333333,664.4562538819415,2665.0
scanId=135055,2.250783333333,664.4710982951392,2406.0
scanId=135055,2.250783333333,664.4859427578368,1916.0
scanId=135055,2.250783333333,664.5007875026644,1515.0
scanId=135055,2.250783333333,664.515632297006,1192.0
scanId=135055,2.250783333333,664.9016566641392,1181.0
scanId=135055,2.250783333333,664.9165060517844,1127.0
scanId=135055,2.250783333333,664.9313554891442,1017.0
scanId=135055,2.250783333333,665.3026468234099,1175.0
scanId=135055,2.250783333333,665.3175005721439,2293.0
scanId=135055,2.250783333333,665.332354602607,6101.0
scanId=135055,2.250783333333,665.347208682985,14343.0
scanId=135055,2.250783333333,665.3620630450778,24761.0
scanId=135055,2.250783333333,665.3769174571,30750.0
scanId=135055,2.250783333333,665.3917721508227,28209.0
scanId=135055,2.250783333333,665.406626894489,21675.0
scanId=135055,2.250783333333,665.4214819198415,15536.0
scanId=135055,2.250783333333,665.436336995152,10922.0
scanId=135055,2.250783333333,665.4511923521344,7590.0
scanId=135055,2.250783333333,665.4660477590891,5203.0
scanId=135055,2.250783333333,665.4809034477014,3672.0
scanId=135055,2.250783333333,665.4957591863002,2605.0
scanId=135055,2.250783333333,665.5106152065423,1782.0
scanId=135055,2.250783333333,665.5254712767854,1204.0
scanId=135055,2.250783333333,666.3279484374609,1896.0
scanId=135055,2.250783333333,666.3428137433384,5144.0
scanId=135055,2.250783333333,666.3576790996186,9902.0
scanId=135055,2.250783333333,666.3725447371258,13106.0
scanId=135055,2.250783333333,666.3874104250502,12686.0
scanId=135055,2.250783333333,666.4022763941873,10108.0
scanId=135055,2.250783333333,666.417142413756,7369.0
scanId=135055,2.250783333333,666.4320087145229,5413.0
scanId=135055,2.250783333333,666.4468750657358,4117.0
scanId=135055,2.250783333333,666.4617416981325,2997.0
scanId=135055,2.250783333333,666.4766083809894,2117.0
scanId=135055,2.250783333333,666.491475345016,1542.0
scanId=135055,2.250783333333,666.5063423595174,1279.0
scanId=135055,2.250783333333,666.5212096551738,1124.0
scanId=135055,2.250783333333,667.2796586104297,1433.0
scanId=135055,2.250783333333,667.2945345284619,1619.0
scanId=135055,2.250783333333,667.3094104973567,1435.0
scanId=135055,2.250783333333,667.3242867470187,1314.0
scanId=135055,2.250783333333,667.3391630475578,1691.0
scanId=135055,2.250783333333,667.3540396288497,2605.0
scanId=135055,2.250783333333,667.3689162610332,4068.0
scanId=135055,2.250783333333,667.3837931739549,5082.0
scanId=135055,2.250783333333,667.3986701377825,4762.0
scanId=135055,2.250783333333,667.413547382334,3724.0
scanId=135055,2.250783333333,667.4284246778057,3052.0
scanId=135055,2.250783333333,667.4433022539871,2636.0
scanId=135055,2.250783333333,667.458179881103,2221.0
scanId=135055,2.250783333333,667.4730577889143,1715.0
scanId=135055,2.250783333333,667.4879357476743,1445.0
scanId=135055,2.250783333333,667.5028139871155,1309.0
scanId=135055,2.250783333333,667.51769227752,1062.0
scanId=135055,2.250783333333,668.3660322591729,1062.0
scanId=135055,2.250783333333,668.3809201672602,1420.0
scanId=135055,2.250783333333,668.3958083555964,1481.0
scanId=135055,2.250783333333,668.4106965953279,1219.0
scanId=135055,2.250783333333,669.3042978598147,1023.0
scanId=135055,2.250783333333,669.3191963286757,1153.0
scanId=135055,2.250783333333,669.3340948493794,1238.0
scanId=135055,2.250783333333,669.3489936498704,1391.0
scanId=135055,2.250783333333,669.3638925022183,1412.0
scanId=135055,2.250783333333,669.3787916343391,1498.0
scanId=135055,2.250783333333,669.3936908183314,1583.0
scanId=135055,2.250783333333,669.4085902820821,1360.0
scanId=135055,2.250783333333,669.4234897977187,1142.0
scanId=135055,2.250783333333,671.3469251083802,1108.0
scanId=135055,2.250783333333,671.3618461808964,1326.0
scanId=135055,2.250783333333,671.3767675322161,1374.0
scanId=135055,2.250783333333,671.3916889363768,1470.0
scanId=135055,2.250783333333,671.4066106193264,1433.0
scanId=135055,2.250783333333,671.4215323551314,1118.0
scanId=135055,2.250783333333,672.361939615619,1053.0
scanId=135055,2.250783333333,672.376871964043,1247.0
scanId=135055,2.250783333333,672.3918045907772,1261.0
scanId=135055,2.250783333333,672.4067372708455,1269.0
scanId=135055,2.250783333333,672.4216702292096,1174.0
scanId=135055,2.250783333333,673.392664492156,1239.0
scanId=135055,2.250783333333,673.4076083943047,1951.0
scanId=135055,2.250783333333,673.4225523502815,2386.0
scanId=135055,2.250783333333,673.43749658406,2087.0
scanId=135055,2.250783333333,673.4524408716812,1536.0
scanId=135055,2.250783333333,673.4673854370895,1176.0
scanId=135055,2.250783333333,673.4823300563552,1020.0
scanId=135055,2.250783333333,674.3194965165632,1082.0
scanId=135055,2.250783333333,674.3344506992368,1557.0
scanId=135055,2.250783333333,674.3494049361898,1814.0
scanId=135055,2.250783333333,674.3643594504932,1925.0
scanId=135055,2.250783333333,674.3793140190908,1898.0
scanId=135055,2.250783333333,674.3942688650241,1621.0
scanId=135055,2.250783333333,674.4092237652659,1320.0
scanId=135055,2.250783333333,674.424178942829,1087.0
scanId=135055,2.250783333333,675.3666858516775,1054.0
scanId=135055,2.250783333333,675.3816516413955,1118.0
scanId=135055,2.250783333333,675.3966174859032,1363.0
scanId=135055,2.250783333333,675.411583607251,1615.0
scanId=135055,2.250783333333,675.4265497834034,1709.0
scanId=135055,2.250783333333,675.441516236381,1724.0
scanId=135055,2.250783333333,675.4564827441776,1793.0
scanId=135055,2.250783333333,675.471449528785,1762.0
scanId=135055,2.250783333333,675.486416368226,1566.0
scanId=135055,2.250783333333,675.5013834844632,1335.0
scanId=135055,2.250783333333,675.5163506555486,1149.0
scanId=135055,2.250783333333,675.5313181034157,1021.0
scanId=135055,2.250783333333,676.3847335122211,1023.0
scanId=135055,2.250783333333,676.3997105773535,1017.0
scanId=135055,2.250783333333,676.4146876977725,1024.0
scanId=135055,2.250783333333,676.4296650945347,1212.0
scanId=135055,2.250783333333,676.4446425465982,1590.0
scanId=135055,2.250783333333,676.4596202749901,1943.0
scanId=135055,2.250783333333,676.474598058698,1796.0
scanId=135055,2.250783333333,676.4895761187198,1413.0
scanId=135055,2.250783333333,676.5045542340721,1057.0
scanId=135055,2.250783333333,677.3435964339178,1062.0
scanId=135055,2.250783333333,677.3585841112049,1242.0
scanId=135055,2.250783333333,677.373571844247,1552.0
scanId=135055,2.250783333333,677.3885598531639,1671.0
scanId=135055,2.250783333333,677.4035479178503,1616.0
scanId=135055,2.250783333333,677.4185362583971,1728.0
scanId=135055,2.250783333333,677.4335246547282,2132.0
scanId=135055,2.250783333333,677.4485133269047,2606.0
scanId=135055,2.250783333333,677.4635020548803,2645.0
scanId=135055,2.250783333333,677.4784910586869,2196.0
scanId=135055,2.250783333333,677.4934801183068,1652.0
scanId=135055,2.250783333333,677.5084694537431,1173.0
scanId=135055,2.250783333333,678.3631324820077,1017.0
scanId=135055,2.250783333333,678.3781314347093,1232.0
scanId=135055,2.250783333333,678.3931304436642,1349.0
scanId=135055,2.250783333333,678.4081297279956,1223.0
scanId=135055,2.250783333333,678.4231290685949,1253.0
scanId=135055,2.250783333333,678.4381286845563,1611.0
scanId=135055,2.250783333333,678.4531283568003,2077.0
scanId=135055,2.250783333333,678.4681283043914,2412.0
scanId=135055,2.250783333333,678.4831283082799,2660.0
scanId=135055,2.250783333333,678.4981285875008,2778.0
scanId=135055,2.250783333333,678.5131289230336,2542.0
scanId=135055,2.250783333333,678.5281295338843,1935.0
scanId=135055,2.250783333333,678.5431302010618,1352.0
scanId=135055,2.250783333333,679.3233962390948,1006.0
scanId=135055,2.250783333333,679.3384058039511,1135.0
scanId=135055,2.250783333333,679.3534154255308,1491.0
scanId=135055,2.250783333333,679.3684253220168,2115.0
scanId=135055,2.250783333333,679.3834352752411,2578.0
scanId=135055,2.250783333333,679.3984455033572,2436.0
scanId=135055,2.250783333333,679.4134557882257,2055.0
scanId=135055,2.250783333333,679.4284663479716,1777.0
scanId=135055,2.250783333333,679.4434769644848,1734.0
scanId=135055,2.250783333333,679.4584878558604,1785.0
scanId=135055,2.250783333333,679.4734988040182,2031.0
scanId=135055,2.250783333333,679.4885100270236,2181.0
scanId=135055,2.250783333333,679.5035213068259,2053.0
scanId=135055,2.250783333333,679.5185328614613,1613.0
scanId=135055,2.250783333333,679.533544472908,1154.0
scanId=135055,2.250783333333,680.3744624126077,1088.0
scanId=135055,2.250783333333,680.3894835845083,1352.0
scanId=135055,2.250783333333,680.404504813647,1557.0
scanId=135055,2.250783333333,680.4195263171774,1558.0
scanId=135055,2.250783333333,680.4345478779607,1467.0
scanId=135055,2.250783333333,680.4495697131209,1324.0
scanId=135055,2.250783333333,680.4645916055489,1244.0
scanId=135055,2.250783333333,680.4796137723389,1139.0
scanId=135055,2.250783333333,680.4946359964115,1066.0
scanId=135055,2.250783333333,681.3361482299705,1078.0
scanId=135055,2.250783333333,681.3511800140258,1602.0
scanId=135055,2.250783333333,681.3662118557908,1963.0
scanId=135055,2.250783333333,681.381243971476,1969.0
scanId=135055,2.250783333333,681.3962761448856,1737.0
scanId=135055,2.250783333333,681.4113085922006,1717.0
scanId=135055,2.250783333333,681.4263410972547,1671.0
scanId=135055,2.250783333333,681.4413738761996,1413.0
scanId=135055,2.250783333333,681.4564067128986,1092.0
scanId=135055,2.250783333333,682.3436408187804,1042.0
scanId=135055,2.250783333333,682.3586836048171,1474.0
scanId=135055,2.250783333333,682.3737266642868,1899.0
scanId=135055,2.250783333333,682.388769781968,2199.0
scanId=135055,2.250783333333,682.4038131730675,2319.0
scanId=135055,2.250783333333,682.4188566223936,2189.0
scanId=135055,2.250783333333,682.4339003451231,1768.0
scanId=135055,2.250783333333,682.4489441260936,1381.0
scanId=135055,2.250783333333,682.4639881804529,1193.0
scanId=135055,2.250783333333,682.4790322930679,1020.0
scanId=135055,2.250783333333,683.3217702577789,1013.0
scanId=135055,2.250783333333,683.3368239294035,1581.0
scanId=135055,2.250783333333,683.3518776597125,2233.0
scanId=135055,2.250783333333,683.366931662967,2909.0
scanId=135055,2.250783333333,683.3819857249207,3388.0
scanId=135055,2.250783333333,683.3970400598049,3210.0
scanId=135055,2.250783333333,683.4120944534034,2629.0
scanId=135055,2.250783333333,683.4271491199174,1988.0
scanId=135055,2.250783333333,683.4422038451604,1511.0
scanId=135055,2.250783333333,683.4572588433042,1217.0
scanId=135055,2.250783333333,684.3759239737697,1099.0
scanId=135055,2.250783333333,684.3909892524385,1417.0
scanId=135055,2.250783333333,684.4060545903102,1601.0
scanId=135055,2.250783333333,684.4211202006088,1541.0
scanId=135055,2.250783333333,684.436185870125,1365.0
scanId=135055,2.250783333333,684.4512518120534,1206.0
scanId=135055,2.250783333333,684.4663178132145,1000.0
scanId=135055,2.250783333333,685.2952062219548,1273.0
scanId=135055,2.250783333333,685.3102815091664,1507.0
scanId=135055,2.250783333333,685.3253570683602,1587.0
scanId=135055,2.250783333333,685.3404326872163,1685.0
scanId=135055,2.250783333333,685.3555085780399,1809.0
scanId=135055,2.250783333333,685.3705845285409,2220.0
scanId=135055,2.250783333333,685.3856607509944,3620.0
scanId=135055,2.250783333333,685.40073703314,5979.0
scanId=135055,2.250783333333,685.4158135872233,8809.0
scanId=135055,2.250783333333,685.4308902010135,10276.0
scanId=135055,2.250783333333,685.4459670867269,9320.0
scanId=135055,2.250783333333,685.4610440321619,7081.0
scanId=135055,2.250783333333,685.4761212495049,4832.0
scanId=135055,2.250783333333,685.4911985265845,3251.0
scanId=135055,2.250783333333,685.5062760755573,2187.0
scanId=135055,2.250783333333,685.5213536842816,1370.0
scanId=135055,2.250783333333,686.3810545554984,1122.0
scanId=135055,2.250783333333,686.396141781919,1948.0
scanId=135055,2.250783333333,686.411229279787,3607.0
scanId=135055,2.250783333333,686.426316837852,5039.0
scanId=135055,2.250783333333,686.4414046673497,5141.0
scanId=135055,2.250783333333,686.4564925570597,4149.0
scanId=135055,2.250783333333,686.4715807181873,3007.0
scanId=135055,2.250783333333,686.4866689395419,2128.0
scanId=135055,2.250783333333,686.5017574322992,1500.0
scanId=135055,2.250783333333,686.5168459852986,1068.0
scanId=135055,2.250783333333,687.3167794311028,1234.0
scanId=135055,2.250783333333,687.3318769385094,2750.0
scanId=135055,2.250783333333,687.3469747169022,4126.0
scanId=135055,2.250783333333,687.3620725559538,4678.0
scanId=135055,2.250783333333,687.3771706659765,4322.0
scanId=135055,2.250783333333,687.3922688366724,3481.0
scanId=135055,2.250783333333,687.407367278325,2923.0
scanId=135055,2.250783333333,687.4224657806658,2707.0
scanId=135055,2.250783333333,687.437564553948,2498.0
scanId=135055,2.250783333333,687.4526633879335,2154.0
scanId=135055,2.250783333333,687.4677624928457,1722.0
scanId=135055,2.250783333333,687.4828616584759,1316.0
scanId=135055,2.250783333333,687.497961095018,1080.0
scanId=135055,2.250783333333,687.5130605922932,1082.0
scanId=135055,2.250783333333,687.528160360465,1062.0
scanId=135055,2.250783333333,688.3286825231411,1709.0
scanId=135055,2.250783333333,688.3437912453185,2472.0
scanId=135055,2.250783333333,688.3589000286462,2955.0
scanId=135055,2.250783333333,688.3740090824534,2814.0
scanId=135055,2.250783333333,688.389118197426,2301.0
scanId=135055,2.250783333333,688.4042275828631,1842.0
scanId=135055,2.250783333333,688.4193370294802,1580.0
scanId=135055,2.250783333333,688.4344467465471,1439.0
scanId=135055,2.250783333333,688.449556524809,1283.0
scanId=135055,2.250783333333,688.4646665735058,1079.0
scanId=135055,2.250783333333,689.3413300797584,1116.0
scanId=135055,2.250783333333,689.3564498073633,1192.0
scanId=135055,2.250783333333,689.3715698049551,1174.0
scanId=135055,2.250783333333,689.3866898642046,1107.0
scanId=135055,2.250783333333,689.4018101934264,1021.0
scanId=135055,2.250783333333,689.4320512451725,1002.0
scanId=135055,2.250783333333,689.4471719677116,1153.0
scanId=135055,2.250783333333,689.4622929601929,1249.0
scanId=135055,2.250783333333,689.4774140143769,1165.0
scanId=135055,2.250783333333,689.4925353384881,1166.0
scanId=135055,2.250783333333,689.5076567243168,1230.0
scanId=135055,2.250783333333,689.5227783800578,1251.0
scanId=135055,2.250783333333,689.5379000975313,1413.0
scanId=135055,2.250783333333,689.5530220849022,1429.0
scanId=135055,2.250783333333,689.5681441340204,1218.0
scanId=135055,2.250783333333,691.3688581681326,1229.0
scanId=135055,2.250783333333,691.3840001159389,1375.0
scanId=135055,2.250783333333,691.3991423327298,1306.0
scanId=135055,2.250783333333,691.4142846121807,1451.0
scanId=135055,2.250783333333,691.4294271606014,1738.0
scanId=135055,2.250783333333,691.4445697716972,1751.0
scanId=135055,2.250783333333,691.4597126517477,1530.0
scanId=135055,2.250783333333,691.4748555944884,1273.0
scanId=135055,2.250783333333,691.4899988061688,1003.0
scanId=135055,2.250783333333,692.3685858088581,1005.0
scanId=135055,2.250783333333,692.3837387009437,1185.0
scanId=135055,2.250783333333,692.3988918615192,1264.0
scanId=135055,2.250783333333,692.4140450852495,1390.0
scanId=135055,2.250783333333,692.4291985774548,1492.0
scanId=135055,2.250783333333,692.4443521328301,1502.0
scanId=135055,2.250783333333,692.4595059566653,1597.0
scanId=135055,2.250783333333,692.4746598436855,1641.0
scanId=135055,2.250783333333,692.4898139991506,1522.0
scanId=135055,2.250783333333,692.5049682178155,1386.0
scanId=135055,2.250783333333,692.5201227049104,1198.0
scanId=135055,2.250783333333,693.3841995920734,1056.0
scanId=135055,2.250783333333,693.3993636964335,1290.0
scanId=135055,2.250783333333,693.414527864444,1432.0
scanId=135055,2.250783333333,693.429692300434,1619.0
scanId=135055,2.250783333333,693.4448568000896,1989.0
scanId=135055,2.250783333333,693.4600215677094,2234.0
scanId=135055,2.250783333333,693.4751863990097,2182.0
scanId=135055,2.250783333333,693.4903514982593,1938.0
scanId=135055,2.250783333333,693.5055166612044,1683.0
scanId=135055,2.250783333333,693.5206820920838,1482.0
scanId=135055,2.250783333333,693.5358475866739,1165.0
scanId=135055,2.250783333333,694.3702080087057,1163.0
scanId=135055,2.250783333333,694.3853827893523,1422.0
scanId=135055,2.250783333333,694.4005578374971,1305.0
scanId=135055,2.250783333333,694.4157329497887,1313.0
scanId=135055,2.250783333333,694.4309083295632,1582.0
scanId=135055,2.250783333333,694.4460837734996,1698.0
scanId=135055,2.250783333333,694.461259484904,1538.0
scanId=135055,2.250783333333,694.4764352604852,1324.0
scanId=135055,2.250783333333,694.4916113035194,1172.0
scanId=135055,2.250783333333,694.5067874107455,1075.0
scanId=135055,2.250783333333,695.3721025678768,1120.0
scanId=135055,2.250783333333,695.387288292805,1037.0
scanId=135055,2.250783333333,695.4024742847344,1025.0
scanId=135055,2.250783333333,695.4176603413074,1269.0
scanId=135055,2.250783333333,695.4328466648666,1700.0
scanId=135055,2.250783333333,695.4480330530845,1986.0
scanId=135055,2.250783333333,695.4632197082735,2157.0
scanId=135055,2.250783333333,695.4784064281365,2159.0
scanId=135055,2.250783333333,695.4935934149553,1882.0
scanId=135055,2.250783333333,695.5087804664631,1409.0
scanId=135055,2.250783333333,695.5239677849117,1042.0
scanId=135055,2.250783333333,696.3595228291605,1093.0
scanId=135055,2.250783333333,696.3747194332445,1226.0
scanId=135055,2.250783333333,696.3899161024551,1380.0
scanId=135055,2.250783333333,696.405113038169,1426.0
scanId=135055,2.250783333333,696.4203100390246,1301.0
scanId=135055,2.250783333333,696.4355073063683,1162.0
scanId=135055,2.250783333333,696.4507046388686,1067.0
scanId=135055,2.250783333333,697.3628510569644,1152.0
scanId=135055,2.250783333333,697.3780586048331,1551.0
scanId=135055,2.250783333333,697.3932662183267,1689.0
scanId=135055,2.250783333333,697.4084740978253,1550.0
scanId=135055,2.250783333333,697.4236820429638,1540.0
scanId=135055,2.250783333333,697.4388902540921,1481.0
scanId=135055,2.250783333333,697.4540985308756,1240.0
scanId=135055,2.250783333333,699.3716744313299,1319.0
scanId=135055,2.250783333333,699.3869038667677,1578.0
scanId=135055,2.250783333333,699.4021333688298,2063.0
scanId=135055,2.250783333333,699.4173631358975,2337.0
scanId=135055,2.250783333333,699.4325929696045,2126.0
scanId=135055,2.250783333333,699.447823068302,1751.0
scanId=135055,2.250783333333,699.4630532336538,1448.0
scanId=135055,2.250783333333,699.4782836639812,1144.0
scanId=135055,2.250783333333,700.3771695779384,1168.0
scanId=135055,2.250783333333,700.3924099571609,1458.0
scanId=135055,2.250783333333,700.407650403508,1489.0
scanId=135055,2.250783333333,700.4228911143604,1370.0
scanId=135055,2.250783333333,700.4381318923524,1074.0
scanId=135055,2.250783333333,701.3376342531535,1291.0
scanId=135055,2.250783333333,701.3528849804965,1850.0
scanId=135055,2.250783333333,701.3681359718738,2477.0
scanId=135055,2.250783333333,701.3833870308616,3082.0
scanId=135055,2.250783333333,701.3986383538688,3443.0
scanId=135055,2.250783333333,701.4138897445017,3484.0
scanId=135055,2.250783333333,701.4291413991386,3017.0
scanId=135055,2.250783333333,701.4443931214167,2499.0
scanId=135055,2.250783333333,701.4596451076835,2259.0
scanId=135055,2.250783333333,701.4748971616065,2202.0
scanId=135055,2.250783333333,701.4901494795031,2093.0
scanId=135055,2.250783333333,701.5054018650715,1745.0
scanId=135055,2.250783333333,701.5206545145979,1294.0
scanId=135055,2.250783333333,702.3750647868485,1237.0
scanId=135055,2.250783333333,702.390326790123,1876.0
scanId=135055,2.250783333333,702.4055890569148,2124.0
scanId=135055,2.250783333333,702.4208513918343,1907.0
scanId=135055,2.250783333333,702.4361139902558,1590.0
scanId=135055,2.250783333333,702.4513766568205,1550.0
scanId=135055,2.250783333333,702.466639586872,1673.0
scanId=135055,2.250783333333,702.4819025850817,1829.0
scanId=135055,2.250783333333,702.4971658467629,1792.0
scanId=135055,2.250783333333,702.5124291766177,1417.0
scanId=135055,2.250783333333,702.5276927699288,1071.0
scanId=135055,2.250783333333,703.3368978660035,1104.0
scanId=135055,2.250783333333,703.3521704133201,1198.0
scanId=135055,2.250783333333,703.3674430292369,1333.0
scanId=135055,2.250783333333,703.3827159081834,1504.0
scanId=135055,2.250783333333,703.3979888557451,1670.0
scanId=135055,2.250783333333,703.4132620663214,1678.0
scanId=135055,2.250783333333,703.4285353455283,1485.0
scanId=135055,2.250783333333,703.4438088877346,1280.0
scanId=135055,2.250783333333,703.4590824985867,1018.0
scanId=135055,2.250783333333,703.5812777435682,1022.0
scanId=135055,2.250783333333,704.3758055131701,1136.0
scanId=135055,2.250783333333,704.3910893359013,1380.0
scanId=135055,2.250783333333,704.4063732277511,1501.0
scanId=135055,2.250783333333,704.421657382112,1517.0
scanId=135055,2.250783333333,704.4369416056069,1464.0
scanId=135055,2.250783333333,704.4522260915976,1273.0
scanId=135055,2.250783333333,704.4675106467377,1167.0
scanId=135055,2.250783333333,704.4827954643582,1075.0
scanId=135055,2.250783333333,705.3543013641298,1431.0
scanId=135055,2.250783333333,705.3695957990157,2952.0
scanId=135055,2.250783333333,705.3848903035091,5218.0
scanId=135055,2.250783333333,705.4001850700248,6981.0
scanId=135055,2.250783333333,705.4154799061632,7446.0
scanId=135055,2.250783333333,705.4307750043088,6332.0
scanId=135055,2.250783333333,705.4460701720922,4908.0
scanId=135055,2.250783333333,705.4613656018676,3786.0
scanId=135055,2.250783333333,705.4766611012963,2889.0
scanId=135055,2.250783333333,705.4919568627015,2285.0
scanId=135055,2.250783333333,705.5072526937753,1902.0
scanId=135055,2.250783333333,705.5225487868103,1585.0
scanId=135055,2.250783333333,705.5378449495294,1301.0
scanId=135055,2.250783333333,705.5531413741942,1066.0
scanId=135055,2.250783333333,706.3640865728229,1052.0
scanId=135055,2.250783333333,706.3793919514934,1931.0
scanId=135055,2.250783333333,706.3946974002758,3268.0
scanId=135055,2.250783333333,706.4100031105762,4051.0
scanId=135055,2.250783333333,706.425308891004,3739.0
scanId=135055,2.250783333333,706.4406149329341,3004.0
scanId=135055,2.250783333333,706.4559210450069,2288.0
scanId=135055,2.250783333333,706.4712274185669,1787.0
scanId=135055,2.250783333333,706.4865338622849,1489.0
scanId=135055,2.250783333333,706.5018405674747,1296.0
scanId=135055,2.250783333333,706.517147342838,1135.0
scanId=135055,2.250783333333,706.5324543796577,1060.0
scanId=135055,2.250783333333,707.2980152485978,1189.0
scanId=135055,2.250783333333,707.3133306467349,1690.0
scanId=135055,2.250783333333,707.3286463059305,2226.0
scanId=135055,2.250783333333,707.3439620357128,2429.0
scanId=135055,2.250783333333,707.359278026538,2115.0
scanId=135055,2.250783333333,707.3745940879653,1880.0
scanId=135055,2.250783333333,707.3899104104204,2166.0
scanId=135055,2.250783333333,707.405226803493,2374.0
scanId=135055,2.250783333333,707.4205434575779,2394.0
scanId=135055,2.250783333333,707.4358601822955,2422.0
scanId=135055,2.250783333333,707.4511771680103,2348.0
scanId=135055,2.250783333333,707.4664942243732,2186.0
scanId=135055,2.250783333333,707.4818115417179,1901.0
scanId=135055,2.250783333333,707.4971289297259,1638.0
scanId=135055,2.250783333333,707.5124465787003,1376.0
scanId=135055,2.250783333333,707.5277642983535,1078.0
scanId=135055,2.250783333333,708.3091903497711,1065.0
scanId=135055,2.250783333333,708.3245166921988,1300.0
scanId=135055,2.250783333333,708.3398432951789,1340.0
scanId=135055,2.250783333333,708.3551699692516,1448.0
scanId=135055,2.250783333333,708.3704969038614,1543.0
scanId=135055,2.250783333333,708.3858239095795,1520.0
scanId=135055,2.250783333333,708.4011511758191,1355.0
scanId=135055,2.250783333333,708.4164785131824,1229.0
scanId=135055,2.250783333333,708.4318061110519,1301.0
scanId=135055,2.250783333333,708.4471337800601,1314.0
scanId=135055,2.250783333333,708.4624617095596,1218.0
scanId=135055,2.250783333333,708.4777897102132,1074.0
scanId=135055,2.250783333333,709.4284525293659,1244.0
scanId=135055,2.250783333333,709.4437910710203,1583.0
scanId=135055,2.250783333333,709.4591296843198,1655.0
scanId=135055,2.250783333333,709.4744685576038,1405.0
scanId=135055,2.250783333333,709.4898075025487,1282.0
scanId=135055,2.250783333333,709.5051467074625,1146.0
scanId=135055,2.250783333333,710.4257996261193,1101.0
scanId=135055,2.250783333333,710.4411488520658,1240.0
scanId=135055,2.250783333333,710.4564983375045,1249.0
scanId=135055,2.250783333333,710.4718478950962,1173.0
scanId=135055,2.250783333333,710.4871977121647,1119.0
scanId=135055,2.250783333333,711.3624086676305,1108.0
scanId=135055,2.250783333333,711.3777681019643,1254.0
scanId=135055,2.250783333333,711.393127608913,1336.0
scanId=135055,2.250783333333,711.4084873748766,1270.0
scanId=135055,2.250783333333,711.4238472134705,1134.0
scanId=135055,2.250783333333,711.4392073110639,1257.0
scanId=135055,2.250783333333,711.4545674813029,1458.0
scanId=135055,2.250783333333,711.4699279105263,1328.0
scanId=135055,2.250783333333,711.4852884124106,1142.0
scanId=135055,2.250783333333,713.4220442347731,1111.0
scanId=135055,2.250783333333,713.437425888306,1200.0
scanId=135055,2.250783333333,713.4528076154869,1201.0
scanId=135055,2.250783333333,713.4681896006496,1031.0
scanId=135055,2.250783333333,714.3760174598324,1112.0
scanId=135055,2.250783333333,714.3914093938902,1240.0
scanId=135055,2.250783333333,714.406801402075,1192.0
scanId=135055,2.250783333333,714.4221936677626,1160.0
scanId=135055,2.250783333333,714.4375860075927,1168.0
scanId=135055,2.250783333333,714.4529786049102,1122.0
scanId=135055,2.250783333333,715.3768351422791,1168.0
scanId=135055,2.250783333333,715.3922377631137,1157.0
scanId=135055,2.250783333333,715.4076406409561,1088.0
scanId=135055,2.250783333333,715.4230435934361,1154.0
scanId=135055,2.250783333333,715.4384468029083,1122.0
scanId=135055,2.250783333333,715.4538500870337,1042.0
scanId=135055,2.250783333333,717.3497242203408,1130.0
scanId=135055,2.250783333333,717.3651480664769,1685.0
scanId=135055,2.250783333333,717.3805721686289,1855.0
scanId=135055,2.250783333333,717.3959963464101,1896.0
scanId=135055,2.250783333333,717.4114207801921,2217.0
scanId=135055,2.250783333333,717.4268452896188,2278.0
scanId=135055,2.250783333333,717.4422700550303,2025.0
scanId=135055,2.250783333333,717.4576948961025,1796.0
scanId=135055,2.250783333333,717.4731199931439,1451.0
scanId=135055,2.250783333333,717.4885451658613,1091.0
scanId=135055,2.250783333333,718.3834915135784,1114.0
scanId=135055,2.250783333333,718.3989265595151,1370.0
scanId=135055,2.250783333333,718.4143616815935,1609.0
scanId=135055,2.250783333333,718.4297970591598,1575.0
scanId=135055,2.250783333333,718.4452325128834,1245.0
scanId=135055,2.250783333333,719.3871115326506,1203.0
scanId=135055,2.250783333333,719.4025572673809,1470.0
scanId=135055,2.250783333333,719.4180032571021,1588.0
scanId=135055,2.250783333333,719.4334493234779,1479.0
scanId=135055,2.250783333333,719.4488956448289,1138.0
scanId=135055,2.250783333333,720.3759756996164,1921.0
scanId=135055,2.250783333333,720.3914320469996,3772.0
scanId=135055,2.250783333333,720.4068886488755,5663.0
scanId=135055,2.250783333333,720.422345327904,6267.0
scanId=135055,2.250783333333,720.4378022614098,5306.0
scanId=135055,2.250783333333,720.4532592720839,4011.0
scanId=135055,2.250783333333,720.4687165372194,2927.0
scanId=135055,2.250783333333,720.4841738795388,2181.0
scanId=135055,2.250783333333,720.4996314763042,1703.0
scanId=135055,2.250783333333,720.515089150269,1523.0
scanId=135055,2.250783333333,720.5305470786644,1341.0
scanId=135055,2.250783333333,720.5460050842746,1111.0
scanId=135055,2.250783333333,721.3500521780304,1100.0
scanId=135055,2.250783333333,721.3655190604312,1357.0
scanId=135055,2.250783333333,721.3809860204677,2012.0
scanId=135055,2.250783333333,721.3964532344984,3323.0
scanId=135055,2.250783333333,721.4119205261802,4563.0
scanId=135055,2.250783333333,721.4273880718407,4571.0
scanId=135055,2.250783333333,721.4428556951681,3876.0
scanId=135055,2.250783333333,721.4583235724584,3036.0
scanId=135055,2.250783333333,721.4737915274311,2402.0
scanId=135055,2.250783333333,721.4892597363513,2098.0
scanId=135055,2.250783333333,721.5047280229697,1853.0
scanId=135055,2.250783333333,721.5201965635197,1424.0
scanId=135055,2.250783333333,722.3866970139886,1374.0
scanId=135055,2.250783333333,722.4021749183245,1976.0
scanId=135055,2.250783333333,722.4176530761397,2259.0
scanId=135055,2.250783333333,722.4331313121208,2273.0
scanId=135055,2.250783333333,722.448609801566,2010.0
scanId=135055,2.250783333333,722.4640883691927,1718.0
scanId=135055,2.250783333333,722.4795671902676,2136.0
scanId=135055,2.250783333333,722.4950460895399,3356.0
scanId=135055,2.250783333333,722.5105252422446,4575.0
scanId=135055,2.250783333333,722.5260044731622,4642.0
scanId=135055,2.250783333333,722.5414839574968,3763.0
scanId=135055,2.250783333333,722.5569635200599,2720.0
scanId=135055,2.250783333333,722.5724433360243,1908.0
scanId=135055,2.250783333333,722.5879232302327,1286.0
scanId=135055,2.250783333333,723.3776199873644,1317.0
scanId=135055,2.250783333333,723.3931085043546,1896.0
scanId=135055,2.250783333333,723.4085972743246,2518.0
scanId=135055,2.250783333333,723.4240861229603,2685.0
scanId=135055,2.250783333333,723.4395752245601,2433.0
scanId=135055,2.250783333333,723.4550644048412,2107.0
scanId=135055,2.250783333333,723.4705538380712,1841.0
scanId=135055,2.250783333333,723.4860433499978,1850.0
scanId=135055,2.250783333333,723.5015331148574,2029.0
scanId=135055,2.250783333333,723.5170229584294,2147.0
scanId=135055,2.250783333333,723.5325130549187,1889.0
scanId=135055,2.250783333333,723.5480032301363,1462.0
scanId=135055,2.250783333333,723.5634936582555,1061.0
scanId=135055,2.250783333333,724.3847212842884,1178.0
scanId=135055,2.250783333333,724.4002206664132,1192.0
scanId=135055,2.250783333333,724.4157201277039,1146.0
scanId=135055,2.250783333333,724.4312198414585,1122.0
scanId=135055,2.250783333333,724.4467196343946,1030.0
scanId=135055,2.250783333333,724.4622196797793,1076.0
scanId=135055,2.250783333333,724.477719804361,1098.0
scanId=135055,2.250783333333,724.4932201813752,1051.0
scanId=135055,2.250783333333,724.5087206376024,1030.0
scanId=135055,2.250783333333,725.3304844425379,1443.0
scanId=135055,2.250783333333,725.3459938531931,1633.0
scanId=135055,2.250783333333,725.3615035158429,1555.0
scanId=135055,2.250783333333,725.3770132581435,1309.0
scanId=135055,2.250783333333,725.3925232524231,1086.0
scanId=135055,2.250783333333,725.4080333263694,1149.0
scanId=135055,2.250783333333,725.4235436522788,1551.0
scanId=135055,2.250783333333,725.4390540578707,1773.0
scanId=135055,2.250783333333,725.45456471541,1642.0
scanId=135055,2.250783333333,725.4700754526473,1400.0
scanId=135055,2.250783333333,725.4855864418164,1303.0
scanId=135055,2.250783333333,725.5010975106991,1302.0
scanId=135055,2.250783333333,725.5166088314979,1223.0
scanId=135055,2.250783333333,726.4165466570386,1155.0
scanId=135055,2.250783333333,726.4320676752866,1156.0
scanId=135055,2.250783333333,726.4475889449806,1038.0
scanId=135055,2.250783333333,726.4631102948739,1060.0
scanId=135055,2.250783333333,726.4786318961977,1075.0
scanId=135055,2.250783333333,727.3481038200746,1107.0
scanId=135055,2.250783333333,727.3636347876879,1852.0
scanId=135055,2.250783333333,727.379166006277,2650.0
scanId=135055,2.250783333333,727.394697305536,2833.0
scanId=135055,2.250783333333,727.4102288557551,2543.0
scanId=135055,2.250783333333,727.4257604866597,2238.0
scanId=135055,2.250783333333,727.4412923685085,1870.0
scanId=135055,2.250783333333,727.4568243310586,1582.0
scanId=135055,2.250783333333,727.4723565445371,1333.0
scanId=135055,2.250783333333,727.4878888387326,1118.0
scanId=135055,2.250783333333,728.3735061741555,1432.0
scanId=135055,2.250783333333,728.3890480860716,1788.0
scanId=135055,2.250783333333,728.4045902484455,1922.0
scanId=135055,2.250783333333,728.4201324920073,1913.0
scanId=135055,2.250783333333,728.4356749860108,1729.0
scanId=135055,2.250783333333,728.4512175612181,1531.0
scanId=135055,2.250783333333,728.4667603868514,1373.0
scanId=135055,2.250783333333,728.4823032937043,1112.0
scanId=135055,2.250783333333,729.3685255360243,1423.0
scanId=135055,2.250783333333,729.3840780605985,1788.0
scanId=135055,2.250783333333,729.399630835127,1784.0
scanId=135055,2.250783333333,729.4151836913464,1758.0
scanId=135055,2.250783333333,729.4307367975048,1591.0
scanId=135055,2.250783333333,729.4462899853697,1316.0
scanId=135055,2.250783333333,729.4618434231579,1023.0
scanId=135055,2.250783333333,730.3953506158163,1004.0
scanId=135055,2.250783333333,730.4109140846939,1120.0
scanId=135055,2.250783333333,730.426477803007,1091.0
scanId=135055,2.250783333333,730.4420416035302,1148.0
scanId=135055,2.250783333333,730.4576056534731,1217.0
scanId=135055,2.250783333333,730.4731697856421,1142.0
scanId=135055,2.250783333333,731.3917495905303,1072.0
scanId=135055,2.250783333333,731.4073236720667,1389.0
scanId=135055,2.250783333333,731.4228980025346,1697.0
scanId=135055,2.250783333333,731.4384724157165,1764.0
scanId=135055,2.250783333333,731.4540470778143,1664.0
scanId=135055,2.250783333333,731.4696218226419,1400.0
scanId=135055,2.250783333333,731.4851968163695,1138.0
scanId=135055,2.250783333333,731.5007718928427,1008.0
scanId=135055,2.250783333333,732.4044124534813,1170.0
scanId=135055,2.250783333333,732.419997396104,1391.0
scanId=135055,2.250783333333,732.4355824219452,1233.0
scanId=135055,2.250783333333,732.4511676961978,1108.0
scanId=135055,2.250783333333,732.4667530536847,1109.0
scanId=135055,2.250783333333,732.482338659567,1081.0
scanId=135055,2.250783333333,733.3709898989512,1014.0
scanId=135055,2.250783333333,733.3865851220987,1110.0
scanId=135055,2.250783333333,733.4021804289542,1291.0
scanId=135055,2.250783333333,733.4177759837316,1603.0
scanId=135055,2.250783333333,733.4333716222328,1684.0
scanId=135055,2.250783333333,733.4489675086401,1562.0
scanId=135055,2.250783333333,733.4645634787869,1343.0
scanId=135055,2.250783333333,733.4801596968239,1139.0
scanId=135055,2.250783333333,734.4318400165955,1119.0
scanId=135055,2.250783333333,734.4474465151575,1259.0
scanId=135055,2.250783333333,734.4630530979647,1247.0
scanId=135055,2.250783333333,734.4786599281565,1219.0
scanId=135055,2.250783333333,734.4942668426092,1142.0
scanId=135055,2.250783333333,735.3997539621404,1147.0
scanId=135055,2.250783333333,735.4153707412272,1466.0
scanId=135055,2.250783333333,735.4309876050497,1545.0
scanId=135055,2.250783333333,735.4466047157664,1410.0
scanId=135055,2.250783333333,735.4622219112345,1237.0
scanId=135055,2.250783333333,735.477839353581,1035.0
scanId=135055,2.250783333333,736.3995595198859,1286.0
scanId=135055,2.250783333333,736.4151869111275,1479.0
scanId=135055,2.250783333333,736.4308143876111,1379.0
scanId=135055,2.250783333333,736.4464421104826,1287.0
scanId=135055,2.250783333333,736.4620699186121,1248.0
scanId=135055,2.250783333333,736.4776979731134,1325.0
scanId=135055,2.250783333333,736.4933261128886,2441.0
scanId=135055,2.250783333333,736.5089544990198,4576.0
scanId=135055,2.250783333333,736.5245829704405,6926.0
scanId=135055,2.250783333333,736.5402116882015,7921.0
scanId=135055,2.250783333333,736.5558404912679,7013.0
scanId=135055,2.250783333333,736.5714695406587,5362.0
scanId=135055,2.250783333333,736.5870986753708,3795.0
scanId=135055,2.250783333333,736.6027280563915,2603.0
scanId=135055,2.250783333333,736.6183575227492,1828.0
scanId=135055,2.250783333333,736.6339872353998,1330.0
scanId=135055,2.250783333333,737.400044271754,1291.0
scanId=135055,2.250783333333,737.4156822751505,1482.0
scanId=135055,2.250783333333,737.431320364296,1512.0
scanId=135055,2.250783333333,737.4469586993223,1375.0
scanId=135055,2.250783333333,737.4625971201135,1149.0
scanId=135055,2.250783333333,737.4782357867698,1036.0
scanId=135055,2.250783333333,737.4938745392067,1456.0
scanId=135055,2.250783333333,737.5095135374927,2681.0
scanId=135055,2.250783333333,737.5251526215752,4321.0
scanId=135055,2.250783333333,737.540791951491,5386.0
scanId=135055,2.250783333333,737.5564313672193,5091.0
scanId=135055,2.250783333333,737.5720710287649,3881.0
scanId=135055,2.250783333333,737.5877107761388,2839.0
scanId=135055,2.250783333333,737.6033507693143,2109.0
scanId=135055,2.250783333333,737.618990848334,1520.0
scanId=135055,2.250783333333,737.6346311731393,1084.0
scanId=135055,2.250783333333,738.4794527945656,1171.0
scanId=135055,2.250783333333,738.495102159665,1549.0
scanId=135055,2.250783333333,738.5107517701057,1992.0
scanId=135055,2.250783333333,738.5264014668505,2185.0
scanId=135055,2.250783333333,738.5420514089211,1866.0
scanId=135055,2.250783333333,738.5577014373118,1321.0
scanId=135055,2.250783333333,739.4030513579222,1042.0
scanId=135055,2.250783333333,739.4187105856282,1065.0
scanId=135055,2.250783333333,739.4343699000988,1150.0
scanId=135055,2.250783333333,739.4500294594346,1218.0
scanId=135055,2.250783333333,739.4656891055512,1154.0
scanId=135055,2.250783333333,739.4813489965169,1178.0
scanId=135055,2.250783333333,739.497008974279,1201.0
scanId=135055,2.250783333333,739.5126691968744,1219.0
scanId=135055,2.250783333333,739.5283295062821,1355.0
scanId=135055,2.250783333333,739.5439900605076,1259.0
scanId=135055,2.250783333333,740.4525836307384,1018.0
scanId=135055,2.250783333333,741.3774148922317,1058.0
scanId=135055,2.250783333333,741.3930950126174,1419.0
scanId=135055,2.250783333333,741.4087752207693,1714.0
scanId=135055,2.250783333333,741.4244556727848,2079.0
scanId=135055,2.250783333333,741.4401362125824,2251.0
scanId=135055,2.250783333333,741.455816996228,1928.0
scanId=135055,2.250783333333,741.4714978676715,1431.0
scanId=135055,2.250783333333,741.4871789829467,1017.0
scanId=135055,2.250783333333,742.3655839009588,1135.0
scanId=135055,2.250783333333,742.3812743901292,1762.0
scanId=135055,2.250783333333,742.3969651226697,2204.0
scanId=135055,2.250783333333,742.4126559434858,2407.0
scanId=135055,2.250783333333,742.428347007656,2302.0
scanId=135055,2.250783333333,742.444038160118,2019.0
scanId=135055,2.250783333333,742.4597295559183,1663.0
scanId=135055,2.250783333333,742.4754210400259,1338.0
scanId=135055,2.250783333333,742.4911127674559,1054.0
scanId=135055,2.250783333333,743.3701119804066,1343.0
scanId=135055,2.250783333333,743.3858130822416,1847.0
scanId=135055,2.250783333333,743.4015144269368,1928.0
scanId=135055,2.250783333333,743.4172158604176,1753.0
scanId=135055,2.250783333333,743.4329175367427,1636.0
scanId=135055,2.250783333333,743.4486193018695,1430.0
scanId=135055,2.250783333333,743.4643213098244,1141.0
scanId=135055,2.250783333333,744.3910309685839,1076.0
scanId=135055,2.250783333333,744.406742925434,1141.0
scanId=135055,2.250783333333,744.42245497158,1040.0
scanId=135055,2.250783333333,745.3812057220052,1660.0
scanId=135055,2.250783333333,745.396928049171,2461.0
scanId=135055,2.250783333333,745.4126506181758,2946.0
scanId=135055,2.250783333333,745.4283732769875,3090.0
scanId=135055,2.250783333333,745.444096177622,2918.0
scanId=135055,2.250783333333,745.4598191680795,2545.0
scanId=135055,2.250783333333,745.475542400344,2230.0
scanId=135055,2.250783333333,745.4912657224472,2217.0
scanId=135055,2.250783333333,745.5069892863415,2017.0
scanId=135055,2.250783333333,745.5227129400905,1608.0
scanId=135055,2.250783333333,745.5384368356146,1174.0
scanId=135055,2.250783333333,746.3877713841856,1190.0
scanId=135055,2.250783333333,746.4035043240175,1600.0
scanId=135055,2.250783333333,746.4192375051771,1761.0
scanId=135055,2.250783333333,746.4349707766547,1849.0
scanId=135055,2.250783333333,746.4507042894443,1873.0
scanId=135055,2.250783333333,746.4664378925677,1579.0
scanId=135055,2.250783333333,746.482171736987,1277.0
scanId=135055,2.250783333333,746.4979056717563,1198.0
scanId=135055,2.250783333333,746.5136398478053,1260.0
scanId=135055,2.250783333333,746.5293741142204,1208.0
scanId=135055,2.250783333333,747.3163007404164,1162.0
scanId=135055,2.250783333333,747.3320435388412,1570.0
scanId=135055,2.250783333333,747.3477864280479,1822.0
scanId=135055,2.250783333333,747.3635295581025,1907.0
scanId=135055,2.250783333333,747.379272778955,1941.0
scanId=135055,2.250783333333,747.3950162406395,1795.0
scanId=135055,2.250783333333,747.4107597931378,1555.0
scanId=135055,2.250783333333,747.4265035864521,1488.0
scanId=135055,2.250783333333,747.4422474705964,1346.0
scanId=135055,2.250783333333,747.4579915955406,1155.0
scanId=135055,2.250783333333,749.3484859353391,1026.0
scanId=135055,2.250783333333,749.3642500498801,1095.0
scanId=135055,2.250783333333,749.3800144042442,1135.0
scanId=135055,2.250783333333,749.3957788504312,1545.0
scanId=135055,2.250783333333,749.4115435364251,2409.0
scanId=135055,2.250783333333,749.4273083142577,3414.0
scanId=135055,2.250783333333,749.4430733318816,3776.0
scanId=135055,2.250783333333,749.4588384413604,3341.0
scanId=135055,2.250783333333,749.4746037906141,2666.0
scanId=135055,2.250783333333,749.4903692317386,2038.0
scanId=135055,2.250783333333,749.506134912622,1558.0
scanId=135055,2.250783333333,749.5219006853924,1418.0
scanId=135055,2.250783333333,749.5376666979057,1407.0
scanId=135055,2.250783333333,749.5534328023218,1218.0
scanId=135055,2.250783333333,750.4208259757852,1247.0
scanId=135055,2.250783333333,750.4366013662857,1568.0
scanId=135055,2.250783333333,750.4523769960645,1712.0
scanId=135055,2.250783333333,750.468152718211,1677.0
scanId=135055,2.250783333333,750.4839286796195,1583.0
scanId=135055,2.250783333333,750.4997047334117,1407.0
scanId=135055,2.250783333333,750.5154810264501,1286.0
scanId=135055,2.250783333333,750.5312574118882,1154.0
scanId=135055,2.250783333333,751.3676451090982,1320.0
scanId=135055,2.250783333333,751.3834304489753,1625.0
scanId=135055,2.250783333333,751.399216027649,1647.0
scanId=135055,2.250783333333,751.415001699172,1602.0
scanId=135055,2.250783333333,751.4307876094755,1637.0
scanId=135055,2.250783333333,751.4465736126443,1649.0
scanId=135055,2.250783333333,751.4623598545779,1473.0
scanId=135055,2.250783333333,751.4781461893925,1217.0
scanId=135055,2.250783333333,751.4939327629558,1028.0
scanId=135055,2.250783333333,751.5097194294164,1006.0
scanId=135055,2.250783333333,752.4256319150516,1058.0
scanId=135055,2.250783333333,752.4414284375098,1497.0
scanId=135055,2.250783333333,752.4572250533475,1737.0
scanId=135055,2.250783333333,752.4730219074357,1667.0
scanId=135055,2.250783333333,752.4888188549191,1362.0
scanId=135055,2.250783333333,752.5046160406372,1040.0
scanId=135055,2.250783333333,753.38952106023,1101.0
scanId=135055,2.250783333333,753.4053276254449,1159.0
scanId=135055,2.250783333333,753.4211344284281,1327.0
scanId=135055,2.250783333333,753.4369413252889,1486.0
scanId=135055,2.250783333333,753.452748459902,1378.0
scanId=135055,2.250783333333,753.4685556884089,1230.0
scanId=135055,2.250783333333,753.4843631546518,1197.0
scanId=135055,2.250783333333,753.5001707148044,1060.0
scanId=135055,2.250783333333,755.3824586342726,1194.0
scanId=135055,2.250783333333,755.3982860931808,1506.0
scanId=135055,2.250783333333,755.4141137888438,1535.0
scanId=135055,2.250783333333,755.429941579398,1321.0
scanId=135055,2.250783333333,755.4457696066909,1216.0
scanId=135055,2.250783333333,755.4615977288911,1065.0
scanId=135055,2.250783333333,756.4115906369221,1059.0
scanId=135055,2.250783333333,756.4274289447399,1040.0
scanId=135055,2.250783333333,757.3938771024817,1143.0
scanId=135055,2.250783333333,757.4097256908244,1580.0
scanId=135055,2.250783333333,757.4255743750738,1744.0
scanId=135055,2.250783333333,757.4414232950463,1586.0
scanId=135055,2.250783333333,757.4572723109417,1327.0
scanId=135055,2.250783333333,757.4731215625441,1134.0
scanId=135055,2.250783333333,758.3768009760887,1003.0
scanId=135055,2.250783333333,758.3926598449563,1147.0
scanId=135055,2.250783333333,758.4085188102309,1271.0
scanId=135055,2.250783333333,758.4243780107283,1613.0
scanId=135055,2.250783333333,758.440237307649,1823.0
scanId=135055,2.250783333333,758.4560968397763,1575.0
scanId=135055,2.250783333333,758.4719564683428,1173.0
scanId=135055,2.250783333333,759.4079701344699,1132.0
scanId=135055,2.250783333333,759.4238397124161,1527.0
scanId=135055,2.250783333333,759.4397095250682,1694.0
scanId=135055,2.250783333333,759.4555794346604,1560.0
scanId=135055,2.250783333333,759.4714495789425,1314.0
scanId=135055,2.250783333333,759.4873198201806,1084.0
scanId=135055,2.250783333333,760.3921996662825,1024.0
scanId=135055,2.250783333333,760.4080795252547,1112.0
scanId=135055,2.250783333333,760.4239596184318,1196.0
scanId=135055,2.250783333333,760.43983980905,1111.0
scanId=135055,2.250783333333,761.3770666061779,1188.0
scanId=135055,2.250783333333,761.3929567461763,1167.0
scanId=135055,2.250783333333,761.4088471198784,1103.0
scanId=135055,2.250783333333,761.4247375915228,1348.0
scanId=135055,2.250783333333,761.4406282968546,1495.0
scanId=135055,2.250783333333,761.4565191001451,1396.0
scanId=135055,2.250783333333,761.4724101371069,1179.0
scanId=135055,2.250783333333,761.4883012720434,1074.0
scanId=135055,2.250783333333,761.5041926406349,1071.0
scanId=135055,2.250783333333,762.4261737679471,1035.0
scanId=135055,2.250783333333,762.4420748522643,1252.0
scanId=135055,2.250783333333,762.457976169751,1290.0
scanId=135055,2.250783333333,762.4738775857141,1088.0
scanId=135055,2.250783333333,763.3964453807638,1229.0
scanId=135055,2.250783333333,763.4123566471455,1750.0
scanId=135055,2.250783333333,763.4282680124898,2469.0
scanId=135055,2.250783333333,763.4441796105014,3051.0
scanId=135055,2.250783333333,763.4600913074917,2971.0
scanId=135055,2.250783333333,763.4760032371331,2427.0
scanId=135055,2.250783333333,763.4919152657694,1856.0
scanId=135055,2.250783333333,763.5078275270406,1386.0
scanId=135055,2.250783333333,763.523739887323,1016.0
scanId=135055,2.250783333333,764.3991769344611,1319.0
scanId=135055,2.250783333333,764.4150985808328,1821.0
scanId=135055,2.250783333333,764.4310204593693,2214.0
scanId=135055,2.250783333333,764.446942437387,2381.0
scanId=135055,2.250783333333,764.4628646475533,2102.0
scanId=135055,2.250783333333,764.4787869572172,1766.0
scanId=135055,2.250783333333,764.4947094990133,1742.0
scanId=135055,2.250783333333,764.5106321403231,2650.0
scanId=135055,2.250783333333,764.5265550137491,5825.0
scanId=135055,2.250783333333,764.5424779867049,11821.0
scanId=135055,2.250783333333,764.5584011917609,18009.0
scanId=135055,2.250783333333,764.5743244963628,19470.0
scanId=135055,2.250783333333,764.5902480330485,16295.0
scanId=135055,2.250783333333,764.6061716692965,11802.0
scanId=135055,2.250783333333,764.622095537612,8063.0
scanId=135055,2.250783333333,764.6380195055061,5306.0
scanId=135055,2.250783333333,764.6539437054514,3492.0
scanId=135055,2.250783333333,764.6698680049915,2354.0
scanId=135055,2.250783333333,764.6857925365667,1597.0
scanId=135055,2.250783333333,764.7017171677529,1014.0
scanId=135055,2.250783333333,765.3547712067195,1062.0
scanId=135055,2.250783333333,765.3707028024729,1502.0
scanId=135055,2.250783333333,765.3866346299045,1621.0
scanId=135055,2.250783333333,765.4025665573041,1505.0
scanId=135055,2.250783333333,765.4184987163655,1405.0
scanId=135055,2.250783333333,765.434430975411,1256.0
scanId=135055,2.250783333333,765.4503634661023,1322.0
scanId=135055,2.250783333333,765.4662960567938,1392.0
scanId=135055,2.250783333333,765.4822288791149,1465.0
scanId=135055,2.250783333333,765.4981618014525,1514.0
scanId=135055,2.250783333333,765.5140949554035,1999.0
scanId=135055,2.250783333333,765.5300282093872,3994.0
scanId=135055,2.250783333333,765.5459616949679,7646.0
scanId=135055,2.250783333333,765.5618952805979,10684.0
scanId=135055,2.250783333333,765.5778290978085,11405.0
scanId=135055,2.250783333333,765.5937630150844,9911.0
scanId=135055,2.250783333333,765.6096971639248,7504.0
scanId=135055,2.250783333333,765.6256314128467,5408.0
scanId=135055,2.250783333333,765.641565893317,3927.0
scanId=135055,2.250783333333,765.6575004738849,2827.0
scanId=135055,2.250783333333,765.673435285985,1946.0
scanId=135055,2.250783333333,765.689370198199,1323.0
scanId=135055,2.250783333333,766.3747297334871,1326.0
scanId=135055,2.250783333333,766.3906719419147,1441.0
scanId=135055,2.250783333333,766.4066143815012,1425.0
scanId=135055,2.250783333333,766.4225569215748,1455.0
scanId=135055,2.250783333333,766.438499692791,1439.0
scanId=135055,2.250783333333,766.4544425645106,1377.0
scanId=135055,2.250783333333,766.4703856673566,1099.0
scanId=135055,2.250783333333,766.5341596063159,1771.0
scanId=135055,2.250783333333,766.5501034729738,2699.0
scanId=135055,2.250783333333,766.5660475707093,3363.0
scanId=135055,2.250783333333,766.5819917690136,3402.0
scanId=135055,2.250783333333,766.5979361983789,2797.0
scanId=135055,2.250783333333,766.613880728329,2039.0
scanId=135055,2.250783333333,766.6298254893242,1475.0
scanId=135055,2.250783333333,766.6457703509204,1128.0
scanId=135055,2.250783333333,767.3634622452194,1023.0
scanId=135055,2.250783333333,767.3794147346754,1088.0
scanId=135055,2.250783333333,767.3953674547867,1283.0
scanId=135055,2.250783333333,767.4113202758888,1620.0
scanId=135055,2.250783333333,767.42727332763,1666.0
scanId=135055,2.250783333333,767.4432264803783,1571.0
scanId=135055,2.250783333333,767.4591798637492,1424.0
scanId=135055,2.250783333333,767.4751333481435,1204.0
scanId=135055,2.250783333333,768.41668437063,1337.0
scanId=135055,2.250783333333,768.4326478044073,1521.0
scanId=135055,2.250783333333,768.4486114683032,1578.0
scanId=135055,2.250783333333,768.4645752337262,1389.0
scanId=135055,2.250783333333,768.4805392292519,1100.0
scanId=135055,2.250783333333,769.4067328218018,1103.0
scanId=135055,2.250783333333,769.4227065366081,1081.0
scanId=135055,2.250783333333,770.4613557859946,1141.0
scanId=135055,2.250783333333,770.4773404451225,1194.0
scanId=135055,2.250783333333,770.493325333328,1048.0
scanId=135055,2.250783333333,771.4047362255673,1201.0
scanId=135055,2.250783333333,771.4207307310379,1591.0
scanId=135055,2.250783333333,771.4367253395495,1813.0
scanId=135055,2.250783333333,771.45272017665,1637.0
scanId=135055,2.250783333333,771.4687151168079,1434.0
scanId=135055,2.250783333333,771.4847102855384,1255.0
scanId=135055,2.250783333333,771.5007055573423,1028.0
scanId=135055,2.250783333333,772.4127119683416,1107.0
scanId=135055,2.250783333333,772.4287168578834,1354.0
scanId=135055,2.250783333333,772.4447219755087,1339.0
scanId=135055,2.250783333333,772.4607271966968,1218.0
scanId=135055,2.250783333333,772.476732645952,1132.0
scanId=135055,2.250783333333,772.4927381987864,1039.0
scanId=135055,2.250783333333,773.4373611825808,1133.0
scanId=135055,2.250783333333,773.4533766847992,1087.0
scanId=135055,2.250783333333,775.4726605724409,1021.0
scanId=135055,2.250783333333,776.4191032531745,1211.0
scanId=135055,2.250783333333,776.4351495984862,1513.0
scanId=135055,2.250783333333,776.4511961698412,1456.0
scanId=135055,2.250783333333,776.4672428467993,1248.0
scanId=135055,2.250783333333,776.4832897497841,1191.0
scanId=135055,2.250783333333,776.4993367583884,1011.0
scanId=135055,2.250783333333,777.4142920931973,1414.0
scanId=135055,2.250783333333,777.4303487195408,1627.0
scanId=135055,2.250783333333,777.4464055714208,1420.0
scanId=135055,2.250783333333,777.4624625294106,1162.0
scanId=135055,2.250783333333,777.4785197129204,1205.0
scanId=135055,2.250783333333,777.4945770025563,1276.0
scanId=135055,2.250783333333,777.510634517696,1258.0
scanId=135055,2.250783333333,777.5266921389781,1405.0
scanId=135055,2.250783333333,777.5427499857475,1520.0
scanId=135055,2.250783333333,777.558807938676,1470.0
scanId=135055,2.250783333333,777.5748661170752,1353.0
scanId=135055,2.250783333333,777.5909244016499,1405.0
scanId=135055,2.250783333333,777.606982911679,1375.0
scanId=135055,2.250783333333,777.6230415278998,1040.0
scanId=135055,2.250783333333,778.5547267142206,1151.0
scanId=135055,2.250783333333,778.5707951731448,1184.0
scanId=135055,2.250783333333,779.4226591864452,1130.0
scanId=135055,2.250783333333,779.438736599375,1213.0
scanId=135055,2.250783333333,779.4548141194291,1102.0
scanId=135055,2.250783333333,779.5191259752255,1068.0
scanId=135055,2.250783333333,779.5352043830449,1244.0
scanId=135055,2.250783333333,779.5512828980377,1371.0
scanId=135055,2.250783333333,779.5673616374869,1437.0
scanId=135055,2.250783333333,779.5834404841258,1204.0
scanId=135055,2.250783333333,780.5323876941111,1344.0
scanId=135055,2.250783333333,780.5484764901366,2051.0
scanId=135055,2.250783333333,780.5645655101107,2440.0
scanId=135055,2.250783333333,780.5806546377825,2198.0
scanId=135055,2.250783333333,780.5967439893864,1690.0
scanId=135055,2.250783333333,780.6128334487042,1242.0
scanId=135055,2.250783333333,781.4336172604515,1100.0
scanId=135055,2.250783333333,781.4497153425713,1288.0
scanId=135055,2.250783333333,781.4658136481808,1421.0
scanId=135055,2.250783333333,781.4819120619469,1522.0
scanId=135055,2.250783333333,781.4980106991862,1578.0
scanId=135055,2.250783333333,781.5141094445987,1565.0
scanId=135055,2.250783333333,781.5302084134679,1604.0
scanId=135055,2.250783333333,781.5463074905264,1730.0
scanId=135055,2.250783333333,781.5624067910254,1755.0
scanId=135055,2.250783333333,781.5785061997301,1594.0
scanId=135055,2.250783333333,781.594605831859,1237.0
scanId=135055,2.250783333333,782.4320137034334,1019.0
scanId=135055,2.250783333333,782.4481220665864,1027.0
scanId=135055,2.250783333333,782.4642306527209,1048.0
scanId=135055,2.250783333333,783.4149290196932,1010.0
scanId=135055,2.250783333333,783.4310475547228,1334.0
scanId=135055,2.250783333333,783.4471661989094,1497.0
scanId=135055,2.250783333333,783.4632850655687,1419.0
scanId=135055,2.250783333333,783.4794040414015,1420.0
scanId=135055,2.250783333333,783.4955232396907,1467.0
scanId=135055,2.250783333333,783.5116425471698,1403.0
scanId=135055,2.250783333333,783.5277620770888,1093.0
scanId=135055,2.250783333333,784.4307188143285,1009.0
scanId=135055,2.250783333333,784.4468477395488,1025.0
scanId=135055,2.250783333333,785.3987495115715,1123.0
scanId=135055,2.250783333333,785.4148883861798,1321.0
scanId=135055,2.250783333333,785.4310274822593,1477.0
scanId=135055,2.250783333333,785.4471666885138,1446.0
scanId=135055,2.250783333333,785.4633061162231,1309.0
scanId=135055,2.250783333333,785.4794456541238,1235.0
scanId=135055,2.250783333333,785.4955854134628,1144.0
scanId=135055,2.250783333333,786.3835259813022,1085.0
scanId=135055,2.250783333333,786.3996750262767,1363.0
scanId=135055,2.250783333333,786.4158241819192,1622.0
scanId=135055,2.250783333333,786.4319735585235,1690.0
scanId=135055,2.250783333333,786.4481230458123,1472.0
scanId=135055,2.250783333333,786.4642727540466,1154.0
scanId=135055,2.250783333333,787.4012379493234,1031.0
scanId=135055,2.250783333333,787.4173973860005,1168.0
scanId=135055,2.250783333333,787.4335570431298,1273.0
scanId=135055,2.250783333333,787.4497168114534,1298.0
scanId=135055,2.250783333333,787.4658768002124,1191.0
scanId=135055,2.250783333333,788.5813145662565,1058.0
scanId=135055,2.250783333333,788.5974861620599,1149.0
scanId=135055,2.250783333333,788.6136578696496,1295.0
scanId=135055,2.250783333333,788.6298297970828,1423.0
scanId=135055,2.250783333333,788.646001836319,1302.0
scanId=135055,2.250783333333,788.662174095382,1013.0
scanId=135055,2.250783333333,789.4386362374017,1306.0
scanId=135055,2.250783333333,789.4548165677953,1549.0
scanId=135055,2.250783333333,789.4709971176043,1360.0
scanId=135055,2.250783333333,789.487177779644,1179.0
scanId=135055,2.250783333333,789.5033586610828,1221.0
scanId=135055,2.250783333333,789.5195396547689,1309.0
scanId=135055,2.250783333333,789.5357208678378,1468.0
scanId=135055,2.250783333333,789.5519021931701,1378.0
scanId=135055,2.250783333333,789.5680837378686,1204.0
scanId=135055,2.250783333333,789.5842653948473,1080.0
scanId=135055,2.250783333333,791.5434730649387,1207.0
scanId=135055,2.250783333333,791.5596749523422,1220.0
scanId=135055,2.250783333333,791.5758770580906,1150.0
scanId=135055,2.250783333333,791.5920792771406,1160.0
scanId=135055,2.250783333333,791.6082817145187,1174.0
scanId=135055,2.250783333333,791.624484265215,1083.0
scanId=135055,2.250783333333,792.4186136899705,1014.0
scanId=135055,2.250783333333,792.5807298307728,1077.0
scanId=135055,2.250783333333,792.5969423308586,1222.0
scanId=135055,2.250783333333,792.6131550487618,1283.0
scanId=135055,2.250783333333,792.6293678804941,1154.0
scanId=135055,2.250783333333,793.3915592633455,1034.0
scanId=135055,2.250783333333,793.4077800545895,1027.0
scanId=135055,2.250783333333,793.5213304425748,1206.0
scanId=135055,2.250783333333,793.5375525604042,1177.0
scanId=135055,2.250783333333,793.5537748955725,1080.0
scanId=135055,2.250783333333,793.5699973450483,1128.0
scanId=135055,2.250783333333,793.5862200118464,1111.0
scanId=135055,2.250783333333,793.6024427929684,1019.0
scanId=135055,2.250783333333,795.5178982190913,1098.0
scanId=135055,2.250783333333,795.5341407836797,1226.0
scanId=135055,2.250783333333,795.5503834635824,1258.0
scanId=135055,2.250783333333,795.5666263598006,1267.0
scanId=135055,2.250783333333,795.5828693713494,1152.0
scanId=135055,2.250783333333,796.4277357832343,1075.0
scanId=135055,2.250783333333,796.443987633458,1012.0
scanId=135055,2.250783333333,797.4031387951023,1062.0
scanId=135055,2.250783333333,797.4194005942212,1100.0
scanId=135055,2.250783333333,798.4442266444174,1195.0
scanId=135055,2.250783333333,798.4604990556911,1165.0
scanId=135055,2.250783333333,798.4767715837661,1006.0
scanId=135055,2.250783333333,799.4697108794554,1040.0
scanId=135055,2.250783333333,800.4469743808335,1032.0
scanId=135055,2.250783333333,800.4632671393373,1101.0
scanId=135055,2.250783333333,801.4900467523141,1059.0
scanId=135055,2.250783333333,801.6530881634088,1269.0
scanId=135055,2.250783333333,801.669393192829,1196.0
scanId=135055,2.250783333333,801.6856984354565,1005.0
scanId=135055,2.250783333333,803.398669183261,1081.0
scanId=135055,2.250783333333,803.4149920022697,1033.0
scanId=135055,2.250783333333,803.4313149405954,1006.0
scanId=135055,2.250783333333,803.447638091234,1036.0
scanId=135055,2.250783333333,803.463961361206,1048.0
scanId=135055,2.250783333333,803.4802848434747,1025.0
scanId=135055,2.250783333333,803.4966084450931,1170.0
scanId=135055,2.250783333333,803.5129322589914,1143.0
scanId=135055,2.250783333333,803.5292561922564,1197.0
scanId=135055,2.250783333333,803.5455803377845,1397.0
scanId=135055,2.250783333333,803.5619046026957,1455.0
scanId=135055,2.250783333333,803.5782290798537,1360.0
scanId=135055,2.250783333333,803.5945536764114,1241.0
scanId=135055,2.250783333333,803.6108784851992,1041.0
scanId=135055,2.250783333333,805.374931339082,1104.0
scanId=135055,2.250783333333,805.3912741761923,1363.0
scanId=135055,2.250783333333,805.4076172246212,1542.0
scanId=135055,2.250783333333,805.4239603933778,1572.0
scanId=135055,2.250783333333,805.4403037734364,1458.0
scanId=135055,2.250783333333,805.4566472738395,1412.0
scanId=135055,2.250783333333,805.472990985528,1499.0
scanId=135055,2.250783333333,805.4893348175776,1347.0
scanId=135055,2.250783333333,805.505678860896,1151.0
scanId=135055,2.250783333333,805.5710566014607,1137.0
scanId=135055,2.250783333333,805.5874014284493,1236.0
scanId=135055,2.250783333333,805.6037464666572,1241.0
scanId=135055,2.250783333333,805.6200916252924,1194.0
scanId=135055,2.250783333333,805.6364369951301,1188.0
scanId=135055,2.250783333333,805.6527824854116,1038.0
scanId=135055,2.250783333333,807.4354375065792,1150.0
scanId=135055,2.250783333333,807.4518012374142,1015.0
scanId=135055,2.250783333333,807.4845292410043,1014.0
scanId=135055,2.250783333333,809.4330392907098,1069.0
scanId=135055,2.250783333333,809.4494232519772,1169.0
scanId=135055,2.250783333333,809.4658074225058,1219.0
scanId=135055,2.250783333333,809.4821917154198,1459.0
scanId=135055,2.250783333333,809.4985762175781,1567.0
scanId=135055,2.250783333333,809.5149608421387,1416.0
scanId=135055,2.250783333333,809.5313456759269,1167.0
scanId=135055,2.250783333333,815.4570976020393,1002.0
scanId=135055,2.250783333333,815.473542460828,1201.0
scanId=135055,2.250783333333,815.489987445044,1368.0
scanId=135055,2.250783333333,815.5064326354625,1315.0
scanId=135055,2.250783333333,815.5228779513251,1206.0
scanId=135055,2.250783333333,815.5393234733734,1016.0
scanId=135055,2.250783333333,815.6544466092128,1189.0
scanId=135055,2.250783333333,815.6708934577804,1195.0
scanId=135055,2.250783333333,816.4769911586741,1015.0
scanId=135055,2.250783333333,817.4645918209906,1061.0
scanId=135055,2.250783333333,817.4810569091992,1017.0
scanId=135055,2.250783333333,820.5629394706796,1059.0
scanId=135055,2.250783333333,820.5794357320929,1002.0
scanId=135055,2.250783333333,821.4539738532275,1016.0
scanId=135055,2.250783333333,821.4704790686463,1005.0
scanId=135055,2.250783333333,823.4523065233566,1059.0
scanId=135055,2.250783333333,825.4365217729315,1391.0
scanId=135055,2.250783333333,825.453066914391,1854.0
scanId=135055,2.250783333333,825.4696122570201,2235.0
scanId=135055,2.250783333333,825.4861577301259,2517.0
scanId=135055,2.250783333333,825.5027034043849,2547.0
scanId=135055,2.250783333333,825.5192492091372,2230.0
scanId=135055,2.250783333333,825.5357952150259,1718.0
scanId=135055,2.250783333333,825.5523413514248,1285.0
scanId=135055,2.250783333333,826.4460799116579,1518.0
scanId=135055,2.250783333333,826.4626352031822,2095.0
scanId=135055,2.250783333333,826.4791906256838,2122.0
scanId=135055,2.250783333333,826.4957462488379,1871.0
scanId=135055,2.250783333333,826.5123020029861,1639.0
scanId=135055,2.250783333333,826.5288579577699,1434.0
scanId=135055,2.250783333333,826.5454140435646,1199.0
scanId=135055,2.250783333333,827.4562550980719,1170.0
scanId=135055,2.250783333333,827.4728204699695,1058.0
scanId=135055,2.250783333333,827.5059517455629,1015.0
scanId=135055,2.250783333333,831.4533093344613,1084.0
scanId=135055,2.250783333333,831.4699147020908,1487.0
scanId=135055,2.250783333333,831.4865202032195,1487.0
scanId=135055,2.250783333333,831.5031259024788,1149.0
scanId=135055,2.250783333333,833.4803861245049,1489.0
scanId=135055,2.250783333333,833.4970117215544,1540.0
scanId=135055,2.250783333333,833.5136374531228,1226.0
scanId=135055,2.250783333333,833.5302633818021,1037.0
scanId=135055,2.250783333333,833.546889445017,1039.0
scanId=135055,2.250783333333,833.5635157053262,1130.0
scanId=135055,2.250783333333,833.5801421001877,1177.0
scanId=135055,2.250783333333,833.5967686921267,1061.0
scanId=135055,2.250783333333,833.6133954186347,1012.0
scanId=135055,2.250783333333,833.6300223422036,1015.0
scanId=135055,2.250783333333,833.6466494003582,1060.0
scanId=135055,2.250783333333,833.6632766555571,1057.0
scanId=135055,2.250783333333,837.575276107298,1068.0
scanId=135055,2.250783333333,838.4921728724383,1004.0
scanId=135055,2.250783333333,839.5096813768494,1034.0
scanId=135055,2.250783333333,839.5263669988993,1155.0
scanId=135055,2.250783333333,839.5430527584957,1122.0
scanId=135055,2.250783333333,839.5597387121755,1153.0
scanId=135055,2.250783333333,839.5764248034183,1165.0
scanId=135055,2.250783333333,839.5931110887279,1036.0
scanId=135055,2.250783333333,842.4823317337928,1063.0
scanId=135055,2.250783333333,842.4990468708982,1105.0
scanId=135055,2.250783333333,842.5157621470398,1059.0
scanId=135055,2.250783333333,844.5228007377021,1069.0
scanId=135055,2.250783333333,844.5395361042275,1039.0
scanId=135055,2.250783333333,845.4434914421864,1004.0
scanId=135055,2.250783333333,846.4987171170618,1025.0
scanId=135055,2.250783333333,846.5657377931732,1004.0
scanId=135055,2.250783333333,847.4372480152391,1049.0
scanId=135055,2.250783333333,847.4540122335605,1382.0
scanId=135055,2.250783333333,847.4707765933966,1478.0
scanId=135055,2.250783333333,847.4875411433477,1392.0
scanId=135055,2.250783333333,847.5043058348305,1154.0
scanId=135055,2.250783333333,848.5775917706658,1066.0
scanId=135055,2.250783333333,848.5943672644014,1376.0
scanId=135055,2.250783333333,848.6111429002218,1310.0
scanId=135055,2.250783333333,848.6279187255873,1059.0
scanId=135055,2.250783333333,849.4669208200709,1034.0
scanId=135055,2.250783333333,855.4525991481114,1030.0
scanId=135055,2.250783333333,856.4803440018378,1153.0
scanId=135055,2.250783333333,856.497197428585,1208.0
scanId=135055,2.250783333333,856.5140510013558,1062.0
scanId=135055,2.250783333333,863.4549127271465,1063.0
scanId=135055,2.250783333333,873.5357256368644,1025.0
scanId=135055,2.250783333333,873.5867873187253,1009.0
scanId=135055,2.250783333333,877.4889009578774,1083.0
scanId=135055,2.250783333333,882.5284573836384,1022.0
scanId=135055,2.250783333333,882.5455651704701,1066.0
scanId=135055,2.250783333333,882.5626731161881,1025.0
scanId=135055,2.250783333333,883.520982917816,1207.0
scanId=135055,2.250783333333,883.5381003219131,1324.0
scanId=135055,2.250783333333,883.5552178853824,1337.0
scanId=135055,2.250783333333,883.5723356211092,1328.0
scanId=135055,2.250783333333,883.5894535162253,1220.0
scanId=135055,2.250783333333,883.606571583582,1028.0
scanId=135055,2.250783333333,885.5591178404694,1002.0
scanId=135055,2.250783333333,891.4640743746008,1235.0
scanId=135055,2.250783333333,891.4812685484327,1434.0
scanId=135055,2.250783333333,891.4984628906519,1418.0
scanId=135055,2.250783333333,891.5156573961303,1252.0
scanId=135055,2.250783333333,891.5328520699793,1006.0
scanId=135055,2.250783333333,896.526303853306,1138.0
scanId=135055,2.250783333333,896.5435467791847,1149.0
scanId=135055,2.250783333333,897.5611729090559,1005.0
scanId=135055,2.250783333333,899.4945256493701,1000.0
scanId=135055,2.250783333333,899.5117970968535,1063.0
scanId=135055,2.250783333333,899.5290687088248,1114.0
scanId=135055,2.250783333333,899.5463404879548,1076.0
scanId=135055,2.250783333333,905.4803431611834,1051.0
scanId=135055,2.250783333333,905.4976719835208,1178.0
scanId=135055,2.250783333333,905.5150009674536,1124.0
scanId=135055,2.250783333333,913.5387273695126,1029.0
scanId=135055,2.250783333333,913.556133133845,1114.0
scanId=135055,2.250783333333,920.5317359398272,1032.0
scanId=135055,2.250783333333,920.5492081878492,1252.0
scanId=135055,2.250783333333,920.5666806131284,1342.0
scanId=135055,2.250783333333,920.5841531927804,1181.0
scanId=135055,2.250783333333,921.4929561309804,1251.0
scanId=135055,2.250783333333,921.5104375107148,1503.0
scanId=135055,2.250783333333,921.5279190443724,1525.0
scanId=135055,2.250783333333,921.5454007557532,1354.0
scanId=135055,2.250783333333,921.5628826210404,1095.0
scanId=135055,2.250783333333,924.5197008589388,1002.0
scanId=135055,2.250783333333,927.481255042143,1050.0
scanId=135055,2.250783333333,927.4987931334232,1141.0
scanId=135055,2.250783333333,927.5163313757828,1075.0
scanId=135055,2.250783333333,927.5338697987096,1102.0
scanId=135055,2.250783333333,927.5514083726993,1014.0
scanId=135055,2.250783333333,929.5167787889598,1064.0
scanId=135055,2.250783333333,929.5343361157342,1132.0
scanId=135055,2.250783333333,929.5518935926242,1124.0
scanId=135055,2.250783333333,929.5694512510448,1025.0
scanId=135055,2.250783333333,935.531050936149,1006.0
scanId=135055,2.250783333333,937.5224855307856,1001.0
scanId=135055,2.250783333333,939.5336889638749,1203.0
scanId=135055,2.250783333333,939.5513406236386,1201.0
scanId=135055,2.250783333333,939.5689924696412,1138.0
scanId=135055,2.250783333333,939.5866444610348,1073.0
scanId=135055,2.250783333333,940.5577599212515,1105.0
scanId=135055,2.250783333333,940.5754211982804,1071.0
scanId=135055,2.250783333333,943.5271823273948,1073.0
scanId=135055,2.250783333333,943.5448714613298,1133.0
scanId=135055,2.250783333333,943.5625607833732,1065.0
scanId=135055,2.250783333333,944.5534268409097,1117.0
scanId=135055,2.250783333333,944.57112559211,1088.0
scanId=135055,2.250783333333,944.606523614728,1006.0
scanId=135055,2.250783333333,945.4739823713672,1638.0
scanId=135055,2.250783333333,945.4916897449434,3054.0
scanId=135055,2.250783333333,945.5093973075366,5183.0
scanId=135055,2.250783333333,945.5271050127424,6897.0
scanId=135055,2.250783333333,945.544812906982,7016.0
scanId=135055,2.250783333333,945.5625209438176,5901.0
scanId=135055,2.250783333333,945.5802291697034,4364.0
scanId=135055,2.250783333333,945.5979375381692,3166.0
scanId=135055,2.250783333333,945.6156460957012,2343.0
scanId=135055,2.250783333333,945.6333547957968,1764.0
scanId=135055,2.250783333333,945.6510636849754,1269.0
scanId=135055,2.250783333333,946.483567961716,1489.0
scanId=135055,2.250783333333,946.5012848104068,2794.0
scanId=135055,2.250783333333,946.5190018012482,4185.0
scanId=135055,2.250783333333,946.5367189815854,4612.0
scanId=135055,2.250783333333,946.5544363040568,3935.0
scanId=135055,2.250783333333,946.5721538160402,2855.0
scanId=135055,2.250783333333,946.5898714701416,2000.0
scanId=135055,2.250783333333,946.6075893137712,1449.0
scanId=135055,2.250783333333,946.6253072995022,1092.0
scanId=135055,2.250783333333,947.4936923218036,1110.0
scanId=135055,2.250783333333,947.5114185982804,1604.0
scanId=135055,2.250783333333,947.5291450647154,1996.0
scanId=135055,2.250783333333,947.546871672822,2195.0
scanId=135055,2.250783333333,947.5645984709032,2150.0
scanId=135055,2.250783333333,947.5823254106396,1800.0
scanId=135055,2.250783333333,947.6000525403672,1360.0
scanId=135055,2.250783333333,947.6177798117334,1093.0
scanId=135055,2.250783333333,954.5618553648382,1109.0
scanId=135055,2.250783333333,958.515810235653,1132.0
scanId=135055,2.250783333333,958.5336393173792,1251.0
scanId=135055,2.250783333333,958.5514685941675,1171.0
scanId=135055,2.250783333333,958.5692980075236,1099.0
scanId=135055,2.250783333333,958.587127615958,1049.0
scanId=135055,2.250783333333,959.5323333597862,1210.0
scanId=135055,2.250783333333,959.5501719226698,1576.0
scanId=135055,2.250783333333,959.5680106216616,1623.0
scanId=135055,2.250783333333,959.5858495161914,1469.0
scanId=135055,2.250783333333,959.6036885468126,1162.0
scanId=135055,2.250783333333,960.5493952596293,1211.0
scanId=135055,2.250783333333,960.567243244256,1386.0
scanId=135055,2.250783333333,960.5850914248812,1196.0
scanId=135055,2.250783333333,961.5134245313336,1201.0
scanId=135055,2.250783333333,961.531281469966,1386.0
scanId=135055,2.250783333333,961.5491386050396,1512.0
scanId=135055,2.250783333333,961.566995875302,1624.0
scanId=135055,2.250783333333,961.5848533420216,1502.0
scanId=135055,2.250783333333,961.6027109439138,1342.0
scanId=135055,2.250783333333,961.62056874228,1267.0
scanId=135055,2.250783333333,961.6384266758018,1129.0
scanId=135055,2.250783333333,962.5315355377272,1138.0
scanId=135055,2.250783333333,962.5494019588954,1068.0
scanId=135055,2.250783333333,963.4965587284084,1096.0
scanId=135055,2.250783333333,963.5144341040248,1670.0
scanId=135055,2.250783333333,963.5323096139282,1953.0
scanId=135055,2.250783333333,963.5501853211912,1947.0
scanId=135055,2.250783333333,963.568061162724,1877.0
scanId=135055,2.250783333333,963.5859372016332,1694.0
scanId=135055,2.250783333333,963.603813374796,1489.0
scanId=135055,2.250783333333,963.6216897453512,1209.0
scanId=135055,2.250783333333,964.5157189030244,1223.0
scanId=135055,2.250783333333,964.5336036985632,1651.0
scanId=135055,2.250783333333,964.55148869192,1845.0
scanId=135055,2.250783333333,964.5693738190888,1721.0
scanId=135055,2.250783333333,964.5872591440918,1332.0
scanId=135055,2.250783333333,965.535417791626,1157.0
scanId=135055,2.250783333333,965.553312071077,1080.0
scanId=135055,2.250783333333,967.4868685097596,1008.0
scanId=135055,2.250783333333,967.5047808305746,1250.0
scanId=135055,2.250783333333,967.5226933505672,1420.0
scanId=135055,2.250783333333,967.5406060030122,1509.0
scanId=135055,2.250783333333,967.5585188546504,1356.0
scanId=135055,2.250783333333,967.5764318387252,1138.0
scanId=135055,2.250783333333,967.59434502201,1023.0
scanId=135055,2.250783333333,968.5260581832426,1307.0
scanId=135055,2.250783333333,968.543980121323,1437.0
scanId=135055,2.250783333333,968.5619022590548,1191.0
scanId=135055,2.250783333333,969.529943024322,1002.0
scanId=135055,2.250783333333,971.5751725226648,1057.0
scanId=135055,2.250783333333,971.5931226492812,1002.0
scanId=135055,2.250783333333,972.544717597921,1169.0
scanId=135055,2.250783333333,972.5626766785432,1291.0
scanId=135055,2.250783333333,972.5806359606462,1043.0
scanId=135055,2.250783333333,977.5437314966564,1246.0
scanId=135055,2.250783333333,977.561736673826,1445.0
scanId=135055,2.250783333333,977.579742054742,1392.0
scanId=135055,2.250783333333,977.5977475635412,1171.0
scanId=135055,2.250783333333,979.5252971561398,1128.0
scanId=135055,2.250783333333,979.54332057295,1138.0
scanId=135055,2.250783333333,979.5613441944022,1213.0
scanId=135055,2.250783333333,979.5793679428424,1151.0
scanId=135055,2.250783333333,979.5973918959404,1018.0
scanId=135055,2.250783333333,979.6154159760104,1010.0
scanId=135055,2.250783333333,981.526910881779,1147.0
scanId=135055,2.250783333333,981.544952743766,1257.0
scanId=135055,2.250783333333,981.5629947318472,1215.0
scanId=135055,2.250783333333,981.5810369254802,1105.0
scanId=135055,2.250783333333,981.5990792451912,1003.0
scanId=135055,2.250783333333,982.5375094019852,1060.0
scanId=135055,2.250783333333,982.5555605500624,1087.0
scanId=135055,2.250783333333,983.5305677027826,1163.0
scanId=135055,2.250783333333,983.5486279305048,1248.0
scanId=135055,2.250783333333,983.5666883646718,1270.0
scanId=135055,2.250783333333,983.584748924024,1260.0
scanId=135055,2.250783333333,983.602809689837,1095.0
scanId=135055,2.250783333333,985.5181890713992,1685.0
scanId=135055,2.250783333333,985.5362675387622,2540.0
scanId=135055,2.250783333333,985.5543462134624,3197.0
scanId=135055,2.250783333333,985.5724250124556,3338.0
scanId=135055,2.250783333333,985.5905040188017,3009.0
scanId=135055,2.250783333333,985.6085831494244,2421.0
scanId=135055,2.250783333333,985.626662487417,1773.0
scanId=135055,2.250783333333,985.6447419496697,1367.0
scanId=135055,2.250783333333,985.662821619308,1160.0
scanId=135055,2.250783333333,985.6809014131906,1059.0
scanId=135055,2.250783333333,986.5308397674564,1254.0
scanId=135055,2.250783333333,986.5489275204552,1864.0
scanId=135055,2.250783333333,986.5670154812444,2204.0
scanId=135055,2.250783333333,986.5851035658732,2091.0
scanId=135055,2.250783333333,986.6031918583084,1657.0
scanId=135055,2.250783333333,986.6212802745667,1230.0
scanId=135055,2.250783333333,987.5259135565672,1052.0
scanId=135055,2.250783333333,987.5440104717997,1381.0
scanId=135055,2.250783333333,987.5621075104336,1525.0
scanId=135055,2.250783333333,987.580204757312,1426.0
scanId=135055,2.250783333333,987.5983021275758,1273.0
scanId=135055,2.250783333333,987.6163997061002,1169.0
scanId=135055,2.250783333333,988.5758075086906,1010.0
scanId=135055,2.250783333333,989.571911905314,1050.0
scanId=135055,2.250783333333,989.5900275152188,1001.0
scanId=135055,2.250783333333,991.5474917348132,1040.0
scanId=135055,2.250783333333,991.565625462753,1220.0
scanId=135055,2.250783333333,991.5837593122988,1207.0
scanId=135055,2.250783333333,991.6018933718844,1037.0
scanId=135055,2.250783333333,993.5431934611051,1009.0
scanId=135055,2.250783333333,993.561345429574,1013.0
scanId=135055,2.250783333333,993.5794975187608,1008.0
scanId=135055,2.250783333333,995.595412675191,1081.0
scanId=135055,2.250783333333,995.613583335649,1065.0
scanId=135055,2.250783333333,997.522427904774,1178.0
scanId=135055,2.250783333333,997.5406161416132,1460.0
scanId=135055,2.250783333333,997.5588045911368,1674.0
scanId=135055,2.250783333333,997.5769931596056,1763.0
scanId=135055,2.250783333333,997.5951819407752,1624.0
scanId=135055,2.250783333333,997.613370840874,1246.0
scanId=135055,2.250783333333,1000.5439500002984,1012.0
scanId=135055,2.250783333333,1000.562165762414,1017.0
scanId=135055,2.250783333333,1001.5460644589708,1080.0
scanId=135055,2.250783333333,1001.5642893895454,1251.0
scanId=135055,2.250783333333,1001.5825144372964,1341.0
scanId=135055,2.250783333333,1001.6007396995168,1340.0
scanId=135055,2.250783333333,1001.6189650788976,1324.0
scanId=135055,2.250783333333,1001.6371906727638,1392.0
scanId=135055,2.250783333333,1001.6554163837744,1405.0
scanId=135055,2.250783333333,1001.6736423092864,1217.0
scanId=135055,2.250783333333,1002.5486805685516,1068.0
scanId=135055,2.250783333333,1002.5669145703082,1400.0
scanId=135055,2.250783333333,1002.5851487869676,1463.0
scanId=135055,2.250783333333,1002.603383120354,1340.0
scanId=135055,2.250783333333,1002.6216176686592,1342.0
scanId=135055,2.250783333333,1002.6398523336752,1407.0
scanId=135055,2.250783333333,1002.6580872136266,1268.0
scanId=135055,2.250783333333,1003.5153124361084,1159.0
scanId=135055,2.250783333333,1003.5335552755608,1545.0
scanId=135055,2.250783333333,1003.5517982313228,1826.0
scanId=135055,2.250783333333,1003.570041402421,1903.0
scanId=135055,2.250783333333,1003.5882846898128,1690.0
scanId=135055,2.250783333333,1003.606528192557,1376.0
scanId=135055,2.250783333333,1003.6247718115789,1062.0
scanId=135055,2.250783333333,1007.5144471441176,1076.0
scanId=135055,2.250783333333,1007.532726247532,1387.0
scanId=135055,2.250783333333,1007.5510055680288,1511.0
scanId=135055,2.250783333333,1007.569285003073,1487.0
scanId=135055,2.250783333333,1007.5875646552156,1520.0
scanId=135055,2.250783333333,1007.6058444218896,1260.0
scanId=135055,2.250783333333,1008.5383337318308,1013.0
scanId=135055,2.250783333333,1008.5566221208808,1290.0
scanId=135055,2.250783333333,1008.5749107274607,1498.0
scanId=135055,2.250783333333,1008.5931994481402,1407.0
scanId=135055,2.250783333333,1008.6114883863662,1080.0
scanId=135055,2.250783333333,1009.5078481942209,1003.0
scanId=135055,2.250783333333,1009.5261454235924,1361.0
scanId=135055,2.250783333333,1009.5444427666476,1537.0
scanId=135055,2.250783333333,1009.5627403276648,1461.0
scanId=135055,2.250783333333,1009.5810380023498,1269.0
scanId=135055,2.250783333333,1009.5993358950128,1051.0
scanId=135055,2.250783333333,1011.5764814961528,1080.0
scanId=135055,2.250783333333,1011.594797410479,1085.0
scanId=135055,2.250783333333,1011.6131135436614,1025.0
scanId=135055,2.250783333333,1014.6742294369274,1032.0
scanId=135055,2.250783333333,1014.6925734283552,1002.0
scanId=135055,2.250783333333,1019.5595682106036,1187.0
scanId=135055,2.250783333333,1019.5779563109148,1224.0
scanId=135055,2.250783333333,1019.5963445205452,1180.0
scanId=135055,2.250783333333,1019.6147329525024,1109.0
scanId=135055,2.250783333333,1024.585668436173,1056.0
scanId=135055,2.250783333333,1025.5628639578874,1142.0
scanId=135055,2.250783333333,1025.5813061164445,1410.0
scanId=135055,2.250783333333,1025.5997483817382,1687.0
scanId=135055,2.250783333333,1025.618190871941,1568.0
scanId=135055,2.250783333333,1025.6366334688646,1230.0
scanId=135055,2.250783333333,1026.577427324543,1219.0
scanId=135055,2.250783333333,1026.5958785438424,1288.0
scanId=135055,2.250783333333,1026.6143299884773,1340.0
scanId=135055,2.250783333333,1026.6327815394063,1255.0
scanId=135055,2.250783333333,1027.5371121513642,1054.0
scanId=135055,2.250783333333,1027.5555719930394,1341.0
scanId=135055,2.250783333333,1027.574032060461,1333.0
scanId=135055,2.250783333333,1027.5924922337658,1230.0
scanId=135055,2.250783333333,1027.6109526328326,1052.0
scanId=135055,2.250783333333,1028.5711203241892,1022.0
scanId=135055,2.250783333333,1029.568692115721,1068.0
scanId=135055,2.250783333333,1029.5871701970373,1155.0
scanId=135055,2.250783333333,1029.6056485049671,1052.0
scanId=135055,2.250783333333,1030.5852344703687,1125.0
scanId=135055,2.250783333333,1030.6037217327298,1259.0
scanId=135055,2.250783333333,1030.6222090996814,1303.0
scanId=135055,2.250783333333,1030.6406966936888,1194.0
scanId=135055,2.250783333333,1030.6591843922702,1011.0
scanId=135055,2.250783333333,1031.5837822714875,1103.0
scanId=135055,2.250783333333,1031.6022784882794,1115.0
scanId=135055,2.250783333333,1031.6207748092363,1027.0
scanId=135055,2.250783333333,1033.5823284570508,1161.0
scanId=135055,2.250783333333,1033.6008425827033,1234.0
scanId=135055,2.250783333333,1033.6193568116717,1151.0
scanId=135055,2.250783333333,1033.63787126897,1013.0
scanId=135055,2.250783333333,1045.5583582937088,1073.0
scanId=135055,2.250783333333,1047.6076676080756,1053.0
scanId=135055,2.250783333333,1047.6263068614924,1180.0
scanId=135055,2.250783333333,1047.6449463491342,1012.0
scanId=135055,2.250783333333,1049.58435487744,1040.0
scanId=135055,2.250783333333,1051.61892907289,1007.0
scanId=135055,2.250783333333,1055.5255955255388,1028.0
scanId=135055,2.250783333333,1055.600434899607,1026.0
scanId=135055,2.250783333333,1055.6191451218087,1086.0
scanId=135055,2.250783333333,1105.6305869225887,1059.0
scanId=135055,2.250783333333,1105.6497354853311,1141.0
scanId=135055,2.250783333333,1289.7027469242444,1078.0
scanId=135055,2.250783333333,1579.3354456689829,1043.0
scanId=135055,2.250783333333,1579.3583314424557,1085.0
scanId=135055,2.250783333333,1579.3812175947612,1012.0
scanId=135055,2.250783333333,1817.4906657619315,1004.0
scanId=135055,2.250783333333,1817.5152167177364,1067.0
scanId=135055,2.250783333333,1832.4728249115967,1064.0
scanId=135055,2.250783333333,2410.6103868453165,1006.0
