ScanNumber,RetentionTime,m/z,Intensity
scanId=241905,4.031616666667,102.1224760169524,1526.0
scanId=241905,4.031616666667,102.12829562159484,1729.0
scanId=241905,4.031616666667,102.13411539205212,1379.0
scanId=241905,4.031616666667,102.13993532832436,1016.0
scanId=241905,4.031616666667,118.10765097344292,1173.0
scanId=241905,4.031616666667,118.11390949017392,4951.0
scanId=241905,4.031616666667,118.12016852331502,7570.0
scanId=241905,4.031616666667,118.12642737167585,6570.0
scanId=241905,4.031616666667,118.1326867363697,4495.0
scanId=241905,4.031616666667,118.13894591636036,2961.0
scanId=241905,4.031616666667,118.145205612607,2031.0
scanId=241905,4.031616666667,118.15146512422751,1426.0
scanId=241905,4.031616666667,118.15772515202696,1011.0
scanId=241905,4.031616666667,118.91639088274262,1199.0
scanId=241905,4.031616666667,118.92267113527572,1157.0
scanId=241905,4.031616666667,127.11657717800676,1394.0
scanId=241905,4.031616666667,127.12307028913428,1776.0
scanId=241905,4.031616666667,127.1295632681597,1409.0
scanId=241905,4.031616666667,138.11642444615794,1907.0
scanId=241905,4.031616666667,138.12319234631775,3697.0
scanId=241905,4.031616666667,138.12996065258886,3915.0
scanId=241905,4.031616666667,138.13672888437856,2998.0
scanId=241905,4.031616666667,138.14349752221278,2045.0
scanId=241905,4.031616666667,138.1502660856323,1380.0
scanId=241905,4.031616666667,158.89762839464922,1007.0
scanId=241905,4.031616666667,158.90488775291522,1103.0
scanId=241905,4.031616666667,164.9059155347579,1389.0
scanId=241905,4.031616666667,164.9133108382317,4057.0
scanId=241905,4.031616666667,164.92070618204218,6101.0
scanId=241905,4.031616666667,164.92810181709092,6116.0
scanId=241905,4.031616666667,164.93549749253123,4768.0
scanId=241905,4.031616666667,164.94289345915482,3272.0
scanId=241905,4.031616666667,164.95028946622497,2128.0
scanId=241905,4.031616666667,164.9576857644235,1430.0
scanId=241905,4.031616666667,164.96508210312354,1016.0
scanId=241905,4.031616666667,175.1242842162452,1080.0
scanId=241905,4.031616666667,186.9073293454024,1203.0
scanId=241905,4.031616666667,186.9152024543046,1151.0
scanId=241905,4.031616666667,219.1627325119463,1724.0
scanId=241905,4.031616666667,219.1712578550992,2769.0
scanId=241905,4.031616666667,219.17978339339248,2466.0
scanId=241905,4.031616666667,219.18830906813864,1723.0
scanId=241905,4.031616666667,219.19683493806173,1169.0
scanId=241905,4.031616666667,243.1174516148579,1009.0
scanId=241905,4.031616666667,247.1838828812596,1272.0
scanId=241905,4.031616666667,247.1929367902972,1138.0
scanId=241905,4.031616666667,261.11869036407563,1046.0
scanId=241905,4.031616666667,261.1279959594376,1593.0
scanId=241905,4.031616666667,261.13730182273605,1429.0
scanId=241905,4.031616666667,261.14660774970207,1056.0
scanId=241905,4.031616666667,269.1827910343247,1135.0
scanId=241905,4.031616666667,269.1922392198792,1362.0
scanId=241905,4.031616666667,269.20168768400737,1152.0
scanId=241905,4.031616666667,284.327555542934,1344.0
scanId=241905,4.031616666667,284.33726599463296,1292.0
scanId=241905,4.031616666667,289.14467732342854,1231.0
scanId=241905,4.031616666667,289.15446968769714,1695.0
scanId=241905,4.031616666667,289.164262082482,1598.0
scanId=241905,4.031616666667,289.17405477838054,1293.0
scanId=241905,4.031616666667,303.27695965139907,1200.0
scanId=241905,4.031616666667,303.2869884677412,1084.0
scanId=241905,4.031616666667,304.25051973208593,1237.0
scanId=241905,4.031616666667,304.2605644833393,1516.0
scanId=241905,4.031616666667,304.27060954954334,1430.0
scanId=241905,4.031616666667,304.2806546324098,1768.0
scanId=241905,4.031616666667,304.29070003024367,2311.0
scanId=241905,4.031616666667,304.3007454447232,2152.0
scanId=241905,4.031616666667,304.31079117418693,1563.0
scanId=241905,4.031616666667,304.32083692027953,1068.0
scanId=241905,4.031616666667,305.14515847030395,1287.0
scanId=241905,4.031616666667,305.1552181282208,1470.0
scanId=241905,4.031616666667,305.1652778020669,1284.0
scanId=241905,4.031616666667,305.1753377916136,1110.0
scanId=241905,4.031616666667,305.2960697000758,1038.0
scanId=241905,4.031616666667,306.8576694483737,1303.0
scanId=241905,4.031616666667,306.8677572948266,1257.0
scanId=241905,4.031616666667,331.1892409601587,1266.0
scanId=241905,4.031616666667,331.1997211247082,1539.0
scanId=241905,4.031616666667,331.2102012870541,1329.0
scanId=241905,4.031616666667,331.2626050900266,1477.0
scanId=241905,4.031616666667,331.2730862472257,1582.0
scanId=241905,4.031616666667,331.2835677382945,1280.0
scanId=241905,4.031616666667,332.26956035024017,1156.0
scanId=241905,4.031616666667,332.28005742509566,1078.0
scanId=241905,4.031616666667,335.16252600377885,1581.0
scanId=241905,4.031616666667,335.17306884636747,8137.0
scanId=241905,4.031616666667,335.1836116845284,19727.0
scanId=241905,4.031616666667,335.1941548587468,25796.0
scanId=241905,4.031616666667,335.2046980285262,22677.0
scanId=241905,4.031616666667,335.21524153437446,16190.0
scanId=241905,4.031616666667,335.22578503577205,10822.0
scanId=241905,4.031616666667,335.2363288732502,7342.0
scanId=241905,4.031616666667,335.2468727062663,4967.0
scanId=241905,4.031616666667,335.2574168753742,3260.0
scanId=241905,4.031616666667,335.26796104000863,2145.0
scanId=241905,4.031616666667,335.27850554074644,1398.0
scanId=241905,4.031616666667,336.17538682380933,1944.0
scanId=241905,4.031616666667,336.18594558463013,4421.0
scanId=241905,4.031616666667,336.19650434047736,5691.0
scanId=241905,4.031616666667,336.20706343292807,4882.0
scanId=241905,4.031616666667,336.2176225203939,3470.0
scanId=241905,4.031616666667,336.2281819444744,2445.0
scanId=241905,4.031616666667,336.2387413635587,1695.0
scanId=241905,4.031616666667,336.2493011192689,1155.0
scanId=241905,4.031616666667,337.1897757681102,1226.0
scanId=241905,4.031616666667,337.20035044716315,1417.0
scanId=241905,4.031616666667,337.2109251207046,1341.0
scanId=241905,4.031616666667,337.22150013138736,1154.0
scanId=241905,4.031616666667,339.18071397180114,1219.0
scanId=241905,4.031616666667,339.1913198240587,2844.0
scanId=241905,4.031616666667,339.20192566977306,3860.0
scanId=241905,4.031616666667,339.21253185366044,3418.0
scanId=241905,4.031616666667,339.2231380309938,2438.0
scanId=241905,4.031616666667,339.2337445465112,1693.0
scanId=241905,4.031616666667,339.24435105546354,1183.0
scanId=241905,4.031616666667,340.19962361921824,1082.0
scanId=241905,4.031616666667,340.21024538970795,1246.0
scanId=241905,4.031616666667,340.22086715313884,1014.0
scanId=241905,4.031616666667,347.1923412792655,1017.0
scanId=241905,4.031616666667,349.1695064744487,1270.0
scanId=241905,4.031616666667,349.18026718659985,1790.0
scanId=241905,4.031616666667,349.191028241621,1609.0
scanId=241905,4.031616666667,349.20178928539264,1154.0
scanId=241905,4.031616666667,357.1560706344106,1218.0
scanId=241905,4.031616666667,357.1669537147531,2060.0
scanId=241905,4.031616666667,357.1778371411838,2331.0
scanId=241905,4.031616666667,357.188720553148,1975.0
scanId=241905,4.031616666667,357.1996043112086,1721.0
scanId=241905,4.031616666667,357.21048805479467,1713.0
scanId=241905,4.031616666667,357.22137214448503,1682.0
scanId=241905,4.031616666667,357.2322562196927,1379.0
scanId=241905,4.031616666667,357.2431406410129,1035.0
scanId=241905,4.031616666667,368.3983389539606,1756.0
scanId=241905,4.031616666667,368.4093921748676,4281.0
scanId=241905,4.031616666667,368.4204453775416,5738.0
scanId=241905,4.031616666667,368.4314989300784,5025.0
scanId=241905,4.031616666667,368.4425524643756,3558.0
scanId=241905,4.031616666667,368.4536063485422,2402.0
scanId=241905,4.031616666667,368.4646602144627,1651.0
scanId=241905,4.031616666667,368.4757144302593,1102.0
scanId=241905,4.031616666667,369.4048527799566,1000.0
scanId=241905,4.031616666667,369.41592090568014,1690.0
scanId=241905,4.031616666667,369.4269893815596,1996.0
scanId=241905,4.031616666667,369.4380578389065,1712.0
scanId=241905,4.031616666667,369.4491266464157,1255.0
scanId=241905,4.031616666667,379.2090145233705,1431.0
scanId=241905,4.031616666667,379.22022856366925,3136.0
scanId=241905,4.031616666667,379.2314429566768,4422.0
scanId=241905,4.031616666667,379.2426573286002,4394.0
scanId=241905,4.031616666667,379.2538720532376,3463.0
scanId=241905,4.031616666667,379.2650867567857,2494.0
scanId=241905,4.031616666667,379.2763018130529,1810.0
scanId=241905,4.031616666667,379.2875168482257,1262.0
scanId=241905,4.031616666667,389.2438286628799,1007.0
scanId=241905,4.031616666667,393.1962378804071,1862.0
scanId=241905,4.031616666667,393.2076568652948,2167.0
scanId=241905,4.031616666667,393.2190762055412,1763.0
scanId=241905,4.031616666667,393.2304955220555,1293.0
scanId=241905,4.031616666667,393.2419151939318,1114.0
scanId=241905,4.031616666667,400.2387575187332,1058.0
scanId=241905,4.031616666667,401.2070902701337,1155.0
scanId=241905,4.031616666667,401.21862499280303,1430.0
scanId=241905,4.031616666667,401.2301600718624,1515.0
scanId=241905,4.031616666667,401.241695126159,1508.0
scanId=241905,4.031616666667,401.2532305368484,1296.0
scanId=241905,4.031616666667,401.2647659227724,1154.0
scanId=241905,4.031616666667,416.236613010136,1888.0
scanId=241905,4.031616666667,416.2483619904399,2868.0
scanId=241905,4.031616666667,416.2601109449224,2745.0
scanId=241905,4.031616666667,416.27186025685614,2045.0
scanId=241905,4.031616666667,416.2836095429678,1413.0
scanId=241905,4.031616666667,416.29535918653136,1026.0
scanId=241905,4.031616666667,416.7419648695456,1092.0
scanId=241905,4.031616666667,416.7537207882381,1279.0
scanId=241905,4.031616666667,416.76547706439845,1139.0
scanId=241905,4.031616666667,419.249739631675,1229.0
scanId=241905,4.031616666667,419.261531060598,1735.0
scanId=241905,4.031616666667,419.273322463616,1693.0
scanId=241905,4.031616666667,419.285114224169,1284.0
scanId=241905,4.031616666667,420.21717961381046,1501.0
scanId=241905,4.031616666667,420.2289846395568,7034.0
scanId=241905,4.031616666667,420.2407896393799,16015.0
scanId=241905,4.031616666667,420.252594996756,22776.0
scanId=241905,4.031616666667,420.2644003282086,22336.0
scanId=241905,4.031616666667,420.2762060172147,17362.0
scanId=241905,4.031616666667,420.2880116802967,12056.0
scanId=241905,4.031616666667,420.2998177009325,8189.0
scanId=241905,4.031616666667,420.311623695644,5577.0
scanId=241905,4.031616666667,420.32343004790965,3861.0
scanId=241905,4.031616666667,420.3352363742506,2697.0
scanId=241905,4.031616666667,420.347043058146,1785.0
scanId=241905,4.031616666667,420.3588497161164,1253.0
scanId=241905,4.031616666667,420.7249414251946,2551.0
scanId=241905,4.031616666667,420.7367533892367,7882.0
scanId=241905,4.031616666667,420.7485657108394,14351.0
scanId=241905,4.031616666667,420.7603780065109,16670.0
scanId=241905,4.031616666667,420.7721906597434,13862.0
scanId=241905,4.031616666667,420.7840032870446,9835.0
scanId=241905,4.031616666667,420.795816271907,6713.0
scanId=241905,4.031616666667,420.8076292308375,4563.0
scanId=241905,4.031616666667,420.81944254732974,3088.0
scanId=241905,4.031616666667,420.8312558378898,2086.0
scanId=241905,4.031616666667,420.8430694860118,1445.0
scanId=241905,4.031616666667,421.23300963646034,1411.0
scanId=241905,4.031616666667,421.2448289222896,3432.0
scanId=241905,4.031616666667,421.2566481821812,4964.0
scanId=241905,4.031616666667,421.2684677996404,5010.0
scanId=241905,4.031616666667,421.2802873911616,4095.0
scanId=241905,4.031616666667,421.29210734025054,2992.0
scanId=241905,4.031616666667,421.3039272634013,2122.0
scanId=241905,4.031616666667,421.31574754412,1521.0
scanId=241905,4.031616666667,421.32756779890025,1094.0
scanId=241905,4.031616666667,425.20171488014176,1163.0
scanId=241905,4.031616666667,425.2135895222029,1295.0
scanId=241905,4.031616666667,425.2254645218448,1024.0
scanId=241905,4.031616666667,429.26061271782015,1533.0
scanId=241905,4.031616666667,429.27254409453417,1677.0
scanId=241905,4.031616666667,429.2844754453544,1429.0
scanId=241905,4.031616666667,429.29640715369817,1192.0
scanId=241905,4.031616666667,429.3083388361488,1036.0
scanId=241905,4.031616666667,437.2194817693388,1932.0
scanId=241905,4.031616666667,437.2315232471585,2616.0
scanId=241905,4.031616666667,437.2435646993949,2339.0
scanId=241905,4.031616666667,437.2556065088445,2025.0
scanId=241905,4.031616666667,437.267648292712,1893.0
scanId=241905,4.031616666667,437.27969043379136,1738.0
scanId=241905,4.031616666667,437.29173254929015,1429.0
scanId=241905,4.031616666667,437.30377502199934,1052.0
scanId=241905,4.031616666667,440.2591541375484,1081.0
scanId=241905,4.031616666667,440.2712374007275,1248.0
scanId=241905,4.031616666667,440.2833206385088,1287.0
scanId=241905,4.031616666667,440.2954042333178,1088.0
scanId=241905,4.031616666667,441.2505245512139,1507.0
scanId=241905,4.031616666667,441.26262141121634,3035.0
scanId=241905,4.031616666667,441.2747182458893,6330.0
scanId=241905,4.031616666667,441.2868154375217,9214.0
scanId=241905,4.031616666667,441.2989126038262,9405.0
scanId=241905,4.031616666667,441.31101012708825,7331.0
scanId=241905,4.031616666667,441.3231076250244,4971.0
scanId=241905,4.031616666667,441.3352054799163,3431.0
scanId=241905,4.031616666667,441.3473033094839,2534.0
scanId=241905,4.031616666667,441.35940149600566,1774.0
scanId=241905,4.031616666667,441.3714996572048,1134.0
scanId=241905,4.031616666667,442.2793415841175,1789.0
scanId=241905,4.031616666667,442.29145234731766,2724.0
scanId=241905,4.031616666667,442.303563467403,2983.0
scanId=241905,4.031616666667,442.3156745622349,2468.0
scanId=241905,4.031616666667,442.32778601395006,1854.0
scanId=241905,4.031616666667,442.33989744041344,1364.0
scanId=241905,4.031616666667,443.3214814905417,1146.0
scanId=241905,4.031616666667,443.3336065139048,1136.0
scanId=241905,4.031616666667,445.3000650298436,1009.0
scanId=241905,4.031616666667,448.2701046073973,1610.0
scanId=241905,4.031616666667,448.2822973084224,2648.0
scanId=241905,4.031616666667,448.2944899847084,3022.0
scanId=241905,4.031616666667,448.3066830173634,2581.0
scanId=241905,4.031616666667,448.31887602528167,1852.0
scanId=241905,4.031616666667,448.3310693895665,1332.0
scanId=241905,4.031616666667,448.7823368159646,1778.0
scanId=241905,4.031616666667,448.7945364812163,2182.0
scanId=241905,4.031616666667,448.8067361217792,1997.0
scanId=241905,4.031616666667,448.8189361186607,1523.0
scanId=241905,4.031616666667,448.8311360908558,1130.0
scanId=241905,4.031616666667,472.2606596200192,1318.0
scanId=241905,4.031616666667,472.2731743336156,2878.0
scanId=241905,4.031616666667,472.285689025798,3891.0
scanId=241905,4.031616666667,472.2982040710244,3426.0
scanId=241905,4.031616666667,472.310719094841,2447.0
scanId=241905,4.031616666667,472.3232344716971,1683.0
scanId=241905,4.031616666667,472.3357498271481,1146.0
scanId=241905,4.031616666667,472.78641642684255,1099.0
scanId=241905,4.031616666667,472.7989381046655,1056.0
scanId=241905,4.031616666667,473.3249943752112,1150.0
scanId=241905,4.031616666667,473.3375229960354,1484.0
scanId=241905,4.031616666667,473.35005196971474,1474.0
scanId=241905,4.031616666667,473.3625809221734,1143.0
scanId=241905,4.031616666667,481.2383052801943,1455.0
scanId=241905,4.031616666667,481.2509383856423,2445.0
scanId=241905,4.031616666667,481.26357147139305,2452.0
scanId=241905,4.031616666667,481.2762049084709,1952.0
scanId=241905,4.031616666667,481.2888383258567,1474.0
scanId=241905,4.031616666667,481.3014720945644,1121.0
scanId=241905,4.031616666667,487.3466389827698,1036.0
scanId=241905,4.031616666667,487.3593520110084,1245.0
scanId=241905,4.031616666667,487.3720650208514,1183.0
scanId=241905,4.031616666667,487.3847783807199,1073.0
scanId=241905,4.031616666667,487.39749172219854,1042.0
scanId=241905,4.031616666667,492.3939301886994,1302.0
scanId=241905,4.031616666667,492.4067088796457,1219.0
scanId=241905,4.031616666667,493.3016228925412,1034.0
scanId=241905,4.031616666667,501.37951678132345,1154.0
scanId=241905,4.031616666667,501.3924115427124,1723.0
scanId=241905,4.031616666667,501.4053062890778,1903.0
scanId=241905,4.031616666667,501.41820138209664,1548.0
scanId=241905,4.031616666667,501.43109646009856,1067.0
scanId=241905,4.031616666667,515.3893026667076,1091.0
scanId=241905,4.031616666667,515.4023761654051,2020.0
scanId=241905,4.031616666667,515.4154500069059,2969.0
scanId=241905,4.031616666667,515.4285238372408,3107.0
scanId=241905,4.031616666667,515.4415980103714,2537.0
scanId=241905,4.031616666667,515.4546721723439,1838.0
scanId=241905,4.031616666667,515.4677466771043,1354.0
scanId=241905,4.031616666667,515.4808211707142,1008.0
scanId=241905,4.031616666667,516.5142372256179,1415.0
scanId=241905,4.031616666667,516.5273249847274,1572.0
scanId=241905,4.031616666667,516.5404130863111,1315.0
scanId=241905,4.031616666667,523.3027719138431,1625.0
scanId=241905,4.031616666667,523.3159455759245,2327.0
scanId=241905,4.031616666667,523.3291192292103,2310.0
scanId=241905,4.031616666667,523.3422932229216,1796.0
scanId=241905,4.031616666667,523.3554672078453,1225.0
scanId=241905,4.031616666667,524.3044361750754,1132.0
scanId=241905,4.031616666667,524.3176224390907,1271.0
scanId=241905,4.031616666667,524.3308086946201,1103.0
scanId=241905,4.031616666667,525.2674629401436,2018.0
scanId=241905,4.031616666667,525.2806611346432,2648.0
scanId=241905,4.031616666667,525.2938596689623,2782.0
scanId=241905,4.031616666667,525.3070581951,2290.0
scanId=241905,4.031616666667,525.320257061049,1773.0
scanId=241905,4.031616666667,525.3334559188247,1507.0
scanId=241905,4.031616666667,525.3466551164037,1235.0
scanId=241905,4.031616666667,525.3598543058174,1004.0
scanId=241905,4.031616666667,529.4066214761406,1419.0
scanId=241905,4.031616666667,529.4198717447142,2272.0
scanId=241905,4.031616666667,529.4331220064133,2588.0
scanId=241905,4.031616666667,529.4463726066169,2367.0
scanId=241905,4.031616666667,529.4596231999545,1982.0
scanId=241905,4.031616666667,529.472874131788,1465.0
scanId=241905,4.031616666667,529.4861250567639,1059.0
scanId=241905,4.031616666667,530.427370774563,1262.0
scanId=241905,4.031616666667,530.4406336385205,1528.0
scanId=241905,4.031616666667,530.4538968406579,1421.0
scanId=241905,4.031616666667,530.4671600362535,1090.0
scanId=241905,4.031616666667,531.3694522037947,1107.0
scanId=241905,4.031616666667,531.3827270129764,1577.0
scanId=241905,4.031616666667,531.3960018159173,1642.0
scanId=241905,4.031616666667,531.4092769567288,1567.0
scanId=241905,4.031616666667,531.4225520913084,1386.0
scanId=241905,4.031616666667,531.4358275637496,1127.0
scanId=241905,4.031616666667,543.4374811921109,1682.0
scanId=241905,4.031616666667,543.4509058979786,2196.0
scanId=241905,4.031616666667,543.4643306016657,1942.0
scanId=241905,4.031616666667,543.4777556391632,1450.0
scanId=241905,4.031616666667,543.4911806744894,1089.0
scanId=241905,4.031616666667,544.2835562947967,1064.0
scanId=241905,4.031616666667,544.2969912792989,1326.0
scanId=241905,4.031616666667,544.3104265973215,1274.0
scanId=241905,4.031616666667,555.2881393533419,1215.0
scanId=241905,4.031616666667,555.301709644708,1156.0
scanId=241905,4.031616666667,559.2713041525108,1319.0
scanId=241905,4.031616666667,559.2849228653672,1919.0
scanId=241905,4.031616666667,559.2985419063191,2153.0
scanId=241905,4.031616666667,559.3121609508155,2860.0
scanId=241905,4.031616666667,559.3257803233972,5059.0
scanId=241905,4.031616666667,559.3393996995338,8064.0
scanId=241905,4.031616666667,559.3530194037454,8999.0
scanId=241905,4.031616666667,559.3666391115217,7388.0
scanId=241905,4.031616666667,559.3802591473632,5255.0
scanId=241905,4.031616666667,559.3938791867797,3531.0
scanId=241905,4.031616666667,559.407499554251,2479.0
scanId=241905,4.031616666667,559.4211199253074,1731.0
scanId=241905,4.031616666667,559.4347406244084,1194.0
scanId=241905,4.031616666667,560.3204363911335,1322.0
scanId=241905,4.031616666667,560.3340680340192,2666.0
scanId=241905,4.031616666667,560.347699680838,3735.0
scanId=241905,4.031616666667,560.3613316553535,3754.0
scanId=241905,4.031616666667,560.3749636338123,3028.0
scanId=241905,4.031616666667,560.3885959399577,2220.0
scanId=241905,4.031616666667,560.4022282500564,1562.0
scanId=241905,4.031616666667,560.4158608878316,1108.0
scanId=241905,4.031616666667,561.2614032538181,1283.0
scanId=241905,4.031616666667,561.2750461764006,1674.0
scanId=241905,4.031616666667,561.2886894263305,1615.0
scanId=241905,4.031616666667,561.3023326805529,1406.0
scanId=241905,4.031616666667,561.3159762621128,1159.0
scanId=241905,4.031616666667,561.3296198479756,1147.0
scanId=241905,4.031616666667,561.3432637611652,1313.0
scanId=241905,4.031616666667,561.3569076786681,1360.0
scanId=241905,4.031616666667,561.3705519234876,1252.0
scanId=241905,4.031616666667,561.3841961726306,1040.0
scanId=241905,4.031616666667,562.298744088092,1073.0
scanId=241905,4.031616666667,562.3123996130005,1056.0
scanId=241905,4.031616666667,569.2846251686094,1001.0
scanId=241905,4.031616666667,569.2983652618109,1591.0
scanId=241905,4.031616666667,569.3121056792829,2044.0
scanId=241905,4.031616666667,569.3258461041254,1933.0
scanId=241905,4.031616666667,569.3395868532273,1425.0
scanId=241905,4.031616666667,569.35332760971,1063.0
scanId=241905,4.031616666667,575.4015692262274,1186.0
scanId=241905,4.031616666667,575.4153829436622,1128.0
scanId=241905,4.031616666667,577.3509509284074,1165.0
scanId=241905,4.031616666667,577.3647881817918,1129.0
scanId=241905,4.031616666667,583.3301392525177,1242.0
scanId=241905,4.031616666667,583.3440478192852,1449.0
scanId=241905,4.031616666667,583.3579567047142,1292.0
scanId=241905,4.031616666667,583.3718656031227,1003.0
scanId=241905,4.031616666667,584.3180648998836,1294.0
scanId=241905,4.031616666667,584.3319853923568,1565.0
scanId=241905,4.031616666667,584.3459058982085,1698.0
scanId=241905,4.031616666667,584.3598267223116,1592.0
scanId=241905,4.031616666667,584.3737475598045,1163.0
scanId=241905,4.031616666667,584.8332308120218,1337.0
scanId=241905,4.031616666667,584.8471572874162,1518.0
scanId=241905,4.031616666667,584.8610840808566,1363.0
scanId=241905,4.031616666667,584.8750108878924,1000.0
scanId=241905,4.031616666667,591.3129621969807,2770.0
scanId=241905,4.031616666667,591.3269656131847,5736.0
scanId=241905,4.031616666667,591.3409693447469,7390.0
scanId=241905,4.031616666667,591.3549730925926,6686.0
scanId=241905,4.031616666667,591.3689771557848,5034.0
scanId=241905,4.031616666667,591.3829812352722,3730.0
scanId=241905,4.031616666667,591.396985630094,2887.0
scanId=241905,4.031616666667,591.4109900412228,2116.0
scanId=241905,4.031616666667,591.4249947676745,1572.0
scanId=241905,4.031616666667,591.4389995104449,1251.0
scanId=241905,4.031616666667,591.8031829680307,1070.0
scanId=241905,4.031616666667,591.8171923373003,3166.0
scanId=241905,4.031616666667,591.8312017230527,5535.0
scanId=241905,4.031616666667,591.845211423952,5955.0
scanId=241905,4.031616666667,591.8592211413461,4927.0
scanId=241905,4.031616666667,591.8732311738752,3551.0
scanId=241905,4.031616666667,591.8872412229108,2465.0
scanId=241905,4.031616666667,591.9012515870697,1705.0
scanId=241905,4.031616666667,591.915261967747,1223.0
scanId=241905,4.031616666667,592.3216373775605,1796.0
scanId=241905,4.031616666667,592.3356527328617,2887.0
scanId=241905,4.031616666667,592.3496684030981,3148.0
scanId=241905,4.031616666667,592.3636840900409,2733.0
scanId=241905,4.031616666667,592.3777000919071,2110.0
scanId=241905,4.031616666667,592.3917161104914,1565.0
scanId=241905,4.031616666667,592.4057324439876,1127.0
scanId=241905,4.031616666667,592.8262973177685,1011.0
scanId=241905,4.031616666667,592.8403186426189,1447.0
scanId=241905,4.031616666667,592.8543402821924,1575.0
scanId=241905,4.031616666667,592.8683619386843,1259.0
scanId=241905,4.031616666667,599.3218419086144,1767.0
scanId=241905,4.031616666667,599.3359398427132,2661.0
scanId=241905,4.031616666667,599.3500380887788,2699.0
scanId=241905,4.031616666667,599.3641363545196,2160.0
scanId=241905,4.031616666667,599.378234932215,1646.0
scanId=241905,4.031616666667,599.3923335295977,1244.0
scanId=241905,4.031616666667,599.8153707483801,1152.0
scanId=241905,4.031616666667,599.8294746321529,2226.0
scanId=241905,4.031616666667,599.8435785358064,2895.0
scanId=241905,4.031616666667,599.8576827512092,2576.0
scanId=241905,4.031616666667,599.8717869865043,1915.0
scanId=241905,4.031616666667,599.8858915335368,1386.0
scanId=241905,4.031616666667,600.3091028610665,1179.0
scanId=241905,4.031616666667,600.3232124026327,2972.0
scanId=241905,4.031616666667,600.3373222557426,4900.0
scanId=241905,4.031616666667,600.3514321289508,5365.0
scanId=241905,4.031616666667,600.3655423136905,4497.0
scanId=241905,4.031616666667,600.3796525185408,3244.0
scanId=241905,4.031616666667,600.3937630349103,2217.0
scanId=241905,4.031616666667,600.4078735714024,1576.0
scanId=241905,4.031616666667,600.4219844194018,1156.0
scanId=241905,4.031616666667,600.8171534458218,1373.0
scanId=241905,4.031616666667,600.8312689569433,2456.0
scanId=241905,4.031616666667,600.8453847793902,3141.0
scanId=241905,4.031616666667,600.8595006221536,2872.0
scanId=241905,4.031616666667,600.8736167762304,2156.0
scanId=241905,4.031616666667,600.8877329506358,1508.0
scanId=241905,4.031616666667,600.9018494363427,1067.0
scanId=241905,4.031616666667,601.3254189306414,1063.0
scanId=241905,4.031616666667,601.3395404113186,1754.0
scanId=241905,4.031616666667,601.3536622031027,2154.0
scanId=241905,4.031616666667,601.3677840154218,1902.0
scanId=241905,4.031616666667,601.3819061388356,1639.0
scanId=241905,4.031616666667,601.3960282827967,1476.0
scanId=241905,4.031616666667,601.4101507378404,1279.0
scanId=241905,4.031616666667,601.4242732134435,1015.0
scanId=241905,4.031616666667,602.3284612016727,1229.0
scanId=241905,4.031616666667,602.342594600501,1181.0
scanId=241905,4.031616666667,602.8232263596849,1272.0
scanId=241905,4.031616666667,602.8373654173893,1522.0
scanId=241905,4.031616666667,602.8515047855547,1471.0
scanId=241905,4.031616666667,602.8656441749008,1184.0
scanId=241905,4.031616666667,603.3323395059359,1558.0
scanId=241905,4.031616666667,603.346484533197,3031.0
scanId=241905,4.031616666667,603.3606298706994,3561.0
scanId=241905,4.031616666667,603.3747752296027,3001.0
scanId=241905,4.031616666667,603.3889208987349,2212.0
scanId=241905,4.031616666667,603.4030665892802,1560.0
scanId=241905,4.031616666667,603.4172125900424,1057.0
scanId=241905,4.031616666667,603.8275165770747,1340.0
scanId=241905,4.031616666667,603.8416675522843,2686.0
scanId=241905,4.031616666667,603.855818549103,3738.0
scanId=241905,4.031616666667,603.8699698559425,3638.0
scanId=241905,4.031616666667,603.8841211844033,2854.0
scanId=241905,4.031616666667,603.8982728228726,2028.0
scanId=241905,4.031616666667,603.9124244829756,1461.0
scanId=241905,4.031616666667,603.9265764530747,1055.0
scanId=241905,4.031616666667,604.3370535541907,1665.0
scanId=241905,4.031616666667,604.3512104987374,2319.0
scanId=241905,4.031616666667,604.3653674651139,2501.0
scanId=241905,4.031616666667,604.3795247412904,2143.0
scanId=241905,4.031616666667,604.393682039309,1626.0
scanId=241905,4.031616666667,604.4078396471155,1146.0
scanId=241905,4.031616666667,604.8326428271253,1074.0
scanId=241905,4.031616666667,604.8468054314178,1477.0
scanId=241905,4.031616666667,604.8609683453016,1303.0
scanId=241905,4.031616666667,604.8751312812363,1016.0
scanId=241905,4.031616666667,605.3284350833206,1240.0
scanId=241905,4.031616666667,605.3426036349116,1292.0
scanId=241905,4.031616666667,605.3567722087628,1268.0
scanId=241905,4.031616666667,605.3709410919836,1170.0
scanId=241905,4.031616666667,605.385109997477,1153.0
scanId=241905,4.031616666667,605.3992792123277,1072.0
scanId=241905,4.031616666667,607.2852527749736,1228.0
scanId=241905,4.031616666667,607.2994442090234,4600.0
scanId=241905,4.031616666667,607.3136356661856,11255.0
scanId=241905,4.031616666667,607.3278274318651,17992.0
scanId=241905,4.031616666667,607.34201922067,19347.0
scanId=241905,4.031616666667,607.3562113179793,15910.0
scanId=241905,4.031616666667,607.3704034384261,11412.0
scanId=241905,4.031616666667,607.3845958673653,8021.0
scanId=241905,4.031616666667,607.3987883194542,5772.0
scanId=241905,4.031616666667,607.4129810800232,4246.0
scanId=241905,4.031616666667,607.4271738637545,3085.0
scanId=241905,4.031616666667,607.4413669559534,2185.0
scanId=241905,4.031616666667,607.4555600713269,1563.0
scanId=241905,4.031616666667,607.4697534951556,1198.0
scanId=241905,4.031616666667,607.7962462974178,2030.0
scanId=241905,4.031616666667,607.8104437008045,6190.0
scanId=241905,4.031616666667,607.8246411275272,11282.0
scanId=241905,4.031616666667,607.8388388625439,13668.0
scanId=241905,4.031616666667,607.8530366209087,12126.0
scanId=241905,4.031616666667,607.8672346875551,8966.0
scanId=241905,4.031616666667,607.8814327775623,6310.0
scanId=241905,4.031616666667,607.8956311758385,4444.0
scanId=241905,4.031616666667,607.9098295974879,3092.0
scanId=241905,4.031616666667,607.924028327394,2169.0
scanId=241905,4.031616666667,607.9382270806859,1525.0
scanId=241905,4.031616666667,607.9524261422218,1051.0
scanId=241905,4.031616666667,608.2932516553768,1145.0
scanId=241905,4.031616666667,608.3074547200179,3627.0
scanId=241905,4.031616666667,608.3216580927417,7191.0
scanId=241905,4.031616666667,608.3358614890251,9122.0
scanId=241905,4.031616666667,608.3500651933787,8859.0
scanId=241905,4.031616666667,608.3642689213043,7054.0
scanId=241905,4.031616666667,608.3784729572877,5040.0
scanId=241905,4.031616666667,608.3926770168558,3567.0
scanId=241905,4.031616666667,608.4068813844691,2659.0
scanId=241905,4.031616666667,608.4210857756793,1923.0
scanId=241905,4.031616666667,608.4352904749225,1351.0
scanId=241905,4.031616666667,608.8046690085785,1142.0
scanId=241905,4.031616666667,608.8188780427805,2163.0
scanId=241905,4.031616666667,608.8330873848414,3352.0
scanId=241905,4.031616666667,608.847296750686,3830.0
scanId=241905,4.031616666667,608.8615064243767,3294.0
scanId=241905,4.031616666667,608.8757161218634,2441.0
scanId=241905,4.031616666667,608.889926127184,1682.0
scanId=241905,4.031616666667,608.9041361563129,1158.0
scanId=241905,4.031616666667,609.3305162657127,1144.0
scanId=241905,4.031616666667,609.3447315771106,1333.0
scanId=241905,4.031616666667,609.3589469125163,1336.0
scanId=241905,4.031616666667,609.3731625555441,1122.0
scanId=241905,4.031616666667,610.8097893984026,1015.0
scanId=241905,4.031616666667,610.824021954552,1190.0
scanId=241905,4.031616666667,610.8382545353594,1038.0
scanId=241905,4.031616666667,611.3365018697627,1037.0
scanId=241905,4.031616666667,611.3507404201331,1262.0
scanId=241905,4.031616666667,611.3649792772494,1336.0
scanId=241905,4.031616666667,611.3792181592621,1125.0
scanId=241905,4.031616666667,611.8207080020599,1026.0
scanId=241905,4.031616666667,611.8349521903509,1251.0
scanId=241905,4.031616666667,611.8491966851744,1305.0
scanId=241905,4.031616666667,611.8634412051082,1145.0
scanId=241905,4.031616666667,612.3336057787785,1982.0
scanId=241905,4.031616666667,612.3478559366331,3101.0
scanId=241905,4.031616666667,612.3621064007937,3638.0
scanId=241905,4.031616666667,612.3763568902908,3200.0
scanId=241905,4.031616666667,612.3906076860812,2389.0
scanId=241905,4.031616666667,612.4048585072206,1730.0
scanId=241905,4.031616666667,612.4191096346409,1174.0
scanId=241905,4.031616666667,612.8324623538425,1022.0
scanId=241905,4.031616666667,612.8467184557103,1716.0
scanId=241905,4.031616666667,612.8609745831288,2198.0
scanId=241905,4.031616666667,612.8752310166265,2050.0
scanId=241905,4.031616666667,612.8894874756875,1587.0
scanId=241905,4.031616666667,612.903744240815,1197.0
scanId=241905,4.031616666667,613.3029990230441,1180.0
scanId=241905,4.031616666667,613.3172604567419,1887.0
scanId=241905,4.031616666667,613.3315221963169,2559.0
scanId=241905,4.031616666667,613.3457839616572,2744.0
scanId=241905,4.031616666667,613.3600460328622,2365.0
scanId=241905,4.031616666667,613.374308129845,1768.0
scanId=241905,4.031616666667,613.3885705326796,1243.0
scanId=241905,4.031616666667,617.374238174253,1542.0
scanId=241905,4.031616666667,617.3885470052649,1969.0
scanId=241905,4.031616666667,617.4028558638462,1866.0
scanId=241905,4.031616666667,617.4171650264879,1527.0
scanId=241905,4.031616666667,617.4314742167119,1264.0
scanId=241905,4.031616666667,617.4457837109835,1254.0
scanId=241905,4.031616666667,617.4600932328501,1266.0
scanId=241905,4.031616666667,617.4744030587515,1095.0
scanId=241905,4.031616666667,618.2903332243804,1241.0
scanId=241905,4.031616666667,618.304652667547,2960.0
scanId=241905,4.031616666667,618.3189721386927,4770.0
scanId=241905,4.031616666667,618.3332919134891,5021.0
scanId=241905,4.031616666667,618.3476117162776,4055.0
scanId=241905,4.031616666667,618.3619318227039,3016.0
scanId=241905,4.031616666667,618.3762519571351,2408.0
scanId=241905,4.031616666667,618.3905723951912,1964.0
scanId=241905,4.031616666667,618.4048928612649,1570.0
scanId=241905,4.031616666667,618.4192136309508,1234.0
scanId=241905,4.031616666667,618.4335344286673,1010.0
scanId=241905,4.031616666667,618.791610053624,1055.0
scanId=241905,4.031616666667,618.8059351626952,2086.0
scanId=241905,4.031616666667,618.820260575199,3139.0
scanId=241905,4.031616666667,618.8345860159127,3347.0
scanId=241905,4.031616666667,618.8489117600461,2749.0
scanId=241905,4.031616666667,618.8632375324025,2047.0
scanId=241905,4.031616666667,618.8775636081658,1429.0
scanId=241905,4.031616666667,618.8918897121649,1010.0
scanId=241905,4.031616666667,619.2930898724528,1030.0
scanId=241905,4.031616666667,619.3074209226636,2688.0
scanId=241905,4.031616666667,619.3217520013029,4150.0
scanId=241905,4.031616666667,619.3360833831437,4354.0
scanId=241905,4.031616666667,619.3504147934258,3588.0
scanId=241905,4.031616666667,619.3647465068963,2815.0
scanId=241905,4.031616666667,619.379078248821,2338.0
scanId=241905,4.031616666667,619.3934102939213,2051.0
scanId=241905,4.031616666667,619.4077423674886,1821.0
scanId=241905,4.031616666667,619.422074744219,1647.0
scanId=241905,4.031616666667,619.4364071494291,1294.0
scanId=241905,4.031616666667,619.809109672454,1107.0
scanId=241905,4.031616666667,619.8234466920019,1502.0
scanId=241905,4.031616666667,619.8377837402097,1687.0
scanId=241905,4.031616666667,619.8521210913875,1721.0
scanId=241905,4.031616666667,619.866458471238,1511.0
scanId=241905,4.031616666667,619.8807961540458,1135.0
scanId=241905,4.031616666667,620.3396873616451,1057.0
scanId=241905,4.031616666667,620.354030379422,1124.0
scanId=241905,4.031616666667,620.3683736999368,1045.0
scanId=241905,4.031616666667,621.3871683587865,1072.0
scanId=241905,4.031616666667,621.4015236179756,1146.0
scanId=241905,4.031616666667,621.4158789065342,1100.0
scanId=241905,4.031616666667,623.3553743506826,1277.0
scanId=241905,4.031616666667,623.369752190952,1270.0
scanId=241905,4.031616666667,623.3841303325996,1104.0
scanId=241905,4.031616666667,624.3334498318342,1660.0
scanId=241905,4.031616666667,624.3478389479606,2225.0
scanId=241905,4.031616666667,624.3622283650226,2385.0
scanId=241905,4.031616666667,624.3766178127919,2041.0
scanId=241905,4.031616666667,624.3910075614838,1558.0
scanId=241905,4.031616666667,624.4053973408959,1091.0
scanId=241905,4.031616666667,624.8659599956501,1059.0
scanId=241905,4.031616666667,625.3266924482232,1384.0
scanId=241905,4.031616666667,625.3410931406996,2173.0
scanId=241905,4.031616666667,625.3554938643274,2319.0
scanId=241905,4.031616666667,625.3698948884337,2014.0
scanId=241905,4.031616666667,625.3842959437042,1598.0
scanId=241905,4.031616666667,625.3986972994404,1160.0
scanId=241905,4.031616666667,626.3495489586793,1108.0
scanId=241905,4.031616666667,626.3639612898094,1173.0
scanId=241905,4.031616666667,627.3299697722608,1082.0
scanId=241905,4.031616666667,627.3443933792518,1311.0
scanId=241905,4.031616666667,627.3588172858168,1335.0
scanId=241905,4.031616666667,627.3732412244506,1162.0
scanId=241905,4.031616666667,627.8781859494758,1005.0
scanId=241905,4.031616666667,628.3544626085464,1147.0
scanId=241905,4.031616666667,629.2931116295917,1336.0
scanId=241905,4.031616666667,629.3075577883076,2360.0
scanId=241905,4.031616666667,629.3220042457017,2750.0
scanId=241905,4.031616666667,629.3364507360606,2419.0
scanId=241905,4.031616666667,629.3508975250843,1866.0
scanId=241905,4.031616666667,629.3653443470863,1474.0
scanId=241905,4.031616666667,629.3797914677399,1212.0
scanId=241905,4.031616666667,629.7988281052196,1154.0
scanId=241905,4.031616666667,629.8132802003208,1727.0
scanId=241905,4.031616666667,629.8277323286117,1830.0
scanId=241905,4.031616666667,629.8421847553426,1535.0
scanId=241905,4.031616666667,629.8566372152766,1232.0
scanId=241905,4.031616666667,630.3047478408091,1148.0
scanId=241905,4.031616666667,630.3192056070322,1515.0
scanId=241905,4.031616666667,630.3336636714705,1448.0
scanId=241905,4.031616666667,630.3481217693367,1275.0
scanId=241905,4.031616666667,630.3625801654047,1063.0
scanId=241905,4.031616666667,630.8397980092712,1136.0
scanId=241905,4.031616666667,630.8542620430467,1079.0
scanId=241905,4.031616666667,632.8663668986854,1289.0
scanId=241905,4.031616666667,632.8808541465493,1234.0
scanId=241905,4.031616666667,636.3480463073082,1269.0
scanId=241905,4.031616666667,636.3625733507523,1195.0
scanId=241905,4.031616666667,638.8491251567378,1008.0
scanId=241905,4.031616666667,641.3405257841492,1139.0
scanId=241905,4.031616666667,641.3551095748153,1257.0
scanId=241905,4.031616666667,641.3696936585914,1030.0
scanId=241905,4.031616666667,657.3648703706968,1169.0
scanId=241905,4.031616666667,657.3796352388239,1333.0
scanId=241905,4.031616666667,657.3944003924906,1268.0
scanId=241905,4.031616666667,657.4091655922615,1288.0
scanId=241905,4.031616666667,657.4239310775581,1269.0
scanId=241905,4.031616666667,657.438696608973,1025.0
scanId=241905,4.031616666667,658.3544871108307,1014.0
scanId=241905,4.031616666667,658.3692632082822,1150.0
scanId=241905,4.031616666667,658.3840393523036,1098.0
scanId=241905,4.031616666667,659.3596354175236,1039.0
scanId=241905,4.031616666667,663.4323938943616,1481.0
scanId=241905,4.031616666667,663.4472267495146,1851.0
scanId=241905,4.031616666667,663.4620598872979,1664.0
scanId=241905,4.031616666667,663.476893074095,1252.0
scanId=241905,4.031616666667,665.347208682985,2103.0
scanId=241905,4.031616666667,665.3620630450778,3542.0
scanId=241905,4.031616666667,665.3769174571,4118.0
scanId=241905,4.031616666667,665.3917721508227,3584.0
scanId=241905,4.031616666667,665.406626894489,2687.0
scanId=241905,4.031616666667,665.4214819198415,2039.0
scanId=241905,4.031616666667,665.436336995152,1621.0
scanId=241905,4.031616666667,665.4511923521344,1208.0
scanId=241905,4.031616666667,666.3576790996186,1395.0
scanId=241905,4.031616666667,666.3725447371258,2058.0
scanId=241905,4.031616666667,666.3874104250502,2262.0
scanId=241905,4.031616666667,666.4022763941873,1830.0
scanId=241905,4.031616666667,666.417142413756,1295.0
scanId=241905,4.031616666667,683.3819857249207,1086.0
scanId=241905,4.031616666667,683.3970400598049,1080.0
scanId=241905,4.031616666667,685.3856607509944,1082.0
scanId=241905,4.031616666667,685.40073703314,1883.0
scanId=241905,4.031616666667,685.4158135872233,2657.0
scanId=241905,4.031616666667,685.4308902010135,2952.0
scanId=241905,4.031616666667,685.4459670867269,2498.0
scanId=241905,4.031616666667,685.4610440321619,1785.0
scanId=241905,4.031616666667,685.4761212495049,1226.0
scanId=241905,4.031616666667,686.411229279787,1339.0
scanId=241905,4.031616666667,686.426316837852,2055.0
scanId=241905,4.031616666667,686.4414046673497,2148.0
scanId=241905,4.031616666667,686.4564925570597,1714.0
scanId=241905,4.031616666667,686.4715807181873,1231.0
scanId=241905,4.031616666667,687.3469747169022,1176.0
scanId=241905,4.031616666667,687.3620725559538,1183.0
scanId=241905,4.031616666667,695.4328466648666,1037.0
scanId=241905,4.031616666667,701.3833870308616,1019.0
scanId=241905,4.031616666667,701.3986383538688,1062.0
scanId=241905,4.031616666667,705.3848903035091,1202.0
scanId=241905,4.031616666667,705.4001850700248,1509.0
scanId=241905,4.031616666667,705.4154799061632,1465.0
scanId=241905,4.031616666667,705.4307750043088,1163.0
scanId=241905,4.031616666667,722.4950460895399,1171.0
scanId=241905,4.031616666667,722.5105252422446,1706.0
scanId=241905,4.031616666667,722.5260044731622,1661.0
scanId=241905,4.031616666667,722.5414839574968,1326.0
scanId=241905,4.031616666667,723.5170229584294,1226.0
scanId=241905,4.031616666667,723.5325130549187,1519.0
scanId=241905,4.031616666667,723.5480032301363,1374.0
scanId=241905,4.031616666667,723.5634936582555,1152.0
scanId=241905,4.031616666667,724.3847212842884,1452.0
scanId=241905,4.031616666667,724.4002206664132,1784.0
scanId=241905,4.031616666667,724.4157201277039,1663.0
scanId=241905,4.031616666667,724.4312198414585,1373.0
scanId=241905,4.031616666667,724.4467196343946,1090.0
scanId=241905,4.031616666667,736.4933261128886,2369.0
scanId=241905,4.031616666667,736.5089544990198,5031.0
scanId=241905,4.031616666667,736.5245829704405,7651.0
scanId=241905,4.031616666667,736.5402116882015,8656.0
scanId=241905,4.031616666667,736.5558404912679,7349.0
scanId=241905,4.031616666667,736.5714695406587,5328.0
scanId=241905,4.031616666667,736.5870986753708,3647.0
scanId=241905,4.031616666667,736.6027280563915,2420.0
scanId=241905,4.031616666667,736.6183575227492,1589.0
scanId=241905,4.031616666667,736.6339872353998,1077.0
scanId=241905,4.031616666667,737.4469586993223,1017.0
scanId=241905,4.031616666667,737.4625971201135,1152.0
scanId=241905,4.031616666667,737.4782357867698,1170.0
scanId=241905,4.031616666667,737.4938745392067,1628.0
scanId=241905,4.031616666667,737.5095135374927,2748.0
scanId=241905,4.031616666667,737.5251526215752,4309.0
scanId=241905,4.031616666667,737.540791951491,5289.0
scanId=241905,4.031616666667,737.5564313672193,4676.0
scanId=241905,4.031616666667,737.5720710287649,3427.0
scanId=241905,4.031616666667,737.5877107761388,2384.0
scanId=241905,4.031616666667,737.6033507693143,1597.0
scanId=241905,4.031616666667,737.618990848334,1080.0
scanId=241905,4.031616666667,738.5264014668505,1494.0
scanId=241905,4.031616666667,738.5420514089211,1590.0
scanId=241905,4.031616666667,738.5577014373118,1399.0
scanId=241905,4.031616666667,738.5733517110122,1101.0
scanId=241905,4.031616666667,744.42245497158,1028.0
scanId=241905,4.031616666667,744.893894609596,1016.0
scanId=241905,4.031616666667,744.9096118725233,1069.0
scanId=241905,4.031616666667,745.396928049171,1374.0
scanId=241905,4.031616666667,745.4126506181758,1553.0
scanId=241905,4.031616666667,745.4283732769875,1448.0
scanId=241905,4.031616666667,745.444096177622,1118.0
scanId=241905,4.031616666667,751.4307876094755,1050.0
scanId=241905,4.031616666667,751.4465736126443,1388.0
scanId=241905,4.031616666667,751.4623598545779,1434.0
scanId=241905,4.031616666667,751.4781461893925,1472.0
scanId=241905,4.031616666667,751.4939327629558,1669.0
scanId=241905,4.031616666667,751.5097194294164,1705.0
scanId=241905,4.031616666667,751.5255063346094,1421.0
scanId=241905,4.031616666667,751.5412933327159,1024.0
scanId=241905,4.031616666667,751.9676059817128,1125.0
scanId=241905,4.031616666667,751.983397622862,1128.0
scanId=241905,4.031616666667,756.3957525653434,1189.0
scanId=241905,4.031616666667,756.4115906369221,1132.0
scanId=241905,4.031616666667,756.9184976066958,1055.0
scanId=241905,4.031616666667,756.9343412205909,1017.0
scanId=241905,4.031616666667,764.4947094990133,1028.0
scanId=241905,4.031616666667,764.5106321403231,3328.0
scanId=241905,4.031616666667,764.5265550137491,10526.0
scanId=241905,4.031616666667,764.5424779867049,23498.0
scanId=241905,4.031616666667,764.5584011917609,35759.0
scanId=241905,4.031616666667,764.5743244963628,38213.0
scanId=241905,4.031616666667,764.5902480330485,31468.0
scanId=241905,4.031616666667,764.6061716692965,22239.0
scanId=241905,4.031616666667,764.622095537612,15217.0
scanId=241905,4.031616666667,764.6380195055061,10163.0
scanId=241905,4.031616666667,764.6539437054514,6768.0
scanId=241905,4.031616666667,764.6698680049915,4530.0
scanId=241905,4.031616666667,764.6857925365667,2966.0
scanId=241905,4.031616666667,764.7017171677529,1902.0
scanId=241905,4.031616666667,764.7176420309581,1244.0
scanId=241905,4.031616666667,765.5140949554035,2169.0
scanId=241905,4.031616666667,765.5300282093872,5950.0
scanId=241905,4.031616666667,765.5459616949679,12906.0
scanId=241905,4.031616666667,765.5618952805979,19775.0
scanId=241905,4.031616666667,765.5778290978085,21567.0
scanId=241905,4.031616666667,765.5937630150844,18022.0
scanId=241905,4.031616666667,765.6096971639248,12722.0
scanId=241905,4.031616666667,765.6256314128467,8504.0
scanId=241905,4.031616666667,765.641565893317,5701.0
scanId=241905,4.031616666667,765.6575004738849,3801.0
scanId=241905,4.031616666667,765.673435285985,2604.0
scanId=241905,4.031616666667,765.689370198199,1797.0
scanId=241905,4.031616666667,765.7053053419289,1217.0
scanId=241905,4.031616666667,766.5341596063159,1659.0
scanId=241905,4.031616666667,766.5501034729738,3326.0
scanId=241905,4.031616666667,766.5660475707093,5178.0
scanId=241905,4.031616666667,766.5819917690136,5500.0
scanId=241905,4.031616666667,766.5979361983789,4525.0
scanId=241905,4.031616666667,766.613880728329,3334.0
scanId=241905,4.031616666667,766.6298254893242,2325.0
scanId=241905,4.031616666667,766.6457703509204,1618.0
scanId=241905,4.031616666667,766.6617154435454,1107.0
scanId=241905,4.031616666667,767.5708579310947,1153.0
scanId=241905,4.031616666667,767.5868126409853,1096.0
scanId=241905,4.031616666667,775.4245518214037,1382.0
scanId=241905,4.031616666667,775.4405878856842,1569.0
scanId=241905,4.031616666667,775.4566241765143,1429.0
scanId=241905,4.031616666667,775.4726605724409,1154.0
scanId=241905,4.031616666667,776.4191032531745,1097.0
scanId=241905,4.031616666667,776.4351495984862,1472.0
scanId=241905,4.031616666667,776.4511961698412,1525.0
scanId=241905,4.031616666667,776.4672428467993,1325.0
scanId=241905,4.031616666667,776.4832897497841,1169.0
scanId=241905,4.031616666667,776.4993367583884,1000.0
scanId=241905,4.031616666667,780.5162990057669,1778.0
scanId=241905,4.031616666667,780.5323876941111,3224.0
scanId=241905,4.031616666667,780.5484764901366,4096.0
scanId=241905,4.031616666667,780.5645655101107,4023.0
scanId=241905,4.031616666667,780.5806546377825,3346.0
scanId=241905,4.031616666667,780.5967439893864,2474.0
scanId=241905,4.031616666667,780.6128334487042,1791.0
scanId=241905,4.031616666667,780.628923131938,1250.0
scanId=241905,4.031616666667,781.5302084134679,1332.0
scanId=241905,4.031616666667,781.5463074905264,1904.0
scanId=241905,4.031616666667,781.5624067910254,2584.0
scanId=241905,4.031616666667,781.5785061997301,2885.0
scanId=241905,4.031616666667,781.594605831859,2366.0
scanId=241905,4.031616666667,781.6107055722099,1606.0
scanId=241905,4.031616666667,781.6268055359686,1105.0
scanId=241905,4.031616666667,782.5608854802399,1020.0
scanId=241905,4.031616666667,796.4277357832343,1288.0
scanId=241905,4.031616666667,796.443987633458,2746.0
scanId=241905,4.031616666667,796.4602395994583,3880.0
scanId=241905,4.031616666667,796.476491781312,4429.0
scanId=241905,4.031616666667,796.4927440789587,3872.0
scanId=241905,4.031616666667,796.5089965924421,2926.0
scanId=241905,4.031616666667,796.5252492217352,2162.0
scanId=241905,4.031616666667,796.5415020668485,1590.0
scanId=241905,4.031616666667,796.5577550277877,1129.0
scanId=241905,4.031616666667,797.4356625096125,1178.0
scanId=241905,4.031616666667,797.4519246403612,2043.0
scanId=241905,4.031616666667,797.4681868873986,3005.0
scanId=241905,4.031616666667,797.4844493497772,3391.0
scanId=241905,4.031616666667,797.500711928461,2927.0
scanId=241905,4.031616666667,797.5169747224694,2119.0
scanId=241905,4.031616666667,797.5332376327995,1462.0
scanId=241905,4.031616666667,797.5495007584377,1071.0
scanId=241905,4.031616666667,798.4767715837661,1348.0
scanId=241905,4.031616666667,798.4930443266696,1325.0
scanId=241905,4.031616666667,798.5093171863907,1062.0
scanId=241905,4.031616666667,799.4045812042026,1095.0
scanId=241905,4.031616666667,799.4208633500222,6495.0
scanId=241905,4.031616666667,799.4371457101909,20236.0
scanId=241905,4.031616666667,799.4534281876568,39591.0
scanId=241905,4.031616666667,799.4697108794554,53612.0
scanId=241905,4.031616666667,799.4859936885678,52953.0
scanId=241905,4.031616666667,799.5022767119964,41672.0
scanId=241905,4.031616666667,799.5185598527551,29361.0
scanId=241905,4.031616666667,799.5348432078133,19977.0
scanId=241905,4.031616666667,799.5511266802184,13368.0
scanId=241905,4.031616666667,799.5674103669065,8903.0
scanId=241905,4.031616666667,799.583694170958,5889.0
scanId=241905,4.031616666667,799.5999781892759,3934.0
scanId=241905,4.031616666667,799.6162623249738,2622.0
scanId=241905,4.031616666667,799.6325466749215,1651.0
scanId=241905,4.031616666667,799.6488311422659,1105.0
scanId=241905,4.031616666667,800.4143893132825,2145.0
scanId=241905,4.031616666667,800.4306817401398,7224.0
scanId=241905,4.031616666667,800.4469743808335,16619.0
scanId=241905,4.031616666667,800.4632671393373,26390.0
scanId=241905,4.031616666667,800.4795601116608,30993.0
scanId=241905,4.031616666667,800.4958532018109,27820.0
scanId=241905,4.031616666667,800.5121465057642,20622.0
scanId=241905,4.031616666667,800.5284399275607,14310.0
scanId=241905,4.031616666667,800.5447335631442,9861.0
scanId=241905,4.031616666667,800.5610273165871,6723.0
scanId=241905,4.031616666667,800.5773212838002,4597.0
scanId=241905,4.031616666667,800.5936153688895,3020.0
scanId=241905,4.031616666667,800.6099096677323,2012.0
scanId=241905,4.031616666667,800.626204084468,1318.0
scanId=241905,4.031616666667,800.6424987149408,1015.0
scanId=241905,4.031616666667,801.4248348308099,1730.0
scanId=241905,4.031616666667,801.4411375387053,5498.0
scanId=241905,4.031616666667,801.4574404599239,12914.0
scanId=241905,4.031616666667,801.4737434994656,20488.0
scanId=241905,4.031616666667,801.4900467523141,23415.0
scanId=241905,4.031616666667,801.5063501235022,20521.0
scanId=241905,4.031616666667,801.5226537079805,14960.0
scanId=241905,4.031616666667,801.5389574108151,10211.0
scanId=241905,4.031616666667,801.5552613269233,6900.0
scanId=241905,4.031616666667,801.5715653614042,4644.0
scanId=241905,4.031616666667,801.5878696091423,3236.0
scanId=241905,4.031616666667,801.6041739752696,2254.0
scanId=241905,4.031616666667,801.6204785546375,1565.0
scanId=241905,4.031616666667,801.6367832524112,1211.0
scanId=241905,4.031616666667,802.4359177567916,1768.0
scanId=241905,4.031616666667,802.4522307457253,4182.0
scanId=241905,4.031616666667,802.4685439474688,7577.0
scanId=241905,4.031616666667,802.4848572680488,9860.0
scanId=241905,4.031616666667,802.5011708014222,9919.0
scanId=241905,4.031616666667,802.5174844536485,8369.0
scanId=241905,4.031616666667,802.5337983186517,5997.0
scanId=241905,4.031616666667,802.5501123025244,4006.0
scanId=241905,4.031616666667,802.5664264991575,2711.0
scanId=241905,4.031616666667,802.5827408146768,1928.0
scanId=241905,4.031616666667,802.5990553429397,1371.0
scanId=241905,4.031616666667,803.463961361206,2044.0
scanId=241905,4.031616666667,803.4802848434747,3317.0
scanId=241905,4.031616666667,803.4966084450931,3624.0
scanId=241905,4.031616666667,803.5129322589914,3103.0
scanId=241905,4.031616666667,803.5292561922564,2375.0
scanId=241905,4.031616666667,803.5455803377845,1760.0
scanId=241905,4.031616666667,803.5619046026957,1381.0
scanId=241905,4.031616666667,803.5782290798537,1113.0
scanId=241905,4.031616666667,813.5013457783955,1012.0
scanId=241905,4.031616666667,815.4570976020393,1199.0
scanId=241905,4.031616666667,815.473542460828,1359.0
scanId=241905,4.031616666667,815.489987445044,1324.0
scanId=241905,4.031616666667,815.5064326354625,1202.0
scanId=241905,4.031616666667,821.4539738532275,1237.0
scanId=241905,4.031616666667,821.4704790686463,1316.0
scanId=241905,4.031616666667,821.486984412524,1086.0
scanId=241905,4.031616666667,822.4445791573315,1252.0
scanId=241905,4.031616666667,822.4610943216454,1413.0
scanId=241905,4.031616666667,822.4776096149184,1218.0
scanId=241905,4.031616666667,822.4941251108621,1067.0
scanId=241905,4.031616666667,823.4853572108639,1013.0
scanId=241905,4.031616666667,831.436704164979,3356.0
scanId=241905,4.031616666667,831.4533093344613,13548.0
scanId=241905,4.031616666667,831.4699147020908,31445.0
scanId=241905,4.031616666667,831.4865202032195,49527.0
scanId=241905,4.031616666667,831.5031259024788,56736.0
scanId=241905,4.031616666667,831.5197317352543,50137.0
scanId=241905,4.031616666667,831.5363377661434,37328.0
scanId=241905,4.031616666667,831.5529439305656,25681.0
scanId=241905,4.031616666667,831.5695502930845,17145.0
scanId=241905,4.031616666667,831.5861567891528,11517.0
scanId=241905,4.031616666667,831.6027634833017,7640.0
scanId=241905,4.031616666667,831.6193703110167,4918.0
scanId=241905,4.031616666667,831.6359773367955,3053.0
scanId=241905,4.031616666667,831.652584496157,2039.0
scanId=241905,4.031616666667,831.6691918535655,1411.0
scanId=241905,4.031616666667,831.6857993445735,1022.0
scanId=241905,4.031616666667,832.4333088035596,1477.0
scanId=241905,4.031616666667,832.4499239224383,5034.0
scanId=241905,4.031616666667,832.4665392389629,13154.0
scanId=241905,4.031616666667,832.4831546894882,23375.0
scanId=241905,4.031616666667,832.4997703376426,30860.0
scanId=241905,4.031616666667,832.5163861198143,31102.0
scanId=241905,4.031616666667,832.5330020995985,25192.0
scanId=241905,4.031616666667,832.5496182134169,17914.0
scanId=241905,4.031616666667,832.5662345248311,12132.0
scanId=241905,4.031616666667,832.582850970296,8117.0
scanId=241905,4.031616666667,832.5994676133402,5492.0
scanId=241905,4.031616666667,832.6160843904515,3779.0
scanId=241905,4.031616666667,832.6327013651254,2798.0
scanId=241905,4.031616666667,832.6493184738833,1947.0
scanId=241905,4.031616666667,832.6659357801869,1414.0
scanId=241905,4.031616666667,832.6825532205916,1179.0
scanId=241905,4.031616666667,832.699170858525,1074.0
scanId=241905,4.031616666667,833.4471354591632,1407.0
scanId=241905,4.031616666667,833.4637607245828,3236.0
scanId=241905,4.031616666667,833.4803861245049,6673.0
scanId=241905,4.031616666667,833.4970117215544,9827.0
scanId=241905,4.031616666667,833.5136374531228,10418.0
scanId=241905,4.031616666667,833.5302633818021,8782.0
scanId=241905,4.031616666667,833.546889445017,6454.0
scanId=241905,4.031616666667,833.5635157053262,4538.0
scanId=241905,4.031616666667,833.5801421001877,3265.0
scanId=241905,4.031616666667,833.5967686921267,2339.0
scanId=241905,4.031616666667,833.6133954186347,1645.0
scanId=241905,4.031616666667,833.6300223422036,1132.0
scanId=241905,4.031616666667,834.4782145082726,1244.0
scanId=241905,4.031616666667,834.4948500542172,1752.0
scanId=241905,4.031616666667,834.5114857351822,2101.0
scanId=241905,4.031616666667,834.5281216127566,1918.0
scanId=241905,4.031616666667,834.5447576253684,1383.0
scanId=241905,4.031616666667,834.5613938345728,1001.0
scanId=241905,4.031616666667,839.3762024830285,1126.0
scanId=241905,4.031616666667,839.392886778559,1322.0
scanId=241905,4.031616666667,839.409571211569,1955.0
scanId=241905,4.031616666667,839.4262558387294,7727.0
scanId=241905,4.031616666667,839.4429406033861,49876.0
scanId=241905,4.031616666667,839.4596255621764,189924.0
scanId=241905,4.031616666667,839.4763106584796,430055.0
scanId=241905,4.031616666667,839.4929959488996,656551.0
scanId=241905,4.031616666667,839.5096813768494,732660.0
scanId=241905,4.031616666667,839.5263669988993,647234.0
scanId=241905,4.031616666667,839.5430527584957,490799.0
scanId=241905,4.031616666667,839.5597387121755,347821.0
scanId=241905,4.031616666667,839.5764248034183,243329.0
scanId=241905,4.031616666667,839.5931110887279,170062.0
scanId=241905,4.031616666667,839.6097975116174,118445.0
scanId=241905,4.031616666667,839.6264841285569,81551.0
scanId=241905,4.031616666667,839.6431708830928,55735.0
scanId=241905,4.031616666667,839.6598578316623,38382.0
scanId=241905,4.031616666667,839.6765449178448,27282.0
scanId=241905,4.031616666667,839.6932321980439,19455.0
scanId=241905,4.031616666667,839.7099196158732,14034.0
scanId=241905,4.031616666667,839.7266072277022,10387.0
scanId=241905,4.031616666667,839.7432949771778,7948.0
scanId=241905,4.031616666667,839.7599829206366,6116.0
scanId=241905,4.031616666667,839.7766710017589,4826.0
scanId=241905,4.031616666667,839.7933592768476,4366.0
scanId=241905,4.031616666667,839.8100476896165,4588.0
scanId=241905,4.031616666667,839.826736296335,4838.0
scanId=241905,4.031616666667,839.8434250407505,4752.0
scanId=241905,4.031616666667,839.8601139790989,4187.0
scanId=241905,4.031616666667,839.8768030551608,3807.0
scanId=241905,4.031616666667,839.8934923251389,3837.0
scanId=241905,4.031616666667,839.9101817328476,3961.0
scanId=241905,4.031616666667,839.9268713344555,3949.0
scanId=241905,4.031616666667,839.9435610738107,3737.0
scanId=241905,4.031616666667,839.9602510070484,3429.0
scanId=241905,4.031616666667,839.9769410780502,3376.0
scanId=241905,4.031616666667,839.9936313429179,3195.0
scanId=241905,4.031616666667,840.0103217455663,3146.0
scanId=241905,4.031616666667,840.0270123420638,3067.0
scanId=241905,4.031616666667,840.0437030763588,3095.0
scanId=241905,4.031616666667,840.060394004486,3323.0
scanId=241905,4.031616666667,840.0770850704275,3406.0
scanId=241905,4.031616666667,840.0937763301846,3412.0
scanId=241905,4.031616666667,840.1104677277727,3238.0
scanId=241905,4.031616666667,840.1271593191597,3145.0
scanId=241905,4.031616666667,840.1438510483943,3060.0
scanId=241905,4.031616666667,840.1605429714111,2813.0
scanId=241905,4.031616666667,840.1772350322923,2789.0
scanId=241905,4.031616666667,840.1939272869391,2771.0
scanId=241905,4.031616666667,840.210619679467,2654.0
scanId=241905,4.031616666667,840.2273122657434,2687.0
scanId=241905,4.031616666667,840.2440049899178,2818.0
scanId=241905,4.031616666667,840.2606979078241,2865.0
scanId=241905,4.031616666667,840.2773909636451,3114.0
scanId=241905,4.031616666667,840.2940842131812,3601.0
scanId=241905,4.031616666667,840.3107776006486,3726.0
scanId=241905,4.031616666667,840.3274711818146,3583.0
scanId=241905,4.031616666667,840.3441649009287,3749.0
scanId=241905,4.031616666667,840.3608588137247,3943.0
scanId=241905,4.031616666667,840.3775528644854,3794.0
scanId=241905,4.031616666667,840.394247108911,3745.0
scanId=241905,4.031616666667,840.4109414913182,4386.0
scanId=241905,4.031616666667,840.4276360673738,7802.0
scanId=241905,4.031616666667,840.4443307814275,30609.0
scanId=241905,4.031616666667,840.461025689113,110787.0
scanId=241905,4.031616666667,840.4777207348133,256865.0
scanId=241905,4.031616666667,840.4944159741284,404536.0
scanId=241905,4.031616666667,840.5111113514753,462559.0
scanId=241905,4.031616666667,840.5278069224203,412153.0
scanId=241905,4.031616666667,840.544502631414,311187.0
scanId=241905,4.031616666667,840.5611985339889,219286.0
scanId=241905,4.031616666667,840.577894574629,152980.0
scanId=241905,4.031616666667,840.5945908088337,106620.0
scanId=241905,4.031616666667,840.6112871811202,73779.0
scanId=241905,4.031616666667,840.6279837469548,50985.0
scanId=241905,4.031616666667,840.6446804508881,35122.0
scanId=241905,4.031616666667,840.6613773483525,24526.0
scanId=241905,4.031616666667,840.6780743839322,17793.0
scanId=241905,4.031616666667,840.6947716130264,13683.0
scanId=241905,4.031616666667,840.711468980253,10746.0
scanId=241905,4.031616666667,840.728166540977,8483.0
scanId=241905,4.031616666667,840.74486423985,6955.0
scanId=241905,4.031616666667,840.761562132204,5985.0
scanId=241905,4.031616666667,840.7782601627234,5369.0
scanId=241905,4.031616666667,840.7949583867071,5164.0
scanId=241905,4.031616666667,840.8116567488732,4927.0
scanId=241905,4.031616666667,840.8283553044869,4542.0
scanId=241905,4.031616666667,840.8450539982994,4592.0
scanId=241905,4.031616666667,840.8617528855428,4830.0
scanId=241905,4.031616666667,840.878451911002,4893.0
scanId=241905,4.031616666667,840.8951511298754,4790.0
scanId=241905,4.031616666667,840.9118504869814,4802.0
scanId=241905,4.031616666667,840.9285500374845,4707.0
scanId=241905,4.031616666667,840.9452497262367,4549.0
scanId=241905,4.031616666667,840.9619496083697,4396.0
scanId=241905,4.031616666667,840.9786496287686,4323.0
scanId=241905,4.031616666667,840.9953498425314,4356.0
scanId=241905,4.031616666667,841.0120501945769,4369.0
scanId=241905,4.031616666667,841.0287507399695,4209.0
scanId=241905,4.031616666667,841.0454514236617,3884.0
scanId=241905,4.031616666667,841.0621523006841,3710.0
scanId=241905,4.031616666667,841.078853316023,3706.0
scanId=241905,4.031616666667,841.0955545246752,3802.0
scanId=241905,4.031616666667,841.1122558716605,3916.0
scanId=241905,4.031616666667,841.1289574119426,3917.0
scanId=241905,4.031616666667,841.1456590905744,3656.0
scanId=241905,4.031616666667,841.1623609624863,3565.0
scanId=241905,4.031616666667,841.1790629727648,3523.0
scanId=241905,4.031616666667,841.1957651763065,3393.0
scanId=241905,4.031616666667,841.2124675182316,3435.0
scanId=241905,4.031616666667,841.2291700534032,3559.0
scanId=241905,4.031616666667,841.2458727269749,3716.0
scanId=241905,4.031616666667,841.2625755937763,3704.0
scanId=241905,4.031616666667,841.2792785989944,3661.0
scanId=241905,4.031616666667,841.2959817974257,3554.0
scanId=241905,4.031616666667,841.3126851342905,3630.0
scanId=241905,4.031616666667,841.3293886643517,3640.0
scanId=241905,4.031616666667,841.3460923328629,3739.0
scanId=241905,4.031616666667,841.3627961945539,3829.0
scanId=241905,4.031616666667,841.3795001947118,3615.0
scanId=241905,4.031616666667,841.3962043880325,3343.0
scanId=241905,4.031616666667,841.412908719837,3314.0
scanId=241905,4.031616666667,841.4296132447878,3986.0
scanId=241905,4.031616666667,841.4463179082388,10090.0
scanId=241905,4.031616666667,841.4630227648192,32002.0
scanId=241905,4.031616666667,841.479727759917,75203.0
scanId=241905,4.031616666667,841.4964329481272,122598.0
scanId=241905,4.031616666667,841.5131382748715,144487.0
scanId=241905,4.031616666667,841.5298437947116,130688.0
scanId=241905,4.031616666667,841.5465494531023,99611.0
scanId=241905,4.031616666667,841.5632553045723,70455.0
scanId=241905,4.031616666667,841.5799612946096,48871.0
scanId=241905,4.031616666667,841.5966674777096,34034.0
scanId=241905,4.031616666667,841.6133737993935,24090.0
scanId=241905,4.031616666667,841.6300803141231,17153.0
scanId=241905,4.031616666667,841.6467869674536,12331.0
scanId=241905,4.031616666667,841.6634938138131,9199.0
scanId=241905,4.031616666667,841.6802007987902,6944.0
scanId=241905,4.031616666667,841.6969079767795,5620.0
scanId=241905,4.031616666667,841.7136152934031,4936.0
scanId=241905,4.031616666667,841.7303228030223,4431.0
scanId=241905,4.031616666667,841.7470304512925,4144.0
scanId=241905,4.031616666667,841.7637382925416,3897.0
scanId=241905,4.031616666667,841.7804462724586,3472.0
scanId=241905,4.031616666667,841.7971544453374,3192.0
scanId=241905,4.031616666667,841.8138627569008,3173.0
scanId=241905,4.031616666667,841.8305712614094,3093.0
scanId=241905,4.031616666667,841.8472799046193,2971.0
scanId=241905,4.031616666667,841.8639887407578,2943.0
scanId=241905,4.031616666667,841.8806977156145,2902.0
scanId=241905,4.031616666667,841.8974068833828,2877.0
scanId=241905,4.031616666667,841.9141161898859,2963.0
scanId=241905,4.031616666667,841.9308256892841,2918.0
scanId=241905,4.031616666667,841.9475353274338,2632.0
scanId=241905,4.031616666667,841.964245158462,2530.0
scanId=241905,4.031616666667,841.9809551282582,2556.0
scanId=241905,4.031616666667,841.9976652909161,2639.0
scanId=241905,4.031616666667,842.014375592359,2827.0
scanId=241905,4.031616666667,842.0310860866466,2768.0
scanId=241905,4.031616666667,842.0477967197361,2788.0
scanId=241905,4.031616666667,842.0645075456536,2792.0
scanId=241905,4.031616666667,842.0812185103896,2512.0
scanId=241905,4.031616666667,842.0979296679369,2310.0
scanId=241905,4.031616666667,842.1146409643195,2333.0
scanId=241905,4.031616666667,842.1313524534969,2495.0
scanId=241905,4.031616666667,842.1480640815261,2482.0
scanId=241905,4.031616666667,842.1647759023331,2494.0
scanId=241905,4.031616666667,842.1814878620088,2511.0
scanId=241905,4.031616666667,842.1982000144457,2443.0
scanId=241905,4.031616666667,842.214912305768,2293.0
scanId=241905,4.031616666667,842.2316247898347,2222.0
scanId=241905,4.031616666667,842.2483374128035,2285.0
scanId=241905,4.031616666667,842.2650502285001,2294.0
scanId=241905,4.031616666667,842.2817631831156,2258.0
scanId=241905,4.031616666667,842.298476330442,2269.0
scanId=241905,4.031616666667,842.3151896167042,2284.0
scanId=241905,4.031616666667,842.3319030956604,2405.0
scanId=241905,4.031616666667,842.3486167135692,2256.0
scanId=241905,4.031616666667,842.3653305241552,1910.0
scanId=241905,4.031616666667,842.3820444737104,1814.0
scanId=241905,4.031616666667,842.3987586159262,1809.0
scanId=241905,4.031616666667,842.4154728971281,1972.0
scanId=241905,4.031616666667,842.4321873709738,2247.0
scanId=241905,4.031616666667,842.4489019838221,3556.0
scanId=241905,4.031616666667,842.4656167892977,8360.0
scanId=241905,4.031616666667,842.4823317337928,17630.0
scanId=241905,4.031616666667,842.4990468708982,27688.0
scanId=241905,4.031616666667,842.5157621470398,31676.0
scanId=241905,4.031616666667,842.532477615775,28189.0
scanId=241905,4.031616666667,842.5491932235632,21615.0
scanId=241905,4.031616666667,842.5659090239282,15380.0
scanId=241905,4.031616666667,842.5826249633628,10750.0
scanId=241905,4.031616666667,842.5993410953578,7709.0
scanId=241905,4.031616666667,842.6160573664391,5572.0
scanId=241905,4.031616666667,842.6327738300638,3985.0
scanId=241905,4.031616666667,842.6494904327917,3022.0
scanId=241905,4.031616666667,842.6662072280465,2689.0
scanId=241905,4.031616666667,842.6829241624209,2571.0
scanId=241905,4.031616666667,842.6996412893053,2429.0
scanId=241905,4.031616666667,842.7163585553263,2137.0
scanId=241905,4.031616666667,842.7330760138406,1884.0
scanId=241905,4.031616666667,842.749793611508,1713.0
scanId=241905,4.031616666667,842.7665114016521,1723.0
scanId=241905,4.031616666667,842.7832293309664,1710.0
scanId=241905,4.031616666667,842.7999474527403,1567.0
scanId=241905,4.031616666667,842.816665713701,1625.0
scanId=241905,4.031616666667,842.8333841671048,1678.0
scanId=241905,4.031616666667,842.8501027597124,1672.0
scanId=241905,4.031616666667,842.8668215447459,1633.0
scanId=241905,4.031616666667,842.883540469,1534.0
scanId=241905,4.031616666667,842.9002595856633,1367.0
scanId=241905,4.031616666667,842.9169788415638,1327.0
scanId=241905,4.031616666667,842.9336982898571,1381.0
scanId=241905,4.031616666667,842.9504178774041,1344.0
scanId=241905,4.031616666667,842.9671376573273,1313.0
scanId=241905,4.031616666667,842.983857576521,1292.0
scanId=241905,4.031616666667,843.0005776880739,1336.0
scanId=241905,4.031616666667,843.0172979389142,1417.0
scanId=241905,4.031616666667,843.034018382097,1385.0
scanId=241905,4.031616666667,843.050738964584,1296.0
scanId=241905,4.031616666667,843.0674597393966,1159.0
scanId=241905,4.031616666667,843.0841806535299,1116.0
scanId=241905,4.031616666667,843.1009017599723,1111.0
scanId=241905,4.031616666667,843.1176230057524,1091.0
scanId=241905,4.031616666667,843.1343444438246,1010.0
scanId=241905,4.031616666667,843.1510660212513,1023.0
scanId=241905,4.031616666667,843.2179540420783,1121.0
scanId=241905,4.031616666667,843.23467647504,1144.0
scanId=241905,4.031616666667,843.2513990474064,1154.0
scanId=241905,4.031616666667,843.2681218119981,1200.0
scanId=241905,4.031616666667,843.284844716011,1330.0
scanId=241905,4.031616666667,843.3015678122325,1251.0
scanId=241905,4.031616666667,843.3182910478919,1201.0
scanId=241905,4.031616666667,843.3350144757432,1204.0
scanId=241905,4.031616666667,843.3517380430493,1291.0
scanId=241905,4.031616666667,843.3684618025306,1345.0
scanId=241905,4.031616666667,843.3851857014832,1296.0
scanId=241905,4.031616666667,843.4019097925942,1158.0
scanId=241905,4.031616666667,843.4186340231935,1132.0
scanId=241905,4.031616666667,843.4353584459342,1203.0
scanId=241905,4.031616666667,843.4520830081801,1330.0
scanId=241905,4.031616666667,843.4688077625507,1874.0
scanId=241905,4.031616666667,843.4855326564431,3067.0
scanId=241905,4.031616666667,843.5022577424436,4850.0
scanId=241905,4.031616666667,843.5189829679825,5986.0
scanId=241905,4.031616666667,843.5357083856128,5658.0
scanId=241905,4.031616666667,843.5524339427985,4527.0
scanId=241905,4.031616666667,843.5691596920587,3219.0
scanId=241905,4.031616666667,843.5858855808908,2243.0
scanId=241905,4.031616666667,843.6026116617809,1549.0
scanId=241905,4.031616666667,843.6193378822595,1222.0
scanId=241905,4.031616666667,843.6360642947793,1082.0
scanId=241905,4.031616666667,843.7196987660242,1055.0
scanId=241905,4.031616666667,843.7364261734338,1107.0
scanId=241905,4.031616666667,843.8367940215757,1057.0
scanId=241905,4.031616666667,843.8535225635804,1062.0
scanId=241905,4.031616666667,844.5060655627657,1307.0
scanId=241905,4.031616666667,844.5228007377021,1709.0
scanId=241905,4.031616666667,844.5395361042275,1606.0
scanId=241905,4.031616666667,844.5562716108105,1200.0
scanId=241905,4.031616666667,853.4662537422832,1609.0
scanId=241905,4.031616666667,853.4830774668599,1938.0
scanId=241905,4.031616666667,853.4999013785518,1766.0
scanId=241905,4.031616666667,853.5167254347753,1461.0
scanId=241905,4.031616666667,853.5335496780968,1135.0
scanId=241905,4.031616666667,855.4525991481114,1212.0
scanId=241905,4.031616666667,855.4694424398376,2893.0
scanId=241905,4.031616666667,855.4862859176898,4829.0
scanId=241905,4.031616666667,855.5031295410625,5387.0
scanId=241905,4.031616666667,855.5199733505444,4512.0
scanId=241905,4.031616666667,855.5368173055639,3242.0
scanId=241905,4.031616666667,855.5536614466757,2277.0
scanId=241905,4.031616666667,855.5705057333417,1635.0
scanId=241905,4.031616666667,855.5873502060834,1180.0
scanId=241905,4.031616666667,856.4634907607134,1013.0
scanId=241905,4.031616666667,856.4803440018378,1841.0
scanId=241905,4.031616666667,856.497197428585,2571.0
scanId=241905,4.031616666667,856.5140510013558,2711.0
scanId=241905,4.031616666667,856.5309047597331,2215.0
scanId=241905,4.031616666667,856.5477586641506,1547.0
scanId=241905,4.031616666667,856.5646127541575,1059.0
scanId=241905,4.031616666667,857.4412534192234,1590.0
scanId=241905,4.031616666667,857.4581162780993,4635.0
scanId=241905,4.031616666667,857.4749793221117,12256.0
scanId=241905,4.031616666667,857.4918425126341,22937.0
scanId=241905,4.031616666667,857.5087058882764,30892.0
scanId=241905,4.031616666667,857.5255694104454,31350.0
scanId=241905,4.031616666667,857.5424331177176,25576.0
scanId=241905,4.031616666667,857.5592969715332,18396.0
scanId=241905,4.031616666667,857.5761610104352,12572.0
scanId=241905,4.031616666667,857.5930251958977,8340.0
scanId=241905,4.031616666667,857.6098895664295,5331.0
scanId=241905,4.031616666667,857.6267540835383,3518.0
scanId=241905,4.031616666667,857.6436187856999,2268.0
scanId=241905,4.031616666667,857.6604836344553,1475.0
scanId=241905,4.031616666667,857.6773486682469,1051.0
scanId=241905,4.031616666667,858.4533190311251,1871.0
scanId=241905,4.031616666667,858.470191839399,5334.0
scanId=241905,4.031616666667,858.4870648323068,11452.0
scanId=241905,4.031616666667,858.5039379722274,18080.0
scanId=241905,4.031616666667,858.5208112967648,21100.0
scanId=241905,4.031616666667,858.537684768332,18843.0
scanId=241905,4.031616666667,858.5545584244993,14186.0
scanId=241905,4.031616666667,858.5714322277131,9961.0
scanId=241905,4.031616666667,858.5883062155101,6684.0
scanId=241905,4.031616666667,858.6051803503705,4474.0
scanId=241905,4.031616666667,858.6220546697974,3103.0
scanId=241905,4.031616666667,858.6389291363043,2109.0
scanId=241905,4.031616666667,858.6558037873612,1565.0
scanId=241905,4.031616666667,858.672678585515,1257.0
scanId=241905,4.031616666667,859.4659815918247,1025.0
scanId=241905,4.031616666667,859.4828643494969,2585.0
scanId=241905,4.031616666667,859.4997472912995,4682.0
scanId=241905,4.031616666667,859.5166303806183,6280.0
scanId=241905,4.031616666667,859.5335136540508,6483.0
scanId=241905,4.031616666667,859.5503970750162,5376.0
scanId=241905,4.031616666667,859.5672806800787,4068.0
scanId=241905,4.031616666667,859.5841644326907,2988.0
scanId=241905,4.031616666667,859.6010483693829,2138.0
scanId=241905,4.031616666667,859.6179324536415,1544.0
scanId=241905,4.031616666667,859.6348167219635,1085.0
scanId=241905,4.031616666667,860.5130266990909,1297.0
scanId=241905,4.031616666667,860.529919737808,1792.0
scanId=241905,4.031616666667,860.5468129601355,1595.0
scanId=241905,4.031616666667,860.5637063304991,1194.0
scanId=241905,4.031616666667,861.4254885573264,2121.0
scanId=241905,4.031616666667,861.4423905505017,6141.0
scanId=241905,4.031616666667,861.4592927268349,12040.0
scanId=241905,4.031616666667,861.4761950516569,17776.0
scanId=241905,4.031616666667,861.4930975596199,20005.0
scanId=241905,4.031616666667,861.5100002160884,17863.0
scanId=241905,4.031616666667,861.5269030556815,13367.0
scanId=241905,4.031616666667,861.5438060437967,9041.0
scanId=241905,4.031616666667,861.5607092150193,5983.0
scanId=241905,4.031616666667,861.5776125347811,4075.0
scanId=241905,4.031616666667,861.5945160376336,2674.0
scanId=241905,4.031616666667,861.611419689042,1737.0
scanId=241905,4.031616666667,861.6283235235243,1114.0
scanId=241905,4.031616666667,862.4229903742381,1089.0
scanId=241905,4.031616666667,862.4399021678365,3229.0
scanId=241905,4.031616666667,862.45681411041,7523.0
scanId=241905,4.031616666667,862.4737262356383,11805.0
scanId=241905,4.031616666667,862.4906385098586,14161.0
scanId=241905,4.031616666667,862.5075509667167,12999.0
scanId=241905,4.031616666667,862.5244635725835,9744.0
scanId=241905,4.031616666667,862.5413763610715,6597.0
scanId=241905,4.031616666667,862.5582892985849,4494.0
scanId=241905,4.031616666667,862.5752024187026,3151.0
scanId=241905,4.031616666667,862.5921156878626,2232.0
scanId=241905,4.031616666667,862.6090291396105,1463.0
scanId=241905,4.031616666667,863.4210694243278,2066.0
scanId=241905,4.031616666667,863.4379909846531,3588.0
scanId=241905,4.031616666667,863.4549127271465,4964.0
scanId=241905,4.031616666667,863.4718346191185,5686.0
scanId=241905,4.031616666667,863.4887566932417,5604.0
scanId=241905,4.031616666667,863.5056789168603,4827.0
scanId=241905,4.031616666667,863.5226013226136,3819.0
scanId=241905,4.031616666667,863.5395238778787,2792.0
scanId=241905,4.031616666667,863.5564466152616,1917.0
scanId=241905,4.031616666667,863.5733695021734,1319.0
scanId=241905,4.031616666667,864.4366570341451,1106.0
scanId=241905,4.031616666667,864.4535885438686,1903.0
scanId=241905,4.031616666667,864.4705202352573,2244.0
scanId=241905,4.031616666667,864.4874520766274,2273.0
scanId=241905,4.031616666667,864.5043840996458,2121.0
scanId=241905,4.031616666667,864.5213162726625,1698.0
scanId=241905,4.031616666667,864.5382486273107,1271.0
scanId=241905,4.031616666667,865.4867246921687,2043.0
scanId=241905,4.031616666667,865.503666482937,3392.0
scanId=241905,4.031616666667,865.5206084548505,3867.0
scanId=241905,4.031616666667,865.5375505772655,3437.0
scanId=241905,4.031616666667,865.5544928808089,2695.0
scanId=241905,4.031616666667,865.5714353348704,1922.0
scanId=241905,4.031616666667,865.5883779700437,1410.0
scanId=241905,4.031616666667,865.6053207557519,1045.0
scanId=241905,4.031616666667,866.5035260978808,1761.0
scanId=241905,4.031616666667,866.5204778380473,2360.0
scanId=241905,4.031616666667,866.537429758856,2259.0
scanId=241905,4.031616666667,866.5543818306695,1776.0
scanId=241905,4.031616666667,866.571334083108,1563.0
scanId=241905,4.031616666667,866.5882864865678,1451.0
scanId=241905,4.031616666667,866.6052390706361,1200.0
scanId=241905,4.031616666667,869.4556259199164,1255.0
scanId=241905,4.031616666667,869.4726065133382,1472.0
scanId=241905,4.031616666667,869.4895872859427,1227.0
scanId=241905,4.031616666667,871.4944818807897,1461.0
scanId=241905,4.031616666667,871.5114823730079,2429.0
scanId=241905,4.031616666667,871.5284830434025,3125.0
scanId=241905,4.031616666667,871.5454838672672,3033.0
scanId=241905,4.031616666667,871.5624848692917,2510.0
scanId=241905,4.031616666667,871.5794860248033,1918.0
scanId=241905,4.031616666667,871.5964873584575,1500.0
scanId=241905,4.031616666667,871.6134888456155,1167.0
scanId=241905,4.031616666667,872.4977949967673,1528.0
scanId=241905,4.031616666667,872.5148052844271,2280.0
scanId=241905,4.031616666667,872.5318157260435,2527.0
scanId=241905,4.031616666667,872.5488263453333,2199.0
scanId=241905,4.031616666667,872.5658371185963,1627.0
scanId=241905,4.031616666667,872.5828480695158,1100.0
scanId=241905,4.031616666667,873.5187054003095,1354.0
scanId=241905,4.031616666667,873.5357256368644,1341.0
scanId=241905,4.031616666667,873.552746027879,1084.0
scanId=241905,4.031616666667,877.4036091068168,1329.0
scanId=241905,4.031616666667,877.4206671491731,3412.0
scanId=241905,4.031616666667,877.4377253479008,5678.0
scanId=241905,4.031616666667,877.454783721887,6898.0
scanId=241905,4.031616666667,877.4718422522614,6791.0
scanId=241905,4.031616666667,877.4889009578774,5865.0
scanId=241905,4.031616666667,877.5059598198983,4340.0
scanId=241905,4.031616666667,877.523018857144,2858.0
scanId=241905,4.031616666667,877.5400780508119,1869.0
scanId=241905,4.031616666667,877.5571374196876,1300.0
scanId=241905,4.031616666667,878.4273848645909,1998.0
scanId=241905,4.031616666667,878.4444528558425,3361.0
scanId=241905,4.031616666667,878.4615210039684,4272.0
scanId=241905,4.031616666667,878.4785893268496,4531.0
scanId=241905,4.031616666667,878.495657806622,3670.0
scanId=241905,4.031616666667,878.5127264611331,2454.0
scanId=241905,4.031616666667,878.5297952725522,1596.0
scanId=241905,4.031616666667,878.5468642586931,1068.0
scanId=241905,4.031616666667,879.4176021967672,1033.0
scanId=241905,4.031616666667,879.4346798052838,1910.0
scanId=241905,4.031616666667,879.4517575711612,2958.0
scanId=241905,4.031616666667,879.4688355113078,4878.0
scanId=241905,4.031616666667,879.4859136088317,9534.0
scanId=241905,4.031616666667,879.5029918806081,18369.0
scanId=241905,4.031616666667,879.5200703097788,29100.0
scanId=241905,4.031616666667,879.537148913185,35025.0
scanId=241905,4.031616666667,879.5542276740022,32305.0
scanId=241905,4.031616666667,879.5713066090382,24697.0
scanId=241905,4.031616666667,879.5883857015018,17189.0
scanId=241905,4.031616666667,879.6054649681677,11541.0
scanId=241905,4.031616666667,879.6225443922781,7745.0
scanId=241905,4.031616666667,879.6396239905738,5220.0
scanId=241905,4.031616666667,879.6567037463307,3543.0
scanId=241905,4.031616666667,879.6737836762562,2367.0
scanId=241905,4.031616666667,879.6908637636598,1606.0
scanId=241905,4.031616666667,879.7079440252153,1145.0
scanId=241905,4.031616666667,880.4425519538395,1291.0
scanId=241905,4.031616666667,880.4596395112512,1993.0
scanId=241905,4.031616666667,880.4767272265267,3546.0
scanId=241905,4.031616666667,880.4938151155683,7939.0
scanId=241905,4.031616666667,880.5109031624902,15085.0
scanId=241905,4.031616666667,880.5279913831616,20606.0
scanId=241905,4.031616666667,880.5450797617303,21226.0
scanId=241905,4.031616666667,880.5621683140315,18248.0
scanId=241905,4.031616666667,880.5792570242468,13744.0
scanId=241905,4.031616666667,880.5963459081778,9488.0
scanId=241905,4.031616666667,880.6134349500398,6219.0
scanId=241905,4.031616666667,880.6305241656008,4086.0
scanId=241905,4.031616666667,880.6476135391092,2711.0
scanId=241905,4.031616666667,880.6647030862999,1857.0
scanId=241905,4.031616666667,880.681792791455,1247.0
scanId=241905,4.031616666667,881.4680986597057,1227.0
scanId=241905,4.031616666667,881.4851961660124,2250.0
scanId=241905,4.031616666667,881.502293830686,4226.0
scanId=241905,4.031616666667,881.5193916686228,6442.0
scanId=241905,4.031616666667,881.5364896649429,7669.0
scanId=241905,4.031616666667,881.5535878345094,7445.0
scanId=241905,4.031616666667,881.570686162476,6076.0
scanId=241905,4.031616666667,881.5877846636724,4351.0
scanId=241905,4.031616666667,881.6048833232857,3140.0
scanId=241905,4.031616666667,881.6219821561118,2270.0
scanId=241905,4.031616666667,881.6390811473716,1673.0
scanId=241905,4.031616666667,881.6561803118276,1223.0
scanId=241905,4.031616666667,882.4942423143649,1291.0
scanId=241905,4.031616666667,882.5113497695669,1750.0
scanId=241905,4.031616666667,882.5284573836384,2420.0
scanId=241905,4.031616666667,882.5455651704701,2692.0
scanId=241905,4.031616666667,882.5626731161881,2413.0
scanId=241905,4.031616666667,882.5797812346498,1831.0
scanId=241905,4.031616666667,882.5968895120145,1263.0
scanId=241905,4.031616666667,883.520982917816,1334.0
scanId=241905,4.031616666667,883.5381003219131,1857.0
scanId=241905,4.031616666667,883.5552178853824,1919.0
scanId=241905,4.031616666667,883.5723356211092,1682.0
scanId=241905,4.031616666667,883.5894535162253,1406.0
scanId=241905,4.031616666667,883.606571583582,1156.0
scanId=241905,4.031616666667,885.4562985226106,1000.0
scanId=241905,4.031616666667,885.4734346582892,1072.0
scanId=241905,4.031616666667,887.4795075064941,1143.0
scanId=241905,4.031616666667,887.4966632093219,1336.0
scanId=241905,4.031616666667,887.5138190824799,1296.0
scanId=241905,4.031616666667,887.5309751169542,1033.0
scanId=241905,4.031616666667,888.4919778208904,1003.0
scanId=241905,4.031616666667,888.5091433113138,1212.0
scanId=241905,4.031616666667,888.5263089635391,1114.0
scanId=241905,4.031616666667,889.4878502479327,1214.0
scanId=241905,4.031616666667,889.5050253556215,1433.0
scanId=241905,4.031616666667,889.522200625598,1402.0
scanId=241905,4.031616666667,889.5393760649164,1239.0
scanId=241905,4.031616666667,893.528559336917,1028.0
scanId=241905,4.031616666667,893.5457734095437,1100.0
scanId=241905,4.031616666667,895.4747989350429,2057.0
scanId=241905,4.031616666667,895.492031746323,4595.0
scanId=241905,4.031616666667,895.5092647228048,7507.0
scanId=241905,4.031616666667,895.5264978657148,10227.0
scanId=241905,4.031616666667,895.5437311738428,11424.0
scanId=241905,4.031616666667,895.5609646483827,10803.0
scanId=241905,4.031616666667,895.5781982881573,9219.0
scanId=241905,4.031616666667,895.595432094327,7153.0
scanId=241905,4.031616666667,895.6126660657482,5018.0
scanId=241905,4.031616666667,895.6299002035475,3304.0
scanId=241905,4.031616666667,895.6471345066154,2151.0
scanId=241905,4.031616666667,895.6643689760447,1408.0
scanId=241905,4.031616666667,896.4745760703534,1545.0
scanId=241905,4.031616666667,896.4918184988987,3082.0
scanId=241905,4.031616666667,896.5090610931309,5031.0
scanId=241905,4.031616666667,896.526303853306,7243.0
scanId=241905,4.031616666667,896.5435467791847,8584.0
scanId=241905,4.031616666667,896.5607898709898,8379.0
scanId=241905,4.031616666667,896.578033128515,7194.0
scanId=241905,4.031616666667,896.59527655195,5636.0
scanId=241905,4.031616666667,896.612520141122,4124.0
scanId=241905,4.031616666667,896.6297638961868,2912.0
scanId=241905,4.031616666667,896.647007817005,2069.0
scanId=241905,4.031616666667,896.6642519036996,1472.0
scanId=241905,4.031616666667,896.6814961561645,1036.0
scanId=241905,4.031616666667,897.4749110211225,1094.0
scanId=241905,4.031616666667,897.4921630669331,1915.0
scanId=241905,4.031616666667,897.5094152789158,3354.0
scanId=241905,4.031616666667,897.5266676563565,4872.0
scanId=241905,4.031616666667,897.5439201999856,5627.0
scanId=241905,4.031616666667,897.5611729090559,5286.0
scanId=241905,4.031616666667,897.5784257843317,4350.0
scanId=241905,4.031616666667,897.5956788250319,3395.0
scanId=241905,4.031616666667,897.6129320319542,2474.0
scanId=241905,4.031616666667,897.6301854042841,1805.0
scanId=241905,4.031616666667,897.647438942853,1335.0
scanId=241905,4.031616666667,898.5103272801575,1067.0
scanId=241905,4.031616666667,898.5275892748633,2004.0
scanId=241905,4.031616666667,898.5448514362429,2980.0
scanId=241905,4.031616666667,898.5621137625784,3302.0
scanId=241905,4.031616666667,898.5793762556046,2908.0
scanId=241905,4.031616666667,898.5966389135701,2261.0
scanId=241905,4.031616666667,898.6139017382432,1647.0
scanId=241905,4.031616666667,898.6311647278384,1155.0
scanId=241905,4.031616666667,899.5290687088248,1051.0
scanId=241905,4.031616666667,899.5463404879548,1311.0
scanId=241905,4.031616666667,899.5636124315556,1384.0
scanId=241905,4.031616666667,899.5808845423321,1152.0
scanId=241905,4.031616666667,905.5150009674536,1080.0
scanId=241905,4.031616666667,905.5323301214374,1083.0
scanId=241905,4.031616666667,907.4915923207036,1072.0
scanId=241905,4.031616666667,907.5089403785404,1041.0
scanId=241905,4.031616666667,909.5224400352836,1381.0
scanId=241905,4.031616666667,909.5398074882772,2043.0
scanId=241905,4.031616666667,909.5571751132596,2369.0
scanId=241905,4.031616666667,909.5745428978832,2149.0
scanId=241905,4.031616666667,909.591910854512,1758.0
scanId=241905,4.031616666667,909.6092789707654,1405.0
scanId=241905,4.031616666667,909.626647259041,1063.0
scanId=241905,4.031616666667,910.5126496757092,1090.0
scanId=241905,4.031616666667,910.5300265867944,1526.0
scanId=241905,4.031616666667,910.5474036570536,2049.0
scanId=241905,4.031616666667,910.564780899785,2064.0
scanId=241905,4.031616666667,910.582158301674,1658.0
scanId=241905,4.031616666667,910.599535876052,1292.0
scanId=241905,4.031616666667,911.5381709537268,1053.0
scanId=241905,4.031616666667,911.5555576412512,1245.0
scanId=241905,4.031616666667,911.572944501732,1315.0
scanId=241905,4.031616666667,911.590331520886,1099.0
scanId=241905,4.031616666667,916.5175225632822,1000.0
scanId=241905,4.031616666667,916.5349566738732,1337.0
scanId=241905,4.031616666667,916.5523909598054,1341.0
scanId=241905,4.031616666667,916.569825402026,1067.0
scanId=241905,4.031616666667,919.4138566040828,1121.0
scanId=241905,4.031616666667,919.43131823995,1534.0
scanId=241905,4.031616666667,919.4487800525416,1909.0
scanId=241905,4.031616666667,919.4662420200387,1969.0
scanId=241905,4.031616666667,919.4837041642768,1822.0
scanId=241905,4.031616666667,919.501166463404,1563.0
scanId=241905,4.031616666667,919.5186289392884,1461.0
scanId=241905,4.031616666667,919.5360915700452,1542.0
scanId=241905,4.031616666667,919.5535543775763,1540.0
scanId=241905,4.031616666667,919.5710173399632,1366.0
scanId=241905,4.031616666667,919.5884804791408,1088.0
scanId=241905,4.031616666667,920.4967919298022,1021.0
scanId=241905,4.031616666667,920.5142638461944,1157.0
scanId=241905,4.031616666667,920.5317359398272,1269.0
scanId=241905,4.031616666667,920.5492081878492,1172.0
scanId=241905,4.031616666667,921.4405130104672,1015.0
scanId=241905,4.031616666667,921.4579938808648,1013.0
scanId=241905,4.031616666667,921.4754749289528,1084.0
scanId=241905,4.031616666667,921.4929561309804,1246.0
scanId=241905,4.031616666667,921.5104375107148,1423.0
scanId=241905,4.031616666667,921.5279190443724,1630.0
scanId=241905,4.031616666667,921.5454007557532,1647.0
scanId=241905,4.031616666667,921.5628826210404,1456.0
scanId=241905,4.031616666667,921.5803646640676,1251.0
scanId=241905,4.031616666667,921.5978468609848,1102.0
scanId=241905,4.031616666667,922.5596233870629,1084.0
scanId=241905,4.031616666667,922.5771148696156,1144.0
scanId=241905,4.031616666667,923.5044010668996,1052.0
scanId=241905,4.031616666667,923.5219015034576,1502.0
scanId=241905,4.031616666667,923.5394021186876,1991.0
scanId=241905,4.031616666667,923.5569028868756,2229.0
scanId=241905,4.031616666667,923.5744038337522,2205.0
scanId=241905,4.031616666667,923.59190493357,2078.0
scanId=241905,4.031616666667,923.609406212093,1705.0
scanId=241905,4.031616666667,923.6269076435408,1294.0
scanId=241905,4.031616666667,924.5547211457398,1049.0
scanId=241905,4.031616666667,924.5722315311932,1052.0
scanId=241905,4.031616666667,927.4987931334232,1053.0
scanId=241905,4.031616666667,927.5163313757828,1579.0
scanId=241905,4.031616666667,927.5338697987096,1812.0
scanId=241905,4.031616666667,927.5514083726993,1796.0
scanId=241905,4.031616666667,927.5689471272724,1644.0
scanId=241905,4.031616666667,927.5864860328916,1467.0
scanId=241905,4.031616666667,927.6040251191114,1180.0
scanId=241905,4.031616666667,928.5162857169012,1313.0
scanId=241905,4.031616666667,928.533833576526,1602.0
scanId=241905,4.031616666667,928.5513816171998,1616.0
scanId=241905,4.031616666667,928.5689298084544,1396.0
scanId=241905,4.031616666667,928.5864781807746,1064.0
scanId=241905,4.031616666667,929.4641078349414,1179.0
scanId=241905,4.031616666667,929.4816646485716,1479.0
scanId=241905,4.031616666667,929.4992216436996,1455.0
scanId=241905,4.031616666667,929.5167787889598,1348.0
scanId=241905,4.031616666667,929.5343361157342,1354.0
scanId=241905,4.031616666667,929.5518935926242,1360.0
scanId=241905,4.031616666667,929.5694512510448,1171.0
scanId=241905,4.031616666667,930.5353773853972,1008.0
scanId=241905,4.031616666667,931.5545337971812,1079.0
scanId=241905,4.031616666667,931.5721103594492,1023.0
scanId=241905,4.031616666667,935.531050936149,1171.0
scanId=241905,4.031616666667,935.5486649744626,1620.0
scanId=241905,4.031616666667,935.5662791600548,1769.0
scanId=241905,4.031616666667,935.5838935300144,1474.0
scanId=241905,4.031616666667,935.6015080472364,1012.0
scanId=241905,4.031616666667,936.570562375624,1085.0
scanId=241905,4.031616666667,936.5881861784816,1162.0
scanId=241905,4.031616666667,936.6058101661868,1086.0
scanId=241905,4.031616666667,937.5224855307856,1731.0
scanId=241905,4.031616666667,937.5401182876484,3505.0
scanId=241905,4.031616666667,937.5577512298069,5311.0
scanId=241905,4.031616666667,937.5753843182996,6203.0
scanId=241905,4.031616666667,937.5930175921048,5818.0
scanId=241905,4.031616666667,937.6106510122272,4477.0
scanId=241905,4.031616666667,937.6282846176786,3195.0
scanId=241905,4.031616666667,937.645918369431,2181.0
scanId=241905,4.031616666667,937.6635523065288,1459.0
scanId=241905,4.031616666667,938.5278178643013,1893.0
scanId=241905,4.031616666667,938.5454600925588,3359.0
scanId=241905,4.031616666667,938.563102466687,4316.0
scanId=241905,4.031616666667,938.5807450265908,4564.0
scanId=241905,4.031616666667,938.598387732349,4224.0
scanId=241905,4.031616666667,938.6160306238992,3396.0
scanId=241905,4.031616666667,938.6336736612872,2472.0
scanId=241905,4.031616666667,938.651316884484,1817.0
scanId=241905,4.031616666667,938.6689602535016,1321.0
scanId=241905,4.031616666667,939.0218626558394,1032.0
scanId=241905,4.031616666667,939.0395095271464,1111.0
scanId=241905,4.031616666667,939.5160374495184,1182.0
scanId=241905,4.031616666667,939.5336889638749,1626.0
scanId=241905,4.031616666667,939.5513406236386,1995.0
scanId=241905,4.031616666667,939.5689924696412,2047.0
scanId=241905,4.031616666667,939.5866444610348,1874.0
scanId=241905,4.031616666667,939.6042966386842,1574.0
scanId=241905,4.031616666667,939.6219489617076,1093.0
scanId=241905,4.031616666667,941.5293769632168,1051.0
scanId=241905,4.031616666667,941.5470473814172,1036.0
scanId=241905,4.031616666667,943.5271823273948,2000.0
scanId=241905,4.031616666667,943.5448714613298,3647.0
scanId=241905,4.031616666667,943.5625607833732,4475.0
scanId=241905,4.031616666667,943.5802502489385,4121.0
scanId=241905,4.031616666667,943.597939902628,3229.0
scanId=241905,4.031616666667,943.6156296998228,2274.0
scanId=241905,4.031616666667,943.6333196851592,1570.0
scanId=241905,4.031616666667,943.6510098139836,1103.0
scanId=241905,4.031616666667,944.5180298131976,1303.0
scanId=241905,4.031616666667,944.5357282327682,1846.0
scanId=241905,4.031616666667,944.5534268409097,2241.0
scanId=241905,4.031616666667,944.57112559211,2331.0
scanId=241905,4.031616666667,944.588824531898,2092.0
scanId=241905,4.031616666667,944.606523614728,1692.0
scanId=241905,4.031616666667,944.6242228861622,1279.0
scanId=241905,4.031616666667,945.5271050127424,1093.0
scanId=241905,4.031616666667,945.544812906982,1507.0
scanId=241905,4.031616666667,945.5625209438176,1796.0
scanId=241905,4.031616666667,945.5802291697034,1698.0
scanId=241905,4.031616666667,945.5979375381692,1409.0
scanId=241905,4.031616666667,945.6156460957012,1096.0
scanId=241905,4.031616666667,947.5645984709032,1106.0
scanId=241905,4.031616666667,947.5823254106396,1066.0
scanId=241905,4.031616666667,953.5479692323944,1098.0
scanId=241905,4.031616666667,953.5657520787036,1639.0
scanId=241905,4.031616666667,953.5835350638824,1817.0
scanId=241905,4.031616666667,953.6013182418376,1541.0
scanId=241905,4.031616666667,953.6191015586464,1226.0
scanId=241905,4.031616666667,954.5618553648382,1022.0
scanId=241905,4.031616666667,954.5796476356523,1428.0
scanId=241905,4.031616666667,954.597440099704,1481.0
scanId=241905,4.031616666667,954.615232702148,1135.0
scanId=241905,4.031616666667,959.4966567611872,1072.0
scanId=241905,4.031616666667,959.5144949924246,1047.0
scanId=241905,4.031616666667,959.5323333597862,1061.0
scanId=241905,4.031616666667,959.5501719226698,1203.0
scanId=241905,4.031616666667,959.5680106216616,1320.0
scanId=241905,4.031616666667,959.5858495161914,1286.0
scanId=241905,4.031616666667,959.6036885468126,1150.0
scanId=241905,4.031616666667,963.568061162724,1009.0
scanId=241905,4.031616666667,963.5859372016332,1184.0
scanId=241905,4.031616666667,963.603813374796,1142.0
scanId=241905,4.031616666667,965.4996297626471,1068.0
scanId=241905,4.031616666667,965.517523710452,1760.0
scanId=241905,4.031616666667,965.535417791626,2419.0
scanId=241905,4.031616666667,965.553312071077,2636.0
scanId=241905,4.031616666667,965.5712064838808,2271.0
scanId=241905,4.031616666667,965.5891010949782,1823.0
scanId=241905,4.031616666667,965.606995839412,1411.0
scanId=241905,4.031616666667,965.6248907821556,1017.0
scanId=241905,4.031616666667,966.5198485263014,1252.0
scanId=241905,4.031616666667,966.5377518931108,1591.0
scanId=241905,4.031616666667,966.5556554586558,1806.0
scanId=241905,4.031616666667,966.5735591570954,1645.0
scanId=241905,4.031616666667,966.5914630542864,1311.0
scanId=241905,4.031616666667,966.6093670843557,1067.0
scanId=241905,4.031616666667,967.5226933505672,1233.0
scanId=241905,4.031616666667,967.5406060030122,1426.0
scanId=241905,4.031616666667,967.5585188546504,1399.0
scanId=241905,4.031616666667,967.5764318387252,1304.0
scanId=241905,4.031616666667,967.59434502201,1114.0
scanId=241905,4.031616666667,968.5619022590548,1021.0
scanId=241905,4.031616666667,977.579742054742,1124.0
scanId=241905,4.031616666667,977.5977475635412,1348.0
scanId=241905,4.031616666667,977.6157532761036,1384.0
scanId=241905,4.031616666667,977.6337591165326,1170.0
scanId=241905,4.031616666667,983.5666883646718,1133.0
scanId=241905,4.031616666667,983.584748924024,1390.0
scanId=241905,4.031616666667,983.602809689837,1363.0
scanId=241905,4.031616666667,983.6208705808187,1147.0
scanId=241905,4.031616666667,997.4314890672902,1045.0
scanId=241905,4.031616666667,997.449676521876,1059.0
scanId=241905,4.031616666667,1021.6384696841436,1008.0
scanId=241905,4.031616666667,1033.6008425827033,1100.0
scanId=241905,4.031616666667,1033.6193568116717,1033.0
scanId=241905,4.031616666667,1041.614440070177,1048.0
scanId=241905,4.031616666667,1047.551750705941,1032.0
scanId=241905,4.031616666667,1047.5703895302922,2185.0
scanId=241905,4.031616666667,1047.5890284520792,2839.0
scanId=241905,4.031616666667,1047.6076676080756,2559.0
scanId=241905,4.031616666667,1047.6263068614924,1958.0
scanId=241905,4.031616666667,1047.6449463491342,1481.0
scanId=241905,4.031616666667,1047.663585934181,1114.0
scanId=241905,4.031616666667,1048.558482661273,1495.0
scanId=241905,4.031616666667,1048.5771304400496,2075.0
scanId=241905,4.031616666667,1048.5957783158422,2167.0
scanId=241905,4.031616666667,1048.614426426264,1815.0
scanId=241905,4.031616666667,1048.6330746336864,1460.0
scanId=241905,4.031616666667,1048.6517230757538,1297.0
scanId=241905,4.031616666667,1048.6703716148058,1241.0
scanId=241905,4.031616666667,1048.6890203885184,1166.0
scanId=241905,4.031616666667,1048.7076692592004,1036.0
scanId=241905,4.031616666667,1049.58435487744,1177.0
scanId=241905,4.031616666667,1049.603011707238,1337.0
scanId=241905,4.031616666667,1049.621668772085,1302.0
scanId=241905,4.031616666667,1049.640325933513,1280.0
scanId=241905,4.031616666667,1049.6589833300054,1293.0
scanId=241905,4.031616666667,1049.677640823063,1188.0
scanId=241905,4.031616666667,1049.6962985512007,1081.0
scanId=241905,4.031616666667,1069.5478650432362,1133.0
scanId=241905,4.031616666667,1069.566698543352,1254.0
scanId=241905,4.031616666667,1069.585532131853,1185.0
scanId=241905,4.031616666667,1070.5651092453968,1013.0
scanId=241905,4.031616666667,1070.5839516999304,1008.0
scanId=241905,4.031616666667,1081.6162475729811,1089.0
scanId=241905,4.031616666667,1081.6351869514,1099.0
scanId=241905,4.031616666667,1081.654126577927,1126.0
scanId=241905,4.031616666667,1081.6730662879754,1089.0
scanId=241905,4.031616666667,1087.5523824490574,1197.0
scanId=241905,4.031616666667,1087.5713738121908,1394.0
scanId=241905,4.031616666667,1087.5903652564937,1516.0
scanId=241905,4.031616666667,1087.6093569512718,1543.0
scanId=241905,4.031616666667,1087.6283487272046,1295.0
scanId=241905,4.031616666667,1088.57815105926,1087.0
scanId=241905,4.031616666667,1088.597151376805,1217.0
scanId=241905,4.031616666667,1088.6161517751136,1221.0
scanId=241905,4.031616666667,1089.5663852357202,1113.0
scanId=241905,4.031616666667,1089.585394176031,1063.0
scanId=241905,4.031616666667,1109.540317807193,1013.0
scanId=241905,4.031616666667,1109.559500197684,1484.0
scanId=241905,4.031616666667,1109.5786826607728,1685.0
scanId=241905,4.031616666667,1109.597865382908,1628.0
scanId=241905,4.031616666667,1109.617048177627,1417.0
scanId=241905,4.031616666667,1109.636231231407,1070.0
scanId=241905,4.031616666667,1110.5764016631513,1290.0
scanId=241905,4.031616666667,1110.5955930080445,1387.0
scanId=241905,4.031616666667,1110.614784425139,1129.0
scanId=241905,4.031616666667,1150.6379406966057,1004.0
scanId=241905,4.031616666667,1165.689180098136,1060.0
scanId=241905,4.031616666667,1167.6364952152835,1308.0
scanId=241905,4.031616666667,1167.6561734137322,1603.0
scanId=241905,4.031616666667,1167.6758516634266,1616.0
scanId=241905,4.031616666667,1167.6955301935184,1529.0
scanId=241905,4.031616666667,1167.7152087748427,1333.0
scanId=241905,4.031616666667,1167.734887636578,1104.0
scanId=241905,4.031616666667,1168.6599784308755,1240.0
scanId=241905,4.031616666667,1168.6796652520584,1485.0
scanId=241905,4.031616666667,1168.6993521241286,1529.0
scanId=241905,4.031616666667,1168.7190392769553,1384.0
scanId=241905,4.031616666667,1168.7387264806553,1078.0
scanId=241905,4.031616666667,1169.6445197442476,1199.0
scanId=241905,4.031616666667,1169.6642148565213,1067.0
scanId=241905,4.031616666667,1181.610119844164,1006.0
scanId=241905,4.031616666667,1181.6299154444264,2518.0
scanId=241905,4.031616666667,1181.6497110910827,4510.0
scanId=241905,4.031616666667,1181.6695070229882,5783.0
scanId=241905,4.031616666667,1181.6893030012743,6086.0
scanId=241905,4.031616666667,1181.7090992648236,5287.0
scanId=241905,4.031616666667,1181.72889557474,3967.0
scanId=241905,4.031616666667,1181.7486921699324,2715.0
scanId=241905,4.031616666667,1181.7684888114784,1853.0
scanId=241905,4.031616666667,1181.7882857383142,1277.0
scanId=241905,4.031616666667,1182.6199038904567,1582.0
scanId=241905,4.031616666667,1182.6397078278592,2879.0
scanId=241905,4.031616666667,1182.6595120508505,4097.0
scanId=241905,4.031616666667,1182.6793163198824,4520.0
scanId=241905,4.031616666667,1182.6991208745171,3843.0
scanId=241905,4.031616666667,1182.7189254751795,2725.0
scanId=241905,4.031616666667,1182.738730361457,1865.0
scanId=241905,4.031616666667,1182.7585352937492,1306.0
scanId=241905,4.031616666667,1183.6301191104149,1062.0
scanId=241905,4.031616666667,1183.6499316244908,1654.0
scanId=241905,4.031616666667,1183.669744184269,1877.0
scanId=241905,4.031616666667,1183.6895570299885,1793.0
scanId=241905,4.031616666667,1183.7093699213965,1445.0
scanId=241905,4.031616666667,1183.7291830987592,1053.0
scanId=241905,4.031616666667,1197.6191194692778,1533.0
scanId=241905,4.031616666667,1197.6390487217868,2565.0
scanId=241905,4.031616666667,1197.6589780152674,3306.0
scanId=241905,4.031616666667,1197.6789075994193,3500.0
scanId=241905,4.031616666667,1197.6988372245298,3072.0
scanId=241905,4.031616666667,1197.7187671403249,2299.0
scanId=241905,4.031616666667,1197.7386970970651,1646.0
scanId=241905,4.031616666667,1197.758627344503,1146.0
scanId=241905,4.031616666667,1198.6157821009094,1273.0
scanId=241905,4.031616666667,1198.635719644497,2056.0
scanId=241905,4.031616666667,1198.6556572287236,2691.0
scanId=241905,4.031616666667,1198.675595103954,3071.0
scanId=241905,4.031616666667,1198.695533019811,2885.0
scanId=241905,4.031616666667,1198.7154712266845,2282.0
scanId=241905,4.031616666667,1198.7354094741709,1649.0
scanId=241905,4.031616666667,1198.7553480126878,1203.0
scanId=241905,4.031616666667,1199.632805112817,1184.0
scanId=241905,4.031616666667,1199.6527509877897,2090.0
scanId=241905,4.031616666667,1199.6726971540984,2627.0
scanId=241905,4.031616666667,1199.692643360701,2768.0
scanId=241905,4.031616666667,1199.7125898586526,2522.0
scanId=241905,4.031616666667,1199.7325363968846,1936.0
scanId=241905,4.031616666667,1199.75248322648,1369.0
scanId=241905,4.031616666667,1200.6702137498405,1155.0
scanId=241905,4.031616666667,1200.6901682471887,1479.0
scanId=241905,4.031616666667,1200.7101230362184,1638.0
scanId=241905,4.031616666667,1200.7300778651966,1416.0
scanId=241905,4.031616666667,1200.7500329858694,1040.0
scanId=241905,4.031616666667,1203.6252924419778,1457.0
scanId=241905,4.031616666667,1203.645271479934,1693.0
scanId=241905,4.031616666667,1203.6652508105512,1574.0
scanId=241905,4.031616666667,1203.685230180137,1206.0
scanId=241905,4.031616666667,1204.6444379668872,1422.0
scanId=241905,4.031616666667,1204.6644255885808,1656.0
scanId=241905,4.031616666667,1204.6844132489125,1518.0
scanId=241905,4.031616666667,1204.7044012022493,1305.0
scanId=241905,4.031616666667,1204.724389194211,1129.0
scanId=241905,4.031616666667,1205.6440189993853,1584.0
scanId=241905,4.031616666667,1205.6640149121545,2567.0
scanId=241905,4.031616666667,1205.6840108632323,3325.0
scanId=241905,4.031616666667,1205.7040071076444,3358.0
scanId=241905,4.031616666667,1205.7240033903522,2795.0
scanId=241905,4.031616666667,1205.7439999664075,2109.0
scanId=241905,4.031616666667,1205.763996580745,1519.0
scanId=241905,4.031616666667,1205.7839934884432,1040.0
scanId=241905,4.031616666667,1206.6640187812625,1289.0
scanId=241905,4.031616666667,1206.684023023086,1643.0
scanId=241905,4.031616666667,1206.7040275585737,1885.0
scanId=241905,4.031616666667,1206.7240321320276,1845.0
scanId=241905,4.031616666667,1206.7440369991582,1468.0
scanId=241905,4.031616666667,1206.7640419042414,1061.0
scanId=241905,4.031616666667,1207.6644371958942,1229.0
scanId=241905,4.031616666667,1207.6844497284635,1373.0
scanId=241905,4.031616666667,1207.704462555026,1225.0
scanId=241905,4.031616666667,1207.7244754192254,1094.0
scanId=241905,4.031616666667,1213.5954054287909,2255.0
scanId=241905,4.031616666667,1213.6154670425765,5238.0
scanId=241905,4.031616666667,1213.6355289522924,8697.0
scanId=241905,4.031616666667,1213.6555908977075,10936.0
scanId=241905,4.031616666667,1213.675653139067,10788.0
scanId=241905,4.031616666667,1213.695715416112,8797.0
scanId=241905,4.031616666667,1213.7157779891138,6414.0
scanId=241905,4.031616666667,1213.7358405977889,4394.0
scanId=241905,4.031616666667,1213.7559035024335,2980.0
scanId=241905,4.031616666667,1213.7759664427383,2028.0
scanId=241905,4.031616666667,1213.7960296790263,1370.0
scanId=241905,4.031616666667,1214.5986924981469,1683.0
scanId=241905,4.031616666667,1214.6187624026782,3432.0
scanId=241905,4.031616666667,1214.6388326034662,5655.0
scanId=241905,4.031616666667,1214.6589028396274,7444.0
scanId=241905,4.031616666667,1214.6789733720582,7742.0
scanId=241905,4.031616666667,1214.6990439398492,6763.0
scanId=241905,4.031616666667,1214.719114803923,5206.0
scanId=241905,4.031616666667,1214.739185703344,3668.0
scanId=241905,4.031616666667,1214.7592568990606,2489.0
scanId=241905,4.031616666667,1214.7793281301117,1668.0
scanId=241905,4.031616666667,1214.7993996574712,1061.0
scanId=241905,4.031616666667,1215.6224723082175,1903.0
scanId=241905,4.031616666667,1215.6425508000775,3853.0
scanId=241905,4.031616666667,1215.6626293269844,5589.0
scanId=241905,4.031616666667,1215.6827081504869,6081.0
scanId=241905,4.031616666667,1215.7027870090235,5087.0
scanId=241905,4.031616666667,1215.7228661641689,3756.0
scanId=241905,4.031616666667,1215.7429453543357,2752.0
scanId=241905,4.031616666667,1215.7630248411235,2029.0
scanId=241905,4.031616666667,1215.78310436292,1374.0
scanId=241905,4.031616666667,1216.6265967591837,1378.0
scanId=241905,4.031616666667,1216.646683542114,2301.0
scanId=241905,4.031616666667,1216.666770359767,3109.0
scanId=241905,4.031616666667,1216.6868574743405,3223.0
scanId=241905,4.031616666667,1216.706944623623,2629.0
scanId=241905,4.031616666667,1216.727032069839,2052.0
scanId=241905,4.031616666667,1216.7471195507517,1640.0
scanId=241905,4.031616666667,1216.7672073286103,1337.0
scanId=241905,4.031616666667,1216.7872951411532,1067.0
scanId=241905,4.031616666667,1217.651230829566,1096.0
scanId=241905,4.031616666667,1217.6713259379649,1203.0
scanId=241905,4.031616666667,1217.691421343609,1167.0
scanId=241905,4.031616666667,1217.7115167836373,1043.0
scanId=241905,4.031616666667,1219.6213460262704,1183.0
scanId=241905,4.031616666667,1219.6414573845311,1308.0
scanId=241905,4.031616666667,1219.6615690406716,1242.0
scanId=241905,4.031616666667,1219.6816807305622,1149.0
scanId=241905,4.031616666667,1220.6271203680865,1102.0
scanId=241905,4.031616666667,1220.6472400170933,1248.0
scanId=241905,4.031616666667,1220.667359964303,1255.0
scanId=241905,4.031616666667,1220.6874799449397,1081.0
scanId=241905,4.031616666667,1221.6534371950274,1357.0
scanId=241905,4.031616666667,1221.6735654333058,1516.0
scanId=241905,4.031616666667,1221.6936937046885,1462.0
scanId=241905,4.031616666667,1221.7138222746096,1301.0
scanId=241905,4.031616666667,1221.733950877622,1191.0
scanId=241905,4.031616666667,1221.7540797791858,1022.0
scanId=241905,4.031616666667,1223.6872200073803,1005.0
scanId=241905,4.031616666667,1223.7073648602548,1510.0
scanId=241905,4.031616666667,1223.7275100123122,1833.0
scanId=241905,4.031616666667,1223.7476551968164,1702.0
scanId=241905,4.031616666667,1223.7678006805163,1430.0
scanId=241905,4.031616666667,1223.7879461966504,1147.0
scanId=241905,4.031616666667,1224.6745160009486,1082.0
scanId=241905,4.031616666667,1224.6946691124306,1276.0
scanId=241905,4.031616666667,1224.7148222560509,1393.0
scanId=241905,4.031616666667,1224.7349756991753,1390.0
scanId=241905,4.031616666667,1224.7551291744253,1205.0
scanId=241905,4.031616666667,1227.6993257148165,1133.0
scanId=241905,4.031616666667,1227.719503699498,1130.0
scanId=241905,4.031616666667,1228.7084247100418,1116.0
scanId=241905,4.031616666667,1229.6573558155703,1069.0
scanId=241905,4.031616666667,1229.6775497496606,1222.0
scanId=241905,4.031616666667,1229.6977439848304,1328.0
scanId=241905,4.031616666667,1229.7179382505508,1411.0
scanId=241905,4.031616666667,1229.738132817363,1283.0
scanId=241905,4.031616666667,1229.758327414713,1058.0
scanId=241905,4.031616666667,1230.707663779865,1026.0
scanId=241905,4.031616666667,1235.581291617908,1085.0
scanId=241905,4.031616666667,1235.6015342728892,2309.0
scanId=241905,4.031616666667,1235.6217769565656,3532.0
scanId=241905,4.031616666667,1235.642019943189,4074.0
scanId=241905,4.031616666667,1235.6622629584951,3836.0
scanId=241905,4.031616666667,1235.6825062767616,3145.0
scanId=241905,4.031616666667,1235.702749623698,2408.0
scanId=241905,4.031616666667,1235.7229932736068,1718.0
scanId=241905,4.031616666667,1235.7432369521723,1134.0
scanId=241905,4.031616666667,1236.5936240660444,1539.0
scanId=241905,4.031616666667,1236.613875012088,2491.0
scanId=241905,4.031616666667,1236.63412598651,3193.0
scanId=241905,4.031616666667,1236.654377264196,3295.0
scanId=241905,4.031616666667,1236.674628570248,2838.0
scanId=241905,4.031616666667,1236.6948801795766,2269.0
scanId=241905,4.031616666667,1236.7151318172582,1716.0
scanId=241905,4.031616666667,1236.735383758229,1145.0
scanId=241905,4.031616666667,1237.6063710593762,1155.0
scanId=241905,4.031616666667,1237.6266302964814,1787.0
scanId=241905,4.031616666667,1237.6468895616497,2218.0
scanId=241905,4.031616666667,1237.667149130397,2335.0
scanId=241905,4.031616666667,1237.687408727195,2193.0
scanId=241905,4.031616666667,1237.707668627585,1819.0
scanId=241905,4.031616666667,1237.7279285560128,1335.0
scanId=241905,4.031616666667,1238.6600676819726,1180.0
scanId=241905,4.031616666667,1238.6803355417817,1464.0
scanId=241905,4.031616666667,1238.7006034293256,1413.0
scanId=241905,4.031616666667,1238.720871620777,1088.0
scanId=241905,4.031616666667,1245.7029453722123,1011.0
scanId=241905,4.031616666667,1245.7232706317177,1052.0
scanId=241905,4.031616666667,1245.7435961973,1002.0
scanId=241905,4.031616666667,1246.6787482374305,1072.0
scanId=241905,4.031616666667,1246.6990814560518,1073.0
scanId=241905,4.031616666667,1247.6752743251343,1192.0
scanId=241905,4.031616666667,1247.6956158095468,1339.0
scanId=241905,4.031616666667,1247.7159573189142,1393.0
scanId=241905,4.031616666667,1247.7362991349696,1238.0
scanId=241905,4.031616666667,1248.6925481512658,1058.0
scanId=241905,4.031616666667,1248.7128979267352,1069.0
scanId=241905,4.031616666667,1252.7861718459703,1026.0
scanId=241905,4.031616666667,1252.8065548090672,1067.0
scanId=241905,4.031616666667,1253.7647445353837,1097.0
scanId=241905,4.031616666667,1253.785135457597,1266.0
scanId=241905,4.031616666667,1253.8055266883432,1323.0
scanId=241905,4.031616666667,1253.825917942186,1045.0
scanId=241905,4.031616666667,1254.7640981508014,1028.0
scanId=241905,4.031616666667,1501.9018390841727,1552.0
scanId=241905,4.031616666667,1501.9241567757358,2112.0
scanId=241905,4.031616666667,1501.9464748342002,2483.0
scanId=241905,4.031616666667,1501.968792857393,2571.0
scanId=241905,4.031616666667,1501.9911112474954,2213.0
scanId=241905,4.031616666667,1502.0134296023182,1652.0
scanId=241905,4.031616666667,1502.0357483240575,1196.0
scanId=241905,4.031616666667,1502.8839787995382,1326.0
scanId=241905,4.031616666667,1502.9063037869578,2149.0
scanId=241905,4.031616666667,1502.9286291414471,2879.0
scanId=241905,4.031616666667,1502.9509544604966,3167.0
scanId=241905,4.031616666667,1502.973280146624,2817.0
scanId=241905,4.031616666667,1502.995605797303,2159.0
scanId=241905,4.031616666667,1503.0179318150676,1629.0
scanId=241905,4.031616666667,1503.0402577973766,1174.0
scanId=241905,4.031616666667,1503.888771819566,1260.0
scanId=241905,4.031616666667,1503.9111044700803,1705.0
scanId=241905,4.031616666667,1503.933437084986,1885.0
scanId=241905,4.031616666667,1503.9557700671378,1833.0
scanId=241905,4.031616666667,1503.9781030136733,1623.0
scanId=241905,4.031616666667,1504.0004363274625,1341.0
scanId=241905,4.031616666667,1504.022769605628,1118.0
scanId=241905,4.031616666667,2043.1321296166725,1072.0
