ScanNumber,RetentionTime,m/z,Intensity
scanId=145041,2.417216666667,102.12829562159484,1031.0
scanId=145041,2.417216666667,115.11034648816704,1268.0
scanId=145041,2.417216666667,115.11652508210744,3457.0
scanId=145041,2.417216666667,115.12270384186276,4563.0
scanId=145041,2.417216666667,115.12888276743298,3761.0
scanId=145041,2.417216666667,115.13506185881812,2562.0
scanId=145041,2.417216666667,115.1412411160182,1713.0
scanId=145041,2.417216666667,115.14742053903316,1139.0
scanId=145041,2.417216666667,116.12585217658877,1058.0
scanId=145041,2.417216666667,118.11390949017392,1744.0
scanId=145041,2.417216666667,118.12016852331502,2941.0
scanId=145041,2.417216666667,118.12642737167585,2705.0
scanId=145041,2.417216666667,118.1326867363697,1885.0
scanId=145041,2.417216666667,118.13894591636036,1280.0
scanId=145041,2.417216666667,121.06750941433508,1144.0
scanId=145041,2.417216666667,121.07384586407764,1206.0
scanId=145041,2.417216666667,122.08347691544796,1107.0
scanId=145041,2.417216666667,122.08983989557744,1726.0
scanId=145041,2.417216666667,122.09620336818892,1772.0
scanId=145041,2.417216666667,122.10256667994824,1364.0
scanId=145041,2.417216666667,125.09886850364929,1254.0
scanId=145041,2.417216666667,125.10530989186763,1479.0
scanId=145041,2.417216666667,125.11175113663856,1446.0
scanId=145041,2.417216666667,125.11819285641351,1151.0
scanId=145041,2.417216666667,126.09277172778316,1392.0
scanId=145041,2.417216666667,126.09923864587836,1835.0
scanId=145041,2.417216666667,126.10570542614666,1638.0
scanId=145041,2.417216666667,126.11217267579892,1149.0
scanId=145041,2.417216666667,127.11008453061122,1324.0
scanId=145041,2.417216666667,127.11657717800676,3170.0
scanId=145041,2.417216666667,127.12307028913428,3583.0
scanId=145041,2.417216666667,127.1295632681597,2771.0
scanId=145041,2.417216666667,127.13605671084488,1901.0
scanId=145041,2.417216666667,127.14255002150009,1348.0
scanId=145041,2.417216666667,129.0915305695146,1166.0
scanId=145041,2.417216666667,129.09807362464534,2354.0
scanId=145041,2.417216666667,129.10461713261213,2345.0
scanId=145041,2.417216666667,129.11116051937267,1640.0
scanId=145041,2.417216666667,129.11770435889815,1116.0
scanId=145041,2.417216666667,130.1536909117446,1266.0
scanId=145041,2.417216666667,130.16026082889206,1550.0
scanId=145041,2.417216666667,130.16683119313282,1243.0
scanId=145041,2.417216666667,134.93373684317876,1088.0
scanId=145041,2.417216666667,134.94042656916645,1410.0
scanId=145041,2.417216666667,134.94711620468493,1338.0
scanId=145041,2.417216666667,134.9538062622342,1175.0
scanId=145041,2.417216666667,136.0733501652888,1241.0
scanId=145041,2.417216666667,136.08006807403623,1094.0
scanId=145041,2.417216666667,136.10694086595652,1033.0
scanId=145041,2.417216666667,136.95479169736174,1228.0
scanId=145041,2.417216666667,136.96153107735563,1426.0
scanId=145041,2.417216666667,136.9682708692198,1371.0
scanId=145041,2.417216666667,136.97501058084356,1162.0
scanId=145041,2.417216666667,138.10965647144994,1062.0
scanId=145041,2.417216666667,138.11642444615794,3210.0
scanId=145041,2.417216666667,138.12319234631775,6001.0
scanId=145041,2.417216666667,138.12996065258886,6075.0
scanId=145041,2.417216666667,138.13672888437856,4493.0
scanId=145041,2.417216666667,138.14349752221278,2985.0
scanId=145041,2.417216666667,138.1502660856323,1988.0
scanId=145041,2.417216666667,138.15703505502975,1341.0
scanId=145041,2.417216666667,139.11310249634047,1775.0
scanId=145041,2.417216666667,139.11989500673894,3011.0
scanId=145041,2.417216666667,139.12668744750673,2963.0
scanId=145041,2.417216666667,139.13348028946885,2221.0
scanId=145041,2.417216666667,139.14027306186642,1528.0
scanId=145041,2.417216666667,139.14706623539217,1041.0
scanId=145041,2.417216666667,140.1065468043057,1096.0
scanId=145041,2.417216666667,140.11336351886612,1102.0
scanId=145041,2.417216666667,140.1201801686119,1041.0
scanId=145041,2.417216666667,141.13773107277353,1040.0
scanId=145041,2.417216666667,146.98501643392504,1504.0
scanId=145041,2.417216666667,146.99199823532942,2592.0
scanId=145041,2.417216666667,146.998980401173,2510.0
scanId=145041,2.417216666667,147.0059625342072,1858.0
scanId=145041,2.417216666667,147.01294503161805,1374.0
scanId=145041,2.417216666667,147.0199274962821,1040.0
scanId=145041,2.417216666667,151.11190807913172,1035.0
scanId=145041,2.417216666667,153.10056723423733,1432.0
scanId=145041,2.417216666667,153.10769296930167,1528.0
scanId=145041,2.417216666667,153.11481869805507,1293.0
scanId=145041,2.417216666667,153.12194476468937,1071.0
scanId=145041,2.417216666667,164.9133108382317,2562.0
scanId=145041,2.417216666667,164.92070618204218,4248.0
scanId=145041,2.417216666667,164.92810181709092,4566.0
scanId=145041,2.417216666667,164.93549749253123,3698.0
scanId=145041,2.417216666667,164.94289345915482,2649.0
scanId=145041,2.417216666667,164.95028946622497,1901.0
scanId=145041,2.417216666667,164.9576857644235,1403.0
scanId=145041,2.417216666667,164.96508210312354,1000.0
scanId=145041,2.417216666667,165.13524515762057,1047.0
scanId=145041,2.417216666667,167.1095900537414,2086.0
scanId=145041,2.417216666667,167.1170344787677,2746.0
scanId=145041,2.417216666667,167.12447918696716,2308.0
scanId=145041,2.417216666667,167.13192394362332,1653.0
scanId=145041,2.417216666667,167.13936898339858,1189.0
scanId=145041,2.417216666667,168.11609497199615,1264.0
scanId=145041,2.417216666667,168.123561895786,1395.0
scanId=145041,2.417216666667,168.13102887164115,1243.0
scanId=145041,2.417216666667,169.12562173638943,1845.0
scanId=145041,2.417216666667,169.13311093144364,2536.0
scanId=145041,2.417216666667,169.14060040242668,2168.0
scanId=145041,2.417216666667,169.14808992911077,1436.0
scanId=145041,2.417216666667,170.13065871053567,1147.0
scanId=145041,2.417216666667,170.13817012478896,1020.0
scanId=145041,2.417216666667,171.1462064534291,1004.0
scanId=145041,2.417216666667,178.15512675137305,1283.0
scanId=145041,2.417216666667,178.16281326617997,1244.0
scanId=145041,2.417216666667,178.94000936245067,1220.0
scanId=145041,2.417216666667,178.94771279037926,1227.0
scanId=145041,2.417216666667,179.10952392338336,1120.0
scanId=145041,2.417216666667,179.11723099924015,1054.0
scanId=145041,2.417216666667,179.1403533743759,1004.0
scanId=145041,2.417216666667,179.14806111349233,1239.0
scanId=145041,2.417216666667,179.1557690946874,1084.0
scanId=145041,2.417216666667,180.08965395676412,1398.0
scanId=145041,2.417216666667,180.09738216437097,1964.0
scanId=145041,2.417216666667,180.10511046453735,1815.0
scanId=145041,2.417216666667,180.1128390037249,1471.0
scanId=145041,2.417216666667,180.12056763552104,1155.0
scanId=145041,2.417216666667,181.12670633632436,1420.0
scanId=145041,2.417216666667,181.13445675985025,1369.0
scanId=145041,2.417216666667,182.93702821685412,1064.0
scanId=145041,2.417216666667,182.94481720528051,1198.0
scanId=145041,2.417216666667,184.09160686783693,1637.0
scanId=145041,2.417216666667,184.0994203968712,2003.0
scanId=145041,2.417216666667,184.10723415248304,1579.0
scanId=145041,2.417216666667,184.1150480131472,1098.0
scanId=145041,2.417216666667,186.11300206716848,1186.0
scanId=145041,2.417216666667,186.12085837645168,1635.0
scanId=145041,2.417216666667,186.12871490620475,1634.0
scanId=145041,2.417216666667,186.1365715471178,1293.0
scanId=145041,2.417216666667,186.9073293454024,1236.0
scanId=145041,2.417216666667,186.9152024543046,1259.0
scanId=145041,2.417216666667,187.11208338300656,1478.0
scanId=145041,2.417216666667,187.11996080248977,2214.0
scanId=145041,2.417216666667,187.12783833608253,2096.0
scanId=145041,2.417216666667,187.13571608714892,1569.0
scanId=145041,2.417216666667,187.1435939523715,1159.0
scanId=145041,2.417216666667,188.12963605838607,1362.0
scanId=145041,2.417216666667,188.13753481628837,1144.0
scanId=145041,2.417216666667,189.11826879294168,1129.0
scanId=145041,2.417216666667,189.1261883235344,3513.0
scanId=145041,2.417216666667,189.13410797411643,6293.0
scanId=145041,2.417216666667,189.14202783629304,6312.0
scanId=145041,2.417216666667,189.14994781850484,4620.0
scanId=145041,2.417216666667,189.15786801226537,3105.0
scanId=145041,2.417216666667,189.165788326107,2141.0
scanId=145041,2.417216666667,189.1737088514515,1519.0
scanId=145041,2.417216666667,189.1816294969229,1056.0
scanId=145041,2.417216666667,190.12537288395896,1350.0
scanId=145041,2.417216666667,190.13331342722063,2049.0
scanId=145041,2.417216666667,190.14125417919325,2092.0
scanId=145041,2.417216666667,190.1491950540848,1683.0
scanId=145041,2.417216666667,190.1571361376416,1294.0
scanId=145041,2.417216666667,191.14311281875135,1513.0
scanId=145041,2.417216666667,191.15107458632264,1693.0
scanId=145041,2.417216666667,191.1590365596973,1342.0
scanId=145041,2.417216666667,193.1307172605644,1162.0
scanId=145041,2.417216666667,193.1387203504688,1176.0
scanId=145041,2.417216666667,193.1467235717695,1143.0
scanId=145041,2.417216666667,193.1547269932591,1372.0
scanId=145041,2.417216666667,193.1627305461897,1640.0
scanId=145041,2.417216666667,193.1707342992645,1618.0
scanId=145041,2.417216666667,193.17873818382495,1278.0
scanId=145041,2.417216666667,194.1002928087912,1668.0
scanId=145041,2.417216666667,194.10831592788216,3581.0
scanId=145041,2.417216666667,194.1163392444968,4326.0
scanId=145041,2.417216666667,194.1243626952176,3584.0
scanId=145041,2.417216666667,194.1323863434177,2585.0
scanId=145041,2.417216666667,194.14041012576837,1864.0
scanId=145041,2.417216666667,194.1484341055541,1354.0
scanId=145041,2.417216666667,195.1366460798495,1571.0
scanId=145041,2.417216666667,195.144690617952,2508.0
scanId=145041,2.417216666667,195.1527352929823,2561.0
scanId=145041,2.417216666667,195.16078016267076,2006.0
scanId=145041,2.417216666667,195.1688251693309,1658.0
scanId=145041,2.417216666667,195.1768703706053,1659.0
scanId=145041,2.417216666667,195.1849157088953,1499.0
scanId=145041,2.417216666667,195.19296124175557,1071.0
scanId=145041,2.417216666667,197.1610236316646,1482.0
scanId=145041,2.417216666667,197.16910976042448,1539.0
scanId=145041,2.417216666667,197.1771960783952,1124.0
scanId=145041,2.417216666667,201.0940958070975,1252.0
scanId=145041,2.417216666667,201.10226219027783,1577.0
scanId=145041,2.417216666667,201.110428752358,1306.0
scanId=145041,2.417216666667,201.1185954671681,1023.0
scanId=145041,2.417216666667,203.1080241981516,1887.0
scanId=145041,2.417216666667,203.11623137180175,2663.0
scanId=145041,2.417216666667,203.1244387192288,2460.0
scanId=145041,2.417216666667,203.1326462245089,2061.0
scanId=145041,2.417216666667,203.1408539035245,2174.0
scanId=145041,2.417216666667,203.14906174043432,2690.0
scanId=145041,2.417216666667,203.1572697510384,2632.0
scanId=145041,2.417216666667,203.1654779195781,1985.0
scanId=145041,2.417216666667,203.1736862617707,1371.0
scanId=145041,2.417216666667,205.13198641947304,1282.0
scanId=145041,2.417216666667,205.1402343835932,1224.0
scanId=145041,2.417216666667,206.106390908709,1894.0
scanId=145041,2.417216666667,206.11465843898944,2453.0
scanId=145041,2.417216666667,206.1229261356105,2056.0
scanId=145041,2.417216666667,206.1311939975208,1435.0
scanId=145041,2.417216666667,206.13946202573123,1145.0
scanId=145041,2.417216666667,206.1477302192714,1002.0
scanId=145041,2.417216666667,207.13282912446752,1099.0
scanId=145041,2.417216666667,207.1411172157978,1960.0
scanId=145041,2.417216666667,207.14940547097447,2490.0
scanId=145041,2.417216666667,207.15769389393463,2236.0
scanId=145041,2.417216666667,207.1659824807011,1636.0
scanId=145041,2.417216666667,207.1742712352911,1123.0
scanId=145041,2.417216666667,209.15171024616288,1428.0
scanId=145041,2.417216666667,209.16003862373876,2308.0
scanId=145041,2.417216666667,209.16836717390908,2337.0
scanId=145041,2.417216666667,209.17669588307533,1778.0
scanId=145041,2.417216666667,209.18502476487555,1271.0
scanId=145041,2.417216666667,209.1933538056321,1066.0
scanId=145041,2.417216666667,210.0938665058814,1470.0
scanId=145041,2.417216666667,210.10221362732267,2844.0
scanId=145041,2.417216666667,210.11056090555863,3181.0
scanId=145041,2.417216666667,210.1189083586297,2633.0
scanId=145041,2.417216666667,210.1272559684564,1968.0
scanId=145041,2.417216666667,210.13560375315728,1504.0
scanId=145041,2.417216666667,210.14395169457467,1303.0
scanId=145041,2.417216666667,210.15229981090545,1272.0
scanId=145041,2.417216666667,210.16064808391343,1468.0
scanId=145041,2.417216666667,210.168996531874,1366.0
scanId=145041,2.417216666667,210.17734513647275,1054.0
scanId=145041,2.417216666667,213.10113630204785,1045.0
scanId=145041,2.417216666667,213.10954293509567,1062.0
scanId=145041,2.417216666667,217.095986026453,1320.0
scanId=145041,2.417216666667,217.10447110590624,1534.0
scanId=145041,2.417216666667,217.1129563262987,1896.0
scanId=145041,2.417216666667,217.12144173738173,3195.0
scanId=145041,2.417216666667,217.1299272893669,4076.0
scanId=145041,2.417216666667,217.13841303207977,3593.0
scanId=145041,2.417216666667,217.1468989156578,2662.0
scanId=145041,2.417216666667,217.15538499000047,1911.0
scanId=145041,2.417216666667,217.16387120517123,1433.0
scanId=145041,2.417216666667,218.13238801457493,1398.0
scanId=145041,2.417216666667,218.14089332344813,1441.0
scanId=145041,2.417216666667,218.1493987710083,1190.0
scanId=145041,2.417216666667,219.12863273872372,1686.0
scanId=145041,2.417216666667,219.13715741868987,5218.0
scanId=145041,2.417216666667,219.14568229372344,8374.0
scanId=145041,2.417216666667,219.1542073052829,10489.0
scanId=145041,2.417216666667,219.1627325119463,16281.0
scanId=145041,2.417216666667,219.1712578550992,20603.0
scanId=145041,2.417216666667,219.17978339339248,17747.0
scanId=145041,2.417216666667,219.18830906813864,12459.0
scanId=145041,2.417216666667,219.19683493806173,8184.0
scanId=145041,2.417216666667,219.2053609444013,5442.0
scanId=145041,2.417216666667,219.21388714595423,3695.0
scanId=145041,2.417216666667,219.2224134838872,2416.0
scanId=145041,2.417216666667,219.2309400170699,1556.0
scanId=145041,2.417216666667,220.1100594588557,1865.0
scanId=145041,2.417216666667,220.11860323679,5592.0
scanId=145041,2.417216666667,220.12714714917863,8245.0
scanId=145041,2.417216666667,220.13569125874272,7819.0
scanId=145041,2.417216666667,220.14423550272508,6233.0
scanId=145041,2.417216666667,220.152779943919,4721.0
scanId=145041,2.417216666667,220.161324519495,4191.0
scanId=145041,2.417216666667,220.1698692923188,4310.0
scanId=145041,2.417216666667,220.1784141994884,3872.0
scanId=145041,2.417216666667,220.186959303942,2832.0
scanId=145041,2.417216666667,220.1955045427053,1951.0
scanId=145041,2.417216666667,220.2040499787887,1313.0
scanId=145041,2.417216666667,221.12793130752868,1073.0
scanId=145041,2.417216666667,221.1364947839504,1158.0
scanId=145041,2.417216666667,221.1450584596748,1225.0
scanId=145041,2.417216666667,221.15362226769045,1398.0
scanId=145041,2.417216666667,221.1621862750448,1576.0
scanId=145041,2.417216666667,221.17075041465435,1426.0
scanId=145041,2.417216666667,221.17931475363844,1126.0
scanId=145041,2.417216666667,222.13956806017,1073.0
scanId=145041,2.417216666667,222.1481511006417,1341.0
scanId=145041,2.417216666667,222.1567343425265,1358.0
scanId=145041,2.417216666667,222.1653177145925,1059.0
scanId=145041,2.417216666667,223.1621161002559,1254.0
scanId=145041,2.417216666667,223.17071890830104,1336.0
scanId=145041,2.417216666667,223.17932184443427,1199.0
scanId=145041,2.417216666667,224.16114557259417,3058.0
scanId=145041,2.417216666667,224.16976761516983,5921.0
scanId=145041,2.417216666667,224.17838978379257,6555.0
scanId=145041,2.417216666667,224.18701215799803,5141.0
scanId=145041,2.417216666667,224.19563465821557,3491.0
scanId=145041,2.417216666667,224.20425736405087,2305.0
scanId=145041,2.417216666667,224.2128801958632,1529.0
scanId=145041,2.417216666667,224.22150323332835,1039.0
scanId=145041,2.417216666667,225.1537650630207,1472.0
scanId=145041,2.417216666667,225.16240613255405,1757.0
scanId=145041,2.417216666667,225.17104740966028,1611.0
scanId=145041,2.417216666667,225.1796888107887,1497.0
scanId=145041,2.417216666667,225.1883304195247,1461.0
scanId=145041,2.417216666667,225.1969721522482,1196.0
scanId=145041,2.417216666667,230.23712597013105,1003.0
scanId=145041,2.417216666667,230.24586408314943,1493.0
scanId=145041,2.417216666667,230.25460231024192,1383.0
scanId=145041,2.417216666667,231.13801995556256,1160.0
scanId=145041,2.417216666667,231.14677509408088,1388.0
scanId=145041,2.417216666667,231.15553045185084,1170.0
scanId=145041,2.417216666667,233.1121104345036,1442.0
scanId=145041,2.417216666667,233.12090293481523,2396.0
scanId=145041,2.417216666667,233.12969554379143,2688.0
scanId=145041,2.417216666667,233.1384883757329,2307.0
scanId=145041,2.417216666667,233.14728131630636,1841.0
scanId=145041,2.417216666667,233.15607447987767,1681.0
scanId=145041,2.417216666667,233.1648677520484,1619.0
scanId=145041,2.417216666667,233.17366124724947,1442.0
scanId=145041,2.417216666667,233.1824548510174,1130.0
scanId=145041,2.417216666667,234.1155201744638,1191.0
scanId=145041,2.417216666667,234.1243315776761,1264.0
scanId=145041,2.417216666667,234.13314308770265,1426.0
scanId=145041,2.417216666667,234.14195482254476,1632.0
scanId=145041,2.417216666667,234.15076666416869,1572.0
scanId=145041,2.417216666667,234.15957873064065,1358.0
scanId=145041,2.417216666667,234.16839090386213,1110.0
scanId=145041,2.417216666667,234.177203301964,1013.0
scanId=145041,2.417216666667,234.186015806783,1023.0
scanId=145041,2.417216666667,235.138745457258,1111.0
scanId=145041,2.417216666667,235.1475760950008,1023.0
scanId=145041,2.417216666667,236.1199551515631,1063.0
scanId=145041,2.417216666667,236.12880413213765,1065.0
scanId=145041,2.417216666667,238.08850320304623,1009.0
scanId=145041,2.417216666667,238.0973889910312,1677.0
scanId=145041,2.417216666667,238.1062750109567,1803.0
scanId=145041,2.417216666667,238.1151611305402,1583.0
scanId=145041,2.417216666667,238.12404748209556,1298.0
scanId=145041,2.417216666667,239.17379719369825,1223.0
scanId=145041,2.417216666667,239.1827032092032,1070.0
scanId=145041,2.417216666667,242.16659983240055,1111.0
scanId=145041,2.417216666667,242.1755614639288,1257.0
scanId=145041,2.417216666667,242.1845231881022,1061.0
scanId=145041,2.417216666667,242.2741499150517,1197.0
scanId=145041,2.417216666667,242.2831135363589,1403.0
scanId=145041,2.417216666667,242.29207725012995,1120.0
scanId=145041,2.417216666667,243.09051513546055,1139.0
scanId=145041,2.417216666667,243.09949377121947,5785.0
scanId=145041,2.417216666667,243.1084726474992,17033.0
scanId=145041,2.417216666667,243.1174516148579,24913.0
scanId=145041,2.417216666667,243.12643082276756,22468.0
scanId=145041,2.417216666667,243.13541012172607,16472.0
scanId=145041,2.417216666667,243.14438966126548,11756.0
scanId=145041,2.417216666667,243.1533692918239,8387.0
scanId=145041,2.417216666667,243.1623491629931,5812.0
scanId=145041,2.417216666667,243.17132912515137,3858.0
scanId=145041,2.417216666667,243.18030932795048,2523.0
scanId=145041,2.417216666667,243.18928962170855,1622.0
scanId=145041,2.417216666667,243.19827015613748,1035.0
scanId=145041,2.417216666667,244.1151518363514,2284.0
scanId=145041,2.417216666667,244.12414937330811,2912.0
scanId=145041,2.417216666667,244.1331471524886,2546.0
scanId=145041,2.417216666667,244.14214502104545,1932.0
scanId=145041,2.417216666667,244.1511431318557,1354.0
scanId=145041,2.417216666667,244.16014133201264,1061.0
scanId=145041,2.417216666667,245.11489489543007,1117.0
scanId=145041,2.417216666667,245.1239109142515,1786.0
scanId=145041,2.417216666667,245.1329270208205,1920.0
scanId=145041,2.417216666667,245.14194337127176,1711.0
scanId=145041,2.417216666667,245.15095980944116,1788.0
scanId=145041,2.417216666667,245.1599764915222,1787.0
scanId=145041,2.417216666667,245.1689932612919,1486.0
scanId=145041,2.417216666667,245.1780102750029,1098.0
scanId=145041,2.417216666667,246.1437845581895,1392.0
scanId=145041,2.417216666667,246.1528194799116,2674.0
scanId=145041,2.417216666667,246.1618544877076,2843.0
scanId=145041,2.417216666667,246.1708897410595,2165.0
scanId=145041,2.417216666667,246.17992508045612,1581.0
scanId=145041,2.417216666667,246.18896066543792,1189.0
scanId=145041,2.417216666667,247.1295626647729,1314.0
scanId=145041,2.417216666667,247.13861557900807,2295.0
scanId=145041,2.417216666667,247.1476687403712,2397.0
scanId=145041,2.417216666667,247.1567219862071,2133.0
scanId=145041,2.417216666667,247.1657754792,1849.0
scanId=145041,2.417216666667,247.1748290566368,1720.0
scanId=145041,2.417216666667,247.1838828812596,1695.0
scanId=145041,2.417216666667,247.1929367902972,1472.0
scanId=145041,2.417216666667,247.2019909465498,1195.0
scanId=145041,2.417216666667,248.15359575753808,1015.0
scanId=145041,2.417216666667,248.162667490172,1036.0
scanId=145041,2.417216666667,249.11611774047384,1019.0
scanId=145041,2.417216666667,249.12520704948912,1198.0
scanId=145041,2.417216666667,249.1342964398442,1871.0
scanId=145041,2.417216666667,249.1433860804893,2418.0
scanId=145041,2.417216666667,249.15247580244576,2364.0
scanId=145041,2.417216666667,249.1615657747208,1963.0
scanId=145041,2.417216666667,249.1706558282785,1631.0
scanId=145041,2.417216666667,249.1797461321833,1718.0
scanId=145041,2.417216666667,249.18883651734245,1904.0
scanId=145041,2.417216666667,249.19792715287707,1875.0
scanId=145041,2.417216666667,249.20701786963764,1446.0
scanId=145041,2.417216666667,250.14425416163613,1006.0
scanId=145041,2.417216666667,250.1715786252276,1185.0
scanId=145041,2.417216666667,250.1806871687734,1625.0
scanId=145041,2.417216666667,250.18979579201357,1896.0
scanId=145041,2.417216666667,250.1989046671892,1727.0
scanId=145041,2.417216666667,250.2080136220309,1358.0
scanId=145041,2.417216666667,250.21712282883644,1156.0
scanId=145041,2.417216666667,251.19276134177136,1000.0
scanId=145041,2.417216666667,251.201888456588,1561.0
scanId=145041,2.417216666667,251.2110156495244,1983.0
scanId=145041,2.417216666667,251.22014309597083,1905.0
scanId=145041,2.417216666667,251.2292706205092,1508.0
scanId=145041,2.417216666667,251.23839839858547,1147.0
scanId=145041,2.417216666667,253.09476161778375,1310.0
scanId=145041,2.417216666667,253.1039232221034,1181.0
scanId=145041,2.417216666667,259.13109645271123,1038.0
scanId=145041,2.417216666667,259.14036656644976,1450.0
scanId=145041,2.417216666667,259.14963694535584,1516.0
scanId=145041,2.417216666667,259.158907390698,1322.0
scanId=145041,2.417216666667,261.109384832407,1053.0
scanId=145041,2.417216666667,261.11869036407563,2405.0
scanId=145041,2.417216666667,261.1279959594376,3852.0
scanId=145041,2.417216666667,261.13730182273605,4539.0
scanId=145041,2.417216666667,261.14660774970207,4466.0
scanId=145041,2.417216666667,261.1559139446304,4175.0
scanId=145041,2.417216666667,261.1652202032006,3468.0
scanId=145041,2.417216666667,261.1745267297588,2556.0
scanId=145041,2.417216666667,261.1838333199332,1975.0
scanId=145041,2.417216666667,261.19314017812127,1734.0
scanId=145041,2.417216666667,261.20244709989987,1563.0
scanId=145041,2.417216666667,261.2117542897178,1376.0
scanId=145041,2.417216666667,261.22106154310063,1105.0
scanId=145041,2.417216666667,262.15262932663416,1115.0
scanId=145041,2.417216666667,262.16195342957366,1047.0
scanId=145041,2.417216666667,263.11387764174015,1077.0
scanId=145041,2.417216666667,263.12321871877447,1689.0
scanId=145041,2.417216666667,263.1325600664655,2207.0
scanId=145041,2.417216666667,263.1419014751044,2492.0
scanId=145041,2.417216666667,263.15124315442523,2885.0
scanId=145041,2.417216666667,263.1605848946688,3120.0
scanId=145041,2.417216666667,263.16992690561943,2822.0
scanId=145041,2.417216666667,263.17926897746764,2182.0
scanId=145041,2.417216666667,263.18861132004827,1591.0
scanId=145041,2.417216666667,263.19795372350114,1123.0
scanId=145041,2.417216666667,264.151755220244,1593.0
scanId=145041,2.417216666667,264.16111480757604,2288.0
scanId=145041,2.417216666667,264.17047445447696,2286.0
scanId=145041,2.417216666667,264.1798343734389,1912.0
scanId=145041,2.417216666667,264.1891943519448,1562.0
scanId=145041,2.417216666667,264.19855460253643,1291.0
scanId=145041,2.417216666667,264.20791491264714,1082.0
scanId=145041,2.417216666667,267.16468169409444,1038.0
scanId=145041,2.417216666667,267.1740943978304,1134.0
scanId=145041,2.417216666667,267.1835073775661,1141.0
scanId=145041,2.417216666667,267.1929204129077,1289.0
scanId=145041,2.417216666667,267.2023337242732,1483.0
scanId=145041,2.417216666667,267.2117470912204,1309.0
scanId=145041,2.417216666667,268.1350667919928,1020.0
scanId=145041,2.417216666667,268.14449668485014,1049.0
scanId=145041,2.417216666667,268.19164830196365,1077.0
scanId=145041,2.417216666667,268.2010791897105,1106.0
scanId=145041,2.417216666667,268.21051013175844,1042.0
scanId=145041,2.417216666667,268.2199413511352,1705.0
scanId=145041,2.417216666667,268.2293726247889,2868.0
scanId=145041,2.417216666667,268.2388041757954,3021.0
scanId=145041,2.417216666667,268.2482357810549,2408.0
scanId=145041,2.417216666667,268.2576676636914,1699.0
scanId=145041,2.417216666667,268.2670996005568,1153.0
scanId=145041,2.417216666667,269.1922392198792,1065.0
scanId=145041,2.417216666667,269.20168768400737,1233.0
scanId=145041,2.417216666667,269.21113620116785,1090.0
scanId=145041,2.417216666667,269.2205849969259,1013.0
scanId=145041,2.417216666667,273.1466069185207,2486.0
scanId=145041,2.417216666667,273.1561244098208,4204.0
scanId=145041,2.417216666667,273.1656421845848,4207.0
scanId=145041,2.417216666667,273.17516000749174,3316.0
scanId=145041,2.417216666667,273.1846781138856,2575.0
scanId=145041,2.417216666667,273.19419626839937,1898.0
scanId=145041,2.417216666667,273.20371470642306,1304.0
scanId=145041,2.417216666667,274.1468549406809,1168.0
scanId=145041,2.417216666667,274.1563899601964,1917.0
scanId=145041,2.417216666667,274.16592502666634,2008.0
scanId=145041,2.417216666667,274.17546037781165,1666.0
scanId=145041,2.417216666667,274.18499577588875,1328.0
scanId=145041,2.417216666667,274.194531458664,1114.0
scanId=145041,2.417216666667,274.2612854051475,1911.0
scanId=145041,2.417216666667,274.270822414442,2981.0
scanId=145041,2.417216666667,274.28035947055463,2691.0
scanId=145041,2.417216666667,274.28989681147897,1829.0
scanId=145041,2.417216666667,274.29943419919863,1159.0
scanId=145041,2.417216666667,275.1489311284452,1066.0
scanId=145041,2.417216666667,275.1584834384892,1383.0
scanId=145041,2.417216666667,275.16803603438603,1444.0
scanId=145041,2.417216666667,275.1775886760374,1351.0
scanId=145041,2.417216666667,275.18714160356416,1198.0
scanId=145041,2.417216666667,276.13369618088853,1217.0
scanId=145041,2.417216666667,276.143265689907,1314.0
scanId=145041,2.417216666667,276.1528352435362,1269.0
scanId=145041,2.417216666667,276.1624050841845,1225.0
scanId=145041,2.417216666667,276.1719749694212,1043.0
scanId=145041,2.417216666667,276.1911153585435,1190.0
scanId=145041,2.417216666667,276.2006858624517,1206.0
scanId=145041,2.417216666667,277.1489804423812,1259.0
scanId=145041,2.417216666667,277.15856752778103,1308.0
scanId=145041,2.417216666667,277.16815465661404,1334.0
scanId=145041,2.417216666667,277.17774207364374,1608.0
scanId=145041,2.417216666667,277.1873295340845,2413.0
scanId=145041,2.417216666667,277.196917282744,2896.0
scanId=145041,2.417216666667,277.2065050747925,2491.0
scanId=145041,2.417216666667,277.216093155082,1943.0
scanId=145041,2.417216666667,277.2256812787382,1512.0
scanId=145041,2.417216666667,277.2352696906574,1065.0
scanId=145041,2.417216666667,278.19494209742845,1109.0
scanId=145041,2.417216666667,278.2045471330848,1352.0
scanId=145041,2.417216666667,278.2141524581256,1470.0
scanId=145041,2.417216666667,278.22375782538984,1475.0
scanId=145041,2.417216666667,278.2333634820606,1317.0
scanId=145041,2.417216666667,278.24296918093285,1116.0
scanId=145041,2.417216666667,279.0696848922847,2268.0
scanId=145041,2.417216666667,279.0793051406682,8225.0
scanId=145041,2.417216666667,279.0889254302944,13638.0
scanId=145041,2.417216666667,279.0985460103077,13277.0
scanId=145041,2.417216666667,279.108166631542,9663.0
scanId=145041,2.417216666667,279.1177875431852,6561.0
scanId=145041,2.417216666667,279.1274084960276,4676.0
scanId=145041,2.417216666667,279.1370297393006,3575.0
scanId=145041,2.417216666667,279.1466510237513,2956.0
scanId=145041,2.417216666667,279.15627259865414,2450.0
scanId=145041,2.417216666667,279.1658942147128,1911.0
scanId=145041,2.417216666667,279.1755161212455,1469.0
scanId=145041,2.417216666667,279.1851380689124,1387.0
scanId=145041,2.417216666667,279.1947603070749,1630.0
scanId=145041,2.417216666667,279.20438258635,2618.0
scanId=145041,2.417216666667,279.2140051561423,3409.0
scanId=145041,2.417216666667,279.2236277670255,3145.0
scanId=145041,2.417216666667,279.2332506684477,2328.0
scanId=145041,2.417216666667,279.242873610939,1590.0
scanId=145041,2.417216666667,279.25249684399114,1088.0
scanId=145041,2.417216666667,280.0903473488171,1690.0
scanId=145041,2.417216666667,280.0999851735819,1752.0
scanId=145041,2.417216666667,280.1096230384448,1302.0
scanId=145041,2.417216666667,280.18673242933767,1018.0
scanId=145041,2.417216666667,280.19637191225166,1089.0
scanId=145041,2.417216666667,280.2060114351563,1099.0
scanId=145041,2.417216666667,280.25421191431184,1153.0
scanId=145041,2.417216666667,280.26385243204163,1268.0
scanId=145041,2.417216666667,280.2734932414751,1012.0
scanId=145041,2.417216666667,281.1514951871532,1284.0
scanId=145041,2.417216666667,281.16115125155903,1491.0
scanId=145041,2.417216666667,281.1708073548871,1441.0
scanId=145041,2.417216666667,281.18046375092274,1144.0
scanId=145041,2.417216666667,282.13726137063315,1010.0
scanId=145041,2.417216666667,282.14693434816064,1170.0
scanId=145041,2.417216666667,282.1566073635309,1028.0
scanId=145041,2.417216666667,282.1953013390421,1036.0
scanId=145041,2.417216666667,287.2871495873107,1015.0
scanId=145041,2.417216666667,289.13488526025384,1082.0
scanId=145041,2.417216666667,289.14467732342854,2457.0
scanId=145041,2.417216666667,289.15446968769714,3427.0
scanId=145041,2.417216666667,289.164262082482,3343.0
scanId=145041,2.417216666667,289.17405477838054,3347.0
scanId=145041,2.417216666667,289.1838475047756,3191.0
scanId=145041,2.417216666667,289.1936405323039,2591.0
scanId=145041,2.417216666667,289.20343359030915,2006.0
scanId=145041,2.417216666667,289.2132269494673,1580.0
scanId=145041,2.417216666667,289.2230203390829,1354.0
scanId=145041,2.417216666667,289.2328140298709,1062.0
scanId=145041,2.417216666667,290.15415494367073,1169.0
scanId=145041,2.417216666667,290.16396425058053,1049.0
scanId=145041,2.417216666667,290.17377385960066,1075.0
scanId=145041,2.417216666667,290.18358349812087,1915.0
scanId=145041,2.417216666667,290.19339343877084,4173.0
scanId=145041,2.417216666667,290.2032034089014,6657.0
scanId=145041,2.417216666667,290.2130136811812,6789.0
scanId=145041,2.417216666667,290.2228239829222,5169.0
scanId=145041,2.417216666667,290.23263458683186,3645.0
scanId=145041,2.417216666667,290.2424452201833,2654.0
scanId=145041,2.417216666667,290.2522561557228,2014.0
scanId=145041,2.417216666667,290.26206712068466,1463.0
scanId=145041,2.417216666667,291.13591320952685,1420.0
scanId=145041,2.417216666667,291.1457390969611,2108.0
scanId=145041,2.417216666667,291.15556528747305,2836.0
scanId=145041,2.417216666667,291.1653915065179,3211.0
scanId=145041,2.417216666667,291.1752180286597,2923.0
scanId=145041,2.417216666667,291.1850445793152,2397.0
scanId=145041,2.417216666667,291.1948714330869,2583.0
scanId=145041,2.417216666667,291.2046983153529,3549.0
scanId=145041,2.417216666667,291.2145255007544,4064.0
scanId=145041,2.417216666667,291.22435271463104,3552.0
scanId=145041,2.417216666667,291.2341802316623,2572.0
scanId=145041,2.417216666667,291.24400777714953,1717.0
scanId=145041,2.417216666667,291.25383562581067,1228.0
scanId=145041,2.417216666667,292.19807451576696,1107.0
scanId=145041,2.417216666667,292.2079183101785,2228.0
scanId=145041,2.417216666667,292.2177624087016,3469.0
scanId=145041,2.417216666667,292.227606534724,3574.0
scanId=145041,2.417216666667,292.2374509648771,2683.0
scanId=145041,2.417216666667,292.2472954225102,1930.0
scanId=145041,2.417216666667,292.257140184293,1439.0
scanId=145041,2.417216666667,292.2669849735369,1042.0
scanId=145041,2.417216666667,293.1734212839684,1171.0
scanId=145041,2.417216666667,293.1832816323536,1795.0
scanId=145041,2.417216666667,293.1931420073097,2139.0
scanId=145041,2.417216666667,293.20300268732467,2391.0
scanId=145041,2.417216666667,293.2128633938918,2774.0
scanId=145041,2.417216666667,293.2227244055365,2996.0
scanId=145041,2.417216666667,293.23258544371464,2799.0
scanId=145041,2.417216666667,293.24244678698926,2173.0
scanId=145041,2.417216666667,293.2523081567784,1591.0
scanId=145041,2.417216666667,293.26216983168285,1094.0
scanId=145041,2.417216666667,294.21953356700413,1043.0
scanId=145041,2.417216666667,294.2294114917706,1400.0
scanId=145041,2.417216666667,294.23928944211445,1562.0
scanId=145041,2.417216666667,294.24916769851075,1286.0
scanId=145041,2.417216666667,295.1289902766047,1248.0
scanId=145041,2.417216666667,295.13888345634365,1875.0
scanId=145041,2.417216666667,295.14877666080645,1843.0
scanId=145041,2.417216666667,295.1586701721752,1414.0
scanId=145041,2.417216666667,295.1685637082494,1148.0
scanId=145041,2.417216666667,295.178457551248,1100.0
scanId=145041,2.417216666667,295.1883514189335,1035.0
scanId=145041,2.417216666667,296.24796093447367,1239.0
scanId=145041,2.417216666667,296.25787270917897,1430.0
scanId=145041,2.417216666667,296.2677847918186,1278.0
scanId=145041,2.417216666667,297.19032655417834,1206.0
scanId=145041,2.417216666667,297.20025422342025,1601.0
scanId=145041,2.417216666667,297.2101819154859,1543.0
scanId=145041,2.417216666667,297.22010991635767,1251.0
scanId=145041,2.417216666667,297.23003794003506,1012.0
scanId=145041,2.417216666667,299.14926451920365,1629.0
scanId=145041,2.417216666667,299.15922470924056,3392.0
scanId=145041,2.417216666667,299.1691852098363,4814.0
scanId=145041,2.417216666667,299.1791457314852,4782.0
scanId=145041,2.417216666667,299.1891065637108,3694.0
scanId=145041,2.417216666667,299.19906741697184,2602.0
scanId=145041,2.417216666667,299.20902858082724,1977.0
scanId=145041,2.417216666667,299.2189897657004,1558.0
scanId=145041,2.417216666667,299.22895126118567,1182.0
scanId=145041,2.417216666667,300.16606537505766,1044.0
scanId=145041,2.417216666667,300.1760424773182,1137.0
scanId=145041,2.417216666667,300.1860198910356,1169.0
scanId=145041,2.417216666667,300.1959973249085,1264.0
scanId=145041,2.417216666667,300.20597507025576,1161.0
scanId=145041,2.417216666667,301.054683198435,2561.0
scanId=145041,2.417216666667,301.0646752038653,5210.0
scanId=145041,2.417216666667,301.07466722868446,5848.0
scanId=145041,2.417216666667,301.08465956574446,4826.0
scanId=145041,2.417216666667,301.0946519221761,3508.0
scanId=145041,2.417216666667,301.104644590866,2684.0
scanId=145041,2.417216666667,301.1146372789101,2186.0
scanId=145041,2.417216666667,301.1246302792298,1778.0
scanId=145041,2.417216666667,301.1346232988864,1682.0
scanId=145041,2.417216666667,301.144616630836,1768.0
scanId=145041,2.417216666667,301.1546099821051,1819.0
scanId=145041,2.417216666667,301.1646036456846,2044.0
scanId=145041,2.417216666667,301.17459732856634,2737.0
scanId=145041,2.417216666667,301.1845913237755,3308.0
scanId=145041,2.417216666667,301.19458533826975,3723.0
scanId=145041,2.417216666667,301.2045796651088,3871.0
scanId=145041,2.417216666667,301.21457401121546,3441.0
scanId=145041,2.417216666667,301.22456866968434,2890.0
scanId=145041,2.417216666667,301.2345633474036,2526.0
scanId=145041,2.417216666667,301.2445583375023,2010.0
scanId=145041,2.417216666667,301.2545533468341,1494.0
scanId=145041,2.417216666667,301.2645486685626,1133.0
scanId=145041,2.417216666667,302.06470576975863,1062.0
scanId=145041,2.417216666667,302.0747143752073,1639.0
scanId=145041,2.417216666667,302.0847232937592,1539.0
scanId=145041,2.417216666667,302.09473223082045,1129.0
scanId=145041,2.417216666667,302.18482086239965,1000.0
scanId=145041,2.417216666667,302.20484236585537,1027.0
scanId=145041,2.417216666667,302.2148532925929,1083.0
scanId=145041,2.417216666667,302.2248645325538,1035.0
scanId=145041,2.417216666667,302.234875790904,1067.0
scanId=145041,2.417216666667,302.2448873624946,1053.0
scanId=145041,2.417216666667,303.14660116592927,1424.0
scanId=145041,2.417216666667,303.1566276784683,2046.0
scanId=145041,2.417216666667,303.1666545050313,2425.0
scanId=145041,2.417216666667,303.1766813491833,2230.0
scanId=145041,2.417216666667,303.18670850737624,1659.0
scanId=145041,2.417216666667,303.196735683141,1193.0
scanId=145041,2.417216666667,303.20676317296375,1085.0
scanId=145041,2.417216666667,303.21679068034143,1115.0
scanId=145041,2.417216666667,303.226818501794,1002.0
scanId=145041,2.417216666667,304.24047499751174,1237.0
scanId=145041,2.417216666667,304.25051973208593,2397.0
scanId=145041,2.417216666667,304.2605644833393,2853.0
scanId=145041,2.417216666667,304.27060954954334,2453.0
scanId=145041,2.417216666667,304.2806546324098,2291.0
scanId=145041,2.417216666667,304.29070003024367,2186.0
scanId=145041,2.417216666667,304.3007454447232,1714.0
scanId=145041,2.417216666667,304.31079117418693,1166.0
scanId=145041,2.417216666667,305.1350991280711,1459.0
scanId=145041,2.417216666667,305.14515847030395,3164.0
scanId=145041,2.417216666667,305.1552181282208,4196.0
scanId=145041,2.417216666667,305.1652778020669,4034.0
scanId=145041,2.417216666667,305.1753377916136,3804.0
scanId=145041,2.417216666667,305.185397797073,3416.0
scanId=145041,2.417216666667,305.1954581182495,3099.0
scanId=145041,2.417216666667,305.2055184553224,2830.0
scanId=145041,2.417216666667,305.2155791081287,2536.0
scanId=145041,2.417216666667,305.2256397768146,2123.0
scanId=145041,2.417216666667,305.2357007612508,1905.0
scanId=145041,2.417216666667,305.24576176155,2149.0
scanId=145041,2.417216666667,305.25582307761607,2170.0
scanId=145041,2.417216666667,305.2658844095285,1648.0
scanId=145041,2.417216666667,305.2759460572244,1104.0
scanId=145041,2.417216666667,305.66847665015774,1189.0
scanId=145041,2.417216666667,305.6785449304503,1253.0
scanId=145041,2.417216666667,305.6886132262424,1158.0
scanId=145041,2.417216666667,306.24262905239505,1079.0
scanId=145041,2.417216666667,307.23102747431506,1065.0
scanId=145041,2.417216666667,307.24112130434617,1260.0
scanId=145041,2.417216666667,307.25121545176603,1377.0
scanId=145041,2.417216666667,307.26130961341084,1185.0
scanId=145041,2.417216666667,308.1906887966446,1083.0
scanId=145041,2.417216666667,308.2007985306668,1597.0
scanId=145041,2.417216666667,308.21090827815664,1939.0
scanId=145041,2.417216666667,308.2210183438086,1944.0
scanId=145041,2.417216666667,308.2311284229124,1757.0
scanId=145041,2.417216666667,308.2412388201942,1461.0
scanId=145041,2.417216666667,308.25134923091184,1155.0
scanId=145041,2.417216666667,309.1518467147838,1434.0
scanId=145041,2.417216666667,309.1619720481269,2607.0
scanId=145041,2.417216666667,309.17209770038124,3320.0
scanId=145041,2.417216666667,309.1822233653384,3501.0
scanId=145041,2.417216666667,309.1923493492225,3772.0
scanId=145041,2.417216666667,309.20247534579363,3723.0
scanId=145041,2.417216666667,309.2126016613076,3104.0
scanId=145041,2.417216666667,309.22272798949274,2335.0
scanId=145041,2.417216666667,309.23285463663655,1668.0
scanId=145041,2.417216666667,309.2429812964357,1159.0
scanId=145041,2.417216666667,309.6887218498781,1179.0
scanId=145041,2.417216666667,309.6988561245081,1574.0
scanId=145041,2.417216666667,309.7089904114302,1479.0
scanId=145041,2.417216666667,309.7191250176901,1090.0
scanId=145041,2.417216666667,310.1753503824588,1113.0
scanId=145041,2.417216666667,310.1854926162049,1102.0
scanId=145041,2.417216666667,310.19563486186604,1183.0
scanId=145041,2.417216666667,310.205777427242,1228.0
scanId=145041,2.417216666667,310.2159200045173,1238.0
scanId=145041,2.417216666667,310.2260629015232,1354.0
scanId=145041,2.417216666667,310.2362058104126,1259.0
scanId=145041,2.417216666667,311.13959570177985,1006.0
scanId=145041,2.417216666667,313.1642861286605,1286.0
scanId=145041,2.417216666667,313.17447711199253,1788.0
scanId=145041,2.417216666667,313.1846681049758,2050.0
scanId=145041,2.417216666667,313.1948594199377,2252.0
scanId=145041,2.417216666667,313.2050507445357,2081.0
scanId=145041,2.417216666667,313.2152423911275,1585.0
scanId=145041,2.417216666667,313.2254340473402,1251.0
scanId=145041,2.417216666667,313.23562602556177,1019.0
scanId=145041,2.417216666667,314.1841974190626,1168.0
scanId=145041,2.417216666667,314.19440498388656,1150.0
scanId=145041,2.417216666667,314.20461255760944,1047.0
scanId=145041,2.417216666667,315.1648722094167,1322.0
scanId=145041,2.417216666667,315.1750956924728,1603.0
scanId=145041,2.417216666667,315.1853191837143,1552.0
scanId=145041,2.417216666667,315.1955429984002,1898.0
scanId=145041,2.417216666667,315.2057668212566,2807.0
scanId=145041,2.417216666667,315.21599096757234,2953.0
scanId=145041,2.417216666667,315.2262151220437,2281.0
scanId=145041,2.417216666667,315.2364395999893,1638.0
scanId=145041,2.417216666667,315.2466640860759,1085.0
scanId=145041,2.417216666667,316.2085135358984,1110.0
scanId=145041,2.417216666667,316.2187539320761,1415.0
scanId=145041,2.417216666667,316.22899433568983,1447.0
scanId=145041,2.417216666667,316.2392350634974,1269.0
scanId=145041,2.417216666667,316.24947579872645,1019.0
scanId=145041,2.417216666667,317.17182809408234,1296.0
scanId=145041,2.417216666667,317.18208407686234,1842.0
scanId=145041,2.417216666667,317.1923400663961,2210.0
scanId=145041,2.417216666667,317.202596380806,2601.0
scanId=145041,2.417216666667,317.2128527019552,3941.0
scanId=145041,2.417216666667,317.2231093479949,6687.0
scanId=145041,2.417216666667,317.2333660007596,8075.0
scanId=145041,2.417216666667,317.2436229784291,7100.0
scanId=145041,2.417216666667,317.25387996280915,5572.0
scanId=145041,2.417216666667,317.26413727210854,4148.0
scanId=145041,2.417216666667,317.274394588104,2953.0
scanId=145041,2.417216666667,317.2846522290332,2110.0
scanId=145041,2.417216666667,317.2949098766441,1423.0
scanId=145041,2.417216666667,318.1776947139306,1077.0
scanId=145041,2.417216666667,318.1879669465726,1521.0
scanId=145041,2.417216666667,318.1982391852654,1756.0
scanId=145041,2.417216666667,318.20851174953725,2161.0
scanId=145041,2.417216666667,318.21878431984567,3384.0
scanId=145041,2.417216666667,318.2290572157475,5422.0
scanId=145041,2.417216666667,318.23933011767144,6239.0
scanId=145041,2.417216666667,318.249603345203,5274.0
scanId=145041,2.417216666667,318.25987657874254,3800.0
scanId=145041,2.417216666667,318.2701501379039,2569.0
scanId=145041,2.417216666667,318.28042370305906,1732.0
scanId=145041,2.417216666667,318.29069759385027,1431.0
scanId=145041,2.417216666667,318.300971490621,1227.0
scanId=145041,2.417216666667,319.21601957051115,1236.0
scanId=145041,2.417216666667,319.22630838998725,2281.0
scanId=145041,2.417216666667,319.23659753575095,3723.0
scanId=145041,2.417216666667,319.2468866868428,4210.0
scanId=145041,2.417216666667,319.2571761642363,3579.0
scanId=145041,2.417216666667,319.26746564694395,2811.0
scanId=145041,2.417216666667,319.27775545596734,2099.0
scanId=145041,2.417216666667,319.2880452702907,1452.0
scanId=145041,2.417216666667,319.2983354109439,1058.0
scanId=145041,2.417216666667,320.16329243078394,1283.0
scanId=145041,2.417216666667,320.17359650458843,1216.0
scanId=145041,2.417216666667,320.1839009053246,1011.0
scanId=145041,2.417216666667,320.19420531074513,1063.0
scanId=145041,2.417216666667,320.2045100431112,1518.0
scanId=145041,2.417216666667,320.2148147801475,1910.0
scanId=145041,2.417216666667,320.22511984414336,2068.0
scanId=145041,2.417216666667,320.2354249127956,2874.0
scanId=145041,2.417216666667,320.2457303084213,4162.0
scanId=145041,2.417216666667,320.2560357086895,4285.0
scanId=145041,2.417216666667,320.26634143594504,3510.0
scanId=145041,2.417216666667,320.2766471678292,2602.0
scanId=145041,2.417216666667,320.2869532267145,1868.0
scanId=145041,2.417216666667,320.2972592902147,1299.0
scanId=145041,2.417216666667,321.1635673413819,1054.0
scanId=145041,2.417216666667,321.1738876603504,1420.0
scanId=145041,2.417216666667,321.184207983339,1384.0
scanId=145041,2.417216666667,321.1945286339372,1178.0
scanId=145041,2.417216666667,321.2048492885419,1082.0
scanId=145041,2.417216666667,321.2151702707699,1006.0
scanId=145041,2.417216666667,321.23581257084845,1309.0
scanId=145041,2.417216666667,321.2461338886854,1636.0
scanId=145041,2.417216666667,321.2564555341731,1503.0
scanId=145041,2.417216666667,321.26677718362606,1146.0
scanId=145041,2.417216666667,322.1757387745472,1124.0
scanId=145041,2.417216666667,322.18607534337747,1318.0
scanId=145041,2.417216666667,322.19641191555866,1236.0
scanId=145041,2.417216666667,322.2067488160188,1041.0
scanId=145041,2.417216666667,323.15844552660764,1501.0
scanId=145041,2.417216666667,323.1687976847569,2892.0
scanId=145041,2.417216666667,323.17915017181934,3848.0
scanId=145041,2.417216666667,323.1895026615849,3576.0
scanId=145041,2.417216666667,323.1998554802772,2738.0
scanId=145041,2.417216666667,323.2102083016593,2036.0
scanId=145041,2.417216666667,323.22056145198144,1546.0
scanId=145041,2.417216666667,323.2309146049799,1229.0
scanId=145041,2.417216666667,324.18412152700654,1225.0
scanId=145041,2.417216666667,324.19449026393096,1373.0
scanId=145041,2.417216666667,324.2048590029057,1296.0
scanId=145041,2.417216666667,324.21522807146,1212.0
scanId=145041,2.417216666667,324.2255971420513,1014.0
scanId=145041,2.417216666667,324.67162763845323,1637.0
scanId=145041,2.417216666667,324.6820040046108,2025.0
scanId=145041,2.417216666667,324.6923807006513,1686.0
scanId=145041,2.417216666667,324.7027573984254,1263.0
scanId=145041,2.417216666667,325.1594998637224,1595.0
scanId=145041,2.417216666667,325.1698841872491,2452.0
scanId=145041,2.417216666667,325.1802685122078,2804.0
scanId=145041,2.417216666667,325.1906531673644,2546.0
scanId=145041,2.417216666667,325.2010378239398,2140.0
scanId=145041,2.417216666667,325.2114228107262,1663.0
scanId=145041,2.417216666667,325.2218077989184,1238.0
scanId=145041,2.417216666667,325.2321931173348,1088.0
scanId=145041,2.417216666667,325.2425784371437,1227.0
scanId=145041,2.417216666667,325.25296408718987,1349.0
scanId=145041,2.417216666667,325.2633497386156,1221.0
scanId=145041,2.417216666667,327.1667306832976,1099.0
scanId=145041,2.417216666667,327.1771468434811,1433.0
scanId=145041,2.417216666667,327.187563335102,1463.0
scanId=145041,2.417216666667,327.1979798269026,1422.0
scanId=145041,2.417216666667,327.2083966501535,1373.0
scanId=145041,2.417216666667,327.2188134735712,1289.0
scanId=145041,2.417216666667,327.2292306284518,1143.0
scanId=145041,2.417216666667,327.23964778348665,1014.0
scanId=145041,2.417216666667,329.1696896630147,1640.0
scanId=145041,2.417216666667,329.18013765845484,2541.0
scanId=145041,2.417216666667,329.19058598654004,2850.0
scanId=145041,2.417216666667,329.20103431359763,2556.0
scanId=145041,2.417216666667,329.2114829733127,2326.0
scanId=145041,2.417216666667,329.2219316319877,2282.0
scanId=145041,2.417216666667,329.2323806233326,2043.0
scanId=145041,2.417216666667,329.2428296136249,1697.0
scanId=145041,2.417216666667,329.25327893659966,1330.0
scanId=145041,2.417216666667,329.71320963004104,1010.0
scanId=145041,2.417216666667,330.1839252482769,1029.0
scanId=145041,2.417216666667,330.1943894945944,1465.0
scanId=145041,2.417216666667,330.2048537392922,1973.0
scanId=145041,2.417216666667,330.2153183172394,2285.0
scanId=145041,2.417216666667,330.2257828935547,2168.0
scanId=145041,2.417216666667,330.23624780313173,1936.0
scanId=145041,2.417216666667,330.2467127110647,1500.0
scanId=145041,2.417216666667,330.25717795227155,1008.0
scanId=145041,2.417216666667,331.1682812965108,1133.0
scanId=145041,2.417216666667,331.1787611294305,2233.0
scanId=145041,2.417216666667,331.1892409601587,4857.0
scanId=145041,2.417216666667,331.1997211247082,6701.0
scanId=145041,2.417216666667,331.2102012870541,6303.0
scanId=145041,2.417216666667,331.22068178323343,5134.0
scanId=145041,2.417216666667,331.23116227719703,4143.0
scanId=145041,2.417216666667,331.24164310500623,3590.0
scanId=145041,2.417216666667,331.2521239305876,4358.0
scanId=145041,2.417216666667,331.2626050900266,6950.0
scanId=145041,2.417216666667,331.2730862472257,8582.0
scanId=145041,2.417216666667,331.2835677382945,7338.0
scanId=145041,2.417216666667,331.29404922711143,5116.0
scanId=145041,2.417216666667,331.30453104981024,3421.0
scanId=145041,2.417216666667,331.3150128702449,2350.0
scanId=145041,2.417216666667,331.32549502457346,1608.0
scanId=145041,2.417216666667,331.3359771766259,1088.0
scanId=145041,2.417216666667,332.1855890460915,1835.0
scanId=145041,2.417216666667,332.19608479447544,5327.0
scanId=145041,2.417216666667,332.2065808772571,11973.0
scanId=145041,2.417216666667,332.2170769572589,15151.0
scanId=145041,2.417216666667,332.2275733716704,12745.0
scanId=145041,2.417216666667,332.2380697832901,9072.0
scanId=145041,2.417216666667,332.2485665293314,6554.0
scanId=145041,2.417216666667,332.259063272569,5498.0
scanId=145041,2.417216666667,332.26956035024017,4789.0
scanId=145041,2.417216666667,332.28005742509566,3825.0
scanId=145041,2.417216666667,332.29055483439663,2800.0
scanId=145041,2.417216666667,332.3010522408702,1884.0
scanId=145041,2.417216666667,332.3115499818011,1325.0
scanId=145041,2.417216666667,332.3220477198924,1040.0
scanId=145041,2.417216666667,333.17292208174075,2602.0
scanId=145041,2.417216666667,333.1834334161701,5239.0
scanId=145041,2.417216666667,333.1939450855542,6703.0
scanId=145041,2.417216666667,333.2044567516015,6940.0
scanId=145041,2.417216666667,333.21496875261533,6897.0
scanId=145041,2.417216666667,333.2254807502808,6275.0
scanId=145041,2.417216666667,333.23599308292444,5014.0
scanId=145041,2.417216666667,333.2465054122079,3651.0
scanId=145041,2.417216666667,333.2570180764814,3012.0
scanId=145041,2.417216666667,333.267530737383,4269.0
scanId=145041,2.417216666667,333.2780437332863,7057.0
scanId=145041,2.417216666667,333.288556725806,8313.0
scanId=145041,2.417216666667,333.2990700533392,6785.0
scanId=145041,2.417216666667,333.30958337747705,4659.0
scanId=145041,2.417216666667,333.32009703664005,3224.0
scanId=145041,2.417216666667,333.3306106923959,2187.0
scanId=145041,2.417216666667,333.34112468318875,1496.0
scanId=145041,2.417216666667,333.35163867056264,1034.0
scanId=145041,2.417216666667,333.67765722968863,1939.0
scanId=145041,2.417216666667,333.6881765229525,3128.0
scanId=145041,2.417216666667,333.69869615145257,3003.0
scanId=145041,2.417216666667,333.7092157763346,2204.0
scanId=145041,2.417216666667,333.7197357364645,1560.0
scanId=145041,2.417216666667,333.73025569296465,1137.0
scanId=145041,2.417216666667,334.1933016605751,1418.0
scanId=145041,2.417216666667,334.2038292481912,2646.0
scanId=145041,2.417216666667,334.21435683190987,7009.0
scanId=145041,2.417216666667,334.22488475115586,13569.0
scanId=145041,2.417216666667,334.23541266649266,15775.0
scanId=145041,2.417216666667,334.2459409173685,12704.0
scanId=145041,2.417216666667,334.2564691643236,8735.0
scanId=145041,2.417216666667,334.26699774682925,6183.0
scanId=145041,2.417216666667,334.27752632540256,4907.0
scanId=145041,2.417216666667,334.28805523953804,4104.0
scanId=145041,2.417216666667,334.29858414972966,3149.0
scanId=145041,2.417216666667,334.3091133954951,2215.0
scanId=145041,2.417216666667,334.3196426373049,1455.0
scanId=145041,2.417216666667,335.1519834972364,1401.0
scanId=145041,2.417216666667,335.16252600377885,4910.0
scanId=145041,2.417216666667,335.17306884636747,14493.0
scanId=145041,2.417216666667,335.1836116845284,29826.0
scanId=145041,2.417216666667,335.1941548587468,36603.0
scanId=145041,2.417216666667,335.2046980285262,31072.0
scanId=145041,2.417216666667,335.21524153437446,22931.0
scanId=145041,2.417216666667,335.22578503577205,17054.0
scanId=145041,2.417216666667,335.2363288732502,12895.0
scanId=145041,2.417216666667,335.2468727062663,9622.0
scanId=145041,2.417216666667,335.2574168753742,7017.0
scanId=145041,2.417216666667,335.26796104000863,4948.0
scanId=145041,2.417216666667,335.27850554074644,3380.0
scanId=145041,2.417216666667,335.2890500369993,2400.0
scanId=145041,2.417216666667,335.2995948693669,1686.0
scanId=145041,2.417216666667,335.31013969723824,1144.0
scanId=145041,2.417216666667,336.16482839958064,1393.0
scanId=145041,2.417216666667,336.17538682380933,3376.0
scanId=145041,2.417216666667,336.18594558463013,6530.0
scanId=145041,2.417216666667,336.19650434047736,8408.0
scanId=145041,2.417216666667,336.20706343292807,7906.0
scanId=145041,2.417216666667,336.2176225203939,7971.0
scanId=145041,2.417216666667,336.2281819444744,15935.0
scanId=145041,2.417216666667,336.2387413635587,29631.0
scanId=145041,2.417216666667,336.2493011192689,35059.0
scanId=145041,2.417216666667,336.2598608699718,29349.0
scanId=145041,2.417216666667,336.2704209573119,20718.0
scanId=145041,2.417216666667,336.28098103963333,13911.0
scanId=145041,2.417216666667,336.2915414586033,9486.0
scanId=145041,2.417216666667,336.30210187254335,6437.0
scanId=145041,2.417216666667,336.3126626231431,4332.0
scanId=145041,2.417216666667,336.32322336870186,2838.0
scanId=145041,2.417216666667,336.3337844509315,1797.0
scanId=145041,2.417216666667,336.3443455281086,1148.0
scanId=145041,2.417216666667,337.16862707876453,1687.0
scanId=145041,2.417216666667,337.1792014261876,2867.0
scanId=145041,2.417216666667,337.1897757681102,3480.0
scanId=145041,2.417216666667,337.20035044716315,3122.0
scanId=145041,2.417216666667,337.2109251207046,2506.0
scanId=145041,2.417216666667,337.22150013138736,2679.0
scanId=145041,2.417216666667,337.23207513654734,4234.0
scanId=145041,2.417216666667,337.2426504788599,6556.0
scanId=145041,2.417216666667,337.2532258156387,7350.0
scanId=145041,2.417216666667,337.2638014895811,6128.0
scanId=145041,2.417216666667,337.27437715797856,4338.0
scanId=145041,2.417216666667,337.2849531635508,2932.0
scanId=145041,2.417216666667,337.295529163567,2033.0
scanId=145041,2.417216666667,337.30610550076904,1407.0
scanId=145041,2.417216666667,338.1739223837648,1236.0
scanId=145041,2.417216666667,338.1845123117701,1666.0
scanId=145041,2.417216666667,338.19510257742536,1821.0
scanId=145041,2.417216666667,338.20569283704947,1601.0
scanId=145041,2.417216666667,338.2162834343345,1269.0
scanId=145041,2.417216666667,338.22687402557773,1104.0
scanId=145041,2.417216666667,338.2374649544926,1811.0
scanId=145041,2.417216666667,338.2480558773545,4112.0
scanId=145041,2.417216666667,338.25864713789923,6004.0
scanId=145041,2.417216666667,338.26923839238003,5725.0
scanId=145041,2.417216666667,338.27982998455457,4327.0
scanId=145041,2.417216666667,338.29042157065425,3067.0
scanId=145041,2.417216666667,338.30101349445863,2211.0
scanId=145041,2.417216666667,338.3116054121772,1705.0
scanId=145041,2.417216666667,338.3221976676114,1277.0
scanId=145041,2.417216666667,339.17010845770585,1495.0
scanId=145041,2.417216666667,339.18071397180114,6642.0
scanId=145041,2.417216666667,339.1913198240587,19023.0
scanId=145041,2.417216666667,339.20192566977306,27798.0
scanId=145041,2.417216666667,339.21253185366044,25455.0
scanId=145041,2.417216666667,339.2231380309938,18329.0
scanId=145041,2.417216666667,339.2337445465112,12770.0
scanId=145041,2.417216666667,339.24435105546354,9075.0
scanId=145041,2.417216666667,339.25495790261056,6808.0
scanId=145041,2.417216666667,339.265564743182,5348.0
scanId=145041,2.417216666667,339.27617192195885,3938.0
scanId=145041,2.417216666667,339.28677909414927,2762.0
scanId=145041,2.417216666667,339.297386604556,1848.0
scanId=145041,2.417216666667,339.30799410836545,1329.0
scanId=145041,2.417216666667,340.1783807485466,1251.0
scanId=145041,2.417216666667,340.18900218740646,3005.0
scanId=145041,2.417216666667,340.19962361921824,5512.0
scanId=145041,2.417216666667,340.21024538970795,6150.0
scanId=145041,2.417216666667,340.22086715313884,5036.0
scanId=145041,2.417216666667,340.2314892552584,3522.0
scanId=145041,2.417216666667,340.24211135030873,2507.0
scanId=145041,2.417216666667,340.2527337840581,1956.0
scanId=145041,2.417216666667,340.2633562107273,1573.0
scanId=145041,2.417216666667,340.27397897610655,1189.0
scanId=145041,2.417216666667,341.17751264234823,1368.0
scanId=145041,2.417216666667,341.1881496678104,1946.0
scanId=145041,2.417216666667,341.1987866857269,2614.0
scanId=145041,2.417216666667,341.2094240428189,2899.0
scanId=145041,2.417216666667,341.22006139235475,2580.0
scanId=145041,2.417216666667,341.23069908107664,2063.0
scanId=145041,2.417216666667,341.2413367622317,1548.0
scanId=145041,2.417216666667,341.25197478258355,1140.0
scanId=145041,2.417216666667,342.1887622656114,1100.0
scanId=145041,2.417216666667,342.19941486963984,1379.0
scanId=145041,2.417216666667,342.2100678133342,1601.0
scanId=145041,2.417216666667,342.2207207489821,1563.0
scanId=145041,2.417216666667,342.23137402430626,1267.0
scanId=145041,2.417216666667,343.190839981149,1308.0
scanId=145041,2.417216666667,343.2015081712966,1654.0
scanId=145041,2.417216666667,343.21217670159325,1573.0
scanId=145041,2.417216666667,343.2228452233605,1436.0
scanId=145041,2.417216666667,343.23351408528697,1489.0
scanId=145041,2.417216666667,343.2441829386739,1497.0
scanId=145041,2.417216666667,343.25485213223016,1295.0
scanId=145041,2.417216666667,343.26552131723673,1085.0
scanId=145041,2.417216666667,344.6967035634301,1122.0
scanId=145041,2.417216666667,345.1351975485589,1583.0
scanId=145041,2.417216666667,345.1458959161066,2044.0
scanId=145041,2.417216666667,345.1565946247184,1881.0
scanId=145041,2.417216666667,345.167293323886,1464.0
scanId=145041,2.417216666667,345.1779923641276,1244.0
scanId=145041,2.417216666667,345.1886913949152,1217.0
scanId=145041,2.417216666667,345.19939076678656,1350.0
scanId=145041,2.417216666667,345.2100901291942,1461.0
scanId=145041,2.417216666667,345.2207898326955,1262.0
scanId=145041,2.417216666667,345.2314895267229,1005.0
scanId=145041,2.417216666667,345.2635899542624,1047.0
scanId=145041,2.417216666667,345.2742903115297,1367.0
scanId=145041,2.417216666667,345.2849910099205,1327.0
scanId=145041,2.417216666667,347.1386922225257,1141.0
scanId=145041,2.417216666667,347.14942177271223,1266.0
scanId=145041,2.417216666667,347.16015131254744,1335.0
scanId=145041,2.417216666667,347.1708811943638,1468.0
scanId=145041,2.417216666667,347.1816110658193,1468.0
scanId=145041,2.417216666667,347.1923412792655,1502.0
scanId=145041,2.417216666667,347.2030714823412,1313.0
scanId=145041,2.417216666667,347.2138020274173,1017.0
scanId=145041,2.417216666667,347.2459943051353,1115.0
scanId=145041,2.417216666667,347.2567255134712,1448.0
scanId=145041,2.417216666667,347.26745671140753,1841.0
scanId=145041,2.417216666667,347.27818825137314,1868.0
scanId=145041,2.417216666667,347.2889197809298,1549.0
scanId=145041,2.417216666667,347.2996516525252,1195.0
scanId=145041,2.417216666667,348.201713415783,1271.0
scanId=145041,2.417216666667,348.2124592050134,1594.0
scanId=145041,2.417216666667,348.22320533669176,1600.0
scanId=145041,2.417216666667,348.23395145754256,1381.0
scanId=145041,2.417216666667,348.2446979208508,1142.0
scanId=145041,2.417216666667,349.1587457510575,1684.0
scanId=145041,2.417216666667,349.1695064744487,3434.0
scanId=145041,2.417216666667,349.18026718659985,4659.0
scanId=145041,2.417216666667,349.191028241621,4401.0
scanId=145041,2.417216666667,349.20178928539264,3594.0
scanId=145041,2.417216666667,349.21255067204345,2987.0
scanId=145041,2.417216666667,349.2233120474356,2683.0
scanId=145041,2.417216666667,349.23407376571635,2577.0
scanId=145041,2.417216666667,349.24483547272905,2845.0
scanId=145041,2.417216666667,349.2555975226396,2927.0
scanId=145041,2.417216666667,349.26635956127285,2557.0
scanId=145041,2.417216666667,349.27712194281327,2184.0
scanId=145041,2.417216666667,349.287884313067,1760.0
scanId=145041,2.417216666667,349.2986470262374,1327.0
scanId=145041,2.417216666667,350.1709701952484,1125.0
scanId=145041,2.417216666667,350.1817465052419,1325.0
scanId=145041,2.417216666667,350.1925228035616,1671.0
scanId=145041,2.417216666667,350.20329944518494,3357.0
scanId=145041,2.417216666667,350.2140760751254,7620.0
scanId=145041,2.417216666667,350.2248530483785,10858.0
scanId=145041,2.417216666667,350.23563000993954,10089.0
scanId=145041,2.417216666667,350.24640731482253,7751.0
scanId=145041,2.417216666667,350.25718460800425,5756.0
scanId=145041,2.417216666667,350.2679622445171,4138.0
scanId=145041,2.417216666667,350.2787398693195,2855.0
scanId=145041,2.417216666667,350.2895178374622,2010.0
scanId=145041,2.417216666667,350.30029579388525,1381.0
scanId=145041,2.417216666667,351.1954516564262,1299.0
scanId=145041,2.417216666667,351.2062435409213,1959.0
scanId=145041,2.417216666667,351.217035769147,2893.0
scanId=145041,2.417216666667,351.22782798526305,3663.0
scanId=145041,2.417216666667,351.23862054511864,3556.0
scanId=145041,2.417216666667,351.24941309285543,2799.0
scanId=145041,2.417216666667,351.2602059843408,2118.0
scanId=145041,2.417216666667,351.2709988636985,1667.0
scanId=145041,2.417216666667,351.28179208681365,1244.0
scanId=145041,2.417216666667,352.19981444513263,1062.0
scanId=145041,2.417216666667,352.21062192833074,2118.0
scanId=145041,2.417216666667,352.22142939900846,3780.0
scanId=145041,2.417216666667,352.23223721383647,5966.0
scanId=145041,2.417216666667,352.2430450161352,7125.0
scanId=145041,2.417216666667,352.253853162593,6023.0
scanId=145041,2.417216666667,352.2646612965126,4284.0
scanId=145041,2.417216666667,352.2754697746004,2955.0
scanId=145041,2.417216666667,352.2862782401411,2176.0
scanId=145041,2.417216666667,352.29708704985853,1691.0
scanId=145041,2.417216666667,352.30789584702023,1303.0
scanId=145041,2.417216666667,353.1839663944417,1433.0
scanId=145041,2.417216666667,353.1947887880667,2113.0
scanId=145041,2.417216666667,353.2056115262373,3128.0
scanId=145041,2.417216666667,353.2164342514834,3496.0
scanId=145041,2.417216666667,353.22725732128384,3552.0
scanId=145041,2.417216666667,353.2380803781511,3819.0
scanId=145041,2.417216666667,353.2489037795814,3511.0
scanId=145041,2.417216666667,353.25972716806973,2729.0
scanId=145041,2.417216666667,353.2705509011298,2050.0
scanId=145041,2.417216666667,353.2813746212393,1471.0
scanId=145041,2.417216666667,353.29219868592924,1034.0
scanId=145041,2.417216666667,353.7036326148075,1159.0
scanId=145041,2.417216666667,353.71446296734024,1279.0
scanId=145041,2.417216666667,353.7252936646269,1106.0
scanId=145041,2.417216666667,354.1911665700301,1196.0
scanId=145041,2.417216666667,354.20200456317315,1262.0
scanId=145041,2.417216666667,354.21284254299434,1097.0
scanId=145041,2.417216666667,354.22368086776737,1055.0
scanId=145041,2.417216666667,354.2345191792098,1029.0
scanId=145041,2.417216666667,354.2453578356126,1079.0
scanId=145041,2.417216666667,354.2561964786762,1114.0
scanId=145041,2.417216666667,354.2670354667088,1012.0
scanId=145041,2.417216666667,355.1889477913287,1603.0
scanId=145041,2.417216666667,355.19980103944425,2449.0
scanId=145041,2.417216666667,355.21065427384707,2413.0
scanId=145041,2.417216666667,355.22150785359247,1930.0
scanId=145041,2.417216666667,355.23236141961667,1626.0
scanId=145041,2.417216666667,355.2432153309919,1472.0
scanId=145041,2.417216666667,355.2540692286377,1295.0
scanId=145041,2.417216666667,355.2649234716428,1203.0
scanId=145041,2.417216666667,355.2757777009098,1214.0
scanId=145041,2.417216666667,355.2866322755447,1057.0
scanId=145041,2.417216666667,356.24247626602425,1068.0
scanId=145041,2.417216666667,356.25334541825845,1388.0
scanId=145041,2.417216666667,356.264214916236,1509.0
scanId=145041,2.417216666667,356.27508440009177,1302.0
scanId=145041,2.417216666667,357.1560706344106,2243.0
scanId=145041,2.417216666667,357.1669537147531,4569.0
scanId=145041,2.417216666667,357.1778371411838,5379.0
scanId=145041,2.417216666667,357.188720553148,4861.0
scanId=145041,2.417216666667,357.1996043112086,4901.0
scanId=145041,2.417216666667,357.21048805479467,5351.0
scanId=145041,2.417216666667,357.22137214448503,5104.0
scanId=145041,2.417216666667,357.2322562196927,4164.0
scanId=145041,2.417216666667,357.2431406410129,3391.0
scanId=145041,2.417216666667,357.2540250478422,2759.0
scanId=145041,2.417216666667,357.2649098007922,2099.0
scanId=145041,2.417216666667,357.2757945392433,1661.0
scanId=145041,2.417216666667,357.2866796238232,1319.0
scanId=145041,2.417216666667,358.1689147463062,1065.0
scanId=145041,2.417216666667,358.17981342770935,1017.0
scanId=145041,2.417216666667,358.1907120942749,1034.0
scanId=145041,2.417216666667,358.2016111073079,1382.0
scanId=145041,2.417216666667,358.2125101054953,1778.0
scanId=145041,2.417216666667,358.22340945015816,1915.0
scanId=145041,2.417216666667,358.23430877996736,2262.0
scanId=145041,2.417216666667,358.2452084562602,2371.0
scanId=145041,2.417216666667,358.2561081176912,2032.0
scanId=145041,2.417216666667,358.26700812561376,1580.0
scanId=145041,2.417216666667,358.2779081186667,1192.0
scanId=145041,2.417216666667,359.2050213439543,1137.0
scanId=145041,2.417216666667,359.21593559674966,1435.0
scanId=145041,2.417216666667,359.226850196385,1440.0
scanId=145041,2.417216666667,359.2377647808023,1707.0
scanId=145041,2.417216666667,359.2486797120674,2628.0
scanId=145041,2.417216666667,359.2595946281068,3545.0
scanId=145041,2.417216666667,359.2705098910018,3460.0
scanId=145041,2.417216666667,359.28142513866305,2581.0
scanId=145041,2.417216666667,359.29234073318804,1781.0
scanId=145041,2.417216666667,359.3032563124714,1334.0
scanId=145041,2.417216666667,360.18797632268223,1079.0
scanId=145041,2.417216666667,360.19890549847,1073.0
scanId=145041,2.417216666667,360.2644845793894,1276.0
scanId=145041,2.417216666667,360.2754150972569,1456.0
scanId=145041,2.417216666667,360.2863455995331,1288.0
scanId=145041,2.417216666667,360.2972764490304,1065.0
scanId=145041,2.417216666667,360.3082072829288,1254.0
scanId=145041,2.417216666667,360.3191384640559,1608.0
scanId=145041,2.417216666667,360.3300696295765,1425.0
scanId=145041,2.417216666667,360.3410011423335,1027.0
scanId=145041,2.417216666667,361.1722743866225,1304.0
scanId=145041,2.417216666667,361.1832184854088,2308.0
scanId=145041,2.417216666667,361.1941629317294,2647.0
scanId=145041,2.417216666667,361.205107362138,2550.0
scanId=145041,2.417216666667,361.2160521400885,2425.0
scanId=145041,2.417216666667,361.22699690211925,2174.0
scanId=145041,2.417216666667,361.2379420116995,1736.0
scanId=145041,2.417216666667,361.2488871053527,1350.0
scanId=145041,2.417216666667,361.2598325465629,1227.0
scanId=145041,2.417216666667,361.27077797183824,1103.0
scanId=145041,2.417216666667,362.2017529822152,1477.0
scanId=145041,2.417216666667,362.2127126672511,2338.0
scanId=145041,2.417216666667,362.223672700174,2642.0
scanId=145041,2.417216666667,362.2346327168323,2221.0
scanId=145041,2.417216666667,362.245593081385,1956.0
scanId=145041,2.417216666667,362.25655342966576,1815.0
scanId=145041,2.417216666667,362.2675141258483,1568.0
scanId=145041,2.417216666667,362.2784748057515,1293.0
scanId=145041,2.417216666667,362.2894358335639,1013.0
scanId=145041,2.417216666667,363.144899771256,1204.0
scanId=145041,2.417216666667,363.155873716058,1792.0
scanId=145041,2.417216666667,363.1668480090639,2154.0
scanId=145041,2.417216666667,363.1778222854885,2505.0
scanId=145041,2.417216666667,363.18879691012415,2677.0
scanId=145041,2.417216666667,363.1997715181713,2842.0
scanId=145041,2.417216666667,363.2107464744368,3040.0
scanId=145041,2.417216666667,363.22172141410647,2874.0
scanId=145041,2.417216666667,363.232696702002,2499.0
scanId=145041,2.417216666667,363.24367197329417,2161.0
scanId=145041,2.417216666667,363.25464759281937,1920.0
scanId=145041,2.417216666667,363.2656231957342,1708.0
scanId=145041,2.417216666667,363.2765991468892,1339.0
scanId=145041,2.417216666667,364.1771839240928,1193.0
scanId=145041,2.417216666667,364.18817345515725,1361.0
scanId=145041,2.417216666667,364.1991633347655,1443.0
scanId=145041,2.417216666667,364.2101531974527,1673.0
scanId=145041,2.417216666667,364.2211434086908,2120.0
scanId=145041,2.417216666667,364.2321336030005,2674.0
scanId=145041,2.417216666667,364.2431241458684,2679.0
scanId=145041,2.417216666667,364.254114671801,2346.0
scanId=145041,2.417216666667,364.2651055462987,2014.0
scanId=145041,2.417216666667,364.276096403854,1616.0
scanId=145041,2.417216666667,364.2870876099816,1198.0
scanId=145041,2.417216666667,365.1008902327968,1016.0
scanId=145041,2.417216666667,365.11189369201634,1033.0
scanId=145041,2.417216666667,365.1559095530764,1080.0
scanId=145041,2.417216666667,365.16691402439744,1304.0
scanId=145041,2.417216666667,365.1779184784854,1564.0
scanId=145041,2.417216666667,365.18892328143625,1808.0
scanId=145041,2.417216666667,365.199928067147,1898.0
scanId=145041,2.417216666667,365.2109332017279,2122.0
scanId=145041,2.417216666667,365.2219383190616,2238.0
scanId=145041,2.417216666667,365.2329437852721,2084.0
scanId=145041,2.417216666667,365.2439492342285,1944.0
scanId=145041,2.417216666667,365.2549550320688,1869.0
scanId=145041,2.417216666667,365.2659608126481,1659.0
scanId=145041,2.417216666667,365.2769669421183,1442.0
scanId=145041,2.417216666667,365.2879730543204,1219.0
scanId=145041,2.417216666667,366.1910460234655,1745.0
scanId=145041,2.417216666667,366.2020660813888,2696.0
scanId=145041,2.417216666667,366.2130861217522,3148.0
scanId=145041,2.417216666667,366.2241065113054,3247.0
scanId=145041,2.417216666667,366.2351268832919,2960.0
scanId=145041,2.417216666667,366.2461476044749,2534.0
scanId=145041,2.417216666667,366.2571683080845,2028.0
scanId=145041,2.417216666667,366.2681893608973,1599.0
scanId=145041,2.417216666667,366.2792103961297,1248.0
scanId=145041,2.417216666667,367.194542047948,1298.0
scanId=145041,2.417216666667,367.20557701134754,1936.0
scanId=145041,2.417216666667,367.2166123242433,2486.0
scanId=145041,2.417216666667,367.2276476192659,2800.0
scanId=145041,2.417216666667,367.23868326379153,2708.0
scanId=145041,2.417216666667,367.2497188904373,2200.0
scanId=145041,2.417216666667,367.2607548665927,1727.0
scanId=145041,2.417216666667,367.2717908248616,1348.0
scanId=145041,2.417216666667,367.2828271326469,1008.0
scanId=145041,2.417216666667,368.22151144242383,1350.0
scanId=145041,2.417216666667,368.23256201029216,1944.0
scanId=145041,2.417216666667,368.2436125599803,1935.0
scanId=145041,2.417216666667,368.2546634594784,1498.0
scanId=145041,2.417216666667,368.26571434078966,1247.0
scanId=145041,2.417216666667,368.2767655719176,1110.0
scanId=145041,2.417216666667,368.3983389539606,1611.0
scanId=145041,2.417216666667,368.4093921748676,4133.0
scanId=145041,2.417216666667,368.4204453775416,5810.0
scanId=145041,2.417216666667,368.4314989300784,5157.0
scanId=145041,2.417216666667,368.4425524643756,3639.0
scanId=145041,2.417216666667,368.4536063485422,2458.0
scanId=145041,2.417216666667,368.4646602144627,1678.0
scanId=145041,2.417216666667,368.4757144302593,1141.0
scanId=145041,2.417216666667,369.1835232428547,1091.0
scanId=145041,2.417216666667,369.1945880523444,1346.0
scanId=145041,2.417216666667,369.20565321192544,1705.0
scanId=145041,2.417216666667,369.2167183530385,1966.0
scanId=145041,2.417216666667,369.2277838442494,1916.0
scanId=145041,2.417216666667,369.2388493169858,1624.0
scanId=145041,2.417216666667,369.24991513982656,1309.0
scanId=145041,2.417216666667,369.2609809441863,1054.0
scanId=145041,2.417216666667,369.41592090568014,1379.0
scanId=145041,2.417216666667,369.4269893815596,1403.0
scanId=145041,2.417216666667,369.4380578389065,1156.0
scanId=145041,2.417216666667,370.2575906353235,1404.0
scanId=145041,2.417216666667,370.2686717131367,1716.0
scanId=145041,2.417216666667,370.2797527721745,1457.0
scanId=145041,2.417216666667,370.2908341816176,1073.0
scanId=145041,2.417216666667,371.1556877900083,1102.0
scanId=145041,2.417216666667,371.16678211398863,1123.0
scanId=145041,2.417216666667,371.1778767886253,1055.0
scanId=145041,2.417216666667,371.1889714442293,1086.0
scanId=145041,2.417216666667,371.2000664504956,1233.0
scanId=145041,2.417216666667,371.2111614377232,1607.0
scanId=145041,2.417216666667,371.2222567756194,2065.0
scanId=145041,2.417216666667,371.2333520944706,2154.0
scanId=145041,2.417216666667,371.2444477639967,1835.0
scanId=145041,2.417216666667,371.2555434144715,1558.0
scanId=145041,2.417216666667,371.26663941562737,1525.0
scanId=145041,2.417216666667,371.2777353977258,1314.0
scanId=145041,2.417216666667,371.2888317305117,1007.0
scanId=145041,2.417216666667,372.2326181154903,1273.0
scanId=145041,2.417216666667,372.243728708359,2006.0
scanId=145041,2.417216666667,372.25483928190033,3030.0
scanId=145041,2.417216666667,372.2659502063989,3200.0
scanId=145041,2.417216666667,372.277061111564,2522.0
scanId=145041,2.417216666667,372.2881723676924,1837.0
scanId=145041,2.417216666667,372.2992836044812,1412.0
scanId=145041,2.417216666667,372.3103951922394,1075.0
scanId=145041,2.417216666667,373.1998520421161,1428.0
scanId=145041,2.417216666667,373.21097687548206,1935.0
scanId=145041,2.417216666667,373.2221020600636,2137.0
scanId=145041,2.417216666667,373.2332272250535,2104.0
scanId=145041,2.417216666667,373.2443527412648,2088.0
scanId=145041,2.417216666667,373.25547823787866,2309.0
scanId=145041,2.417216666667,373.2666040857199,2646.0
scanId=145041,2.417216666667,373.2777299139576,2656.0
scanId=145041,2.417216666667,373.2888560934287,2154.0
scanId=145041,2.417216666667,373.2999822532904,1484.0
scanId=145041,2.417216666667,375.1827009413928,1326.0
scanId=145041,2.417216666667,375.19385528929695,1807.0
scanId=145041,2.417216666667,375.20500998893385,2235.0
scanId=145041,2.417216666667,375.2161646684622,2495.0
scanId=145041,2.417216666667,375.227319699729,2345.0
scanId=145041,2.417216666667,375.2384747108814,1978.0
scanId=145041,2.417216666667,375.249630073778,1685.0
scanId=145041,2.417216666667,375.26078541655465,1512.0
scanId=145041,2.417216666667,375.2719411110811,1293.0
scanId=145041,2.417216666667,375.28309678548186,1021.0
scanId=145041,2.417216666667,376.2319431534365,1030.0
scanId=145041,2.417216666667,376.2431130876792,1013.0
scanId=145041,2.417216666667,377.1819873379772,1467.0
scanId=145041,2.417216666667,377.19317155266975,2135.0
scanId=145041,2.417216666667,377.2043557467594,3103.0
scanId=145041,2.417216666667,377.2155402930816,3665.0
scanId=145041,2.417216666667,377.2267248187958,3336.0
scanId=145041,2.417216666667,377.2379096967479,2597.0
scanId=145041,2.417216666667,377.2490945540864,1934.0
scanId=145041,2.417216666667,377.26027976366834,1524.0
scanId=145041,2.417216666667,377.2714649526313,1278.0
scanId=145041,2.417216666667,377.2826504938431,1034.0
scanId=145041,2.417216666667,378.2116206101516,1005.0
scanId=145041,2.417216666667,378.2228200798165,1288.0
scanId=145041,2.417216666667,378.2340195286324,1310.0
scanId=145041,2.417216666667,378.2452193299271,1251.0
scanId=145041,2.417216666667,378.2564191103676,1054.0
scanId=145041,2.417216666667,379.1753730235708,1302.0
scanId=145041,2.417216666667,379.1865867533186,2529.0
scanId=145041,2.417216666667,379.1978004619927,3601.0
scanId=145041,2.417216666667,379.2090145233705,6341.0
scanId=145041,2.417216666667,379.22022856366925,13532.0
scanId=145041,2.417216666667,379.2314429566768,20462.0
scanId=145041,2.417216666667,379.2426573286002,20438.0
scanId=145041,2.417216666667,379.2538720532376,15893.0
scanId=145041,2.417216666667,379.2650867567857,11169.0
scanId=145041,2.417216666667,379.2763018130529,7698.0
scanId=145041,2.417216666667,379.2875168482257,5251.0
scanId=145041,2.417216666667,379.2987322361227,3453.0
scanId=145041,2.417216666667,379.3099476029202,2260.0
scanId=145041,2.417216666667,379.3211633224472,1495.0
scanId=145041,2.417216666667,380.2077216594423,1233.0
scanId=145041,2.417216666667,380.2189506441625,3134.0
scanId=145041,2.417216666667,380.2301796075746,5376.0
scanId=145041,2.417216666667,380.2414089239247,5763.0
scanId=145041,2.417216666667,380.2526382189616,4631.0
scanId=145041,2.417216666667,380.2638678669416,3530.0
scanId=145041,2.417216666667,380.27509749360337,2734.0
scanId=145041,2.417216666667,380.2863274732132,1899.0
scanId=145041,2.417216666667,380.2975574314996,1255.0
scanId=145041,2.417216666667,381.1852555929145,1094.0
scanId=145041,2.417216666667,381.1964988161957,1350.0
scanId=145041,2.417216666667,381.20774239262886,1829.0
scanId=145041,2.417216666667,381.21898594753503,2431.0
scanId=145041,2.417216666667,381.2302298555981,2713.0
scanId=145041,2.417216666667,381.2414737421292,2639.0
scanId=145041,2.417216666667,381.252717981822,2316.0
scanId=145041,2.417216666667,381.2639621999781,1783.0
scanId=145041,2.417216666667,381.2752067713007,1379.0
scanId=145041,2.417216666667,381.2864513210817,1151.0
scanId=145041,2.417216666667,382.2090763487253,1103.0
scanId=145041,2.417216666667,382.22033484850107,1235.0
scanId=145041,2.417216666667,382.231593326532,1459.0
scanId=145041,2.417216666667,382.24285215793753,1567.0
scanId=145041,2.417216666667,382.2541109675934,1475.0
scanId=145041,2.417216666667,382.26537013062887,1246.0
scanId=145041,2.417216666667,385.14184485690754,1002.0
scanId=145041,2.417216666667,385.153146468562,2686.0
scanId=145041,2.417216666667,385.1644480578744,5377.0
scanId=145041,2.417216666667,385.1757500011588,6688.0
scanId=145041,2.417216666667,385.1870519220966,5935.0
scanId=145041,2.417216666667,385.1983541970108,4551.0
scanId=145041,2.417216666667,385.209656449574,3646.0
scanId=145041,2.417216666667,385.220959056118,2981.0
scanId=145041,2.417216666667,385.23226164030666,2449.0
scanId=145041,2.417216666667,385.24356457848046,2181.0
scanId=145041,2.417216666667,385.2548674942945,1925.0
scanId=145041,2.417216666667,385.2661707640982,1654.0
scanId=145041,2.417216666667,385.2774740115377,1745.0
scanId=145041,2.417216666667,385.2887776129714,1773.0
scanId=145041,2.417216666667,385.3000811920363,1358.0
scanId=145041,2.417216666667,386.1596455231676,1455.0
scanId=145041,2.417216666667,386.1709620581647,1791.0
scanId=145041,2.417216666667,386.1822785706241,1809.0
scanId=145041,2.417216666667,386.193595437251,1534.0
scanId=145041,2.417216666667,386.204912281336,1260.0
scanId=145041,2.417216666667,386.2162294795928,1005.0
scanId=145041,2.417216666667,386.250181692526,1284.0
scanId=145041,2.417216666667,386.2614995540425,1551.0
scanId=145041,2.417216666667,386.27281739300406,1689.0
scanId=145041,2.417216666667,386.2841355861504,1636.0
scanId=145041,2.417216666667,386.2954537567376,1295.0
scanId=145041,2.417216666667,387.1901207399261,1008.0
scanId=145041,2.417216666667,387.2014521755383,1350.0
scanId=145041,2.417216666667,387.2127839655079,1491.0
scanId=145041,2.417216666667,387.2241157327456,1561.0
scanId=145041,2.417216666667,387.23544785434507,1454.0
scanId=145041,2.417216666667,387.2467799532085,1301.0
scanId=145041,2.417216666667,387.25811240643776,1242.0
scanId=145041,2.417216666667,387.2694448369268,1032.0
scanId=145041,2.417216666667,389.18702353353416,1586.0
scanId=145041,2.417216666667,389.1983841522167,2366.0
scanId=145041,2.417216666667,389.2097451256119,2909.0
scanId=145041,2.417216666667,389.22110607592026,3348.0
scanId=145041,2.417216666667,389.23246738094537,3828.0
scanId=145041,2.417216666667,389.2438286628799,3969.0
scanId=145041,2.417216666667,389.2551902995348,3385.0
scanId=145041,2.417216666667,389.26655191309504,2583.0
scanId=145041,2.417216666667,389.2779138813798,2088.0
scanId=145041,2.417216666667,389.2892758265659,1621.0
scanId=145041,2.417216666667,389.3006381264805,1155.0
scanId=145041,2.417216666667,390.2101518002754,1084.0
scanId=145041,2.417216666667,390.2215273421273,1326.0
scanId=145041,2.417216666667,390.2329032388652,1373.0
scanId=145041,2.417216666667,390.2442791123431,1317.0
scanId=145041,2.417216666667,390.2556553407108,1188.0
scanId=145041,2.417216666667,390.2670315458148,1045.0
scanId=145041,2.417216666667,390.2784081058123,1026.0
scanId=145041,2.417216666667,390.2897846425423,1125.0
scanId=145041,2.417216666667,390.3011615341697,1054.0
scanId=145041,2.417216666667,391.1776727545419,1215.0
scanId=145041,2.417216666667,391.1890625797329,1400.0
scanId=145041,2.417216666667,391.2004523815074,1505.0
scanId=145041,2.417216666667,391.2118425383282,1452.0
scanId=145041,2.417216666667,391.2232326717288,1563.0
scanId=145041,2.417216666667,391.2346231601795,1617.0
scanId=145041,2.417216666667,391.2460136252063,1455.0
scanId=145041,2.417216666667,391.25740444528674,1147.0
scanId=145041,2.417216666667,392.2490322017046,1039.0
scanId=145041,2.417216666667,393.1619815415423,1018.0
scanId=145041,2.417216666667,393.1734002185291,1714.0
scanId=145041,2.417216666667,393.1848188717904,2678.0
scanId=145041,2.417216666667,393.1962378804071,4529.0
scanId=145041,2.417216666667,393.2076568652948,5717.0
scanId=145041,2.417216666667,393.2190762055412,5163.0
scanId=145041,2.417216666667,393.2304955220555,3990.0
scanId=145041,2.417216666667,393.2419151939318,3066.0
scanId=145041,2.417216666667,393.2533348420724,2318.0
scanId=145041,2.417216666667,393.2647548455785,1840.0
scanId=145041,2.417216666667,393.2761748253455,1595.0
scanId=145041,2.417216666667,393.2875951604815,1444.0
scanId=145041,2.417216666667,393.2990154718749,1203.0
scanId=145041,2.417216666667,394.2131852032103,1056.0
scanId=145041,2.417216666667,394.2246191351696,1390.0
scanId=145041,2.417216666667,394.2360530432484,1481.0
scanId=145041,2.417216666667,394.2474873068375,1309.0
scanId=145041,2.417216666667,394.2589215465429,1051.0
scanId=145041,2.417216666667,395.18565340899056,1499.0
scanId=145041,2.417216666667,395.1971012453861,1837.0
scanId=145041,2.417216666667,395.2085494374284,2074.0
scanId=145041,2.417216666667,395.2199976054506,3044.0
scanId=145041,2.417216666667,395.2314461291227,3988.0
scanId=145041,2.417216666667,395.2428946287716,3719.0
scanId=145041,2.417216666667,395.25434348407344,2798.0
scanId=145041,2.417216666667,395.265792315349,2158.0
scanId=145041,2.417216666667,395.27724150228073,1825.0
scanId=145041,2.417216666667,395.2886906651831,1498.0
scanId=145041,2.417216666667,395.3001401837447,1148.0
scanId=145041,2.417216666667,396.1937061009247,1001.0
scanId=145041,2.417216666667,396.20516852889534,1429.0
scanId=145041,2.417216666667,396.2166313126504,1875.0
scanId=145041,2.417216666667,396.2280940722477,1927.0
scanId=145041,2.417216666667,396.2395571876326,1582.0
scanId=145041,2.417216666667,396.25102027885686,1327.0
scanId=145041,2.417216666667,396.2624837258716,1272.0
scanId=145041,2.417216666667,396.27394714872247,1184.0
scanId=145041,2.417216666667,397.2145198771871,1391.0
scanId=145041,2.417216666667,397.225997252655,2307.0
scanId=145041,2.417216666667,397.2374746038328,3438.0
scanId=145041,2.417216666667,397.2489523109305,3648.0
scanId=145041,2.417216666667,397.2604299937352,2989.0
scanId=145041,2.417216666667,397.2719080324627,2197.0
scanId=145041,2.417216666667,397.2833860468942,1665.0
scanId=145041,2.417216666667,397.2948644172515,1263.0
scanId=145041,2.417216666667,398.2366472576724,1255.0
scanId=145041,2.417216666667,398.2481392004358,1524.0
scanId=145041,2.417216666667,398.2596314992463,1335.0
scanId=145041,2.417216666667,398.2711237736367,1167.0
scanId=145041,2.417216666667,399.23707476903854,1003.0
scanId=145041,2.417216666667,399.248581327932,1086.0
scanId=145041,2.417216666667,399.26008786228624,1063.0
scanId=145041,2.417216666667,399.2715947528095,1002.0
scanId=145041,2.417216666667,399.2831016187908,1144.0
scanId=145041,2.417216666667,399.2946088409441,1306.0
scanId=145041,2.417216666667,399.3061160385525,1264.0
scanId=145041,2.417216666667,399.31762359233545,1070.0
scanId=145041,2.417216666667,401.1955555227042,1356.0
scanId=145041,2.417216666667,401.2070902701337,2290.0
scanId=145041,2.417216666667,401.21862499280303,2788.0
scanId=145041,2.417216666667,401.2301600718624,2857.0
scanId=145041,2.417216666667,401.241695126159,2513.0
scanId=145041,2.417216666667,401.2532305368484,1989.0
scanId=145041,2.417216666667,401.2647659227724,1813.0
scanId=145041,2.417216666667,401.27630166509147,1708.0
scanId=145041,2.417216666667,401.2878373826428,1370.0
scanId=145041,2.417216666667,402.211239648389,1127.0
scanId=145041,2.417216666667,402.22278898753154,1630.0
scanId=145041,2.417216666667,402.2343383018069,1554.0
scanId=145041,2.417216666667,402.2458879725791,1231.0
scanId=145041,2.417216666667,402.2574376184818,1104.0
scanId=145041,2.417216666667,402.2689876208838,1064.0
scanId=145041,2.417216666667,403.1703912454958,1212.0
scanId=145041,2.417216666667,403.1819541564994,2428.0
scanId=145041,2.417216666667,403.1935174240949,3366.0
scanId=145041,2.417216666667,403.2050806667263,3343.0
scanId=145041,2.417216666667,403.2166442659516,3160.0
scanId=145041,2.417216666667,403.2282078402104,3099.0
scanId=145041,2.417216666667,403.23977177106553,2656.0
scanId=145041,2.417216666667,403.2513356769519,2046.0
scanId=145041,2.417216666667,403.26289993943686,1538.0
scanId=145041,2.417216666667,403.2744641769508,1156.0
scanId=145041,2.417216666667,404.2233037415801,1110.0
scanId=145041,2.417216666667,404.2348819325182,1239.0
scanId=145041,2.417216666667,404.246460098393,1171.0
scanId=145041,2.417216666667,404.258038620961,1002.0
scanId=145041,2.417216666667,405.1848500298812,1322.0
scanId=145041,2.417216666667,405.1964417924938,2168.0
scanId=145041,2.417216666667,405.2080339118851,2887.0
scanId=145041,2.417216666667,405.2196260061255,3179.0
scanId=145041,2.417216666667,405.2312184571466,3122.0
scanId=145041,2.417216666667,405.2428108830149,2873.0
scanId=145041,2.417216666667,405.2544036656658,2475.0
scanId=145041,2.417216666667,405.26599642316177,1983.0
scanId=145041,2.417216666667,405.27758953744257,1437.0
scanId=145041,2.417216666667,405.28918262656657,1088.0
scanId=145041,2.417216666667,406.205568279817,1091.0
scanId=145041,2.417216666667,406.21717463405554,1387.0
scanId=145041,2.417216666667,406.2287813451596,1443.0
scanId=145041,2.417216666667,406.2403880310261,1445.0
scanId=145041,2.417216666667,406.25199507375993,1535.0
scanId=145041,2.417216666667,406.2636020912544,1627.0
scanId=145041,2.417216666667,406.2752094656182,1825.0
scanId=145041,2.417216666667,406.2868168147405,1821.0
scanId=145041,2.417216666667,406.2984245207341,1581.0
scanId=145041,2.417216666667,406.3100322014843,1185.0
scanId=145041,2.417216666667,407.2043290113368,1025.0
scanId=145041,2.417216666667,407.2159496255783,1384.0
scanId=145041,2.417216666667,407.2275705967653,1857.0
scanId=145041,2.417216666667,407.2391915426348,1956.0
scanId=145041,2.417216666667,407.2508128454518,1810.0
scanId=145041,2.417216666667,407.2624341229493,1607.0
scanId=145041,2.417216666667,407.27405575739607,1383.0
scanId=145041,2.417216666667,407.28567736652167,1182.0
scanId=145041,2.417216666667,407.2972993325982,1121.0
scanId=145041,2.417216666667,408.21595098090097,1149.0
scanId=145041,2.417216666667,408.227586212171,1325.0
scanId=145041,2.417216666667,408.2392214180485,1343.0
scanId=145041,2.417216666667,408.2508569809484,1395.0
scanId=145041,2.417216666667,408.2624925184539,1429.0
scanId=145041,2.417216666667,408.27412841298354,1202.0
scanId=145041,2.417216666667,409.2055295659686,1069.0
scanId=145041,2.417216666667,409.2171787002304,1409.0
scanId=145041,2.417216666667,409.2288281915835,1833.0
scanId=145041,2.417216666667,409.2404776574736,2041.0
scanId=145041,2.417216666667,409.2521274804564,1898.0
scanId=145041,2.417216666667,409.26377727797467,1458.0
scanId=145041,2.417216666667,409.2754274325873,1028.0
scanId=145041,2.417216666667,411.0831911754648,1353.0
scanId=145041,2.417216666667,411.0948671972048,1840.0
scanId=145041,2.417216666667,411.1065431933636,1624.0
scanId=145041,2.417216666667,411.1182195467333,1138.0
scanId=145041,2.417216666667,411.16492623556536,1003.0
scanId=145041,2.417216666667,411.2349912432509,1026.0
scanId=145041,2.417216666667,411.24666922918055,1083.0
scanId=145041,2.417216666667,411.2583475723293,1021.0
scanId=145041,2.417216666667,413.19923500457537,1174.0
scanId=145041,2.417216666667,413.2109408473063,1664.0
scanId=145041,2.417216666667,413.2226470473613,2151.0
scanId=145041,2.417216666667,413.2343532217209,2605.0
scanId=145041,2.417216666667,413.24605975340575,2545.0
scanId=145041,2.417216666667,413.257766259394,1932.0
scanId=145041,2.417216666667,413.2694731227087,1541.0
scanId=145041,2.417216666667,413.2811799603257,1475.0
scanId=145041,2.417216666667,413.2928871552703,1309.0
scanId=145041,2.417216666667,413.3045943245161,1181.0
scanId=145041,2.417216666667,413.3163018510904,1146.0
scanId=145041,2.417216666667,413.32800935196485,1029.0
scanId=145041,2.417216666667,414.2417127641568,1011.0
scanId=145041,2.417216666667,415.20336050576657,1434.0
scanId=145041,2.417216666667,415.2150948943577,1830.0
scanId=145041,2.417216666667,415.22682925716566,2298.0
scanId=145041,2.417216666667,415.2385639773866,2371.0
scanId=145041,2.417216666667,415.2502986718235,2111.0
scanId=145041,2.417216666667,415.2620337236743,1849.0
scanId=145041,2.417216666667,415.27376874974,1533.0
scanId=145041,2.417216666667,415.2855041332206,1415.0
scanId=145041,2.417216666667,415.2972394909154,1316.0
scanId=145041,2.417216666667,415.3089752060259,1073.0
scanId=145041,2.417216666667,415.402866129834,1055.0
scanId=145041,2.417216666667,416.236613010136,1072.0
scanId=145041,2.417216666667,417.1888099890268,1595.0
scanId=145041,2.417216666667,417.20057220867216,2411.0
scanId=145041,2.417216666667,417.2123347857993,2574.0
scanId=145041,2.417216666667,417.2240973370738,2248.0
scanId=145041,2.417216666667,417.2358602458309,1993.0
scanId=145041,2.417216666667,417.2476231287346,1954.0
scanId=145041,2.417216666667,417.2593863691215,1872.0
scanId=145041,2.417216666667,417.2711495836542,1667.0
scanId=145041,2.417216666667,417.2829131556711,1428.0
scanId=145041,2.417216666667,417.29467670183305,1176.0
scanId=145041,2.417216666667,418.1891986675432,1591.0
scanId=145041,2.417216666667,418.2009751731235,1849.0
scanId=145041,2.417216666667,418.2127516528236,1775.0
scanId=145041,2.417216666667,418.2245284900337,1538.0
scanId=145041,2.417216666667,418.23630530136296,1367.0
scanId=145041,2.417216666667,418.248082470203,1309.0
scanId=145041,2.417216666667,418.2598596131615,1094.0
scanId=145041,2.417216666667,419.2025759575706,1222.0
scanId=145041,2.417216666667,419.214366723234,2198.0
scanId=145041,2.417216666667,419.2261574629932,3043.0
scanId=145041,2.417216666667,419.2379485602864,4183.0
scanId=145041,2.417216666667,419.249739631675,6777.0
scanId=145041,2.417216666667,419.261531060598,8913.0
scanId=145041,2.417216666667,419.273322463616,8314.0
scanId=145041,2.417216666667,419.285114224169,6170.0
scanId=145041,2.417216666667,419.2969059588162,4263.0
scanId=145041,2.417216666667,419.3086980509989,3004.0
scanId=145041,2.417216666667,419.3204901172756,2201.0
scanId=145041,2.417216666667,419.3322825410881,1679.0
scanId=145041,2.417216666667,419.3440749389941,1244.0
scanId=145041,2.417216666667,420.2407896393799,1291.0
scanId=145041,2.417216666667,420.252594996756,2132.0
scanId=145041,2.417216666667,420.2644003282086,2769.0
scanId=145041,2.417216666667,420.2762060172147,2636.0
scanId=145041,2.417216666667,420.2880116802967,2107.0
scanId=145041,2.417216666667,420.2998177009325,1642.0
scanId=145041,2.417216666667,420.311623695644,1205.0
scanId=145041,2.417216666667,421.1739162697939,1001.0
scanId=145041,2.417216666667,421.1857345347968,1297.0
scanId=145041,2.417216666667,421.1975531573664,1645.0
scanId=145041,2.417216666667,421.2093717539989,1708.0
scanId=145041,2.417216666667,421.2211907081983,1660.0
scanId=145041,2.417216666667,421.23300963646034,1965.0
scanId=145041,2.417216666667,421.2448289222896,2220.0
scanId=145041,2.417216666667,421.2566481821812,2254.0
scanId=145041,2.417216666667,421.2684677996404,1896.0
scanId=145041,2.417216666667,421.2802873911616,1518.0
scanId=145041,2.417216666667,421.29210734025054,1176.0
scanId=145041,2.417216666667,422.2618995716298,1169.0
scanId=145041,2.417216666667,422.27373309159447,1277.0
scanId=145041,2.417216666667,422.2855669691367,1249.0
scanId=145041,2.417216666667,422.29740082073096,1080.0
scanId=145041,2.417216666667,423.2091128143296,1175.0
scanId=145041,2.417216666667,423.22095959948246,1533.0
scanId=145041,2.417216666667,423.232806742218,1704.0
scanId=145041,2.417216666667,423.2446538590007,1713.0
scanId=145041,2.417216666667,423.2565013333661,1713.0
scanId=145041,2.417216666667,423.26834878177846,1784.0
scanId=145041,2.417216666667,423.2801965877738,1790.0
scanId=145041,2.417216666667,423.292044367816,1468.0
scanId=145041,2.417216666667,423.303892505441,1111.0
scanId=145041,2.417216666667,423.7423865218543,1015.0
scanId=145041,2.417216666667,424.2285506369781,1224.0
scanId=145041,2.417216666667,424.2404116822129,1396.0
scanId=145041,2.417216666667,424.2522730850313,1588.0
scanId=145041,2.417216666667,424.264134461896,1504.0
scanId=145041,2.417216666667,424.2759961963443,1168.0
scanId=145041,2.417216666667,425.17796590169866,2115.0
scanId=145041,2.417216666667,425.1898402121298,4968.0
scanId=145041,2.417216666667,425.20171488014176,7323.0
scanId=145041,2.417216666667,425.2135895222029,7314.0
scanId=145041,2.417216666667,425.2254645218448,5817.0
scanId=145041,2.417216666667,425.2373394955359,4368.0
scanId=145041,2.417216666667,425.2492148268075,3460.0
scanId=145041,2.417216666667,425.2610901321286,2798.0
scanId=145041,2.417216666667,425.27296579503,2259.0
scanId=145041,2.417216666667,425.284841431981,1835.0
scanId=145041,2.417216666667,425.2967174265125,1502.0
scanId=145041,2.417216666667,425.3085933950935,1206.0
scanId=145041,2.417216666667,426.1878823019171,1390.0
scanId=145041,2.417216666667,426.1997708983822,2648.0
scanId=145041,2.417216666667,426.2116594689039,2980.0
scanId=145041,2.417216666667,426.2235483969988,2598.0
scanId=145041,2.417216666667,426.2354372991506,2125.0
scanId=145041,2.417216666667,426.2473265588754,1754.0
scanId=145041,2.417216666667,426.2592157926572,1338.0
scanId=145041,2.417216666667,426.2711053840118,1190.0
scanId=145041,2.417216666667,426.2829949494237,1187.0
scanId=145041,2.417216666667,426.29488487240815,1012.0
scanId=145041,2.417216666667,427.2347050932376,1015.0
scanId=145041,2.417216666667,427.2466082814154,1180.0
scanId=145041,2.417216666667,427.2585114436623,1224.0
scanId=145041,2.417216666667,427.2704149634701,1105.0
scanId=145041,2.417216666667,427.3180303173596,1021.0
scanId=145041,2.417216666667,427.32993447449695,1087.0
scanId=145041,2.417216666667,429.2128892525324,1016.0
scanId=145041,2.417216666667,429.27254409453417,1010.0
scanId=145041,2.417216666667,429.2844754453544,1161.0
scanId=145041,2.417216666667,429.29640715369817,1565.0
scanId=145041,2.417216666667,429.3083388361488,2041.0
scanId=145041,2.417216666667,429.3202708761225,2011.0
scanId=145041,2.417216666667,429.3322028902036,1541.0
scanId=145041,2.417216666667,429.3441352618072,1106.0
scanId=145041,2.417216666667,430.25147339366265,1064.0
scanId=145041,2.417216666667,430.2634183413303,1107.0
scanId=145041,2.417216666667,430.2753636464975,1070.0
scanId=145041,2.417216666667,431.21955906301184,1443.0
scanId=145041,2.417216666667,431.2315176333725,1921.0
scanId=145041,2.417216666667,431.2434761778916,2255.0
scanId=145041,2.417216666667,431.255435079882,2368.0
scanId=145041,2.417216666667,431.26739395603175,2309.0
scanId=145041,2.417216666667,431.279353189652,2221.0
scanId=145041,2.417216666667,431.2913123974324,2031.0
scanId=145041,2.417216666667,431.30327196268246,1815.0
scanId=145041,2.417216666667,431.3152315020933,1631.0
scanId=145041,2.417216666667,431.3271913989733,1320.0
scanId=145041,2.417216666667,431.3391512700147,1013.0
scanId=145041,2.417216666667,432.2366214540168,1036.0
scanId=145041,2.417216666667,432.2485939270221,1175.0
scanId=145041,2.417216666667,432.26056675746565,1319.0
scanId=145041,2.417216666667,432.27253956210166,1257.0
scanId=145041,2.417216666667,432.28451272417504,1039.0
scanId=145041,2.417216666667,433.2189227690656,1183.0
scanId=145041,2.417216666667,433.2309088389305,1984.0
scanId=145041,2.417216666667,433.24289526619737,2409.0
scanId=145041,2.417216666667,433.2548816676932,2225.0
scanId=145041,2.417216666667,433.2668684265899,1977.0
scanId=145041,2.417216666667,433.27885515971633,1780.0
scanId=145041,2.417216666667,433.29084225024286,1513.0
scanId=145041,2.417216666667,433.3028293150001,1213.0
scanId=145041,2.417216666667,434.21433869192094,1307.0
scanId=145041,2.417216666667,434.2263387160111,1885.0
scanId=145041,2.417216666667,434.23833871437046,2189.0
scanId=145041,2.417216666667,434.2503390700904,2015.0
scanId=145041,2.417216666667,434.26233940008063,1650.0
scanId=145041,2.417216666667,434.2743400874306,1420.0
scanId=145041,2.417216666667,434.2863407490517,1252.0
scanId=145041,2.417216666667,435.2108971070696,1466.0
scanId=145041,2.417216666667,435.2229107022965,2278.0
scanId=145041,2.417216666667,435.2349246548398,2965.0
scanId=145041,2.417216666667,435.24693858169775,3175.0
scanId=145041,2.417216666667,435.25895286587087,2973.0
scanId=145041,2.417216666667,435.2709671243597,2488.0
scanId=145041,2.417216666667,435.2829817401629,1824.0
scanId=145041,2.417216666667,435.29499633028274,1254.0
scanId=145041,2.417216666667,436.2206251810003,1116.0
scanId=145041,2.417216666667,436.2326527047299,1441.0
scanId=145041,2.417216666667,436.2446805857263,1829.0
scanId=145041,2.417216666667,436.256708441087,2154.0
scanId=145041,2.417216666667,436.2687366537132,2075.0
scanId=145041,2.417216666667,436.280764840705,1794.0
scanId=145041,2.417216666667,436.2927933849611,1324.0
scanId=145041,2.417216666667,437.1713178990094,2221.0
scanId=145041,2.417216666667,437.1833587135695,4297.0
scanId=145041,2.417216666667,437.1953995025437,5217.0
scanId=145041,2.417216666667,437.2074406487336,5539.0
scanId=145041,2.417216666667,437.2194817693388,6162.0
scanId=145041,2.417216666667,437.2315232471585,6495.0
scanId=145041,2.417216666667,437.2435646993949,5861.0
scanId=145041,2.417216666667,437.2556065088445,5607.0
scanId=145041,2.417216666667,437.267648292712,6206.0
scanId=145041,2.417216666667,437.27969043379136,6101.0
scanId=145041,2.417216666667,437.29173254929015,4983.0
scanId=145041,2.417216666667,437.30377502199934,3669.0
scanId=145041,2.417216666667,437.3158174691293,2539.0
scanId=145041,2.417216666667,437.3278602734685,1634.0
scanId=145041,2.417216666667,437.3399030522295,1017.0
scanId=145041,2.417216666667,438.21948085032864,1155.0
scanId=145041,2.417216666667,438.2315358994447,1373.0
scanId=145041,2.417216666667,438.24359130571753,1416.0
scanId=145041,2.417216666667,438.2556466864648,1614.0
scanId=145041,2.417216666667,438.2677024243675,1910.0
scanId=145041,2.417216666667,438.27975813674607,1981.0
scanId=145041,2.417216666667,438.29181420627856,1860.0
scanId=145041,2.417216666667,438.3038702502884,1690.0
scanId=145041,2.417216666667,438.3159266514508,1572.0
scanId=145041,2.417216666667,438.3279830270918,1343.0
scanId=145041,2.417216666667,438.3400397598842,1013.0
scanId=145041,2.417216666667,439.2447600221239,1050.0
scanId=145041,2.417216666667,439.2568293568498,1248.0
scanId=145041,2.417216666667,439.26889866611214,1307.0
scanId=145041,2.417216666667,439.2809683324679,1286.0
scanId=145041,2.417216666667,439.2930379733616,1246.0
scanId=145041,2.417216666667,439.3051079713472,1232.0
scanId=145041,2.417216666667,439.31717794387225,1127.0
scanId=145041,2.417216666667,441.2021391516473,1030.0
scanId=145041,2.417216666667,441.2142353483901,1045.0
scanId=145041,2.417216666667,441.2263315198,1182.0
scanId=145041,2.417216666667,441.2384280481725,1700.0
scanId=145041,2.417216666667,441.2505245512139,2011.0
scanId=145041,2.417216666667,441.26262141121634,1827.0
scanId=145041,2.417216666667,441.2747182458893,1677.0
scanId=145041,2.417216666667,441.2868154375217,1581.0
scanId=145041,2.417216666667,441.2989126038262,1381.0
scanId=145041,2.417216666667,441.31101012708825,1069.0
scanId=145041,2.417216666667,442.2793415841175,1090.0
scanId=145041,2.417216666667,442.29145234731766,1012.0
scanId=145041,2.417216666667,442.32778601395006,1144.0
scanId=145041,2.417216666667,442.33989744041344,1229.0
scanId=145041,2.417216666667,442.3520092237585,1095.0
scanId=145041,2.417216666667,443.1881160314192,1069.0
scanId=145041,2.417216666667,443.2002394218085,1785.0
scanId=145041,2.417216666667,443.212362787013,2770.0
scanId=145041,2.417216666667,443.22448650903215,3411.0
scanId=145041,2.417216666667,443.2366102058682,3671.0
scanId=145041,2.417216666667,443.2487342595172,3772.0
scanId=145041,2.417216666667,443.26085828798495,3353.0
scanId=145041,2.417216666667,443.27298267326375,2643.0
scanId=145041,2.417216666667,443.28510703336326,1965.0
scanId=145041,2.417216666667,443.2972317502719,1469.0
scanId=145041,2.417216666667,443.3093564420032,1301.0
scanId=145041,2.417216666667,443.3214814905417,1688.0
scanId=145041,2.417216666667,443.3336065139048,1789.0
scanId=145041,2.417216666667,443.34573189407314,1457.0
scanId=145041,2.417216666667,443.35785724906793,1068.0
scanId=145041,2.417216666667,444.2313254471723,1057.0
scanId=145041,2.417216666667,444.2434630976448,1389.0
scanId=145041,2.417216666667,444.2556007230157,1534.0
scanId=145041,2.417216666667,444.2677387051179,1363.0
scanId=145041,2.417216666667,444.2798766621206,1054.0
scanId=145041,2.417216666667,445.2271556313377,1855.0
scanId=145041,2.417216666667,445.2393068786333,2827.0
scanId=145041,2.417216666667,445.2514581009112,3166.0
scanId=145041,2.417216666667,445.2636096798368,2950.0
scanId=145041,2.417216666667,445.27576123374655,2649.0
scanId=145041,2.417216666667,445.28791314430185,2347.0
scanId=145041,2.417216666667,445.3000650298436,1858.0
scanId=145041,2.417216666667,445.3122172720287,1350.0
scanId=145041,2.417216666667,445.3243694892024,1051.0
scanId=145041,2.417216666667,446.2362656026393,1269.0
scanId=145041,2.417216666667,446.248430421828,1669.0
scanId=145041,2.417216666667,446.2605955975768,1743.0
scanId=145041,2.417216666667,446.2727607483974,1610.0
scanId=145041,2.417216666667,446.284926255776,1293.0
scanId=145041,2.417216666667,447.2465176859219,1326.0
scanId=145041,2.417216666667,447.25869645849394,1966.0
scanId=145041,2.417216666667,447.2708752062293,2727.0
scanId=145041,2.417216666667,447.2830543104311,2965.0
scanId=145041,2.417216666667,447.2952333897987,2784.0
scanId=145041,2.417216666667,447.3074128256304,2335.0
scanId=145041,2.417216666667,447.31959223662994,1832.0
scanId=145041,2.417216666667,447.3317720040916,1415.0
scanId=145041,2.417216666667,447.3439517467233,1064.0
scanId=145041,2.417216666667,449.23383143431744,1209.0
scanId=145041,2.417216666667,449.24603704426113,1384.0
scanId=145041,2.417216666667,449.25824301047976,1414.0
scanId=145041,2.417216666667,449.270448952056,1670.0
scanId=145041,2.417216666667,449.2826552499045,1880.0
scanId=145041,2.417216666667,449.29486152311273,1681.0
scanId=145041,2.417216666667,449.307068152591,1371.0
scanId=145041,2.417216666667,449.3192747574316,1182.0
scanId=145041,2.417216666667,450.24746913881546,1100.0
scanId=145041,2.417216666667,450.2596887018573,1307.0
scanId=145041,2.417216666667,450.2719082403593,1350.0
scanId=145041,2.417216666667,450.28412813503104,1248.0
scanId=145041,2.417216666667,450.2963480051656,1101.0
scanId=145041,2.417216666667,451.21331807296286,1460.0
scanId=145041,2.417216666667,451.2255505451296,1584.0
scanId=145041,2.417216666667,451.237783373365,1584.0
scanId=145041,2.417216666667,451.2500161771642,1609.0
scanId=145041,2.417216666667,451.2622493370295,1622.0
scanId=145041,2.417216666667,451.2744824724612,1544.0
scanId=145041,2.417216666667,451.2867159639562,1315.0
scanId=145041,2.417216666667,451.2989494310204,1075.0
scanId=145041,2.417216666667,452.2659249161491,1075.0
scanId=145041,2.417216666667,452.2781716485142,1328.0
scanId=145041,2.417216666667,452.2904187368326,1229.0
scanId=145041,2.417216666667,453.2339350663051,1364.0
scanId=145041,2.417216666667,453.2461950881871,1630.0
scanId=145041,2.417216666667,453.2584550858567,1863.0
scanId=145041,2.417216666667,453.2707154393685,1846.0
scanId=145041,2.417216666667,453.2829757686709,1560.0
scanId=145041,2.417216666667,453.29523645381255,1306.0
scanId=145041,2.417216666667,453.3074971147474,1113.0
scanId=145041,2.417216666667,454.2275264802113,1151.0
scanId=145041,2.417216666667,454.2397997431889,1540.0
scanId=145041,2.417216666667,454.2520733618941,1583.0
scanId=145041,2.417216666667,454.2643469565045,1412.0
scanId=145041,2.417216666667,454.2766209068397,1227.0
scanId=145041,2.417216666667,454.28889483308274,1024.0
scanId=145041,2.417216666667,455.2467793644719,1034.0
scanId=145041,2.417216666667,455.2590665800004,1228.0
scanId=145041,2.417216666667,455.2713537715552,1219.0
scanId=145041,2.417216666667,455.2836413187136,1162.0
scanId=145041,2.417216666667,455.2959288419012,1134.0
scanId=145041,2.417216666667,455.3082167206894,1062.0
scanId=145041,2.417216666667,457.2271415872817,1395.0
scanId=145041,2.417216666667,457.2394553094703,1667.0
scanId=145041,2.417216666667,457.2517693870156,1721.0
scanId=145041,2.417216666667,457.2640834408372,1874.0
scanId=145041,2.417216666667,457.2763978500123,1864.0
scanId=145041,2.417216666667,457.28871223546696,1536.0
scanId=145041,2.417216666667,457.3010269762719,1220.0
scanId=145041,2.417216666667,457.3133416933597,1057.0
scanId=145041,2.417216666667,457.3256567657945,1003.0
scanId=145041,2.417216666667,457.33797181451513,1066.0
scanId=145041,2.417216666667,457.3502872185798,1036.0
scanId=145041,2.417216666667,458.2620802454424,1060.0
scanId=145041,2.417216666667,458.27440789621926,1279.0
scanId=145041,2.417216666667,458.2867359022177,1335.0
scanId=145041,2.417216666667,458.2990638846276,1172.0
scanId=145041,2.417216666667,459.2241423375376,1101.0
scanId=145041,2.417216666667,459.23648292200704,1513.0
scanId=145041,2.417216666667,459.2488238615691,2103.0
scanId=145041,2.417216666667,459.2611647776717,2469.0
scanId=145041,2.417216666667,459.2735060488638,2648.0
scanId=145041,2.417216666667,459.2858472965996,2771.0
scanId=145041,2.417216666667,459.29818889942135,2642.0
scanId=145041,2.417216666667,459.3105304787903,2436.0
scanId=145041,2.417216666667,459.3228724132419,2240.0
scanId=145041,2.417216666667,459.3352143242441,1824.0
scanId=145041,2.417216666667,459.3475565903255,1376.0
scanId=145041,2.417216666667,460.2613374163479,1135.0
scanId=145041,2.417216666667,460.2736919294129,1616.0
scanId=145041,2.417216666667,460.2860467974281,1825.0
scanId=145041,2.417216666667,460.2984016421264,1753.0
scanId=145041,2.417216666667,460.3107568417715,1409.0
scanId=145041,2.417216666667,460.3231120181032,1072.0
scanId=145041,2.417216666667,461.2254947564641,1539.0
scanId=145041,2.417216666667,461.2378622032286,2141.0
scanId=145041,2.417216666667,461.2502300048074,2207.0
scanId=145041,2.417216666667,461.2625977832052,2041.0
scanId=145041,2.417216666667,461.27496591641386,1837.0
scanId=145041,2.417216666667,461.28733402644497,1607.0
scanId=145041,2.417216666667,461.2997024912834,1662.0
scanId=145041,2.417216666667,461.3120709329479,1884.0
scanId=145041,2.417216666667,461.3244397294162,2052.0
scanId=145041,2.417216666667,461.336808502714,2020.0
scanId=145041,2.417216666667,461.34917763081216,1834.0
scanId=145041,2.417216666667,461.3615467357436,1608.0
scanId=145041,2.417216666667,461.3739161954716,1274.0
scanId=145041,2.417216666667,462.2525648581128,1063.0
scanId=145041,2.417216666667,462.2649462565149,1197.0
scanId=145041,2.417216666667,462.2773276318823,1155.0
scanId=145041,2.417216666667,462.33923756250255,1043.0
scanId=145041,2.417216666667,463.24359315427233,1261.0
scanId=145041,2.417216666667,463.2559878178679,1896.0
scanId=145041,2.417216666667,463.2683824585747,2207.0
scanId=145041,2.417216666667,463.2807774538001,2362.0
scanId=145041,2.417216666667,463.2931724261405,2362.0
scanId=145041,2.417216666667,463.3055677529957,1985.0
scanId=145041,2.417216666667,463.3179630569697,1520.0
scanId=145041,2.417216666667,463.3303587154549,1210.0
scanId=145041,2.417216666667,463.76430782993407,1231.0
scanId=145041,2.417216666667,463.77670945775617,1197.0
scanId=145041,2.417216666667,464.2480906006082,1172.0
scanId=145041,2.417216666667,464.260498506658,1999.0
scanId=145041,2.417216666667,464.2729067670769,2604.0
scanId=145041,2.417216666667,464.2853150047603,2630.0
scanId=145041,2.417216666667,464.297723596809,2251.0
scanId=145041,2.417216666667,464.3101321661261,1837.0
scanId=145041,2.417216666667,464.32254108980464,1552.0
scanId=145041,2.417216666667,464.3349499907553,1376.0
scanId=145041,2.417216666667,464.34735924606366,1188.0
scanId=145041,2.417216666667,465.2039917087735,1675.0
scanId=145041,2.417216666667,465.2164125711261,3399.0
scanId=145041,2.417216666667,465.2288334108885,5441.0
scanId=145041,2.417216666667,465.241254604871,6367.0
scanId=145041,2.417216666667,465.25367577626713,5839.0
scanId=145041,2.417216666667,465.2660973018795,4803.0
scanId=145041,2.417216666667,465.2785188049093,3778.0
scanId=145041,2.417216666667,465.2909406621515,3068.0
scanId=145041,2.417216666667,465.3033624968152,2623.0
scanId=145041,2.417216666667,465.3157846856872,2037.0
scanId=145041,2.417216666667,465.3282068519845,1439.0
scanId=145041,2.417216666667,465.3406293724863,1030.0
scanId=145041,2.417216666667,466.2230453716153,1346.0
scanId=145041,2.417216666667,466.2354798307912,1961.0
scanId=145041,2.417216666667,466.24791426753706,2048.0
scanId=145041,2.417216666667,466.2603490583428,1743.0
scanId=145041,2.417216666667,466.2727838267225,1445.0
scanId=145041,2.417216666667,466.2852189491581,1508.0
scanId=145041,2.417216666667,466.29765404917146,1632.0
scanId=145041,2.417216666667,466.31008950323695,1500.0
scanId=145041,2.417216666667,466.32252493488414,1238.0
scanId=145041,2.417216666667,466.3349607205794,1000.0
scanId=145041,2.417216666667,467.2183185541333,1109.0
scanId=145041,2.417216666667,467.2307662785027,1484.0
scanId=145041,2.417216666667,467.2432139806015,1772.0
scanId=145041,2.417216666667,467.2556620366008,1733.0
scanId=145041,2.417216666667,467.26811007033353,1733.0
scanId=145041,2.417216666667,467.28055845796274,1840.0
scanId=145041,2.417216666667,467.2930068233293,1766.0
scanId=145041,2.417216666667,467.3054555425883,1488.0
scanId=145041,2.417216666667,467.3179042395888,1052.0
scanId=145041,2.417216666667,469.1746271912233,1547.0
scanId=145041,2.417216666667,469.1871007607702,1801.0
scanId=145041,2.417216666667,469.1995746838967,1633.0
scanId=145041,2.417216666667,469.2120485850776,1536.0
scanId=145041,2.417216666667,469.2245228398339,1576.0
scanId=145041,2.417216666667,469.2369970726489,1537.0
scanId=145041,2.417216666667,469.249471659035,1375.0
scanId=145041,2.417216666667,469.2619462234841,1472.0
scanId=145041,2.417216666667,469.27442114150017,1824.0
scanId=145041,2.417216666667,469.2868960375832,2162.0
scanId=145041,2.417216666667,469.299371287229,2058.0
scanId=145041,2.417216666667,469.31184651494607,1660.0
scanId=145041,2.417216666667,469.32432209622175,1282.0
scanId=145041,2.417216666667,469.3367976555728,1000.0
scanId=145041,2.417216666667,470.23548045189744,1126.0
scanId=145041,2.417216666667,470.2479683034771,1328.0
scanId=145041,2.417216666667,470.2604561332892,1669.0
scanId=145041,2.417216666667,470.2729443164986,1972.0
scanId=145041,2.417216666667,470.2854324779448,1876.0
scanId=145041,2.417216666667,470.297920992784,1505.0
scanId=145041,2.417216666667,470.3104094858645,1109.0
scanId=145041,2.417216666667,471.2475261702453,1540.0
scanId=145041,2.417216666667,471.2600272654237,2110.0
scanId=145041,2.417216666667,471.2725287138266,2261.0
scanId=145041,2.417216666667,471.28503014063926,1952.0
scanId=145041,2.417216666667,471.297531920672,1582.0
scanId=145041,2.417216666667,471.3100336791189,1228.0
scanId=145041,2.417216666667,472.2356308775046,1822.0
scanId=145041,2.417216666667,472.24814525947113,9210.0
scanId=145041,2.417216666667,472.2606596200192,34026.0
scanId=145041,2.417216666667,472.2731743336156,72652.0
scanId=145041,2.417216666667,472.285689025798,94467.0
scanId=145041,2.417216666667,472.2982040710244,85198.0
scanId=145041,2.417216666667,472.310719094841,62854.0
scanId=145041,2.417216666667,472.3232344716971,43563.0
scanId=145041,2.417216666667,472.3357498271481,30212.0
scanId=145041,2.417216666667,472.348265535634,20986.0
scanId=145041,2.417216666667,472.3607812227192,14373.0
scanId=145041,2.417216666667,472.3732972628349,9806.0
scanId=145041,2.417216666667,472.3858132815545,6598.0
scanId=145041,2.417216666667,472.3983296533,4513.0
scanId=145041,2.417216666667,472.4108460036539,3335.0
scanId=145041,2.417216666667,472.4233627070293,2391.0
scanId=145041,2.417216666667,472.4358793890176,1711.0
scanId=145041,2.417216666667,472.4483964240228,1247.0
scanId=145041,2.417216666667,472.7488527625468,4679.0
scanId=145041,2.417216666667,472.76137375578094,20111.0
scanId=145041,2.417216666667,472.773895101974,45277.0
scanId=145041,2.417216666667,472.78641642684255,60279.0
scanId=145041,2.417216666667,472.7989381046655,54560.0
scanId=145041,2.417216666667,472.8114597611683,40332.0
scanId=145041,2.417216666667,472.82398177062106,28260.0
scanId=145041,2.417216666667,472.8365037587584,19574.0
scanId=145041,2.417216666667,472.849026099841,13455.0
scanId=145041,2.417216666667,472.86154841961246,9084.0
scanId=145041,2.417216666667,472.8740710923249,6188.0
scanId=145041,2.417216666667,472.8865937437308,4101.0
scanId=145041,2.417216666667,472.8991167480731,2769.0
scanId=145041,2.417216666667,472.9116397311132,1929.0
scanId=145041,2.417216666667,472.9241630670854,1453.0
scanId=145041,2.417216666667,472.93668638175984,1193.0
scanId=145041,2.417216666667,473.2122433143089,1078.0
scanId=145041,2.417216666667,473.2247706298392,1392.0
scanId=145041,2.417216666667,473.2372979241259,2440.0
scanId=145041,2.417216666667,473.249825571286,5682.0
scanId=145041,2.417216666667,473.262353197207,12697.0
scanId=145041,2.417216666667,473.2748811759969,21338.0
scanId=145041,2.417216666667,473.2874091335523,26387.0
scanId=145041,2.417216666667,473.299937443972,24671.0
scanId=145041,2.417216666667,473.3124657331617,19229.0
scanId=145041,2.417216666667,473.3249943752112,14176.0
scanId=145041,2.417216666667,473.3375229960354,10400.0
scanId=145041,2.417216666667,473.35005196971474,7537.0
scanId=145041,2.417216666667,473.3625809221734,5601.0
scanId=145041,2.417216666667,473.3751102274826,4027.0
scanId=145041,2.417216666667,473.38763951157546,2778.0
scanId=145041,2.417216666667,473.40016914851446,2041.0
scanId=145041,2.417216666667,473.4126987642417,1576.0
scanId=145041,2.417216666667,473.4252287328106,1284.0
scanId=145041,2.417216666667,473.4377586801723,1121.0
scanId=145041,2.417216666667,473.7510636857048,2475.0
scanId=145041,2.417216666667,473.76359794431374,5030.0
scanId=145041,2.417216666667,473.7761325557003,7158.0
scanId=145041,2.417216666667,473.78866714594346,7733.0
scanId=145041,2.417216666667,473.8012020889599,6636.0
scanId=145041,2.417216666667,473.8137370108374,4882.0
scanId=145041,2.417216666667,473.8262722854837,3438.0
scanId=145041,2.417216666667,473.8388075389956,2438.0
scanId=145041,2.417216666667,473.8513431452717,1745.0
scanId=145041,2.417216666667,473.8638787304181,1265.0
scanId=145041,2.417216666667,474.2274856338038,1357.0
scanId=145041,2.417216666667,474.2400261934666,2129.0
scanId=145041,2.417216666667,474.2525671058201,2693.0
scanId=145041,2.417216666667,474.2651079971173,3152.0
scanId=145041,2.417216666667,474.2776492411006,3593.0
scanId=145041,2.417216666667,474.2901904640324,3445.0
scanId=145041,2.417216666667,474.3027320396456,2852.0
scanId=145041,2.417216666667,474.3152735942117,2178.0
scanId=145041,2.417216666667,474.32781550145467,1711.0
scanId=145041,2.417216666667,474.3403573876553,1358.0
scanId=145041,2.417216666667,474.3528996265281,1064.0
scanId=145041,2.417216666667,474.7543358316476,1143.0
scanId=145041,2.417216666667,474.76688335563415,1362.0
scanId=145041,2.417216666667,474.77943123221416,1303.0
scanId=145041,2.417216666667,474.7919790878352,1108.0
scanId=145041,2.417216666667,475.2438156856568,1082.0
scanId=145041,2.417216666667,475.25636986320376,1447.0
scanId=145041,2.417216666667,475.2689240198805,1914.0
scanId=145041,2.417216666667,475.2814785290572,2549.0
scanId=145041,2.417216666667,475.2940330173684,3420.0
scanId=145041,2.417216666667,475.306587858175,3844.0
scanId=145041,2.417216666667,475.3191426781207,3665.0
scanId=145041,2.417216666667,475.3316978505572,3357.0
scanId=145041,2.417216666667,475.3442530021375,2993.0
scanId=145041,2.417216666667,475.3568085062039,2580.0
scanId=145041,2.417216666667,475.3693639894187,2016.0
scanId=145041,2.417216666667,475.3819198251148,1462.0
scanId=145041,2.417216666667,475.3944756399641,1023.0
scanId=145041,2.417216666667,476.2738012656257,1403.0
scanId=145041,2.417216666667,476.2863690399961,1764.0
scanId=145041,2.417216666667,476.29893679369,2018.0
scanId=145041,2.417216666667,476.3115048996901,2113.0
scanId=145041,2.417216666667,476.3240729850187,2011.0
scanId=145041,2.417216666667,476.3366414226486,1702.0
scanId=145041,2.417216666667,476.3492098396117,1438.0
scanId=145041,2.417216666667,476.3617786088715,1166.0
scanId=145041,2.417216666667,477.2797397344824,1193.0
scanId=145041,2.417216666667,477.2923207740461,2221.0
scanId=145041,2.417216666667,477.304901793126,3021.0
scanId=145041,2.417216666667,477.3174831643195,2945.0
scanId=145041,2.417216666667,477.3300645150342,2374.0
scanId=145041,2.417216666667,477.3426462178576,1895.0
scanId=145041,2.417216666667,477.355227900207,1562.0
scanId=145041,2.417216666667,477.3678099346602,1170.0
scanId=145041,2.417216666667,478.28673942657895,1005.0
scanId=145041,2.417216666667,478.2993337313361,1169.0
scanId=145041,2.417216666667,478.3119280158053,1288.0
scanId=145041,2.417216666667,478.3245226521922,1416.0
scanId=145041,2.417216666667,478.3371172682961,1471.0
scanId=145041,2.417216666667,478.34971223631294,1357.0
scanId=145041,2.417216666667,478.3623071840516,1174.0
scanId=145041,2.417216666667,479.25697899890406,1112.0
scanId=145041,2.417216666667,479.2695858854959,1434.0
scanId=145041,2.417216666667,479.2821931238166,1556.0
scanId=145041,2.417216666667,479.2948003420432,1529.0
scanId=145041,2.417216666667,479.3074079119938,1549.0
scanId=145041,2.417216666667,479.32001546185535,1521.0
scanId=145041,2.417216666667,479.3326233634358,1374.0
scanId=145041,2.417216666667,479.3452312449323,1124.0
scanId=145041,2.417216666667,480.253441169995,1465.0
scanId=145041,2.417216666667,480.2660613418794,3297.0
scanId=145041,2.417216666667,480.27868149386654,4512.0
scanId=145041,2.417216666667,480.2913019973809,4344.0
scanId=145041,2.417216666667,480.30392248100304,3551.0
scanId=145041,2.417216666667,480.3165433161471,2809.0
scanId=145041,2.417216666667,480.3291641314042,2166.0
scanId=145041,2.417216666667,480.3417852981781,1586.0
scanId=145041,2.417216666667,480.35440644507,1210.0
scanId=145041,2.417216666667,480.7710004722152,1657.0
scanId=145041,2.417216666667,480.7836272569013,2227.0
scanId=145041,2.417216666667,480.7962543930122,2063.0
scanId=145041,2.417216666667,480.8088815093333,1459.0
scanId=145041,2.417216666667,481.2130397522602,1188.0
scanId=145041,2.417216666667,481.22567252607854,1773.0
scanId=145041,2.417216666667,481.2383052801943,2943.0
scanId=145041,2.417216666667,481.2509383856423,4439.0
scanId=145041,2.417216666667,481.26357147139305,5077.0
scanId=145041,2.417216666667,481.2762049084709,4927.0
scanId=145041,2.417216666667,481.2888383258567,4530.0
scanId=145041,2.417216666667,481.3014720945644,4461.0
scanId=145041,2.417216666667,481.3141058435851,4167.0
scanId=145041,2.417216666667,481.3267399439226,3330.0
scanId=145041,2.417216666667,481.3393740245784,2467.0
scanId=145041,2.417216666667,481.3520084565459,1959.0
scanId=145041,2.417216666667,481.3646428688367,1592.0
scanId=145041,2.417216666667,481.37727763243385,1288.0
scanId=145041,2.417216666667,481.3899123763596,1076.0
scanId=145041,2.417216666667,482.2494702747397,1274.0
scanId=145041,2.417216666667,482.2621166453813,1773.0
scanId=145041,2.417216666667,482.2747629965336,1945.0
scanId=145041,2.417216666667,482.28740969880505,2145.0
scanId=145041,2.417216666667,482.3000563815925,2148.0
scanId=145041,2.417216666667,482.3127034154937,1833.0
scanId=145041,2.417216666667,482.3253504299162,1493.0
scanId=145041,2.417216666667,482.3379977954472,1242.0
scanId=145041,2.417216666667,483.2237189507367,1557.0
scanId=145041,2.417216666667,483.2363779040237,2674.0
scanId=145041,2.417216666667,483.2490372082288,4522.0
scanId=145041,2.417216666667,483.2616964931509,6979.0
scanId=145041,2.417216666667,483.27435612898574,8305.0
scanId=145041,2.417216666667,483.2870157455429,7469.0
scanId=145041,2.417216666667,483.2996757130077,5727.0
scanId=145041,2.417216666667,483.3123356612,4201.0
scanId=145041,2.417216666667,483.3249959602946,3078.0
scanId=145041,2.417216666667,483.33765624012216,2254.0
scanId=145041,2.417216666667,483.3503168708466,1633.0
scanId=145041,2.417216666667,483.36297748230936,1205.0
scanId=145041,2.417216666667,483.7428757069176,1010.0
scanId=145041,2.417216666667,483.7555416437194,2409.0
scanId=145041,2.417216666667,483.7682075613452,3526.0
scanId=145041,2.417216666667,483.7808738297769,3631.0
scanId=145041,2.417216666667,483.7935400790376,3039.0
scanId=145041,2.417216666667,483.8062066790991,2272.0
scanId=145041,2.417216666667,483.81887325999503,1611.0
scanId=145041,2.417216666667,483.8315401916864,1107.0
scanId=145041,2.417216666667,484.224294359361,1044.0
scanId=145041,2.417216666667,484.2369665971297,1634.0
scanId=145041,2.417216666667,484.2496388158244,2454.0
scanId=145041,2.417216666667,484.262311385223,3066.0
scanId=145041,2.417216666667,484.2749839355528,3281.0
scanId=145041,2.417216666667,484.2876568365812,3063.0
scanId=145041,2.417216666667,484.3003297185464,2615.0
scanId=145041,2.417216666667,484.3130029512047,2121.0
scanId=145041,2.417216666667,484.325676164805,1691.0
scanId=145041,2.417216666667,484.33834972909307,1294.0
scanId=145041,2.417216666667,484.3510232743287,1070.0
scanId=145041,2.417216666667,484.36369717024655,1008.0
scanId=145041,2.417216666667,484.7820256157896,1126.0
scanId=145041,2.417216666667,484.7947051494147,1001.0
scanId=145041,2.417216666667,485.22590481220016,1087.0
scanId=145041,2.417216666667,485.23858996467055,1152.0
scanId=145041,2.417216666667,485.2512754676327,1352.0
scanId=145041,2.417216666667,485.2639609517382,2053.0
scanId=145041,2.417216666667,485.2766467863302,2310.0
scanId=145041,2.417216666667,485.2893326020711,2008.0
scanId=145041,2.417216666667,485.3020187682929,1724.0
scanId=145041,2.417216666667,485.3147049156691,1578.0
scanId=145041,2.417216666667,485.32739141352073,1333.0
scanId=145041,2.417216666667,485.3400778925322,1078.0
scanId=145041,2.417216666667,485.378138693772,1034.0
scanId=145041,2.417216666667,485.3908258360541,1239.0
scanId=145041,2.417216666667,485.40351332879527,1140.0
scanId=145041,2.417216666667,486.26664556237,1095.0
scanId=145041,2.417216666667,486.27934431188953,1134.0
scanId=145041,2.417216666667,486.39364144154735,1051.0
scanId=145041,2.417216666667,487.2322301114306,1275.0
scanId=145041,2.417216666667,487.24494146309627,1811.0
scanId=145041,2.417216666667,487.2576531648157,2178.0
scanId=145041,2.417216666667,487.27036484811686,2391.0
scanId=145041,2.417216666667,487.283076881466,2802.0
scanId=145041,2.417216666667,487.29578889640254,2956.0
scanId=145041,2.417216666667,487.3085012613815,2667.0
scanId=145041,2.417216666667,487.3212136079535,2351.0
scanId=145041,2.417216666667,487.3339263045623,2151.0
scanId=145041,2.417216666667,487.3466389827698,2019.0
scanId=145041,2.417216666667,487.3593520110084,1727.0
scanId=145041,2.417216666667,487.3720650208514,1424.0
scanId=145041,2.417216666667,487.3847783807199,1291.0
scanId=145041,2.417216666667,487.39749172219854,1070.0
scanId=145041,2.417216666667,488.26239421086734,1270.0
scanId=145041,2.417216666667,488.2751191777801,1683.0
scanId=145041,2.417216666667,488.2878441265013,1920.0
scanId=145041,2.417216666667,488.3005694250439,2027.0
scanId=145041,2.417216666667,488.3132947054006,2036.0
scanId=145041,2.417216666667,488.326020335573,1774.0
scanId=145041,2.417216666667,488.3387459475655,1367.0
scanId=145041,2.417216666667,488.3514719093677,1065.0
scanId=145041,2.417216666667,489.2554324002552,1273.0
scanId=145041,2.417216666667,489.2681703007316,1569.0
scanId=145041,2.417216666667,489.28090818324057,1899.0
scanId=145041,2.417216666667,489.2936464153467,2480.0
scanId=145041,2.417216666667,489.3063846294911,3319.0
scanId=145041,2.417216666667,489.3191231932272,3699.0
scanId=145041,2.417216666667,489.3318617390072,3574.0
scanId=145041,2.417216666667,489.344600634373,3665.0
scanId=145041,2.417216666667,489.3573395117886,3675.0
scanId=145041,2.417216666667,489.3700787387843,3210.0
scanId=145041,2.417216666667,489.3828179478356,2409.0
scanId=145041,2.417216666667,489.3955575064611,1647.0
scanId=145041,2.417216666667,489.408297047148,1116.0
scanId=145041,2.417216666667,490.18572828412016,1211.0
scanId=145041,2.417216666667,490.1984781055124,1484.0
scanId=145041,2.417216666667,490.2112282762927,1318.0
scanId=145041,2.417216666667,490.2239784293207,1059.0
scanId=145041,2.417216666667,490.23672893173085,1055.0
scanId=145041,2.417216666667,490.2494794163944,1146.0
scanId=145041,2.417216666667,490.2622302504344,1121.0
scanId=145041,2.417216666667,490.2749810667336,1293.0
scanId=145041,2.417216666667,490.2877322324034,1426.0
scanId=145041,2.417216666667,490.30048338033833,1456.0
scanId=145041,2.417216666667,490.313234877638,1439.0
scanId=145041,2.417216666667,490.3259863572086,1276.0
scanId=145041,2.417216666667,490.3387381861381,1080.0
scanId=145041,2.417216666667,491.2445352593976,1000.0
scanId=145041,2.417216666667,491.2572990270011,1238.0
scanId=145041,2.417216666667,491.27006277709376,1535.0
scanId=145041,2.417216666667,491.2828268763272,1680.0
scanId=145041,2.417216666667,491.2955909580555,1673.0
scanId=145041,2.417216666667,491.3083553889189,1716.0
scanId=145041,2.417216666667,491.321119802283,1678.0
scanId=145041,2.417216666667,491.33388456477616,1548.0
scanId=145041,2.417216666667,491.34664930977607,1503.0
scanId=145041,2.417216666667,491.359414403899,1449.0
scanId=145041,2.417216666667,491.3721794805346,1421.0
scanId=145041,2.417216666667,491.3849449062874,1174.0
scanId=145041,2.417216666667,492.266153314434,1078.0
scanId=145041,2.417216666667,492.278930347231,1729.0
scanId=145041,2.417216666667,492.2917073627556,2407.0
scanId=145041,2.417216666667,492.3044847271825,3323.0
scanId=145041,2.417216666667,492.31726207434303,3842.0
scanId=145041,2.417216666667,492.33003977039976,3470.0
scanId=145041,2.417216666667,492.34281744919616,2758.0
scanId=145041,2.417216666667,492.3555954768827,2065.0
scanId=145041,2.417216666667,492.3683734873149,1485.0
scanId=145041,2.417216666667,492.38115184663127,1091.0
scanId=145041,2.417216666667,493.25046306117815,1011.0
scanId=145041,2.417216666667,493.2632526788661,1992.0
scanId=145041,2.417216666667,493.2760426452268,3287.0
scanId=145041,2.417216666667,493.2888325945506,4000.0
scanId=145041,2.417216666667,493.3016228925412,4014.0
scanId=145041,2.417216666667,493.31441317350095,3733.0
scanId=145041,2.417216666667,493.3272038031213,3148.0
scanId=145041,2.417216666667,493.3399944157172,2804.0
scanId=145041,2.417216666667,493.35278537696735,2552.0
scanId=145041,2.417216666667,493.3655763211989,2081.0
scanId=145041,2.417216666667,493.3783676140789,1489.0
scanId=145041,2.417216666667,493.3911588899464,1000.0
scanId=145041,2.417216666667,493.7621807626456,1538.0
scanId=145041,2.417216666667,493.7749770130521,2311.0
scanId=145041,2.417216666667,493.7877736120095,2421.0
scanId=145041,2.417216666667,493.80057019405206,2041.0
scanId=145041,2.417216666667,493.8133671246393,1428.0
scanId=145041,2.417216666667,493.8261640383177,1011.0
scanId=145041,2.417216666667,494.2485583190124,1023.0
scanId=145041,2.417216666667,494.2613608705023,1874.0
scanId=145041,2.417216666667,494.2741637704266,2599.0
scanId=145041,2.417216666667,494.2869666535527,3010.0
scanId=145041,2.417216666667,494.2997698851068,3056.0
scanId=145041,2.417216666667,494.3125730998687,2893.0
scanId=145041,2.417216666667,494.3253766630527,2539.0
scanId=145041,2.417216666667,494.33818020945057,2223.0
scanId=145041,2.417216666667,494.35098410426434,2175.0
scanId=145041,2.417216666667,494.3637879822983,1897.0
scanId=145041,2.417216666667,494.3765922087419,1571.0
scanId=145041,2.417216666667,494.3893964184117,1184.0
scanId=145041,2.417216666667,494.7864120845367,1097.0
scanId=145041,2.417216666667,494.7992216003827,1144.0
scanId=145041,2.417216666667,494.8120314645335,1082.0
scanId=145041,2.417216666667,495.2476624041593,1201.0
scanId=145041,2.417216666667,495.260477889454,1511.0
scanId=145041,2.417216666667,495.273293722942,1519.0
scanId=145041,2.417216666667,495.2861095398728,1471.0
scanId=145041,2.417216666667,495.2989257049905,1481.0
scanId=145041,2.417216666667,495.31174185355735,1566.0
scanId=145041,2.417216666667,495.324558350305,1508.0
scanId=145041,2.417216666667,495.337374830508,1168.0
scanId=145041,2.417216666667,497.2103736292163,1408.0
scanId=145041,2.417216666667,497.2232146665718,2256.0
scanId=145041,2.417216666667,497.2360556878485,2777.0
scanId=145041,2.417216666667,497.2488970568338,2459.0
scanId=145041,2.417216666667,497.2617384097466,1964.0
scanId=145041,2.417216666667,497.274580110362,1793.0
scanId=145041,2.417216666667,497.2874217949111,1985.0
scanId=145041,2.417216666667,497.3002638271561,1997.0
scanId=145041,2.417216666667,497.3131058433414,1617.0
scanId=145041,2.417216666667,497.3259482072162,1280.0
scanId=145041,2.417216666667,497.3387905550378,1020.0
scanId=145041,2.417216666667,499.2284328950658,1095.0
scanId=145041,2.417216666667,499.2412997839718,1234.0
scanId=145041,2.417216666667,499.2541670200844,1401.0
scanId=145041,2.417216666667,499.2670342406267,1914.0
scanId=145041,2.417216666667,499.27990180836906,2476.0
scanId=145041,2.417216666667,499.29276936054777,2779.0
scanId=145041,2.417216666667,499.30563725992,2625.0
scanId=145041,2.417216666667,499.3185051437352,2093.0
scanId=145041,2.417216666667,499.33137337473727,1784.0
scanId=145041,2.417216666667,499.34424159018863,1611.0
scanId=145041,2.417216666667,499.35711015282055,1307.0
scanId=145041,2.417216666667,500.2454350737731,1034.0
scanId=145041,2.417216666667,500.2583152434493,1073.0
scanId=145041,2.417216666667,500.27119539781074,1171.0
scanId=145041,2.417216666667,500.2840758991168,1656.0
scanId=145041,2.417216666667,500.2969563851144,1977.0
scanId=145041,2.417216666667,500.30983721805023,1969.0
scanId=145041,2.417216666667,500.3227180356843,1631.0
scanId=145041,2.417216666667,500.3355992002501,1245.0
scanId=145041,2.417216666667,500.3484803495205,1068.0
scanId=145041,2.417216666667,500.3613618457161,1014.0
scanId=145041,2.417216666667,501.2505791915462,1477.0
scanId=145041,2.417216666667,501.263472294786,2448.0
scanId=145041,2.417216666667,501.276365382969,2909.0
scanId=145041,2.417216666667,501.2892588178386,2990.0
scanId=145041,2.417216666667,501.3021522376581,2794.0
scanId=145041,2.417216666667,501.3150460041575,2425.0
scanId=145041,2.417216666667,501.32793975561344,2036.0
scanId=145041,2.417216666667,501.3408338537428,1729.0
scanId=145041,2.417216666667,501.35372793683536,1524.0
scanId=145041,2.417216666667,501.3666223665945,1353.0
scanId=145041,2.417216666667,501.37951678132345,1225.0
scanId=145041,2.417216666667,501.3924115427124,1103.0
scanId=145041,2.417216666667,502.2567321373991,1200.0
scanId=145041,2.417216666667,502.2696381742026,1410.0
scanId=145041,2.417216666667,502.28254419621,1685.0
scanId=145041,2.417216666667,502.29545056464326,2008.0
scanId=145041,2.417216666667,502.3083569182873,2023.0
scanId=145041,2.417216666667,502.3212636183505,1792.0
scanId=145041,2.417216666667,502.33417030363097,1475.0
scanId=145041,2.417216666667,502.347077335324,1095.0
scanId=145041,2.417216666667,502.3857990641175,1125.0
scanId=145041,2.417216666667,502.3987067590701,1007.0
scanId=145041,2.417216666667,503.1217972634134,1039.0
scanId=145041,2.417216666667,503.2768128818071,1429.0
scanId=145041,2.417216666667,503.2897318376417,1610.0
scanId=145041,2.417216666667,503.30265113963856,1756.0
scanId=145041,2.417216666667,503.3155704271098,1980.0
scanId=145041,2.417216666667,503.32849006073656,2217.0
scanId=145041,2.417216666667,503.3414096798445,2218.0
scanId=145041,2.417216666667,503.354329645101,1936.0
scanId=145041,2.417216666667,503.3672495958455,1747.0
scanId=145041,2.417216666667,503.380169892732,1523.0
scanId=145041,2.417216666667,503.3930901751131,1184.0
scanId=145041,2.417216666667,504.2849964177066,1156.0
scanId=145041,2.417216666667,504.2979283073712,1317.0
scanId=145041,2.417216666667,504.3108605429317,1517.0
scanId=145041,2.417216666667,504.323792764233,1690.0
scanId=145041,2.417216666667,504.3367253314234,1679.0
scanId=145041,2.417216666667,504.3496578843614,1506.0
scanId=145041,2.417216666667,504.36259078318176,1210.0
scanId=145041,2.417216666667,504.37552366775645,1064.0
scanId=145041,2.417216666667,505.2812439445141,1176.0
scanId=145041,2.417216666667,505.29418878200846,1638.0
scanId=145041,2.417216666667,505.3071336055057,2048.0
scanId=145041,2.417216666667,505.32007877462985,2662.0
scanId=145041,2.417216666667,505.3330239297641,3352.0
scanId=145041,2.417216666667,505.3459694305181,3637.0
scanId=145041,2.417216666667,505.3589149172889,3378.0
scanId=145041,2.417216666667,505.3718607496728,2721.0
scanId=145041,2.417216666667,505.3848065680804,2034.0
scanId=145041,2.417216666667,505.397752732094,1582.0
scanId=145041,2.417216666667,505.4106988821384,1314.0
scanId=145041,2.417216666667,505.4236453777819,1077.0
scanId=145041,2.417216666667,506.265517338637,1000.0
scanId=145041,2.417216666667,506.2784747780651,1018.0
scanId=145041,2.417216666667,506.2914322037612,1077.0
scanId=145041,2.417216666667,506.3043899748192,1441.0
scanId=145041,2.417216666667,506.3173477321519,2011.0
scanId=145041,2.417216666667,506.3303058348396,2126.0
scanId=145041,2.417216666667,506.3432639238092,1944.0
scanId=145041,2.417216666667,506.3562223581268,1749.0
scanId=145041,2.417216666667,506.36918077873327,1548.0
scanId=145041,2.417216666667,506.3821395446807,1337.0
scanId=145041,2.417216666667,506.3950982969239,1131.0
scanId=145041,2.417216666667,507.26371853120025,1091.0
scanId=145041,2.417216666667,507.2766885590973,1310.0
scanId=145041,2.417216666667,507.289658932089,1554.0
scanId=145041,2.417216666667,507.30262929162296,1902.0
scanId=145041,2.417216666667,507.3155999962445,2217.0
scanId=145041,2.417216666667,507.3285706874154,2349.0
scanId=145041,2.417216666667,507.3415417236668,3825.0
scanId=145041,2.417216666667,507.3545127464746,7677.0
scanId=145041,2.417216666667,507.3674841143558,10976.0
scanId=145041,2.417216666667,507.3804554688007,10971.0
scanId=145041,2.417216666667,507.39342716831175,8463.0
scanId=145041,2.417216666667,507.4063988543933,5935.0
scanId=145041,2.417216666667,507.4193708855343,4045.0
scanId=145041,2.417216666667,507.4323429032528,2845.0
scanId=145041,2.417216666667,507.4453152660236,2130.0
scanId=145041,2.417216666667,507.4582876153789,1455.0
scanId=145041,2.417216666667,508.2629026716119,1110.0
scanId=145041,2.417216666667,508.27588564653735,1146.0
scanId=145041,2.417216666667,508.2888686082752,1192.0
scanId=145041,2.417216666667,508.3018519148305,1431.0
scanId=145041,2.417216666667,508.3148352082053,1877.0
scanId=145041,2.417216666667,508.3278188463904,2171.0
scanId=145041,2.417216666667,508.3408024714021,2652.0
scanId=145041,2.417216666667,508.3537864412173,3673.0
scanId=145041,2.417216666667,508.3667703978661,4517.0
scanId=145041,2.417216666667,508.3797546993109,4530.0
scanId=145041,2.417216666667,508.3927389875966,3717.0
scanId=145041,2.417216666667,508.40572362067127,2676.0
scanId=145041,2.417216666667,508.418708240594,1805.0
scanId=145041,2.417216666667,508.4316932052985,1204.0
scanId=145041,2.417216666667,509.2630701182617,1094.0
scanId=145041,2.417216666667,509.2760656822058,1145.0
scanId=145041,2.417216666667,509.2890615906949,1325.0
scanId=145041,2.417216666667,509.3020574862761,1348.0
scanId=145041,2.417216666667,509.31505372639526,1253.0
scanId=145041,2.417216666667,509.3280499536135,1370.0
scanId=145041,2.417216666667,509.3410465253623,1315.0
scanId=145041,2.417216666667,509.3540430842175,1197.0
scanId=145041,2.417216666667,509.3670399875962,1370.0
scanId=145041,2.417216666667,509.3800368780885,1605.0
scanId=145041,2.417216666667,509.393034113097,1467.0
scanId=145041,2.417216666667,509.4060313352264,1095.0
scanId=145041,2.417216666667,510.3292643668876,1001.0
scanId=145041,2.417216666667,511.2793753146484,1412.0
scanId=145041,2.417216666667,511.2923967586349,1703.0
scanId=145041,2.417216666667,511.3054181902737,1742.0
scanId=145041,2.417216666667,511.3184399658901,1660.0
scanId=145041,2.417216666667,511.33146172916616,1412.0
scanId=145041,2.417216666667,511.34448383641234,1170.0
scanId=145041,2.417216666667,512.2825049110626,1103.0
scanId=145041,2.417216666667,512.2955389449156,1347.0
scanId=145041,2.417216666667,512.3085733224657,1395.0
scanId=145041,2.417216666667,512.321607687956,1198.0
scanId=145041,2.417216666667,512.3346423971359,1010.0
scanId=145041,2.417216666667,513.234431552646,1088.0
scanId=145041,2.417216666667,513.2474778688703,1298.0
scanId=145041,2.417216666667,513.2605241733025,1670.0
scanId=145041,2.417216666667,513.2735708211567,2325.0
scanId=145041,2.417216666667,513.2866174572263,3153.0
scanId=145041,2.417216666667,513.2996644367103,3578.0
scanId=145041,2.417216666667,513.3127114044172,3183.0
scanId=145041,2.417216666667,513.325758715531,2421.0
scanId=145041,2.417216666667,513.3388060148752,1640.0
scanId=145041,2.417216666667,513.3518536576188,1101.0
scanId=145041,2.417216666667,514.2525352392247,1447.0
scanId=145041,2.417216666667,514.2655944890125,1958.0
scanId=145041,2.417216666667,514.2786537273015,2475.0
scanId=145041,2.417216666667,514.2917133087192,2891.0
scanId=145041,2.417216666667,514.3047728786453,2764.0
scanId=145041,2.417216666667,514.3178327916929,2195.0
scanId=145041,2.417216666667,514.3308926932563,1654.0
scanId=145041,2.417216666667,514.3439529379338,1196.0
scanId=145041,2.417216666667,515.2585759147254,1208.0
scanId=145041,2.417216666667,515.2716477552357,1534.0
scanId=145041,2.417216666667,515.2847199385872,1921.0
scanId=145041,2.417216666667,515.297792110735,2284.0
scanId=145041,2.417216666667,515.3108646257165,2380.0
scanId=145041,2.417216666667,515.3239371295016,2296.0
scanId=145041,2.417216666667,515.3370099761128,2104.0
scanId=145041,2.417216666667,515.3500828115355,1732.0
scanId=145041,2.417216666667,515.3631559897765,1395.0
scanId=145041,2.417216666667,515.3762291568365,1290.0
scanId=145041,2.417216666667,515.3893026667076,1414.0
scanId=145041,2.417216666667,515.4023761654051,1574.0
scanId=145041,2.417216666667,515.4154500069059,1510.0
scanId=145041,2.417216666667,515.4285238372408,1390.0
scanId=145041,2.417216666667,515.4415980103714,1227.0
scanId=145041,2.417216666667,516.2655995411238,1166.0
scanId=145041,2.417216666667,516.2786843264091,1265.0
scanId=145041,2.417216666667,516.2917691007812,1122.0
scanId=145041,2.417216666667,517.2343149845098,1163.0
scanId=145041,2.417216666667,517.247412040099,1329.0
scanId=145041,2.417216666667,517.26050908506,1412.0
scanId=145041,2.417216666667,517.2736064722791,1517.0
scanId=145041,2.417216666667,517.2867038488778,1799.0
scanId=145041,2.417216666667,517.2998015677267,2175.0
scanId=145041,2.417216666667,517.3128992759628,2510.0
scanId=145041,2.417216666667,517.3259973264417,3199.0
scanId=145041,2.417216666667,517.3390953663155,4337.0
scanId=145041,2.417216666667,517.352193748424,4835.0
scanId=145041,2.417216666667,517.3652921199352,4319.0
scanId=145041,2.417216666667,517.3783908336737,3439.0
scanId=145041,2.417216666667,517.3914895368226,2681.0
scanId=145041,2.417216666667,517.404588582191,2021.0
scanId=145041,2.417216666667,517.4176876169774,1406.0
scanId=145041,2.417216666667,518.3350382808823,1442.0
scanId=145041,2.417216666667,518.3481492649247,1740.0
scanId=145041,2.417216666667,518.3612602386653,1772.0
scanId=145041,2.417216666667,518.3743715543375,1543.0
scanId=145041,2.417216666667,518.3874828597158,1166.0
scanId=145041,2.417216666667,519.2794466195974,1165.0
scanId=145041,2.417216666667,519.2925695423139,1509.0
scanId=145041,2.417216666667,519.3056924550109,1772.0
scanId=145041,2.417216666667,519.3188157093572,1925.0
scanId=145041,2.417216666667,519.3319389536917,2284.0
scanId=145041,2.417216666667,519.345062539668,2748.0
scanId=145041,2.417216666667,519.3581861156404,2990.0
scanId=145041,2.417216666667,519.3713100332463,2883.0
scanId=145041,2.417216666667,519.3844339408564,2392.0
scanId=145041,2.417216666667,519.3975581900922,1780.0
scanId=145041,2.417216666667,519.4106824293402,1309.0
scanId=145041,2.417216666667,519.4238070102059,1049.0
scanId=145041,2.417216666667,520.2772546424068,1076.0
scanId=145041,2.417216666667,520.2903901670571,2095.0
scanId=145041,2.417216666667,520.3035256819879,2883.0
scanId=145041,2.417216666667,520.3166615382681,2934.0
scanId=145041,2.417216666667,520.329797384837,2863.0
scanId=145041,2.417216666667,520.3429335727469,2809.0
scanId=145041,2.417216666667,520.3560697509535,2599.0
scanId=145041,2.417216666667,520.3692062704932,2058.0
scanId=145041,2.417216666667,520.3823427803377,1514.0
scanId=145041,2.417216666667,520.3954796315073,1199.0
scanId=145041,2.417216666667,521.2760204236395,1318.0
scanId=145041,2.417216666667,521.2891685502235,2261.0
scanId=145041,2.417216666667,521.3023166673911,3296.0
scanId=145041,2.417216666667,521.315465125605,3663.0
scanId=145041,2.417216666667,521.3286135744103,3447.0
scanId=145041,2.417216666667,521.341762364254,3304.0
scanId=145041,2.417216666667,521.3549111446973,3420.0
scanId=145041,2.417216666667,521.3680602661709,3372.0
scanId=145041,2.417216666667,521.3812093782519,2981.0
scanId=145041,2.417216666667,521.3943588313554,2441.0
scanId=145041,2.417216666667,521.4075082750742,1843.0
scanId=145041,2.417216666667,521.4206580598075,1286.0
scanId=145041,2.417216666667,522.2625835756193,1011.0
scanId=145041,2.417216666667,522.2757439633878,1540.0
scanId=145041,2.417216666667,522.2889046919057,1989.0
scanId=145041,2.417216666667,522.302065411312,2190.0
scanId=145041,2.417216666667,522.3152264714597,2207.0
scanId=145041,2.417216666667,522.3283875225042,2127.0
scanId=145041,2.417216666667,522.3415489142817,1888.0
scanId=145041,2.417216666667,522.354710296964,1735.0
scanId=145041,2.417216666667,522.3678720203712,1769.0
scanId=145041,2.417216666667,522.3810337346915,1692.0
scanId=145041,2.417216666667,522.3941957897287,1365.0
scanId=145041,2.417216666667,522.4073578356868,1033.0
scanId=145041,2.417216666667,523.2237339473481,1138.0
scanId=145041,2.417216666667,523.2369066145401,2264.0
scanId=145041,2.417216666667,523.250079272912,3470.0
scanId=145041,2.417216666667,523.2632522717338,4057.0
scanId=145041,2.417216666667,523.2764252617436,4564.0
scanId=145041,2.417216666667,523.2895985921953,6012.0
scanId=145041,2.417216666667,523.3027719138431,8377.0
scanId=145041,2.417216666667,523.3159455759245,9464.0
scanId=145041,2.417216666667,523.3291192292103,8813.0
scanId=145041,2.417216666667,523.3422932229216,7375.0
scanId=145041,2.417216666667,523.3554672078453,6062.0
scanId=145041,2.417216666667,523.3686415331865,4770.0
scanId=145041,2.417216666667,523.3818158497481,3451.0
scanId=145041,2.417216666667,523.3949905067191,2391.0
scanId=145041,2.417216666667,523.4081651549186,1625.0
scanId=145041,2.417216666667,523.4213401435195,1121.0
scanId=145041,2.417216666667,524.2516931257892,1152.0
scanId=145041,2.417216666667,524.2648787265448,1317.0
scanId=145041,2.417216666667,524.2780643187984,1620.0
scanId=145041,2.417216666667,524.2912502511839,2121.0
scanId=145041,2.417216666667,524.3044361750754,2760.0
scanId=145041,2.417216666667,524.3176224390907,3300.0
scanId=145041,2.417216666667,524.3308086946201,3324.0
scanId=145041,2.417216666667,524.3439952902653,2763.0
scanId=145041,2.417216666667,524.3571818774328,2067.0
scanId=145041,2.417216666667,524.3703688047077,1575.0
scanId=145041,2.417216666667,524.3835557235133,1334.0
scanId=145041,2.417216666667,524.3967429824181,1033.0
scanId=145041,2.417216666667,525.2542647374543,1473.0
scanId=145041,2.417216666667,525.2674629401436,2917.0
scanId=145041,2.417216666667,525.2806611346432,4005.0
scanId=145041,2.417216666667,525.2938596689623,4138.0
scanId=145041,2.417216666667,525.3070581951,3669.0
scanId=145041,2.417216666667,525.320257061049,2919.0
scanId=145041,2.417216666667,525.3334559188247,2332.0
scanId=145041,2.417216666667,525.3466551164037,1850.0
scanId=145041,2.417216666667,525.3598543058174,1471.0
scanId=145041,2.417216666667,525.3730538350261,1212.0
scanId=145041,2.417216666667,525.386253356078,1004.0
scanId=145041,2.417216666667,526.2710049126206,1036.0
scanId=145041,2.417216666667,526.2842157093686,1429.0
scanId=145041,2.417216666667,526.2974268456217,1473.0
scanId=145041,2.417216666667,526.3106379740077,1463.0
scanId=145041,2.417216666667,526.3238494418905,1413.0
scanId=145041,2.417216666667,526.3370609019148,1220.0
scanId=145041,2.417216666667,527.2622812375093,1154.0
scanId=145041,2.417216666667,527.2755046440664,1453.0
scanId=145041,2.417216666667,527.2887280430651,1488.0
scanId=145041,2.417216666667,527.3019517812519,1355.0
scanId=145041,2.417216666667,527.3151755118888,1360.0
scanId=145041,2.417216666667,527.3283995817055,1292.0
scanId=145041,2.417216666667,527.3416236439807,1087.0
scanId=145041,2.417216666667,528.2809621345706,1123.0
scanId=145041,2.417216666667,528.2941981358225,1074.0
scanId=145041,2.417216666667,529.2741287737986,1002.0
scanId=145041,2.417216666667,529.2873773842231,1158.0
scanId=145041,2.417216666667,529.3006259877305,1524.0
scanId=145041,2.417216666667,529.313874929785,1798.0
scanId=145041,2.417216666667,529.3271238649309,1871.0
scanId=145041,2.417216666667,529.3403731386151,1686.0
scanId=145041,2.417216666667,529.3536224053992,1355.0
scanId=145041,2.417216666667,529.3668720107132,1044.0
scanId=145041,2.417216666667,529.4066214761406,1075.0
scanId=145041,2.417216666667,529.4198717447142,1221.0
scanId=145041,2.417216666667,529.4331220064133,1275.0
scanId=145041,2.417216666667,529.4463726066169,1130.0
scanId=145041,2.417216666667,530.254967425899,1026.0
scanId=145041,2.417216666667,530.2682283066275,1110.0
scanId=145041,2.417216666667,530.2814891807545,1104.0
scanId=145041,2.417216666667,530.2947503931128,1255.0
scanId=145041,2.417216666667,530.3080115988784,1465.0
scanId=145041,2.417216666667,530.3212731428665,1644.0
scanId=145041,2.417216666667,530.3345346802703,1576.0
scanId=145041,2.417216666667,530.3477965558883,1259.0
scanId=145041,2.417216666667,531.2898073470368,1069.0
scanId=145041,2.417216666667,531.3030811613289,1259.0
scanId=145041,2.417216666667,531.3163549693546,1463.0
scanId=145041,2.417216666667,531.3296291152765,1733.0
scanId=145041,2.417216666667,531.3429032549406,1834.0
scanId=145041,2.417216666667,531.3561777324923,1792.0
scanId=145041,2.417216666667,531.3694522037947,1855.0
scanId=145041,2.417216666667,531.3827270129764,1791.0
scanId=145041,2.417216666667,531.3960018159173,1558.0
scanId=145041,2.417216666667,531.4092769567288,1239.0
scanId=145041,2.417216666667,532.3256560992476,1065.0
scanId=145041,2.417216666667,532.3389428471033,1539.0
scanId=145041,2.417216666667,532.3522295890299,1751.0
scanId=145041,2.417216666667,532.3655166685155,1748.0
scanId=145041,2.417216666667,532.3788037420807,1589.0
scanId=145041,2.417216666667,532.392091153196,1219.0
scanId=145041,2.417216666667,533.2960182770187,1098.0
scanId=145041,2.417216666667,533.309316957933,1487.0
scanId=145041,2.417216666667,533.3226159760926,2026.0
scanId=145041,2.417216666667,533.3359149886455,2476.0
scanId=145041,2.417216666667,533.3492143384351,2846.0
scanId=145041,2.417216666667,533.3625136826265,2749.0
scanId=145041,2.417216666667,533.3758133640458,2401.0
scanId=145041,2.417216666667,533.389113039876,1892.0
scanId=145041,2.417216666667,533.4024130529253,1454.0
scanId=145041,2.417216666667,533.4157130603941,1086.0
scanId=145041,2.417216666667,534.3205084027226,1005.0
scanId=145041,2.417216666667,534.333820022816,1233.0
scanId=145041,2.417216666667,534.347131637636,1335.0
scanId=145041,2.417216666667,534.3604435893593,1463.0
scanId=145041,2.417216666667,534.3737555358181,1454.0
scanId=145041,2.417216666667,534.3870678191714,1215.0
scanId=145041,2.417216666667,535.3193337217389,1013.0
scanId=145041,2.417216666667,535.3326576071896,1307.0
scanId=145041,2.417216666667,535.3459818292168,1751.0
scanId=145041,2.417216666667,535.3593060463064,1884.0
scanId=145041,2.417216666667,535.3726305999637,2544.0
scanId=145041,2.417216666667,535.3859551486918,4192.0
scanId=145041,2.417216666667,535.3992800339787,5645.0
scanId=145041,2.417216666667,535.4126049143456,5542.0
scanId=145041,2.417216666667,535.4259301312624,4270.0
scanId=145041,2.417216666667,535.439255343268,2987.0
scanId=145041,2.417216666667,535.4525808918146,1960.0
scanId=145041,2.417216666667,535.4659064354588,1218.0
scanId=145041,2.417216666667,536.3057554352839,1036.0
scanId=145041,2.417216666667,536.3190915913676,1136.0
scanId=145041,2.417216666667,536.3324280836988,1219.0
scanId=145041,2.417216666667,536.3457645714212,1174.0
scanId=145041,2.417216666667,536.3591013953824,1117.0
scanId=145041,2.417216666667,536.3724382147436,1213.0
scanId=145041,2.417216666667,536.3857753703345,1334.0
scanId=145041,2.417216666667,536.3991125213344,1522.0
scanId=145041,2.417216666667,536.4124500085551,1559.0
scanId=145041,2.417216666667,536.4257874911939,1296.0
scanId=145041,2.417216666667,537.2530405380702,1063.0
scanId=145041,2.417216666667,537.2663886374456,1400.0
scanId=145041,2.417216666667,537.2797367325255,1780.0
scanId=145041,2.417216666667,537.2930851635308,2242.0
scanId=145041,2.417216666667,537.3064335902496,2308.0
scanId=145041,2.417216666667,537.3197823528848,2199.0
scanId=145041,2.417216666667,537.3331311112423,1973.0
scanId=145041,2.417216666667,537.3464802055074,1653.0
scanId=145041,2.417216666667,537.3598292955038,1531.0
scanId=145041,2.417216666667,537.3731787213986,1913.0
scanId=145041,2.417216666667,537.3865281430337,2306.0
scanId=145041,2.417216666667,537.3998779005584,2327.0
scanId=145041,2.417216666667,537.4132276538325,1897.0
scanId=145041,2.417216666667,537.4265777429869,1495.0
scanId=145041,2.417216666667,537.4399278278997,1147.0
scanId=145041,2.417216666667,538.2813229065595,1458.0
scanId=145041,2.417216666667,538.2946836039154,1761.0
scanId=145041,2.417216666667,538.3080446368544,1854.0
scanId=145041,2.417216666667,538.3214056658493,1916.0
scanId=145041,2.417216666667,538.3347670304184,1788.0
scanId=145041,2.417216666667,538.348128391052,1567.0
scanId=145041,2.417216666667,538.3614900872508,1356.0
scanId=145041,2.417216666667,538.3748517795233,1224.0
scanId=145041,2.417216666667,538.3882138073519,1171.0
scanId=145041,2.417216666667,538.4015758312634,1052.0
scanId=145041,2.417216666667,539.2570956928355,1452.0
scanId=145041,2.417216666667,539.2704686644488,2211.0
scanId=145041,2.417216666667,539.2838416324439,3002.0
scanId=145041,2.417216666667,539.297214935687,3208.0
scanId=145041,2.417216666667,539.3105882353212,3106.0
scanId=145041,2.417216666667,539.3239618701942,2761.0
scanId=145041,2.417216666667,539.3373355014674,2265.0
scanId=145041,2.417216666667,539.3507094679701,1749.0
scanId=145041,2.417216666667,539.3640834308821,1395.0
scanId=145041,2.417216666667,539.3774577290147,1278.0
scanId=145041,2.417216666667,539.3908320235656,1171.0
scanId=145041,2.417216666667,540.3006788197371,1238.0
scanId=145041,2.417216666667,540.314064724914,1365.0
scanId=145041,2.417216666667,540.3274506268287,1407.0
scanId=145041,2.417216666667,540.3408368636353,1228.0
scanId=145041,2.417216666667,541.278279578256,1309.0
scanId=145041,2.417216666667,541.2916774191752,2021.0
scanId=145041,2.417216666667,541.305075594656,2499.0
scanId=145041,2.417216666667,541.3184737672146,2387.0
scanId=145041,2.417216666667,541.3318722743253,1912.0
scanId=145041,2.417216666667,541.3452707785226,1385.0
scanId=145041,2.417216666667,541.3586696172631,1058.0
scanId=145041,2.417216666667,542.270173922149,1222.0
scanId=145041,2.417216666667,542.2835840337141,1397.0
scanId=145041,2.417216666667,542.2969944794987,1482.0
scanId=145041,2.417216666667,542.3104049227031,1794.0
scanId=145041,2.417216666667,542.3238157001177,1994.0
scanId=145041,2.417216666667,542.3372264749609,1749.0
scanId=145041,2.417216666667,542.3506375840053,1323.0
scanId=145041,2.417216666667,542.3640486904877,1016.0
scanId=145041,2.417216666667,543.2898213795198,1251.0
scanId=145041,2.417216666667,543.303244093372,1254.0
scanId=145041,2.417216666667,543.3166671410905,1192.0
scanId=145041,2.417216666667,543.3300901865817,1235.0
scanId=145041,2.417216666667,543.3435135659302,1287.0
scanId=145041,2.417216666667,543.3569369430605,1201.0
scanId=145041,2.417216666667,543.3703606540387,1082.0
scanId=145041,2.417216666667,544.2969912792989,1370.0
scanId=145041,2.417216666667,544.3104265973215,1518.0
scanId=145041,2.417216666667,544.3238619134627,1389.0
scanId=145041,2.417216666667,544.3372975631149,1131.0
scanId=145041,2.417216666667,545.2513050451953,1085.0
scanId=145041,2.417216666667,545.26475196871,1241.0
scanId=145041,2.417216666667,545.2781992254066,1321.0
scanId=145041,2.417216666667,545.291646480561,1401.0
scanId=145041,2.417216666667,545.3050940688873,1319.0
scanId=145041,2.417216666667,545.3185416556806,1223.0
scanId=145041,2.417216666667,545.331989575637,1257.0
scanId=145041,2.417216666667,545.3454374940696,1209.0
scanId=145041,2.417216666667,545.3588857456557,1029.0
scanId=145041,2.417216666667,545.3723339957276,1024.0
scanId=145041,2.417216666667,545.3857825789436,1050.0
scanId=145041,2.417216666667,545.3992311606547,1099.0
scanId=145041,2.417216666667,545.4126800755006,1048.0
scanId=145041,2.417216666667,547.2702091329325,1064.0
scanId=145041,2.417216666667,547.283680929397,1120.0
scanId=145041,2.417216666667,547.2971530583313,1154.0
scanId=145041,2.417216666667,547.3106251864351,1407.0
scanId=145041,2.417216666667,547.3240976469992,1687.0
scanId=145041,2.417216666667,547.3375701067425,2079.0
scanId=145041,2.417216666667,547.3510428989365,2344.0
scanId=145041,2.417216666667,547.3645156903191,2183.0
scanId=145041,2.417216666667,547.3779888141429,1766.0
scanId=145041,2.417216666667,547.3914619371649,1441.0
scanId=145041,2.417216666667,547.4049353926185,1255.0
scanId=145041,2.417216666667,547.4184088472799,1044.0
scanId=145041,2.417216666667,548.3349984363938,1081.0
scanId=145041,2.417216666667,548.3754539550605,1034.0
scanId=145041,2.417216666667,548.388939348741,1095.0
scanId=145041,2.417216666667,549.3333347816894,1220.0
scanId=145041,2.417216666667,549.3468321144913,1711.0
scanId=145041,2.417216666667,549.3603294471927,2125.0
scanId=145041,2.417216666667,549.3738271116245,2266.0
scanId=145041,2.417216666667,549.3873247759656,2251.0
scanId=145041,2.417216666667,549.4008227720271,2015.0
scanId=145041,2.417216666667,549.4143207680077,1717.0
scanId=145041,2.417216666667,549.4278190956992,1379.0
scanId=145041,2.417216666667,549.4413174233191,1054.0
scanId=145041,2.417216666667,550.3190698709806,1200.0
scanId=145041,2.417216666667,550.332579142705,1364.0
scanId=145041,2.417216666667,550.3460887458108,1514.0
scanId=145041,2.417216666667,550.3595983491748,1664.0
scanId=145041,2.417216666667,550.3731082839105,1641.0
scanId=145041,2.417216666667,550.386618218914,1526.0
scanId=145041,2.417216666667,550.4001284852795,1327.0
scanId=145041,2.417216666667,550.4136387519226,1062.0
scanId=145041,2.417216666667,551.2651251353374,1014.0
scanId=145041,2.417216666667,551.278646014447,1168.0
scanId=145041,2.417216666667,551.2921672245973,1209.0
scanId=145041,2.417216666667,551.3056884353466,1369.0
scanId=145041,2.417216666667,551.3192099771265,1403.0
scanId=145041,2.417216666667,551.3327315195155,1288.0
scanId=145041,2.417216666667,551.3462533929253,1353.0
scanId=145041,2.417216666667,551.3597752669538,1534.0
scanId=145041,2.417216666667,551.3732974719934,1624.0
scanId=145041,2.417216666667,551.3868196776614,1782.0
scanId=145041,2.417216666667,551.4003422143309,1831.0
scanId=145041,2.417216666667,551.4138647516386,1627.0
scanId=145041,2.417216666667,551.4273876199381,1509.0
scanId=145041,2.417216666667,551.4409104888854,1509.0
scanId=145041,2.417216666667,551.4544336888146,1613.0
scanId=145041,2.417216666667,551.4679568894015,1463.0
scanId=145041,2.417216666667,551.4814804209606,1129.0
scanId=145041,2.417216666667,553.2951224026242,1065.0
scanId=145041,2.417216666667,553.3086681547082,1509.0
scanId=145041,2.417216666667,553.3222142370962,1465.0
scanId=145041,2.417216666667,553.33576032082,1308.0
scanId=145041,2.417216666667,553.3493067348377,1230.0
scanId=145041,2.417216666667,553.3628531502013,1232.0
scanId=145041,2.417216666667,553.3763998958489,1179.0
scanId=145041,2.417216666667,553.3899466428521,1111.0
scanId=145041,2.417216666667,554.3115200383766,1223.0
scanId=145041,2.417216666667,554.3250783910684,1269.0
scanId=145041,2.417216666667,554.3386367454627,1120.0
scanId=145041,2.417216666667,554.3521954297844,1072.0
scanId=145041,2.417216666667,555.2609994318186,1538.0
scanId=145041,2.417216666667,555.2745693915547,2714.0
scanId=145041,2.417216666667,555.2881393533419,3307.0
scanId=145041,2.417216666667,555.301709644708,3222.0
scanId=145041,2.417216666667,555.315279938135,2899.0
scanId=145041,2.417216666667,555.3288505611307,2559.0
scanId=145041,2.417216666667,555.3424211861975,2242.0
scanId=145041,2.417216666667,555.3559921408231,1928.0
scanId=145041,2.417216666667,555.3695630975297,1532.0
scanId=145041,2.417216666667,555.3831343837852,1189.0
scanId=145041,2.417216666667,556.2792004958239,1370.0
scanId=145041,2.417216666667,556.2927827282854,1522.0
scanId=145041,2.417216666667,556.3063652899555,1482.0
scanId=145041,2.417216666667,556.319947854057,1412.0
scanId=145041,2.417216666667,556.3335307473567,1252.0
scanId=145041,2.417216666667,556.3471136430978,1132.0
scanId=145041,2.417216666667,557.2711451159819,1090.0
scanId=145041,2.417216666667,557.284739616326,1462.0
scanId=145041,2.417216666667,557.2983341194637,1627.0
scanId=145041,2.417216666667,557.3119289514375,1525.0
scanId=145041,2.417216666667,557.3255237862155,1391.0
scanId=145041,2.417216666667,557.3391189498192,1491.0
scanId=145041,2.417216666667,557.3527141162369,1674.0
scanId=145041,2.417216666667,557.3663096114705,1743.0
scanId=145041,2.417216666667,557.379905109528,1592.0
scanId=145041,2.417216666667,557.3935009363913,1280.0
scanId=145041,2.417216666667,558.3320077346837,1131.0
scanId=145041,2.417216666667,558.3456151685913,1401.0
scanId=145041,2.417216666667,558.3592226056874,1381.0
scanId=145041,2.417216666667,558.3728303712247,1277.0
scanId=145041,2.417216666667,558.3864381399609,1019.0
scanId=145041,2.417216666667,559.2576854431887,1365.0
scanId=145041,2.417216666667,559.2713041525108,2668.0
scanId=145041,2.417216666667,559.2849228653672,3668.0
scanId=145041,2.417216666667,559.2985419063191,3715.0
scanId=145041,2.417216666667,559.3121609508155,3202.0
scanId=145041,2.417216666667,559.3257803233972,2782.0
scanId=145041,2.417216666667,559.3393996995338,2583.0
scanId=145041,2.417216666667,559.3530194037454,2576.0
scanId=145041,2.417216666667,559.3666391115217,2427.0
scanId=145041,2.417216666667,559.3802591473632,2058.0
scanId=145041,2.417216666667,559.3938791867797,1743.0
scanId=145041,2.417216666667,559.407499554251,1322.0
scanId=145041,2.417216666667,560.2659118015346,1188.0
scanId=145041,2.417216666667,560.2795427811607,1412.0
scanId=145041,2.417216666667,560.2931737646991,1453.0
scanId=145041,2.417216666667,560.3068050759549,1476.0
scanId=145041,2.417216666667,560.3204363911335,1727.0
scanId=145041,2.417216666667,560.3340680340192,2324.0
scanId=145041,2.417216666667,560.347699680838,2657.0
scanId=145041,2.417216666667,560.3613316553535,2359.0
scanId=145041,2.417216666667,560.3749636338123,1993.0
scanId=145041,2.417216666667,560.3885959399577,1732.0
scanId=145041,2.417216666667,560.4022282500564,1394.0
scanId=145041,2.417216666667,560.4158608878316,1112.0
scanId=145041,2.417216666667,561.247760335518,1789.0
scanId=145041,2.417216666667,561.2614032538181,3195.0
scanId=145041,2.417216666667,561.2750461764006,4137.0
scanId=145041,2.417216666667,561.2886894263305,4212.0
scanId=145041,2.417216666667,561.3023326805529,3809.0
scanId=145041,2.417216666667,561.3159762621128,3216.0
scanId=145041,2.417216666667,561.3296198479756,2811.0
scanId=145041,2.417216666667,561.3432637611652,2465.0
scanId=145041,2.417216666667,561.3569076786681,2233.0
scanId=145041,2.417216666667,561.3705519234876,2292.0
scanId=145041,2.417216666667,561.3841961726306,2322.0
scanId=145041,2.417216666667,561.3978407490799,2152.0
scanId=145041,2.417216666667,561.411485329863,1782.0
scanId=145041,2.417216666667,561.4251302379422,1347.0
scanId=145041,2.417216666667,562.2714333745897,1323.0
scanId=145041,2.417216666667,562.2850885678581,1375.0
scanId=145041,2.417216666667,562.298744088092,1205.0
scanId=145041,2.417216666667,562.3123996130005,1225.0
scanId=145041,2.417216666667,562.3260554648643,1289.0
scanId=145041,2.417216666667,562.339711321413,1300.0
scanId=145041,2.417216666667,562.3533675049066,1564.0
scanId=145041,2.417216666667,562.3670236930958,1847.0
scanId=145041,2.417216666667,562.3806802082192,1753.0
scanId=145041,2.417216666667,562.3943367280483,1360.0
scanId=145041,2.417216666667,562.4079935748015,1043.0
scanId=145041,2.417216666667,563.24136979352,1696.0
scanId=145041,2.417216666667,563.2550369207981,4058.0
scanId=145041,2.417216666667,563.2687040531142,7885.0
scanId=145041,2.417216666667,563.2823715120222,10493.0
scanId=145041,2.417216666667,563.2960389759785,9977.0
scanId=145041,2.417216666667,563.3097067665163,7801.0
scanId=145041,2.417216666667,563.3233745621128,5784.0
scanId=145041,2.417216666667,563.3370426842805,4613.0
scanId=145041,2.417216666667,563.3507108115173,3985.0
scanId=145041,2.417216666667,563.3643792653148,3615.0
scanId=145041,2.417216666667,563.3780477241918,3187.0
scanId=145041,2.417216666667,563.3917165096192,2579.0
scanId=145041,2.417216666667,563.4053853001365,1937.0
scanId=145041,2.417216666667,563.4190544171937,1396.0
scanId=145041,2.417216666667,563.4327235393511,1003.0
scanId=145041,2.417216666667,564.2531791363866,1184.0
scanId=145041,2.417216666667,564.2668585339687,2692.0
scanId=145041,2.417216666667,564.2805379369745,4290.0
scanId=145041,2.417216666667,564.2942176661865,4843.0
scanId=145041,2.417216666667,564.3078974008324,4174.0
scanId=145041,2.417216666667,564.3215774616742,3161.0
scanId=145041,2.417216666667,564.3352575279606,2368.0
scanId=145041,2.417216666667,564.3489379204323,2037.0
scanId=145041,2.417216666667,564.3626183183588,1951.0
scanId=145041,2.417216666667,564.3762990424603,1789.0
scanId=145041,2.417216666667,564.3899797720275,1373.0
scanId=145041,2.417216666667,565.2658964960536,1180.0
scanId=145041,2.417216666667,565.2795881639397,2301.0
scanId=145041,2.417216666667,565.2932798376371,3133.0
scanId=145041,2.417216666667,565.306971837153,3297.0
scanId=145041,2.417216666667,565.3206638424908,2989.0
scanId=145041,2.417216666667,565.3343561736366,2564.0
scanId=145041,2.417216666667,565.3480485106145,2162.0
scanId=145041,2.417216666667,565.3617411733901,1728.0
scanId=145041,2.417216666667,565.3754338420085,1334.0
scanId=145041,2.417216666667,565.389126836414,1066.0
scanId=145041,2.417216666667,566.2795218725914,1044.0
scanId=145041,2.417216666667,566.2932258107815,1257.0
scanId=145041,2.417216666667,566.3069297551722,1190.0
scanId=145041,2.417216666667,566.3206340249922,1123.0
scanId=145041,2.417216666667,566.3343383010234,1154.0
scanId=145041,2.417216666667,566.3480429024731,1036.0
scanId=145041,2.417216666667,567.3077714745635,1118.0
scanId=145041,2.417216666667,567.3214876896499,1314.0
scanId=145041,2.417216666667,567.3352042297737,1360.0
scanId=145041,2.417216666667,567.3489207765003,1286.0
scanId=145041,2.417216666667,567.362637648254,1259.0
scanId=145041,2.417216666667,567.3763545266212,1066.0
scanId=145041,2.417216666667,568.2545847372055,1330.0
scanId=145041,2.417216666667,568.2683125527439,2144.0
scanId=145041,2.417216666667,568.2820403752464,2738.0
scanId=145041,2.417216666667,568.2957685224146,2761.0
scanId=145041,2.417216666667,568.3094966765578,2288.0
scanId=145041,2.417216666667,568.3232251553558,1825.0
scanId=145041,2.417216666667,568.3369536411393,1510.0
scanId=145041,2.417216666667,568.3506824515671,1309.0
scanId=145041,2.417216666667,568.3644112689911,1125.0
scanId=145041,2.417216666667,569.2708850827671,1551.0
scanId=145041,2.417216666667,569.2846251686094,2911.0
scanId=145041,2.417216666667,569.2983652618109,4050.0
scanId=145041,2.417216666667,569.3121056792829,4372.0
scanId=145041,2.417216666667,569.3258461041254,3731.0
scanId=145041,2.417216666667,569.3395868532273,2733.0
scanId=145041,2.417216666667,569.35332760971,2031.0
scanId=145041,2.417216666667,569.3670686904418,1623.0
scanId=145041,2.417216666667,569.380809778565,1234.0
scanId=145041,2.417216666667,570.2880934454731,1244.0
scanId=145041,2.417216666667,570.3018458016193,1687.0
scanId=145041,2.417216666667,570.3155981655219,1774.0
scanId=145041,2.417216666667,570.3293508532979,1626.0
scanId=145041,2.417216666667,570.3431035488411,1357.0
scanId=145041,2.417216666667,570.356856568247,1176.0
scanId=145041,2.417216666667,570.3706095954309,1150.0
scanId=145041,2.417216666667,571.2924455224277,1312.0
scanId=145041,2.417216666667,571.3062098253924,1550.0
scanId=145041,2.417216666667,571.3199744518425,1584.0
scanId=145041,2.417216666667,571.3337390864477,1653.0
scanId=145041,2.417216666667,571.3475040445277,1765.0
scanId=145041,2.417216666667,571.3612690107738,1710.0
scanId=145041,2.417216666667,571.3750343004837,1449.0
scanId=145041,2.417216666667,571.3887995983703,1170.0
scanId=145041,2.417216666667,572.3390111193471,1286.0
scanId=145041,2.417216666667,572.352788024657,1453.0
scanId=145041,2.417216666667,572.3665652530409,1431.0
scanId=145041,2.417216666667,572.3803424899916,1404.0
scanId=145041,2.417216666667,572.3941200500055,1274.0
scanId=145041,2.417216666667,573.3175889573392,1041.0
scanId=145041,2.417216666667,573.3313777927674,1283.0
scanId=145041,2.417216666667,573.345166637143,1327.0
scanId=145041,2.417216666667,573.3589558042011,1340.0
scanId=145041,2.417216666667,573.3727449802175,1304.0
scanId=145041,2.417216666667,573.3865344789053,1198.0
scanId=145041,2.417216666667,573.4003239865624,1013.0
scanId=145041,2.417216666667,574.3246040648511,1103.0
scanId=145041,2.417216666667,574.3384048482942,1196.0
scanId=145041,2.417216666667,574.3522059540263,1290.0
scanId=145041,2.417216666667,574.3660070691101,1417.0
scanId=145041,2.417216666667,574.379808506472,1529.0
scanId=145041,2.417216666667,574.3936099531967,1450.0
scanId=145041,2.417216666667,574.4074117221885,1176.0
scanId=145041,2.417216666667,575.2634403916352,1010.0
scanId=145041,2.417216666667,575.2772524508657,1393.0
scanId=145041,2.417216666667,575.2910648320122,1529.0
scanId=145041,2.417216666667,575.3048772228835,1326.0
scanId=145041,2.417216666667,575.3186899356601,1196.0
scanId=145041,2.417216666667,575.3325026581723,1385.0
scanId=145041,2.417216666667,575.3463157025785,1902.0
scanId=145041,2.417216666667,575.3601287567316,2325.0
scanId=145041,2.417216666667,575.3739421327676,2362.0
scanId=145041,2.417216666667,575.3877555185614,2263.0
scanId=145041,2.417216666667,575.4015692262274,2278.0
scanId=145041,2.417216666667,575.4153829436622,2145.0
scanId=145041,2.417216666667,575.4291969829579,1686.0
scanId=145041,2.417216666667,575.4430110320334,1178.0
scanId=145041,2.417216666667,576.4104119855643,1043.0
scanId=145041,2.417216666667,577.2817676145615,1139.0
scanId=145041,2.417216666667,577.2956038835762,1825.0
scanId=145041,2.417216666667,577.3094404737008,2794.0
scanId=145041,2.417216666667,577.3232770743564,5000.0
scanId=145041,2.417216666667,577.3371139961109,9357.0
scanId=145041,2.417216666667,577.3509509284074,14363.0
scanId=145041,2.417216666667,577.3647881817918,15512.0
scanId=145041,2.417216666667,577.3786254457293,12483.0
scanId=145041,2.417216666667,577.3924630307434,9156.0
scanId=145041,2.417216666667,577.4063006263218,6628.0
scanId=145041,2.417216666667,577.4201385429658,4715.0
scanId=145041,2.417216666667,577.433976470185,3327.0
scanId=145041,2.417216666667,577.4478147184589,2344.0
scanId=145041,2.417216666667,577.4616529773191,1545.0
scanId=145041,2.417216666667,577.4754915572228,1045.0
scanId=145041,2.417216666667,578.3061051410551,1148.0
scanId=145041,2.417216666667,578.3199536807849,1910.0
scanId=145041,2.417216666667,578.3338025412136,3901.0
scanId=145041,2.417216666667,578.3476514125844,6920.0
scanId=145041,2.417216666667,578.3615006046427,8581.0
scanId=145041,2.417216666667,578.3753498076546,7802.0
scanId=145041,2.417216666667,578.389199331343,6021.0
scanId=145041,2.417216666667,578.4030488659957,4370.0
scanId=145041,2.417216666667,578.4168987213138,3104.0
scanId=145041,2.417216666667,578.4307485876076,2301.0
scanId=145041,2.417216666667,578.4445987745555,1602.0
scanId=145041,2.417216666667,578.4584489724903,1057.0
scanId=145041,2.417216666667,579.2897689399073,1244.0
scanId=145041,2.417216666667,579.3036294073801,1889.0
scanId=145041,2.417216666667,579.3174898861859,2323.0
scanId=145041,2.417216666667,579.3313506852886,2607.0
scanId=145041,2.417216666667,579.3452114957354,3199.0
scanId=145041,2.417216666667,579.3590726264679,3900.0
scanId=145041,2.417216666667,579.3729337685556,4143.0
scanId=145041,2.417216666667,579.386795230918,3634.0
scanId=145041,2.417216666667,579.4006567046468,2750.0
scanId=145041,2.417216666667,579.4145184986392,2022.0
scanId=145041,2.417216666667,579.4283803040091,1574.0
scanId=145041,2.417216666667,579.4422424296312,1335.0
scanId=145041,2.417216666667,579.4561045666421,1197.0
scanId=145041,2.417216666667,580.3158856906196,1283.0
scanId=145041,2.417216666667,580.3297584283963,1618.0
scanId=145041,2.417216666667,580.3436311779207,1911.0
scanId=145041,2.417216666667,580.3575042473274,1911.0
scanId=145041,2.417216666667,580.3713773284929,1859.0
scanId=145041,2.417216666667,580.3852507295294,1697.0
scanId=145041,2.417216666667,580.3991241423361,1333.0
scanId=145041,2.417216666667,581.2734883670407,1148.0
scanId=145041,2.417216666667,581.2873723923624,1637.0
scanId=145041,2.417216666667,581.3012567371834,2043.0
scanId=145041,2.417216666667,581.3151410941462,2378.0
scanId=145041,2.417216666667,581.3290257705972,2595.0
scanId=145041,2.417216666667,581.342910459201,2608.0
scanId=145041,2.417216666667,581.3567954672817,2449.0
scanId=145041,2.417216666667,581.3706804875266,2184.0
scanId=145041,2.417216666667,581.3845658272372,1794.0
scanId=145041,2.417216666667,581.3984511791232,1430.0
scanId=145041,2.417216666667,581.4123368504637,1100.0
scanId=145041,2.417216666667,582.3152560968259,1278.0
scanId=145041,2.417216666667,582.3291527119509,1520.0
scanId=145041,2.417216666667,582.3430493396357,1753.0
scanId=145041,2.417216666667,582.3569462863909,1847.0
scanId=145041,2.417216666667,582.3708432457167,1721.0
scanId=145041,2.417216666667,582.3847405241014,1625.0
scanId=145041,2.417216666667,582.3986378150686,1335.0
scanId=145041,2.417216666667,583.3023224635924,1133.0
scanId=145041,2.417216666667,583.3162306987185,1437.0
scanId=145041,2.417216666667,583.3301392525177,1877.0
scanId=145041,2.417216666667,583.3440478192852,2061.0
scanId=145041,2.417216666667,583.3579567047142,1891.0
scanId=145041,2.417216666667,583.3718656031227,1589.0
scanId=145041,2.417216666667,583.3857748201817,1303.0
scanId=145041,2.417216666667,583.3996840502316,1024.0
scanId=145041,2.417216666667,584.3041447256732,1094.0
scanId=145041,2.417216666667,584.3180648998836,1194.0
scanId=145041,2.417216666667,584.3319853923568,1186.0
scanId=145041,2.417216666667,584.3459058982085,1115.0
scanId=145041,2.417216666667,584.3598267223116,1063.0
scanId=145041,2.417216666667,584.3737475598045,1001.0
scanId=145041,2.417216666667,585.2371680517514,1368.0
scanId=145041,2.417216666667,585.2510994880092,2880.0
scanId=145041,2.417216666667,585.2650309380231,3970.0
scanId=145041,2.417216666667,585.2789627059108,4063.0
scanId=145041,2.417216666667,585.2928944875657,3539.0
scanId=145041,2.417216666667,585.3068265870835,3041.0
scanId=145041,2.417216666667,585.3207587003798,2710.0
scanId=145041,2.417216666667,585.3346911315272,2347.0
scanId=145041,2.417216666667,585.3486235764648,1946.0
scanId=145041,2.417216666667,585.362556339242,1541.0
scanId=145041,2.417216666667,585.376489115821,1273.0
scanId=145041,2.417216666667,585.390422210228,1032.0
scanId=145041,2.417216666667,586.2685365823862,1272.0
scanId=145041,2.417216666667,586.2824802889481,1532.0
scanId=145041,2.417216666667,586.2964240096907,1703.0
scanId=145041,2.417216666667,586.3103680478823,1602.0
scanId=145041,2.417216666667,586.3243121002662,1630.0
scanId=145041,2.417216666667,586.3382564700878,1798.0
scanId=145041,2.417216666667,586.3522008541131,1729.0
scanId=145041,2.417216666667,586.3661455555643,1387.0
scanId=145041,2.417216666667,586.380090271231,1055.0
scanId=145041,2.417216666667,586.505600932015,1127.0
scanId=145041,2.417216666667,586.5195473058882,1113.0
scanId=145041,2.417216666667,587.2868574714312,1283.0
scanId=145041,2.417216666667,587.3008131312628,1362.0
scanId=145041,2.417216666667,587.3147691081285,1257.0
scanId=145041,2.417216666667,587.3287250996015,1118.0
scanId=145041,2.417216666667,587.3426814080971,1026.0
scanId=145041,2.417216666667,589.2842111123825,1107.0
scanId=145041,2.417216666667,589.2981906349668,1491.0
scanId=145041,2.417216666667,589.3121701729815,1614.0
scanId=145041,2.417216666667,589.3261500271955,1506.0
scanId=145041,2.417216666667,589.3401298968516,1378.0
scanId=145041,2.417216666667,589.3541100826955,1461.0
scanId=145041,2.417216666667,589.3680902839931,1421.0
scanId=145041,2.417216666667,589.3820708014667,1189.0
scanId=145041,2.417216666667,590.3611138194,1157.0
scanId=145041,2.417216666667,590.3751059597917,1323.0
scanId=145041,2.417216666667,590.3890984159394,1211.0
scanId=145041,2.417216666667,590.4030908879726,1172.0
scanId=145041,2.417216666667,590.4170836757502,1183.0
scanId=145041,2.417216666667,591.3129621969807,1067.0
scanId=145041,2.417216666667,591.3269656131847,1109.0
scanId=145041,2.417216666667,591.3409693447469,1078.0
scanId=145041,2.417216666667,591.3549730925926,1427.0
scanId=145041,2.417216666667,591.3689771557848,1888.0
scanId=145041,2.417216666667,591.3829812352722,2032.0
scanId=145041,2.417216666667,591.396985630094,1929.0
scanId=145041,2.417216666667,591.4109900412228,1687.0
scanId=145041,2.417216666667,591.4249947676745,1323.0
scanId=145041,2.417216666667,592.3356527328617,1243.0
scanId=145041,2.417216666667,592.3496684030981,1711.0
scanId=145041,2.417216666667,592.3636840900409,2106.0
scanId=145041,2.417216666667,592.3777000919071,2141.0
scanId=145041,2.417216666667,592.3917161104914,1993.0
scanId=145041,2.417216666667,592.4057324439876,1850.0
scanId=145041,2.417216666667,592.4197487942135,1479.0
scanId=145041,2.417216666667,592.4337654593394,1144.0
scanId=145041,2.417216666667,593.289090972242,1378.0
scanId=145041,2.417216666667,593.3031179178928,1790.0
scanId=145041,2.417216666667,593.317144880651,1821.0
scanId=145041,2.417216666667,593.3311721579315,1669.0
scanId=145041,2.417216666667,593.3451994523314,1644.0
scanId=145041,2.417216666667,593.3592270612419,1783.0
scanId=145041,2.417216666667,593.3732546872834,1787.0
scanId=145041,2.417216666667,593.3872826278237,1556.0
scanId=145041,2.417216666667,593.4013105855068,1275.0
scanId=145041,2.417216666667,594.3134884203371,1041.0
scanId=145041,2.417216666667,594.3275273221955,1254.0
scanId=145041,2.417216666667,594.3415665381503,1356.0
scanId=145041,2.417216666667,594.3556057716504,1468.0
scanId=145041,2.417216666667,594.369645319235,1403.0
scanId=145041,2.417216666667,594.3836848843769,1159.0
scanId=145041,2.417216666667,595.2825666989976,1324.0
scanId=145041,2.417216666667,595.2966171903668,2833.0
scanId=145041,2.417216666667,595.3106676996852,3611.0
scanId=145041,2.417216666667,595.3247185226842,3242.0
scanId=145041,2.417216666667,595.3387693636442,2724.0
scanId=145041,2.417216666667,595.3528205182731,2406.0
scanId=145041,2.417216666667,595.3668716908751,2222.0
scanId=145041,2.417216666667,595.3809231771339,1873.0
scanId=145041,2.417216666667,595.3949746813776,1423.0
scanId=145041,2.417216666667,595.409026499266,1112.0
scanId=145041,2.417216666667,596.2946205848518,1143.0
scanId=145041,2.417216666667,596.3086830148951,1569.0
scanId=145041,2.417216666667,596.3227454633168,1813.0
scanId=145041,2.417216666667,596.3368082249899,1780.0
scanId=145041,2.417216666667,596.3508710050532,1570.0
scanId=145041,2.417216666667,596.3649340983562,1404.0
scanId=145041,2.417216666667,596.3789972100616,1290.0
scanId=145041,2.417216666667,596.3930606349943,1112.0
scanId=145041,2.417216666667,597.293460014834,1233.0
scanId=145041,2.417216666667,597.3075340707188,2064.0
scanId=145041,2.417216666667,597.3216084394362,2754.0
scanId=145041,2.417216666667,597.3356828269627,3093.0
scanId=145041,2.417216666667,597.34975752731,3018.0
scanId=145041,2.417216666667,597.3638322464783,2902.0
scanId=145041,2.417216666667,597.3779072784554,2812.0
scanId=145041,2.417216666667,597.3919823292656,2562.0
scanId=145041,2.417216666667,597.4060576928724,2070.0
scanId=145041,2.417216666667,597.4201330753245,1696.0
scanId=145041,2.417216666667,597.4342087705612,1388.0
scanId=145041,2.417216666667,597.448284484655,1107.0
scanId=145041,2.417216666667,598.3072211616632,1120.0
scanId=145041,2.417216666667,598.3213071566541,1422.0
scanId=145041,2.417216666667,598.3353934640456,1764.0
scanId=145041,2.417216666667,598.3494797906786,1739.0
scanId=145041,2.417216666667,598.3635664297,1416.0
scanId=145041,2.417216666667,598.3776530879747,1232.0
scanId=145041,2.417216666667,598.3917400586259,1241.0
scanId=145041,2.417216666667,598.4058270485425,1271.0
scanId=145041,2.417216666667,598.4199143508235,1141.0
scanId=145041,2.417216666667,599.3077439941786,1391.0
scanId=145041,2.417216666667,599.3218419086144,1985.0
scanId=145041,2.417216666667,599.3359398427132,2269.0
scanId=145041,2.417216666667,599.3500380887788,2045.0
scanId=145041,2.417216666667,599.3641363545196,1764.0
scanId=145041,2.417216666667,599.378234932215,1601.0
scanId=145041,2.417216666667,599.3923335295977,1331.0
scanId=145041,2.417216666667,599.4064324389232,1022.0
scanId=145041,2.417216666667,600.3514321289508,1110.0
scanId=145041,2.417216666667,600.3655423136905,1119.0
scanId=145041,2.417216666667,601.2830551929277,1003.0
scanId=145041,2.417216666667,601.2971763214521,1331.0
scanId=145041,2.417216666667,601.3112974704871,1718.0
scanId=145041,2.417216666667,601.3254189306414,2191.0
scanId=145041,2.417216666667,601.3395404113186,2556.0
scanId=145041,2.417216666667,601.3536622031027,2509.0
scanId=145041,2.417216666667,601.3677840154218,2257.0
scanId=145041,2.417216666667,601.3819061388356,1846.0
scanId=145041,2.417216666667,601.3960282827967,1445.0
scanId=145041,2.417216666667,601.4101507378404,1111.0
scanId=145041,2.417216666667,602.3567280202905,1144.0
scanId=145041,2.417216666667,602.3708617507485,1345.0
scanId=145041,2.417216666667,602.3849955021802,1263.0
scanId=145041,2.417216666667,603.2616164236111,1015.0
scanId=145041,2.417216666667,603.2757607662242,3064.0
scanId=145041,2.417216666667,603.2899051302014,7505.0
scanId=145041,2.417216666667,603.304049804444,13003.0
scanId=145041,2.417216666667,603.3181945000633,15562.0
scanId=145041,2.417216666667,603.3323395059359,14026.0
scanId=145041,2.417216666667,603.346484533197,10767.0
scanId=145041,2.417216666667,603.3606298706994,7745.0
scanId=145041,2.417216666667,603.3747752296027,5551.0
scanId=145041,2.417216666667,603.3889208987349,3993.0
scanId=145041,2.417216666667,603.4030665892802,2859.0
scanId=145041,2.417216666667,603.4172125900424,2118.0
scanId=145041,2.417216666667,603.4313586122298,1566.0
scanId=145041,2.417216666667,603.4455049446219,1113.0
scanId=145041,2.417216666667,604.2804277221601,1964.0
scanId=145041,2.417216666667,604.2945840034471,4402.0
scanId=145041,2.417216666667,604.3087403065393,6839.0
scanId=145041,2.417216666667,604.3228969194562,7852.0
scanId=145041,2.417216666667,604.3370535541907,7434.0
scanId=145041,2.417216666667,604.3512104987374,6030.0
scanId=145041,2.417216666667,604.3653674651139,4468.0
scanId=145041,2.417216666667,604.3795247412904,3199.0
scanId=145041,2.417216666667,604.393682039309,2389.0
scanId=145041,2.417216666667,604.4078396471155,1852.0
scanId=145041,2.417216666667,604.4219972767761,1382.0
scanId=145041,2.417216666667,604.4361552162123,1104.0
scanId=145041,2.417216666667,605.2859307105838,1352.0
scanId=145041,2.417216666667,605.3000986211506,2036.0
scanId=145041,2.417216666667,605.3142668411117,2803.0
scanId=145041,2.417216666667,605.3284350833206,3322.0
scanId=145041,2.417216666667,605.3426036349116,3215.0
scanId=145041,2.417216666667,605.3567722087628,2859.0
scanId=145041,2.417216666667,605.3709410919836,2417.0
scanId=145041,2.417216666667,605.385109997477,1932.0
scanId=145041,2.417216666667,605.3992792123277,1690.0
scanId=145041,2.417216666667,605.4134484494631,1647.0
scanId=145041,2.417216666667,605.4276179959436,1513.0
scanId=145041,2.417216666667,605.4417875647212,1257.0
scanId=145041,2.417216666667,606.3064492709511,1453.0
scanId=145041,2.417216666667,606.3206291206361,1752.0
scanId=145041,2.417216666667,606.3348092792713,1688.0
scanId=145041,2.417216666667,606.3489894605985,1411.0
scanId=145041,2.417216666667,606.3631699508636,1150.0
scanId=145041,2.417216666667,607.3136356661856,1084.0
scanId=145041,2.417216666667,607.3278274318651,1412.0
scanId=145041,2.417216666667,607.34201922067,1630.0
scanId=145041,2.417216666667,607.3562113179793,1785.0
scanId=145041,2.417216666667,607.3704034384261,1849.0
scanId=145041,2.417216666667,607.3845958673653,1860.0
scanId=145041,2.417216666667,607.3987883194542,1794.0
scanId=145041,2.417216666667,607.4129810800232,1521.0
scanId=145041,2.417216666667,607.4271738637545,1159.0
scanId=145041,2.417216666667,608.3216580927417,1374.0
scanId=145041,2.417216666667,608.3358614890251,1529.0
scanId=145041,2.417216666667,608.3500651933787,1664.0
scanId=145041,2.417216666667,608.3642689213043,1732.0
scanId=145041,2.417216666667,608.3784729572877,1542.0
scanId=145041,2.417216666667,608.3926770168558,1194.0
scanId=145041,2.417216666667,609.3163012619491,1162.0
scanId=145041,2.417216666667,609.3305162657127,1537.0
scanId=145041,2.417216666667,609.3447315771106,2031.0
scanId=145041,2.417216666667,609.3589469125163,2619.0
scanId=145041,2.417216666667,609.3731625555441,3695.0
scanId=145041,2.417216666667,609.3873782225924,4301.0
scanId=145041,2.417216666667,609.4015941972499,3619.0
scanId=145041,2.417216666667,609.4158101959404,2566.0
scanId=145041,2.417216666667,609.4300265022279,1832.0
scanId=145041,2.417216666667,609.4442428325607,1483.0
scanId=145041,2.417216666667,609.4584594704779,1179.0
scanId=145041,2.417216666667,610.3259835507804,1088.0
scanId=145041,2.417216666667,610.3402104692226,1237.0
scanId=145041,2.417216666667,610.3544374121102,1505.0
scanId=145041,2.417216666667,610.3686646621823,1695.0
scanId=145041,2.417216666667,610.382891936712,1794.0
scanId=145041,2.417216666667,610.3971195184138,1758.0
scanId=145041,2.417216666667,610.411347124586,1504.0
scanId=145041,2.417216666667,610.4255750379176,1320.0
scanId=145041,2.417216666667,610.439802975732,1124.0
scanId=145041,2.417216666667,611.3222633442763,1342.0
scanId=145041,2.417216666667,611.3365018697627,1808.0
scanId=145041,2.417216666667,611.3507404201331,2000.0
scanId=145041,2.417216666667,611.3649792772494,1866.0
scanId=145041,2.417216666667,611.3792181592621,1621.0
scanId=145041,2.417216666667,611.3934573480083,1355.0
scanId=145041,2.417216666667,611.4076965616636,1088.0
scanId=145041,2.417216666667,612.3051058200356,1123.0
scanId=145041,2.417216666667,612.3193556462478,1350.0
scanId=145041,2.417216666667,612.3336057787785,1504.0
scanId=145041,2.417216666667,612.3478559366331,1641.0
scanId=145041,2.417216666667,612.3621064007937,1668.0
scanId=145041,2.417216666667,612.3763568902908,1594.0
scanId=145041,2.417216666667,612.3906076860812,1329.0
scanId=145041,2.417216666667,613.3029990230441,1418.0
scanId=145041,2.417216666667,613.3172604567419,2148.0
scanId=145041,2.417216666667,613.3315221963169,2567.0
scanId=145041,2.417216666667,613.3457839616572,2649.0
scanId=145041,2.417216666667,613.3600460328622,2520.0
scanId=145041,2.417216666667,613.374308129845,2232.0
scanId=145041,2.417216666667,613.3885705326796,1830.0
scanId=145041,2.417216666667,613.4028329613049,1435.0
scanId=145041,2.417216666667,613.4170956957694,1043.0
scanId=145041,2.417216666667,614.3017047346212,1140.0
scanId=145041,2.417216666667,614.315977775806,1771.0
scanId=145041,2.417216666667,614.3302511224254,2109.0
scanId=145041,2.417216666667,614.3445244952526,2103.0
scanId=145041,2.417216666667,614.3587981735017,1944.0
scanId=145041,2.417216666667,614.3730718779715,1668.0
scanId=145041,2.417216666667,614.3873458878504,1312.0
scanId=145041,2.417216666667,615.3155076034866,1368.0
scanId=145041,2.417216666667,615.3297925571503,2148.0
scanId=145041,2.417216666667,615.344077537466,2326.0
scanId=145041,2.417216666667,615.3583628227593,2249.0
scanId=145041,2.417216666667,615.3726481347175,2448.0
scanId=145041,2.417216666667,615.3869337516408,2317.0
scanId=145041,2.417216666667,615.4012193952414,1900.0
scanId=145041,2.417216666667,615.4155053437944,1523.0
scanId=145041,2.417216666667,615.4297913190377,1348.0
scanId=145041,2.417216666667,615.4440775992206,1091.0
scanId=145041,2.417216666667,616.3587399806813,1188.0
scanId=145041,2.417216666667,616.373036900129,1409.0
scanId=145041,2.417216666667,616.3873341240967,1419.0
scanId=145041,2.417216666667,616.4016313751872,1209.0
scanId=145041,2.417216666667,617.3026969212303,1382.0
scanId=145041,2.417216666667,617.3170047848839,2196.0
scanId=145041,2.417216666667,617.331312952636,4035.0
scanId=145041,2.417216666667,617.3456211479323,7215.0
scanId=145041,2.417216666667,617.3599296473143,14380.0
scanId=145041,2.417216666667,617.374238174253,25620.0
scanId=145041,2.417216666667,617.3885470052649,33376.0
scanId=145041,2.417216666667,617.4028558638462,31607.0
scanId=145041,2.417216666667,617.4171650264879,24536.0
scanId=145041,2.417216666667,617.4314742167119,17705.0
scanId=145041,2.417216666667,617.4457837109835,12805.0
scanId=145041,2.417216666667,617.4600932328501,9102.0
scanId=145041,2.417216666667,617.4744030587515,6113.0
scanId=145041,2.417216666667,617.4887129122608,4033.0
scanId=145041,2.417216666667,617.5030230697919,2695.0
scanId=145041,2.417216666667,617.5173332549438,1799.0
scanId=145041,2.417216666667,617.5316437441047,1192.0
scanId=145041,2.417216666667,617.8465149375294,1382.0
scanId=145041,2.417216666667,617.8608291023928,1605.0
scanId=145041,2.417216666667,617.8751435711118,1600.0
scanId=145041,2.417216666667,617.8894580676179,1321.0
scanId=145041,2.417216666667,618.304652667547,1230.0
scanId=145041,2.417216666667,618.3189721386927,1505.0
scanId=145041,2.417216666667,618.3332919134891,1595.0
scanId=145041,2.417216666667,618.3476117162776,2365.0
scanId=145041,2.417216666667,618.3619318227039,5176.0
scanId=145041,2.417216666667,618.3762519571351,10615.0
scanId=145041,2.417216666667,618.3905723951912,15060.0
scanId=145041,2.417216666667,618.4048928612649,14872.0
scanId=145041,2.417216666667,618.4192136309508,11635.0
scanId=145041,2.417216666667,618.4335344286673,8199.0
scanId=145041,2.417216666667,618.4478555299829,5735.0
scanId=145041,2.417216666667,618.462176659342,4162.0
scanId=145041,2.417216666667,618.4764980922876,2886.0
scanId=145041,2.417216666667,618.4908195532893,1964.0
scanId=145041,2.417216666667,618.505141317865,1369.0
scanId=145041,2.417216666667,618.5194631105094,1044.0
scanId=145041,2.417216666667,619.2787591254562,1435.0
scanId=145041,2.417216666667,619.2930898724528,1974.0
scanId=145041,2.417216666667,619.3074209226636,2522.0
scanId=145041,2.417216666667,619.3217520013029,3191.0
scanId=145041,2.417216666667,619.3360833831437,3991.0
scanId=145041,2.417216666667,619.3504147934258,4645.0
scanId=145041,2.417216666667,619.3647465068963,5131.0
scanId=145041,2.417216666667,619.379078248821,5822.0
scanId=145041,2.417216666667,619.3934102939213,6159.0
scanId=145041,2.417216666667,619.4077423674886,5684.0
scanId=145041,2.417216666667,619.422074744219,4736.0
scanId=145041,2.417216666667,619.4364071494291,3925.0
scanId=145041,2.417216666667,619.4507398577891,3318.0
scanId=145041,2.417216666667,619.4650725946419,2822.0
scanId=145041,2.417216666667,619.4794056346318,2338.0
scanId=145041,2.417216666667,619.4937387031273,1902.0
scanId=145041,2.417216666667,619.508072074747,1462.0
scanId=145041,2.417216666667,619.5224054748851,1019.0
scanId=145041,2.417216666667,620.2966590293707,1469.0
scanId=145041,2.417216666667,620.3110016866258,1708.0
scanId=145041,2.417216666667,620.3253443727601,1985.0
scanId=145041,2.417216666667,620.3396873616451,2422.0
scanId=145041,2.417216666667,620.354030379422,2818.0
scanId=145041,2.417216666667,620.3683736999368,2840.0
scanId=145041,2.417216666667,620.3827170493564,2489.0
scanId=145041,2.417216666667,620.397060701501,2143.0
scanId=145041,2.417216666667,620.4114043825633,1898.0
scanId=145041,2.417216666667,620.4257483663379,1722.0
scanId=145041,2.417216666667,620.4400923790429,1473.0
scanId=145041,2.417216666667,620.4544366944472,1144.0
scanId=145041,2.417216666667,621.3010406951797,1521.0
scanId=145041,2.417216666667,621.3153949594791,2393.0
scanId=145041,2.417216666667,621.3297492531094,2743.0
scanId=145041,2.417216666667,621.3441038490386,2751.0
scanId=145041,2.417216666667,621.3584584743118,2705.0
scanId=145041,2.417216666667,621.3728134018708,2657.0
scanId=145041,2.417216666667,621.3871683587865,2372.0
scanId=145041,2.417216666667,621.4015236179756,2223.0
scanId=145041,2.417216666667,621.4158789065342,2152.0
scanId=145041,2.417216666667,621.430234497353,1868.0
scanId=145041,2.417216666667,621.4445901175544,1701.0
scanId=145041,2.417216666667,621.458946040003,1489.0
scanId=145041,2.417216666667,621.473301991847,1170.0
scanId=145041,2.417216666667,622.3206007412684,1674.0
scanId=145041,2.417216666667,622.3349666423961,2126.0
scanId=145041,2.417216666667,622.3493328453696,1991.0
scanId=145041,2.417216666667,622.3636990781401,1633.0
scanId=145041,2.417216666667,622.3780656127435,1382.0
scanId=145041,2.417216666667,622.3924321771567,1255.0
scanId=145041,2.417216666667,622.4067990433899,1172.0
scanId=145041,2.417216666667,622.421165939446,1068.0
scanId=145041,2.417216666667,622.4355331373091,1029.0
scanId=145041,2.417216666667,623.3122415536506,1253.0
scanId=145041,2.417216666667,623.3266190320385,1591.0
scanId=145041,2.417216666667,623.3409965406648,1896.0
scanId=145041,2.417216666667,623.3553743506826,1946.0
scanId=145041,2.417216666667,623.369752190952,1759.0
scanId=145041,2.417216666667,623.3841303325996,1553.0
scanId=145041,2.417216666667,623.3985085045118,1325.0
scanId=145041,2.417216666667,623.4128869777893,1089.0
scanId=145041,2.417216666667,623.8586997265521,1032.0
scanId=145041,2.417216666667,624.2902832081161,2318.0
scanId=145041,2.417216666667,624.3046719619185,3504.0
scanId=145041,2.417216666667,624.319060746402,3973.0
scanId=145041,2.417216666667,624.3334498318342,3811.0
scanId=145041,2.417216666667,624.3478389479606,3222.0
scanId=145041,2.417216666667,624.3622283650226,2584.0
scanId=145041,2.417216666667,624.3766178127919,2025.0
scanId=145041,2.417216666667,624.3910075614838,1535.0
scanId=145041,2.417216666667,624.4053973408959,1163.0
scanId=145041,2.417216666667,625.2546918771344,1168.0
scanId=145041,2.417216666667,625.2690916058332,2774.0
scanId=145041,2.417216666667,625.28349163505,4611.0
scanId=145041,2.417216666667,625.2978916953919,6122.0
scanId=145041,2.417216666667,625.3122920562386,7941.0
scanId=145041,2.417216666667,625.3266924482232,9842.0
scanId=145041,2.417216666667,625.3410931406996,11020.0
scanId=145041,2.417216666667,625.3554938643274,9920.0
scanId=145041,2.417216666667,625.3698948884337,7357.0
scanId=145041,2.417216666667,625.3842959437042,5083.0
scanId=145041,2.417216666667,625.3986972994404,3427.0
scanId=145041,2.417216666667,625.4130986863538,2349.0
scanId=145041,2.417216666667,625.4275003737199,1588.0
scanId=145041,2.417216666667,625.4419020922761,1093.0
scanId=145041,2.417216666667,626.2630780514739,1150.0
scanId=145041,2.417216666667,626.2774893876751,1883.0
scanId=145041,2.417216666667,626.2919010239362,2725.0
scanId=145041,2.417216666667,626.3063126917805,4241.0
scanId=145041,2.417216666667,626.3207246596714,5550.0
scanId=145041,2.417216666667,626.3351366591585,6446.0
scanId=145041,2.417216666667,626.3495489586793,6480.0
scanId=145041,2.417216666667,626.3639612898094,5327.0
scanId=145041,2.417216666667,626.3783739209599,3895.0
scanId=145041,2.417216666667,626.3927865837329,2844.0
scanId=145041,2.417216666667,626.4071995465134,2070.0
scanId=145041,2.417216666667,626.4216125409296,1550.0
scanId=145041,2.417216666667,626.4360258353398,1252.0
scanId=145041,2.417216666667,627.3011229219777,1128.0
scanId=145041,2.417216666667,627.3155461973256,1686.0
scanId=145041,2.417216666667,627.3299697722608,2796.0
scanId=145041,2.417216666667,627.3443933792518,4123.0
scanId=145041,2.417216666667,627.3588172858168,4579.0
scanId=145041,2.417216666667,627.3732412244506,4104.0
scanId=145041,2.417216666667,627.3876654626455,3228.0
scanId=145041,2.417216666667,627.4020897329223,2433.0
scanId=145041,2.417216666667,627.416514302747,1892.0
scanId=145041,2.417216666667,627.4309389046667,1467.0
scanId=145041,2.417216666667,627.4453638061213,1086.0
scanId=145041,2.417216666667,628.3400273940506,1398.0
scanId=145041,2.417216666667,628.3544626085464,1944.0
scanId=145041,2.417216666667,628.3688981221558,2321.0
scanId=145041,2.417216666667,628.3833336682945,2207.0
scanId=145041,2.417216666667,628.3977695135337,1796.0
scanId=145041,2.417216666667,628.4122053913158,1346.0
scanId=145041,2.417216666667,629.3220042457017,1114.0
scanId=145041,2.417216666667,629.3364507360606,1385.0
scanId=145041,2.417216666667,629.3508975250843,1621.0
scanId=145041,2.417216666667,629.3653443470863,1679.0
scanId=145041,2.417216666667,629.3797914677399,1606.0
scanId=145041,2.417216666667,629.3942386213848,1501.0
scanId=145041,2.417216666667,629.4086860736683,1182.0
scanId=145041,2.417216666667,630.3481217693367,1089.0
scanId=145041,2.417216666667,630.3625801654047,1258.0
scanId=145041,2.417216666667,630.3770385949141,1254.0
scanId=145041,2.417216666667,630.3914973226122,1081.0
scanId=145041,2.417216666667,631.3316659350855,1007.0
scanId=145041,2.417216666667,631.3461356065679,1180.0
scanId=145041,2.417216666667,631.3606053119429,1327.0
scanId=145041,2.417216666667,631.3750753150553,1410.0
scanId=145041,2.417216666667,631.3895453520732,1340.0
scanId=145041,2.417216666667,631.4040156868153,1121.0
scanId=145041,2.417216666667,633.3445315305961,1382.0
scanId=145041,2.417216666667,633.3590241193486,2169.0
scanId=145041,2.417216666667,633.3735170049197,2659.0
scanId=145041,2.417216666667,633.3880099253154,2646.0
scanId=145041,2.417216666667,633.4025031425163,2274.0
scanId=145041,2.417216666667,633.4169963945551,1836.0
scanId=145041,2.417216666667,633.4314899433858,1586.0
scanId=145041,2.417216666667,633.445983527068,1548.0
scanId=145041,2.417216666667,633.4604774075287,1330.0
scanId=145041,2.417216666667,633.474971322854,1087.0
scanId=145041,2.417216666667,634.344913618393,1150.0
scanId=145041,2.417216666667,634.3594177793784,1501.0
scanId=145041,2.417216666667,634.3739219756432,1877.0
scanId=145041,2.417216666667,634.3884264682587,1947.0
scanId=145041,2.417216666667,634.4029309961667,1918.0
scanId=145041,2.417216666667,634.4174358204118,1624.0
scanId=145041,2.417216666667,634.431940679963,1346.0
scanId=145041,2.417216666667,634.446445835838,1119.0
scanId=145041,2.417216666667,635.3170547206017,1242.0
scanId=145041,2.417216666667,635.3315698610934,1711.0
scanId=145041,2.417216666667,635.3460852974933,2270.0
scanId=145041,2.417216666667,635.3606007696281,2632.0
scanId=145041,2.417216666667,635.3751165376578,2813.0
scanId=145041,2.417216666667,635.389632341436,3055.0
scanId=145041,2.417216666667,635.4041484410956,3277.0
scanId=145041,2.417216666667,635.4186645765169,3216.0
scanId=145041,2.417216666667,635.4331810078063,2814.0
scanId=145041,2.417216666667,635.447697474871,2092.0
scanId=145041,2.417216666667,635.4622142377905,1471.0
scanId=145041,2.417216666667,635.4767310364983,1089.0
scanId=145041,2.417216666667,636.3044664311249,1099.0
scanId=145041,2.417216666667,636.3189928474877,3138.0
scanId=145041,2.417216666667,636.3335195593021,6598.0
scanId=145041,2.417216666667,636.3480463073082,10072.0
scanId=145041,2.417216666667,636.3625733507523,11053.0
scanId=145041,2.417216666667,636.3771004304019,9632.0
scanId=145041,2.417216666667,636.391627805476,7504.0
scanId=145041,2.417216666667,636.4061552167686,5866.0
scanId=145041,2.417216666667,636.4206829234726,4429.0
scanId=145041,2.417216666667,636.4352106664085,3233.0
scanId=145041,2.417216666667,636.4497387047422,2438.0
scanId=145041,2.417216666667,636.4642667793215,2015.0
scanId=145041,2.417216666667,636.478795149285,1641.0
scanId=145041,2.417216666667,636.4933235555076,1250.0
scanId=145041,2.417216666667,636.8129918695821,1074.0
scanId=145041,2.417216666667,636.8275242191037,3623.0
scanId=145041,2.417216666667,636.842056605046,7081.0
scanId=145041,2.417216666667,636.8565892861974,9039.0
scanId=145041,2.417216666667,636.871122003783,8432.0
scanId=145041,2.417216666667,636.8856550165642,6391.0
scanId=145041,2.417216666667,636.9001880657929,4491.0
scanId=145041,2.417216666667,636.914721410204,3190.0
scanId=145041,2.417216666667,636.9292547910761,2364.0
scanId=145041,2.417216666667,636.9437884671171,1681.0
scanId=145041,2.417216666667,636.9583221796324,1163.0
scanId=145041,2.417216666667,637.3217205648433,1573.0
scanId=145041,2.417216666667,637.3362585887218,3406.0
scanId=145041,2.417216666667,637.3507969075804,5205.0
scanId=145041,2.417216666667,637.3653352631022,6106.0
scanId=145041,2.417216666667,637.3798739135907,5658.0
scanId=145041,2.417216666667,637.3944126007559,4600.0
scanId=145041,2.417216666667,637.4089515828742,3737.0
scanId=145041,2.417216666667,637.4234906016826,3240.0
scanId=145041,2.417216666667,637.4380299154308,2771.0
scanId=145041,2.417216666667,637.4525692658827,2199.0
scanId=145041,2.417216666667,637.4671089112608,1693.0
scanId=145041,2.417216666667,637.4816485933559,1299.0
scanId=145041,2.417216666667,637.8597402083647,1124.0
scanId=145041,2.417216666667,637.8742844965603,1049.0
scanId=145041,2.417216666667,638.3106883141545,1122.0
scanId=145041,2.417216666667,638.3252376139064,1465.0
scanId=145041,2.417216666667,638.3397872081796,1602.0
scanId=145041,2.417216666667,638.3543368395749,1722.0
scanId=145041,2.417216666667,638.3688867654778,1767.0
scanId=145041,2.417216666667,638.3834367285167,1768.0
scanId=145041,2.417216666667,638.3979869860494,1712.0
scanId=145041,2.417216666667,638.4125372807315,1655.0
scanId=145041,2.417216666667,638.4270878698941,1446.0
scanId=145041,2.417216666667,638.4416384962194,1131.0
scanId=145041,2.417216666667,639.3004228072735,1231.0
scanId=145041,2.417216666667,639.3149833829003,2116.0
scanId=145041,2.417216666667,639.3295442525879,3308.0
scanId=145041,2.417216666667,639.3441051598578,4176.0
scanId=145041,2.417216666667,639.3586663611751,4333.0
scanId=145041,2.417216666667,639.3732276000885,4072.0
scanId=145041,2.417216666667,639.3877891330357,3476.0
scanId=145041,2.417216666667,639.4023507035923,2669.0
scanId=145041,2.417216666667,639.4169125681694,1854.0
scanId=145041,2.417216666667,639.4314744703695,1479.0
scanId=145041,2.417216666667,639.4460366665764,1282.0
scanId=145041,2.417216666667,639.4605989004201,1005.0
scanId=145041,2.417216666667,640.3200680408423,1463.0
scanId=145041,2.417216666667,640.3346402239879,2165.0
scanId=145041,2.417216666667,640.3492127007197,2845.0
scanId=145041,2.417216666667,640.3637852155089,3324.0
scanId=145041,2.417216666667,640.3783580238705,3081.0
scanId=145041,2.417216666667,640.3929308703032,2313.0
scanId=145041,2.417216666667,640.4075040102947,1611.0
scanId=145041,2.417216666667,640.4220771883705,1158.0
scanId=145041,2.417216666667,641.296775152464,1222.0
scanId=145041,2.417216666667,641.3113585729806,1753.0
scanId=145041,2.417216666667,641.325942032003,2289.0
scanId=145041,2.417216666667,641.3405257841492,2712.0
scanId=145041,2.417216666667,641.3551095748153,3452.0
scanId=145041,2.417216666667,641.3696936585914,4086.0
scanId=145041,2.417216666667,641.3842777809007,3827.0
scanId=145041,2.417216666667,641.3988621963067,3091.0
scanId=145041,2.417216666667,641.4134466502595,2483.0
scanId=145041,2.417216666667,641.4280313972953,1917.0
scanId=145041,2.417216666667,641.4426161828915,1437.0
scanId=145041,2.417216666667,641.4572012615571,1125.0
scanId=145041,2.417216666667,642.3326056115004,1155.0
scanId=145041,2.417216666667,642.3472006780443,1639.0
scanId=145041,2.417216666667,642.3617960372347,2281.0
scanId=145041,2.417216666667,642.3763914354222,2709.0
scanId=145041,2.417216666667,642.3909871262427,2612.0
scanId=145041,2.417216666667,642.4055828560736,2175.0
scanId=145041,2.417216666667,642.4201788785238,1834.0
scanId=145041,2.417216666667,642.4347749399981,1605.0
scanId=145041,2.417216666667,642.4493712940781,1437.0
scanId=145041,2.417216666667,642.4639676871959,1207.0
scanId=145041,2.417216666667,643.2962398690555,1483.0
scanId=145041,2.417216666667,643.310845879835,3382.0
scanId=145041,2.417216666667,643.3254521828103,7411.0
scanId=145041,2.417216666667,643.3400585252331,11518.0
scanId=145041,2.417216666667,643.3546651598381,12379.0
scanId=145041,2.417216666667,643.3692718339045,10455.0
scanId=145041,2.417216666667,643.3838788001393,8302.0
scanId=145041,2.417216666667,643.3984858058493,6409.0
scanId=145041,2.417216666667,643.4130931037139,4727.0
scanId=145041,2.417216666667,643.4277004410674,3694.0
scanId=145041,2.417216666667,643.4423080705619,2985.0
scanId=145041,2.417216666667,643.4569157395588,2299.0
scanId=145041,2.417216666667,643.4715237006833,1637.0
scanId=145041,2.417216666667,643.4861317013238,1138.0
scanId=145041,2.417216666667,644.2167463092882,1050.0
scanId=145041,2.417216666667,644.3044479197256,1333.0
scanId=145041,2.417216666667,644.3190654981152,2953.0
scanId=145041,2.417216666667,644.3336831164182,5160.0
scanId=145041,2.417216666667,644.3483010264376,6312.0
scanId=145041,2.417216666667,644.3629189763841,5833.0
scanId=145041,2.417216666667,644.3775372180334,4635.0
scanId=145041,2.417216666667,644.3921554996235,3439.0
scanId=145041,2.417216666667,644.4067740729027,2596.0
scanId=145041,2.417216666667,644.4213926861363,2032.0
scanId=145041,2.417216666667,644.4360115910453,1608.0
scanId=145041,2.417216666667,644.4506305359224,1455.0
scanId=145041,2.417216666667,644.4652497724611,1206.0
scanId=145041,2.417216666667,645.3134455574517,1363.0
scanId=145041,2.417216666667,645.3280744516359,2506.0
scanId=145041,2.417216666667,645.3427036370699,3966.0
scanId=145041,2.417216666667,645.3573328628976,5262.0
scanId=145041,2.417216666667,645.3719623799614,5330.0
scanId=145041,2.417216666667,645.3865919374326,4489.0
scanId=145041,2.417216666667,645.4012217861261,3666.0
scanId=145041,2.417216666667,645.415851675241,2904.0
scanId=145041,2.417216666667,645.4304818555644,2097.0
scanId=145041,2.417216666667,645.4451120763229,1665.0
scanId=145041,2.417216666667,645.4597425882761,1751.0
scanId=145041,2.417216666667,645.474373140678,1670.0
scanId=145041,2.417216666667,645.4890039842612,1344.0
scanId=145041,2.417216666667,645.8401924714095,1571.0
scanId=145041,2.417216666667,645.8548273351782,2101.0
scanId=145041,2.417216666667,645.8694624899492,2211.0
scanId=145041,2.417216666667,645.8840976853614,1794.0
scanId=145041,2.417216666667,645.8987331717623,1330.0
scanId=145041,2.417216666667,645.9133686988181,1009.0
scanId=145041,2.417216666667,646.337872991771,1664.0
scanId=145041,2.417216666667,646.3525134934808,2360.0
scanId=145041,2.417216666667,646.367154285959,2318.0
scanId=145041,2.417216666667,646.3817951193125,1906.0
scanId=145041,2.417216666667,646.3964362434206,1593.0
scanId=145041,2.417216666667,646.4110774084178,1383.0
scanId=145041,2.417216666667,646.4257188641557,1176.0
scanId=145041,2.417216666667,646.4403603607965,1161.0
scanId=145041,2.417216666667,646.4550021481641,1384.0
scanId=145041,2.417216666667,646.4696439764487,1581.0
scanId=145041,2.417216666667,646.4842860954461,1474.0
scanId=145041,2.417216666667,646.498928255374,1203.0
scanId=145041,2.417216666667,646.5135707060014,1034.0
scanId=145041,2.417216666667,646.85039133781,1121.0
scanId=145041,2.417216666667,646.8650377679953,1510.0
scanId=145041,2.417216666667,646.8796842392907,1430.0
scanId=145041,2.417216666667,646.8943310011058,1131.0
scanId=145041,2.417216666667,647.3045059083645,1462.0
scanId=145041,2.417216666667,647.3191573543141,2680.0
scanId=145041,2.417216666667,647.3338090905769,3667.0
scanId=145041,2.417216666667,647.3484608681704,3817.0
scanId=145041,2.417216666667,647.363112936063,3414.0
scanId=145041,2.417216666667,647.3777650452998,3117.0
scanId=145041,2.417216666667,647.3924174448222,2818.0
scanId=145041,2.417216666667,647.4070698857026,2391.0
scanId=145041,2.417216666667,647.4217226168549,1967.0
scanId=145041,2.417216666667,647.4363753893792,1503.0
scanId=145041,2.417216666667,647.4510284521613,1277.0
scanId=145041,2.417216666667,647.4656815563291,1345.0
scanId=145041,2.417216666667,647.4803349507409,1435.0
scanId=145041,2.417216666667,647.4949883865524,1246.0
scanId=145041,2.417216666667,648.3158489218465,1375.0
scanId=145041,2.417216666667,648.3305119335237,1867.0
scanId=145041,2.417216666667,648.3451749870012,2058.0
scanId=145041,2.417216666667,648.3598383303082,1939.0
scanId=145041,2.417216666667,648.3745017154296,1697.0
scanId=145041,2.417216666667,648.3891653903664,1494.0
scanId=145041,2.417216666667,648.4038291071314,1386.0
scanId=145041,2.417216666667,648.4184931136981,1359.0
scanId=145041,2.417216666667,648.4331571621069,1290.0
scanId=145041,2.417216666667,648.4478215003033,1283.0
scanId=145041,2.417216666667,648.4624858803556,1296.0
scanId=145041,2.417216666667,648.477150550182,1241.0
scanId=145041,2.417216666667,648.4918152618781,1206.0
scanId=145041,2.417216666667,648.5064802633343,1036.0
scanId=145041,2.417216666667,649.3279815206464,1510.0
scanId=145041,2.417216666667,649.3426558500095,1960.0
scanId=145041,2.417216666667,649.3573304687309,1976.0
scanId=145041,2.417216666667,649.3720051297379,1705.0
scanId=145041,2.417216666667,649.3866800800891,1401.0
scanId=145041,2.417216666667,649.4013550727396,1383.0
scanId=145041,2.417216666667,649.4160303547208,1412.0
scanId=145041,2.417216666667,649.4307056790147,1505.0
scanId=145041,2.417216666667,649.4453812926257,1774.0
scanId=145041,2.417216666667,649.4600569485636,1748.0
scanId=145041,2.417216666667,649.4747328938043,1556.0
scanId=145041,2.417216666667,649.489408881386,1331.0
scanId=145041,2.417216666667,649.5040851582565,1032.0
scanId=145041,2.417216666667,650.3849615140253,1057.0
scanId=145041,2.417216666667,650.3996477825623,1145.0
scanId=145041,2.417216666667,650.4143343399578,1053.0
scanId=145041,2.417216666667,650.4290209401386,1078.0
scanId=145041,2.417216666667,651.3252209275624,1148.0
scanId=145041,2.417216666667,651.3399178086993,1227.0
scanId=145041,2.417216666667,651.3546149782496,1231.0
scanId=145041,2.417216666667,651.3693121910303,1204.0
scanId=145041,2.417216666667,651.3840096922107,1155.0
scanId=145041,2.417216666667,651.3987072366351,1197.0
scanId=145041,2.417216666667,651.4134050694452,1296.0
scanId=145041,2.417216666667,651.4281029455134,1270.0
scanId=145041,2.417216666667,651.4428011099532,1256.0
scanId=145041,2.417216666667,651.4574993176651,1109.0
scanId=145041,2.417216666667,652.3544073494157,1127.0
scanId=145041,2.417216666667,652.3691158380849,1231.0
scanId=145041,2.417216666667,652.3838246146795,1194.0
scanId=145041,2.417216666667,652.3985334349926,1218.0
scanId=145041,2.417216666667,652.413242543217,1193.0
scanId=145041,2.417216666667,652.4279516951738,1112.0
scanId=145041,2.417216666667,653.3255273116051,1221.0
scanId=145041,2.417216666667,653.3402467445201,2147.0
scanId=145041,2.417216666667,653.3549664648992,2833.0
scanId=145041,2.417216666667,653.369686229458,3366.0
scanId=145041,2.417216666667,653.384406281467,3333.0
scanId=145041,2.417216666667,653.3991263776696,2879.0
scanId=145041,2.417216666667,653.4138467613087,2297.0
scanId=145041,2.417216666667,653.428567189155,1851.0
scanId=145041,2.417216666667,653.4432879044238,1553.0
scanId=145041,2.417216666667,653.4580086639139,1316.0
scanId=145041,2.417216666667,653.4727297108125,1040.0
scanId=145041,2.417216666667,654.3415613289411,1115.0
scanId=145041,2.417216666667,654.356292324735,1242.0
scanId=145041,2.417216666667,654.3710233651843,1276.0
scanId=145041,2.417216666667,654.3857546926077,1198.0
scanId=145041,2.417216666667,654.4004860647009,1032.0
scanId=145041,2.417216666667,655.3289006730519,1618.0
scanId=145041,2.417216666667,655.3436426577489,2312.0
scanId=145041,2.417216666667,655.358384928957,2663.0
scanId=145041,2.417216666667,655.3731272452978,2621.0
scanId=145041,2.417216666667,655.3878698481358,2518.0
scanId=145041,2.417216666667,655.4026124961205,2286.0
scanId=145041,2.417216666667,655.4173554305883,2077.0
scanId=145041,2.417216666667,655.4320984102169,1725.0
scanId=145041,2.417216666667,655.4468416763148,1368.0
scanId=145041,2.417216666667,656.3022313264493,1002.0
scanId=145041,2.417216666667,656.3169842553949,2628.0
scanId=145041,2.417216666667,656.3317374703876,4084.0
scanId=145041,2.417216666667,656.346490730977,4704.0
scanId=145041,2.417216666667,656.3612442775996,4987.0
scanId=145041,2.417216666667,656.3759978698332,4682.0
scanId=145041,2.417216666667,656.3907517480856,3739.0
scanId=145041,2.417216666667,656.4055056719628,2893.0
scanId=145041,2.417216666667,656.420259881845,2097.0
scanId=145041,2.417216666667,656.4350141373664,1472.0
scanId=145041,2.417216666667,656.4497686788784,1097.0
scanId=145041,2.417216666667,656.8482022967596,1122.0
scanId=145041,2.417216666667,656.8629614810893,1902.0
scanId=145041,2.417216666667,656.8777207112694,2250.0
scanId=145041,2.417216666667,656.8924802272289,1991.0
scanId=145041,2.417216666667,656.9072397890529,1444.0
scanId=145041,2.417216666667,657.3058123169303,1057.0
scanId=145041,2.417216666667,657.3205765217697,1890.0
scanId=145041,2.417216666667,657.3353410121769,3061.0
scanId=145041,2.417216666667,657.3501055486598,4306.0
scanId=145041,2.417216666667,657.3648703706968,4813.0
scanId=145041,2.417216666667,657.3796352388239,5379.0
scanId=145041,2.417216666667,657.3944003924906,7134.0
scanId=145041,2.417216666667,657.4091655922615,9155.0
scanId=145041,2.417216666667,657.4239310775581,9807.0
scanId=145041,2.417216666667,657.438696608973,8471.0
scanId=145041,2.417216666667,657.4534624258995,6205.0
scanId=145041,2.417216666667,657.4682282889586,4395.0
scanId=145041,2.417216666667,657.4829944375149,3187.0
scanId=145041,2.417216666667,657.4977606322175,2309.0
scanId=145041,2.417216666667,657.5125271124036,1634.0
scanId=145041,2.417216666667,657.5272936387504,1207.0
scanId=145041,2.417216666667,658.3249355326317,1639.0
scanId=145041,2.417216666667,658.3397112984532,2155.0
scanId=145041,2.417216666667,658.3544871108307,2428.0
scanId=145041,2.417216666667,658.3692632082822,2399.0
scanId=145041,2.417216666667,658.3840393523036,2382.0
scanId=145041,2.417216666667,658.3988157813849,3246.0
scanId=145041,2.417216666667,658.4135922570506,4721.0
scanId=145041,2.417216666667,658.4283690177616,5259.0
scanId=145041,2.417216666667,658.443145825071,4450.0
scanId=145041,2.417216666667,658.457922917412,3325.0
scanId=145041,2.417216666667,658.4727000563655,2351.0
scanId=145041,2.417216666667,658.4874774803362,1667.0
scanId=145041,2.417216666667,658.5022549509337,1295.0
scanId=145041,2.417216666667,658.5170327065342,1024.0
scanId=145041,2.417216666667,659.3152745313852,1629.0
scanId=145041,2.417216666667,659.3300612880142,1990.0
scanId=145041,2.417216666667,659.3448483292502,2373.0
scanId=145041,2.417216666667,659.3596354175236,3093.0
scanId=145041,2.417216666667,659.3744227903894,3888.0
scanId=145041,2.417216666667,659.3892102103064,4440.0
scanId=145041,2.417216666667,659.4039979148021,4205.0
scanId=145041,2.417216666667,659.4187856663632,3500.0
scanId=145041,2.417216666667,659.4335737024887,2801.0
scanId=145041,2.417216666667,659.4483617856937,2255.0
scanId=145041,2.417216666667,659.4631501534491,1795.0
scanId=145041,2.417216666667,659.4779385682981,1469.0
scanId=145041,2.417216666667,659.4927272676833,1217.0
scanId=145041,2.417216666667,660.3507521046017,1196.0
scanId=145041,2.417216666667,660.3655504687713,1638.0
scanId=145041,2.417216666667,660.3803491170517,1875.0
scanId=145041,2.417216666667,660.395147812865,1806.0
scanId=145041,2.417216666667,660.4099467927753,1515.0
scanId=145041,2.417216666667,660.4247458202328,1485.0
scanId=145041,2.417216666667,660.4395451317728,1569.0
scanId=145041,2.417216666667,660.4543444908746,1520.0
scanId=145041,2.417216666667,660.4691441340444,1356.0
scanId=145041,2.417216666667,660.4839438247901,1174.0
scanId=145041,2.417216666667,660.4987437995898,1057.0
scanId=145041,2.417216666667,661.2389510022323,1038.0
scanId=145041,2.417216666667,661.3129944636174,1470.0
scanId=145041,2.417216666667,661.3278037240525,2593.0
scanId=145041,2.417216666667,661.3426130324754,3786.0
scanId=145041,2.417216666667,661.3574226245403,4573.0
scanId=145041,2.417216666667,661.3722322646072,4386.0
scanId=145041,2.417216666667,661.3870421883021,3679.0
scanId=145041,2.417216666667,661.4018521600132,2949.0
scanId=145041,2.417216666667,661.4166624153377,2277.0
scanId=145041,2.417216666667,661.4314727186928,2020.0
scanId=145041,2.417216666667,661.4462833056473,2185.0
scanId=145041,2.417216666667,661.4610939406464,2400.0
scanId=145041,2.417216666667,661.4759048592306,2259.0
scanId=145041,2.417216666667,661.4907158258738,1939.0
scanId=145041,2.417216666667,661.5055270760879,1508.0
scanId=145041,2.417216666667,661.5203383743752,1215.0
scanId=145041,2.417216666667,661.5351499562191,1075.0
scanId=145041,2.417216666667,662.3352184372985,1592.0
scanId=145041,2.417216666667,662.3500390216198,2236.0
scanId=145041,2.417216666667,662.3648598890991,2625.0
scanId=145041,2.417216666667,662.3796808050645,2491.0
scanId=145041,2.417216666667,662.3945020041737,1992.0
scanId=145041,2.417216666667,662.4093232517831,1619.0
scanId=145041,2.417216666667,662.4241447825221,1421.0
scanId=145041,2.417216666667,662.4389663617757,1404.0
scanId=145041,2.417216666667,662.4537882241445,1500.0
scanId=145041,2.417216666667,662.4686101350421,1503.0
scanId=145041,2.417216666667,662.4834323290411,1416.0
scanId=145041,2.417216666667,662.4982545715828,1256.0
scanId=145041,2.417216666667,663.3285680839323,1278.0
scanId=145041,2.417216666667,663.3433998951962,1903.0
scanId=145041,2.417216666667,663.3582317554169,2346.0
scanId=145041,2.417216666667,663.3730638983108,2344.0
scanId=145041,2.417216666667,663.3878960901754,1987.0
scanId=145041,2.417216666667,663.4027285646991,1863.0
scanId=145041,2.417216666667,663.4175610882079,2119.0
scanId=145041,2.417216666667,663.4323938943616,2328.0
scanId=145041,2.417216666667,663.4472267495146,2403.0
scanId=145041,2.417216666667,663.4620598872979,2633.0
scanId=145041,2.417216666667,663.476893074095,3007.0
scanId=145041,2.417216666667,663.4917265435081,2999.0
scanId=145041,2.417216666667,663.5065600619494,2421.0
scanId=145041,2.417216666667,663.5213938629923,1667.0
scanId=145041,2.417216666667,663.5362277130777,1127.0
scanId=145041,2.417216666667,663.8626156515705,1293.0
scanId=145041,2.417216666667,663.8774534321715,1588.0
scanId=145041,2.417216666667,663.8922912619862,1340.0
scanId=145041,2.417216666667,664.2929769787421,1452.0
scanId=145041,2.417216666667,664.3078194515748,4653.0
scanId=145041,2.417216666667,664.3226622066234,10708.0
scanId=145041,2.417216666667,664.3375050111001,15793.0
scanId=145041,2.417216666667,664.3523480977785,16603.0
scanId=145041,2.417216666667,664.3671912338997,14208.0
scanId=145041,2.417216666667,664.382034652208,11192.0
scanId=145041,2.417216666667,664.3968781199729,8364.0
scanId=145041,2.417216666667,664.4117218699109,6214.0
scanId=145041,2.417216666667,664.4265656693202,4887.0
scanId=145041,2.417216666667,664.4414097508882,4094.0
scanId=145041,2.417216666667,664.4562538819415,3714.0
scanId=145041,2.417216666667,664.4710982951392,3269.0
scanId=145041,2.417216666667,664.4859427578368,2630.0
scanId=145041,2.417216666667,664.5007875026644,1885.0
scanId=145041,2.417216666667,664.515632297006,1326.0
scanId=145041,2.417216666667,664.8719585024081,1016.0
scanId=145041,2.417216666667,664.8868075584235,1181.0
scanId=145041,2.417216666667,664.9016566641392,1105.0
scanId=145041,2.417216666667,665.2877931245768,1086.0
scanId=145041,2.417216666667,665.3026468234099,2797.0
scanId=145041,2.417216666667,665.3175005721439,6666.0
scanId=145041,2.417216666667,665.332354602607,12739.0
scanId=145041,2.417216666667,665.347208682985,21703.0
scanId=145041,2.417216666667,665.3620630450778,29791.0
scanId=145041,2.417216666667,665.3769174571,31969.0
scanId=145041,2.417216666667,665.3917721508227,27344.0
scanId=145041,2.417216666667,665.406626894489,20581.0
scanId=145041,2.417216666667,665.4214819198415,14734.0
scanId=145041,2.417216666667,665.436336995152,10310.0
scanId=145041,2.417216666667,665.4511923521344,7213.0
scanId=145041,2.417216666667,665.4660477590891,5197.0
scanId=145041,2.417216666667,665.4809034477014,4132.0
scanId=145041,2.417216666667,665.4957591863002,3300.0
scanId=145041,2.417216666667,665.5106152065423,2384.0
scanId=145041,2.417216666667,665.5254712767854,1623.0
scanId=145041,2.417216666667,665.5403276286572,1133.0
scanId=145041,2.417216666667,665.8672080480062,1005.0
scanId=145041,2.417216666667,666.2982184385774,1079.0
scanId=145041,2.417216666667,666.3130834128249,1984.0
scanId=145041,2.417216666667,666.3279484374609,3949.0
scanId=145041,2.417216666667,666.3428137433384,7298.0
scanId=145041,2.417216666667,666.3576790996186,11347.0
scanId=145041,2.417216666667,666.3725447371258,14603.0
scanId=145041,2.417216666667,666.3874104250502,15101.0
scanId=145041,2.417216666667,666.4022763941873,12462.0
scanId=145041,2.417216666667,666.417142413756,8980.0
scanId=145041,2.417216666667,666.4320087145229,6430.0
scanId=145041,2.417216666667,666.4468750657358,4826.0
scanId=145041,2.417216666667,666.4617416981325,3563.0
scanId=145041,2.417216666667,666.4766083809894,2599.0
scanId=145041,2.417216666667,666.491475345016,1946.0
scanId=145041,2.417216666667,666.5063423595174,1431.0
scanId=145041,2.417216666667,666.5212096551738,1014.0
scanId=145041,2.417216666667,667.3242867470187,1413.0
scanId=145041,2.417216666667,667.3391630475578,2280.0
scanId=145041,2.417216666667,667.3540396288497,3456.0
scanId=145041,2.417216666667,667.3689162610332,4362.0
scanId=145041,2.417216666667,667.3837931739549,4443.0
scanId=145041,2.417216666667,667.3986701377825,3859.0
scanId=145041,2.417216666667,667.413547382334,2987.0
scanId=145041,2.417216666667,667.4284246778057,2328.0
scanId=145041,2.417216666667,667.4433022539871,1920.0
scanId=145041,2.417216666667,667.458179881103,1523.0
scanId=145041,2.417216666667,667.4730577889143,1153.0
scanId=145041,2.417216666667,668.3362568260235,1364.0
scanId=145041,2.417216666667,668.3511444024666,1667.0
scanId=145041,2.417216666667,668.3660322591729,1828.0
scanId=145041,2.417216666667,668.3809201672602,1763.0
scanId=145041,2.417216666667,668.3958083555964,1501.0
scanId=145041,2.417216666667,668.4106965953279,1344.0
scanId=145041,2.417216666667,668.4255851152939,1246.0
scanId=145041,2.417216666667,668.4404736866696,1061.0
scanId=145041,2.417216666667,669.3191963286757,1001.0
scanId=145041,2.417216666667,669.3340948493794,1413.0
scanId=145041,2.417216666667,669.3489936498704,1720.0
scanId=145041,2.417216666667,669.3638925022183,1955.0
scanId=145041,2.417216666667,669.3787916343391,1892.0
scanId=145041,2.417216666667,669.3936908183314,1675.0
scanId=145041,2.417216666667,669.4085902820821,1433.0
scanId=145041,2.417216666667,669.4234897977187,1154.0
scanId=145041,2.417216666667,670.3475871426855,1489.0
scanId=145041,2.417216666667,670.362497218591,1981.0
scanId=145041,2.417216666667,670.3774073468448,2152.0
scanId=145041,2.417216666667,670.3923177543801,2094.0
scanId=145041,2.417216666667,670.4072282142781,1837.0
scanId=145041,2.417216666667,670.4221389534431,1439.0
scanId=145041,2.417216666667,670.4370497449856,1183.0
scanId=145041,2.417216666667,670.4519608157806,1013.0
scanId=145041,2.417216666667,671.3618461808964,1250.0
scanId=145041,2.417216666667,671.3767675322161,1619.0
scanId=145041,2.417216666667,671.3916889363768,1731.0
scanId=145041,2.417216666667,671.4066106193264,1485.0
scanId=145041,2.417216666667,671.4215323551314,1088.0
scanId=145041,2.417216666667,672.376871964043,1013.0
scanId=145041,2.417216666667,672.3918045907772,1269.0
scanId=145041,2.417216666667,672.4067372708455,1333.0
scanId=145041,2.417216666667,672.4216702292096,1287.0
scanId=145041,2.417216666667,672.4366032409223,1135.0
scanId=145041,2.417216666667,673.3478340046164,1797.0
scanId=145041,2.417216666667,673.3627772973047,2353.0
scanId=145041,2.417216666667,673.3777208678235,2716.0
scanId=145041,2.417216666667,673.392664492156,3019.0
scanId=145041,2.417216666667,673.4076083943047,3197.0
scanId=145041,2.417216666667,673.4225523502815,2968.0
scanId=145041,2.417216666667,673.43749658406,2392.0
scanId=145041,2.417216666667,673.4524408716812,1788.0
scanId=145041,2.417216666667,673.4673854370895,1483.0
scanId=145041,2.417216666667,673.4823300563552,1280.0
scanId=145041,2.417216666667,673.4972749533933,1174.0
scanId=145041,2.417216666667,674.3494049361898,1395.0
scanId=145041,2.417216666667,674.3643594504932,1896.0
scanId=145041,2.417216666667,674.3793140190908,2244.0
scanId=145041,2.417216666667,674.3942688650241,2309.0
scanId=145041,2.417216666667,674.4092237652659,2151.0
scanId=145041,2.417216666667,674.424178942829,1844.0
scanId=145041,2.417216666667,674.4391341747153,1491.0
scanId=145041,2.417216666667,674.4540896839083,1129.0
scanId=145041,2.417216666667,675.3217896995073,1010.0
scanId=145041,2.417216666667,675.3367548807262,1288.0
scanId=145041,2.417216666667,675.3517203388142,1621.0
scanId=145041,2.417216666667,675.3666858516775,2176.0
scanId=145041,2.417216666667,675.3816516413955,2580.0
scanId=145041,2.417216666667,675.3966174859032,2576.0
scanId=145041,2.417216666667,675.411583607251,2438.0
scanId=145041,2.417216666667,675.4265497834034,2460.0
scanId=145041,2.417216666667,675.441516236381,2397.0
scanId=145041,2.417216666667,675.4564827441776,2044.0
scanId=145041,2.417216666667,675.471449528785,1654.0
scanId=145041,2.417216666667,675.486416368226,1257.0
scanId=145041,2.417216666667,676.3697567234467,1045.0
scanId=145041,2.417216666667,676.3847335122211,1134.0
scanId=145041,2.417216666667,676.3997105773535,1141.0
scanId=145041,2.417216666667,676.4146876977725,1106.0
scanId=145041,2.417216666667,676.4296650945347,1126.0
scanId=145041,2.417216666667,676.4446425465982,1189.0
scanId=145041,2.417216666667,676.4596202749901,1274.0
scanId=145041,2.417216666667,676.474598058698,1120.0
scanId=145041,2.417216666667,677.3286090325203,1201.0
scanId=145041,2.417216666667,677.3435964339178,1632.0
scanId=145041,2.417216666667,677.3585841112049,2036.0
scanId=145041,2.417216666667,677.373571844247,2187.0
scanId=145041,2.417216666667,677.3885598531639,2267.0
scanId=145041,2.417216666667,677.4035479178503,2329.0
scanId=145041,2.417216666667,677.4185362583971,2230.0
scanId=145041,2.417216666667,677.4335246547282,2235.0
scanId=145041,2.417216666667,677.4485133269047,2390.0
scanId=145041,2.417216666667,677.4635020548803,2726.0
scanId=145041,2.417216666667,677.4784910586869,2737.0
scanId=145041,2.417216666667,677.4934801183068,2271.0
scanId=145041,2.417216666667,677.5084694537431,1774.0
scanId=145041,2.417216666667,677.5234588450077,1414.0
scanId=145041,2.417216666667,677.5384485120737,1130.0
scanId=145041,2.417216666667,678.3331351836257,1071.0
scanId=145041,2.417216666667,678.3481338046973,1332.0
scanId=145041,2.417216666667,678.3631324820077,1670.0
scanId=145041,2.417216666667,678.3781314347093,1635.0
scanId=145041,2.417216666667,678.3931304436642,1565.0
scanId=145041,2.417216666667,678.4081297279956,1591.0
scanId=145041,2.417216666667,678.4231290685949,1512.0
scanId=145041,2.417216666667,678.4381286845563,1464.0
scanId=145041,2.417216666667,678.4531283568003,1556.0
scanId=145041,2.417216666667,678.4681283043914,1519.0
scanId=145041,2.417216666667,678.4831283082799,1363.0
scanId=145041,2.417216666667,678.4981285875008,1246.0
scanId=145041,2.417216666667,678.5131289230336,1084.0
scanId=145041,2.417216666667,679.3083869491597,1222.0
scanId=145041,2.417216666667,679.3233962390948,1832.0
scanId=145041,2.417216666667,679.3384058039511,2400.0
scanId=145041,2.417216666667,679.3534154255308,2702.0
scanId=145041,2.417216666667,679.3684253220168,2977.0
scanId=145041,2.417216666667,679.3834352752411,3301.0
scanId=145041,2.417216666667,679.3984455033572,3136.0
scanId=145041,2.417216666667,679.4134557882257,2811.0
scanId=145041,2.417216666667,679.4284663479716,2566.0
scanId=145041,2.417216666667,679.4434769644848,2376.0
scanId=145041,2.417216666667,679.4584878558604,2452.0
scanId=145041,2.417216666667,679.4734988040182,2550.0
scanId=145041,2.417216666667,679.4885100270236,2277.0
scanId=145041,2.417216666667,679.5035213068259,1757.0
scanId=145041,2.417216666667,679.5185328614613,1196.0
scanId=145041,2.417216666667,680.3143796003521,1013.0
scanId=145041,2.417216666667,680.329400108993,1701.0
scanId=145041,2.417216666667,680.3444206748428,2202.0
scanId=145041,2.417216666667,680.3594415151136,2455.0
scanId=145041,2.417216666667,680.3744624126077,2537.0
scanId=145041,2.417216666667,680.3894835845083,2567.0
scanId=145041,2.417216666667,680.404504813647,2476.0
scanId=145041,2.417216666667,680.4195263171774,2269.0
scanId=145041,2.417216666667,680.4345478779607,2005.0
scanId=145041,2.417216666667,680.4495697131209,1764.0
scanId=145041,2.417216666667,680.4645916055489,1644.0
scanId=145041,2.417216666667,680.4796137723389,1584.0
scanId=145041,2.417216666667,680.4946359964115,1471.0
scanId=145041,2.417216666667,680.5096584948315,1170.0
scanId=145041,2.417216666667,681.3211167198501,1099.0
scanId=145041,2.417216666667,681.3361482299705,1709.0
scanId=145041,2.417216666667,681.3511800140258,2325.0
scanId=145041,2.417216666667,681.3662118557908,2642.0
scanId=145041,2.417216666667,681.381243971476,2779.0
scanId=145041,2.417216666667,681.3962761448856,2820.0
scanId=145041,2.417216666667,681.4113085922006,2709.0
scanId=145041,2.417216666667,681.4263410972547,2398.0
scanId=145041,2.417216666667,681.4413738761996,1948.0
scanId=145041,2.417216666667,681.4564067128986,1710.0
scanId=145041,2.417216666667,681.4714398234732,1666.0
scanId=145041,2.417216666667,681.4864729918165,1504.0
scanId=145041,2.417216666667,681.501506434021,1236.0
scanId=145041,2.417216666667,682.3135556365485,1131.0
scanId=145041,2.417216666667,682.3285980909404,2014.0
scanId=145041,2.417216666667,682.3436408187804,2465.0
scanId=145041,2.417216666667,682.3586836048171,2476.0
scanId=145041,2.417216666667,682.3737266642868,2331.0
scanId=145041,2.417216666667,682.388769781968,2326.0
scanId=145041,2.417216666667,682.4038131730675,2507.0
scanId=145041,2.417216666667,682.4188566223936,2511.0
scanId=145041,2.417216666667,682.4339003451231,2188.0
scanId=145041,2.417216666667,682.4489441260936,1791.0
scanId=145041,2.417216666667,682.4639881804529,1553.0
scanId=145041,2.417216666667,682.4790322930679,1353.0
scanId=145041,2.417216666667,682.494076679057,1126.0
scanId=145041,2.417216666667,683.3217702577789,1520.0
scanId=145041,2.417216666667,683.3368239294035,2380.0
scanId=145041,2.417216666667,683.3518776597125,3811.0
scanId=145041,2.417216666667,683.366931662967,5416.0
scanId=145041,2.417216666667,683.3819857249207,5972.0
scanId=145041,2.417216666667,683.3970400598049,5195.0
scanId=145041,2.417216666667,683.4120944534034,4125.0
scanId=145041,2.417216666667,683.4271491199174,3125.0
scanId=145041,2.417216666667,683.4422038451604,2370.0
scanId=145041,2.417216666667,683.4572588433042,1837.0
scanId=145041,2.417216666667,683.4723139001918,1400.0
scanId=145041,2.417216666667,684.3608589675428,1482.0
scanId=145041,2.417216666667,684.3759239737697,1928.0
scanId=145041,2.417216666667,684.3909892524385,2092.0
scanId=145041,2.417216666667,684.4060545903102,1873.0
scanId=145041,2.417216666667,684.4211202006088,1569.0
scanId=145041,2.417216666667,684.436185870125,1379.0
scanId=145041,2.417216666667,684.4512518120534,1126.0
scanId=145041,2.417216666667,685.3555085780399,1409.0
scanId=145041,2.417216666667,685.3705845285409,1858.0
scanId=145041,2.417216666667,685.3856607509944,2830.0
scanId=145041,2.417216666667,685.40073703314,4835.0
scanId=145041,2.417216666667,685.4158135872233,7166.0
scanId=145041,2.417216666667,685.4308902010135,8540.0
scanId=145041,2.417216666667,685.4459670867269,7927.0
scanId=145041,2.417216666667,685.4610440321619,6192.0
scanId=145041,2.417216666667,685.4761212495049,4411.0
scanId=145041,2.417216666667,685.4911985265845,3046.0
scanId=145041,2.417216666667,685.5062760755573,2055.0
scanId=145041,2.417216666667,685.5213536842816,1376.0
scanId=145041,2.417216666667,686.2905343622806,1010.0
scanId=145041,2.417216666667,686.305620593767,2128.0
scanId=145041,2.417216666667,686.3207070967453,2891.0
scanId=145041,2.417216666667,686.3357936598763,2827.0
scanId=145041,2.417216666667,686.3508804944846,2379.0
scanId=145041,2.417216666667,686.3659673892604,1899.0
scanId=145041,2.417216666667,686.3810545554984,1674.0
scanId=145041,2.417216666667,686.396141781919,1990.0
scanId=145041,2.417216666667,686.411229279787,2873.0
scanId=145041,2.417216666667,686.426316837852,3862.0
scanId=145041,2.417216666667,686.4414046673497,4046.0
scanId=145041,2.417216666667,686.4564925570597,3269.0
scanId=145041,2.417216666667,686.4715807181873,2331.0
scanId=145041,2.417216666667,686.4866689395419,1647.0
scanId=145041,2.417216666667,686.5017574322992,1205.0
scanId=145041,2.417216666667,687.3167794311028,1438.0
scanId=145041,2.417216666667,687.3318769385094,2549.0
scanId=145041,2.417216666667,687.3469747169022,4019.0
scanId=145041,2.417216666667,687.3620725559538,4835.0
scanId=145041,2.417216666667,687.3771706659765,4547.0
scanId=145041,2.417216666667,687.3922688366724,3918.0
scanId=145041,2.417216666667,687.407367278325,3601.0
scanId=145041,2.417216666667,687.4224657806658,3590.0
scanId=145041,2.417216666667,687.437564553948,3401.0
scanId=145041,2.417216666667,687.4526633879335,2886.0
scanId=145041,2.417216666667,687.4677624928457,2336.0
scanId=145041,2.417216666667,687.4828616584759,1864.0
scanId=145041,2.417216666667,687.497961095018,1387.0
scanId=145041,2.417216666667,687.5130605922932,1032.0
scanId=145041,2.417216666667,688.3286825231411,1493.0
scanId=145041,2.417216666667,688.3437912453185,2184.0
scanId=145041,2.417216666667,688.3589000286462,3008.0
scanId=145041,2.417216666667,688.3740090824534,3413.0
scanId=145041,2.417216666667,688.389118197426,3049.0
scanId=145041,2.417216666667,688.4042275828631,2522.0
scanId=145041,2.417216666667,688.4193370294802,2161.0
scanId=145041,2.417216666667,688.4344467465471,1935.0
scanId=145041,2.417216666667,688.449556524809,1527.0
scanId=145041,2.417216666667,688.4646665735058,1085.0
scanId=145041,2.417216666667,689.3866898642046,1350.0
scanId=145041,2.417216666667,689.4018101934264,1422.0
scanId=145041,2.417216666667,689.4169305843208,1302.0
scanId=145041,2.417216666667,689.4320512451725,1057.0
scanId=145041,2.417216666667,690.3698528335065,1024.0
scanId=145041,2.417216666667,690.384983837034,1115.0
scanId=145041,2.417216666667,690.4001151100405,1239.0
scanId=145041,2.417216666667,690.4152464452127,1223.0
scanId=145041,2.417216666667,690.4303780498489,1084.0
scanId=145041,2.417216666667,691.3385746668101,1017.0
scanId=145041,2.417216666667,691.3537162829714,1594.0
scanId=145041,2.417216666667,691.3688581681326,2008.0
scanId=145041,2.417216666667,691.3840001159389,2028.0
scanId=145041,2.417216666667,691.3991423327298,1878.0
scanId=145041,2.417216666667,691.4142846121807,1477.0
scanId=145041,2.417216666667,691.4294271606014,1100.0
scanId=145041,2.417216666667,692.3685858088581,1276.0
scanId=145041,2.417216666667,692.3837387009437,1517.0
scanId=145041,2.417216666667,692.3988918615192,1562.0
scanId=145041,2.417216666667,692.4140450852495,1419.0
scanId=145041,2.417216666667,692.4291985774548,1303.0
scanId=145041,2.417216666667,692.4443521328301,1185.0
scanId=145041,2.417216666667,692.4595059566653,1041.0
scanId=145041,2.417216666667,693.3387084782565,1077.0
scanId=145041,2.417216666667,693.3538719829775,2007.0
scanId=145041,2.417216666667,693.3690357557077,2678.0
scanId=145041,2.417216666667,693.3841995920734,2922.0
scanId=145041,2.417216666667,693.3993636964335,2794.0
scanId=145041,2.417216666667,693.414527864444,2404.0
scanId=145041,2.417216666667,693.429692300434,2130.0
scanId=145041,2.417216666667,693.4448568000896,1978.0
scanId=145041,2.417216666667,693.4600215677094,1837.0
scanId=145041,2.417216666667,693.4751863990097,1720.0
scanId=145041,2.417216666667,693.4903514982593,1520.0
scanId=145041,2.417216666667,693.5055166612044,1158.0
scanId=145041,2.417216666667,694.3702080087057,1210.0
scanId=145041,2.417216666667,694.3853827893523,1120.0
scanId=145041,2.417216666667,694.4309083295632,1040.0
scanId=145041,2.417216666667,694.4460837734996,1195.0
scanId=145041,2.417216666667,694.461259484904,1182.0
scanId=145041,2.417216666667,694.4764352604852,1076.0
scanId=145041,2.417216666667,695.3417315142939,1310.0
scanId=145041,2.417216666667,695.3569169075771,1475.0
scanId=145041,2.417216666667,695.3721025678768,1408.0
scanId=145041,2.417216666667,695.387288292805,1430.0
scanId=145041,2.417216666667,695.4024742847344,1458.0
scanId=145041,2.417216666667,695.4176603413074,1429.0
scanId=145041,2.417216666667,695.4328466648666,1403.0
scanId=145041,2.417216666667,695.4480330530845,1563.0
scanId=145041,2.417216666667,695.4632197082735,1673.0
scanId=145041,2.417216666667,695.4784064281365,1464.0
scanId=145041,2.417216666667,695.4935934149553,1143.0
scanId=145041,2.417216666667,696.3443264915949,1334.0
scanId=145041,2.417216666667,696.3595228291605,1909.0
scanId=145041,2.417216666667,696.3747194332445,2226.0
scanId=145041,2.417216666667,696.3899161024551,2120.0
scanId=145041,2.417216666667,696.405113038169,1830.0
scanId=145041,2.417216666667,696.4203100390246,1735.0
scanId=145041,2.417216666667,696.4355073063683,1466.0
scanId=145041,2.417216666667,696.4507046388686,1235.0
scanId=145041,2.417216666667,696.4659022378422,1138.0
scanId=145041,2.417216666667,697.3476437751158,1325.0
scanId=145041,2.417216666667,697.3628510569644,1516.0
scanId=145041,2.417216666667,697.3780586048331,1552.0
scanId=145041,2.417216666667,697.3932662183267,1673.0
scanId=145041,2.417216666667,697.4084740978253,1685.0
scanId=145041,2.417216666667,697.4236820429638,1632.0
scanId=145041,2.417216666667,697.4388902540921,1640.0
scanId=145041,2.417216666667,697.4540985308756,1485.0
scanId=145041,2.417216666667,697.469307073634,1209.0
scanId=145041,2.417216666667,698.3516833648806,1112.0
scanId=145041,2.417216666667,698.3669015910131,1570.0
scanId=145041,2.417216666667,698.3821200826663,1550.0
scanId=145041,2.417216666667,698.3973386404438,1491.0
scanId=145041,2.417216666667,698.4125574637269,1585.0
scanId=145041,2.417216666667,698.4277763531494,1513.0
scanId=145041,2.417216666667,698.4429955080623,1451.0
scanId=145041,2.417216666667,698.4582147291297,1241.0
scanId=145041,2.417216666667,698.4734342156725,1060.0
scanId=145041,2.417216666667,699.3412161571049,1311.0
scanId=145041,2.417216666667,699.356445260913,1817.0
scanId=145041,2.417216666667,699.3716744313299,2334.0
scanId=145041,2.417216666667,699.3869038667677,3027.0
scanId=145041,2.417216666667,699.4021333688298,3818.0
scanId=145041,2.417216666667,699.4173631358975,4038.0
scanId=145041,2.417216666667,699.4325929696045,3638.0
scanId=145041,2.417216666667,699.447823068302,2775.0
scanId=145041,2.417216666667,699.4630532336538,1967.0
scanId=145041,2.417216666667,699.4782836639812,1340.0
scanId=145041,2.417216666667,700.3771695779384,1263.0
scanId=145041,2.417216666667,700.3924099571609,1730.0
scanId=145041,2.417216666667,700.407650403508,2126.0
scanId=145041,2.417216666667,700.4228911143604,2256.0
scanId=145041,2.417216666667,700.4381318923524,1942.0
scanId=145041,2.417216666667,700.4533729348346,1486.0
scanId=145041,2.417216666667,700.4686140444718,1052.0
scanId=145041,2.417216666667,701.3376342531535,1130.0
scanId=145041,2.417216666667,701.3528849804965,2123.0
scanId=145041,2.417216666667,701.3681359718738,3250.0
scanId=145041,2.417216666667,701.3833870308616,4462.0
scanId=145041,2.417216666667,701.3986383538688,5007.0
scanId=145041,2.417216666667,701.4138897445017,4435.0
scanId=145041,2.417216666667,701.4291413991386,3615.0
scanId=145041,2.417216666667,701.4443931214167,3028.0
scanId=145041,2.417216666667,701.4596451076835,2522.0
scanId=145041,2.417216666667,701.4748971616065,1950.0
scanId=145041,2.417216666667,701.4901494795031,1346.0
scanId=145041,2.417216666667,701.5054018650715,1009.0
scanId=145041,2.417216666667,702.3598028516866,1655.0
scanId=145041,2.417216666667,702.3750647868485,2701.0
scanId=145041,2.417216666667,702.390326790123,3625.0
scanId=145041,2.417216666667,702.4055890569148,3830.0
scanId=145041,2.417216666667,702.4208513918343,3407.0
scanId=145041,2.417216666667,702.4361139902558,2712.0
scanId=145041,2.417216666667,702.4513766568205,2171.0
scanId=145041,2.417216666667,702.466639586872,1839.0
scanId=145041,2.417216666667,702.4819025850817,1593.0
scanId=145041,2.417216666667,702.4971658467629,1296.0
scanId=145041,2.417216666667,702.5124291766177,1095.0
scanId=145041,2.417216666667,702.5276927699288,1120.0
scanId=145041,2.417216666667,702.5429564314286,1071.0
scanId=145041,2.417216666667,703.3216255817318,1086.0
scanId=145041,2.417216666667,703.3368978660035,1135.0
scanId=145041,2.417216666667,703.3521704133201,1301.0
scanId=145041,2.417216666667,703.3674430292369,1805.0
scanId=145041,2.417216666667,703.3827159081834,2200.0
scanId=145041,2.417216666667,703.3979888557451,2209.0
scanId=145041,2.417216666667,703.4132620663214,1891.0
scanId=145041,2.417216666667,703.4285353455283,1489.0
scanId=145041,2.417216666667,703.4438088877346,1252.0
scanId=145041,2.417216666667,703.4590824985867,1293.0
scanId=145041,2.417216666667,703.4743563724227,1306.0
scanId=145041,2.417216666667,703.4896303149196,1229.0
scanId=145041,2.417216666667,703.5049045203855,1046.0
scanId=145041,2.417216666667,704.3299552333046,1546.0
scanId=145041,2.417216666667,704.3452384618643,2460.0
scanId=145041,2.417216666667,704.3605219529654,3331.0
scanId=145041,2.417216666667,704.3758055131701,3810.0
scanId=145041,2.417216666667,704.3910893359013,3610.0
scanId=145041,2.417216666667,704.4063732277511,2948.0
scanId=145041,2.417216666667,704.421657382112,2293.0
scanId=145041,2.417216666667,704.4369416056069,1771.0
scanId=145041,2.417216666667,704.4522260915976,1428.0
scanId=145041,2.417216666667,704.4675106467377,1194.0
scanId=145041,2.417216666667,704.4827954643582,1030.0
scanId=145041,2.417216666667,705.3237130880257,1230.0
scanId=145041,2.417216666667,705.3390071912817,2045.0
scanId=145041,2.417216666667,705.3543013641298,3136.0
scanId=145041,2.417216666667,705.3695957990157,4530.0
scanId=145041,2.417216666667,705.3848903035091,6473.0
scanId=145041,2.417216666667,705.4001850700248,7994.0
scanId=145041,2.417216666667,705.4154799061632,8006.0
scanId=145041,2.417216666667,705.4307750043088,6535.0
scanId=145041,2.417216666667,705.4460701720922,4717.0
scanId=145041,2.417216666667,705.4613656018676,3282.0
scanId=145041,2.417216666667,705.4766611012963,2313.0
scanId=145041,2.417216666667,705.4919568627015,1702.0
scanId=145041,2.417216666667,705.5072526937753,1283.0
scanId=145041,2.417216666667,705.5225487868103,1034.0
scanId=145041,2.417216666667,706.3640865728229,1802.0
scanId=145041,2.417216666667,706.3793919514934,2942.0
scanId=145041,2.417216666667,706.3946974002758,3827.0
scanId=145041,2.417216666667,706.4100031105762,4205.0
scanId=145041,2.417216666667,706.425308891004,3871.0
scanId=145041,2.417216666667,706.4406149329341,3176.0
scanId=145041,2.417216666667,706.4559210450069,2686.0
scanId=145041,2.417216666667,706.4712274185669,2113.0
scanId=145041,2.417216666667,706.4865338622849,1558.0
scanId=145041,2.417216666667,706.5018405674747,1390.0
scanId=145041,2.417216666667,706.517147342838,1328.0
scanId=145041,2.417216666667,706.5324543796577,1127.0
scanId=145041,2.417216666667,707.3439620357128,1082.0
scanId=145041,2.417216666667,707.359278026538,1111.0
scanId=145041,2.417216666667,707.3745940879653,1295.0
scanId=145041,2.417216666667,707.3899104104204,1722.0
scanId=145041,2.417216666667,707.405226803493,2126.0
scanId=145041,2.417216666667,707.4205434575779,2192.0
scanId=145041,2.417216666667,707.4358601822955,1836.0
scanId=145041,2.417216666667,707.4511771680103,1583.0
scanId=145041,2.417216666667,707.4664942243732,1561.0
scanId=145041,2.417216666667,707.4818115417179,1642.0
scanId=145041,2.417216666667,707.4971289297259,1436.0
scanId=145041,2.417216666667,707.5124465787003,1090.0
scanId=145041,2.417216666667,708.3551699692516,1235.0
scanId=145041,2.417216666667,708.3704969038614,1677.0
scanId=145041,2.417216666667,708.3858239095795,1752.0
scanId=145041,2.417216666667,708.4011511758191,1695.0
scanId=145041,2.417216666667,708.4164785131824,1759.0
scanId=145041,2.417216666667,708.4318061110519,1655.0
scanId=145041,2.417216666667,708.4471337800601,1334.0
scanId=145041,2.417216666667,708.4624617095596,1167.0
scanId=145041,2.417216666667,708.4777897102132,1269.0
scanId=145041,2.417216666667,708.4931179713424,1322.0
scanId=145041,2.417216666667,708.5084463036412,1174.0
scanId=145041,2.417216666667,709.3517625909194,1324.0
scanId=145041,2.417216666667,709.3671002092835,1436.0
scanId=145041,2.417216666667,709.382438087678,1534.0
scanId=145041,2.417216666667,709.3977760376872,1777.0
scanId=145041,2.417216666667,709.4131142477114,1890.0
scanId=145041,2.417216666667,709.4284525293659,1792.0
scanId=145041,2.417216666667,709.4437910710203,1728.0
scanId=145041,2.417216666667,709.4591296843198,1742.0
scanId=145041,2.417216666667,709.4744685576038,1637.0
scanId=145041,2.417216666667,709.4898075025487,1490.0
scanId=145041,2.417216666667,709.5051467074625,1340.0
scanId=145041,2.417216666667,709.5204859840526,1062.0
scanId=145041,2.417216666667,710.37975275583,1129.0
scanId=145041,2.417216666667,710.3951015780091,1381.0
scanId=145041,2.417216666667,710.4104504723105,1308.0
scanId=145041,2.417216666667,710.4257996261193,1067.0
scanId=145041,2.417216666667,711.4084873748766,1054.0
scanId=145041,2.417216666667,711.4238472134705,1196.0
scanId=145041,2.417216666667,711.4392073110639,1115.0
scanId=145041,2.417216666667,713.375900453444,1331.0
scanId=145041,2.417216666667,713.3912815173344,1698.0
scanId=145041,2.417216666667,713.4066628392375,1886.0
scanId=145041,2.417216666667,713.4220442347731,1996.0
scanId=145041,2.417216666667,713.437425888306,2256.0
scanId=145041,2.417216666667,713.4528076154869,2312.0
scanId=145041,2.417216666667,713.4681896006496,2002.0
scanId=145041,2.417216666667,713.4835716594757,1419.0
scanId=145041,2.417216666667,714.3914093938902,1065.0
scanId=145041,2.417216666667,714.406801402075,1232.0
scanId=145041,2.417216666667,714.4221936677626,1292.0
scanId=145041,2.417216666667,714.4375860075927,1231.0
scanId=145041,2.417216666667,714.4529786049102,1163.0
scanId=145041,2.417216666667,714.4683712763857,1073.0
scanId=145041,2.417216666667,714.4837642053333,1019.0
scanId=145041,2.417216666667,715.3306280922945,1238.0
scanId=145041,2.417216666667,715.3460303068772,1588.0
scanId=145041,2.417216666667,715.3614325960665,1737.0
scanId=145041,2.417216666667,715.3768351422791,1833.0
scanId=145041,2.417216666667,715.3922377631137,1979.0
scanId=145041,2.417216666667,715.4076406409561,1853.0
scanId=145041,2.417216666667,715.4230435934361,1561.0
scanId=145041,2.417216666667,715.4384468029083,1511.0
scanId=145041,2.417216666667,715.4538500870337,1614.0
scanId=145041,2.417216666667,715.4692536281358,1601.0
scanId=145041,2.417216666667,715.4846572439064,1374.0
scanId=145041,2.417216666667,715.5000611166383,1037.0
scanId=145041,2.417216666667,716.378353317908,1107.0
scanId=145041,2.417216666667,716.3937668079052,1470.0
scanId=145041,2.417216666667,716.4091803730356,1540.0
scanId=145041,2.417216666667,716.4245941946626,1517.0
scanId=145041,2.417216666667,716.4400080914384,1620.0
scanId=145041,2.417216666667,716.4554222446952,1758.0
scanId=145041,2.417216666667,716.4708364731163,1710.0
scanId=145041,2.417216666667,716.4862509580029,1591.0
scanId=145041,2.417216666667,716.5016655180692,1287.0
scanId=145041,2.417216666667,717.3805721686289,1287.0
scanId=145041,2.417216666667,717.3959963464101,1514.0
scanId=145041,2.417216666667,717.4114207801921,1620.0
scanId=145041,2.417216666667,717.4268452896188,1714.0
scanId=145041,2.417216666667,717.4422700550303,1565.0
scanId=145041,2.417216666667,717.4576948961025,1281.0
scanId=145041,2.417216666667,717.4731199931439,1025.0
scanId=145041,2.417216666667,718.3680567231456,1159.0
scanId=145041,2.417216666667,718.3834915135784,1336.0
scanId=145041,2.417216666667,718.3989265595151,1481.0
scanId=145041,2.417216666667,718.4143616815935,1564.0
scanId=145041,2.417216666667,718.4297970591598,1475.0
scanId=145041,2.417216666667,718.4452325128834,1297.0
scanId=145041,2.417216666667,718.4606682220797,1033.0
scanId=145041,2.417216666667,719.356220471474,1061.0
scanId=145041,2.417216666667,719.3716658745593,1328.0
scanId=145041,2.417216666667,719.3871115326506,1617.0
scanId=145041,2.417216666667,719.4025572673809,1788.0
scanId=145041,2.417216666667,719.4180032571021,1880.0
scanId=145041,2.417216666667,719.4334493234779,1834.0
scanId=145041,2.417216666667,719.4488956448289,1502.0
scanId=145041,2.417216666667,719.4643420428501,1063.0
scanId=145041,2.417216666667,720.3605194293705,1102.0
scanId=145041,2.417216666667,720.3759756996164,1838.0
scanId=145041,2.417216666667,720.3914320469996,3419.0
scanId=145041,2.417216666667,720.4068886488755,4812.0
scanId=145041,2.417216666667,720.422345327904,5098.0
scanId=145041,2.417216666667,720.4378022614098,4452.0
scanId=145041,2.417216666667,720.4532592720839,3462.0
scanId=145041,2.417216666667,720.4687165372194,2521.0
scanId=145041,2.417216666667,720.4841738795388,1779.0
scanId=145041,2.417216666667,720.4996314763042,1345.0
scanId=145041,2.417216666667,720.515089150269,1109.0
scanId=145041,2.417216666667,721.3655190604312,1112.0
scanId=145041,2.417216666667,721.3809860204677,1804.0
scanId=145041,2.417216666667,721.3964532344984,2856.0
scanId=145041,2.417216666667,721.4119205261802,3629.0
scanId=145041,2.417216666667,721.4273880718407,3634.0
scanId=145041,2.417216666667,721.4428556951681,3102.0
scanId=145041,2.417216666667,721.4583235724584,2511.0
scanId=145041,2.417216666667,721.4737915274311,2040.0
scanId=145041,2.417216666667,721.4892597363513,1649.0
scanId=145041,2.417216666667,721.5047280229697,1254.0
scanId=145041,2.417216666667,722.3557416151128,1106.0
scanId=145041,2.417216666667,722.3712191878031,1637.0
scanId=145041,2.417216666667,722.3866970139886,2152.0
scanId=145041,2.417216666667,722.4021749183245,2564.0
scanId=145041,2.417216666667,722.4176530761397,2829.0
scanId=145041,2.417216666667,722.4331313121208,2638.0
scanId=145041,2.417216666667,722.448609801566,2075.0
scanId=145041,2.417216666667,722.4640883691927,1571.0
scanId=145041,2.417216666667,722.4795671902676,1521.0
scanId=145041,2.417216666667,722.4950460895399,2149.0
scanId=145041,2.417216666667,722.5105252422446,2970.0
scanId=145041,2.417216666667,722.5260044731622,3152.0
scanId=145041,2.417216666667,722.5414839574968,2677.0
scanId=145041,2.417216666667,722.5569635200599,1886.0
scanId=145041,2.417216666667,722.5724433360243,1279.0
scanId=145041,2.417216666667,723.3621315490242,1380.0
scanId=145041,2.417216666667,723.3776199873644,2471.0
scanId=145041,2.417216666667,723.3931085043546,3065.0
scanId=145041,2.417216666667,723.4085972743246,3270.0
scanId=145041,2.417216666667,723.4240861229603,3371.0
scanId=145041,2.417216666667,723.4395752245601,3037.0
scanId=145041,2.417216666667,723.4550644048412,2495.0
scanId=145041,2.417216666667,723.4705538380712,2206.0
scanId=145041,2.417216666667,723.4860433499978,2135.0
scanId=145041,2.417216666667,723.5015331148574,2142.0
scanId=145041,2.417216666667,723.5170229584294,2267.0
scanId=145041,2.417216666667,723.5325130549187,2011.0
scanId=145041,2.417216666667,723.5480032301363,1405.0
scanId=145041,2.417216666667,724.3537231041482,1009.0
scanId=145041,2.417216666667,724.3692221546431,1053.0
scanId=145041,2.417216666667,724.3847212842884,1360.0
scanId=145041,2.417216666667,724.4002206664132,1754.0
scanId=145041,2.417216666667,724.4157201277039,1969.0
scanId=145041,2.417216666667,724.4312198414585,1876.0
scanId=145041,2.417216666667,724.4467196343946,1534.0
scanId=145041,2.417216666667,724.4622196797793,1221.0
scanId=145041,2.417216666667,724.477719804361,1037.0
scanId=145041,2.417216666667,725.3770132581435,1032.0
scanId=145041,2.417216666667,725.3925232524231,1228.0
scanId=145041,2.417216666667,725.4080333263694,1367.0
scanId=145041,2.417216666667,725.4235436522788,1234.0
scanId=145041,2.417216666667,725.4390540578707,1106.0
scanId=145041,2.417216666667,726.3389437961763,1015.0
scanId=145041,2.417216666667,726.3544640709808,1516.0
scanId=145041,2.417216666667,726.3699844259377,1627.0
scanId=145041,2.417216666667,726.385505032372,1398.0
scanId=145041,2.417216666667,726.4010257189743,1306.0
scanId=145041,2.417216666667,726.4165466570386,1194.0
scanId=145041,2.417216666667,726.4631102948739,1037.0
scanId=145041,2.417216666667,727.3636347876879,1027.0
scanId=145041,2.417216666667,727.379166006277,1712.0
scanId=145041,2.417216666667,727.394697305536,2147.0
scanId=145041,2.417216666667,727.4102288557551,2254.0
scanId=145041,2.417216666667,727.4257604866597,2195.0
scanId=145041,2.417216666667,727.4412923685085,1949.0
scanId=145041,2.417216666667,727.4568243310586,1584.0
scanId=145041,2.417216666667,727.4723565445371,1227.0
scanId=145041,2.417216666667,728.3890480860716,1608.0
scanId=145041,2.417216666667,728.4045902484455,1845.0
scanId=145041,2.417216666667,728.4201324920073,1801.0
scanId=145041,2.417216666667,728.4356749860108,1494.0
scanId=145041,2.417216666667,728.4512175612181,1084.0
scanId=145041,2.417216666667,729.3685255360243,1252.0
scanId=145041,2.417216666667,729.3840780605985,1368.0
scanId=145041,2.417216666667,729.399630835127,1252.0
scanId=145041,2.417216666667,729.4151836913464,1310.0
scanId=145041,2.417216666667,729.4307367975048,1427.0
scanId=145041,2.417216666667,729.4462899853697,1269.0
scanId=145041,2.417216666667,731.345028174593,1012.0
scanId=145041,2.417216666667,731.3606018418013,1440.0
scanId=145041,2.417216666667,731.3761755916922,1727.0
scanId=145041,2.417216666667,731.3917495905303,1915.0
scanId=145041,2.417216666667,731.4073236720667,2090.0
scanId=145041,2.417216666667,731.4228980025346,2205.0
scanId=145041,2.417216666667,731.4384724157165,2134.0
scanId=145041,2.417216666667,731.4540470778143,1949.0
scanId=145041,2.417216666667,731.4696218226419,1704.0
scanId=145041,2.417216666667,731.4851968163695,1356.0
scanId=145041,2.417216666667,731.5007718928427,1065.0
scanId=145041,2.417216666667,732.3888277592856,1089.0
scanId=145041,2.417216666667,732.4044124534813,1339.0
scanId=145041,2.417216666667,732.419997396104,1573.0
scanId=145041,2.417216666667,732.4355824219452,1596.0
scanId=145041,2.417216666667,732.4511676961978,1444.0
scanId=145041,2.417216666667,732.4667530536847,1099.0
scanId=145041,2.417216666667,733.3709898989512,1244.0
scanId=145041,2.417216666667,733.3865851220987,1397.0
scanId=145041,2.417216666667,733.4021804289542,1253.0
scanId=145041,2.417216666667,733.4177759837316,1077.0
scanId=145041,2.417216666667,734.385021678986,1151.0
scanId=145041,2.417216666667,734.400627598502,1663.0
scanId=145041,2.417216666667,734.4162337654341,1783.0
scanId=145041,2.417216666667,734.4318400165955,1542.0
scanId=145041,2.417216666667,734.4474465151575,1247.0
scanId=145041,2.417216666667,734.4630530979647,1042.0
scanId=145041,2.417216666667,735.3841374299636,1296.0
scanId=145041,2.417216666667,735.3997539621404,1454.0
scanId=145041,2.417216666667,735.4153707412272,1582.0
scanId=145041,2.417216666667,735.4309876050497,1579.0
scanId=145041,2.417216666667,735.4466047157664,1451.0
scanId=145041,2.417216666667,735.4622219112345,1096.0
scanId=145041,2.417216666667,736.368305315436,1028.0
scanId=145041,2.417216666667,736.3839323750478,1698.0
scanId=145041,2.417216666667,736.3995595198859,2179.0
scanId=145041,2.417216666667,736.4151869111275,2272.0
scanId=145041,2.417216666667,736.4308143876111,2004.0
scanId=145041,2.417216666667,736.4464421104826,1644.0
scanId=145041,2.417216666667,736.4620699186121,1532.0
scanId=145041,2.417216666667,736.4776979731134,1694.0
scanId=145041,2.417216666667,736.4933261128886,2389.0
scanId=145041,2.417216666667,736.5089544990198,4294.0
scanId=145041,2.417216666667,736.5245829704405,6733.0
scanId=145041,2.417216666667,736.5402116882015,7856.0
scanId=145041,2.417216666667,736.5558404912679,6824.0
scanId=145041,2.417216666667,736.5714695406587,5082.0
scanId=145041,2.417216666667,736.5870986753708,3633.0
scanId=145041,2.417216666667,736.6027280563915,2596.0
scanId=145041,2.417216666667,736.6183575227492,1818.0
scanId=145041,2.417216666667,736.6339872353998,1272.0
scanId=145041,2.417216666667,737.3687688424877,1062.0
scanId=145041,2.417216666667,737.3844065142544,1573.0
scanId=145041,2.417216666667,737.400044271754,1928.0
scanId=145041,2.417216666667,737.4156822751505,1957.0
scanId=145041,2.417216666667,737.431320364296,1909.0
scanId=145041,2.417216666667,737.4469586993223,1956.0
scanId=145041,2.417216666667,737.4625971201135,1911.0
scanId=145041,2.417216666667,737.4782357867698,1942.0
scanId=145041,2.417216666667,737.4938745392067,2230.0
scanId=145041,2.417216666667,737.5095135374927,2916.0
scanId=145041,2.417216666667,737.5251526215752,3999.0
scanId=145041,2.417216666667,737.540791951491,4793.0
scanId=145041,2.417216666667,737.5564313672193,4412.0
scanId=145041,2.417216666667,737.5720710287649,3398.0
scanId=145041,2.417216666667,737.5877107761388,2574.0
scanId=145041,2.417216666667,737.6033507693143,1903.0
scanId=145041,2.417216666667,737.618990848334,1352.0
scanId=145041,2.417216666667,738.4168568333123,1068.0
scanId=145041,2.417216666667,738.4325055351201,1187.0
scanId=145041,2.417216666667,738.4481544823011,1118.0
scanId=145041,2.417216666667,738.495102159665,1156.0
scanId=145041,2.417216666667,738.5107517701057,1608.0
scanId=145041,2.417216666667,738.5264014668505,2039.0
scanId=145041,2.417216666667,738.5420514089211,1970.0
scanId=145041,2.417216666667,738.5577014373118,1617.0
scanId=145041,2.417216666667,738.5733517110122,1244.0
scanId=145041,2.417216666667,739.356074827842,1016.0
scanId=145041,2.417216666667,739.3717334790211,1439.0
scanId=145041,2.417216666667,739.3873923750973,1871.0
scanId=145041,2.417216666667,739.4030513579222,2205.0
scanId=145041,2.417216666667,739.4187105856282,2395.0
scanId=145041,2.417216666667,739.4343699000988,2479.0
scanId=145041,2.417216666667,739.4500294594346,2435.0
scanId=145041,2.417216666667,739.4656891055512,2064.0
scanId=145041,2.417216666667,739.4813489965169,1640.0
scanId=145041,2.417216666667,739.497008974279,1416.0
scanId=145041,2.417216666667,739.5126691968744,1371.0
scanId=145041,2.417216666667,739.5283295062821,1200.0
scanId=145041,2.417216666667,740.421243532114,1133.0
scanId=145041,2.417216666667,740.4369134592478,1136.0
scanId=145041,2.417216666667,740.4525836307384,1078.0
scanId=145041,2.417216666667,741.3460552269696,1000.0
scanId=145041,2.417216666667,741.3617350157255,1406.0
scanId=145041,2.417216666667,741.3774148922317,1836.0
scanId=145041,2.417216666667,741.3930950126174,2482.0
scanId=145041,2.417216666667,741.4087752207693,3213.0
scanId=145041,2.417216666667,741.4244556727848,3282.0
scanId=145041,2.417216666667,741.4401362125824,2862.0
scanId=145041,2.417216666667,741.455816996228,2377.0
scanId=145041,2.417216666667,741.4714978676715,1915.0
scanId=145041,2.417216666667,741.4871789829467,1565.0
scanId=145041,2.417216666667,741.5028601860358,1209.0
scanId=145041,2.417216666667,742.3655839009588,1059.0
scanId=145041,2.417216666667,742.3812743901292,1625.0
scanId=145041,2.417216666667,742.3969651226697,2081.0
scanId=145041,2.417216666667,742.4126559434858,2557.0
scanId=145041,2.417216666667,742.428347007656,2692.0
scanId=145041,2.417216666667,742.444038160118,2204.0
scanId=145041,2.417216666667,742.4597295559183,1607.0
scanId=145041,2.417216666667,742.4754210400259,1284.0
scanId=145041,2.417216666667,742.4911127674559,1174.0
scanId=145041,2.417216666667,742.5068045832094,1076.0
scanId=145041,2.417216666667,743.3701119804066,1061.0
scanId=145041,2.417216666667,743.3858130822416,1496.0
scanId=145041,2.417216666667,743.4015144269368,2206.0
scanId=145041,2.417216666667,743.4172158604176,2391.0
scanId=145041,2.417216666667,743.4329175367427,2004.0
scanId=145041,2.417216666667,743.4486193018695,1557.0
scanId=145041,2.417216666667,743.4643213098244,1254.0
scanId=145041,2.417216666667,743.4800234065968,1061.0
scanId=145041,2.417216666667,744.3753192540837,1055.0
scanId=145041,2.417216666667,744.3910309685839,1210.0
scanId=145041,2.417216666667,744.406742925434,1283.0
scanId=145041,2.417216666667,744.42245497158,1246.0
scanId=145041,2.417216666667,744.4381672600598,1144.0
scanId=145041,2.417216666667,744.4538796378517,1065.0
scanId=145041,2.417216666667,744.4695922579614,1095.0
scanId=145041,2.417216666667,744.485304967399,1043.0
scanId=145041,2.417216666667,744.5010179191386,1001.0
scanId=145041,2.417216666667,745.318317919491,1043.0
scanId=145041,2.417216666667,745.3340395833653,1069.0
scanId=145041,2.417216666667,745.3497614891104,1042.0
scanId=145041,2.417216666667,745.3654834846303,1149.0
scanId=145041,2.417216666667,745.3812057220052,1667.0
scanId=145041,2.417216666667,745.396928049171,2417.0
scanId=145041,2.417216666667,745.4126506181758,2935.0
scanId=145041,2.417216666667,745.4283732769875,3003.0
scanId=145041,2.417216666667,745.444096177622,2828.0
scanId=145041,2.417216666667,745.4598191680795,2676.0
scanId=145041,2.417216666667,745.475542400344,2551.0
scanId=145041,2.417216666667,745.4912657224472,2069.0
scanId=145041,2.417216666667,745.5069892863415,1476.0
scanId=145041,2.417216666667,745.5227129400905,1055.0
scanId=145041,2.417216666667,746.4192375051771,1143.0
scanId=145041,2.417216666667,746.4349707766547,1318.0
scanId=145041,2.417216666667,746.4507042894443,1427.0
scanId=145041,2.417216666667,746.4664378925677,1370.0
scanId=145041,2.417216666667,746.482171736987,1198.0
scanId=145041,2.417216666667,746.4979056717563,1160.0
scanId=145041,2.417216666667,746.5136398478053,1162.0
scanId=145041,2.417216666667,746.5293741142204,1237.0
scanId=145041,2.417216666667,746.5451086218993,1167.0
scanId=145041,2.417216666667,746.5608432199604,1037.0
scanId=145041,2.417216666667,747.3635295581025,1321.0
scanId=145041,2.417216666667,747.379272778955,1881.0
scanId=145041,2.417216666667,747.3950162406395,2201.0
scanId=145041,2.417216666667,747.4107597931378,2413.0
scanId=145041,2.417216666667,747.4265035864521,2247.0
scanId=145041,2.417216666667,747.4422474705964,1930.0
scanId=145041,2.417216666667,747.4579915955406,1650.0
scanId=145041,2.417216666667,747.4737358113308,1315.0
scanId=145041,2.417216666667,747.4894802679047,1025.0
scanId=145041,2.417216666667,748.387186217542,1251.0
scanId=145041,2.417216666667,748.4029402913812,1527.0
scanId=145041,2.417216666667,748.4186944565466,1543.0
scanId=145041,2.417216666667,748.4344488620156,1383.0
scanId=145041,2.417216666667,748.450203358827,1178.0
scanId=145041,2.417216666667,748.4659580959259,1062.0
scanId=145041,2.417216666667,749.3642500498801,1000.0
scanId=145041,2.417216666667,749.3800144042442,1697.0
scanId=145041,2.417216666667,749.3957788504312,2293.0
scanId=145041,2.417216666667,749.4115435364251,2987.0
scanId=145041,2.417216666667,749.4273083142577,3483.0
scanId=145041,2.417216666667,749.4430733318816,3397.0
scanId=145041,2.417216666667,749.4588384413604,3020.0
scanId=145041,2.417216666667,749.4746037906141,2505.0
scanId=145041,2.417216666667,749.4903692317386,2097.0
scanId=145041,2.417216666667,749.506134912622,1844.0
scanId=145041,2.417216666667,749.5219006853924,1619.0
scanId=145041,2.417216666667,749.5376666979057,1271.0
scanId=145041,2.417216666667,750.4050506776365,1075.0
scanId=145041,2.417216666667,750.4208259757852,1356.0
scanId=145041,2.417216666667,750.4366013662857,1731.0
scanId=145041,2.417216666667,750.4523769960645,1869.0
scanId=145041,2.417216666667,750.468152718211,1554.0
scanId=145041,2.417216666667,750.4839286796195,1174.0
scanId=145041,2.417216666667,751.3834304489753,1013.0
scanId=145041,2.417216666667,751.399216027649,1231.0
scanId=145041,2.417216666667,751.415001699172,1211.0
scanId=145041,2.417216666667,751.4307876094755,1080.0
scanId=145041,2.417216666667,751.5097194294164,1012.0
scanId=145041,2.417216666667,752.3782434874857,1020.0
scanId=145041,2.417216666667,752.3940394400315,1334.0
scanId=145041,2.417216666667,752.40983563086,1626.0
scanId=145041,2.417216666667,752.4256319150516,1600.0
scanId=145041,2.417216666667,752.4414284375098,1397.0
scanId=145041,2.417216666667,752.4572250533475,1164.0
scanId=145041,2.417216666667,753.38952106023,1279.0
scanId=145041,2.417216666667,753.4053276254449,1299.0
scanId=145041,2.417216666667,753.4211344284281,1311.0
scanId=145041,2.417216666667,753.4369413252889,1248.0
scanId=145041,2.417216666667,753.452748459902,1400.0
scanId=145041,2.417216666667,753.4685556884089,1681.0
scanId=145041,2.417216666667,753.4843631546518,1689.0
scanId=145041,2.417216666667,753.5001707148044,1458.0
scanId=145041,2.417216666667,753.5159785126772,1177.0
scanId=145041,2.417216666667,754.4172950052293,1098.0
scanId=145041,2.417216666667,754.4331124203673,1127.0
scanId=145041,2.417216666667,754.4489299298976,1050.0
scanId=145041,2.417216666667,755.3666312702394,1110.0
scanId=145041,2.417216666667,755.3824586342726,1182.0
scanId=145041,2.417216666667,755.3982860931808,1436.0
scanId=145041,2.417216666667,755.4141137888438,1698.0
scanId=145041,2.417216666667,755.429941579398,1600.0
scanId=145041,2.417216666667,755.4457696066909,1342.0
scanId=145041,2.417216666667,755.4615977288911,1093.0
scanId=145041,2.417216666667,756.3799145891555,1101.0
scanId=145041,2.417216666667,756.3957525653434,1180.0
scanId=145041,2.417216666667,756.4115906369221,1216.0
scanId=145041,2.417216666667,756.4274289447399,1233.0
scanId=145041,2.417216666667,756.4432673479645,1129.0
scanId=145041,2.417216666667,756.459105987412,1116.0
scanId=145041,2.417216666667,756.4749447222829,1104.0
scanId=145041,2.417216666667,757.3780287498782,1113.0
scanId=145041,2.417216666667,757.3938771024817,1295.0
scanId=145041,2.417216666667,757.4097256908244,1659.0
scanId=145041,2.417216666667,757.4255743750738,1851.0
scanId=145041,2.417216666667,757.4414232950463,1810.0
scanId=145041,2.417216666667,757.4572723109417,1568.0
scanId=145041,2.417216666667,757.4731215625441,1303.0
scanId=145041,2.417216666667,757.4889709100856,1041.0
scanId=145041,2.417216666667,758.3926598449563,1079.0
scanId=145041,2.417216666667,758.4085188102309,1268.0
scanId=145041,2.417216666667,758.4243780107283,1138.0
scanId=145041,2.417216666667,758.440237307649,1144.0
scanId=145041,2.417216666667,758.4560968397763,1223.0
scanId=145041,2.417216666667,758.4719564683428,1110.0
scanId=145041,2.417216666667,759.3762314071473,1193.0
scanId=145041,2.417216666667,759.3921006534475,1375.0
scanId=145041,2.417216666667,759.4079701344699,1563.0
scanId=145041,2.417216666667,759.4238397124161,1663.0
scanId=145041,2.417216666667,759.4397095250682,1632.0
scanId=145041,2.417216666667,759.4555794346604,1484.0
scanId=145041,2.417216666667,759.4714495789425,1199.0
scanId=145041,2.417216666667,760.4080795252547,1024.0
scanId=145041,2.417216666667,760.4239596184318,1260.0
scanId=145041,2.417216666667,760.43983980905,1247.0
scanId=145041,2.417216666667,760.4557202338568,1096.0
scanId=145041,2.417216666667,761.3770666061779,1224.0
scanId=145041,2.417216666667,761.3929567461763,1458.0
scanId=145041,2.417216666667,761.4088471198784,1414.0
scanId=145041,2.417216666667,761.4247375915228,1290.0
scanId=145041,2.417216666667,761.4406282968546,1320.0
scanId=145041,2.417216666667,761.4565191001451,1419.0
scanId=145041,2.417216666667,761.4724101371069,1529.0
scanId=145041,2.417216666667,761.4883012720434,1343.0
scanId=145041,2.417216666667,761.5041926406349,1003.0
scanId=145041,2.417216666667,762.4102727820904,1202.0
scanId=145041,2.417216666667,762.4261737679471,1348.0
scanId=145041,2.417216666667,762.4420748522643,1225.0
scanId=145041,2.417216666667,763.3805343470657,1282.0
scanId=145041,2.417216666667,763.3964453807638,1726.0
scanId=145041,2.417216666667,763.4123566471455,2147.0
scanId=145041,2.417216666667,763.4282680124898,2605.0
scanId=145041,2.417216666667,763.4441796105014,2904.0
scanId=145041,2.417216666667,763.4600913074917,2813.0
scanId=145041,2.417216666667,763.4760032371331,2262.0
scanId=145041,2.417216666667,763.4919152657694,1602.0
scanId=145041,2.417216666667,763.5078275270406,1140.0
scanId=145041,2.417216666667,764.3991769344611,1054.0
scanId=145041,2.417216666667,764.4150985808328,1409.0
scanId=145041,2.417216666667,764.4310204593693,1717.0
scanId=145041,2.417216666667,764.446942437387,1925.0
scanId=145041,2.417216666667,764.4628646475533,1757.0
scanId=145041,2.417216666667,764.4787869572172,1427.0
scanId=145041,2.417216666667,764.4947094990133,1402.0
scanId=145041,2.417216666667,764.5106321403231,3126.0
scanId=145041,2.417216666667,764.5265550137491,7956.0
scanId=145041,2.417216666667,764.5424779867049,15429.0
scanId=145041,2.417216666667,764.5584011917609,22130.0
scanId=145041,2.417216666667,764.5743244963628,23219.0
scanId=145041,2.417216666667,764.5902480330485,18768.0
scanId=145041,2.417216666667,764.6061716692965,13246.0
scanId=145041,2.417216666667,764.622095537612,9037.0
scanId=145041,2.417216666667,764.6380195055061,6137.0
scanId=145041,2.417216666667,764.6539437054514,3997.0
scanId=145041,2.417216666667,764.6698680049915,2606.0
scanId=145041,2.417216666667,764.6857925365667,1743.0
scanId=145041,2.417216666667,764.7017171677529,1145.0
scanId=145041,2.417216666667,765.3707028024729,1161.0
scanId=145041,2.417216666667,765.3866346299045,1238.0
scanId=145041,2.417216666667,765.4025665573041,1261.0
scanId=145041,2.417216666667,765.4184987163655,1430.0
scanId=145041,2.417216666667,765.434430975411,1562.0
scanId=145041,2.417216666667,765.4503634661023,1724.0
scanId=145041,2.417216666667,765.4662960567938,2011.0
scanId=145041,2.417216666667,765.4822288791149,2164.0
scanId=145041,2.417216666667,765.4981618014525,2217.0
scanId=145041,2.417216666667,765.5140949554035,2671.0
scanId=145041,2.417216666667,765.5300282093872,4744.0
scanId=145041,2.417216666667,765.5459616949679,8536.0
scanId=145041,2.417216666667,765.5618952805979,11740.0
scanId=145041,2.417216666667,765.5778290978085,11986.0
scanId=145041,2.417216666667,765.5937630150844,9825.0
scanId=145041,2.417216666667,765.6096971639248,7109.0
scanId=145041,2.417216666667,765.6256314128467,4816.0
scanId=145041,2.417216666667,765.641565893317,3250.0
scanId=145041,2.417216666667,765.6575004738849,2201.0
scanId=145041,2.417216666667,765.673435285985,1511.0
scanId=145041,2.417216666667,765.689370198199,1069.0
scanId=145041,2.417216666667,766.3747297334871,1010.0
scanId=145041,2.417216666667,766.3906719419147,1221.0
scanId=145041,2.417216666667,766.4066143815012,1355.0
scanId=145041,2.417216666667,766.4225569215748,1431.0
scanId=145041,2.417216666667,766.438499692791,1503.0
scanId=145041,2.417216666667,766.4544425645106,1418.0
scanId=145041,2.417216666667,766.4703856673566,1381.0
scanId=145041,2.417216666667,766.4863288707224,1295.0
scanId=145041,2.417216666667,766.5022723051983,1347.0
scanId=145041,2.417216666667,766.5182158402102,1549.0
scanId=145041,2.417216666667,766.5341596063159,2080.0
scanId=145041,2.417216666667,766.5501034729738,2825.0
scanId=145041,2.417216666667,766.5660475707093,3536.0
scanId=145041,2.417216666667,766.5819917690136,3635.0
scanId=145041,2.417216666667,766.5979361983789,3154.0
scanId=145041,2.417216666667,766.613880728329,2446.0
scanId=145041,2.417216666667,766.6298254893242,1762.0
scanId=145041,2.417216666667,766.6457703509204,1208.0
scanId=145041,2.417216666667,767.3475098567379,1033.0
scanId=145041,2.417216666667,767.3634622452194,1249.0
scanId=145041,2.417216666667,767.3794147346754,1382.0
scanId=145041,2.417216666667,767.3953674547867,1594.0
scanId=145041,2.417216666667,767.4113202758888,1764.0
scanId=145041,2.417216666667,767.42727332763,1834.0
scanId=145041,2.417216666667,767.4432264803783,1960.0
scanId=145041,2.417216666667,767.4591798637492,1974.0
scanId=145041,2.417216666667,767.4751333481435,1865.0
scanId=145041,2.417216666667,767.4910870631443,1722.0
scanId=145041,2.417216666667,767.5070408791846,1710.0
scanId=145041,2.417216666667,767.5229949258153,1629.0
scanId=145041,2.417216666667,767.5389490735017,1488.0
scanId=145041,2.417216666667,767.5549034517621,1254.0
scanId=145041,2.417216666667,767.5708579310947,1117.0
scanId=145041,2.417216666667,767.5868126409853,1034.0
scanId=145041,2.417216666667,768.41668437063,1044.0
scanId=145041,2.417216666667,768.4326478044073,1159.0
scanId=145041,2.417216666667,768.4486114683032,1252.0
scanId=145041,2.417216666667,768.4645752337262,1131.0
scanId=145041,2.417216666667,768.4805392292519,1025.0
scanId=145041,2.417216666667,769.4067328218018,1105.0
scanId=145041,2.417216666667,769.4227065366081,1485.0
scanId=145041,2.417216666667,769.4386804810289,1515.0
scanId=145041,2.417216666667,769.4546545274814,1330.0
scanId=145041,2.417216666667,769.470628803532,1184.0
scanId=145041,2.417216666667,769.4866031816304,1184.0
scanId=145041,2.417216666667,769.5025777893109,1103.0
scanId=145041,2.417216666667,771.3887419487017,1064.0
scanId=145041,2.417216666667,771.4047362255673,1478.0
scanId=145041,2.417216666667,771.4207307310379,1658.0
scanId=145041,2.417216666667,771.4367253395495,1724.0
scanId=145041,2.417216666667,771.45272017665,1708.0
scanId=145041,2.417216666667,771.4687151168079,1537.0
scanId=145041,2.417216666667,771.4847102855384,1313.0
scanId=145041,2.417216666667,771.5007055573423,1049.0
scanId=145041,2.417216666667,773.4213457844304,1087.0
scanId=145041,2.417216666667,773.4373611825808,1369.0
scanId=145041,2.417216666667,773.4533766847992,1417.0
scanId=145041,2.417216666667,773.4693924145794,1229.0
scanId=145041,2.417216666667,773.4854082484441,1008.0
scanId=145041,2.417216666667,774.4306377978758,1065.0
scanId=145041,2.417216666667,774.4466635811251,1016.0
scanId=145041,2.417216666667,775.376444501999,1041.0
scanId=145041,2.417216666667,775.3924801295693,1179.0
scanId=145041,2.417216666667,775.4085158622036,1289.0
scanId=145041,2.417216666667,775.4245518214037,1415.0
scanId=145041,2.417216666667,775.4405878856842,1477.0
scanId=145041,2.417216666667,775.4566241765143,1393.0
scanId=145041,2.417216666667,775.4726605724409,1318.0
scanId=145041,2.417216666667,775.4886971949009,1189.0
scanId=145041,2.417216666667,776.4030570134493,1004.0
scanId=145041,2.417216666667,776.4191032531745,1570.0
scanId=145041,2.417216666667,776.4351495984862,1975.0
scanId=145041,2.417216666667,776.4511961698412,2046.0
scanId=145041,2.417216666667,776.4672428467993,1833.0
scanId=145041,2.417216666667,776.4832897497841,1532.0
scanId=145041,2.417216666667,776.4993367583884,1255.0
scanId=145041,2.417216666667,776.5153839930031,1050.0
scanId=145041,2.417216666667,777.3821792782496,1065.0
scanId=145041,2.417216666667,777.398235572947,1732.0
scanId=145041,2.417216666667,777.4142920931973,2302.0
scanId=145041,2.417216666667,777.4303487195408,2683.0
scanId=145041,2.417216666667,777.4464055714208,2617.0
scanId=145041,2.417216666667,777.4624625294106,2141.0
scanId=145041,2.417216666667,777.4785197129204,1783.0
scanId=145041,2.417216666667,777.4945770025563,1373.0
scanId=145041,2.417216666667,777.510634517696,1050.0
scanId=145041,2.417216666667,777.5266921389781,1051.0
scanId=145041,2.417216666667,777.5427499857475,1333.0
scanId=145041,2.417216666667,777.558807938676,1529.0
scanId=145041,2.417216666667,777.5748661170752,1422.0
scanId=145041,2.417216666667,777.5909244016499,1308.0
scanId=145041,2.417216666667,777.606982911679,1231.0
scanId=145041,2.417216666667,777.6230415278998,1050.0
scanId=145041,2.417216666667,778.4101183414816,1112.0
scanId=145041,2.417216666667,778.4261852488572,1640.0
scanId=145041,2.417216666667,778.4422523812623,2048.0
scanId=145041,2.417216666667,778.4583196202841,2030.0
scanId=145041,2.417216666667,778.4743870843188,1714.0
scanId=145041,2.417216666667,778.4904546549869,1376.0
scanId=145041,2.417216666667,778.5065224506515,1204.0
scanId=145041,2.417216666667,778.5225903529657,1271.0
scanId=145041,2.417216666667,778.5386584802601,1266.0
scanId=145041,2.417216666667,778.5547267142206,1179.0
scanId=145041,2.417216666667,779.4226591864452,1243.0
scanId=145041,2.417216666667,779.438736599375,1485.0
scanId=145041,2.417216666667,779.4548141194291,1506.0
scanId=145041,2.417216666667,779.470891863989,1352.0
scanId=145041,2.417216666667,779.4869697156894,1154.0
scanId=145041,2.417216666667,779.5191259752255,1038.0
scanId=145041,2.417216666667,779.5352043830449,1141.0
scanId=145041,2.417216666667,779.5512828980377,1074.0
scanId=145041,2.417216666667,780.4358582257684,1049.0
scanId=145041,2.417216666667,780.4519460268552,1153.0
scanId=145041,2.417216666667,780.4680340519399,1048.0
scanId=145041,2.417216666667,780.5162990057669,1002.0
scanId=145041,2.417216666667,780.5323876941111,1254.0
scanId=145041,2.417216666667,780.5484764901366,1617.0
scanId=145041,2.417216666667,780.5645655101107,1844.0
scanId=145041,2.417216666667,780.5806546377825,1648.0
scanId=145041,2.417216666667,780.5967439893864,1317.0
scanId=145041,2.417216666667,781.4014215359982,1139.0
scanId=145041,2.417216666667,781.4175192864718,1518.0
scanId=145041,2.417216666667,781.4336172604515,1676.0
scanId=145041,2.417216666667,781.4497153425713,1679.0
scanId=145041,2.417216666667,781.4658136481808,1430.0
scanId=145041,2.417216666667,781.4819120619469,1205.0
scanId=145041,2.417216666667,781.4980106991862,1077.0
scanId=145041,2.417216666667,781.5141094445987,1133.0
scanId=145041,2.417216666667,781.5302084134679,1178.0
scanId=145041,2.417216666667,781.5463074905264,1169.0
scanId=145041,2.417216666667,781.5624067910254,1138.0
scanId=145041,2.417216666667,781.5785061997301,1015.0
scanId=145041,2.417216666667,782.4481220665864,1021.0
scanId=145041,2.417216666667,782.4642306527209,1064.0
scanId=145041,2.417216666667,783.4149290196932,1044.0
scanId=145041,2.417216666667,783.4310475547228,1048.0
scanId=145041,2.417216666667,783.5277620770888,1103.0
scanId=145041,2.417216666667,783.5438817162141,1028.0
scanId=145041,2.417216666667,784.3984614051997,1158.0
scanId=145041,2.417216666667,784.4145899987741,1387.0
scanId=145041,2.417216666667,784.4307188143285,1313.0
scanId=145041,2.417216666667,784.4468477395488,1129.0
scanId=145041,2.417216666667,784.4629768867331,1158.0
scanId=145041,2.417216666667,784.4791061435999,1208.0
scanId=145041,2.417216666667,784.495235622414,1038.0
scanId=145041,2.417216666667,785.3987495115715,1062.0
scanId=145041,2.417216666667,785.4148883861798,1340.0
scanId=145041,2.417216666667,785.4310274822593,1583.0
scanId=145041,2.417216666667,785.4471666885138,1593.0
scanId=145041,2.417216666667,785.4633061162231,1433.0
scanId=145041,2.417216666667,785.4794456541238,1296.0
scanId=145041,2.417216666667,785.4955854134628,1202.0
scanId=145041,2.417216666667,785.5117252830098,1036.0
scanId=145041,2.417216666667,787.4173973860005,1202.0
scanId=145041,2.417216666667,787.4335570431298,1393.0
scanId=145041,2.417216666667,787.4497168114534,1485.0
scanId=145041,2.417216666667,787.4658768002124,1459.0
scanId=145041,2.417216666667,787.4820369001823,1245.0
scanId=145041,2.417216666667,788.4357779360865,1005.0
scanId=145041,2.417216666667,789.4062760204754,1085.0
scanId=145041,2.417216666667,789.4224560192226,1825.0
scanId=145041,2.417216666667,789.4386362374017,2368.0
scanId=145041,2.417216666667,789.4548165677953,2321.0
scanId=145041,2.417216666667,789.4709971176043,2008.0
scanId=145041,2.417216666667,789.487177779644,1710.0
scanId=145041,2.417216666667,789.5033586610828,1356.0
scanId=145041,2.417216666667,789.5195396547689,1060.0
scanId=145041,2.417216666667,791.4138637250926,1076.0
scanId=145041,2.417216666667,791.4300642859109,1303.0
scanId=145041,2.417216666667,791.44626506514,1369.0
scanId=145041,2.417216666667,791.4624659576046,1271.0
scanId=145041,2.417216666667,791.4786670684634,1239.0
scanId=145041,2.417216666667,791.4948682925743,1227.0
scanId=145041,2.417216666667,791.511069735063,1139.0
scanId=145041,2.417216666667,791.5272712908202,1109.0
scanId=145041,2.417216666667,791.5434730649387,1216.0
scanId=145041,2.417216666667,791.5596749523422,1078.0
scanId=145041,2.417216666667,792.4024029618464,1083.0
scanId=145041,2.417216666667,792.4186136899705,1402.0
scanId=145041,2.417216666667,792.4348245318248,1595.0
scanId=145041,2.417216666667,792.451035591579,1510.0
scanId=145041,2.417216666667,792.4672467650794,1344.0
scanId=145041,2.417216666667,792.4834581564631,1112.0
scanId=145041,2.417216666667,793.4077800545895,1135.0
scanId=145041,2.417216666667,793.4240010632385,1290.0
scanId=145041,2.417216666667,793.4402221861288,1446.0
scanId=145041,2.417216666667,793.4564435264077,1563.0
scanId=145041,2.417216666667,793.4726649809445,1385.0
scanId=145041,2.417216666667,793.4888866528534,1171.0
scanId=145041,2.417216666667,793.5051084390363,1094.0
scanId=145041,2.417216666667,793.5213304425748,1146.0
scanId=145041,2.417216666667,793.5375525604042,1138.0
scanId=145041,2.417216666667,793.5537748955725,1087.0
scanId=145041,2.417216666667,795.4042051119588,1165.0
scanId=145041,2.417216666667,795.420446465276,1320.0
scanId=145041,2.417216666667,795.4366880349748,1457.0
scanId=145041,2.417216666667,795.4529297199382,1477.0
scanId=145041,2.417216666667,795.4691716212669,1304.0
scanId=145041,2.417216666667,795.4854136378766,1172.0
scanId=145041,2.417216666667,795.5016558708352,1234.0
scanId=145041,2.417216666667,795.5178982190913,1289.0
scanId=145041,2.417216666667,795.5341407836797,1213.0
scanId=145041,2.417216666667,796.4277357832343,1099.0
scanId=145041,2.417216666667,796.443987633458,1371.0
scanId=145041,2.417216666667,796.4602395994583,1323.0
scanId=145041,2.417216666667,796.476491781312,1165.0
scanId=145041,2.417216666667,796.4927440789587,1102.0
scanId=145041,2.417216666667,797.4356625096125,1063.0
scanId=145041,2.417216666667,797.4519246403612,1217.0
scanId=145041,2.417216666667,797.4681868873986,1270.0
scanId=145041,2.417216666667,797.4844493497772,1412.0
scanId=145041,2.417216666667,797.500711928461,1659.0
scanId=145041,2.417216666667,797.5169747224694,1626.0
scanId=145041,2.417216666667,797.5332376327995,1383.0
scanId=145041,2.417216666667,797.5495007584377,1069.0
scanId=145041,2.417216666667,799.4208633500222,1130.0
scanId=145041,2.417216666667,799.4371457101909,1326.0
scanId=145041,2.417216666667,799.4534281876568,1376.0
scanId=145041,2.417216666667,799.4697108794554,1310.0
scanId=145041,2.417216666667,799.4859936885678,1245.0
scanId=145041,2.417216666667,799.5022767119964,1166.0
scanId=145041,2.417216666667,799.5185598527551,1046.0
scanId=145041,2.417216666667,800.4469743808335,1237.0
scanId=145041,2.417216666667,800.4632671393373,1408.0
scanId=145041,2.417216666667,800.4795601116608,1184.0
scanId=145041,2.417216666667,801.4085322412211,1065.0
scanId=145041,2.417216666667,801.4248348308099,1273.0
scanId=145041,2.417216666667,801.4411375387053,1397.0
scanId=145041,2.417216666667,801.4574404599239,1492.0
scanId=145041,2.417216666667,801.4737434994656,1490.0
scanId=145041,2.417216666667,801.4900467523141,1513.0
scanId=145041,2.417216666667,801.5063501235022,1383.0
scanId=145041,2.417216666667,801.5226537079805,1208.0
scanId=145041,2.417216666667,801.5389574108151,1001.0
scanId=145041,2.417216666667,801.669393192829,1093.0
scanId=145041,2.417216666667,801.6856984354565,1002.0
scanId=145041,2.417216666667,802.4032922293906,1221.0
scanId=145041,2.417216666667,802.4196048866777,1515.0
scanId=145041,2.417216666667,802.4359177567916,1441.0
scanId=145041,2.417216666667,802.4522307457253,1293.0
scanId=145041,2.417216666667,802.4685439474688,1353.0
scanId=145041,2.417216666667,802.4848572680488,1404.0
scanId=145041,2.417216666667,802.5011708014222,1260.0
scanId=145041,2.417216666667,802.5174844536485,1033.0
scanId=145041,2.417216666667,803.4149920022697,1155.0
scanId=145041,2.417216666667,803.4313149405954,1226.0
scanId=145041,2.417216666667,803.447638091234,1300.0
scanId=145041,2.417216666667,803.463961361206,1418.0
scanId=145041,2.417216666667,803.4802848434747,1462.0
scanId=145041,2.417216666667,803.4966084450931,1668.0
scanId=145041,2.417216666667,803.5129322589914,1781.0
scanId=145041,2.417216666667,803.5292561922564,1602.0
scanId=145041,2.417216666667,803.5455803377845,1239.0
scanId=145041,2.417216666667,803.5619046026957,1029.0
scanId=145041,2.417216666667,803.6108784851992,1006.0
scanId=145041,2.417216666667,803.6272034134032,1160.0
scanId=145041,2.417216666667,803.6435285538209,1222.0
scanId=145041,2.417216666667,803.6598538136715,1144.0
scanId=145041,2.417216666667,803.9700657202319,1055.0
scanId=145041,2.417216666667,803.9863942965463,1589.0
scanId=145041,2.417216666667,804.0027230848924,2066.0
scanId=145041,2.417216666667,804.0190519928534,1969.0
scanId=145041,2.417216666667,804.0353811128291,1479.0
scanId=145041,2.417216666667,804.0517103524364,1009.0
scanId=145041,2.417216666667,804.4109960840825,1119.0
scanId=145041,2.417216666667,804.4273291836163,1090.0
scanId=145041,2.417216666667,804.4599958341441,1244.0
scanId=145041,2.417216666667,804.4763293851548,1570.0
scanId=145041,2.417216666667,804.4926631479482,1712.0
scanId=145041,2.417216666667,804.5089970306053,1953.0
scanId=145041,2.417216666667,804.5253311250287,1980.0
scanId=145041,2.417216666667,804.5416653393322,1713.0
scanId=145041,2.417216666667,804.5579997653854,1445.0
scanId=145041,2.417216666667,804.5743343113352,1283.0
scanId=145041,2.417216666667,804.5906690690182,1166.0
scanId=145041,2.417216666667,804.6070039466144,1007.0
scanId=145041,2.417216666667,805.4403037734364,1118.0
scanId=145041,2.417216666667,805.4566472738395,1209.0
scanId=145041,2.417216666667,805.472990985528,1287.0
scanId=145041,2.417216666667,805.4893348175776,1248.0
scanId=145041,2.417216666667,805.505678860896,1104.0
scanId=145041,2.417216666667,805.5220230245919,1005.0
scanId=145041,2.417216666667,806.4539157717365,1283.0
scanId=145041,2.417216666667,806.4702695531788,1373.0
scanId=145041,2.417216666667,806.4866235453923,1239.0
scanId=145041,2.417216666667,806.5029776584807,1033.0
scanId=145041,2.417216666667,807.468165178523,1112.0
scanId=145041,2.417216666667,807.4845292410043,1269.0
scanId=145041,2.417216666667,807.5008935137427,1285.0
scanId=145041,2.417216666667,807.5172579078704,1178.0
scanId=145041,2.417216666667,809.416655451811,1149.0
scanId=145041,2.417216666667,809.4330392907098,1287.0
scanId=145041,2.417216666667,809.4494232519772,1447.0
scanId=145041,2.417216666667,809.4658074225058,1488.0
scanId=145041,2.417216666667,809.4821917154198,1421.0
scanId=145041,2.417216666667,809.4985762175781,1329.0
scanId=145041,2.417216666667,809.5149608421387,1103.0
scanId=145041,2.417216666667,810.4327656804376,1064.0
scanId=145041,2.417216666667,810.4491597998613,1265.0
scanId=145041,2.417216666667,810.4655540421686,1191.0
scanId=145041,2.417216666667,810.481948493222,1058.0
scanId=145041,2.417216666667,811.4167050575538,1185.0
scanId=145041,2.417216666667,811.4331091258725,1147.0
scanId=145041,2.417216666667,811.4495133175737,1128.0
scanId=145041,2.417216666667,811.4659177175223,1426.0
scanId=145041,2.417216666667,811.4823222408696,1543.0
scanId=145041,2.417216666667,811.498726972448,1380.0
scanId=145041,2.417216666667,811.5151318274419,1182.0
scanId=145041,2.417216666667,812.4176554005455,1356.0
scanId=145041,2.417216666667,812.4340695416402,1366.0
scanId=145041,2.417216666667,812.4504838904838,1114.0
scanId=145041,2.417216666667,813.4192227143733,1009.0
scanId=145041,2.417216666667,813.435647012112,1017.0
scanId=145041,2.417216666667,814.4049728357778,1133.0
scanId=145041,2.417216666667,814.4214070824116,1384.0
scanId=145041,2.417216666667,814.4378414539406,1483.0
scanId=145041,2.417216666667,814.4542760322043,1470.0
scanId=145041,2.417216666667,814.4707107353797,1445.0
scanId=145041,2.417216666667,814.4871456452734,1380.0
scanId=145041,2.417216666667,814.5035806800952,1203.0
scanId=145041,2.417216666667,814.5200159216186,1023.0
scanId=145041,2.417216666667,815.4406529494694,1162.0
scanId=145041,2.417216666667,815.4570976020393,1441.0
scanId=145041,2.417216666667,815.473542460828,1471.0
scanId=145041,2.417216666667,815.489987445044,1326.0
scanId=145041,2.417216666667,815.5064326354625,1133.0
scanId=145041,2.417216666667,816.44408141738,1127.0
scanId=145041,2.417216666667,816.4605362250636,1290.0
scanId=145041,2.417216666667,816.4769911586741,1273.0
scanId=145041,2.417216666667,816.4934462979879,1187.0
scanId=145041,2.417216666667,817.4316621814068,1051.0
scanId=145041,2.417216666667,818.4363145995981,1057.0
scanId=145041,2.417216666667,818.4527894319976,1670.0
scanId=145041,2.417216666667,818.4692644691014,2538.0
scanId=145041,2.417216666667,818.4857396331477,3161.0
scanId=145041,2.417216666667,818.5022150018813,3078.0
scanId=145041,2.417216666667,818.5186904975739,2456.0
scanId=145041,2.417216666667,818.5351661979373,2002.0
scanId=145041,2.417216666667,818.5516420252765,1835.0
scanId=145041,2.417216666667,818.5681180572698,1663.0
scanId=145041,2.417216666667,818.5845942162556,1592.0
scanId=145041,2.417216666667,818.6010705798786,1549.0
scanId=145041,2.417216666667,818.6175470705108,1345.0
scanId=145041,2.417216666667,818.6340237657638,1028.0
scanId=145041,2.417216666667,819.4580689776989,1130.0
scanId=145041,2.417216666667,819.4745540911399,1510.0
scanId=145041,2.417216666667,819.4910394087686,1711.0
scanId=145041,2.417216666667,819.5075248538561,1661.0
scanId=145041,2.417216666667,819.5240105031146,1401.0
scanId=145041,2.417216666667,819.5404962798485,1178.0
scanId=145041,2.417216666667,819.556982260737,1081.0
scanId=145041,2.417216666667,819.6394145374843,1049.0
scanId=145041,2.417216666667,819.6559015132622,1195.0
scanId=145041,2.417216666667,819.6723886165822,1161.0
scanId=145041,2.417216666667,820.4639654978316,1304.0
scanId=145041,2.417216666667,820.4804607643555,1547.0
scanId=145041,2.417216666667,820.4969561588379,1473.0
scanId=145041,2.417216666667,820.5134517569917,1217.0
scanId=145041,2.417216666667,820.5299474831206,1063.0
scanId=145041,2.417216666667,820.5794357320929,1033.0
scanId=145041,2.417216666667,820.5959321215148,1028.0
scanId=145041,2.417216666667,821.4209639572075,1062.0
scanId=145041,2.417216666667,821.4374688409965,1189.0
scanId=145041,2.417216666667,821.4539738532275,1199.0
scanId=145041,2.417216666667,821.4704790686463,1304.0
scanId=145041,2.417216666667,821.486984412524,1367.0
scanId=145041,2.417216666667,821.5034899595727,1304.0
scanId=145041,2.417216666667,821.5199956350967,1231.0
scanId=145041,2.417216666667,821.5365015137753,1126.0
scanId=145041,2.417216666667,821.553007520946,1099.0
scanId=145041,2.417216666667,821.5695137312545,1134.0
scanId=145041,2.417216666667,821.5860200700715,1127.0
scanId=145041,2.417216666667,822.4445791573315,1116.0
scanId=145041,2.417216666667,822.4610943216454,1128.0
scanId=145041,2.417216666667,822.4776096149184,1050.0
scanId=145041,2.417216666667,823.4357814101475,1266.0
scanId=145041,2.417216666667,823.4523065233566,1423.0
scanId=145041,2.417216666667,823.4688317660248,1410.0
scanId=145041,2.417216666667,823.4853572108639,1263.0
scanId=145041,2.417216666667,823.5018827851786,1145.0
scanId=145041,2.417216666667,823.5184085616473,1204.0
scanId=145041,2.417216666667,823.5349344676085,1200.0
scanId=145041,2.417216666667,823.5514605757071,1085.0
scanId=145041,2.417216666667,825.4365217729315,1388.0
scanId=145041,2.417216666667,825.453066914391,1914.0
scanId=145041,2.417216666667,825.4696122570201,2515.0
scanId=145041,2.417216666667,825.4861577301259,2591.0
scanId=145041,2.417216666667,825.5027034043849,2193.0
scanId=145041,2.417216666667,825.5192492091372,1733.0
scanId=145041,2.417216666667,825.5357952150259,1278.0
scanId=145041,2.417216666667,826.4460799116579,1179.0
scanId=145041,2.417216666667,826.4626352031822,1537.0
scanId=145041,2.417216666667,826.4791906256838,1747.0
scanId=145041,2.417216666667,826.4957462488379,1634.0
scanId=145041,2.417216666667,826.5123020029861,1336.0
scanId=145041,2.417216666667,826.5288579577699,1045.0
scanId=145041,2.417216666667,827.4231248174017,1125.0
scanId=145041,2.417216666667,827.4396898576526,1319.0
scanId=145041,2.417216666667,827.4562550980719,1548.0
scanId=145041,2.417216666667,827.4728204699695,1674.0
scanId=145041,2.417216666667,827.4893860420186,1767.0
scanId=145041,2.417216666667,827.5059517455629,1657.0
scanId=145041,2.417216666667,827.5225176492419,1431.0
scanId=145041,2.417216666667,827.5390836844324,1179.0
scanId=145041,2.417216666667,827.5556499197412,1008.0
scanId=145041,2.417216666667,828.4338967523788,1116.0
scanId=145041,2.417216666667,828.4504719416932,1297.0
scanId=145041,2.417216666667,828.4670472629867,1312.0
scanId=145041,2.417216666667,828.483622783931,1078.0
scanId=145041,2.417216666667,829.4618710047388,1128.0
scanId=145041,2.417216666667,829.4784564745781,1303.0
scanId=145041,2.417216666667,829.4950420769144,1438.0
scanId=145041,2.417216666667,829.5116278783835,1386.0
scanId=145041,2.417216666667,829.5282138123662,1226.0
scanId=145041,2.417216666667,829.5447999454652,1005.0
scanId=145041,2.417216666667,831.436704164979,1034.0
scanId=145041,2.417216666667,831.4533093344613,1192.0
scanId=145041,2.417216666667,831.4699147020908,1383.0
scanId=145041,2.417216666667,831.4865202032195,1355.0
scanId=145041,2.417216666667,831.5031259024788,1125.0
scanId=145041,2.417216666667,831.5197317352543,1012.0
scanId=145041,2.417216666667,831.5363377661434,1042.0
scanId=145041,2.417216666667,831.5529439305656,1002.0
scanId=145041,2.417216666667,832.4831546894882,1015.0
scanId=145041,2.417216666667,833.4471354591632,1100.0
scanId=145041,2.417216666667,833.4637607245828,1261.0
scanId=145041,2.417216666667,833.4803861245049,1120.0
scanId=145041,2.417216666667,833.4970117215544,1014.0
scanId=145041,2.417216666667,833.5136374531228,1075.0
scanId=145041,2.417216666667,833.5302633818021,1087.0
scanId=145041,2.417216666667,833.546889445017,1048.0
scanId=145041,2.417216666667,833.5635157053262,1114.0
scanId=145041,2.417216666667,833.5801421001877,1159.0
scanId=145041,2.417216666667,833.5967686921267,1115.0
scanId=145041,2.417216666667,834.4782145082726,1077.0
scanId=145041,2.417216666667,834.4948500542172,1070.0
scanId=145041,2.417216666667,834.5780301788308,1103.0
scanId=145041,2.417216666667,834.5946667196649,1165.0
scanId=145041,2.417216666667,834.6113033955696,1060.0
scanId=145041,2.417216666667,835.4932853356344,1083.0
scanId=145041,2.417216666667,835.5099309659961,1081.0
scanId=145041,2.417216666667,835.5265767924656,1088.0
scanId=145041,2.417216666667,835.543222754474,1181.0
scanId=145041,2.417216666667,835.5598689125733,1271.0
scanId=145041,2.417216666667,835.5765152062282,1247.0
scanId=145041,2.417216666667,835.5931616959577,1181.0
scanId=145041,2.417216666667,835.609808321259,1228.0
scanId=145041,2.417216666667,835.6264551426182,1253.0
scanId=145041,2.417216666667,835.6431020995662,1144.0
scanId=145041,2.417216666667,836.575597182383,1009.0
scanId=145041,2.417216666667,836.5922536210074,1024.0
scanId=145041,2.417216666667,837.4919467447421,1028.0
scanId=145041,2.417216666667,837.5086122738977,1164.0
scanId=145041,2.417216666667,837.5252779981574,1038.0
scanId=145041,2.417216666667,839.4763106584796,1089.0
scanId=145041,2.417216666667,839.4929959488996,1254.0
scanId=145041,2.417216666667,839.5096813768494,1165.0
scanId=145041,2.417216666667,839.5263669988993,1046.0
scanId=145041,2.417216666667,839.5430527584957,1051.0
scanId=145041,2.417216666667,839.5597387121755,1081.0
scanId=145041,2.417216666667,839.5764248034183,1075.0
scanId=145041,2.417216666667,840.4443307814275,1042.0
scanId=145041,2.417216666667,840.461025689113,1393.0
scanId=145041,2.417216666667,840.4777207348133,1616.0
scanId=145041,2.417216666667,840.4944159741284,1604.0
scanId=145041,2.417216666667,840.5111113514753,1379.0
scanId=145041,2.417216666667,840.5278069224203,1085.0
scanId=145041,2.417216666667,841.4296132447878,1090.0
scanId=145041,2.417216666667,841.4463179082388,1312.0
scanId=145041,2.417216666667,841.4630227648192,1741.0
scanId=145041,2.417216666667,841.479727759917,2022.0
scanId=145041,2.417216666667,841.4964329481272,1877.0
scanId=145041,2.417216666667,841.5131382748715,1568.0
scanId=145041,2.417216666667,841.5298437947116,1251.0
scanId=145041,2.417216666667,842.4489019838221,1107.0
scanId=145041,2.417216666667,842.4656167892977,1189.0
scanId=145041,2.417216666667,842.4823317337928,1137.0
scanId=145041,2.417216666667,843.4520830081801,1053.0
scanId=145041,2.417216666667,843.4688077625507,1290.0
scanId=145041,2.417216666667,843.4855326564431,1459.0
scanId=145041,2.417216666667,843.5022577424436,1535.0
scanId=145041,2.417216666667,843.5189829679825,1499.0
scanId=145041,2.417216666667,843.5357083856128,1247.0
scanId=145041,2.417216666667,844.4558609813145,1031.0
scanId=145041,2.417216666667,844.4725956845803,1110.0
scanId=145041,2.417216666667,844.48933052787,1091.0
scanId=145041,2.417216666667,844.5060655627657,1062.0
scanId=145041,2.417216666667,846.4316990940562,1334.0
scanId=145041,2.417216666667,846.4484533634823,2012.0
scanId=145041,2.417216666667,846.4652077739208,2585.0
scanId=145041,2.417216666667,846.4819623749767,2955.0
scanId=145041,2.417216666667,846.4987171170618,2764.0
scanId=145041,2.417216666667,846.5154720497475,2148.0
scanId=145041,2.417216666667,846.5322271234792,1604.0
scanId=145041,2.417216666667,846.5489823877947,1220.0
scanId=145041,2.417216666667,847.4204839870496,1047.0
scanId=145041,2.417216666667,847.4372480152391,1620.0
scanId=145041,2.417216666667,847.4540122335605,1965.0
scanId=145041,2.417216666667,847.4707765933966,2095.0
scanId=145041,2.417216666667,847.4875411433477,2025.0
scanId=145041,2.417216666667,847.5043058348305,1897.0
scanId=145041,2.417216666667,847.5210707164113,1643.0
scanId=145041,2.417216666667,847.5378357395406,1335.0
scanId=145041,2.417216666667,847.5546009527512,1014.0
scanId=145041,2.417216666667,848.4601680524227,1156.0
scanId=145041,2.417216666667,848.4769423616566,1466.0
scanId=145041,2.417216666667,848.4937168605027,1397.0
scanId=145041,2.417216666667,848.5104915013834,1120.0
scanId=145041,2.417216666667,849.5508438180179,1048.0
scanId=145041,2.417216666667,849.5676289290188,1086.0
scanId=145041,2.417216666667,851.4318056797765,1100.0
scanId=145041,2.417216666667,851.4486093620483,1194.0
scanId=145041,2.417216666667,851.4654131878291,1309.0
scanId=145041,2.417216666667,851.4822172017306,1468.0
scanId=145041,2.417216666667,851.4990213591581,1442.0
scanId=145041,2.417216666667,851.5158257046895,1139.0
scanId=145041,2.417216666667,851.5830447004366,1099.0
scanId=145041,2.417216666667,851.5998498528039,1099.0
scanId=145041,2.417216666667,852.4907608157455,1105.0
scanId=145041,2.417216666667,852.5075749225707,1133.0
scanId=145041,2.417216666667,853.4326067692912,1022.0
scanId=145041,2.417216666667,853.4494301622213,1217.0
scanId=145041,2.417216666667,853.4662537422832,1486.0
scanId=145041,2.417216666667,853.4830774668599,1495.0
scanId=145041,2.417216666667,853.4999013785518,1356.0
scanId=145041,2.417216666667,853.5167254347753,1429.0
scanId=145041,2.417216666667,853.5335496780968,1542.0
scanId=145041,2.417216666667,853.5503740659668,1448.0
scanId=145041,2.417216666667,853.5671986409183,1330.0
scanId=145041,2.417216666667,853.5840233604348,1126.0
scanId=145041,2.417216666667,854.4423044843043,1181.0
scanId=145041,2.417216666667,854.4591378266324,1250.0
scanId=145041,2.417216666667,854.4759713555894,1232.0
scanId=145041,2.417216666667,854.4928050295641,1050.0
scanId=145041,2.417216666667,855.4694424398376,1062.0
scanId=145041,2.417216666667,855.4862859176898,1360.0
scanId=145041,2.417216666667,855.5031295410625,1344.0
scanId=145041,2.417216666667,855.5199733505444,1019.0
scanId=145041,2.417216666667,857.4075281796113,1186.0
scanId=145041,2.417216666667,857.4243907068408,1412.0
scanId=145041,2.417216666667,857.4412534192234,1443.0
scanId=145041,2.417216666667,857.4581162780993,1402.0
scanId=145041,2.417216666667,857.4749793221117,1349.0
scanId=145041,2.417216666667,857.4918425126341,1241.0
scanId=145041,2.417216666667,858.4870648323068,1020.0
scanId=145041,2.417216666667,858.6051803503705,1076.0
scanId=145041,2.417216666667,858.6220546697974,1100.0
scanId=145041,2.417216666667,859.4322165556264,1072.0
scanId=145041,2.417216666667,859.4490989816519,1128.0
scanId=145041,2.417216666667,859.4659815918247,1075.0
scanId=145041,2.417216666667,859.4828643494969,1072.0
scanId=145041,2.417216666667,859.4997472912995,1100.0
scanId=145041,2.417216666667,859.5166303806183,1064.0
scanId=145041,2.417216666667,859.5335136540508,1087.0
scanId=145041,2.417216666667,859.5503970750162,1156.0
scanId=145041,2.417216666667,859.5672806800787,1075.0
scanId=145041,2.417216666667,859.5841644326907,1017.0
scanId=145041,2.417216666667,860.4961338083932,1018.0
scanId=145041,2.417216666667,860.529919737808,1043.0
scanId=145041,2.417216666667,860.5468129601355,1109.0
scanId=145041,2.417216666667,860.5637063304991,1118.0
scanId=145041,2.417216666667,860.5805998844565,1112.0
scanId=145041,2.417216666667,860.5974935864666,1125.0
scanId=145041,2.417216666667,860.6143874720539,1059.0
scanId=145041,2.417216666667,861.4761950516569,1063.0
scanId=145041,2.417216666667,861.4930975596199,1119.0
scanId=145041,2.417216666667,861.5100002160884,1152.0
scanId=145041,2.417216666667,861.5269030556815,1119.0
scanId=145041,2.417216666667,864.4705202352573,1048.0
scanId=145041,2.417216666667,864.4874520766274,1194.0
scanId=145041,2.417216666667,864.5043840996458,1229.0
scanId=145041,2.417216666667,864.5213162726625,1129.0
scanId=145041,2.417216666667,866.4696231001819,1231.0
scanId=145041,2.417216666667,866.486574508702,1271.0
scanId=145041,2.417216666667,867.4021972110622,1142.0
scanId=145041,2.417216666667,867.4191577542466,1830.0
scanId=145041,2.417216666667,867.4361184488719,2228.0
scanId=145041,2.417216666667,867.4530793236862,2310.0
scanId=145041,2.417216666667,867.4700403499579,2074.0
scanId=145041,2.417216666667,867.487001556402,1854.0
scanId=145041,2.417216666667,867.5039629143203,1732.0
scanId=145041,2.417216666667,867.5209244523941,1588.0
scanId=145041,2.417216666667,867.5378861419591,1284.0
scanId=145041,2.417216666667,868.4031525582249,1093.0
scanId=145041,2.417216666667,868.4201228706016,1898.0
scanId=145041,2.417216666667,868.4370933626811,2495.0
scanId=145041,2.417216666667,868.4540640067045,2451.0
scanId=145041,2.417216666667,868.4710348304137,2075.0
scanId=145041,2.417216666667,868.4880058060837,1610.0
scanId=145041,2.417216666667,868.5049769614229,1155.0
scanId=145041,2.417216666667,869.421665217167,1174.0
scanId=145041,2.417216666667,869.4386454789419,1488.0
scanId=145041,2.417216666667,869.4556259199164,1417.0
scanId=145041,2.417216666667,869.4726065133382,1265.0
scanId=145041,2.417216666667,869.4895872859427,1167.0
scanId=145041,2.417216666667,869.5065682110107,1072.0
scanId=145041,2.417216666667,870.4747554259526,1350.0
scanId=145041,2.417216666667,870.4917459687725,1479.0
scanId=145041,2.417216666667,870.5087366902723,1332.0
scanId=145041,2.417216666667,870.5257275647388,1051.0
scanId=145041,2.417216666667,871.4604813814534,1096.0
scanId=145041,2.417216666667,871.477481542025,1374.0
scanId=145041,2.417216666667,871.4944818807897,1386.0
scanId=145041,2.417216666667,871.5114823730079,1230.0
scanId=145041,2.417216666667,872.4977949967673,1005.0
scanId=145041,2.417216666667,872.5148052844271,1181.0
scanId=145041,2.417216666667,872.5318157260435,1272.0
scanId=145041,2.417216666667,872.5488263453333,1145.0
scanId=145041,2.417216666667,873.4506261349995,1160.0
scanId=145041,2.417216666667,873.4676457082949,1292.0
scanId=145041,2.417216666667,873.4846654360164,1195.0
scanId=145041,2.417216666667,873.5016853409414,1055.0
scanId=145041,2.417216666667,875.4771189004377,1049.0
scanId=145041,2.417216666667,875.494158195309,1173.0
scanId=145041,2.417216666667,875.5111976663944,1181.0
scanId=145041,2.417216666667,875.5282372929122,1178.0
scanId=145041,2.417216666667,875.5452770956277,1119.0
scanId=145041,2.417216666667,875.5963974779484,1042.0
scanId=145041,2.417216666667,877.454783721887,1096.0
scanId=145041,2.417216666667,877.4718422522614,1500.0
scanId=145041,2.417216666667,877.4889009578774,1801.0
scanId=145041,2.417216666667,877.5059598198983,1856.0
scanId=145041,2.417216666667,877.523018857144,1694.0
scanId=145041,2.417216666667,877.5400780508119,1381.0
scanId=145041,2.417216666667,877.5571374196876,1104.0
scanId=145041,2.417216666667,881.4339041520018,1089.0
scanId=145041,2.417216666667,881.4510013266788,1267.0
scanId=145041,2.417216666667,881.4680986597057,1471.0
scanId=145041,2.417216666667,881.4851961660124,1726.0
scanId=145041,2.417216666667,881.502293830686,1781.0
scanId=145041,2.417216666667,881.5193916686228,1621.0
scanId=145041,2.417216666667,881.5364896649429,1306.0
scanId=145041,2.417216666667,881.5535878345094,1199.0
scanId=145041,2.417216666667,881.570686162476,1152.0
scanId=145041,2.417216666667,882.460027908368,1278.0
scanId=145041,2.417216666667,882.4771350319402,1368.0
scanId=145041,2.417216666667,882.4942423143649,1340.0
scanId=145041,2.417216666667,882.5113497695669,1274.0
scanId=145041,2.417216666667,882.5284573836384,1296.0
scanId=145041,2.417216666667,882.5455651704701,1257.0
scanId=145041,2.417216666667,882.5626731161881,1112.0
scanId=145041,2.417216666667,883.4696317133497,1174.0
scanId=145041,2.417216666667,883.4867486135258,1331.0
scanId=145041,2.417216666667,883.5038656859932,1264.0
scanId=145041,2.417216666667,883.520982917816,1105.0
scanId=145041,2.417216666667,883.5381003219131,1153.0
scanId=145041,2.417216666667,883.5552178853824,1336.0
scanId=145041,2.417216666667,883.5723356211092,1417.0
scanId=145041,2.417216666667,883.5894535162253,1334.0
scanId=145041,2.417216666667,884.4455598521378,1086.0
scanId=145041,2.417216666667,884.5140662674744,1028.0
scanId=145041,2.417216666667,884.5311932888367,1081.0
scanId=145041,2.417216666667,884.5483204700573,1066.0
scanId=145041,2.417216666667,884.5654478230495,1037.0
scanId=145041,2.417216666667,886.4847603281521,1135.0
scanId=145041,2.417216666667,886.5019064132287,1303.0
scanId=145041,2.417216666667,886.5190526691214,1108.0
scanId=145041,2.417216666667,890.4499115410426,1086.0
scanId=145041,2.417216666667,890.4670959343666,1123.0
scanId=145041,2.417216666667,890.4842804904475,1238.0
scanId=145041,2.417216666667,890.5014652154014,1392.0
scanId=145041,2.417216666667,890.5186501031287,1266.0
scanId=145041,2.417216666667,891.4468803640116,1240.0
scanId=145041,2.417216666667,891.4640743746008,1409.0
scanId=145041,2.417216666667,891.4812685484327,1417.0
scanId=145041,2.417216666667,891.4984628906519,1296.0
scanId=145041,2.417216666667,891.5156573961303,1119.0
scanId=145041,2.417216666667,891.5328520699793,1065.0
scanId=145041,2.417216666667,892.5304267957146,1111.0
scanId=145041,2.417216666667,892.5476312505904,1153.0
scanId=145041,2.417216666667,893.4769181108077,1024.0
scanId=145041,2.417216666667,893.4941316875573,1166.0
scanId=145041,2.417216666667,893.5113454285375,1060.0
scanId=145041,2.417216666667,895.4747989350429,1044.0
scanId=145041,2.417216666667,895.492031746323,1031.0
scanId=145041,2.417216666667,897.4921630669331,1016.0
scanId=145041,2.417216666667,897.5094152789158,1752.0
scanId=145041,2.417216666667,897.5266676563565,2397.0
scanId=145041,2.417216666667,897.5439201999856,2418.0
scanId=145041,2.417216666667,897.5611729090559,2229.0
scanId=145041,2.417216666667,897.5784257843317,1983.0
scanId=145041,2.417216666667,897.5956788250319,1601.0
scanId=145041,2.417216666667,897.6129320319542,1251.0
scanId=145041,2.417216666667,898.5275892748633,1182.0
scanId=145041,2.417216666667,898.5448514362429,1336.0
scanId=145041,2.417216666667,898.5621137625784,1325.0
scanId=145041,2.417216666667,898.5793762556046,1152.0
scanId=145041,2.417216666667,899.4427123044807,1283.0
scanId=145041,2.417216666667,899.4599832531919,1651.0
scanId=145041,2.417216666667,899.477254369029,1637.0
scanId=145041,2.417216666667,899.4945256493701,1429.0
scanId=145041,2.417216666667,899.5117970968535,1203.0
scanId=145041,2.417216666667,899.5290687088248,1102.0
scanId=145041,2.417216666667,899.5463404879548,1066.0
scanId=145041,2.417216666667,899.5636124315556,1115.0
scanId=145041,2.417216666667,899.5808845423321,1049.0
scanId=145041,2.417216666667,900.5138247290017,1158.0
scanId=145041,2.417216666667,900.5311059582381,1073.0
scanId=145041,2.417216666667,901.4645386274066,1262.0
scanId=145041,2.417216666667,901.481828978744,1433.0
scanId=145041,2.417216666667,901.4991194936156,1340.0
scanId=145041,2.417216666667,901.5164101765996,1194.0
scanId=145041,2.417216666667,901.5337010231012,1066.0
scanId=145041,2.417216666667,903.4540158456382,1060.0
scanId=145041,2.417216666667,903.4713252634106,1216.0
scanId=145041,2.417216666667,903.488634850248,1385.0
scanId=145041,2.417216666667,903.5059445996504,1532.0
scanId=145041,2.417216666667,903.5232545181344,1603.0
scanId=145041,2.417216666667,903.5405645991664,1671.0
scanId=145041,2.417216666667,903.5578748492971,1491.0
scanId=145041,2.417216666667,903.5751852619592,1208.0
scanId=145041,2.417216666667,905.4630145088804,1237.0
scanId=145041,2.417216666667,905.4803431611834,1528.0
scanId=145041,2.417216666667,905.4976719835208,1633.0
scanId=145041,2.417216666667,905.5150009674536,1467.0
scanId=145041,2.417216666667,905.5323301214374,1180.0
scanId=145041,2.417216666667,905.549659437,1008.0
scanId=145041,2.417216666667,905.5843185698228,1009.0
scanId=145041,2.417216666667,905.6016483871,1022.0
scanId=145041,2.417216666667,906.4856888332264,1265.0
scanId=145041,2.417216666667,906.5030272733136,1289.0
scanId=145041,2.417216666667,906.5203658745116,1166.0
scanId=145041,2.417216666667,906.5377046462452,1071.0
scanId=145041,2.417216666667,907.4222017579326,1376.0
scanId=145041,2.417216666667,907.4395491524764,2565.0
scanId=145041,2.417216666667,907.45689670768,3735.0
scanId=145041,2.417216666667,907.47424443387,4273.0
scanId=145041,2.417216666667,907.4915923207036,3960.0
scanId=145041,2.417216666667,907.5089403785404,3196.0
scanId=145041,2.417216666667,907.5262885970036,2342.0
scanId=145041,2.417216666667,907.5436369864868,1657.0
scanId=145041,2.417216666667,907.56098553658,1218.0
scanId=145041,2.417216666667,908.4459816031042,1686.0
scanId=145041,2.417216666667,908.463338775573,2404.0
scanId=145041,2.417216666667,908.4806961195128,2713.0
scanId=145041,2.417216666667,908.4980536236114,2600.0
scanId=145041,2.417216666667,908.515411299198,2239.0
scanId=145041,2.417216666667,908.5327691349264,1884.0
scanId=145041,2.417216666667,908.5501271421592,1486.0
scanId=145041,2.417216666667,908.5674853095176,1072.0
scanId=145041,2.417216666667,909.4529718691608,1327.0
scanId=145041,2.417216666667,909.4703386588948,1659.0
scanId=145041,2.417216666667,909.487705620584,1633.0
scanId=145041,2.417216666667,909.505072741948,1618.0
scanId=145041,2.417216666667,909.5224400352836,1533.0
scanId=145041,2.417216666667,909.5398074882772,1274.0
scanId=145041,2.417216666667,909.5571751132596,1092.0
scanId=145041,2.417216666667,910.4778963576414,1076.0
scanId=145041,2.417216666667,910.49527293708,1066.0
scanId=145041,2.417216666667,910.5126496757092,1053.0
scanId=145041,2.417216666667,911.5207844248926,1056.0
scanId=145041,2.417216666667,911.5381709537268,1151.0
scanId=145041,2.417216666667,911.5555576412512,1188.0
scanId=145041,2.417216666667,911.572944501732,1145.0
scanId=145041,2.417216666667,911.590331520886,1060.0
scanId=145041,2.417216666667,913.5039163464018,1278.0
scanId=145041,2.417216666667,913.5213217790875,1387.0
scanId=145041,2.417216666667,913.5387273695126,1235.0
scanId=145041,2.417216666667,913.556133133845,1079.0
scanId=145041,2.417216666667,913.5735390558998,1077.0
scanId=145041,2.417216666667,913.5909451518788,1101.0
scanId=145041,2.417216666667,915.5066275893172,1037.0
scanId=145041,2.417216666667,915.5240520826428,1642.0
scanId=145041,2.417216666667,915.5414767508264,2114.0
scanId=145041,2.417216666667,915.5589015757818,2120.0
scanId=145041,2.417216666667,915.576326575612,1814.0
scanId=145041,2.417216666667,915.5937517321972,1537.0
scanId=145041,2.417216666667,915.611177063674,1420.0
scanId=145041,2.417216666667,915.6286025518892,1316.0
scanId=145041,2.417216666667,915.6460282150122,1107.0
scanId=145041,2.417216666667,916.5523909598054,1251.0
scanId=145041,2.417216666667,916.569825402026,1190.0
scanId=145041,2.417216666667,916.5872600196052,1022.0
scanId=145041,2.417216666667,917.5115317806152,1021.0
scanId=145041,2.417216666667,917.5289753526496,1180.0
scanId=145041,2.417216666667,917.546419080506,1071.0
scanId=145041,2.417216666667,919.4837041642768,1291.0
scanId=145041,2.417216666667,919.501166463404,1475.0
scanId=145041,2.417216666667,919.5186289392884,1383.0
scanId=145041,2.417216666667,919.5360915700452,1097.0
scanId=145041,2.417216666667,921.4579938808648,1136.0
scanId=145041,2.417216666667,921.4754749289528,1468.0
scanId=145041,2.417216666667,921.4929561309804,1648.0
scanId=145041,2.417216666667,921.5104375107148,1666.0
scanId=145041,2.417216666667,921.5279190443724,1536.0
scanId=145041,2.417216666667,921.5454007557532,1387.0
scanId=145041,2.417216666667,921.5628826210404,1289.0
scanId=145041,2.417216666667,921.5803646640676,1163.0
scanId=145041,2.417216666667,921.5978468609848,1085.0
scanId=145041,2.417216666667,921.6153292356588,1028.0
scanId=145041,2.417216666667,922.489659090236,1045.0
scanId=145041,2.417216666667,922.507149909529,1209.0
scanId=145041,2.417216666667,922.5246409070112,1260.0
scanId=145041,2.417216666667,922.5421320579342,1141.0
scanId=145041,2.417216666667,923.4519007264504,1245.0
scanId=145041,2.417216666667,923.4694006783876,1590.0
scanId=145041,2.417216666667,923.486900783316,1776.0
scanId=145041,2.417216666667,923.5044010668996,1563.0
scanId=145041,2.417216666667,923.5219015034576,1307.0
scanId=145041,2.417216666667,923.5394021186876,1081.0
scanId=145041,2.417216666667,925.4830004203804,1032.0
scanId=145041,2.417216666667,927.5338697987096,1057.0
scanId=145041,2.417216666667,928.5162857169012,1057.0
scanId=145041,2.417216666667,929.4465511714598,1052.0
scanId=145041,2.417216666667,929.4641078349414,1242.0
scanId=145041,2.417216666667,929.4816646485716,1620.0
scanId=145041,2.417216666667,929.4992216436996,1763.0
scanId=145041,2.417216666667,929.5167787889598,1614.0
scanId=145041,2.417216666667,929.5343361157342,1491.0
scanId=145041,2.417216666667,929.5518935926242,1449.0
scanId=145041,2.417216666667,929.5694512510448,1281.0
scanId=145041,2.417216666667,929.587009059565,1115.0
scanId=145041,2.417216666667,929.6045670496324,1014.0
scanId=145041,2.417216666667,930.4475451986071,1031.0
scanId=145041,2.417216666667,930.465111297873,1239.0
scanId=145041,2.417216666667,930.4826775791012,1374.0
scanId=145041,2.417216666667,930.5002440099968,1385.0
scanId=145041,2.417216666667,930.5178106228718,1459.0
scanId=145041,2.417216666667,930.5353773853972,1424.0
scanId=145041,2.417216666667,930.5529443299184,1161.0
scanId=145041,2.417216666667,931.5018051386083,1008.0
scanId=145041,2.417216666667,931.5193811867692,1087.0
scanId=145041,2.417216666667,931.5369574173906,1133.0
scanId=145041,2.417216666667,931.5545337971812,1123.0
scanId=145041,2.417216666667,931.5721103594492,1011.0
scanId=145041,2.417216666667,935.5134370821868,1136.0
scanId=145041,2.417216666667,935.531050936149,1197.0
scanId=145041,2.417216666667,935.5486649744626,1136.0
scanId=145041,2.417216666667,935.5662791600548,1241.0
scanId=145041,2.417216666667,935.5838935300144,1357.0
scanId=145041,2.417216666667,935.6015080472364,1279.0
scanId=145041,2.417216666667,935.6191227488424,1067.0
scanId=145041,2.417216666667,937.4872204950402,1001.0
scanId=145041,2.417216666667,937.5048529202734,1204.0
scanId=145041,2.417216666667,937.5224855307856,1371.0
scanId=145041,2.417216666667,937.5401182876484,1624.0
scanId=145041,2.417216666667,937.5577512298069,1939.0
scanId=145041,2.417216666667,937.5753843182996,2205.0
scanId=145041,2.417216666667,937.5930175921048,2299.0
scanId=145041,2.417216666667,937.6106510122272,1927.0
scanId=145041,2.417216666667,937.6282846176786,1394.0
scanId=145041,2.417216666667,937.645918369431,1022.0
scanId=145041,2.417216666667,938.4925339251914,1052.0
scanId=145041,2.417216666667,938.5101758218026,1328.0
scanId=145041,2.417216666667,938.5278178643013,1368.0
scanId=145041,2.417216666667,938.5454600925588,1379.0
scanId=145041,2.417216666667,938.563102466687,1483.0
scanId=145041,2.417216666667,938.5807450265908,1374.0
scanId=145041,2.417216666667,938.598387732349,1206.0
scanId=145041,2.417216666667,939.4630839421706,1000.0
scanId=145041,2.417216666667,939.4807349386743,1060.0
scanId=145041,2.417216666667,939.4983861213846,1213.0
scanId=145041,2.417216666667,939.5160374495184,1336.0
scanId=145041,2.417216666667,939.5336889638749,1461.0
scanId=145041,2.417216666667,939.5513406236386,1572.0
scanId=145041,2.417216666667,939.5689924696412,1563.0
scanId=145041,2.417216666667,939.5866444610348,1528.0
scanId=145041,2.417216666667,939.6042966386842,1340.0
scanId=145041,2.417216666667,939.6219489617076,1026.0
scanId=145041,2.417216666667,941.4940366456284,1106.0
scanId=145041,2.417216666667,941.5117067321822,1236.0
scanId=145041,2.417216666667,941.5293769632168,1478.0
scanId=145041,2.417216666667,941.5470473814172,1803.0
scanId=145041,2.417216666667,941.5647179440816,1889.0
scanId=145041,2.417216666667,941.5823886939282,1645.0
scanId=145041,2.417216666667,941.6000595882224,1313.0
scanId=145041,2.417216666667,942.483816256512,1145.0
scanId=145041,2.417216666667,942.5014956291644,1335.0
scanId=145041,2.417216666667,942.5191751458344,1435.0
scanId=145041,2.417216666667,942.536854850133,1482.0
scanId=145041,2.417216666667,942.5545346984328,1439.0
scanId=145041,2.417216666667,942.5722147343778,1238.0
scanId=145041,2.417216666667,943.4564274052664,1051.0
scanId=145041,2.417216666667,943.4741158759416,1650.0
scanId=145041,2.417216666667,943.4918045346924,4716.0
scanId=145041,2.417216666667,943.5094933369976,16392.0
scanId=145041,2.417216666667,943.5271823273948,39365.0
scanId=145041,2.417216666667,943.5448714613298,65906.0
scanId=145041,2.417216666667,943.5625607833732,81134.0
scanId=145041,2.417216666667,943.5802502489385,76870.0
scanId=145041,2.417216666667,943.597939902628,59887.0
scanId=145041,2.417216666667,943.6156296998228,42165.0
scanId=145041,2.417216666667,943.6333196851592,28921.0
scanId=145041,2.417216666667,943.6510098139836,19638.0
scanId=145041,2.417216666667,943.6687001309662,12959.0
scanId=145041,2.417216666667,943.6863905914208,8612.0
scanId=145041,2.417216666667,943.7040812400494,5596.0
scanId=145041,2.417216666667,943.7217720321338,3528.0
scanId=145041,2.417216666667,943.739463012409,2265.0
scanId=145041,2.417216666667,943.7571541361232,1605.0
scanId=145041,2.417216666667,943.7748454480447,1280.0
scanId=145041,2.417216666667,943.792536903389,1141.0
scanId=145041,2.417216666667,944.4649355039128,1198.0
scanId=145041,2.417216666667,944.4826334487616,2362.0
scanId=145041,2.417216666667,944.5003315367022,6188.0
scanId=145041,2.417216666667,944.5180298131976,15836.0
scanId=145041,2.417216666667,944.5357282327682,31706.0
scanId=145041,2.417216666667,944.5534268409097,47773.0
scanId=145041,2.417216666667,944.57112559211,53588.0
scanId=145041,2.417216666667,944.588824531898,47010.0
scanId=145041,2.417216666667,944.606523614728,34988.0
scanId=145041,2.417216666667,944.6242228861622,24354.0
scanId=145041,2.417216666667,944.6419223006224,16779.0
scanId=145041,2.417216666667,944.6596219037028,11479.0
scanId=145041,2.417216666667,944.6773216497928,7636.0
scanId=145041,2.417216666667,944.6950215845196,4992.0
scanId=145041,2.417216666667,944.7127216622396,3306.0
scanId=145041,2.417216666667,944.7304219286128,2245.0
scanId=145041,2.417216666667,944.7481223379624,1645.0
scanId=145041,2.417216666667,944.7658229359822,1281.0
scanId=145041,2.417216666667,944.7835236769616,1092.0
scanId=145041,2.417216666667,944.8012246066276,1047.0
scanId=145041,2.417216666667,945.4739823713672,1552.0
scanId=145041,2.417216666667,945.4916897449434,3429.0
scanId=145041,2.417216666667,945.5093973075366,7362.0
scanId=145041,2.417216666667,945.5271050127424,12999.0
scanId=145041,2.417216666667,945.544812906982,19059.0
scanId=145041,2.417216666667,945.5625209438176,22670.0
scanId=145041,2.417216666667,945.5802291697034,22395.0
scanId=145041,2.417216666667,945.5979375381692,19176.0
scanId=145041,2.417216666667,945.6156460957012,14564.0
scanId=145041,2.417216666667,945.6333547957968,10272.0
scanId=145041,2.417216666667,945.6510636849754,7108.0
scanId=145041,2.417216666667,945.6687727167008,5139.0
scanId=145041,2.417216666667,945.6864819375256,3714.0
scanId=145041,2.417216666667,945.7041913008808,2689.0
scanId=145041,2.417216666667,945.7219008533518,1911.0
scanId=145041,2.417216666667,945.7396105483368,1467.0
scanId=145041,2.417216666667,945.7573204324544,1163.0
scanId=145041,2.417216666667,945.7750304590692,1020.0
scanId=145041,2.417216666667,946.44813478546,1128.0
scanId=145041,2.417216666667,946.4658513025043,1390.0
scanId=145041,2.417216666667,946.483567961716,1906.0
scanId=145041,2.417216666667,946.5012848104068,2908.0
scanId=145041,2.417216666667,946.5190018012482,4424.0
scanId=145041,2.417216666667,946.5367189815854,6134.0
scanId=145041,2.417216666667,946.5544363040568,7288.0
scanId=145041,2.417216666667,946.5721538160402,7877.0
scanId=145041,2.417216666667,946.5898714701416,7329.0
scanId=145041,2.417216666667,946.6075893137712,5806.0
scanId=145041,2.417216666667,946.6253072995022,4361.0
scanId=145041,2.417216666667,946.6430254747784,3135.0
scanId=145041,2.417216666667,946.6607437921392,2190.0
scanId=145041,2.417216666667,946.6784622990616,1528.0
scanId=145041,2.417216666667,946.6961809480522,1088.0
scanId=145041,2.417216666667,947.458240242168,1748.0
scanId=145041,2.417216666667,947.4759661870152,2890.0
scanId=145041,2.417216666667,947.4936923218036,3808.0
scanId=145041,2.417216666667,947.5114185982804,4000.0
scanId=145041,2.417216666667,947.5291450647154,3792.0
scanId=145041,2.417216666667,947.546871672822,3647.0
scanId=145041,2.417216666667,947.5645984709032,3493.0
scanId=145041,2.417216666667,947.5823254106396,2910.0
scanId=145041,2.417216666667,947.6000525403672,2221.0
scanId=145041,2.417216666667,947.6177798117334,1710.0
scanId=145041,2.417216666667,947.6355072731072,1343.0
scanId=145041,2.417216666667,948.4688844208364,1100.0
scanId=145041,2.417216666667,948.486619841722,1497.0
scanId=145041,2.417216666667,948.5043554038342,1961.0
scanId=145041,2.417216666667,948.5220911563664,2173.0
scanId=145041,2.417216666667,948.5398270501086,2105.0
scanId=145041,2.417216666667,948.557563134287,1947.0
scanId=145041,2.417216666667,948.5752993596589,1741.0
scanId=145041,2.417216666667,948.5930357754836,1352.0
scanId=145041,2.417216666667,949.4800673701568,1333.0
scanId=145041,2.417216666667,949.4978122179044,1585.0
scanId=145041,2.417216666667,949.5155572565338,1641.0
scanId=145041,2.417216666667,949.5333024359112,1728.0
scanId=145041,2.417216666667,949.551047806187,1659.0
scanId=145041,2.417216666667,949.5687933171944,1482.0
scanId=145041,2.417216666667,949.5865390191163,1329.0
scanId=145041,2.417216666667,949.6042848617536,1117.0
scanId=145041,2.417216666667,950.5095433652124,1133.0
scanId=145041,2.417216666667,950.5272978302256,1211.0
scanId=145041,2.417216666667,950.545052486598,1102.0
scanId=145041,2.417216666667,950.5628072832408,1064.0
scanId=145041,2.417216666667,950.58056227126,1022.0
scanId=145041,2.417216666667,951.5218132330456,1302.0
scanId=145041,2.417216666667,951.539577175515,1371.0
scanId=145041,2.417216666667,951.5573412577932,1221.0
scanId=145041,2.417216666667,951.575105531909,1128.0
scanId=145041,2.417216666667,952.4813027111626,1091.0
scanId=145041,2.417216666667,952.4990756080824,1001.0
scanId=145041,2.417216666667,952.552395240846,1010.0
scanId=145041,2.417216666667,952.5701688010586,1044.0
scanId=145041,2.417216666667,952.587942500602,1006.0
scanId=145041,2.417216666667,952.6057163924612,1063.0
scanId=145041,2.417216666667,952.6234904236344,1088.0
scanId=145041,2.417216666667,954.5618553648382,1013.0
scanId=145041,2.417216666667,955.540677240956,1034.0
scanId=145041,2.417216666667,955.5584786594573,1060.0
scanId=145041,2.417216666667,957.4998258282974,1102.0
scanId=145041,2.417216666667,957.517645487344,1380.0
scanId=145041,2.417216666667,957.5354652834346,1673.0
scanId=145041,2.417216666667,957.5532852741276,1707.0
scanId=145041,2.417216666667,957.571105401848,1530.0
scanId=145041,2.417216666667,957.5889257241872,1333.0
scanId=145041,2.417216666667,957.6067461835376,1112.0
scanId=145041,2.417216666667,959.4966567611872,1532.0
scanId=145041,2.417216666667,959.5144949924246,2030.0
scanId=145041,2.417216666667,959.5323333597862,2793.0
scanId=145041,2.417216666667,959.5501719226698,3507.0
scanId=145041,2.417216666667,959.5680106216616,3711.0
scanId=145041,2.417216666667,959.5858495161914,3159.0
scanId=145041,2.417216666667,959.6036885468126,2370.0
scanId=145041,2.417216666667,959.6215277729888,1642.0
scanId=145041,2.417216666667,959.63936713524,1179.0
scanId=145041,2.417216666667,960.5136997576536,1172.0
scanId=145041,2.417216666667,960.5315474106508,2105.0
scanId=145041,2.417216666667,960.5493952596293,2996.0
scanId=145041,2.417216666667,960.567243244256,3050.0
scanId=145041,2.417216666667,960.5850914248812,2483.0
scanId=145041,2.417216666667,960.6029397411378,1791.0
scanId=145041,2.417216666667,960.6207882534088,1295.0
scanId=145041,2.417216666667,961.5134245313336,1242.0
scanId=145041,2.417216666667,961.531281469966,1661.0
scanId=145041,2.417216666667,961.5491386050396,1910.0
scanId=145041,2.417216666667,961.566995875302,2092.0
scanId=145041,2.417216666667,961.5848533420216,2133.0
scanId=145041,2.417216666667,961.6027109439138,1954.0
scanId=145041,2.417216666667,961.62056874228,1617.0
scanId=145041,2.417216666667,961.6384266758018,1243.0
scanId=145041,2.417216666667,962.5136693134594,1083.0
scanId=145041,2.417216666667,962.5315355377272,1300.0
scanId=145041,2.417216666667,962.5494019588954,1228.0
scanId=145041,2.417216666667,962.5672685147932,1120.0
scanId=145041,2.417216666667,963.478683550135,1003.0
scanId=145041,2.417216666667,963.4965587284084,1438.0
scanId=145041,2.417216666667,963.5144341040248,2050.0
scanId=145041,2.417216666667,963.5323096139282,2420.0
scanId=145041,2.417216666667,963.5501853211912,2489.0
scanId=145041,2.417216666667,963.568061162724,2240.0
scanId=145041,2.417216666667,963.5859372016332,1862.0
scanId=145041,2.417216666667,963.603813374796,1601.0
scanId=145041,2.417216666667,963.6216897453512,1514.0
scanId=145041,2.417216666667,963.639566250144,1249.0
scanId=145041,2.417216666667,963.6574429523451,1022.0
scanId=145041,2.417216666667,964.5336036985632,1043.0
scanId=145041,2.417216666667,964.55148869192,1121.0
scanId=145041,2.417216666667,964.5693738190888,1033.0
scanId=145041,2.417216666667,965.4638423969444,1071.0
scanId=145041,2.417216666667,965.4817360131028,2762.0
scanId=145041,2.417216666667,965.4996297626471,6273.0
scanId=145041,2.417216666667,965.517523710452,11196.0
scanId=145041,2.417216666667,965.535417791626,15078.0
scanId=145041,2.417216666667,965.553312071077,15572.0
scanId=145041,2.417216666667,965.5712064838808,12995.0
scanId=145041,2.417216666667,965.5891010949782,9174.0
scanId=145041,2.417216666667,965.606995839412,6120.0
scanId=145041,2.417216666667,965.6248907821556,4243.0
scanId=145041,2.417216666667,965.6427858582192,2988.0
scanId=145041,2.417216666667,965.6606811326088,2034.0
scanId=145041,2.417216666667,965.6785765403024,1462.0
scanId=145041,2.417216666667,965.696472146338,1149.0
scanId=145041,2.417216666667,966.484042257223,1939.0
scanId=145041,2.417216666667,966.5019452924028,4499.0
scanId=145041,2.417216666667,966.5198485263014,8317.0
scanId=145041,2.417216666667,966.5377518931108,11188.0
scanId=145041,2.417216666667,966.5556554586558,11711.0
scanId=145041,2.417216666667,966.5735591570954,10260.0
scanId=145041,2.417216666667,966.5914630542864,7599.0
scanId=145041,2.417216666667,966.6093670843557,5140.0
scanId=145041,2.417216666667,966.6272713131928,3456.0
scanId=145041,2.417216666667,966.6451756748918,2380.0
scanId=145041,2.417216666667,966.6630802353752,1641.0
scanId=145041,2.417216666667,966.680984928704,1129.0
scanId=145041,2.417216666667,967.4689563214134,1187.0
scanId=145041,2.417216666667,967.4868685097596,1717.0
scanId=145041,2.417216666667,967.5047808305746,2502.0
scanId=145041,2.417216666667,967.5226933505672,3660.0
scanId=145041,2.417216666667,967.5406060030122,4777.0
scanId=145041,2.417216666667,967.5585188546504,5166.0
scanId=145041,2.417216666667,967.5764318387252,4491.0
scanId=145041,2.417216666667,967.59434502201,3648.0
scanId=145041,2.417216666667,967.6122583377146,2902.0
scanId=145041,2.417216666667,967.6301718526454,2206.0
scanId=145041,2.417216666667,967.64808549998,1639.0
scanId=145041,2.417216666667,967.6659993465568,1202.0
scanId=145041,2.417216666667,968.4902147707064,1094.0
scanId=145041,2.417216666667,968.5081363771568,1738.0
scanId=145041,2.417216666667,968.5260581832426,2381.0
scanId=145041,2.417216666667,968.543980121323,2568.0
scanId=145041,2.417216666667,968.5619022590548,2281.0
scanId=145041,2.417216666667,968.579824528765,1872.0
scanId=145041,2.417216666667,968.597746998143,1474.0
scanId=145041,2.417216666667,968.615669599483,1202.0
scanId=145041,2.417216666667,968.6335924005074,1056.0
scanId=145041,2.417216666667,969.4940810400572,1519.0
scanId=145041,2.417216666667,969.5120119321432,2011.0
scanId=145041,2.417216666667,969.529943024322,2063.0
scanId=145041,2.417216666667,969.5478742480376,1954.0
scanId=145041,2.417216666667,969.5658056718628,1981.0
scanId=145041,2.417216666667,969.5837372272084,1816.0
scanId=145041,2.417216666667,969.6016689826796,1458.0
scanId=145041,2.417216666667,969.6196008696552,1139.0
scanId=145041,2.417216666667,969.6375329567726,1034.0
scanId=145041,2.417216666667,969.655465175378,1053.0
scanId=145041,2.417216666667,969.6733975941414,1138.0
scanId=145041,2.417216666667,969.6913301443766,1006.0
scanId=145041,2.417216666667,970.48052727118,1120.0
scanId=145041,2.417216666667,970.4984673178058,1310.0
scanId=145041,2.417216666667,970.5164074955272,1319.0
scanId=145041,2.417216666667,970.5343478737988,1209.0
scanId=145041,2.417216666667,970.55228838315,1118.0
scanId=145041,2.417216666667,970.5702290930684,1047.0
scanId=145041,2.417216666667,971.5751725226648,1025.0
scanId=145041,2.417216666667,971.5931226492812,1094.0
scanId=145041,2.417216666667,971.611072976938,1043.0
scanId=145041,2.417216666667,974.557167355558,1063.0
scanId=145041,2.417216666667,974.575145007451,1059.0
scanId=145041,2.417216666667,975.51021235521,1028.0
scanId=145041,2.417216666667,975.5281988322972,1076.0
scanId=145041,2.417216666667,975.5461854381956,1174.0
scanId=145041,2.417216666667,975.5641722469288,1478.0
scanId=145041,2.417216666667,975.5821591844572,1619.0
scanId=145041,2.417216666667,975.6001463248364,1422.0
scanId=145041,2.417216666667,975.6181335939948,1033.0
scanId=145041,2.417216666667,976.5357051603004,1268.0
scanId=145041,2.417216666667,976.553701051834,1415.0
scanId=145041,2.417216666667,976.571697146659,1485.0
scanId=145041,2.417216666667,976.5896933698226,1410.0
scanId=145041,2.417216666667,976.6076897962936,1181.0
scanId=145041,2.417216666667,977.5257264473864,1346.0
scanId=145041,2.417216666667,977.5437314966564,1729.0
scanId=145041,2.417216666667,977.561736673826,1652.0
scanId=145041,2.417216666667,977.579742054742,1421.0
scanId=145041,2.417216666667,977.5977475635412,1293.0
scanId=145041,2.417216666667,977.6157532761036,1089.0
scanId=145041,2.417216666667,978.5522778413596,1024.0
scanId=145041,2.417216666667,978.5702923041642,1058.0
scanId=145041,2.417216666667,979.5072738663338,1339.0
scanId=145041,2.417216666667,979.5252971561398,1584.0
scanId=145041,2.417216666667,979.54332057295,1818.0
scanId=145041,2.417216666667,979.5613441944022,1876.0
scanId=145041,2.417216666667,979.5793679428424,1578.0
scanId=145041,2.417216666667,979.5973918959404,1305.0
scanId=145041,2.417216666667,979.6154159760104,1150.0
scanId=145041,2.417216666667,979.6334402607548,1038.0
scanId=145041,2.417216666667,980.5528976482352,1057.0
scanId=145041,2.417216666667,980.570930555778,1196.0
scanId=145041,2.417216666667,980.5889635898536,1196.0
scanId=145041,2.417216666667,980.6069968290424,1153.0
scanId=145041,2.417216666667,980.6250301947478,1052.0
scanId=145041,2.417216666667,981.4908276949868,1611.0
scanId=145041,2.417216666667,981.5088692253275,2663.0
scanId=145041,2.417216666667,981.526910881779,3380.0
scanId=145041,2.417216666667,981.544952743766,3265.0
scanId=145041,2.417216666667,981.5629947318472,2703.0
scanId=145041,2.417216666667,981.5810369254802,2120.0
scanId=145041,2.417216666667,981.5990792451912,1645.0
scanId=145041,2.417216666667,981.6171217704706,1133.0
scanId=145041,2.417216666667,982.4833570330104,1293.0
scanId=145041,2.417216666667,982.5014076434672,2277.0
scanId=145041,2.417216666667,982.5194584598984,3085.0
scanId=145041,2.417216666667,982.5375094019852,3249.0
scanId=145041,2.417216666667,982.5555605500624,2906.0
scanId=145041,2.417216666667,982.5736118237792,2321.0
scanId=145041,2.417216666667,982.5916633035024,1769.0
scanId=145041,2.417216666667,982.6097149088488,1310.0
scanId=145041,2.417216666667,982.627766720218,1001.0
scanId=145041,2.417216666667,983.476387933294,1089.0
scanId=145041,2.417216666667,983.4944477041688,1656.0
scanId=145041,2.417216666667,983.5125076002612,2071.0
scanId=145041,2.417216666667,983.5305677027826,2160.0
scanId=145041,2.417216666667,983.5486279305048,2161.0
scanId=145041,2.417216666667,983.5666883646718,2075.0
scanId=145041,2.417216666667,983.584748924024,1683.0
scanId=145041,2.417216666667,983.602809689837,1319.0
scanId=145041,2.417216666667,983.6208705808187,1179.0
scanId=145041,2.417216666667,983.638931678278,1063.0
scanId=145041,2.417216666667,985.500110728345,1277.0
scanId=145041,2.417216666667,985.5181890713992,1979.0
scanId=145041,2.417216666667,985.5362675387622,2898.0
scanId=145041,2.417216666667,985.5543462134624,3673.0
scanId=145041,2.417216666667,985.5724250124556,3630.0
scanId=145041,2.417216666667,985.5905040188017,2929.0
scanId=145041,2.417216666667,985.6085831494244,2124.0
scanId=145041,2.417216666667,985.626662487417,1473.0
scanId=145041,2.417216666667,985.6447419496697,1126.0
scanId=145041,2.417216666667,986.4946647169444,1008.0
scanId=145041,2.417216666667,986.5127521383132,1282.0
scanId=145041,2.417216666667,986.5308397674564,1581.0
scanId=145041,2.417216666667,986.5489275204552,1904.0
scanId=145041,2.417216666667,986.5670154812444,2161.0
scanId=145041,2.417216666667,986.5851035658732,2042.0
scanId=145041,2.417216666667,986.6031918583084,1680.0
scanId=145041,2.417216666667,986.6212802745667,1330.0
scanId=145041,2.417216666667,986.6393688986482,1015.0
scanId=145041,2.417216666667,987.4897202659768,1360.0
scanId=145041,2.417216666667,987.507816849563,2144.0
scanId=145041,2.417216666667,987.5259135565672,2541.0
scanId=145041,2.417216666667,987.5440104717997,2390.0
scanId=145041,2.417216666667,987.5621075104336,2139.0
scanId=145041,2.417216666667,987.580204757312,1864.0
scanId=145041,2.417216666667,987.5983021275758,1499.0
scanId=145041,2.417216666667,987.6163997061002,1105.0
scanId=145041,2.417216666667,988.5033831207857,1403.0
scanId=145041,2.417216666667,988.5214889904606,1790.0
scanId=145041,2.417216666667,988.5395949831002,1821.0
scanId=145041,2.417216666667,988.557701184421,1599.0
scanId=145041,2.417216666667,988.5758075086906,1417.0
scanId=145041,2.417216666667,988.5939140416576,1429.0
scanId=145041,2.417216666667,988.6120206975568,1308.0
scanId=145041,2.417216666667,988.6301275621698,1048.0
scanId=145041,2.417216666667,989.517565983866,1102.0
scanId=145041,2.417216666667,989.5356811396292,1229.0
scanId=145041,2.417216666667,989.5537964179044,1471.0
scanId=145041,2.417216666667,989.571911905314,1662.0
scanId=145041,2.417216666667,989.5900275152188,1432.0
scanId=145041,2.417216666667,989.608143334274,1098.0
scanId=145041,2.417216666667,991.5112248206036,1152.0
scanId=145041,2.417216666667,991.5293582168972,1863.0
scanId=145041,2.417216666667,991.5474917348132,2362.0
scanId=145041,2.417216666667,991.565625462753,2638.0
scanId=145041,2.417216666667,991.5837593122988,2358.0
scanId=145041,2.417216666667,991.6018933718844,1646.0
scanId=145041,2.417216666667,991.62002755306,1104.0
scanId=145041,2.417216666667,992.5269491367332,1023.0
scanId=145041,2.417216666667,992.5450918191144,1223.0
scanId=145041,2.417216666667,992.5632346226656,1335.0
scanId=145041,2.417216666667,992.5813776366928,1216.0
scanId=145041,2.417216666667,992.5995207718742,1001.0
scanId=145041,2.417216666667,993.5431934611051,1138.0
scanId=145041,2.417216666667,993.561345429574,1202.0
scanId=145041,2.417216666667,993.5794975187608,1026.0
scanId=145041,2.417216666667,994.5781190482684,1033.0
scanId=145041,2.417216666667,994.5962804230908,1171.0
scanId=145041,2.417216666667,994.6144420092924,1232.0
scanId=145041,2.417216666667,994.6326037157446,1251.0
scanId=145041,2.417216666667,994.6507656335924,1150.0
scanId=145041,2.417216666667,995.522731599526,1252.0
scanId=145041,2.417216666667,995.540901596724,1672.0
scanId=145041,2.417216666667,995.5590718057208,1807.0
scanId=145041,2.417216666667,995.5772421345486,1730.0
scanId=145041,2.417216666667,995.595412675191,1614.0
scanId=145041,2.417216666667,995.613583335649,1321.0
scanId=145041,2.417216666667,996.6495864148022,1087.0
scanId=145041,2.417216666667,996.722308613566,1096.0
scanId=145041,2.417216666667,996.7404895545486,1090.0
scanId=145041,2.417216666667,997.522427904774,1219.0
scanId=145041,2.417216666667,997.5406161416132,1527.0
scanId=145041,2.417216666667,997.5588045911368,1635.0
scanId=145041,2.417216666667,997.5769931596056,1624.0
scanId=145041,2.417216666667,997.5951819407752,1455.0
scanId=145041,2.417216666667,997.613370840874,1159.0
scanId=145041,2.417216666667,998.5230284372064,1039.0
scanId=145041,2.417216666667,998.54122584117,1226.0
scanId=145041,2.417216666667,998.5594233636448,1188.0
scanId=145041,2.417216666667,998.5776210992544,1119.0
scanId=145041,2.417216666667,998.5958189533586,1070.0
scanId=145041,2.417216666667,998.6140170206144,1045.0
scanId=145041,2.417216666667,998.6322152063484,1075.0
scanId=145041,2.417216666667,998.6504136052498,1033.0
scanId=145041,2.417216666667,998.6686121226138,1094.0
scanId=145041,2.417216666667,998.6868108531615,1210.0
scanId=145041,2.417216666667,998.7050097021554,1164.0
scanId=145041,2.417216666667,998.7232087643488,1007.0
scanId=145041,2.417216666667,999.5423370957149,1062.0
scanId=145041,2.417216666667,999.5605437857644,1294.0
scanId=145041,2.417216666667,999.5787505938742,1391.0
scanId=145041,2.417216666667,999.5969576155696,1356.0
scanId=145041,2.417216666667,999.6151647553096,1155.0
scanId=145041,2.417216666667,999.6879950680074,1008.0
scanId=145041,2.417216666667,999.7062030846406,1086.0
scanId=145041,2.417216666667,999.72441121927,1019.0
scanId=145041,2.417216666667,1000.580381738549,1048.0
scanId=145041,2.417216666667,1000.5985978322944,1133.0
scanId=145041,2.417216666667,1000.6168141400756,1193.0
scanId=145041,2.417216666667,1000.6350305654508,1250.0
scanId=145041,2.417216666667,1000.6532472048776,1326.0
scanId=145041,2.417216666667,1000.6714639618828,1149.0
scanId=145041,2.417216666667,1001.5096151439212,1189.0
scanId=145041,2.417216666667,1001.52783974285,1440.0
scanId=145041,2.417216666667,1001.5460644589708,1542.0
scanId=145041,2.417216666667,1001.5642893895454,1666.0
scanId=145041,2.417216666667,1001.5825144372964,1735.0
scanId=145041,2.417216666667,1001.6007396995168,1564.0
scanId=145041,2.417216666667,1001.6189650788976,1549.0
scanId=145041,2.417216666667,1001.6371906727638,1573.0
scanId=145041,2.417216666667,1001.6554163837744,1623.0
scanId=145041,2.417216666667,1001.6736423092864,1592.0
scanId=145041,2.417216666667,1001.6918683519268,1454.0
scanId=145041,2.417216666667,1001.710094609085,1261.0
scanId=145041,2.417216666667,1001.7283209833552,1012.0
scanId=145041,2.417216666667,1002.4939794600436,1216.0
scanId=145041,2.417216666667,1002.5122130134112,1637.0
scanId=145041,2.417216666667,1002.530446683538,1813.0
scanId=145041,2.417216666667,1002.5486805685516,1674.0
scanId=145041,2.417216666667,1002.5669145703082,1433.0
scanId=145041,2.417216666667,1002.5851487869676,1209.0
scanId=145041,2.417216666667,1002.603383120354,1212.0
scanId=145041,2.417216666667,1002.6216176686592,1217.0
scanId=145041,2.417216666667,1002.6398523336752,1052.0
scanId=145041,2.417216666667,1003.4970698119756,1060.0
scanId=145041,2.417216666667,1003.5153124361084,1256.0
scanId=145041,2.417216666667,1003.5335552755608,1477.0
scanId=145041,2.417216666667,1003.5517982313228,1757.0
scanId=145041,2.417216666667,1003.570041402421,1844.0
scanId=145041,2.417216666667,1003.5882846898128,1669.0
scanId=145041,2.417216666667,1003.606528192557,1343.0
scanId=145041,2.417216666667,1003.6247718115789,1006.0
scanId=145041,2.417216666667,1004.537165420333,1052.0
scanId=145041,2.417216666667,1004.55541754587,1437.0
scanId=145041,2.417216666667,1004.5736697872674,1736.0
scanId=145041,2.417216666667,1004.59192224445,1612.0
scanId=145041,2.417216666667,1004.6101748174772,1217.0
scanId=145041,2.417216666667,1005.523016137332,1239.0
scanId=145041,2.417216666667,1005.541277217307,1620.0
scanId=145041,2.417216666667,1005.55953841271,1777.0
scanId=145041,2.417216666667,1005.577799824331,1677.0
scanId=145041,2.417216666667,1005.596061351364,1386.0
scanId=145041,2.417216666667,1005.6143230946308,1130.0
scanId=145041,2.417216666667,1007.5144471441176,1058.0
scanId=145041,2.417216666667,1007.532726247532,1476.0
scanId=145041,2.417216666667,1007.5510055680288,1549.0
scanId=145041,2.417216666667,1007.569285003073,1378.0
scanId=145041,2.417216666667,1007.5875646552156,1249.0
scanId=145041,2.417216666667,1007.6058444218896,1117.0
scanId=145041,2.417216666667,1008.5383337318308,1014.0
scanId=145041,2.417216666667,1008.5566221208808,1190.0
scanId=145041,2.417216666667,1008.5749107274607,1148.0
scanId=145041,2.417216666667,1009.5078481942209,1218.0
scanId=145041,2.417216666667,1009.5261454235924,1537.0
scanId=145041,2.417216666667,1009.5444427666476,1735.0
scanId=145041,2.417216666667,1009.5627403276648,1607.0
scanId=145041,2.417216666667,1009.5810380023498,1290.0
scanId=145041,2.417216666667,1009.5993358950128,1207.0
scanId=145041,2.417216666667,1009.6176339013278,1049.0
scanId=145041,2.417216666667,1013.5555612090384,1017.0
scanId=145041,2.417216666667,1013.5738950313756,1240.0
scanId=145041,2.417216666667,1013.5922290734308,1228.0
scanId=145041,2.417216666667,1013.610563227398,1029.0
scanId=145041,2.417216666667,1013.665566792042,1111.0
scanId=145041,2.417216666667,1013.6839016092688,1019.0
scanId=145041,2.417216666667,1017.537892608166,1023.0
scanId=145041,2.417216666667,1017.5562624679624,1194.0
scanId=145041,2.417216666667,1017.574632437952,1071.0
scanId=145041,2.417216666667,1018.585237706213,1020.0
scanId=145041,2.417216666667,1019.5227925639374,1039.0
scanId=145041,2.417216666667,1019.5411803326028,1289.0
scanId=145041,2.417216666667,1019.5595682106036,1636.0
scanId=145041,2.417216666667,1019.5779563109148,1869.0
scanId=145041,2.417216666667,1019.5963445205452,1904.0
scanId=145041,2.417216666667,1019.6147329525024,1905.0
scanId=145041,2.417216666667,1019.6331214937628,1620.0
scanId=145041,2.417216666667,1019.6515102573652,1223.0
scanId=145041,2.417216666667,1023.5168183963236,1145.0
scanId=145041,2.417216666667,1023.5352420903466,1114.0
scanId=145041,2.417216666667,1023.5905142837366,1212.0
scanId=145041,2.417216666667,1023.6089386410192,1250.0
scanId=145041,2.417216666667,1023.6273632223564,1018.0
scanId=145041,2.417216666667,1024.49350419105,1222.0
scanId=145041,2.417216666667,1024.5119367318828,1287.0
scanId=145041,2.417216666667,1024.5303693799117,1322.0
scanId=145041,2.417216666667,1024.54880225239,1471.0
scanId=145041,2.417216666667,1024.5672352320485,1425.0
scanId=145041,2.417216666667,1024.585668436173,1151.0
scanId=145041,2.417216666667,1025.4890971000118,1016.0
scanId=145041,2.417216666667,1025.5075385952775,1374.0
scanId=145041,2.417216666667,1025.5259801973116,1581.0
scanId=145041,2.417216666667,1025.5444220242232,1535.0
scanId=145041,2.417216666667,1025.5628639578874,1594.0
scanId=145041,2.417216666667,1025.5813061164445,1777.0
scanId=145041,2.417216666667,1025.5997483817382,1774.0
scanId=145041,2.417216666667,1025.618190871941,1474.0
scanId=145041,2.417216666667,1025.6366334688646,1049.0
scanId=145041,2.417216666667,1026.577427324543,1140.0
scanId=145041,2.417216666667,1026.5958785438424,1546.0
scanId=145041,2.417216666667,1026.6143299884773,1575.0
scanId=145041,2.417216666667,1026.6327815394063,1333.0
scanId=145041,2.417216666667,1026.651233315687,1100.0
scanId=145041,2.417216666667,1027.5186524155886,1144.0
scanId=145041,2.417216666667,1027.5371121513642,1353.0
scanId=145041,2.417216666667,1027.5555719930394,1313.0
scanId=145041,2.417216666667,1027.574032060461,1198.0
scanId=145041,2.417216666667,1027.5924922337658,1177.0
scanId=145041,2.417216666667,1027.6109526328326,1033.0
scanId=145041,2.417216666667,1028.5341825066555,1007.0
scanId=145041,2.417216666667,1028.5526513023362,1033.0
scanId=145041,2.417216666667,1028.5711203241892,1013.0
scanId=145041,2.417216666667,1029.568692115721,1210.0
scanId=145041,2.417216666667,1029.5871701970373,1316.0
scanId=145041,2.417216666667,1029.6056485049671,1158.0
scanId=145041,2.417216666667,1029.6241269179131,1038.0
scanId=145041,2.417216666667,1029.6426055574889,1036.0
scanId=145041,2.417216666667,1029.6610843020646,1003.0
scanId=145041,2.417216666667,1031.5652862821603,1255.0
scanId=145041,2.417216666667,1031.5837822714875,1261.0
scanId=145041,2.417216666667,1031.6022784882794,1154.0
scanId=145041,2.417216666667,1032.564308657051,1134.0
scanId=145041,2.417216666667,1032.5828136003838,1293.0
scanId=145041,2.417216666667,1032.6013187716069,1299.0
scanId=145041,2.417216666667,1032.6198240465694,1200.0
scanId=145041,2.417216666667,1032.6383295494377,1035.0
scanId=145041,2.417216666667,1033.5267871999963,1167.0
scanId=145041,2.417216666667,1033.5453007657052,1299.0
scanId=145041,2.417216666667,1033.5638145597122,1470.0
scanId=145041,2.417216666667,1033.5823284570508,1553.0
scanId=145041,2.417216666667,1033.6008425827033,1665.0
scanId=145041,2.417216666667,1033.6193568116717,1597.0
scanId=145041,2.417216666667,1033.63787126897,1241.0
scanId=145041,2.417216666667,1035.5272137717243,1130.0
scanId=145041,2.417216666667,1035.5457452454443,1069.0
scanId=145041,2.417216666667,1037.5852231612496,1093.0
scanId=145041,2.417216666667,1037.6037731046197,1220.0
scanId=145041,2.417216666667,1037.6223231496103,1105.0
scanId=145041,2.417216666667,1039.4596016172325,1003.0
scanId=145041,2.417216666667,1039.4781682437151,1060.0
scanId=145041,2.417216666667,1039.496735101006,1169.0
scanId=145041,2.417216666667,1039.5153020591183,1235.0
scanId=145041,2.417216666667,1039.5338692480543,1088.0
scanId=145041,2.417216666667,1040.4810140692357,1180.0
scanId=145041,2.417216666667,1040.4995898809543,1433.0
scanId=145041,2.417216666667,1040.518165793072,1405.0
scanId=145041,2.417216666667,1040.5367419364363,1393.0
scanId=145041,2.417216666667,1040.555318180184,1437.0
scanId=145041,2.417216666667,1040.5738946551935,1252.0
scanId=145041,2.417216666667,1040.5924712305712,1082.0
scanId=145041,2.417216666667,1040.6110480372265,1029.0
scanId=145041,2.417216666667,1041.5215130547283,1044.0
scanId=145041,2.417216666667,1041.5400981525202,1327.0
scanId=145041,2.417216666667,1041.5586833502734,1536.0
scanId=145041,2.417216666667,1041.5772687797107,1402.0
scanId=145041,2.417216666667,1041.595854309094,1178.0
scanId=145041,2.417216666667,1043.5854676118176,1122.0
scanId=145041,2.417216666667,1043.6040710492125,1231.0
scanId=145041,2.417216666667,1043.62267471915,1106.0
scanId=145041,2.417216666667,1045.576979307485,1058.0
scanId=145041,2.417216666667,1045.5956005546298,1087.0
scanId=145041,2.417216666667,1045.614221900035,1002.0
scanId=145041,2.417216666667,1047.5703895302922,1051.0
scanId=145041,2.417216666667,1047.5890284520792,1007.0
scanId=145041,2.417216666667,1050.4800714128778,1012.0
scanId=145041,2.417216666667,1050.498736201792,1295.0
scanId=145041,2.417216666667,1050.5174012261275,1489.0
scanId=145041,2.417216666667,1050.5360663466718,1570.0
scanId=145041,2.417216666667,1050.5547317026526,1484.0
scanId=145041,2.417216666667,1050.5733971548264,1400.0
scanId=145041,2.417216666667,1050.5920628424528,1313.0
scanId=145041,2.417216666667,1050.6107286262566,1187.0
scanId=145041,2.417216666667,1050.6293946455282,1079.0
scanId=145041,2.417216666667,1051.488209180215,1053.0
scanId=145041,2.417216666667,1051.5068829231354,1532.0
scanId=145041,2.417216666667,1051.5255569018957,1601.0
scanId=145041,2.417216666667,1051.544230976445,1374.0
scanId=145041,2.417216666667,1051.5629052868508,1395.0
scanId=145041,2.417216666667,1051.58157969303,1378.0
scanId=145041,2.417216666667,1051.600254335081,1274.0
scanId=145041,2.417216666667,1051.61892907289,1196.0
scanId=145041,2.417216666667,1051.637604046586,1043.0
scanId=145041,2.417216666667,1053.5620108188004,1068.0
scanId=145041,2.417216666667,1055.600434899607,1066.0
scanId=145041,2.417216666667,1055.6191451218087,1170.0
scanId=145041,2.417216666667,1055.6378555815538,1214.0
scanId=145041,2.417216666667,1055.6565661353854,1109.0
scanId=145041,2.417216666667,1059.6644469916937,1027.0
scanId=145041,2.417216666667,1061.5774176790917,1026.0
scanId=145041,2.417216666667,1061.5961808704326,1291.0
scanId=145041,2.417216666667,1061.614944153408,1334.0
scanId=145041,2.417216666667,1061.633707676394,1202.0
scanId=145041,2.417216666667,1063.529673846249,1159.0
scanId=145041,2.417216666667,1063.5484542831402,1279.0
scanId=145041,2.417216666667,1063.5672348108674,1182.0
scanId=145041,2.417216666667,1065.5589150821977,1282.0
scanId=145041,2.417216666667,1065.5777134279288,1501.0
scanId=145041,2.417216666667,1065.596511863667,1326.0
scanId=145041,2.417216666667,1065.6153105410433,1065.0
scanId=145041,2.417216666667,1066.4614209013605,1053.0
scanId=145041,2.417216666667,1066.4802272065751,1679.0
scanId=145041,2.417216666667,1066.4990336014291,1980.0
scanId=145041,2.417216666667,1066.5178402382894,2068.0
scanId=145041,2.417216666667,1066.5366469647736,1974.0
scanId=145041,2.417216666667,1066.5554539332786,1852.0
scanId=145041,2.417216666667,1066.5742609913932,1631.0
scanId=145041,2.417216666667,1066.5930682915437,1323.0
scanId=145041,2.417216666667,1066.6118756812873,1073.0
scanId=145041,2.417216666667,1067.458381595519,1072.0
scanId=145041,2.417216666667,1067.4771966127491,1510.0
scanId=145041,2.417216666667,1067.4960118723832,1638.0
scanId=145041,2.417216666667,1067.514827221243,1530.0
scanId=145041,2.417216666667,1067.533642812522,1539.0
scanId=145041,2.417216666667,1067.5524584930115,1614.0
scanId=145041,2.417216666667,1067.571274415936,1480.0
scanId=145041,2.417216666667,1067.5900904280554,1439.0
scanId=145041,2.417216666667,1067.6089066826248,1474.0
scanId=145041,2.417216666667,1067.6277230263745,1444.0
scanId=145041,2.417216666667,1067.6465396125884,1296.0
scanId=145041,2.417216666667,1067.6653562879676,1020.0
scanId=145041,2.417216666667,1073.6386123342015,1056.0
scanId=145041,2.417216666667,1073.6574817387248,1022.0
scanId=145041,2.417216666667,1081.5594302680736,1015.0
scanId=145041,2.417216666667,1081.5783692313105,1243.0
scanId=145041,2.417216666667,1081.5973082780993,1348.0
scanId=145041,2.417216666667,1081.6162475729811,1310.0
scanId=145041,2.417216666667,1081.6351869514,1229.0
scanId=145041,2.417216666667,1081.654126577927,1101.0
scanId=145041,2.417216666667,1083.5678787920951,1036.0
scanId=145041,2.417216666667,1083.586835332514,1025.0
scanId=145041,2.417216666667,1083.6057919556845,1114.0
scanId=145041,2.417216666667,1083.624748827748,1041.0
scanId=145041,2.417216666667,1089.6234124686712,1052.0
scanId=145041,2.417216666667,1089.6424218209854,1085.0
scanId=145041,2.417216666667,1089.6614314245858,1028.0
scanId=145041,2.417216666667,1113.591466124301,1169.0
scanId=145041,2.417216666667,1113.6106834085226,1109.0
scanId=145041,2.417216666667,1128.689402573563,1025.0
scanId=145041,2.417216666667,1179.670961254907,1026.0
scanId=145041,2.417216666667,1179.6907406046405,1007.0
scanId=145041,2.417216666667,1187.635601099389,1107.0
scanId=145041,2.417216666667,1187.6554471094446,1061.0
scanId=145041,2.417216666667,1187.6752931638362,1032.0
scanId=145041,2.417216666667,1187.6951395055348,1061.0
scanId=145041,2.417216666667,1187.7149858915564,1014.0
scanId=145041,2.417216666667,1205.6240233799374,1090.0
scanId=145041,2.417216666667,1207.6644371958942,1162.0
scanId=145041,2.417216666667,1207.6844497284635,1137.0
scanId=145041,2.417216666667,1233.659002106761,1101.0
scanId=145041,2.417216666667,1233.679228872205,1256.0
scanId=145041,2.417216666667,1233.699455939988,1259.0
scanId=145041,2.417216666667,1233.7196830370617,1073.0
scanId=145041,2.417216666667,1235.702749623698,1086.0
scanId=145041,2.417216666667,1235.7229932736068,1109.0
scanId=145041,2.417216666667,1241.7223820469237,1175.0
scanId=145041,2.417216666667,1241.7426748067048,1272.0
scanId=145041,2.417216666667,1241.762967871337,1109.0
scanId=145041,2.417216666667,1242.7169256148793,1175.0
scanId=145041,2.417216666667,1242.7372266389284,1163.0
scanId=145041,2.417216666667,1246.6380821570835,1121.0
scanId=145041,2.417216666667,1246.6584150440754,1150.0
scanId=145041,2.417216666667,1246.7194149810496,1026.0
scanId=145041,2.417216666667,1248.6518492389555,1014.0
scanId=145041,2.417216666667,1248.6721986827824,1174.0
scanId=145041,2.417216666667,1248.6925481512658,1135.0
scanId=145041,2.417216666667,1255.6618162351974,1002.0
scanId=145041,2.417216666667,1255.6822227214825,1254.0
scanId=145041,2.417216666667,1255.7026292302978,1327.0
scanId=145041,2.417216666667,1255.723036048225,1340.0
scanId=145041,2.417216666667,1255.74344288867,1341.0
scanId=145041,2.417216666667,1255.763850038239,1196.0
scanId=145041,2.417216666667,1256.7231696711929,1288.0
scanId=145041,2.417216666667,1256.743584780173,1492.0
scanId=145041,2.417216666667,1256.763999911364,1363.0
scanId=145041,2.417216666667,1256.7844153519864,1017.0
scanId=145041,2.417216666667,1265.7218007288686,1016.0
scanId=145041,2.417216666667,1265.742288799096,1032.0
scanId=145041,2.417216666667,1269.679056514291,1144.0
scanId=145041,2.417216666667,1269.6995764405103,1403.0
scanId=145041,2.417216666667,1269.7200966800035,1723.0
scanId=145041,2.417216666667,1269.7406169378528,2025.0
scanId=145041,2.417216666667,1269.7611375089878,2074.0
scanId=145041,2.417216666667,1269.7816580984668,1756.0
scanId=145041,2.417216666667,1269.8021790012444,1428.0
scanId=145041,2.417216666667,1269.8226999223534,1084.0
scanId=145041,2.417216666667,1271.6497326389788,1570.0
scanId=145041,2.417216666667,1271.6702684834304,2676.0
scanId=145041,2.417216666667,1271.690804641733,3421.0
scanId=145041,2.417216666667,1271.7113408178143,3456.0
scanId=145041,2.417216666667,1271.7318773077586,3155.0
scanId=145041,2.417216666667,1271.75241381547,2578.0
scanId=145041,2.417216666667,1271.7729506370565,1832.0
scanId=145041,2.417216666667,1271.793487476397,1324.0
scanId=145041,2.417216666667,1272.6561875716266,1265.0
scanId=145041,2.417216666667,1272.676731689333,2280.0
scanId=145041,2.417216666667,1272.6972758245306,3173.0
scanId=145041,2.417216666667,1272.717820273879,3275.0
scanId=145041,2.417216666667,1272.7383647407064,2865.0
scanId=145041,2.417216666667,1272.7589095216963,2317.0
scanId=145041,2.417216666667,1272.7794543201535,1710.0
scanId=145041,2.417216666667,1272.7999994327856,1361.0
scanId=145041,2.417216666667,1272.8205445628726,1185.0
scanId=145041,2.417216666667,1272.8410900071462,1016.0
scanId=145041,2.417216666667,1273.6630407814098,1029.0
scanId=145041,2.417216666667,1273.6835928757234,1442.0
scanId=145041,2.417216666667,1273.704145284475,1995.0
scanId=145041,2.417216666667,1273.7246977104192,2113.0
scanId=145041,2.417216666667,1273.7452504508128,1755.0
scanId=145041,2.417216666667,1273.765803208386,1341.0
scanId=145041,2.417216666667,1273.7863562804216,1041.0
scanId=145041,2.417216666667,1288.6895724030828,1087.0
scanId=145041,2.417216666667,1288.7102455294018,1228.0
scanId=145041,2.417216666667,1288.7309186686057,1093.0
scanId=145041,2.417216666667,1289.6613850718388,1131.0
scanId=145041,2.417216666667,1289.6820658385288,1526.0
scanId=145041,2.417216666667,1289.7027469242444,1666.0
scanId=145041,2.417216666667,1289.7234280225643,1652.0
scanId=145041,2.417216666667,1289.7441094399214,1506.0
scanId=145041,2.417216666667,1289.7647908698711,1241.0
scanId=145041,2.417216666667,1290.6749413182713,1055.0
scanId=145041,2.417216666667,1290.6956303633829,1249.0
scanId=145041,2.417216666667,1290.716319420819,1322.0
scanId=145041,2.417216666667,1290.737008797572,1244.0
scanId=145041,2.417216666667,1290.7576981866382,1009.0
scanId=145041,2.417216666667,1291.7095928633594,1025.0
scanId=145041,2.417216666667,1291.730290199508,1103.0
scanId=145041,2.417216666667,1291.75098754769,1039.0
scanId=145041,2.417216666667,1292.7239536457182,1039.0
scanId=145041,2.417216666667,1292.7446589530164,1068.0
scanId=145041,2.417216666667,1293.6765729464692,1022.0
scanId=145041,2.417216666667,1293.6972858812535,1342.0
scanId=145041,2.417216666667,1293.7179991361922,1394.0
scanId=145041,2.417216666667,1293.7387124026063,1125.0
scanId=145041,2.417216666667,1305.7387714531117,1037.0
scanId=145041,2.417216666667,1306.716990329114,1063.0
scanId=145041,2.417216666667,1327.742862072956,1134.0
scanId=145041,2.417216666667,1327.7638459493164,1217.0
scanId=145041,2.417216666667,1327.78483015505,1145.0
scanId=145041,2.417216666667,1328.7082957685934,1176.0
scanId=145041,2.417216666667,1328.7292872724404,1248.0
scanId=145041,2.417216666667,1328.750279105912,1277.0
scanId=145041,2.417216666667,1328.7712709413886,1148.0
scanId=145041,2.417216666667,1329.695079465721,1055.0
scanId=145041,2.417216666667,1329.7160789269303,1147.0
scanId=145041,2.417216666667,1329.7370783898932,1213.0
scanId=145041,2.417216666667,1329.7580781827437,1197.0
scanId=145041,2.417216666667,1329.7790779773363,1059.0
scanId=145041,2.417216666667,1343.7596052758,1028.0
scanId=145041,2.417216666667,1343.7807155049804,1004.0
scanId=145041,2.417216666667,1351.751055215843,1161.0
scanId=145041,2.417216666667,1351.772228125063,1036.0
scanId=145041,2.417216666667,1581.372938217991,1019.0
scanId=145041,2.417216666667,1816.4105930281653,1200.0
scanId=145041,2.417216666667,1816.4351366880576,1327.0
scanId=145041,2.417216666667,1816.4596802790836,1480.0
scanId=145041,2.417216666667,1816.4842242706088,1602.0
scanId=145041,2.417216666667,1816.508768193264,1512.0
scanId=145041,2.417216666667,1816.533312516421,1305.0
scanId=145041,2.417216666667,1816.5578567707064,1273.0
scanId=145041,2.417216666667,1816.582401425496,1152.0
scanId=145041,2.417216666667,1892.4151508884163,1087.0
scanId=145041,2.417216666667,1892.4402025363515,1209.0
scanId=145041,2.417216666667,1892.4652545879508,1210.0
scanId=145041,2.417216666667,1892.4903065675155,1116.0
