ScanNumber,RetentionTime,m/z,Intensity
scanId=259880,4.331200260417,102.11665657812496,1443.0
scanId=259880,4.331200260417,102.1224760169524,3457.0
scanId=259880,4.331200260417,102.12829562159484,3884.0
scanId=259880,4.331200260417,102.13411539205212,2980.0
scanId=259880,4.331200260417,102.13993532832436,2036.0
scanId=259880,4.331200260417,102.14575543041148,1362.0
scanId=259880,4.331200260417,118.11390949017392,1686.0
scanId=259880,4.331200260417,118.12016852331502,2814.0
scanId=259880,4.331200260417,118.12642737167585,2690.0
scanId=259880,4.331200260417,118.1326867363697,1978.0
scanId=259880,4.331200260417,118.13894591636036,1302.0
scanId=259880,4.331200260417,138.11642444615794,1261.0
scanId=259880,4.331200260417,138.12319234631775,2060.0
scanId=259880,4.331200260417,138.12996065258886,2073.0
scanId=259880,4.331200260417,138.13672888437856,1525.0
scanId=259880,4.331200260417,138.14349752221278,1025.0
scanId=259880,4.331200260417,164.9133108382317,2222.0
scanId=259880,4.331200260417,164.92070618204218,3563.0
scanId=259880,4.331200260417,164.92810181709092,3752.0
scanId=259880,4.331200260417,164.93549749253123,2969.0
scanId=259880,4.331200260417,164.94289345915482,2045.0
scanId=259880,4.331200260417,164.95028946622497,1342.0
scanId=259880,4.331200260417,219.1712578550992,1461.0
scanId=259880,4.331200260417,219.17978339339248,1525.0
scanId=259880,4.331200260417,219.18830906813864,1180.0
scanId=259880,4.331200260417,224.16976761516983,1106.0
scanId=259880,4.331200260417,224.17838978379257,1054.0
scanId=259880,4.331200260417,289.14467732342854,1003.0
scanId=259880,4.331200260417,289.15446968769714,1126.0
scanId=259880,4.331200260417,304.2806546324098,1513.0
scanId=259880,4.331200260417,304.29070003024367,2374.0
scanId=259880,4.331200260417,304.3007454447232,2414.0
scanId=259880,4.331200260417,304.31079117418693,1811.0
scanId=259880,4.331200260417,304.32083692027953,1258.0
scanId=259880,4.331200260417,305.14515847030395,1209.0
scanId=259880,4.331200260417,305.1552181282208,1538.0
scanId=259880,4.331200260417,305.1652778020669,1374.0
scanId=259880,4.331200260417,305.1753377916136,1068.0
scanId=259880,4.331200260417,305.2960697000758,1192.0
scanId=259880,4.331200260417,305.30613169521496,1163.0
scanId=259880,4.331200260417,306.84758191900096,1176.0
scanId=259880,4.331200260417,306.8576694483737,1340.0
scanId=259880,4.331200260417,306.8677572948266,1151.0
scanId=259880,4.331200260417,331.1892409601587,1219.0
scanId=259880,4.331200260417,331.1997211247082,1605.0
scanId=259880,4.331200260417,331.2102012870541,1330.0
scanId=259880,4.331200260417,331.2626050900266,1424.0
scanId=259880,4.331200260417,331.2730862472257,1891.0
scanId=259880,4.331200260417,331.2835677382945,1570.0
scanId=259880,4.331200260417,331.29404922711143,1077.0
scanId=259880,4.331200260417,332.26956035024017,1079.0
scanId=259880,4.331200260417,332.28005742509566,1207.0
scanId=259880,4.331200260417,332.29055483439663,1034.0
scanId=259880,4.331200260417,335.16252600377885,1508.0
scanId=259880,4.331200260417,335.17306884636747,6258.0
scanId=259880,4.331200260417,335.1836116845284,14566.0
scanId=259880,4.331200260417,335.1941548587468,19491.0
scanId=259880,4.331200260417,335.2046980285262,17146.0
scanId=259880,4.331200260417,335.21524153437446,11998.0
scanId=259880,4.331200260417,335.22578503577205,8094.0
scanId=259880,4.331200260417,335.2363288732502,5701.0
scanId=259880,4.331200260417,335.2468727062663,4003.0
scanId=259880,4.331200260417,335.2574168753742,2671.0
scanId=259880,4.331200260417,335.26796104000863,1761.0
scanId=259880,4.331200260417,335.27850554074644,1104.0
scanId=259880,4.331200260417,336.17538682380933,1144.0
scanId=259880,4.331200260417,336.18594558463013,2870.0
scanId=259880,4.331200260417,336.19650434047736,3829.0
scanId=259880,4.331200260417,336.20706343292807,3317.0
scanId=259880,4.331200260417,336.2176225203939,2327.0
scanId=259880,4.331200260417,336.2281819444744,1573.0
scanId=259880,4.331200260417,336.2387413635587,1077.0
scanId=259880,4.331200260417,339.18071397180114,1000.0
scanId=259880,4.331200260417,339.1913198240587,3073.0
scanId=259880,4.331200260417,339.20192566977306,4978.0
scanId=259880,4.331200260417,339.21253185366044,4777.0
scanId=259880,4.331200260417,339.2231380309938,3717.0
scanId=259880,4.331200260417,339.2337445465112,2660.0
scanId=259880,4.331200260417,339.24435105546354,1860.0
scanId=259880,4.331200260417,339.25495790261056,1305.0
scanId=259880,4.331200260417,340.19962361921824,1065.0
scanId=259880,4.331200260417,340.21024538970795,1165.0
scanId=259880,4.331200260417,340.3908393014691,1041.0
scanId=259880,4.331200260417,349.1695064744487,1612.0
scanId=259880,4.331200260417,349.18026718659985,2381.0
scanId=259880,4.331200260417,349.191028241621,2224.0
scanId=259880,4.331200260417,349.20178928539264,1626.0
scanId=259880,4.331200260417,349.21255067204345,1185.0
scanId=259880,4.331200260417,357.1669537147531,1478.0
scanId=259880,4.331200260417,357.1778371411838,1790.0
scanId=259880,4.331200260417,357.188720553148,1595.0
scanId=259880,4.331200260417,357.1996043112086,1374.0
scanId=259880,4.331200260417,357.21048805479467,1226.0
scanId=259880,4.331200260417,363.2107464744368,1021.0
scanId=259880,4.331200260417,368.4093921748676,2354.0
scanId=259880,4.331200260417,368.4204453775416,3508.0
scanId=259880,4.331200260417,368.4314989300784,3269.0
scanId=259880,4.331200260417,368.4425524643756,2377.0
scanId=259880,4.331200260417,368.4536063485422,1626.0
scanId=259880,4.331200260417,368.4646602144627,1102.0
scanId=259880,4.331200260417,369.41592090568014,1482.0
scanId=259880,4.331200260417,369.4269893815596,1527.0
scanId=259880,4.331200260417,369.4380578389065,1157.0
scanId=259880,4.331200260417,379.22022856366925,1958.0
scanId=259880,4.331200260417,379.2314429566768,3260.0
scanId=259880,4.331200260417,379.2426573286002,3230.0
scanId=259880,4.331200260417,379.2538720532376,2448.0
scanId=259880,4.331200260417,379.2650867567857,1747.0
scanId=259880,4.331200260417,379.2763018130529,1234.0
scanId=259880,4.331200260417,389.23246738094537,1345.0
scanId=259880,4.331200260417,389.2438286628799,1500.0
scanId=259880,4.331200260417,389.2551902995348,1193.0
scanId=259880,4.331200260417,393.1962378804071,1572.0
scanId=259880,4.331200260417,393.2076568652948,1845.0
scanId=259880,4.331200260417,393.2190762055412,1458.0
scanId=259880,4.331200260417,415.402866129834,1091.0
scanId=259880,4.331200260417,419.261531060598,1392.0
scanId=259880,4.331200260417,419.273322463616,1347.0
scanId=259880,4.331200260417,419.285114224169,1023.0
scanId=259880,4.331200260417,429.3202708761225,1012.0
scanId=259880,4.331200260417,437.2194817693388,1838.0
scanId=259880,4.331200260417,437.2315232471585,2385.0
scanId=259880,4.331200260417,437.2435646993949,2243.0
scanId=259880,4.331200260417,437.2556065088445,1930.0
scanId=259880,4.331200260417,437.267648292712,1627.0
scanId=259880,4.331200260417,437.27969043379136,1367.0
scanId=259880,4.331200260417,437.29173254929015,1044.0
scanId=259880,4.331200260417,469.31184651494607,1704.0
scanId=259880,4.331200260417,469.32432209622175,2094.0
scanId=259880,4.331200260417,469.3367976555728,1838.0
scanId=259880,4.331200260417,469.3492735684784,1418.0
scanId=259880,4.331200260417,469.36174945946345,1069.0
scanId=259880,4.331200260417,469.3867019266182,1122.0
scanId=259880,4.331200260417,469.39917850278334,1035.0
scanId=259880,4.331200260417,470.3228983323337,1162.0
scanId=259880,4.331200260417,470.3353871570481,1363.0
scanId=259880,4.331200260417,470.3478763351471,1243.0
scanId=259880,4.331200260417,470.3603654914956,1060.0
scanId=259880,4.331200260417,472.2731743336156,1523.0
scanId=259880,4.331200260417,472.285689025798,1765.0
scanId=259880,4.331200260417,472.2982040710244,1419.0
scanId=259880,4.331200260417,473.3375229960354,1141.0
scanId=259880,4.331200260417,473.35005196971474,1116.0
scanId=259880,4.331200260417,481.2383052801943,1094.0
scanId=259880,4.331200260417,481.2509383856423,1809.0
scanId=259880,4.331200260417,481.26357147139305,2127.0
scanId=259880,4.331200260417,481.2762049084709,1767.0
scanId=259880,4.331200260417,481.2888383258567,1336.0
scanId=259880,4.331200260417,481.3014720945644,1046.0
scanId=259880,4.331200260417,487.3593520110084,1055.0
scanId=259880,4.331200260417,487.3720650208514,1295.0
scanId=259880,4.331200260417,487.3847783807199,1353.0
scanId=259880,4.331200260417,487.39749172219854,1137.0
scanId=259880,4.331200260417,501.37951678132345,1255.0
scanId=259880,4.331200260417,501.3924115427124,2116.0
scanId=259880,4.331200260417,501.4053062890778,2350.0
scanId=259880,4.331200260417,501.41820138209664,2027.0
scanId=259880,4.331200260417,501.43109646009856,1531.0
scanId=259880,4.331200260417,501.4439918847472,1084.0
scanId=259880,4.331200260417,502.3987067590701,1127.0
scanId=259880,4.331200260417,502.4116144392603,1132.0
scanId=259880,4.331200260417,515.3893026667076,1478.0
scanId=259880,4.331200260417,515.4023761654051,3557.0
scanId=259880,4.331200260417,515.4154500069059,5409.0
scanId=259880,4.331200260417,515.4285238372408,5359.0
scanId=259880,4.331200260417,515.4415980103714,4047.0
scanId=259880,4.331200260417,515.4546721723439,2798.0
scanId=259880,4.331200260417,515.4677466771043,1925.0
scanId=259880,4.331200260417,515.4808211707142,1311.0
scanId=259880,4.331200260417,516.4095404155182,1226.0
scanId=259880,4.331200260417,516.4226268480777,1390.0
scanId=259880,4.331200260417,516.4357136231421,1193.0
scanId=259880,4.331200260417,516.5011494556641,1091.0
scanId=259880,4.331200260417,516.5142372256179,1516.0
scanId=259880,4.331200260417,516.5273249847274,1561.0
scanId=259880,4.331200260417,516.5404130863111,1253.0
scanId=259880,4.331200260417,517.352193748424,1075.0
scanId=259880,4.331200260417,517.3652921199352,1059.0
scanId=259880,4.331200260417,517.5224865702709,1107.0
scanId=259880,4.331200260417,517.5355872737883,1191.0
scanId=259880,4.331200260417,523.3027719138431,1119.0
scanId=259880,4.331200260417,523.3159455759245,1756.0
scanId=259880,4.331200260417,523.3291192292103,1699.0
scanId=259880,4.331200260417,523.3422932229216,1314.0
scanId=259880,4.331200260417,525.2674629401436,1647.0
scanId=259880,4.331200260417,525.2806611346432,1921.0
scanId=259880,4.331200260417,525.2938596689623,1849.0
scanId=259880,4.331200260417,525.3070581951,1675.0
scanId=259880,4.331200260417,525.320257061049,1376.0
scanId=259880,4.331200260417,525.3334559188247,1115.0
scanId=259880,4.331200260417,529.4066214761406,1939.0
scanId=259880,4.331200260417,529.4198717447142,3456.0
scanId=259880,4.331200260417,529.4331220064133,4086.0
scanId=259880,4.331200260417,529.4463726066169,3591.0
scanId=259880,4.331200260417,529.4596231999545,2698.0
scanId=259880,4.331200260417,529.472874131788,1937.0
scanId=259880,4.331200260417,529.4861250567639,1377.0
scanId=259880,4.331200260417,529.499376320227,1044.0
scanId=259880,4.331200260417,530.4141079040554,1256.0
scanId=259880,4.331200260417,530.427370774563,1801.0
scanId=259880,4.331200260417,530.4406336385205,2026.0
scanId=259880,4.331200260417,530.4538968406579,1680.0
scanId=259880,4.331200260417,530.4671600362535,1253.0
scanId=259880,4.331200260417,531.4092769567288,1239.0
scanId=259880,4.331200260417,531.4225520913084,1438.0
scanId=259880,4.331200260417,531.4358275637496,1250.0
scanId=259880,4.331200260417,543.4374811921109,1540.0
scanId=259880,4.331200260417,543.4509058979786,1955.0
scanId=259880,4.331200260417,543.4643306016657,1649.0
scanId=259880,4.331200260417,543.4777556391632,1136.0
scanId=259880,4.331200260417,559.2713041525108,1482.0
scanId=259880,4.331200260417,559.2849228653672,1688.0
scanId=259880,4.331200260417,559.2985419063191,1527.0
scanId=259880,4.331200260417,559.3121609508155,1429.0
scanId=259880,4.331200260417,559.3257803233972,1374.0
scanId=259880,4.331200260417,559.3393996995338,1273.0
scanId=259880,4.331200260417,559.3530194037454,1060.0
scanId=259880,4.331200260417,560.3068050759549,1020.0
scanId=259880,4.331200260417,561.2750461764006,1112.0
scanId=259880,4.331200260417,561.2886894263305,1244.0
scanId=259880,4.331200260417,561.3023326805529,1168.0
scanId=259880,4.331200260417,569.2983652618109,1198.0
scanId=259880,4.331200260417,569.3121056792829,1258.0
scanId=259880,4.331200260417,577.3509509284074,1051.0
scanId=259880,4.331200260417,577.3647881817918,1051.0
scanId=259880,4.331200260417,583.2884142414231,2814.0
scanId=259880,4.331200260417,583.3023224635924,17411.0
scanId=259880,4.331200260417,583.3162306987185,56283.0
scanId=259880,4.331200260417,583.3301392525177,105515.0
scanId=259880,4.331200260417,583.3440478192852,130462.0
scanId=259880,4.331200260417,583.3579567047142,116608.0
scanId=259880,4.331200260417,583.3718656031227,86121.0
scanId=259880,4.331200260417,583.3857748201817,59455.0
scanId=259880,4.331200260417,583.3996840502316,40750.0
scanId=259880,4.331200260417,583.4135935989202,28168.0
scanId=259880,4.331200260417,583.4275031606113,19522.0
scanId=259880,4.331200260417,583.4414130409299,13154.0
scanId=259880,4.331200260417,583.4553229342621,8619.0
scanId=259880,4.331200260417,583.4692331462105,5742.0
scanId=259880,4.331200260417,583.4831433711838,4009.0
scanId=259880,4.331200260417,583.497053914762,3042.0
scanId=259880,4.331200260417,583.5109644713767,2265.0
scanId=259880,4.331200260417,583.5248753465847,1711.0
scanId=259880,4.331200260417,583.5387862348408,1246.0
scanId=259880,4.331200260417,583.7892119532137,2262.0
scanId=259880,4.331200260417,583.8031261447201,13890.0
scanId=259880,4.331200260417,583.8170403493882,44095.0
scanId=259880,4.331200260417,583.8309548725247,84651.0
scanId=259880,4.331200260417,583.844869408834,105459.0
scanId=259880,4.331200260417,583.8587842636001,94193.0
scanId=259880,4.331200260417,583.8726991315507,70554.0
scanId=259880,4.331200260417,583.8866143179465,49746.0
scanId=259880,4.331200260417,583.9005295175383,34490.0
scanId=259880,4.331200260417,583.9144450355641,23712.0
scanId=259880,4.331200260417,583.9283605667971,16325.0
scanId=259880,4.331200260417,583.9422764164526,11091.0
scanId=259880,4.331200260417,583.956192279327,7471.0
scanId=259880,4.331200260417,583.9701084606124,5223.0
scanId=259880,4.331200260417,583.984024655128,3845.0
scanId=259880,4.331200260417,583.9979411680432,2934.0
scanId=259880,4.331200260417,584.0118576942,2206.0
scanId=259880,4.331200260417,584.025774538745,1753.0
scanId=259880,4.331200260417,584.039691396543,1347.0
scanId=259880,4.331200260417,584.053608572718,1124.0
scanId=259880,4.331200260417,584.0675257621572,1123.0
scanId=259880,4.331200260417,584.0814432699619,1051.0
scanId=259880,4.331200260417,584.1927886916488,1082.0
scanId=259880,4.331200260417,584.2067075392943,1104.0
scanId=259880,4.331200260417,584.2206267052482,1124.0
scanId=259880,4.331200260417,584.2345458845349,1064.0
scanId=259880,4.331200260417,584.2902245648297,1610.0
scanId=259880,4.331200260417,584.3041447256732,6417.0
scanId=259880,4.331200260417,584.3180648998836,18839.0
scanId=259880,4.331200260417,584.3319853923568,35256.0
scanId=259880,4.331200260417,584.3459058982085,44131.0
scanId=259880,4.331200260417,584.3598267223116,40330.0
scanId=259880,4.331200260417,584.3737475598045,30352.0
scanId=259880,4.331200260417,584.3876687155374,21107.0
scanId=259880,4.331200260417,584.4015898846717,14777.0
scanId=259880,4.331200260417,584.4155113720346,10532.0
scanId=259880,4.331200260417,584.4294328728101,7410.0
scanId=259880,4.331200260417,584.4433546918028,5239.0
scanId=259880,4.331200260417,584.4572765242195,3850.0
scanId=259880,4.331200260417,584.471198674842,2931.0
scanId=259880,4.331200260417,584.4851208389,2397.0
scanId=259880,4.331200260417,584.4990433211523,2020.0
scanId=259880,4.331200260417,584.5129658168514,1608.0
scanId=259880,4.331200260417,584.5268886307335,1449.0
scanId=259880,4.331200260417,584.5408114580741,1222.0
scanId=259880,4.331200260417,584.5547346035861,1048.0
scanId=259880,4.331200260417,584.568657762568,1028.0
scanId=259880,4.331200260417,584.5965047303329,1001.0
scanId=259880,4.331200260417,584.6104285391045,1140.0
scanId=259880,4.331200260417,584.6243523613688,1246.0
scanId=259880,4.331200260417,584.6382765017702,1214.0
scanId=259880,4.331200260417,584.6522006556758,1034.0
scanId=259880,4.331200260417,584.7914520762778,1017.0
scanId=259880,4.331200260417,584.8053782064583,2483.0
scanId=259880,4.331200260417,584.8193043502115,6069.0
scanId=259880,4.331200260417,584.8332308120218,10985.0
scanId=259880,4.331200260417,584.8471572874162,13352.0
scanId=259880,4.331200260417,584.8610840808566,11629.0
scanId=259880,4.331200260417,584.8750108878924,8442.0
scanId=259880,4.331200260417,584.8889380129623,6006.0
scanId=259880,4.331200260417,584.9028651516393,4427.0
scanId=259880,4.331200260417,584.9167926083392,3212.0
scanId=259880,4.331200260417,584.9307200786575,2276.0
scanId=259880,4.331200260417,584.9446478669871,1693.0
scanId=259880,4.331200260417,584.9585756689468,1320.0
scanId=259880,4.331200260417,584.9725037889064,1077.0
scanId=259880,4.331200260417,585.0142888393389,1029.0
scanId=259880,4.331200260417,585.028217622558,1040.0
scanId=259880,4.331200260417,585.3207587003798,1472.0
scanId=259880,4.331200260417,585.3346911315272,2503.0
scanId=259880,4.331200260417,585.3486235764648,3124.0
scanId=259880,4.331200260417,585.362556339242,2905.0
scanId=259880,4.331200260417,585.376489115821,2268.0
scanId=259880,4.331200260417,585.390422210228,1657.0
scanId=259880,4.331200260417,585.4043553184483,1295.0
scanId=259880,4.331200260417,591.3129621969807,1231.0
scanId=259880,4.331200260417,591.3269656131847,2063.0
scanId=259880,4.331200260417,591.3409693447469,2461.0
scanId=259880,4.331200260417,591.3549730925926,2307.0
scanId=259880,4.331200260417,591.3689771557848,1943.0
scanId=259880,4.331200260417,591.3829812352722,1499.0
scanId=259880,4.331200260417,591.396985630094,1114.0
scanId=259880,4.331200260417,591.8312017230527,1703.0
scanId=259880,4.331200260417,591.845211423952,2234.0
scanId=259880,4.331200260417,591.8592211413461,1985.0
scanId=259880,4.331200260417,591.8732311738752,1541.0
scanId=259880,4.331200260417,591.8872412229108,1170.0
scanId=259880,4.331200260417,592.3216373775605,1329.0
scanId=259880,4.331200260417,592.3356527328617,1932.0
scanId=259880,4.331200260417,592.3496684030981,2022.0
scanId=259880,4.331200260417,592.3636840900409,1674.0
scanId=259880,4.331200260417,592.3777000919071,1216.0
scanId=259880,4.331200260417,594.2854109657956,2528.0
scanId=259880,4.331200260417,594.2994495360122,9410.0
scanId=259880,4.331200260417,594.3134884203371,22759.0
scanId=259880,4.331200260417,594.3275273221955,34542.0
scanId=259880,4.331200260417,594.3415665381503,35213.0
scanId=259880,4.331200260417,594.3556057716504,27800.0
scanId=259880,4.331200260417,594.369645319235,19589.0
scanId=259880,4.331200260417,594.3836848843769,13372.0
scanId=259880,4.331200260417,594.3977247635912,9224.0
scanId=259880,4.331200260417,594.4117646603747,6318.0
scanId=259880,4.331200260417,594.425804871219,4280.0
scanId=259880,4.331200260417,594.4398450996441,3008.0
scanId=259880,4.331200260417,594.4538856421183,2136.0
scanId=259880,4.331200260417,594.4679262021851,1500.0
scanId=259880,4.331200260417,594.4819670762893,1091.0
scanId=259880,4.331200260417,594.79090662809,2997.0
scanId=259880,4.331200260417,594.8049511678574,10265.0
scanId=259880,4.331200260417,594.8189960215194,21488.0
scanId=259880,4.331200260417,594.8330408929285,28930.0
scanId=259880,4.331200260417,594.8470860782203,27395.0
scanId=259880,4.331200260417,594.861131281271,20891.0
scanId=259880,4.331200260417,594.8751767981927,14491.0
scanId=259880,4.331200260417,594.8892223328852,9936.0
scanId=259880,4.331200260417,594.9032681814366,6828.0
scanId=259880,4.331200260417,594.9173140477709,4720.0
scanId=259880,4.331200260417,594.9313602279524,3196.0
scanId=259880,4.331200260417,594.9454064259284,2170.0
scanId=259880,4.331200260417,594.9594529377395,1549.0
scanId=259880,4.331200260417,594.9734994673571,1057.0
scanId=259880,4.331200260417,595.2966171903668,2962.0
scanId=259880,4.331200260417,595.3106676996852,7627.0
scanId=259880,4.331200260417,595.3247185226842,12759.0
scanId=259880,4.331200260417,595.3387693636442,14787.0
scanId=259880,4.331200260417,595.3528205182731,12773.0
scanId=259880,4.331200260417,595.3668716908751,9438.0
scanId=259880,4.331200260417,595.3809231771339,6774.0
scanId=259880,4.331200260417,595.3949746813776,4851.0
scanId=259880,4.331200260417,595.409026499266,3462.0
scanId=259880,4.331200260417,595.4230783351514,2468.0
scanId=259880,4.331200260417,595.4371304846698,1700.0
scanId=259880,4.331200260417,595.4511826521968,1240.0
scanId=259880,4.331200260417,595.4652351333451,1001.0
scanId=259880,4.331200260417,595.8025426526327,1208.0
scanId=259880,4.331200260417,595.8165991315027,2768.0
scanId=259880,4.331200260417,595.8306559238388,4532.0
scanId=259880,4.331200260417,595.8447127343504,5015.0
scanId=259880,4.331200260417,595.8587698583164,4426.0
scanId=259880,4.331200260417,595.8728270004697,3521.0
scanId=259880,4.331200260417,595.8868844560654,2538.0
scanId=259880,4.331200260417,595.9009419298606,1769.0
scanId=259880,4.331200260417,595.9149997170861,1283.0
scanId=259880,4.331200260417,595.929057522523,1054.0
scanId=259880,4.331200260417,596.3368082249899,1592.0
scanId=259880,4.331200260417,596.3508710050532,1784.0
scanId=259880,4.331200260417,596.3649340983562,1706.0
scanId=259880,4.331200260417,596.3789972100616,1405.0
scanId=259880,4.331200260417,599.3218419086144,1257.0
scanId=259880,4.331200260417,599.3359398427132,1469.0
scanId=259880,4.331200260417,599.3500380887788,1379.0
scanId=259880,4.331200260417,599.3641363545196,1194.0
scanId=259880,4.331200260417,600.3373222557426,1180.0
scanId=259880,4.331200260417,600.3514321289508,1180.0
scanId=259880,4.331200260417,602.3001950463268,1468.0
scanId=259880,4.331200260417,602.3143281135253,1968.0
scanId=259880,4.331200260417,602.3284612016727,2075.0
scanId=259880,4.331200260417,602.342594600501,1922.0
scanId=259880,4.331200260417,602.3567280202905,1591.0
scanId=259880,4.331200260417,602.3708617507485,1204.0
scanId=259880,4.331200260417,602.8090873231495,1664.0
scanId=259880,4.331200260417,602.8232263596849,2033.0
scanId=259880,4.331200260417,602.8373654173893,1945.0
scanId=259880,4.331200260417,602.8515047855547,1492.0
scanId=259880,4.331200260417,603.3323395059359,1779.0
scanId=259880,4.331200260417,603.346484533197,2412.0
scanId=259880,4.331200260417,603.3606298706994,2298.0
scanId=259880,4.331200260417,603.3747752296027,1776.0
scanId=259880,4.331200260417,603.3889208987349,1220.0
scanId=259880,4.331200260417,603.8275165770747,1071.0
scanId=259880,4.331200260417,603.8416675522843,1586.0
scanId=259880,4.331200260417,603.855818549103,1913.0
scanId=259880,4.331200260417,603.8699698559425,1777.0
scanId=259880,4.331200260417,603.8841211844033,1391.0
scanId=259880,4.331200260417,603.8982728228726,1042.0
scanId=259880,4.331200260417,604.3370535541907,1354.0
scanId=259880,4.331200260417,604.3512104987374,1570.0
scanId=259880,4.331200260417,604.3653674651139,1529.0
scanId=259880,4.331200260417,604.3795247412904,1306.0
scanId=259880,4.331200260417,605.2859307105838,3640.0
scanId=259880,4.331200260417,605.3000986211506,8478.0
scanId=259880,4.331200260417,605.3142668411117,13461.0
scanId=259880,4.331200260417,605.3284350833206,15193.0
scanId=259880,4.331200260417,605.3426036349116,12871.0
scanId=259880,4.331200260417,605.3567722087628,9430.0
scanId=259880,4.331200260417,605.3709410919836,6813.0
scanId=259880,4.331200260417,605.385109997477,5092.0
scanId=259880,4.331200260417,605.3992792123277,3871.0
scanId=259880,4.331200260417,605.4134484494631,2950.0
scanId=259880,4.331200260417,605.4276179959436,2149.0
scanId=259880,4.331200260417,605.4417875647212,1506.0
scanId=259880,4.331200260417,605.4559574428314,1052.0
scanId=259880,4.331200260417,605.7819086830341,1675.0
scanId=259880,4.331200260417,605.7960825407024,4918.0
scanId=259880,4.331200260417,605.8102564208281,9812.0
scanId=259880,4.331200260417,605.8244306101262,13674.0
scanId=259880,4.331200260417,605.8386048218943,13223.0
scanId=259880,4.331200260417,605.8527793428223,10253.0
scanId=259880,4.331200260417,605.8669538862324,7371.0
scanId=259880,4.331200260417,605.8811287387903,5269.0
scanId=259880,4.331200260417,605.8953036138424,3708.0
scanId=259880,4.331200260417,605.9094787980301,2567.0
scanId=259880,4.331200260417,605.9236540047247,1700.0
scanId=259880,4.331200260417,605.9378295205421,1158.0
scanId=259880,4.331200260417,606.2922694439458,1400.0
scanId=259880,4.331200260417,606.3064492709511,2710.0
scanId=259880,4.331200260417,606.3206291206361,4063.0
scanId=259880,4.331200260417,606.3348092792713,4480.0
scanId=259880,4.331200260417,606.3489894605985,3740.0
scanId=259880,4.331200260417,606.3631699508636,2603.0
scanId=259880,4.331200260417,606.3773504638331,1820.0
scanId=259880,4.331200260417,606.391531285728,1512.0
scanId=259880,4.331200260417,606.4057121303395,1465.0
scanId=259880,4.331200260417,606.4198932838642,1279.0
scanId=259880,4.331200260417,606.8028451049942,1163.0
scanId=259880,4.331200260417,606.8170309013366,2017.0
scanId=259880,4.331200260417,606.8312167205811,2250.0
scanId=259880,4.331200260417,606.8454028485534,1997.0
scanId=259880,4.331200260417,606.8595889994402,1556.0
scanId=259880,4.331200260417,606.8737754590423,1202.0
scanId=259880,4.331200260417,606.8879619415715,1039.0
scanId=259880,4.331200260417,607.3136356661856,1396.0
scanId=259880,4.331200260417,607.3278274318651,1742.0
scanId=259880,4.331200260417,607.34201922067,1781.0
scanId=259880,4.331200260417,607.3562113179793,1544.0
scanId=259880,4.331200260417,607.3704034384261,1214.0
scanId=259880,4.331200260417,607.3845958673653,1077.0
scanId=259880,4.331200260417,607.3987883194542,1014.0
scanId=259880,4.331200260417,608.3358614890251,1259.0
scanId=259880,4.331200260417,608.3500651933787,1288.0
scanId=259880,4.331200260417,608.3642689213043,1031.0
scanId=259880,4.331200260417,611.3365018697627,1302.0
scanId=259880,4.331200260417,611.3507404201331,1517.0
scanId=259880,4.331200260417,611.3649792772494,1374.0
scanId=259880,4.331200260417,611.3792181592621,1073.0
scanId=259880,4.331200260417,612.3478559366331,1190.0
scanId=259880,4.331200260417,612.3621064007937,1491.0
scanId=259880,4.331200260417,612.3763568902908,1394.0
scanId=259880,4.331200260417,612.3906076860812,1110.0
scanId=259880,4.331200260417,612.4048585072206,1016.0
scanId=259880,4.331200260417,613.3029990230441,1621.0
scanId=259880,4.331200260417,613.3172604567419,2299.0
scanId=259880,4.331200260417,613.3315221963169,2602.0
scanId=259880,4.331200260417,613.3457839616572,2401.0
scanId=259880,4.331200260417,613.3600460328622,2014.0
scanId=259880,4.331200260417,613.374308129845,1531.0
scanId=259880,4.331200260417,613.3885705326796,1214.0
scanId=259880,4.331200260417,613.8022502453365,1292.0
scanId=259880,4.331200260417,613.8165176226189,1959.0
scanId=259880,4.331200260417,613.8307850258813,1977.0
scanId=259880,4.331200260417,613.8450527347933,1511.0
scanId=259880,4.331200260417,613.8593204696982,1064.0
scanId=259880,4.331200260417,614.315977775806,1100.0
scanId=259880,4.331200260417,614.3302511224254,1466.0
scanId=259880,4.331200260417,614.3445244952526,1436.0
scanId=259880,4.331200260417,614.3587981735017,1120.0
scanId=259880,4.331200260417,617.374238174253,1587.0
scanId=259880,4.331200260417,617.3885470052649,1970.0
scanId=259880,4.331200260417,617.4028558638462,1737.0
scanId=259880,4.331200260417,617.4171650264879,1333.0
scanId=259880,4.331200260417,618.3762519571351,1148.0
scanId=259880,4.331200260417,618.3905723951912,1107.0
scanId=259880,4.331200260417,619.3504147934258,1055.0
scanId=259880,4.331200260417,619.3647465068963,1144.0
scanId=259880,4.331200260417,619.422074744219,1043.0
scanId=259880,4.331200260417,619.4364071494291,1040.0
scanId=259880,4.331200260417,619.4507398577891,1029.0
scanId=259880,4.331200260417,625.3266924482232,1064.0
scanId=259880,4.331200260417,625.3410931406996,1494.0
scanId=259880,4.331200260417,625.3554938643274,1528.0
scanId=259880,4.331200260417,625.3698948884337,1264.0
scanId=259880,4.331200260417,634.3014023914376,1478.0
scanId=259880,4.331200260417,634.3159059244158,1774.0
scanId=259880,4.331200260417,634.3304097537715,1554.0
scanId=259880,4.331200260417,634.344913618393,1339.0
scanId=259880,4.331200260417,634.3594177793784,1082.0
scanId=259880,4.331200260417,634.7946177562512,1424.0
scanId=259880,4.331200260417,634.8091269271644,1562.0
scanId=259880,4.331200260417,634.8236363942273,1320.0
scanId=259880,4.331200260417,635.2880248069831,1001.0
scanId=259880,4.331200260417,635.3025396158316,1282.0
scanId=259880,4.331200260417,635.3170547206017,1242.0
scanId=259880,4.331200260417,635.3315698610934,1146.0
scanId=259880,4.331200260417,635.8106647328993,1271.0
scanId=259880,4.331200260417,635.8251855113264,1266.0
scanId=259880,4.331200260417,635.8397065854335,1044.0
scanId=259880,4.331200260417,639.2858622692158,1456.0
scanId=259880,4.331200260417,639.3004228072735,3620.0
scanId=259880,4.331200260417,639.3149833829003,4984.0
scanId=259880,4.331200260417,639.3295442525879,4700.0
scanId=259880,4.331200260417,639.3441051598578,4007.0
scanId=259880,4.331200260417,639.3586663611751,3534.0
scanId=259880,4.331200260417,639.3732276000885,3159.0
scanId=259880,4.331200260417,639.3877891330357,2473.0
scanId=259880,4.331200260417,639.4023507035923,1907.0
scanId=259880,4.331200260417,639.4169125681694,1452.0
scanId=259880,4.331200260417,639.4314744703695,1018.0
scanId=259880,4.331200260417,639.7955775827728,1506.0
scanId=259880,4.331200260417,639.8101437963372,2656.0
scanId=259880,4.331200260417,639.824710303732,3023.0
scanId=259880,4.331200260417,639.8392768489396,2551.0
scanId=259880,4.331200260417,639.8538436879642,2027.0
scanId=259880,4.331200260417,639.8684105648152,1605.0
scanId=259880,4.331200260417,639.8829777354697,1329.0
scanId=259880,4.331200260417,639.8975449439641,1025.0
scanId=259880,4.331200260417,640.3200680408423,1137.0
scanId=259880,4.331200260417,640.3346402239879,1199.0
scanId=259880,4.331200260417,640.3492127007197,1215.0
scanId=259880,4.331200260417,640.3637852155089,1259.0
scanId=259880,4.331200260417,640.3783580238705,1135.0
scanId=259880,4.331200260417,641.3696936585914,1077.0
scanId=259880,4.331200260417,647.8174072950605,1181.0
scanId=259880,4.331200260417,647.8320646690305,1150.0
scanId=259880,4.331200260417,654.3268306201358,1114.0
scanId=259880,4.331200260417,654.7982974865652,1041.0
scanId=259880,4.331200260417,654.8130335016726,1376.0
scanId=259880,4.331200260417,654.8277698035437,1375.0
scanId=259880,4.331200260417,654.8425061502946,1141.0
scanId=259880,4.331200260417,665.272939707487,1140.0
scanId=259880,4.331200260417,665.2877931245768,2171.0
scanId=259880,4.331200260417,665.3026468234099,2862.0
scanId=259880,4.331200260417,665.3175005721439,2775.0
scanId=259880,4.331200260417,665.332354602607,2744.0
scanId=259880,4.331200260417,665.347208682985,3186.0
scanId=259880,4.331200260417,665.3620630450778,3996.0
scanId=259880,4.331200260417,665.3769174571,4468.0
scanId=259880,4.331200260417,665.3917721508227,3981.0
scanId=259880,4.331200260417,665.406626894489,3026.0
scanId=259880,4.331200260417,665.4214819198415,2145.0
scanId=259880,4.331200260417,665.436336995152,1561.0
scanId=259880,4.331200260417,665.4511923521344,1151.0
scanId=259880,4.331200260417,665.778050883441,1052.0
scanId=259880,4.331200260417,665.7929099384818,1488.0
scanId=259880,4.331200260417,665.8077692750221,1723.0
scanId=259880,4.331200260417,665.822628661707,1535.0
scanId=259880,4.331200260417,665.8374883298771,1121.0
scanId=259880,4.331200260417,666.2833537455856,1145.0
scanId=259880,4.331200260417,666.2982184385774,1417.0
scanId=259880,4.331200260417,666.3130834128249,1341.0
scanId=259880,4.331200260417,666.3279484374609,1212.0
scanId=259880,4.331200260417,666.3428137433384,1303.0
scanId=259880,4.331200260417,666.3576790996186,1648.0
scanId=259880,4.331200260417,666.3725447371258,1781.0
scanId=259880,4.331200260417,666.3874104250502,1687.0
scanId=259880,4.331200260417,666.4022763941873,1306.0
scanId=259880,4.331200260417,670.4221389534431,1094.0
scanId=259880,4.331200260417,673.7962065965138,1051.0
scanId=259880,4.331200260417,673.8111548638676,1241.0
scanId=259880,4.331200260417,673.826103408834,1107.0
scanId=259880,4.331200260417,676.2649234027589,1379.0
scanId=259880,4.331200260417,676.2798991413719,2233.0
scanId=259880,4.331200260417,676.294874935213,2725.0
scanId=259880,4.331200260417,676.3098510054558,2560.0
scanId=259880,4.331200260417,676.3248271309415,1972.0
scanId=259880,4.331200260417,676.3398035328141,1403.0
scanId=259880,4.331200260417,676.7741896597835,1367.0
scanId=259880,4.331200260417,676.7891710361037,2301.0
scanId=259880,4.331200260417,676.8041524679007,2356.0
scanId=259880,4.331200260417,676.8191341758508,1880.0
scanId=259880,4.331200260417,676.8341159392921,1460.0
scanId=259880,4.331200260417,676.8490979788722,1103.0
scanId=259880,4.331200260417,684.436185870125,1175.0
scanId=259880,4.331200260417,684.4512518120534,1442.0
scanId=259880,4.331200260417,684.4663178132145,1291.0
scanId=259880,4.331200260417,685.40073703314,1335.0
scanId=259880,4.331200260417,685.4158135872233,2177.0
scanId=259880,4.331200260417,685.4308902010135,2761.0
scanId=259880,4.331200260417,685.4459670867269,2621.0
scanId=259880,4.331200260417,685.4610440321619,2080.0
scanId=259880,4.331200260417,685.4761212495049,1547.0
scanId=259880,4.331200260417,685.4911985265845,1071.0
scanId=259880,4.331200260417,686.426316837852,1095.0
scanId=259880,4.331200260417,686.4414046673497,1096.0
scanId=259880,4.331200260417,687.3469747169022,1255.0
scanId=259880,4.331200260417,687.3620725559538,1407.0
scanId=259880,4.331200260417,687.3771706659765,1173.0
scanId=259880,4.331200260417,688.3589000286462,1050.0
scanId=259880,4.331200260417,705.2625385256422,1008.0
scanId=259880,4.331200260417,705.3848903035091,1177.0
scanId=259880,4.331200260417,705.4001850700248,1359.0
scanId=259880,4.331200260417,705.4154799061632,1324.0
scanId=259880,4.331200260417,705.4307750043088,1125.0
scanId=259880,4.331200260417,712.4379662611889,1371.0
scanId=259880,4.331200260417,712.453337302567,2976.0
scanId=259880,4.331200260417,712.4687084170993,4665.0
scanId=259880,4.331200260417,712.4840797901071,5051.0
scanId=259880,4.331200260417,712.4994512362847,4222.0
scanId=259880,4.331200260417,712.5148229409224,3107.0
scanId=259880,4.331200260417,712.5301947187455,2116.0
scanId=259880,4.331200260417,712.545566755013,1401.0
scanId=259880,4.331200260417,713.4528076154869,1462.0
scanId=259880,4.331200260417,713.4681896006496,2003.0
scanId=259880,4.331200260417,713.4835716594757,2339.0
scanId=259880,4.331200260417,713.4989539762685,2199.0
scanId=259880,4.331200260417,713.51433636674,1676.0
scanId=259880,4.331200260417,713.5297190151624,1125.0
scanId=259880,4.331200260417,714.4837642053333,1133.0
scanId=259880,4.331200260417,722.5105252422446,1224.0
scanId=259880,4.331200260417,722.5260044731622,1427.0
scanId=259880,4.331200260417,722.5414839574968,1255.0
scanId=259880,4.331200260417,722.5569635200599,1010.0
scanId=259880,4.331200260417,727.379166006277,1816.0
scanId=259880,4.331200260417,727.394697305536,2674.0
scanId=259880,4.331200260417,727.4102288557551,2799.0
scanId=259880,4.331200260417,727.4257604866597,2237.0
scanId=259880,4.331200260417,727.4412923685085,1684.0
scanId=259880,4.331200260417,727.4568243310586,1229.0
scanId=259880,4.331200260417,727.860714666302,1272.0
scanId=259880,4.331200260417,727.8762511909686,2470.0
scanId=259880,4.331200260417,727.891787796556,3198.0
scanId=259880,4.331200260417,727.9073246528525,2990.0
scanId=259880,4.331200260417,727.9228615900856,2269.0
scanId=259880,4.331200260417,727.9383987780118,1572.0
scanId=259880,4.331200260417,727.9539360468902,1089.0
scanId=259880,4.331200260417,728.3890480860716,1078.0
scanId=259880,4.331200260417,728.4045902484455,1072.0
scanId=259880,4.331200260417,736.4933261128886,1806.0
scanId=259880,4.331200260417,736.5089544990198,4681.0
scanId=259880,4.331200260417,736.5245829704405,7774.0
scanId=259880,4.331200260417,736.5402116882015,9390.0
scanId=259880,4.331200260417,736.5558404912679,8494.0
scanId=259880,4.331200260417,736.5714695406587,6225.0
scanId=259880,4.331200260417,736.5870986753708,4186.0
scanId=259880,4.331200260417,736.6027280563915,2692.0
scanId=259880,4.331200260417,736.6183575227492,1765.0
scanId=259880,4.331200260417,736.6339872353998,1162.0
scanId=259880,4.331200260417,737.4938745392067,1648.0
scanId=259880,4.331200260417,737.5095135374927,2902.0
scanId=259880,4.331200260417,737.5251526215752,4573.0
scanId=259880,4.331200260417,737.540791951491,5493.0
scanId=259880,4.331200260417,737.5564313672193,4860.0
scanId=259880,4.331200260417,737.5720710287649,3624.0
scanId=259880,4.331200260417,737.5877107761388,2479.0
scanId=259880,4.331200260417,737.6033507693143,1730.0
scanId=259880,4.331200260417,737.618990848334,1236.0
scanId=259880,4.331200260417,738.5264014668505,1146.0
scanId=259880,4.331200260417,738.5420514089211,1249.0
scanId=259880,4.331200260417,738.5577014373118,1188.0
scanId=259880,4.331200260417,738.8707376220791,1142.0
scanId=259880,4.331200260417,738.8863912120779,1436.0
scanId=259880,4.331200260417,738.9020448885714,1450.0
scanId=259880,4.331200260417,738.9176988102,1309.0
scanId=259880,4.331200260417,738.9333528183391,1056.0
scanId=259880,4.331200260417,739.3717334790211,1202.0
scanId=259880,4.331200260417,739.3873923750973,1372.0
scanId=259880,4.331200260417,739.4030513579222,1307.0
scanId=259880,4.331200260417,739.4187105856282,1044.0
scanId=259880,4.331200260417,743.4172158604176,1077.0
scanId=259880,4.331200260417,743.4329175367427,1024.0
scanId=259880,4.331200260417,747.379272778955,1356.0
scanId=259880,4.331200260417,747.3950162406395,2473.0
scanId=259880,4.331200260417,747.4107597931378,3210.0
scanId=259880,4.331200260417,747.4265035864521,3050.0
scanId=259880,4.331200260417,747.4422474705964,2436.0
scanId=259880,4.331200260417,747.4579915955406,1679.0
scanId=259880,4.331200260417,747.4737358113308,1127.0
scanId=259880,4.331200260417,747.8831445989616,1101.0
scanId=259880,4.331200260417,747.8988933667234,1960.0
scanId=259880,4.331200260417,747.9146422255553,2435.0
scanId=259880,4.331200260417,747.930391324947,2277.0
scanId=259880,4.331200260417,747.9461405154249,1714.0
scanId=259880,4.331200260417,747.9618899464464,1153.0
scanId=259880,4.331200260417,748.4029402913812,1181.0
scanId=259880,4.331200260417,748.4186944565466,1386.0
scanId=259880,4.331200260417,748.4344488620156,1227.0
scanId=259880,4.331200260417,764.5106321403231,3494.0
scanId=259880,4.331200260417,764.5265550137491,13393.0
scanId=259880,4.331200260417,764.5424779867049,31264.0
scanId=259880,4.331200260417,764.5584011917609,48269.0
scanId=259880,4.331200260417,764.5743244963628,52131.0
scanId=259880,4.331200260417,764.5902480330485,42814.0
scanId=259880,4.331200260417,764.6061716692965,30410.0
scanId=259880,4.331200260417,764.622095537612,20341.0
scanId=259880,4.331200260417,764.6380195055061,13454.0
scanId=259880,4.331200260417,764.6539437054514,8723.0
scanId=259880,4.331200260417,764.6698680049915,5569.0
scanId=259880,4.331200260417,764.6857925365667,3527.0
scanId=259880,4.331200260417,764.7017171677529,2375.0
scanId=259880,4.331200260417,764.7176420309581,1599.0
scanId=259880,4.331200260417,764.7335669937902,1191.0
scanId=259880,4.331200260417,765.5140949554035,2392.0
scanId=259880,4.331200260417,765.5300282093872,8100.0
scanId=259880,4.331200260417,765.5459616949679,17594.0
scanId=259880,4.331200260417,765.5618952805979,25752.0
scanId=259880,4.331200260417,765.5778290978085,27379.0
scanId=259880,4.331200260417,765.5937630150844,22578.0
scanId=259880,4.331200260417,765.6096971639248,16292.0
scanId=259880,4.331200260417,765.6256314128467,11321.0
scanId=259880,4.331200260417,765.641565893317,7634.0
scanId=259880,4.331200260417,765.6575004738849,5131.0
scanId=259880,4.331200260417,765.673435285985,3393.0
scanId=259880,4.331200260417,765.689370198199,2227.0
scanId=259880,4.331200260417,765.7053053419289,1626.0
scanId=259880,4.331200260417,765.721240585789,1197.0
scanId=259880,4.331200260417,766.5341596063159,2031.0
scanId=259880,4.331200260417,766.5501034729738,4198.0
scanId=259880,4.331200260417,766.5660475707093,6083.0
scanId=259880,4.331200260417,766.5819917690136,7029.0
scanId=259880,4.331200260417,766.5979361983789,6399.0
scanId=259880,4.331200260417,766.613880728329,4809.0
scanId=259880,4.331200260417,766.6298254893242,3391.0
scanId=259880,4.331200260417,766.6457703509204,2420.0
scanId=259880,4.331200260417,766.6617154435454,1672.0
scanId=259880,4.331200260417,766.6776606367877,1179.0
scanId=259880,4.331200260417,767.5549034517621,1186.0
scanId=259880,4.331200260417,767.5708579310947,1753.0
scanId=259880,4.331200260417,767.5868126409853,1943.0
scanId=259880,4.331200260417,767.6027674519639,1657.0
scanId=259880,4.331200260417,767.618722493484,1299.0
scanId=259880,4.331200260417,767.6346776361087,1044.0
scanId=259880,4.331200260417,771.45272017665,1490.0
scanId=259880,4.331200260417,771.4687151168079,2104.0
scanId=259880,4.331200260417,771.4847102855384,2415.0
scanId=259880,4.331200260417,771.5007055573423,2198.0
scanId=259880,4.331200260417,771.5167010577024,1649.0
scanId=259880,4.331200260417,771.5326966611525,1155.0
scanId=259880,4.331200260417,780.5484764901366,1682.0
scanId=259880,4.331200260417,780.5645655101107,2077.0
scanId=259880,4.331200260417,780.5806546377825,1872.0
scanId=259880,4.331200260417,780.5967439893864,1425.0
scanId=259880,4.331200260417,799.4208633500222,1847.0
scanId=259880,4.331200260417,799.4371457101909,5187.0
scanId=259880,4.331200260417,799.4534281876568,9999.0
scanId=259880,4.331200260417,799.4697108794554,12956.0
scanId=259880,4.331200260417,799.4859936885678,12420.0
scanId=259880,4.331200260417,799.5022767119964,9641.0
scanId=259880,4.331200260417,799.5185598527551,6752.0
scanId=259880,4.331200260417,799.5348432078133,4799.0
scanId=259880,4.331200260417,799.5511266802184,3412.0
scanId=259880,4.331200260417,799.5674103669065,2359.0
scanId=259880,4.331200260417,799.583694170958,1617.0
scanId=259880,4.331200260417,799.5999781892759,1159.0
scanId=259880,4.331200260417,800.4306817401398,2009.0
scanId=259880,4.331200260417,800.4469743808335,4559.0
scanId=259880,4.331200260417,800.4632671393373,7203.0
scanId=259880,4.331200260417,800.4795601116608,8162.0
scanId=259880,4.331200260417,800.4958532018109,7185.0
scanId=259880,4.331200260417,800.5121465057642,5312.0
scanId=259880,4.331200260417,800.5284399275607,3640.0
scanId=259880,4.331200260417,800.5447335631442,2441.0
scanId=259880,4.331200260417,800.5610273165871,1641.0
scanId=259880,4.331200260417,800.5773212838002,1157.0
scanId=259880,4.331200260417,801.4411375387053,1395.0
scanId=259880,4.331200260417,801.4574404599239,2753.0
scanId=259880,4.331200260417,801.4737434994656,3889.0
scanId=259880,4.331200260417,801.4900467523141,4110.0
scanId=259880,4.331200260417,801.5063501235022,3470.0
scanId=259880,4.331200260417,801.5226537079805,2517.0
scanId=259880,4.331200260417,801.5389574108151,1789.0
scanId=259880,4.331200260417,801.5552613269233,1362.0
scanId=259880,4.331200260417,802.4685439474688,1448.0
scanId=259880,4.331200260417,802.4848572680488,1760.0
scanId=259880,4.331200260417,802.5011708014222,1620.0
scanId=259880,4.331200260417,802.5174844536485,1266.0
scanId=259880,4.331200260417,815.489987445044,1006.0
scanId=259880,4.331200260417,829.4784564745781,1390.0
scanId=259880,4.331200260417,829.4950420769144,1455.0
scanId=259880,4.331200260417,829.5116278783835,1201.0
scanId=259880,4.331200260417,831.4533093344613,1163.0
scanId=259880,4.331200260417,831.4699147020908,2355.0
scanId=259880,4.331200260417,831.4865202032195,3676.0
scanId=259880,4.331200260417,831.5031259024788,4186.0
scanId=259880,4.331200260417,831.5197317352543,3633.0
scanId=259880,4.331200260417,831.5363377661434,2614.0
scanId=259880,4.331200260417,831.5529439305656,1721.0
scanId=259880,4.331200260417,831.5695502930845,1125.0
scanId=259880,4.331200260417,832.4665392389629,1252.0
scanId=259880,4.331200260417,832.4831546894882,1745.0
scanId=259880,4.331200260417,832.4997703376426,2107.0
scanId=259880,4.331200260417,832.5163861198143,2105.0
scanId=259880,4.331200260417,832.5330020995985,1675.0
scanId=259880,4.331200260417,832.5496182134169,1221.0
scanId=259880,4.331200260417,833.4803861245049,1289.0
scanId=259880,4.331200260417,833.4970117215544,1537.0
scanId=259880,4.331200260417,833.5136374531228,1520.0
scanId=259880,4.331200260417,833.5302633818021,1285.0
scanId=259880,4.331200260417,833.546889445017,1054.0
scanId=259880,4.331200260417,839.4429406033861,1849.0
scanId=259880,4.331200260417,839.4596255621764,6826.0
scanId=259880,4.331200260417,839.4763106584796,16028.0
scanId=259880,4.331200260417,839.4929959488996,24675.0
scanId=259880,4.331200260417,839.5096813768494,27746.0
scanId=259880,4.331200260417,839.5263669988993,24010.0
scanId=259880,4.331200260417,839.5430527584957,17626.0
scanId=259880,4.331200260417,839.5597387121755,12279.0
scanId=259880,4.331200260417,839.5764248034183,8419.0
scanId=259880,4.331200260417,839.5931110887279,5674.0
scanId=259880,4.331200260417,839.6097975116174,3696.0
scanId=259880,4.331200260417,839.6264841285569,2325.0
scanId=259880,4.331200260417,839.6431708830928,1420.0
scanId=259880,4.331200260417,840.4443307814275,1256.0
scanId=259880,4.331200260417,840.461025689113,3902.0
scanId=259880,4.331200260417,840.4777207348133,8927.0
scanId=259880,4.331200260417,840.4944159741284,14100.0
scanId=259880,4.331200260417,840.5111113514753,16011.0
scanId=259880,4.331200260417,840.5278069224203,14000.0
scanId=259880,4.331200260417,840.544502631414,10307.0
scanId=259880,4.331200260417,840.5611985339889,7118.0
scanId=259880,4.331200260417,840.577894574629,4965.0
scanId=259880,4.331200260417,840.5945908088337,3383.0
scanId=259880,4.331200260417,840.6112871811202,2271.0
scanId=259880,4.331200260417,840.6279837469548,1513.0
scanId=259880,4.331200260417,840.6446804508881,1051.0
scanId=259880,4.331200260417,841.4630227648192,1521.0
scanId=259880,4.331200260417,841.479727759917,3189.0
scanId=259880,4.331200260417,841.4964329481272,5085.0
scanId=259880,4.331200260417,841.5131382748715,6397.0
scanId=259880,4.331200260417,841.5298437947116,6326.0
scanId=259880,4.331200260417,841.5465494531023,5002.0
scanId=259880,4.331200260417,841.5632553045723,3491.0
scanId=259880,4.331200260417,841.5799612946096,2290.0
scanId=259880,4.331200260417,841.5966674777096,1560.0
scanId=259880,4.331200260417,841.6133737993935,1071.0
scanId=259880,4.331200260417,842.4990468708982,1654.0
scanId=259880,4.331200260417,842.5157621470398,2004.0
scanId=259880,4.331200260417,842.532477615775,1771.0
scanId=259880,4.331200260417,842.5491932235632,1344.0
scanId=259880,4.331200260417,842.5659090239282,1012.0
scanId=259880,4.331200260417,845.4937253480757,1713.0
scanId=259880,4.331200260417,845.5104703318664,2434.0
scanId=259880,4.331200260417,845.5272154562003,2469.0
scanId=259880,4.331200260417,845.5439607716208,1966.0
scanId=259880,4.331200260417,845.5607062276016,1357.0
scanId=259880,4.331200260417,846.4987171170618,1408.0
scanId=259880,4.331200260417,846.5154720497475,1975.0
scanId=259880,4.331200260417,846.5322271234792,2106.0
scanId=259880,4.331200260417,846.5489823877947,1704.0
scanId=259880,4.331200260417,846.5657377931732,1223.0
scanId=259880,4.331200260417,847.5043058348305,1069.0
scanId=259880,4.331200260417,847.5210707164113,1355.0
scanId=259880,4.331200260417,847.5378357395406,1382.0
scanId=259880,4.331200260417,847.5546009527512,1044.0
scanId=259880,4.331200260417,857.4749793221117,1424.0
scanId=259880,4.331200260417,857.4918425126341,2096.0
scanId=259880,4.331200260417,857.5087058882764,2390.0
scanId=259880,4.331200260417,857.5255694104454,2287.0
scanId=259880,4.331200260417,857.5424331177176,1828.0
scanId=259880,4.331200260417,857.5592969715332,1343.0
scanId=259880,4.331200260417,858.5208112967648,1244.0
scanId=259880,4.331200260417,858.537684768332,1193.0
scanId=259880,4.331200260417,863.4549127271465,1074.0
scanId=259880,4.331200260417,863.4718346191185,1080.0
scanId=259880,4.331200260417,865.4867246921687,1161.0
scanId=259880,4.331200260417,865.503666482937,1484.0
scanId=259880,4.331200260417,865.5206084548505,1554.0
scanId=259880,4.331200260417,865.5375505772655,1277.0
scanId=259880,4.331200260417,879.4688355113078,1717.0
scanId=259880,4.331200260417,879.4859136088317,4021.0
scanId=259880,4.331200260417,879.5029918806081,7604.0
scanId=259880,4.331200260417,879.5200703097788,11956.0
scanId=259880,4.331200260417,879.537148913185,14297.0
scanId=259880,4.331200260417,879.5542276740022,12887.0
scanId=259880,4.331200260417,879.5713066090382,9689.0
scanId=259880,4.331200260417,879.5883857015018,6731.0
scanId=259880,4.331200260417,879.6054649681677,4576.0
scanId=259880,4.331200260417,879.6225443922781,3070.0
scanId=259880,4.331200260417,879.6396239905738,2032.0
scanId=259880,4.331200260417,879.6567037463307,1347.0
scanId=259880,4.331200260417,879.6737836762562,1040.0
scanId=259880,4.331200260417,880.4938151155683,2392.0
scanId=259880,4.331200260417,880.5109031624902,5886.0
scanId=259880,4.331200260417,880.5279913831616,9229.0
scanId=259880,4.331200260417,880.5450797617303,10118.0
scanId=259880,4.331200260417,880.5621683140315,8565.0
scanId=259880,4.331200260417,880.5792570242468,6335.0
scanId=259880,4.331200260417,880.5963459081778,4219.0
scanId=259880,4.331200260417,880.6134349500398,2818.0
scanId=259880,4.331200260417,880.6305241656008,1911.0
scanId=259880,4.331200260417,880.6476135391092,1317.0
scanId=259880,4.331200260417,881.502293830686,2043.0
scanId=259880,4.331200260417,881.5193916686228,3392.0
scanId=259880,4.331200260417,881.5364896649429,4152.0
scanId=259880,4.331200260417,881.5535878345094,3996.0
scanId=259880,4.331200260417,881.570686162476,3266.0
scanId=259880,4.331200260417,881.5877846636724,2523.0
scanId=259880,4.331200260417,881.6048833232857,1890.0
scanId=259880,4.331200260417,881.6219821561118,1328.0
scanId=259880,4.331200260417,888.4748125003116,1016.0
scanId=259880,4.331200260417,888.4919778208904,1116.0
scanId=259880,4.331200260417,888.5091433113138,1124.0
scanId=259880,4.331200260417,888.5263089635391,1069.0
scanId=259880,4.331200260417,889.522200625598,1033.0
scanId=259880,4.331200260417,893.528559336917,1004.0
scanId=259880,4.331200260417,893.5457734095437,1173.0
scanId=259880,4.331200260417,893.562987649553,1172.0
scanId=259880,4.331200260417,893.5802020538262,1092.0
scanId=259880,4.331200260417,894.5444733839616,1593.0
scanId=259880,4.331200260417,894.5616972412362,1914.0
scanId=259880,4.331200260417,894.5789212632602,1757.0
scanId=259880,4.331200260417,894.5961454521648,1340.0
scanId=259880,4.331200260417,895.5092647228048,1137.0
scanId=259880,4.331200260417,895.5264978657148,1724.0
scanId=259880,4.331200260417,895.5437311738428,3141.0
scanId=259880,4.331200260417,895.5609646483827,4844.0
scanId=259880,4.331200260417,895.5781982881573,5450.0
scanId=259880,4.331200260417,895.595432094327,4857.0
scanId=259880,4.331200260417,895.6126660657482,3846.0
scanId=259880,4.331200260417,895.6299002035475,2786.0
scanId=259880,4.331200260417,895.6471345066154,1917.0
scanId=259880,4.331200260417,895.6643689760447,1296.0
scanId=259880,4.331200260417,896.526303853306,1396.0
scanId=259880,4.331200260417,896.5435467791847,2412.0
scanId=259880,4.331200260417,896.5607898709898,3245.0
scanId=259880,4.331200260417,896.578033128515,3505.0
scanId=259880,4.331200260417,896.59527655195,3266.0
scanId=259880,4.331200260417,896.612520141122,2562.0
scanId=259880,4.331200260417,896.6297638961868,1841.0
scanId=259880,4.331200260417,896.647007817005,1241.0
scanId=259880,4.331200260417,897.5266676563565,1802.0
scanId=259880,4.331200260417,897.5439201999856,2464.0
scanId=259880,4.331200260417,897.5611729090559,2713.0
scanId=259880,4.331200260417,897.5784257843317,2536.0
scanId=259880,4.331200260417,897.5956788250319,2030.0
scanId=259880,4.331200260417,897.6129320319542,1536.0
scanId=259880,4.331200260417,897.6301854042841,1100.0
scanId=259880,4.331200260417,898.5275892748633,1059.0
scanId=259880,4.331200260417,898.5448514362429,1319.0
scanId=259880,4.331200260417,898.5621137625784,1384.0
scanId=259880,4.331200260417,898.5793762556046,1295.0
scanId=259880,4.331200260417,898.5966389135701,1076.0
scanId=259880,4.331200260417,905.4976719835208,1191.0
scanId=259880,4.331200260417,905.5150009674536,2173.0
scanId=259880,4.331200260417,905.5323301214374,3254.0
scanId=259880,4.331200260417,905.549659437,4069.0
scanId=259880,4.331200260417,905.5669889226303,3951.0
scanId=259880,4.331200260417,905.5843185698228,3090.0
scanId=259880,4.331200260417,905.6016483871,2103.0
scanId=259880,4.331200260417,905.618978365922,1429.0
scanId=259880,4.331200260417,905.6363085148456,1046.0
scanId=259880,4.331200260417,906.5203658745116,1540.0
scanId=259880,4.331200260417,906.5377046462452,2456.0
scanId=259880,4.331200260417,906.5550435790732,2867.0
scanId=259880,4.331200260417,906.5723826824532,2598.0
scanId=259880,4.331200260417,906.5897219469108,2064.0
scanId=259880,4.331200260417,906.6070613819376,1530.0
scanId=259880,4.331200260417,906.6244009780252,1183.0
scanId=259880,4.331200260417,906.6417407446984,1000.0
scanId=259880,4.331200260417,907.5436369864868,1189.0
scanId=259880,4.331200260417,907.56098553658,1313.0
scanId=259880,4.331200260417,907.5783342577096,1257.0
scanId=259880,4.331200260417,910.49527293708,1056.0
scanId=259880,4.331200260417,910.5126496757092,1180.0
scanId=259880,4.331200260417,910.5300265867944,1051.0
scanId=259880,4.331200260417,911.5381709537268,1101.0
scanId=259880,4.331200260417,911.5555576412512,1144.0
scanId=259880,4.331200260417,911.572944501732,1100.0
scanId=259880,4.331200260417,914.5311203572523,1532.0
scanId=259880,4.331200260417,914.5485355649428,2458.0
scanId=259880,4.331200260417,914.565950947024,2775.0
scanId=259880,4.331200260417,914.5833664863442,2326.0
scanId=259880,4.331200260417,914.6007822000722,1700.0
scanId=259880,4.331200260417,914.618198071022,1272.0
scanId=259880,4.331200260417,915.0362288227108,1784.0
scanId=259880,4.331200260417,915.0536488478432,2738.0
scanId=259880,4.331200260417,915.071069029981,3136.0
scanId=259880,4.331200260417,915.08848938676,2654.0
scanId=259880,4.331200260417,915.1059099005276,1861.0
scanId=259880,4.331200260417,915.1233305889532,1240.0
scanId=259880,4.331200260417,915.5066275893172,1092.0
scanId=259880,4.331200260417,915.5240520826428,1766.0
scanId=259880,4.331200260417,915.5414767508264,2450.0
scanId=259880,4.331200260417,915.5589015757818,3081.0
scanId=259880,4.331200260417,915.576326575612,3007.0
scanId=259880,4.331200260417,915.5937517321972,2512.0
scanId=259880,4.331200260417,915.611177063674,1841.0
scanId=259880,4.331200260417,915.6286025518892,1288.0
scanId=259880,4.331200260417,916.0294346559726,1036.0
scanId=259880,4.331200260417,916.046864123746,1523.0
scanId=259880,4.331200260417,916.0642937666272,1523.0
scanId=259880,4.331200260417,916.0817235660304,1396.0
scanId=259880,4.331200260417,916.099153540558,1199.0
scanId=259880,4.331200260417,917.546419080506,1104.0
scanId=259880,4.331200260417,917.5638629841868,1183.0
scanId=259880,4.331200260417,917.5813070436728,1083.0
scanId=259880,4.331200260417,918.5584393025372,1084.0
scanId=259880,4.331200260417,918.5758928239665,1059.0
scanId=259880,4.331200260417,919.5535543775763,1055.0
scanId=259880,4.331200260417,923.5569028868756,1396.0
scanId=259880,4.331200260417,923.5744038337522,1445.0
scanId=259880,4.331200260417,923.59190493357,1162.0
scanId=259880,4.331200260417,924.5547211457398,1047.0
scanId=259880,4.331200260417,924.5722315311932,1267.0
scanId=259880,4.331200260417,924.5897420958174,1400.0
scanId=259880,4.331200260417,924.6072528129006,1214.0
scanId=259880,4.331200260417,937.5401182876484,1020.0
scanId=259880,4.331200260417,937.5577512298069,1393.0
scanId=259880,4.331200260417,937.5753843182996,1878.0
scanId=259880,4.331200260417,937.5930175921048,2092.0
scanId=259880,4.331200260417,937.6106510122272,1771.0
scanId=259880,4.331200260417,937.6282846176786,1247.0
scanId=259880,4.331200260417,938.563102466687,1092.0
scanId=259880,4.331200260417,938.5807450265908,1313.0
scanId=259880,4.331200260417,938.598387732349,1281.0
scanId=259880,4.331200260417,938.6160306238992,1015.0
scanId=259880,4.331200260417,943.5094933369976,1669.0
scanId=259880,4.331200260417,943.5271823273948,3284.0
scanId=259880,4.331200260417,943.5448714613298,4821.0
scanId=259880,4.331200260417,943.5625607833732,5414.0
scanId=259880,4.331200260417,943.5802502489385,4968.0
scanId=259880,4.331200260417,943.597939902628,3972.0
scanId=259880,4.331200260417,943.6156296998228,2993.0
scanId=259880,4.331200260417,943.6333196851592,2141.0
scanId=259880,4.331200260417,943.6510098139836,1435.0
scanId=259880,4.331200260417,943.6687001309662,1006.0
scanId=259880,4.331200260417,944.5357282327682,1636.0
scanId=259880,4.331200260417,944.5534268409097,2428.0
scanId=259880,4.331200260417,944.57112559211,2993.0
scanId=259880,4.331200260417,944.588824531898,2877.0
scanId=259880,4.331200260417,944.606523614728,2191.0
scanId=259880,4.331200260417,944.6242228861622,1536.0
scanId=259880,4.331200260417,944.6419223006224,1132.0
scanId=259880,4.331200260417,945.544812906982,1287.0
scanId=259880,4.331200260417,945.5625209438176,1466.0
scanId=259880,4.331200260417,945.5802291697034,1348.0
scanId=259880,4.331200260417,945.5979375381692,1174.0
scanId=259880,4.331200260417,945.6156460957012,1027.0
scanId=259880,4.331200260417,965.517523710452,1220.0
scanId=259880,4.331200260417,965.535417791626,2030.0
scanId=259880,4.331200260417,965.553312071077,2546.0
scanId=259880,4.331200260417,965.5712064838808,2387.0
scanId=259880,4.331200260417,965.5891010949782,2039.0
scanId=259880,4.331200260417,965.606995839412,1524.0
scanId=259880,4.331200260417,966.5556554586558,1149.0
scanId=259880,4.331200260417,966.5735591570954,1218.0
scanId=259880,4.331200260417,966.5914630542864,1067.0
scanId=259880,4.331200260417,1079.590687739401,1066.0
scanId=259880,4.331200260417,1079.6096094570996,1837.0
scanId=259880,4.331200260417,1079.628531259137,2151.0
scanId=259880,4.331200260417,1079.6474533084804,1990.0
scanId=259880,4.331200260417,1079.6663754421477,1689.0
scanId=259880,4.331200260417,1079.685297823136,1327.0
scanId=259880,4.331200260417,1080.5937651573215,1017.0
scanId=259880,4.331200260417,1080.612695581735,1483.0
scanId=259880,4.331200260417,1080.6316262538476,1832.0
scanId=259880,4.331200260417,1080.6505570098905,1793.0
scanId=259880,4.331200260417,1080.6694880136483,1377.0
scanId=259880,4.331200260417,1119.5953184397338,1023.0
scanId=259880,4.331200260417,1119.61458745821,2541.0
scanId=259880,4.331200260417,1119.6338567395558,4358.0
scanId=259880,4.331200260417,1119.6531260896618,5852.0
scanId=259880,4.331200260417,1119.6723957026518,6520.0
scanId=259880,4.331200260417,1119.6916653843875,5838.0
scanId=259880,4.331200260417,1119.7109353290225,4426.0
scanId=259880,4.331200260417,1119.7302053423878,3048.0
scanId=259880,4.331200260417,1119.7494756186668,2059.0
scanId=259880,4.331200260417,1119.7687459636625,1434.0
scanId=259880,4.331200260417,1119.788016571586,1040.0
scanId=259880,4.331200260417,1120.616807440086,2233.0
scanId=259880,4.331200260417,1120.6360853441863,3705.0
scanId=259880,4.331200260417,1120.6553633166682,4776.0
scanId=259880,4.331200260417,1120.6746415524126,4974.0
scanId=259880,4.331200260417,1120.6939198565242,4163.0
scanId=259880,4.331200260417,1120.7131984239134,2957.0
scanId=259880,4.331200260417,1120.732477059655,2053.0
scanId=259880,4.331200260417,1120.751755958688,1336.0
scanId=259880,4.331200260417,1121.6194757953429,1196.0
scanId=259880,4.331200260417,1121.638762322197,1661.0
scanId=259880,4.331200260417,1121.6580489170549,2057.0
scanId=259880,4.331200260417,1121.6773357755535,2114.0
scanId=259880,4.331200260417,1121.6966227020407,1909.0
scanId=259880,4.331200260417,1121.7159098921838,1568.0
scanId=259880,4.331200260417,1121.735197150301,1188.0
scanId=259880,4.331200260417,1159.641259386989,1279.0
scanId=259880,4.331200260417,1159.6608699841968,2333.0
scanId=259880,4.331200260417,1159.6804808589693,3015.0
scanId=259880,4.331200260417,1159.700091787807,3249.0
scanId=259880,4.331200260417,1159.719702994223,2770.0
scanId=259880,4.331200260417,1159.7393142546912,2046.0
scanId=259880,4.331200260417,1159.7589257927514,1494.0
scanId=259880,4.331200260417,1159.7785373848485,1019.0
scanId=259880,4.331200260417,1160.6416140565368,1292.0
scanId=259880,4.331200260417,1160.6612332224038,1904.0
scanId=259880,4.331200260417,1160.680852441987,2483.0
scanId=259880,4.331200260417,1160.700471939498,2427.0
scanId=259880,4.331200260417,1160.7200914907114,1912.0
scanId=259880,4.331200260417,1160.739711319866,1393.0
scanId=259880,4.331200260417,1161.6816554307768,1169.0
scanId=259880,4.331200260417,1161.701283272736,1402.0
scanId=259880,4.331200260417,1161.7209113929848,1400.0
scanId=259880,4.331200260417,1161.740539566574,1239.0
scanId=259880,4.331200260417,1165.5318922664278,1055.0
scanId=259880,4.331200260417,1165.551552608111,1408.0
scanId=259880,4.331200260417,1165.571213229445,3791.0
scanId=259880,4.331200260417,1165.5908739027582,19755.0
scanId=259880,4.331200260417,1165.610534855735,73484.0
scanId=259880,4.331200260417,1165.630195860678,177688.0
scanId=259880,4.331200260417,1165.649857145299,307958.0
scanId=259880,4.331200260417,1165.6695184818716,409931.0
scanId=259880,4.331200260417,1165.689180098136,432365.0
scanId=259880,4.331200260417,1165.7088417663383,373552.0
scanId=259880,4.331200260417,1165.728503714247,281810.0
scanId=259880,4.331200260417,1165.7481657140793,199358.0
scanId=259880,4.331200260417,1165.767827993631,138690.0
scanId=259880,4.331200260417,1165.7874903250934,95814.0
scanId=259880,4.331200260417,1165.807152936289,65788.0
scanId=259880,4.331200260417,1165.826815599381,44775.0
scanId=259880,4.331200260417,1165.8464785422202,30279.0
scanId=259880,4.331200260417,1165.8661415369422,20700.0
scanId=259880,4.331200260417,1165.885804811425,14573.0
scanId=259880,4.331200260417,1165.9054681377768,10655.0
scanId=259880,4.331200260417,1165.9251317439034,8083.0
scanId=259880,4.331200260417,1165.9447954018851,6451.0
scanId=259880,4.331200260417,1165.9644593396554,5301.0
scanId=259880,4.331200260417,1165.9841233292673,4486.0
scanId=259880,4.331200260417,1166.0037875986814,3909.0
scanId=259880,4.331200260417,1166.0234519199228,3519.0
scanId=259880,4.331200260417,1166.0431165209802,3237.0
scanId=259880,4.331200260417,1166.0627811738514,3145.0
scanId=259880,4.331200260417,1166.0824461065529,3477.0
scanId=259880,4.331200260417,1166.1021110910538,5862.0
scanId=259880,4.331200260417,1166.1217763553989,12727.0
scanId=259880,4.331200260417,1166.1414416715295,23246.0
scanId=259880,4.331200260417,1166.1611072675182,34141.0
scanId=259880,4.331200260417,1166.180772915279,39806.0
scanId=259880,4.331200260417,1166.2004388429114,37484.0
scanId=259880,4.331200260417,1166.2201048223017,30048.0
scanId=259880,4.331200260417,1166.2397710815778,21973.0
scanId=259880,4.331200260417,1166.259437392598,15879.0
scanId=259880,4.331200260417,1166.279103983518,11654.0
scanId=259880,4.331200260417,1166.298770626168,8717.0
scanId=259880,4.331200260417,1166.3184375487317,6764.0
scanId=259880,4.331200260417,1166.3381045230117,5328.0
scanId=259880,4.331200260417,1166.3577717772189,4275.0
scanId=259880,4.331200260417,1166.3774390831284,3680.0
scanId=259880,4.331200260417,1166.3971066689794,3499.0
scanId=259880,4.331200260417,1166.416774306519,3339.0
scanId=259880,4.331200260417,1166.4364422240135,3020.0
scanId=259880,4.331200260417,1166.4561101931831,2838.0
scanId=259880,4.331200260417,1166.4757784423214,2667.0
scanId=259880,4.331200260417,1166.4954467431205,2574.0
scanId=259880,4.331200260417,1166.5151153239024,2615.0
scanId=259880,4.331200260417,1166.5347839563317,2694.0
scanId=259880,4.331200260417,1166.5544528687572,3258.0
scanId=259880,4.331200260417,1166.5741218328162,5648.0
scanId=259880,4.331200260417,1166.5937910768853,19089.0
scanId=259880,4.331200260417,1166.6134603725743,63675.0
scanId=259880,4.331200260417,1166.6331299482868,152579.0
scanId=259880,4.331200260417,1166.6527995756055,268219.0
scanId=259880,4.331200260417,1166.672469482962,359124.0
scanId=259880,4.331200260417,1166.6921394419105,376445.0
scanId=259880,4.331200260417,1166.7118096809108,323423.0
scanId=259880,4.331200260417,1166.7314799714893,244059.0
scanId=259880,4.331200260417,1166.751150542133,173698.0
scanId=259880,4.331200260417,1166.7708211643412,121289.0
scanId=259880,4.331200260417,1166.7904920666288,84172.0
scanId=259880,4.331200260417,1166.8101630204671,58216.0
scanId=259880,4.331200260417,1166.8298342543983,40635.0
scanId=259880,4.331200260417,1166.8495055398662,28297.0
scanId=259880,4.331200260417,1166.8691771054412,20067.0
scanId=259880,4.331200260417,1166.8888487225388,14715.0
scanId=259880,4.331200260417,1166.9085206197574,11183.0
scanId=259880,4.331200260417,1166.928192568485,8959.0
scanId=259880,4.331200260417,1166.9478647973472,7420.0
scanId=259880,4.331200260417,1166.9675370777045,5914.0
scanId=259880,4.331200260417,1166.9872096382103,4964.0
scanId=259880,4.331200260417,1167.0068822501976,4644.0
scanId=259880,4.331200260417,1167.026555142347,4474.0
scanId=259880,4.331200260417,1167.046228085964,4509.0
scanId=259880,4.331200260417,1167.0659013097572,4460.0
scanId=259880,4.331200260417,1167.0855745850042,4621.0
scanId=259880,4.331200260417,1167.105248140441,5692.0
scanId=259880,4.331200260417,1167.1249217473178,8656.0
scanId=259880,4.331200260417,1167.1445956343982,12930.0
scanId=259880,4.331200260417,1167.164269572905,17307.0
scanId=259880,4.331200260417,1167.1839437916292,19682.0
scanId=259880,4.331200260417,1167.2036180617656,19075.0
scanId=259880,4.331200260417,1167.223292612134,16426.0
scanId=259880,4.331200260417,1167.2429672139,13170.0
scanId=259880,4.331200260417,1167.2626420959116,10267.0
scanId=259880,4.331200260417,1167.2823170293077,8264.0
scanId=259880,4.331200260417,1167.3019922429628,6895.0
scanId=259880,4.331200260417,1167.3216675079886,5776.0
scanId=259880,4.331200260417,1167.3413430532876,4997.0
scanId=259880,4.331200260417,1167.3610186499434,4629.0
scanId=259880,4.331200260417,1167.380694526886,4401.0
scanId=259880,4.331200260417,1167.4003704551717,3759.0
scanId=259880,4.331200260417,1167.4200466637576,3479.0
scanId=259880,4.331200260417,1167.4397229236731,3558.0
scanId=259880,4.331200260417,1167.4593994639029,3699.0
scanId=259880,4.331200260417,1167.479076055448,3770.0
scanId=259880,4.331200260417,1167.4987529273217,3921.0
scanId=259880,4.331200260417,1167.518429850497,4116.0
scanId=259880,4.331200260417,1167.5381070540138,4363.0
scanId=259880,4.331200260417,1167.5577843088188,4442.0
scanId=259880,4.331200260417,1167.5774618439798,5272.0
scanId=259880,4.331200260417,1167.5971394304145,11324.0
scanId=259880,4.331200260417,1167.6168172972189,29753.0
scanId=259880,4.331200260417,1167.6364952152835,62983.0
scanId=259880,4.331200260417,1167.6561734137322,106099.0
scanId=259880,4.331200260417,1167.6758516634266,140283.0
scanId=259880,4.331200260417,1167.6955301935184,145918.0
scanId=259880,4.331200260417,1167.7152087748427,124412.0
scanId=259880,4.331200260417,1167.734887636578,93303.0
scanId=259880,4.331200260417,1167.754566549532,66034.0
scanId=259880,4.331200260417,1167.7742457429113,46382.0
scanId=259880,4.331200260417,1167.7939249874953,32495.0
scanId=259880,4.331200260417,1167.813604512518,22749.0
scanId=259880,4.331200260417,1167.8332840887315,16047.0
scanId=259880,4.331200260417,1167.8529639453982,11715.0
scanId=259880,4.331200260417,1167.8726438532417,9355.0
scanId=259880,4.331200260417,1167.8923240415518,7513.0
scanId=259880,4.331200260417,1167.9120042810252,6045.0
scanId=259880,4.331200260417,1167.9316848009792,5098.0
scanId=259880,4.331200260417,1167.9513653720824,4433.0
scanId=259880,4.331200260417,1167.9710462236797,3999.0
scanId=259880,4.331200260417,1167.9907271264128,3832.0
scanId=259880,4.331200260417,1168.0104083096537,3786.0
scanId=259880,4.331200260417,1168.0300895440168,3795.0
scanId=259880,4.331200260417,1168.0497710589011,3740.0
scanId=259880,4.331200260417,1168.069452624895,3508.0
scanId=259880,4.331200260417,1168.0891344714232,3467.0
scanId=259880,4.331200260417,1168.1088163690458,3708.0
scanId=259880,4.331200260417,1168.1284985472178,4226.0
scanId=259880,4.331200260417,1168.14818077647,4903.0
scanId=259880,4.331200260417,1168.1678632862856,5707.0
scanId=259880,4.331200260417,1168.187545847168,6122.0
scanId=259880,4.331200260417,1168.2072286886273,6133.0
scanId=259880,4.331200260417,1168.2269115811391,5676.0
scanId=259880,4.331200260417,1168.2465947542426,5126.0
scanId=259880,4.331200260417,1168.2662779783843,4512.0
scanId=259880,4.331200260417,1168.285961483131,3933.0
scanId=259880,4.331200260417,1168.3056450389026,3631.0
scanId=259880,4.331200260417,1168.3253288752928,3369.0
scanId=259880,4.331200260417,1168.3450127626943,3183.0
scanId=259880,4.331200260417,1168.3646969307283,3104.0
scanId=259880,4.331200260417,1168.38438114976,3123.0
scanId=259880,4.331200260417,1168.4040656494376,3068.0
scanId=259880,4.331200260417,1168.423750200099,3001.0
scanId=259880,4.331200260417,1168.44343503142,2868.0
scanId=259880,4.331200260417,1168.4631199137111,2877.0
scanId=259880,4.331200260417,1168.4828050766764,2866.0
scanId=259880,4.331200260417,1168.5024902905975,2740.0
scanId=259880,4.331200260417,1168.522175785206,2565.0
scanId=259880,4.331200260417,1168.5418613307568,2322.0
scanId=259880,4.331200260417,1168.5615471570088,2350.0
scanId=259880,4.331200260417,1168.5812330341894,2848.0
scanId=259880,4.331200260417,1168.6009191920853,4422.0
scanId=259880,4.331200260417,1168.6206054008958,9444.0
scanId=259880,4.331200260417,1168.6402918904353,20006.0
scanId=259880,4.331200260417,1168.6599784308755,33211.0
scanId=259880,4.331200260417,1168.6796652520584,43390.0
scanId=259880,4.331200260417,1168.6993521241286,45723.0
scanId=259880,4.331200260417,1168.7190392769553,39073.0
scanId=259880,4.331200260417,1168.7387264806553,29174.0
scanId=259880,4.331200260417,1168.7584139651256,20583.0
scanId=259880,4.331200260417,1168.7781015004557,14232.0
scanId=259880,4.331200260417,1168.7977893165692,10022.0
scanId=259880,4.331200260417,1168.817477183529,7393.0
scanId=259880,4.331200260417,1168.8371653312863,5428.0
scanId=259880,4.331200260417,1168.8568535298762,4170.0
scanId=259880,4.331200260417,1168.8765420092773,3475.0
scanId=259880,4.331200260417,1168.896230539497,3200.0
scanId=259880,4.331200260417,1168.915919350542,2885.0
scanId=259880,4.331200260417,1168.9356082123911,2652.0
scanId=259880,4.331200260417,1168.9552973550797,2727.0
scanId=259880,4.331200260417,1168.9749865485587,2643.0
scanId=259880,4.331200260417,1168.9946760228909,2335.0
scanId=259880,4.331200260417,1169.014365548,2182.0
scanId=259880,4.331200260417,1169.0340553539754,2061.0
scanId=259880,4.331200260417,1169.053745210714,2148.0
scanId=259880,4.331200260417,1169.0734353483335,2237.0
scanId=259880,4.331200260417,1169.093125536702,2215.0
scanId=259880,4.331200260417,1169.112816005965,2169.0
scanId=259880,4.331200260417,1169.1325065259634,2144.0
scanId=259880,4.331200260417,1169.15219732687,2125.0
scanId=259880,4.331200260417,1169.1718881784982,2186.0
scanId=259880,4.331200260417,1169.1915793110486,2186.0
scanId=259880,4.331200260417,1169.2112704943067,2041.0
scanId=259880,4.331200260417,1169.2309619585003,2071.0
scanId=259880,4.331200260417,1169.2506534733884,2226.0
scanId=259880,4.331200260417,1169.270345269226,2270.0
scanId=259880,4.331200260417,1169.2900371157436,2205.0
scanId=259880,4.331200260417,1169.3097292432255,1926.0
scanId=259880,4.331200260417,1169.329421421373,1760.0
scanId=259880,4.331200260417,1169.3491138804975,1866.0
scanId=259880,4.331200260417,1169.368806390275,1831.0
scanId=259880,4.331200260417,1169.3884991810437,1856.0
scanId=259880,4.331200260417,1169.4081920224507,1892.0
scanId=259880,4.331200260417,1169.427885144863,1960.0
scanId=259880,4.331200260417,1169.4475783179,1949.0
scanId=259880,4.331200260417,1169.4672717719557,1914.0
scanId=259880,4.331200260417,1169.4869652766226,1872.0
scanId=259880,4.331200260417,1169.506659062322,1790.0
scanId=259880,4.331200260417,1169.5263528986186,1603.0
scanId=259880,4.331200260417,1169.5460470159617,1537.0
scanId=259880,4.331200260417,1169.5657411838883,1446.0
scanId=259880,4.331200260417,1169.5854356328748,1531.0
scanId=259880,4.331200260417,1169.6051301324312,2015.0
scanId=259880,4.331200260417,1169.6248249130615,3412.0
scanId=259880,4.331200260417,1169.6445197442476,5692.0
scanId=259880,4.331200260417,1169.6642148565213,8489.0
scanId=259880,4.331200260417,1169.6839100193374,10592.0
scanId=259880,4.331200260417,1169.703605463255,10714.0
scanId=259880,4.331200260417,1169.7233009577012,9225.0
scanId=259880,4.331200260417,1169.7429967332623,7059.0
scanId=259880,4.331200260417,1169.762692559338,5124.0
scanId=259880,4.331200260417,1169.782388666543,3986.0
scanId=259880,4.331200260417,1169.8020848242486,3189.0
scanId=259880,4.331200260417,1169.821781263097,2585.0
scanId=259880,4.331200260417,1169.8414777524324,2258.0
scanId=259880,4.331200260417,1169.861174522924,2198.0
scanId=259880,4.331200260417,1169.880871343889,2193.0
scanId=259880,4.331200260417,1169.900568446025,2064.0
scanId=259880,4.331200260417,1169.9202655986203,1779.0
scanId=259880,4.331200260417,1169.9399630323994,1430.0
scanId=259880,4.331200260417,1169.9596605166244,1284.0
scanId=259880,4.331200260417,1169.979358282047,1179.0
scanId=259880,4.331200260417,1169.9990560979018,1295.0
scanId=259880,4.331200260417,1170.018754194968,1313.0
scanId=259880,4.331200260417,1170.0384523424527,1128.0
scanId=259880,4.331200260417,1170.058150771163,1020.0
scanId=259880,4.331200260417,1170.097548010631,1063.0
scanId=259880,4.331200260417,1170.1172468213754,1058.0
scanId=259880,4.331200260417,1170.1369459133728,1051.0
scanId=259880,4.331200260417,1170.1566450557473,1035.0
scanId=259880,4.331200260417,1170.176344479388,1257.0
scanId=259880,4.331200260417,1170.196043953392,1527.0
scanId=259880,4.331200260417,1170.2157437086764,1545.0
scanId=259880,4.331200260417,1170.2354435143102,1398.0
scanId=259880,4.331200260417,1170.2551436012384,1234.0
scanId=259880,4.331200260417,1170.274843738502,1228.0
scanId=259880,4.331200260417,1170.294544157074,1354.0
scanId=259880,4.331200260417,1170.3142446259674,1437.0
scanId=259880,4.331200260417,1170.3339453761828,1405.0
scanId=259880,4.331200260417,1170.353646176706,1244.0
scanId=259880,4.331200260417,1170.373347258565,1121.0
scanId=259880,4.331200260417,1170.649179006898,1463.0
scanId=259880,4.331200260417,1170.66888246046,2063.0
scanId=259880,4.331200260417,1170.6885861954677,2338.0
scanId=259880,4.331200260417,1170.7082899806596,2323.0
scanId=259880,4.331200260417,1170.727994047311,2237.0
scanId=259880,4.331200260417,1170.7476981641328,2013.0
scanId=259880,4.331200260417,1170.7674025624278,1651.0
scanId=259880,4.331200260417,1170.7871070108793,1297.0
scanId=259880,4.331200260417,1170.806811740818,1034.0
scanId=259880,4.331200260417,1174.1392832487072,1167.0
scanId=259880,4.331200260417,1174.15901616835,1341.0
scanId=259880,4.331200260417,1174.178749136967,1324.0
scanId=259880,4.331200260417,1174.1984823882538,1124.0
scanId=259880,4.331200260417,1174.6523915314149,1083.0
scanId=259880,4.331200260417,1174.6721287624237,1056.0
scanId=259880,4.331200260417,1176.6269295820036,1524.0
scanId=259880,4.331200260417,1176.6466833951888,2053.0
scanId=259880,4.331200260417,1176.666437256486,2356.0
scanId=259880,4.331200260417,1176.6861914013148,2320.0
scanId=259880,4.331200260417,1176.7059455942417,1876.0
scanId=259880,4.331200260417,1176.725700070714,1435.0
scanId=259880,4.331200260417,1176.7454545952703,1118.0
scanId=259880,4.331200260417,1177.12082324474,1554.0
scanId=259880,4.331200260417,1177.1405810855952,2229.0
scanId=259880,4.331200260417,1177.160339210146,2735.0
scanId=259880,4.331200260417,1177.180097382631,3046.0
scanId=259880,4.331200260417,1177.199855838825,2981.0
scanId=259880,4.331200260417,1177.2196143429398,2368.0
scanId=259880,4.331200260417,1177.2393731307775,1630.0
scanId=259880,4.331200260417,1177.259131966523,1110.0
scanId=259880,4.331200260417,1177.6345825303376,1896.0
scanId=259880,4.331200260417,1177.6543446823807,3068.0
scanId=259880,4.331200260417,1177.6741071182976,3507.0
scanId=259880,4.331200260417,1177.6938696019704,3274.0
scanId=259880,4.331200260417,1177.71363236953,2888.0
scanId=259880,4.331200260417,1177.7333951848327,2418.0
scanId=259880,4.331200260417,1177.753158284036,1933.0
scanId=259880,4.331200260417,1177.7729214309684,1510.0
scanId=259880,4.331200260417,1177.7926848618151,1231.0
scanId=259880,4.331200260417,1177.8124483403776,1030.0
scanId=259880,4.331200260417,1178.1484539091284,1000.0
scanId=259880,4.331200260417,1178.1682203723592,1361.0
scanId=259880,4.331200260417,1178.1879871196409,1477.0
scanId=259880,4.331200260417,1178.2077539145016,1326.0
scanId=259880,4.331200260417,1178.2275209934269,1059.0
scanId=259880,4.331200260417,1178.6624373811098,1310.0
scanId=259880,4.331200260417,1178.6822081555283,1567.0
scanId=259880,4.331200260417,1178.7019792141757,1583.0
scanId=259880,4.331200260417,1178.721750320224,1317.0
scanId=259880,4.331200260417,1181.610119844164,1570.0
scanId=259880,4.331200260417,1181.6299154444264,3576.0
scanId=259880,4.331200260417,1181.6497110910827,5925.0
scanId=259880,4.331200260417,1181.6695070229882,7027.0
scanId=259880,4.331200260417,1181.6893030012743,6697.0
scanId=259880,4.331200260417,1181.7090992648236,5324.0
scanId=259880,4.331200260417,1181.72889557474,3793.0
scanId=259880,4.331200260417,1181.7486921699324,2617.0
scanId=259880,4.331200260417,1181.7684888114784,1709.0
scanId=259880,4.331200260417,1181.7882857383142,1112.0
scanId=259880,4.331200260417,1182.6199038904567,2152.0
scanId=259880,4.331200260417,1182.6397078278592,3767.0
scanId=259880,4.331200260417,1182.6595120508505,5327.0
scanId=259880,4.331200260417,1182.6793163198824,5846.0
scanId=259880,4.331200260417,1182.6991208745171,5195.0
scanId=259880,4.331200260417,1182.7189254751795,4034.0
scanId=259880,4.331200260417,1182.738730361457,2864.0
scanId=259880,4.331200260417,1182.7585352937492,1977.0
scanId=259880,4.331200260417,1182.7783405116704,1338.0
scanId=259880,4.331200260417,1183.6301191104149,1445.0
scanId=259880,4.331200260417,1183.6499316244908,2052.0
scanId=259880,4.331200260417,1183.669744184269,2846.0
scanId=259880,4.331200260417,1183.6895570299885,3148.0
scanId=259880,4.331200260417,1183.7093699213965,2736.0
scanId=259880,4.331200260417,1183.7291830987592,2045.0
scanId=259880,4.331200260417,1183.7489963217972,1415.0
scanId=259880,4.331200260417,1187.5760643070837,3479.0
scanId=259880,4.331200260417,1187.595909698215,10565.0
scanId=259880,4.331200260417,1187.6157553766272,22497.0
scanId=259880,4.331200260417,1187.635601099389,36958.0
scanId=259880,4.331200260417,1187.6554471094446,47841.0
scanId=259880,4.331200260417,1187.6752931638362,48034.0
scanId=259880,4.331200260417,1187.6951395055348,39133.0
scanId=259880,4.331200260417,1187.7149858915564,28263.0
scanId=259880,4.331200260417,1187.7348325648986,19008.0
scanId=259880,4.331200260417,1187.75467928255,12703.0
scanId=259880,4.331200260417,1187.7745262875353,8421.0
scanId=259880,4.331200260417,1187.7943733368163,5464.0
scanId=259880,4.331200260417,1187.814220673445,3529.0
scanId=259880,4.331200260417,1187.834068054356,2313.0
scanId=259880,4.331200260417,1187.853915722628,1654.0
scanId=259880,4.331200260417,1187.873763435169,1222.0
scanId=259880,4.331200260417,1188.568540027631,1239.0
scanId=259880,4.331200260417,1188.5883937095086,4254.0
scanId=259880,4.331200260417,1188.6082476790036,11305.0
scanId=259880,4.331200260417,1188.628101692511,22013.0
scanId=259880,4.331200260417,1188.6479559936497,32462.0
scanId=259880,4.331200260417,1188.6678103387874,37103.0
scanId=259880,4.331200260417,1188.687664971569,33582.0
scanId=259880,4.331200260417,1188.707519648336,26003.0
scanId=259880,4.331200260417,1188.727374612761,18504.0
scanId=259880,4.331200260417,1188.747229621158,12553.0
scanId=259880,4.331200260417,1188.7670849172264,8357.0
scanId=259880,4.331200260417,1188.7869402572535,5662.0
scanId=259880,4.331200260417,1188.806795884965,3821.0
scanId=259880,4.331200260417,1188.8266515566218,2582.0
scanId=259880,4.331200260417,1188.8465075159766,1767.0
scanId=259880,4.331200260417,1188.8663635192634,1340.0
scanId=259880,4.331200260417,1188.8862198102613,1105.0
scanId=259880,4.331200260417,1189.5812922665175,1777.0
scanId=259880,4.331200260417,1189.601154527095,4423.0
scanId=259880,4.331200260417,1189.621016831349,8480.0
scanId=259880,4.331200260417,1189.64087942357,13052.0
scanId=259880,4.331200260417,1189.6607420594532,15889.0
scanId=259880,4.331200260417,1189.6806049833172,15626.0
scanId=259880,4.331200260417,1189.7004679508304,12768.0
scanId=259880,4.331200260417,1189.7203312063375,9182.0
scanId=259880,4.331200260417,1189.740194505481,6320.0
scanId=259880,4.331200260417,1189.7600580926314,4165.0
scanId=259880,4.331200260417,1189.7799217234044,2861.0
scanId=259880,4.331200260417,1189.7997856421985,2126.0
scanId=259880,4.331200260417,1189.8196496046014,1628.0
scanId=259880,4.331200260417,1189.8395138550388,1343.0
scanId=259880,4.331200260417,1189.8593781490715,1122.0
scanId=259880,4.331200260417,1189.879242731152,1016.0
scanId=259880,4.331200260417,1190.5944759208924,1512.0
scanId=259880,4.331200260417,1190.614346515892,2606.0
scanId=259880,4.331200260417,1190.6342173991948,4002.0
scanId=259880,4.331200260417,1190.6540883258242,5696.0
scanId=259880,4.331200260417,1190.6739595407707,6341.0
scanId=259880,4.331200260417,1190.69383079903,5627.0
scanId=259880,4.331200260417,1190.7137023456194,4349.0
scanId=259880,4.331200260417,1190.7335739355085,3211.0
scanId=259880,4.331200260417,1190.753445813741,2258.0
scanId=259880,4.331200260417,1190.77331773526,1545.0
scanId=259880,4.331200260417,1190.793189945136,1168.0
scanId=259880,4.331200260417,1191.1707922127966,1115.0
scanId=259880,4.331200260417,1191.1906677391053,1081.0
scanId=259880,4.331200260417,1191.64784913789,1207.0
scanId=259880,4.331200260417,1191.6677286439178,1453.0
scanId=259880,4.331200260417,1191.6876081929229,1667.0
scanId=259880,4.331200260417,1191.707488030594,1678.0
scanId=259880,4.331200260417,1191.727367911229,1415.0
scanId=259880,4.331200260417,1191.7472480805432,1123.0
scanId=259880,4.331200260417,1192.6619122927484,1021.0
scanId=259880,4.331200260417,1192.6818001324996,1142.0
scanId=259880,4.331200260417,1192.7016882612518,1109.0
scanId=259880,4.331200260417,1193.6565104872527,1024.0
scanId=259880,4.331200260417,1197.6390487217868,1710.0
scanId=259880,4.331200260417,1197.6589780152674,2683.0
scanId=259880,4.331200260417,1197.6789075994193,3507.0
scanId=259880,4.331200260417,1197.6988372245298,3892.0
scanId=259880,4.331200260417,1197.7187671403249,3606.0
scanId=259880,4.331200260417,1197.7386970970651,2937.0
scanId=259880,4.331200260417,1197.758627344503,2157.0
scanId=259880,4.331200260417,1197.7785576328731,1582.0
scanId=259880,4.331200260417,1197.798488211955,1155.0
scanId=259880,4.331200260417,1198.6556572287236,1302.0
scanId=259880,4.331200260417,1198.675595103954,1857.0
scanId=259880,4.331200260417,1198.695533019811,2541.0
scanId=259880,4.331200260417,1198.7154712266845,2664.0
scanId=259880,4.331200260417,1198.7354094741709,2243.0
scanId=259880,4.331200260417,1198.7553480126878,1738.0
scanId=259880,4.331200260417,1198.775286591804,1229.0
scanId=259880,4.331200260417,1199.6527509877897,1392.0
scanId=259880,4.331200260417,1199.6726971540984,1982.0
scanId=259880,4.331200260417,1199.692643360701,2588.0
scanId=259880,4.331200260417,1199.7125898586526,2930.0
scanId=259880,4.331200260417,1199.7325363968846,2901.0
scanId=259880,4.331200260417,1199.75248322648,2391.0
scanId=259880,4.331200260417,1199.7724300963416,1791.0
scanId=259880,4.331200260417,1199.7923772575798,1306.0
scanId=259880,4.331200260417,1200.7101230362184,1096.0
scanId=259880,4.331200260417,1200.7300778651966,1121.0
scanId=259880,4.331200260417,1201.6881076792652,1076.0
scanId=259880,4.331200260417,1201.7080707593725,1199.0
scanId=259880,4.331200260417,1201.7280338790963,1133.0
scanId=259880,4.331200260417,1201.7479972908463,1000.0
scanId=259880,4.331200260417,1203.585334736677,2377.0
scanId=259880,4.331200260417,1203.605313443003,4429.0
scanId=259880,4.331200260417,1203.6252924419778,6303.0
scanId=259880,4.331200260417,1203.645271479934,7651.0
scanId=259880,4.331200260417,1203.6652508105512,7718.0
scanId=259880,4.331200260417,1203.685230180137,6364.0
scanId=259880,4.331200260417,1203.7052098423978,4753.0
scanId=259880,4.331200260417,1203.7251895436136,3440.0
scanId=259880,4.331200260417,1203.7451695375173,2443.0
scanId=259880,4.331200260417,1203.7651495703633,1692.0
scanId=259880,4.331200260417,1203.78512989591,1170.0
scanId=259880,4.331200260417,1204.5844763510618,2381.0
scanId=259880,4.331200260417,1204.6044633481345,4032.0
scanId=259880,4.331200260417,1204.624450638185,6042.0
scanId=259880,4.331200260417,1204.6444379668872,7448.0
scanId=259880,4.331200260417,1204.6644255885808,7362.0
scanId=259880,4.331200260417,1204.6844132489125,6233.0
scanId=259880,4.331200260417,1204.7044012022493,4791.0
scanId=259880,4.331200260417,1204.724389194211,3490.0
scanId=259880,4.331200260417,1204.7443774791907,2351.0
scanId=259880,4.331200260417,1204.7643658027823,1588.0
scanId=259880,4.331200260417,1204.784354419405,1186.0
scanId=259880,4.331200260417,1205.5840325109928,1148.0
scanId=259880,4.331200260417,1205.6040277988109,1990.0
scanId=259880,4.331200260417,1205.6240233799374,3323.0
scanId=259880,4.331200260417,1205.6440189993853,4910.0
scanId=259880,4.331200260417,1205.6640149121545,5955.0
scanId=259880,4.331200260417,1205.6840108632323,6242.0
scanId=259880,4.331200260417,1205.7040071076444,5953.0
scanId=259880,4.331200260417,1205.7240033903522,4844.0
scanId=259880,4.331200260417,1205.7439999664075,3511.0
scanId=259880,4.331200260417,1205.763996580745,2470.0
scanId=259880,4.331200260417,1205.7839934884432,1718.0
scanId=259880,4.331200260417,1205.8039904344105,1174.0
scanId=259880,4.331200260417,1206.624010667224,1111.0
scanId=259880,4.331200260417,1206.644014577418,1892.0
scanId=259880,4.331200260417,1206.6640187812625,2742.0
scanId=259880,4.331200260417,1206.684023023086,3477.0
scanId=259880,4.331200260417,1206.7040275585737,4031.0
scanId=259880,4.331200260417,1206.7240321320276,3997.0
scanId=259880,4.331200260417,1206.7440369991582,3438.0
scanId=259880,4.331200260417,1206.7640419042414,2789.0
scanId=259880,4.331200260417,1206.784047103015,2152.0
scanId=259880,4.331200260417,1206.804052339728,1613.0
scanId=259880,4.331200260417,1206.8240578701448,1112.0
scanId=259880,4.331200260417,1207.6444247009747,1063.0
scanId=259880,4.331200260417,1207.6644371958942,1693.0
scanId=259880,4.331200260417,1207.6844497284635,2211.0
scanId=259880,4.331200260417,1207.704462555026,2635.0
scanId=259880,4.331200260417,1207.7244754192254,2657.0
scanId=259880,4.331200260417,1207.7444885774307,2361.0
scanId=259880,4.331200260417,1207.76450177326,1848.0
scanId=259880,4.331200260417,1207.7845152631085,1338.0
scanId=259880,4.331200260417,1208.685290979353,1186.0
scanId=259880,4.331200260417,1208.7053120969902,1407.0
scanId=259880,4.331200260417,1208.7253332519354,1304.0
scanId=259880,4.331200260417,1208.745354701215,1068.0
scanId=259880,4.331200260417,1213.6555908977075,1231.0
scanId=259880,4.331200260417,1213.675653139067,1561.0
scanId=259880,4.331200260417,1213.695715416112,1586.0
scanId=259880,4.331200260417,1213.7157779891138,1461.0
scanId=259880,4.331200260417,1213.7358405977889,1206.0
scanId=259880,4.331200260417,1214.6589028396274,1070.0
scanId=259880,4.331200260417,1214.6789733720582,1255.0
scanId=259880,4.331200260417,1214.6990439398492,1215.0
scanId=259880,4.331200260417,1214.719114803923,1055.0
scanId=259880,4.331200260417,1215.6425508000775,1209.0
scanId=259880,4.331200260417,1215.6626293269844,1779.0
scanId=259880,4.331200260417,1215.6827081504869,2088.0
scanId=259880,4.331200260417,1215.7027870090235,2108.0
scanId=259880,4.331200260417,1215.7228661641689,1851.0
scanId=259880,4.331200260417,1215.7429453543357,1440.0
scanId=259880,4.331200260417,1215.7630248411235,1075.0
scanId=259880,4.331200260417,1219.6213460262704,1198.0
scanId=259880,4.331200260417,1219.6414573845311,1484.0
scanId=259880,4.331200260417,1219.6615690406716,1604.0
scanId=259880,4.331200260417,1219.6816807305622,1700.0
scanId=259880,4.331200260417,1219.7017927183456,1700.0
scanId=259880,4.331200260417,1219.7219047398662,1392.0
scanId=259880,4.331200260417,1220.6271203680865,1086.0
scanId=259880,4.331200260417,1220.6472400170933,1279.0
scanId=259880,4.331200260417,1220.667359964303,1550.0
scanId=259880,4.331200260417,1220.6874799449397,1860.0
scanId=259880,4.331200260417,1220.7076002237918,1700.0
scanId=259880,4.331200260417,1220.7277205360583,1302.0
scanId=259880,4.331200260417,1221.6333092552748,1232.0
scanId=259880,4.331200260417,1221.6534371950274,1567.0
scanId=259880,4.331200260417,1221.6735654333058,1667.0
scanId=259880,4.331200260417,1221.6936937046885,1542.0
scanId=259880,4.331200260417,1221.7138222746096,1315.0
scanId=259880,4.331200260417,1221.733950877622,1056.0
scanId=259880,4.331200260417,1222.660048918322,1125.0
scanId=259880,4.331200260417,1222.6801854476685,1246.0
scanId=259880,4.331200260417,1222.700322009797,1350.0
scanId=259880,4.331200260417,1222.7204588707864,1238.0
scanId=259880,4.331200260417,1223.6670751869658,1082.0
scanId=259880,4.331200260417,1223.6872200073803,1542.0
scanId=259880,4.331200260417,1223.7073648602548,2209.0
scanId=259880,4.331200260417,1223.7275100123122,2662.0
scanId=259880,4.331200260417,1223.7476551968164,2562.0
scanId=259880,4.331200260417,1223.7678006805163,2002.0
scanId=259880,4.331200260417,1223.7879461966504,1442.0
scanId=259880,4.331200260417,1223.808092011993,1042.0
scanId=259880,4.331200260417,1224.6543631889583,1013.0
scanId=259880,4.331200260417,1224.6745160009486,1611.0
scanId=259880,4.331200260417,1224.6946691124306,2341.0
scanId=259880,4.331200260417,1224.7148222560509,2877.0
scanId=259880,4.331200260417,1224.7349756991753,2831.0
scanId=259880,4.331200260417,1224.7551291744253,2450.0
scanId=259880,4.331200260417,1224.7752829491926,1831.0
scanId=259880,4.331200260417,1224.7954367560726,1331.0
scanId=259880,4.331200260417,1224.8155908624826,1062.0
scanId=259880,4.331200260417,1225.6823713602585,1222.0
scanId=259880,4.331200260417,1225.702532762807,1597.0
scanId=259880,4.331200260417,1225.7226941971733,1788.0
scanId=259880,4.331200260417,1225.7428559313648,1741.0
scanId=259880,4.331200260417,1225.763017697361,1695.0
scanId=259880,4.331200260417,1225.7831797631952,1384.0
scanId=259880,4.331200260417,1225.803341860821,1053.0
scanId=259880,4.331200260417,1226.7108109585004,1059.0
scanId=259880,4.331200260417,1235.6217769565656,1076.0
scanId=259880,4.331200260417,1235.642019943189,1223.0
scanId=259880,4.331200260417,1235.6622629584951,1426.0
scanId=259880,4.331200260417,1235.6825062767616,1377.0
scanId=259880,4.331200260417,1235.702749623698,1093.0
scanId=259880,4.331200260417,1240.7282364690916,1078.0
scanId=259880,4.331200260417,1240.748521242664,1023.0
scanId=259880,4.331200260417,1241.6817968857815,1069.0
scanId=259880,4.331200260417,1241.7020893139331,1115.0
scanId=259880,4.331200260417,1241.7223820469237,1123.0
scanId=259880,4.331200260417,1241.7426748067048,1112.0
scanId=259880,4.331200260417,1241.762967871337,1185.0
scanId=259880,4.331200260417,1241.7832609627485,1092.0
scanId=259880,4.331200260417,1245.5606726375684,1104.0
scanId=259880,4.331200260417,1245.5809968765818,1495.0
scanId=259880,4.331200260417,1245.6013211411978,1817.0
scanId=259880,4.331200260417,1245.6216457118533,2140.0
scanId=259880,4.331200260417,1245.641970308099,2450.0
scanId=259880,4.331200260417,1245.662295210397,2506.0
scanId=259880,4.331200260417,1245.682620138272,2223.0
scanId=259880,4.331200260417,1245.7029453722123,1902.0
scanId=259880,4.331200260417,1245.7232706317177,1533.0
scanId=259880,4.331200260417,1245.7435961973,1136.0
scanId=259880,4.331200260417,1246.577084209938,1067.0
scanId=259880,4.331200260417,1246.5974167400086,1785.0
scanId=259880,4.331200260417,1246.6177492953705,2335.0
scanId=259880,4.331200260417,1246.6380821570835,2437.0
scanId=259880,4.331200260417,1246.6584150440754,2255.0
scanId=259880,4.331200260417,1246.6787482374305,2042.0
scanId=259880,4.331200260417,1246.6990814560518,1859.0
scanId=259880,4.331200260417,1246.7194149810496,1611.0
scanId=259880,4.331200260417,1246.7397485313008,1324.0
scanId=259880,4.331200260417,1246.7600823879409,1071.0
scanId=259880,4.331200260417,1247.5939103273909,1160.0
scanId=259880,4.331200260417,1247.6142511485189,1616.0
scanId=259880,4.331200260417,1247.6345919946266,1982.0
scanId=259880,4.331200260417,1247.6549331473968,1987.0
scanId=259880,4.331200260417,1247.6752743251343,1877.0
scanId=259880,4.331200260417,1247.6956158095468,1819.0
scanId=259880,4.331200260417,1247.7159573189142,1659.0
scanId=259880,4.331200260417,1247.7362991349696,1452.0
scanId=259880,4.331200260417,1247.7566409759668,1288.0
scanId=259880,4.331200260417,1247.7769831236635,1063.0
scanId=259880,4.331200260417,1248.631500102102,1129.0
scanId=259880,4.331200260417,1248.6518492389555,1431.0
scanId=259880,4.331200260417,1248.6721986827824,1535.0
scanId=259880,4.331200260417,1248.6925481512658,1330.0
scanId=259880,4.331200260417,1248.7128979267352,1028.0
scanId=259880,4.331200260417,1249.649163600745,1023.0
scanId=259880,4.331200260417,1255.6005980578136,1625.0
scanId=259880,4.331200260417,1255.6210039033692,2807.0
scanId=259880,4.331200260417,1255.6414100580118,3458.0
scanId=259880,4.331200260417,1255.6618162351974,3454.0
scanId=259880,4.331200260417,1255.6822227214825,3008.0
scanId=259880,4.331200260417,1255.7026292302978,2572.0
scanId=259880,4.331200260417,1255.723036048225,2188.0
scanId=259880,4.331200260417,1255.74344288867,1728.0
scanId=259880,4.331200260417,1255.763850038239,1341.0
scanId=259880,4.331200260417,1255.784257210314,1062.0
scanId=259880,4.331200260417,1256.6006829303108,1226.0
scanId=259880,4.331200260417,1256.621097044365,2274.0
scanId=259880,4.331200260417,1256.6415111806664,3182.0
scanId=259880,4.331200260417,1256.6619256263623,3464.0
scanId=259880,4.331200260417,1256.6823400942935,3146.0
scanId=259880,4.331200260417,1256.7027548716314,2733.0
scanId=259880,4.331200260417,1256.7231696711929,2246.0
scanId=259880,4.331200260417,1256.743584780173,1742.0
scanId=259880,4.331200260417,1256.763999911364,1310.0
scanId=259880,4.331200260417,1256.7844153519864,1120.0
scanId=259880,4.331200260417,1257.6420105758864,1021.0
scanId=259880,4.331200260417,1257.6624330029344,1208.0
scanId=259880,4.331200260417,1257.682855739683,1213.0
scanId=259880,4.331200260417,1257.7032784983603,1093.0
scanId=259880,4.331200260417,1257.723701566751,1009.0
scanId=259880,4.331200260417,1258.704200397962,1037.0
scanId=259880,4.331200260417,1258.7246314473853,1064.0
scanId=259880,4.331200260417,1259.7055202823358,1130.0
scanId=259880,4.331200260417,1259.7259596011884,1157.0
scanId=259880,4.331200260417,1259.7463989413577,1116.0
scanId=259880,4.331200260417,1261.72981015145,1039.0
scanId=259880,4.331200260417,1261.7502657414811,1100.0
scanId=259880,4.331200260417,1266.7259076610962,2669.0
scanId=259880,4.331200260417,1266.7464037099674,5869.0
scanId=259880,4.331200260417,1266.766900071244,8558.0
scanId=259880,4.331200260417,1266.787396451745,10403.0
scanId=259880,4.331200260417,1266.8078931446628,10897.0
scanId=259880,4.331200260417,1266.8283898567938,9238.0
scanId=259880,4.331200260417,1266.8488868813536,6812.0
scanId=259880,4.331200260417,1266.869383925114,4848.0
scanId=259880,4.331200260417,1266.889881281316,3444.0
scanId=259880,4.331200260417,1266.9103786567064,2504.0
scanId=259880,4.331200260417,1266.93087634455,1723.0
scanId=259880,4.331200260417,1266.9513740515706,1166.0
scanId=259880,4.331200260417,1267.7304125756232,2358.0
scanId=259880,4.331200260417,1267.7509168963054,5316.0
scanId=259880,4.331200260417,1267.7714212359226,8483.0
scanId=259880,4.331200260417,1267.7919258882466,11053.0
scanId=259880,4.331200260417,1267.8124305594936,11396.0
scanId=259880,4.331200260417,1267.8329355434594,9792.0
scanId=259880,4.331200260417,1267.853440546336,7363.0
scanId=259880,4.331200260417,1267.873945861944,5059.0
scanId=259880,4.331200260417,1267.8944511964503,3317.0
scanId=259880,4.331200260417,1267.9149568437006,2174.0
scanId=259880,4.331200260417,1267.935462509837,1363.0
scanId=259880,4.331200260417,1268.7353157658954,1675.0
scanId=259880,4.331200260417,1268.7558280646283,3081.0
scanId=259880,4.331200260417,1268.7763406763584,4696.0
scanId=259880,4.331200260417,1268.7968533067217,5620.0
scanId=259880,4.331200260417,1268.817366250093,5355.0
scanId=259880,4.331200260417,1268.837879212086,4437.0
scanId=259880,4.331200260417,1268.8583924870993,3347.0
scanId=259880,4.331200260417,1268.878905780722,2398.0
scanId=259880,4.331200260417,1268.8994193873775,1690.0
scanId=259880,4.331200260417,1268.91993301263,1157.0
scanId=259880,4.331200260417,1269.7406169378528,1070.0
scanId=259880,4.331200260417,1269.7611375089878,1556.0
scanId=259880,4.331200260417,1269.7816580984668,2069.0
scanId=259880,4.331200260417,1269.8021790012444,2072.0
scanId=259880,4.331200260417,1269.8226999223534,1826.0
scanId=259880,4.331200260417,1269.843221156772,1531.0
scanId=259880,4.331200260417,1269.863742409511,1160.0
scanId=259880,4.331200260417,1272.5945565100567,1180.0
scanId=259880,4.331200260417,1272.6150999819945,1538.0
scanId=259880,4.331200260417,1272.635643768059,1868.0
scanId=259880,4.331200260417,1272.6561875716266,1934.0
scanId=259880,4.331200260417,1272.676731689333,1700.0
scanId=259880,4.331200260417,1272.6972758245306,1374.0
scanId=259880,4.331200260417,1272.717820273879,1158.0
scanId=259880,4.331200260417,1272.7383647407064,1020.0
scanId=259880,4.331200260417,1273.601385196148,1028.0
scanId=259880,4.331200260417,1273.621936941616,1216.0
scanId=259880,4.331200260417,1273.6424887042997,1285.0
scanId=259880,4.331200260417,1273.6630407814098,1297.0
scanId=259880,4.331200260417,1273.6835928757234,1298.0
scanId=259880,4.331200260417,1273.704145284475,1193.0
scanId=259880,4.331200260417,1273.7246977104192,1136.0
scanId=259880,4.331200260417,1281.7734330066796,1177.0
scanId=259880,4.331200260417,1281.7940504320711,1206.0
scanId=259880,4.331200260417,1282.722009668346,1534.0
scanId=259880,4.331200260417,1282.7426347212236,2850.0
scanId=259880,4.331200260417,1282.7632600911545,4021.0
scanId=259880,4.331200260417,1282.7838854756617,4745.0
scanId=259880,4.331200260417,1282.8045111772342,4809.0
scanId=259880,4.331200260417,1282.8251368933716,4225.0
scanId=259880,4.331200260417,1282.8457629265856,3270.0
scanId=259880,4.331200260417,1282.8663889743527,2341.0
scanId=259880,4.331200260417,1282.887015339209,1644.0
scanId=259880,4.331200260417,1282.907641718606,1151.0
scanId=259880,4.331200260417,1283.7328358906689,1600.0
scanId=259880,4.331200260417,1283.7534692199995,2758.0
scanId=259880,4.331200260417,1283.774102563623,3753.0
scanId=259880,4.331200260417,1283.7947362245943,4200.0
scanId=259880,4.331200260417,1283.8153698998478,3785.0
scanId=259880,4.331200260417,1283.836003892461,3005.0
scanId=259880,4.331200260417,1283.8566378993442,2245.0
scanId=259880,4.331200260417,1283.8772722235992,1660.0
scanId=259880,4.331200260417,1283.8979065621122,1214.0
scanId=259880,4.331200260417,1284.7234191044745,1064.0
scanId=259880,4.331200260417,1284.7440603932032,1408.0
scanId=259880,4.331200260417,1284.764701695943,1878.0
scanId=259880,4.331200260417,1284.7853433163132,2217.0
scanId=259880,4.331200260417,1284.8059849506826,2275.0
scanId=259880,4.331200260417,1284.8266269026942,2181.0
scanId=259880,4.331200260417,1284.8472688686936,1859.0
scanId=259880,4.331200260417,1284.867911152347,1321.0
scanId=259880,4.331200260417,1285.5904928123098,1453.0
scanId=259880,4.331200260417,1285.611141065512,2366.0
scanId=259880,4.331200260417,1285.631789332478,3001.0
scanId=259880,4.331200260417,1285.652437917322,3175.0
scanId=259880,4.331200260417,1285.673086515918,3012.0
scanId=259880,4.331200260417,1285.6937354324032,2559.0
scanId=259880,4.331200260417,1285.714384362629,1948.0
scanId=259880,4.331200260417,1285.735033610756,1470.0
scanId=259880,4.331200260417,1285.7556828726115,1264.0
scanId=259880,4.331200260417,1285.77633245238,1144.0
scanId=259880,4.331200260417,1286.6024485718613,1336.0
scanId=259880,4.331200260417,1286.6231047979434,1941.0
scanId=259880,4.331200260417,1286.643761342185,2591.0
scanId=259880,4.331200260417,1286.664417899897,2728.0
scanId=259880,4.331200260417,1286.68507477578,2392.0
scanId=259880,4.331200260417,1286.705731665122,1925.0
scanId=259880,4.331200260417,1286.7263888726468,1588.0
scanId=259880,4.331200260417,1286.7470460936186,1340.0
scanId=259880,4.331200260417,1286.7677036327848,1117.0
scanId=259880,4.331200260417,1287.6148023077378,1100.0
scanId=259880,4.331200260417,1287.6354668113768,1473.0
scanId=259880,4.331200260417,1287.656131328205,1846.0
scanId=259880,4.331200260417,1287.6767961634855,2091.0
scanId=259880,4.331200260417,1287.697461011944,2139.0
scanId=259880,4.331200260417,1287.718126178866,2037.0
scanId=259880,4.331200260417,1287.738791358954,1797.0
scanId=259880,4.331200260417,1287.7594568575173,1498.0
scanId=259880,4.331200260417,1287.780122369235,1158.0
scanId=259880,4.331200260417,1288.6275543248871,1233.0
scanId=259880,4.331200260417,1288.6482268008313,1541.0
scanId=259880,4.331200260417,1288.668899595509,1632.0
scanId=259880,4.331200260417,1288.6895724030828,1700.0
scanId=259880,4.331200260417,1288.7102455294018,1733.0
scanId=259880,4.331200260417,1288.7309186686057,1610.0
scanId=259880,4.331200260417,1288.7515921265665,1332.0
scanId=259880,4.331200260417,1290.737008797572,1021.0
scanId=259880,4.331200260417,1290.7576981866382,1167.0
scanId=259880,4.331200260417,1290.778387895033,1176.0
scanId=259880,4.331200260417,1298.7354636976893,1069.0
scanId=259880,4.331200260417,1298.7562170913136,1215.0
scanId=259880,4.331200260417,1298.7769708065016,1209.0
scanId=259880,4.331200260417,1299.7525787247714,1124.0
scanId=259880,4.331200260417,1299.7733403993514,1166.0
scanId=259880,4.331200260417,1299.7941020837218,1164.0
scanId=259880,4.331200260417,1300.7285530905615,1025.0
scanId=259880,4.331200260417,1300.749322402418,1107.0
scanId=259880,4.331200260417,1300.7700920363898,1111.0
scanId=259880,4.331200260417,1301.725670853271,1039.0
scanId=259880,4.331200260417,1301.7464481242434,1302.0
scanId=259880,4.331200260417,1301.7672257176062,1389.0
scanId=259880,4.331200260417,1301.7880033202086,1304.0
scanId=259880,4.331200260417,1301.8087812452125,1022.0
scanId=259880,4.331200260417,1302.7439558902358,1096.0
scanId=259880,4.331200260417,1302.7647414429894,1138.0
scanId=259880,4.331200260417,1307.591453210186,1197.0
scanId=259880,4.331200260417,1307.6122772409656,1423.0
scanId=259880,4.331200260417,1307.633101595742,1309.0
scanId=259880,4.331200260417,1307.6539259581514,1109.0
scanId=259880,4.331200260417,1308.59119752633,1253.0
scanId=259880,4.331200260417,1308.6120295162257,1326.0
scanId=259880,4.331200260417,1308.6328618303903,1152.0
scanId=259880,4.331200260417,1309.7163665440728,1066.0
scanId=259880,4.331200260417,1309.737207487974,1285.0
scanId=259880,4.331200260417,1309.7580487564496,1332.0
scanId=259880,4.331200260417,1309.7788900319806,1050.0
scanId=259880,4.331200260417,1310.7586208347834,1090.0
scanId=259880,4.331200260417,1310.7794700694303,1097.0
scanId=259880,4.331200260417,1311.738717769938,1005.0
scanId=259880,4.331200260417,1311.7595749571876,1031.0
scanId=259880,4.331200260417,1321.7482553683442,1011.0
scanId=259880,4.331200260417,1321.7691918216383,1042.0
scanId=259880,4.331200260417,1321.7901286027295,1127.0
scanId=259880,4.331200260417,1321.8110653876531,1145.0
scanId=259880,4.331200260417,1322.7743404687226,1005.0
scanId=259880,4.331200260417,1323.591305135408,1177.0
scanId=259880,4.331200260417,1323.6122561804148,1436.0
scanId=259880,4.331200260417,1323.6332075537052,1498.0
scanId=259880,4.331200260417,1323.654158930342,1513.0
scanId=259880,4.331200260417,1323.6751106352733,1413.0
scanId=259880,4.331200260417,1323.6960623435398,1238.0
scanId=259880,4.331200260417,1323.717014380112,1090.0
scanId=259880,4.331200260417,1324.6181052413824,1136.0
scanId=259880,4.331200260417,1324.6390645740537,1363.0
scanId=259880,4.331200260417,1324.6600239098066,1465.0
scanId=259880,4.331200260417,1324.6809835741185,1265.0
scanId=259880,4.331200260417,1329.82107822805,1028.0
scanId=259880,4.331200260417,1330.7662593034402,1034.0
scanId=259880,4.331200260417,1330.7872670571492,1039.0
scanId=259880,4.331200260417,1331.73279137519,1014.0
scanId=259880,4.331200260417,1331.753806756385,1000.0
scanId=259880,4.331200260417,1430.8113099020734,1009.0
scanId=259880,4.331200260417,1453.7530302978405,1158.0
scanId=259880,4.331200260417,1453.7749875342051,1556.0
scanId=259880,4.331200260417,1453.796944744136,1608.0
scanId=259880,4.331200260417,1453.818902312139,1542.0
scanId=259880,4.331200260417,1453.8408598536996,1261.0
scanId=259880,4.331200260417,1454.7632303695027,1393.0
scanId=259880,4.331200260417,1454.785195233551,1946.0
scanId=259880,4.331200260417,1454.807160070968,2203.0
scanId=259880,4.331200260417,1454.829125266654,1937.0
scanId=259880,4.331200260417,1454.851090435701,1415.0
scanId=259880,4.331200260417,1454.8730559630258,1105.0
scanId=259880,4.331200260417,1455.7518091767847,1214.0
scanId=259880,4.331200260417,1455.7737813100582,1428.0
scanId=259880,4.331200260417,1455.7957538017888,1565.0
scanId=259880,4.331200260417,1455.8177262666925,1474.0
scanId=259880,4.331200260417,1455.8396990900612,1211.0
scanId=259880,4.331200260417,1463.848786960277,1110.0
scanId=259880,4.331200260417,1463.8708201134402,1070.0
scanId=259880,4.331200260417,1465.854491657477,1024.0
scanId=259880,4.331200260417,1465.8765400943737,1159.0
scanId=259880,4.331200260417,1475.7708734490277,1113.0
scanId=259880,4.331200260417,1475.7929961422467,1025.0
scanId=259880,4.331200260417,1475.8593656096666,1011.0
scanId=259880,4.331200260417,1476.7665631240566,1194.0
scanId=259880,4.331200260417,1476.7886934755586,1419.0
scanId=259880,4.331200260417,1476.8108237962642,1347.0
scanId=259880,4.331200260417,1476.8329544794042,1061.0
scanId=259880,4.331200260417,1477.784726391588,1173.0
scanId=259880,4.331200260417,1477.8068643707636,1507.0
scanId=259880,4.331200260417,1477.8290023189552,2079.0
scanId=259880,4.331200260417,1477.8511406297685,2160.0
scanId=259880,4.331200260417,1477.873278909591,1900.0
scanId=259880,4.331200260417,1477.895417552042,1609.0
scanId=259880,4.331200260417,1477.9175561634936,1308.0
scanId=259880,4.331200260417,1477.939695137583,1060.0
scanId=259880,4.331200260417,1478.803240527784,1372.0
scanId=259880,4.331200260417,1478.8253861346325,1591.0
scanId=259880,4.331200260417,1478.8475317103102,1539.0
scanId=259880,4.331200260417,1478.8696776487964,1320.0
scanId=259880,4.331200260417,1478.891823556104,1061.0
scanId=259880,4.331200260417,1479.866411970318,1143.0
scanId=259880,4.331200260417,1479.8885655364766,1070.0
scanId=259880,4.331200260417,1485.787276235053,1025.0
scanId=259880,4.331200260417,1485.85386985544,1006.0
scanId=259880,4.331200260417,1486.7863386255792,1028.0
scanId=259880,4.331200260417,1486.8085439272431,1049.0
scanId=259880,4.331200260417,1487.7857369937692,1136.0
scanId=259880,4.331200260417,1487.8079495586742,1220.0
scanId=259880,4.331200260417,1487.830162488007,1201.0
scanId=259880,4.331200260417,1487.8523753845418,1122.0
scanId=259880,4.331200260417,1487.8745886455124,1001.0
scanId=259880,4.331200260417,1492.8545154433407,1058.0
scanId=259880,4.331200260417,1492.876765814047,1193.0
scanId=259880,4.331200260417,1492.899016550081,1047.0
scanId=259880,4.331200260417,1493.7891779710512,1509.0
scanId=259880,4.331200260417,1493.811435305984,2079.0
scanId=259880,4.331200260417,1493.8336930064083,2399.0
scanId=259880,4.331200260417,1493.8559506729714,2443.0
scanId=259880,4.331200260417,1493.8782087050336,2147.0
scanId=259880,4.331200260417,1493.900466703226,1664.0
scanId=259880,4.331200260417,1493.9227250669258,1228.0
scanId=259880,4.331200260417,1494.7686619637018,1122.0
scanId=259880,4.331200260417,1494.7909265944916,1570.0
scanId=259880,4.331200260417,1494.8131915909444,1973.0
scanId=259880,4.331200260417,1494.8354565533634,2164.0
scanId=259880,4.331200260417,1494.8577218814537,2218.0
scanId=259880,4.331200260417,1494.8799871755025,2044.0
scanId=259880,4.331200260417,1494.9022528352305,1671.0
scanId=259880,4.331200260417,1494.9245184609092,1315.0
scanId=259880,4.331200260417,1495.8152834552138,1069.0
scanId=259880,4.331200260417,1495.8375560793322,1051.0
scanId=259880,4.331200260417,1496.8845516535969,1085.0
scanId=259880,4.331200260417,1496.9068322370176,1098.0
scanId=259880,4.331200260417,1497.8650497821052,1271.0
scanId=259880,4.331200260417,1497.8873376615531,1360.0
scanId=259880,4.331200260417,1497.909625506431,1394.0
scanId=259880,4.331200260417,1497.9319137175166,1445.0
scanId=259880,4.331200260417,1497.9542018940242,1344.0
scanId=259880,4.331200260417,1497.976490436747,1137.0
scanId=259880,4.331200260417,1498.3777107568585,1020.0
scanId=259880,4.331200260417,1498.4000022496643,1126.0
scanId=259880,4.331200260417,1499.9162195828585,1043.0
scanId=259880,4.331200260417,1503.8217752657674,1308.0
scanId=259880,4.331200260417,1503.8441072174137,1928.0
scanId=259880,4.331200260417,1503.8664395362905,2208.0
scanId=259880,4.331200260417,1503.888771819566,2117.0
scanId=259880,4.331200260417,1503.9111044700803,1644.0
scanId=259880,4.331200260417,1503.933437084986,1196.0
scanId=259880,4.331200260417,1504.8268816795187,1585.0
scanId=259880,4.331200260417,1504.8492212944195,2059.0
scanId=259880,4.331200260417,1504.871560873552,2230.0
scanId=259880,4.331200260417,1504.8939008200905,2089.0
scanId=259880,4.331200260417,1504.9162407308522,1704.0
scanId=259880,4.331200260417,1504.9385810090282,1331.0
scanId=259880,4.331200260417,1504.96092125142,1026.0
scanId=259880,4.331200260417,1505.832324073917,1092.0
scanId=259880,4.331200260417,1505.854670948906,1535.0
scanId=259880,4.331200260417,1505.877018191468,1521.0
scanId=259880,4.331200260417,1505.8993653980865,1259.0
scanId=259880,4.331200260417,1505.9217129722863,1084.0
scanId=259880,4.331200260417,1531.8437421736603,1208.0
scanId=259880,4.331200260417,1531.866281434159,1360.0
scanId=259880,4.331200260417,1531.8888206544527,1529.0
scanId=259880,4.331200260417,1531.911360246588,1502.0
scanId=259880,4.331200260417,1531.9338997985117,1330.0
scanId=259880,4.331200260417,1532.8581685222298,1419.0
scanId=259880,4.331200260417,1532.88071503838,1727.0
scanId=259880,4.331200260417,1532.9032619265283,1751.0
scanId=259880,4.331200260417,1532.9258087743085,1519.0
scanId=259880,4.331200260417,1532.9483559940936,1202.0
scanId=259880,4.331200260417,1533.8278227788962,1015.0
scanId=259880,4.331200260417,1533.85037663142,1224.0
scanId=259880,4.331200260417,1533.8729304434266,1307.0
scanId=259880,4.331200260417,1533.895484627587,1226.0
scanId=259880,4.331200260417,1533.9180387712236,1050.0
scanId=259880,4.331200260417,1545.963049959618,1046.0
scanId=259880,4.331200260417,1545.9856926484208,1028.0
scanId=259880,4.331200260417,1748.0018110914257,1134.0
scanId=259880,4.331200260417,1748.0258881438972,1288.0
scanId=259880,4.331200260417,1748.0499651317427,1228.0
scanId=259880,4.331200260417,1748.4352213317538,1027.0
scanId=259880,4.331200260417,1748.4593013689253,1723.0
scanId=259880,4.331200260417,1748.483381341439,2315.0
scanId=259880,4.331200260417,1748.5074617102448,2473.0
scanId=259880,4.331200260417,1748.5315420143888,2503.0
scanId=259880,4.331200260417,1748.5556227148268,2331.0
scanId=259880,4.331200260417,1748.5797033506008,1890.0
scanId=259880,4.331200260417,1748.6037843826723,1401.0
scanId=259880,4.331200260417,1748.9409346289578,1294.0
scanId=259880,4.331200260417,1748.9650179177704,1823.0
scanId=259880,4.331200260417,1748.9891016029085,2358.0
scanId=259880,4.331200260417,1749.0131852233517,2685.0
scanId=259880,4.331200260417,1749.037269240123,2842.0
scanId=259880,4.331200260417,1749.061353192195,2705.0
scanId=259880,4.331200260417,1749.0854375405995,2298.0
scanId=259880,4.331200260417,1749.1095218243015,1747.0
scanId=259880,4.331200260417,1749.1336065043397,1341.0
scanId=259880,4.331200260417,1749.4708078218885,1663.0
scanId=259880,4.331200260417,1749.4948947586292,2548.0
scanId=259880,4.331200260417,1749.5189820917335,3077.0
scanId=259880,4.331200260417,1749.543069360105,2830.0
scanId=259880,4.331200260417,1749.5671570248428,2194.0
scanId=259880,4.331200260417,1749.5912446248433,1616.0
scanId=259880,4.331200260417,1749.6153326212143,1155.0
scanId=259880,4.331200260417,1749.9766706202229,1290.0
scanId=259880,4.331200260417,1750.0007612696606,1743.0
scanId=259880,4.331200260417,1750.0248518543294,1843.0
scanId=259880,4.331200260417,1750.048942835401,1697.0
scanId=259880,4.331200260417,1750.0730337516998,1471.0
scanId=259880,4.331200260417,1750.097125064404,1100.0
scanId=259880,4.331200260417,1760.4958678174228,1043.0
scanId=259880,4.331200260417,1760.5200307629048,1068.0
scanId=259880,4.331200260417,1965.14955409962,1072.0
scanId=259880,4.331200260417,1965.17508263126,1065.0
scanId=259880,4.331200260417,2330.2294500183966,1343.0
scanId=259880,4.331200260417,2330.257248887897,2498.0
scanId=259880,4.331200260417,2330.285048162136,4449.0
scanId=259880,4.331200260417,2330.312847363266,5845.0
scanId=259880,4.331200260417,2330.3406469691336,6700.0
scanId=259880,4.331200260417,2330.3684465018937,6835.0
scanId=259880,4.331200260417,2330.396246439391,6147.0
scanId=259880,4.331200260417,2330.424046303781,5155.0
scanId=259880,4.331200260417,2330.451846572907,3916.0
scanId=259880,4.331200260417,2330.479646768927,2821.0
scanId=259880,4.331200260417,2330.5074473696827,1984.0
scanId=259880,4.331200260417,2330.5352478973327,1432.0
scanId=259880,4.331200260417,2330.5630488297184,1048.0
scanId=259880,4.331200260417,2331.2303180843696,2229.0
scanId=259880,4.331200260417,2331.258122923208,4437.0
scanId=259880,4.331200260417,2331.285928166777,7425.0
scanId=259880,4.331200260417,2331.313733337244,10271.0
scanId=259880,4.331200260417,2331.3415389124425,12364.0
scanId=259880,4.331200260417,2331.36934441454,13187.0
scanId=259880,4.331200260417,2331.3971503213675,11649.0
scanId=259880,4.331200260417,2331.4249561550946,8852.0
scanId=259880,4.331200260417,2331.4527623935523,6381.0
scanId=259880,4.331200260417,2331.480568558909,4560.0
scanId=259880,4.331200260417,2331.5083751289967,3148.0
scanId=259880,4.331200260417,2331.5361816259838,2082.0
scanId=259880,4.331200260417,2331.5639885277,1317.0
scanId=259880,4.331200260417,2332.231401046369,1910.0
scanId=259880,4.331200260417,2332.2592118545435,3621.0
scanId=259880,4.331200260417,2332.287023067443,5969.0
scanId=259880,4.331200260417,2332.314834207248,8004.0
scanId=259880,4.331200260417,2332.342645751777,9448.0
scanId=259880,4.331200260417,2332.370457223212,9959.0
scanId=259880,4.331200260417,2332.3982690993707,9482.0
scanId=259880,4.331200260417,2332.426080902435,7992.0
scanId=259880,4.331200260417,2332.453893110224,5898.0
scanId=259880,4.331200260417,2332.481705244917,4157.0
scanId=259880,4.331200260417,2332.5095177843355,3025.0
scanId=259880,4.331200260417,2332.53733025066,2203.0
scanId=259880,4.331200260417,2332.565143121707,1601.0
scanId=259880,4.331200260417,2332.5929559196607,1207.0
scanId=259880,4.331200260417,2333.2326989043945,1187.0
scanId=259880,4.331200260417,2333.2605156819063,2020.0
scanId=259880,4.331200260417,2333.288332864137,3288.0
scanId=259880,4.331200260417,2333.3161499732787,4726.0
scanId=259880,4.331200260417,2333.34396748714,5691.0
scanId=259880,4.331200260417,2333.371784927911,5755.0
scanId=259880,4.331200260417,2333.399602773401,5501.0
scanId=259880,4.331200260417,2333.4274205458023,4880.0
scanId=259880,4.331200260417,2333.455238722922,4046.0
scanId=259880,4.331200260417,2333.483056826953,2992.0
scanId=259880,4.331200260417,2333.510875335702,2082.0
scanId=259880,4.331200260417,2333.538693771364,1533.0
scanId=259880,4.331200260417,2333.566512611742,1268.0
scanId=259880,4.331200260417,2333.5943313790326,1028.0
scanId=259880,4.331200260417,2334.289857556858,1565.0
scanId=259880,4.331200260417,2334.3176806353367,2123.0
scanId=259880,4.331200260417,2334.3455041185284,2542.0
scanId=259880,4.331200260417,2334.373327528637,2804.0
scanId=259880,4.331200260417,2334.40115134346,2662.0
scanId=259880,4.331200260417,2334.4289750851976,2264.0
scanId=259880,4.331200260417,2334.4567992316483,1833.0
scanId=259880,4.331200260417,2334.4846233050166,1405.0
scanId=259880,4.331200260417,2334.5124477830973,1016.0
scanId=259880,4.331200260417,2353.3317203964484,1034.0
scanId=259880,4.331200260417,2353.359656965315,1027.0
