ScanNumber,RetentionTime,m/z,Intensity
scanId=132862,2.214233333333,102.12803134254987,1245.0
scanId=132862,2.214233333333,102.13385110272583,1043.0
scanId=132862,2.214233333333,121.09881089828049,1234.0
scanId=132862,2.214233333333,121.10514814745602,1007.0
scanId=132862,2.214233333333,122.08942795461749,1212.0
scanId=132862,2.214233333333,122.09579107082475,1395.0
scanId=132862,2.214233333333,122.10215437198964,1051.0
scanId=132862,2.214233333333,126.09224881218229,1345.0
scanId=132862,2.214233333333,126.09871539651508,2046.0
scanId=132862,2.214233333333,126.10518216612937,1822.0
scanId=132862,2.214233333333,126.11164908209079,1299.0
scanId=132862,2.214233333333,130.14649425356095,2236.0
scanId=132862,2.214233333333,130.1530639743887,5338.0
scanId=132862,2.214233333333,130.15963388082272,5963.0
scanId=132862,2.214233333333,130.16620393327906,4414.0
scanId=132862,2.214233333333,130.17277417134272,2892.0
scanId=132862,2.214233333333,130.1793445554277,1913.0
scanId=132862,2.214233333333,130.185915125121,1280.0
scanId=132862,2.214233333333,138.11561705219228,2505.0
scanId=132862,2.214233333333,138.12238494152464,4444.0
scanId=132862,2.214233333333,138.1291529762499,4394.0
scanId=132862,2.214233333333,138.13592119721193,3195.0
scanId=132862,2.214233333333,138.14268956356577,2112.0
scanId=132862,2.214233333333,138.14945811615743,1449.0
scanId=132862,2.214233333333,164.12173740309368,1710.0
scanId=132862,2.214233333333,164.1291149711154,1573.0
scanId=132862,2.214233333333,164.13649272736578,1172.0
scanId=132862,2.214233333333,164.91207870362695,2001.0
scanId=132862,2.214233333333,164.91947403624857,3196.0
scanId=132862,2.214233333333,164.92686951221125,3240.0
scanId=132862,2.214233333333,164.93426517646253,2454.0
scanId=132862,2.214233333333,164.94166098405378,1687.0
scanId=132862,2.214233333333,164.9490569799347,1212.0
scanId=132862,2.214233333333,178.93864129347966,1232.0
scanId=132862,2.214233333333,178.94634471004196,1463.0
scanId=132862,2.214233333333,178.95404826890257,1175.0
scanId=132862,2.214233333333,186.90590446708714,1417.0
scanId=132862,2.214233333333,186.91377748811212,1252.0
scanId=132862,2.214233333333,191.07001470666216,1187.0
scanId=132862,2.214233333333,191.07797494598,1234.0
scanId=132862,2.214233333333,215.11350539269756,1371.0
scanId=132862,2.214233333333,215.1219516596657,2332.0
scanId=132862,2.214233333333,215.13039806630889,2219.0
scanId=132862,2.214233333333,215.13884466490669,1675.0
scanId=132862,2.214233333333,215.1472914031783,1184.0
scanId=132862,2.214233333333,230.24431796408678,1480.0
scanId=132862,2.214233333333,230.2530562037418,1514.0
scanId=132862,2.214233333333,230.26179463642765,1117.0
scanId=132862,2.214233333333,231.10145490025917,2423.0
scanId=132862,2.214233333333,231.11020938970614,5251.0
scanId=132862,2.214233333333,231.1189640722446,6002.0
scanId=132862,2.214233333333,231.12771889332,4750.0
scanId=132862,2.214233333333,231.13647390748804,3281.0
scanId=132862,2.214233333333,231.14522906019184,2162.0
scanId=132862,2.214233333333,231.15398440598958,1402.0
scanId=132862,2.214233333333,245.12237597119076,1882.0
scanId=132862,2.214233333333,245.1313921154388,2404.0
scanId=132862,2.214233333333,245.14040845376755,2030.0
scanId=132862,2.214233333333,245.14942492964394,1488.0
scanId=132862,2.214233333333,245.15844159960233,1048.0
scanId=132862,2.214233333333,257.13111471649046,1085.0
scanId=132862,2.214233333333,259.12958890681983,2053.0
scanId=132862,2.214233333333,259.1388590783948,5505.0
scanId=132862,2.214233333333,259.1481294450319,7828.0
scanId=132862,2.214233333333,259.1573999482351,7034.0
scanId=132862,2.214233333333,259.1666706465019,5137.0
scanId=132862,2.214233333333,259.1759414813335,3473.0
scanId=132862,2.214233333333,259.18521251123,2273.0
scanId=132862,2.214233333333,259.19448367768985,1614.0
scanId=132862,2.214233333333,259.203755039216,1137.0
scanId=132862,2.214233333333,261.1078823122158,1251.0
scanId=132862,2.214233333333,261.1171878315953,3606.0
scanId=132862,2.214233333333,261.12649348740354,5487.0
scanId=132862,2.214233333333,261.1357993384127,5074.0
scanId=132862,2.214233333333,261.14510532584916,3705.0
scanId=132862,2.214233333333,261.15441150848807,2754.0
scanId=132862,2.214233333333,261.1637178275529,1973.0
scanId=132862,2.214233333333,261.1730243418215,1343.0
scanId=132862,2.214233333333,262.1324818856589,1029.0
scanId=132862,2.214233333333,271.13115635595557,1196.0
scanId=132862,2.214233333333,271.1406387696674,2445.0
scanId=132862,2.214233333333,271.15012137927766,2753.0
scanId=132862,2.214233333333,271.15960412461783,2189.0
scanId=132862,2.214233333333,271.1690870658577,1529.0
scanId=132862,2.214233333333,271.17857014282623,1060.0
scanId=132862,2.214233333333,273.14513985870684,1986.0
scanId=132862,2.214233333333,273.1546574250211,5465.0
scanId=132862,2.214233333333,273.1641751873738,7228.0
scanId=132862,2.214233333333,273.1736930853165,6007.0
scanId=132862,2.214233333333,273.1832111792988,4028.0
scanId=132862,2.214233333333,273.1927294088698,2747.0
scanId=132862,2.214233333333,273.20224783448174,1856.0
scanId=132862,2.214233333333,273.211766395681,1235.0
scanId=132862,2.214233333333,274.15492624753864,1148.0
scanId=132862,2.214233333333,274.164461390154,1554.0
scanId=132862,2.214233333333,274.17399672887785,1333.0
scanId=132862,2.214233333333,274.2598220875718,1368.0
scanId=132862,2.214233333333,274.26935908444403,2197.0
scanId=132862,2.214233333333,274.27889621682937,2051.0
scanId=132862,2.214233333333,274.2884335453312,1440.0
scanId=132862,2.214233333333,275.12836644975164,1801.0
scanId=132862,2.214233333333,275.1379185054114,2468.0
scanId=132862,2.214233333333,275.1474707572473,2394.0
scanId=132862,2.214233333333,275.1570231445353,1871.0
scanId=132862,2.214233333333,275.16657572800085,1422.0
scanId=132862,2.214233333333,287.2662127755332,1023.0
scanId=132862,2.214233333333,287.27597329078634,2311.0
scanId=132862,2.214233333333,287.28573394065256,2629.0
scanId=132862,2.214233333333,287.29549478753535,2033.0
scanId=132862,2.214233333333,287.30525576902994,1367.0
scanId=132862,2.214233333333,288.282192841773,1563.0
scanId=132862,2.214233333333,288.2919706017678,1623.0
scanId=132862,2.214233333333,288.30174849630544,1192.0
scanId=132862,2.214233333333,289.1236849085869,1045.0
scanId=132862,2.214233333333,289.1334769286564,1140.0
scanId=132862,2.214233333333,289.1432690832107,1300.0
scanId=132862,2.214233333333,289.15306143490994,1389.0
scanId=132862,2.214233333333,289.16285392109256,1152.0
scanId=132862,2.214233333333,291.11486151285294,1186.0
scanId=132862,2.214233333333,291.124687161865,1344.0
scanId=132862,2.214233333333,291.13451300815825,1251.0
scanId=132862,2.214233333333,291.1443389887986,1302.0
scanId=132862,2.214233333333,291.15416516672155,1696.0
scanId=132862,2.214233333333,291.1639914789901,2086.0
scanId=132862,2.214233333333,291.1738179885427,2022.0
scanId=132862,2.214233333333,291.1836446324395,1479.0
scanId=132862,2.214233333333,293.0832941701647,1083.0
scanId=132862,2.214233333333,299.15785864779906,1580.0
scanId=132862,2.214233333333,299.16781913572856,2142.0
scanId=132862,2.214233333333,299.1777797574522,2242.0
scanId=132862,2.214233333333,299.1877405770113,1872.0
scanId=132862,2.214233333333,299.19770153036325,1509.0
scanId=132862,2.214233333333,299.207662681552,1223.0
scanId=132862,2.214233333333,301.183234157795,1052.0
scanId=132862,2.214233333333,301.1932282739746,1414.0
scanId=132862,2.214233333333,301.2032225881278,1895.0
scanId=132862,2.214233333333,301.21321703593577,1853.0
scanId=132862,2.214233333333,301.2232116817186,1380.0
scanId=132862,2.214233333333,303.1352263130716,1070.0
scanId=132862,2.214233333333,303.1452527953004,1085.0
scanId=132862,2.214233333333,303.15527941105074,1152.0
scanId=132862,2.214233333333,303.1653062249092,1482.0
scanId=132862,2.214233333333,303.1753331722879,1513.0
scanId=132862,2.214233333333,303.185360317776,1219.0
scanId=132862,2.214233333333,303.2655833218221,1693.0
scanId=132862,2.214233333333,303.2756119273419,2424.0
scanId=132862,2.214233333333,303.28564073097834,2207.0
scanId=132862,2.214233333333,303.29566966812655,1581.0
scanId=132862,2.214233333333,303.3056988033926,1053.0
scanId=132862,2.214233333333,304.2793114575177,1903.0
scanId=132862,2.214233333333,304.28935684263627,2949.0
scanId=132862,2.214233333333,304.299402361198,2890.0
scanId=132862,2.214233333333,304.3094480779463,2056.0
scanId=132862,2.214233333333,304.3194939281362,1315.0
scanId=132862,2.214233333333,305.13375979072003,2396.0
scanId=132862,2.214233333333,305.1438192376691,5231.0
scanId=132862,2.214233333333,305.15387888286244,6981.0
scanId=132862,2.214233333333,305.1639386614398,6140.0
scanId=132862,2.214233333333,305.17399863826273,4357.0
scanId=132862,2.214233333333,305.1840587484683,2958.0
scanId=132862,2.214233333333,305.194119056921,2138.0
scanId=132862,2.214233333333,305.2041794987547,1592.0
scanId=132862,2.214233333333,305.2142401388371,1153.0
scanId=132862,2.214233333333,305.29473109908065,1094.0
scanId=132862,2.214233333333,305.30479319905584,1099.0
scanId=132862,2.214233333333,315.2044749686734,1068.0
scanId=132862,2.214233333333,315.21469910217104,1128.0
scanId=132862,2.214233333333,317.18080176501854,1287.0
scanId=132862,2.214233333333,317.1910578675245,1343.0
scanId=132862,2.214233333333,317.20131416909777,1149.0
scanId=132862,2.214233333333,318.2175071438194,1087.0
scanId=132862,2.214233333333,318.22778002687477,1517.0
scanId=132862,2.214233333333,318.23805304242154,1497.0
scanId=132862,2.214233333333,318.24832625710656,1206.0
scanId=132862,2.214233333333,318.2585996042816,1068.0
scanId=132862,2.214233333333,318.2688731505963,1045.0
scanId=132862,2.214233333333,318.27914682939945,1091.0
scanId=132862,2.214233333333,318.28942070734394,1030.0
scanId=132862,2.214233333333,319.1118668487196,1271.0
scanId=132862,2.214233333333,319.122154124281,1184.0
scanId=132862,2.214233333333,319.16330495143774,1256.0
scanId=132862,2.214233333333,319.17359308945686,1427.0
scanId=132862,2.214233333333,319.18388135990284,1279.0
scanId=132862,2.214233333333,320.25476856946716,1083.0
scanId=132862,2.214233333333,323.09508250288224,1418.0
scanId=132862,2.214233333333,323.10543378269443,1730.0
scanId=132862,2.214233333333,323.11578526197593,2033.0
scanId=132862,2.214233333333,323.1261368734163,2006.0
scanId=132862,2.214233333333,323.13648868432733,1595.0
scanId=132862,2.214233333333,323.1468406273961,1194.0
scanId=132862,2.214233333333,325.18941062365764,1038.0
scanId=132862,2.214233333333,325.2517218578512,1329.0
scanId=132862,2.214233333333,325.26210762700026,1619.0
scanId=132862,2.214233333333,325.27249359576473,1392.0
scanId=132862,2.214233333333,325.28287969654195,1040.0
scanId=132862,2.214233333333,329.1789154478874,1471.0
scanId=132862,2.214233333333,329.18936376302537,1433.0
scanId=132862,2.214233333333,329.1998122099106,1121.0
scanId=132862,2.214233333333,329.22070963519167,1073.0
scanId=132862,2.214233333333,329.23115861358895,1227.0
scanId=132862,2.214233333333,329.24160772373057,1172.0
scanId=132862,2.214233333333,331.1775491064618,1180.0
scanId=132862,2.214233333333,331.18802905802903,2209.0
scanId=132862,2.214233333333,331.19850920961284,2830.0
scanId=132862,2.214233333333,331.2089894928083,2612.0
scanId=132862,2.214233333333,331.2194699760218,1942.0
scanId=132862,2.214233333333,331.22995059084536,1393.0
scanId=132862,2.214233333333,331.2404314056886,1067.0
scanId=132862,2.214233333333,333.182231808462,1572.0
scanId=132862,2.214233333333,333.1927434648622,1615.0
scanId=132862,2.214233333333,333.2032552527392,1217.0
scanId=132862,2.214233333333,334.2342165132126,1095.0
scanId=132862,2.214233333333,335.15079204136674,1045.0
scanId=132862,2.214233333333,335.16133467066857,1476.0
scanId=132862,2.214233333333,335.1718775002555,1689.0
scanId=132862,2.214233333333,335.18242046118553,1502.0
scanId=132862,2.214233333333,335.1929636224021,1202.0
scanId=132862,2.214233333333,335.20350691496037,1004.0
scanId=132862,2.214233333333,339.1795436638976,1044.0
scanId=132862,2.214233333333,339.1901495031172,1977.0
scanId=132862,2.214233333333,339.2007554734092,3151.0
scanId=132862,2.214233333333,339.21136164425843,3344.0
scanId=132862,2.214233333333,339.22196794617867,2661.0
scanId=132862,2.214233333333,339.23257444865743,2136.0
scanId=132862,2.214233333333,339.243181082206,1871.0
scanId=132862,2.214233333333,339.25378791631437,1484.0
scanId=132862,2.214233333333,339.2643948814911,1106.0
scanId=132862,2.214233333333,340.1984586753227,1176.0
scanId=132862,2.214233333333,340.2090804327651,1101.0
scanId=132862,2.214233333333,341.1869898705098,1125.0
scanId=132862,2.214233333333,341.1976270138544,1249.0
scanId=132862,2.214233333333,341.20826435789013,1118.0
scanId=132862,2.214233333333,343.1150170723505,1081.0
scanId=132862,2.214233333333,343.1256842630545,1650.0
scanId=132862,2.214233333333,343.1363515845664,1568.0
scanId=132862,2.214233333333,343.1470191069,1236.0
scanId=132862,2.214233333333,343.15768676004024,1092.0
scanId=132862,2.214233333333,349.1468679477301,1104.0
scanId=132862,2.214233333333,349.15762845676915,2244.0
scanId=132862,2.214233333333,349.168389167033,4507.0
scanId=132862,2.214233333333,349.17915000770023,5993.0
scanId=132862,2.214233333333,349.1899110495938,5409.0
scanId=132862,2.214233333333,349.20067222188925,3990.0
scanId=132862,2.214233333333,349.2114335954124,2782.0
scanId=132862,2.214233333333,349.2221950993361,1937.0
scanId=132862,2.214233333333,349.2329568044889,1386.0
scanId=132862,2.214233333333,349.2437186400406,1022.0
scanId=132862,2.214233333333,350.180634629126,1226.0
scanId=132862,2.214233333333,350.1914110563188,1255.0
scanId=132862,2.214233333333,350.20218768480584,1022.0
scanId=132862,2.214233333333,357.1332304254146,2138.0
scanId=132862,2.214233333333,357.1441133052602,2950.0
scanId=132862,2.214233333333,357.1549963868633,2658.0
scanId=132862,2.214233333333,357.165879598337,1976.0
scanId=132862,2.214233333333,357.1767630115698,1496.0
scanId=132862,2.214233333333,357.18764655467174,1403.0
scanId=132862,2.214233333333,357.1985302995341,1812.0
scanId=132862,2.214233333333,357.2094141742643,2205.0
scanId=132862,2.214233333333,357.2202982507563,1997.0
scanId=132862,2.214233333333,357.2311824571145,1485.0
scanId=132862,2.214233333333,357.2420668652363,1027.0
scanId=132862,2.214233333333,360.3180813811771,1569.0
scanId=132862,2.214233333333,360.32901267873933,1564.0
scanId=132862,2.214233333333,360.3399441782706,1142.0
scanId=132862,2.214233333333,361.1821661729462,1422.0
scanId=132862,2.214233333333,361.1931106060338,1670.0
scanId=132862,2.214233333333,361.2040551687237,1432.0
scanId=132862,2.214233333333,361.2149999334408,1044.0
scanId=132862,2.214233333333,363.14385806296474,1535.0
scanId=132862,2.214233333333,363.15483214056377,2013.0
scanId=132862,2.214233333333,363.1658064203195,1873.0
scanId=132862,2.214233333333,363.1767808295467,1642.0
scanId=132862,2.214233333333,363.18775544093194,1522.0
scanId=132862,2.214233333333,363.19873018178754,1439.0
scanId=132862,2.214233333333,363.2097051248024,1217.0
scanId=132862,2.214233333333,365.27593685486386,1007.0
scanId=132862,2.214233333333,368.4083791868617,2118.0
scanId=132862,2.214233333333,368.41943252359806,3046.0
scanId=132862,2.214233333333,368.43048606283907,2822.0
scanId=132862,2.214233333333,368.4415397312036,2068.0
scanId=132862,2.214233333333,368.4525936020743,1353.0
scanId=132862,2.214233333333,371.14359548259387,1069.0
scanId=132862,2.214233333333,371.1546898122812,1707.0
scanId=132862,2.214233333333,371.16578427091275,1954.0
scanId=132862,2.214233333333,371.1768789322297,1886.0
scanId=132862,2.214233333333,371.1879737224894,1662.0
scanId=132862,2.214233333333,371.19906871543606,1398.0
scanId=132862,2.214233333333,371.210163837324,1307.0
scanId=132862,2.214233333333,371.22125916190026,1336.0
scanId=132862,2.214233333333,371.2323546154163,1247.0
scanId=132862,2.214233333333,373.2099902132436,1033.0
scanId=132862,2.214233333333,377.2033909358683,1030.0
scanId=132862,2.214233333333,377.2145754688191,1010.0
scanId=132862,2.214233333333,379.17441899826207,1109.0
scanId=132862,2.214233333333,379.1856327146218,1618.0
scanId=132862,2.214233333333,379.19684655939886,1898.0
scanId=132862,2.214233333333,379.2080606073881,1876.0
scanId=132862,2.214233333333,379.2192747837935,1781.0
scanId=132862,2.214233333333,379.23048916341236,1581.0
scanId=132862,2.214233333333,379.241703671446,1377.0
scanId=132862,2.214233333333,379.2529183826945,1247.0
scanId=132862,2.214233333333,379.26413322235624,1228.0
scanId=132862,2.214233333333,379.2753482652344,1088.0
scanId=132862,2.214233333333,381.3079987524425,1074.0
scanId=132862,2.214233333333,385.1748287124827,1133.0
scanId=132862,2.214233333333,385.18613077035496,1151.0
scanId=132862,2.214233333333,385.28785694179743,1085.0
scanId=132862,2.214233333333,385.2991606578108,1078.0
scanId=132862,2.214233333333,393.1839413288022,1859.0
scanId=132862,2.214233333333,393.1953603239123,3781.0
scanId=132862,2.214233333333,393.20677944653,4709.0
scanId=132862,2.214233333333,393.2181987732698,4175.0
scanId=132862,2.214233333333,393.2296182275157,3326.0
scanId=132862,2.214233333333,393.24103788588513,2567.0
scanId=132862,2.214233333333,393.252457671759,1860.0
scanId=132862,2.214233333333,393.2638776617582,1387.0
scanId=132862,2.214233333333,393.27529777926026,1007.0
scanId=132862,2.214233333333,394.2008795375355,1332.0
scanId=132862,2.214233333333,394.21231325179275,1320.0
scanId=132862,2.214233333333,394.22374717023695,1076.0
scanId=132862,2.214233333333,397.2480967639354,1213.0
scanId=132862,2.214233333333,397.25957458473937,1256.0
scanId=132862,2.214233333333,397.2710526099264,1093.0
scanId=132862,2.214233333333,397.28253076235853,1017.0
scanId=132862,2.214233333333,399.2017115035692,1002.0
scanId=132862,2.214233333333,399.29376437473707,1240.0
scanId=132862,2.214233333333,399.30527171044815,1493.0
scanId=132862,2.214233333333,399.3167792506737,1198.0
scanId=132862,2.214233333333,399.3973365202538,1066.0
scanId=132862,2.214233333333,399.40884538699805,1334.0
scanId=132862,2.214233333333,399.42035438084974,1118.0
scanId=132862,2.214233333333,400.39922657450626,1033.0
scanId=132862,2.214233333333,400.41074982836926,1040.0
scanId=132862,2.214233333333,402.3259115417175,1295.0
scanId=132862,2.214233333333,402.3374625254267,3750.0
scanId=132862,2.214233333333,402.34901363605593,5826.0
scanId=132862,2.214233333333,402.3605649513947,5946.0
scanId=132862,2.214233333333,402.3721163936522,4746.0
scanId=132862,2.214233333333,402.38366804062053,3400.0
scanId=132862,2.214233333333,402.3952198145063,2318.0
scanId=132862,2.214233333333,402.40677179310427,1550.0
scanId=132862,2.214233333333,402.41832389861815,1012.0
scanId=132862,2.214233333333,403.18113076194345,1388.0
scanId=132862,2.214233333333,403.19269401594937,1496.0
scanId=132862,2.214233333333,403.20425739682105,1289.0
scanId=132862,2.214233333333,403.21582098245665,1140.0
scanId=132862,2.214233333333,403.2273846949564,1028.0
scanId=132862,2.214233333333,403.34303113450034,1062.0
scanId=132862,2.214233333333,403.35459670991395,1528.0
scanId=132862,2.214233333333,403.36616241218263,1500.0
scanId=132862,2.214233333333,403.37772831922587,1094.0
scanId=132862,2.214233333333,409.1464944545116,1535.0
scanId=132862,2.214233333333,409.15814293733655,1994.0
scanId=132862,2.214233333333,409.1697915466472,2015.0
scanId=132862,2.214233333333,409.18144036110186,1760.0
scanId=132862,2.214233333333,409.1930893020407,1417.0
scanId=132862,2.214233333333,409.20473844812483,1163.0
scanId=132862,2.214233333333,409.21638772069196,1024.0
scanId=132862,2.214233333333,415.24953983950115,1188.0
scanId=132862,2.214233333333,415.2612748776634,1401.0
scanId=132862,2.214233333333,415.27301004192594,1155.0
scanId=132862,2.214233333333,415.3786341805138,2553.0
scanId=132862,2.214233333333,415.390371002917,5709.0
scanId=132862,2.214233333333,415.4021080308573,7675.0
scanId=132862,2.214233333333,415.41384518488866,6921.0
scanId=132862,2.214233333333,415.4255825444586,4922.0
scanId=132862,2.214233333333,415.43732003011814,3213.0
scanId=132862,2.214233333333,415.4490577213176,2091.0
scanId=132862,2.214233333333,415.46079553860545,1399.0
scanId=132862,2.214233333333,416.38860866708904,1529.0
scanId=132862,2.214233333333,416.4003597495034,2348.0
scanId=132862,2.214233333333,416.4121110375185,2350.0
scanId=132862,2.214233333333,416.42386245156104,1779.0
scanId=132862,2.214233333333,416.43561407120575,1191.0
scanId=132862,2.214233333333,425.2010083378344,1237.0
scanId=132862,2.214233333333,425.2128831175555,1623.0
scanId=132862,2.214233333333,425.22475810342826,1448.0
scanId=132862,2.214233333333,425.23663321477756,1159.0
scanId=132862,2.214233333333,427.2221062437074,1010.0
scanId=132862,2.214233333333,429.2957218893937,1058.0
scanId=132862,2.214233333333,429.3076537091598,1325.0
scanId=132862,2.214233333333,429.31958573533166,1314.0
scanId=132862,2.214233333333,430.3702515818391,2017.0
scanId=132862,2.214233333333,430.38219832487283,2841.0
scanId=132862,2.214233333333,430.3941452743788,2636.0
scanId=132862,2.214233333333,430.4060923490407,1933.0
scanId=132862,2.214233333333,430.4180396301762,1335.0
scanId=132862,2.214233333333,431.374357733484,1106.0
scanId=132862,2.214233333333,431.38631840490103,1538.0
scanId=132862,2.214233333333,431.3982792828519,1472.0
scanId=132862,2.214233333333,431.410240285897,1146.0
scanId=132862,2.214233333333,437.20679599947647,1408.0
scanId=132862,2.214233333333,437.21883725653913,2448.0
scanId=132862,2.214233333333,437.230878720494,2956.0
scanId=132862,2.214233333333,437.2429203091848,2565.0
scanId=132862,2.214233333333,437.25496210476933,1895.0
scanId=132862,2.214233333333,437.26700402508834,1456.0
scanId=132862,2.214233333333,437.2790461523025,1316.0
scanId=132862,2.214233333333,437.2910884042497,1107.0
scanId=132862,2.214233333333,437.3633455212806,1845.0
scanId=132862,2.214233333333,437.3753889750132,3630.0
scanId=132862,2.214233333333,437.3874325534732,4251.0
scanId=132862,2.214233333333,437.3994763388355,3433.0
scanId=132862,2.214233333333,437.4115202489235,2297.0
scanId=132862,2.214233333333,437.4235643659156,1528.0
scanId=132862,2.214233333333,437.43560860763176,1026.0
scanId=132862,2.214233333333,438.3755719383517,1134.0
scanId=132862,2.214233333333,438.3876293205294,1342.0
scanId=132862,2.214233333333,438.39968682737265,1102.0
scanId=132862,2.214233333333,443.1268874249967,1003.0
scanId=132862,2.214233333333,443.13900993096235,1164.0
scanId=132862,2.214233333333,443.33299290867456,1210.0
scanId=132862,2.214233333333,443.3451182749296,1050.0
scanId=132862,2.214233333333,447.28246035782723,1025.0
scanId=132862,2.214233333333,473.3245253201657,1857.0
scanId=132862,2.214233333333,473.3370540706641,2513.0
scanId=132862,2.214233333333,473.34958303019766,2287.0
scanId=132862,2.214233333333,473.36211211232416,1673.0
scanId=132862,2.214233333333,473.37464140348754,1144.0
scanId=132862,2.214233333333,474.33989307819695,1001.0
scanId=132862,2.214233333333,475.2935730834935,1311.0
scanId=132862,2.214233333333,475.3061279101395,2726.0
scanId=132862,2.214233333333,475.3186828592664,3616.0
scanId=132862,2.214233333333,475.331238017542,3241.0
scanId=132862,2.214233333333,475.3437932982971,2490.0
scanId=132862,2.214233333333,475.3563487882023,1790.0
scanId=132862,2.214233333333,475.3689044005857,1201.0
scanId=132862,2.214233333333,476.2984814555345,1328.0
scanId=132862,2.214233333333,476.31104954736645,1667.0
scanId=132862,2.214233333333,476.3236177616217,1741.0
scanId=132862,2.214233333333,476.33618618508325,1432.0
scanId=132862,2.214233333333,476.3487547309666,1057.0
scanId=132862,2.214233333333,481.2378723063076,1986.0
scanId=132862,2.214233333333,481.25050539755006,3146.0
scanId=132862,2.214233333333,481.2631386109355,3223.0
scanId=132862,2.214233333333,481.2757720338076,2541.0
scanId=132862,2.214233333333,481.28840557882125,1977.0
scanId=132862,2.214233333333,481.301039333323,1643.0
scanId=132862,2.214233333333,481.3136732099649,1279.0
scanId=132862,2.214233333333,487.34623313918723,1435.0
scanId=132862,2.214233333333,487.3589461531742,1734.0
scanId=132862,2.214233333333,487.3716592889619,1700.0
scanId=132862,2.214233333333,487.3843726345785,1442.0
scanId=132862,2.214233333333,487.3970861019944,1039.0
scanId=132862,2.214233333333,488.47833877691346,1656.0
scanId=132862,2.214233333333,488.4910665043433,2264.0
scanId=132862,2.214233333333,488.5037944416643,2031.0
scanId=132862,2.214233333333,488.5165225007224,1390.0
scanId=132862,2.214233333333,489.3187259138512,1001.0
scanId=132862,2.214233333333,489.3314645850129,1102.0
scanId=132862,2.214233333333,489.34420346611205,1015.0
scanId=132862,2.214233333333,501.379170980907,1178.0
scanId=132862,2.214233333333,501.39206572793955,1554.0
scanId=132862,2.214233333333,501.404960596005,1698.0
scanId=132862,2.214233333333,501.4178556746672,1397.0
scanId=132862,2.214233333333,503.14729300692426,1118.0
scanId=132862,2.214233333333,503.1602104257112,1014.0
scanId=132862,2.214233333333,515.4020870581273,1732.0
scanId=132862,2.214233333333,515.4151608851686,2360.0
scanId=132862,2.214233333333,515.4282348325023,2187.0
scanId=132862,2.214233333333,515.4413089911732,1642.0
scanId=132862,2.214233333333,515.4543832701353,1151.0
scanId=132862,2.214233333333,516.4877771028674,1052.0
scanId=132862,2.214233333333,516.5008646469614,3097.0
scanId=132862,2.214233333333,516.5139524024476,5112.0
scanId=132862,2.214233333333,516.5270402781698,5589.0
scanId=132862,2.214233333333,516.5401283652857,4517.0
scanId=132862,2.214233333333,516.553216572636,3197.0
scanId=132862,2.214233333333,516.5663049913817,2197.0
scanId=132862,2.214233333333,516.5793935303603,1469.0
scanId=132862,2.214233333333,516.5924822807357,1006.0
scanId=132862,2.214233333333,517.3519121892049,1240.0
scanId=132862,2.214233333333,517.3650106770325,1642.0
scanId=132862,2.214233333333,517.378109376297,1644.0
scanId=132862,2.214233333333,517.391208195753,1277.0
scanId=132862,2.214233333333,517.4960049032143,1216.0
scanId=132862,2.214233333333,517.5091052606272,2052.0
scanId=132862,2.214233333333,517.5222057382246,2335.0
scanId=132862,2.214233333333,517.5353064272672,2124.0
scanId=132862,2.214233333333,517.5484072364927,1627.0
scanId=132862,2.214233333333,517.561508257165,1180.0
scanId=132862,2.214233333333,523.2893398053876,1962.0
scanId=132862,2.214233333333,523.3025132412124,4927.0
scanId=132862,2.214233333333,523.3156868887768,7539.0
scanId=132862,2.214233333333,523.3288606562301,8000.0
scanId=132862,2.214233333333,523.342034635424,6397.0
scanId=132862,2.214233333333,523.3552087345054,4371.0
scanId=132862,2.214233333333,523.3683830453292,2902.0
scanId=132862,2.214233333333,523.3815574760388,1920.0
scanId=132862,2.214233333333,523.3947321184922,1236.0
scanId=132862,2.214233333333,524.3041812822252,1943.0
scanId=132862,2.214233333333,524.3173675317163,2659.0
scanId=132862,2.214233333333,524.3305539010453,2574.0
scanId=132862,2.214233333333,524.3437404821659,2050.0
scanId=132862,2.214233333333,524.3569271831233,1502.0
scanId=132862,2.214233333333,524.3701140958736,1069.0
scanId=132862,2.214233333333,525.2672116004231,1334.0
scanId=132862,2.214233333333,525.2804099083716,2037.0
scanId=132862,2.214233333333,525.2936084281595,2088.0
scanId=132862,2.214233333333,525.3068070677364,1787.0
scanId=132862,2.214233333333,525.320005919154,1502.0
scanId=132862,2.214233333333,525.3332048903591,1172.0
scanId=132862,2.214233333333,529.4196358121386,1623.0
scanId=132862,2.214233333333,529.4328861857344,2108.0
scanId=132862,2.214233333333,529.4461367713766,1942.0
scanId=132862,2.214233333333,529.4593874766008,1603.0
scanId=132862,2.214233333333,529.4726383938726,1892.0
scanId=132862,2.214233333333,529.4858894307249,2574.0
scanId=132862,2.214233333333,529.4991406796265,2491.0
scanId=132862,2.214233333333,529.5123920481072,1967.0
scanId=132862,2.214233333333,529.5256436286385,1320.0
scanId=132862,2.214233333333,530.4404015090144,1226.0
scanId=132862,2.214233333333,530.4536646965831,1147.0
scanId=132862,2.214233333333,530.466928003684,1188.0
scanId=132862,2.214233333333,530.4801915228825,1584.0
scanId=132862,2.214233333333,530.4934551616115,1740.0
scanId=132862,2.214233333333,530.5067190124396,1658.0
scanId=132862,2.214233333333,530.519982982797,1336.0
scanId=132862,2.214233333333,530.5332471652548,1002.0
scanId=132862,2.214233333333,531.382498255555,1010.0
scanId=132862,2.214233333333,531.3957731696476,1042.0
scanId=132862,2.214233333333,533.508597377081,1678.0
scanId=132862,2.214233333333,533.5218988214409,2621.0
scanId=132862,2.214233333333,533.5352004780486,2897.0
scanId=132862,2.214233333333,533.5485022540369,2354.0
scanId=132862,2.214233333333,533.5618042422742,1647.0
scanId=132862,2.214233333333,533.5751063498908,1172.0
scanId=132862,2.214233333333,534.5066675573145,1173.0
scanId=132862,2.214233333333,534.5199814842191,1675.0
scanId=132862,2.214233333333,534.5332955304563,1813.0
scanId=132862,2.214233333333,534.5466097889905,1419.0
scanId=132862,2.214233333333,537.3596220195798,2092.0
scanId=132862,2.214233333333,537.3729714308564,3982.0
scanId=132862,2.214233333333,537.3863209613274,5636.0
scanId=132862,2.214233333333,537.3996707042337,5595.0
scanId=132862,2.214233333333,537.4130205663329,4378.0
scanId=132862,2.214233333333,537.4263706408688,3096.0
scanId=132862,2.214233333333,537.4397208345966,2057.0
scanId=132862,2.214233333333,537.453071240762,1343.0
scanId=132862,2.214233333333,538.3746480763658,1108.0
scanId=132862,2.214233333333,538.3880100895689,1369.0
scanId=132862,2.214233333333,538.4013722219177,1184.0
scanId=132862,2.214233333333,539.2836411128698,1046.0
scanId=132862,2.214233333333,539.2970144014809,1242.0
scanId=132862,2.214233333333,539.3103878091939,1182.0
scanId=132862,2.214233333333,543.4372950275153,1078.0
scanId=132862,2.214233333333,543.4507197187213,1462.0
scanId=132862,2.214233333333,543.4641445288322,1702.0
scanId=132862,2.214233333333,543.4775695516679,2342.0
scanId=132862,2.214233333333,543.490994693407,3967.0
scanId=132862,2.214233333333,543.5044200478723,5163.0
scanId=132862,2.214233333333,543.5178455212398,4706.0
scanId=132862,2.214233333333,543.531271207335,3459.0
scanId=132862,2.214233333333,543.5446970123306,2319.0
scanId=132862,2.214233333333,543.5581230300554,1552.0
scanId=132862,2.214233333333,543.5715491666796,1051.0
scanId=132862,2.214233333333,544.4983546778305,1735.0
scanId=132862,2.214233333333,544.5117924214481,2233.0
scanId=132862,2.214233333333,544.5252303778401,2057.0
scanId=132862,2.214233333333,544.5386684530861,1801.0
scanId=132862,2.214233333333,544.5521067411077,1632.0
scanId=132862,2.214233333333,544.565545147982,1309.0
scanId=132862,2.214233333333,545.3990516657379,1037.0
scanId=132862,2.214233333333,549.3466657664744,1089.0
scanId=132862,2.214233333333,550.5485890410395,1398.0
scanId=132862,2.214233333333,550.5621012824721,1338.0
scanId=132862,2.214233333333,550.5756136424782,1034.0
scanId=132862,2.214233333333,550.6026389071751,1133.0
scanId=132862,2.214233333333,550.6161518118669,1179.0
scanId=132862,2.214233333333,553.3762467317274,1073.0
scanId=132862,2.214233333333,553.3897935810883,1180.0
scanId=132862,2.214233333333,553.4033406436337,1230.0
scanId=132862,2.214233333333,553.416887824623,1138.0
scanId=132862,2.214233333333,555.4644186416074,2503.0
scanId=132862,2.214233333333,555.4779910263569,9404.0
scanId=132862,2.214233333333,555.4915636243848,21416.0
scanId=132862,2.214233333333,555.5051363407626,30850.0
scanId=132862,2.214233333333,555.5187092704202,29630.0
scanId=132862,2.214233333333,555.5322823184265,22072.0
scanId=132862,2.214233333333,555.5458555797137,14837.0
scanId=132862,2.214233333333,555.5594289593483,9760.0
scanId=132862,2.214233333333,555.5730025522653,6412.0
scanId=132862,2.214233333333,555.5865762635283,4189.0
scanId=132862,2.214233333333,555.600150188075,2686.0
scanId=132862,2.214233333333,555.6137242309663,1630.0
scanId=132862,2.214233333333,555.6272984871426,1005.0
scanId=132862,2.214233333333,556.4692247342449,2045.0
scanId=132862,2.214233333333,556.4828093892461,5615.0
scanId=132862,2.214233333333,556.4963942575708,10738.0
scanId=132862,2.214233333333,556.5099792442006,13601.0
scanId=132862,2.214233333333,556.523564444155,12312.0
scanId=132862,2.214233333333,556.5371497624129,8990.0
scanId=132862,2.214233333333,556.5507352939971,5994.0
scanId=132862,2.214233333333,556.5643209438837,4075.0
scanId=132862,2.214233333333,556.5779068070975,2737.0
scanId=132862,2.214233333333,556.5914927886122,1708.0
scanId=132862,2.214233333333,556.6050789834558,1140.0
scanId=132862,2.214233333333,557.4885357524389,1566.0
scanId=132862,2.214233333333,557.5021328910606,2708.0
scanId=132862,2.214233333333,557.515730147942,3159.0
scanId=132862,2.214233333333,557.5293276181934,2627.0
scanId=132862,2.214233333333,557.5429252067033,1846.0
scanId=132862,2.214233333333,557.5565230085845,1190.0
scanId=132862,2.214233333333,561.3704240206065,1044.0
scanId=132862,2.214233333333,561.3840683687266,1472.0
scanId=132862,2.214233333333,561.3977129303876,1512.0
scanId=132862,2.214233333333,561.4113576101361,1141.0
scanId=132862,2.214233333333,569.2982612854087,1125.0
scanId=132862,2.214233333333,569.3120016880374,1263.0
scanId=132862,2.214233333333,569.3257422084124,1082.0
scanId=132862,2.214233333333,571.4575313136065,2031.0
scanId=132862,2.214233333333,571.4712977010036,3348.0
scanId=132862,2.214233333333,571.4850643023742,3985.0
scanId=132862,2.214233333333,571.4988310213998,3653.0
scanId=132862,2.214233333333,571.5125979544001,2861.0
scanId=132862,2.214233333333,571.5263650050542,2087.0
scanId=132862,2.214233333333,571.540132269684,1400.0
scanId=132862,2.214233333333,572.4766936279333,1487.0
scanId=132862,2.214233333333,572.4904722855847,1560.0
scanId=132862,2.214233333333,572.5042511572523,1333.0
scanId=132862,2.214233333333,575.4014827673277,1299.0
scanId=132862,2.214233333333,575.4152965776004,1349.0
scanId=132862,2.214233333333,575.4291106020105,1085.0
scanId=132862,2.214233333333,576.4103284174458,1044.0
scanId=132862,2.214233333333,577.3508699878446,1178.0
scanId=132862,2.214233333333,577.3647072263298,1366.0
scanId=132862,2.214233333333,577.3785445822272,1234.0
scanId=132862,2.214233333333,577.392382152342,1083.0
scanId=132862,2.214233333333,578.3475732382612,1143.0
scanId=132862,2.214233333333,578.3614224154136,1253.0
scanId=132862,2.214233333333,581.4955842867508,1270.0
scanId=132862,2.214233333333,581.5094710552994,2362.0
scanId=132862,2.214233333333,581.5233580382312,2907.0
scanId=132862,2.214233333333,581.5372451384081,2507.0
scanId=132862,2.214233333333,581.5511324529697,1786.0
scanId=132862,2.214233333333,581.5650198847751,1229.0
scanId=132862,2.214233333333,582.5236548214757,1025.0
scanId=132862,2.214233333333,582.5375538602801,1042.0
scanId=132862,2.214233333333,605.413438215814,1176.0
scanId=132862,2.214233333333,605.427607747204,1165.0
scanId=132862,2.214233333333,608.335857762767,1041.0
scanId=132862,2.214233333333,608.3500614520102,1153.0
scanId=132862,2.214233333333,608.3642652575099,1074.0
scanId=132862,2.214233333333,613.331529175488,1251.0
scanId=132862,2.214233333333,613.3457910160104,1263.0
scanId=132862,2.214233333333,617.4457991916605,1054.0
scanId=132862,2.214233333333,619.407761833752,1284.0
scanId=132862,2.214233333333,619.4220941952977,1527.0
scanId=132862,2.214233333333,619.4364266727407,1527.0
scanId=132862,2.214233333333,619.450759365916,1232.0
scanId=132862,2.214233333333,621.4302579076218,1065.0
scanId=132862,2.214233333333,621.4446135990778,1043.0
scanId=132862,2.214233333333,625.3123229054362,2062.0
scanId=132862,2.214233333333,625.3267233667776,4480.0
scanId=132862,2.214233333333,625.3411240440303,6522.0
scanId=132862,2.214233333333,625.3555248370003,6414.0
scanId=132862,2.214233333333,625.3699258458827,5040.0
scanId=132862,2.214233333333,625.3843269704817,3558.0
scanId=132862,2.214233333333,625.3987283109936,2420.0
scanId=132862,2.214233333333,625.4131297672214,1612.0
scanId=132862,2.214233333333,625.427531439363,1044.0
scanId=132862,2.214233333333,626.3207573949985,1357.0
scanId=132862,2.214233333333,626.3351694633476,2463.0
scanId=132862,2.214233333333,626.3495817476379,3175.0
scanId=132862,2.214233333333,626.3639941476159,2922.0
scanId=132862,2.214233333333,626.3784067635357,2247.0
scanId=132862,2.214233333333,626.3928194951426,1655.0
scanId=132862,2.214233333333,626.4072324426921,1258.0
scanId=132862,2.214233333333,626.4216455059277,1035.0
scanId=132862,2.214233333333,627.344428051512,1378.0
scanId=132862,2.214233333333,627.3588519428399,1521.0
scanId=132862,2.214233333333,627.3732759498259,1333.0
scanId=132862,2.214233333333,631.5632417961492,1080.0
scanId=132862,2.214233333333,631.5777141054052,1254.0
scanId=132862,2.214233333333,631.592186530199,1164.0
scanId=132862,2.214233333333,635.4041973079921,1093.0
scanId=132862,2.214233333333,635.4187135077939,1006.0
scanId=132862,2.214233333333,639.3587217700453,1122.0
scanId=132862,2.214233333333,639.373283071374,1366.0
scanId=132862,2.214233333333,639.3878445890048,1285.0
scanId=132862,2.214233333333,645.5622254368025,1063.0
scanId=132862,2.214233333333,645.576857259918,1070.0
scanId=132862,2.214233333333,647.304573584245,1533.0
scanId=132862,2.214233333333,647.3192250886392,2549.0
scanId=132862,2.214233333333,647.3338768095336,2674.0
scanId=132862,2.214233333333,647.3485286455567,2130.0
scanId=132862,2.214233333333,647.3631806980807,1535.0
scanId=132862,2.214233333333,647.3778328657329,1042.0
scanId=132862,2.214233333333,648.3159181119087,1245.0
scanId=132862,2.214233333333,648.330581108211,1340.0
scanId=132862,2.214233333333,648.3452442196185,1168.0
scanId=132862,2.214233333333,649.4161010940029,1014.0
scanId=132862,2.214233333333,649.4307764756818,1266.0
scanId=132862,2.214233333333,649.4454520739106,1217.0
scanId=132862,2.214233333333,657.3649519062561,1150.0
scanId=132862,2.214233333333,657.3797168277638,1479.0
scanId=132862,2.214233333333,657.3944819659968,1445.0
scanId=132862,2.214233333333,657.4092472191334,1125.0
scanId=132862,2.214233333333,663.4176501015431,1400.0
scanId=132862,2.214233333333,663.4324828922239,3009.0
scanId=132862,2.214233333333,663.4473157976865,4237.0
scanId=132862,2.214233333333,663.4621489199969,3869.0
scanId=132862,2.214233333333,663.4769821570889,3003.0
scanId=132862,2.214233333333,663.4918156110289,2160.0
scanId=132862,2.214233333333,663.5066491797497,1419.0
scanId=132862,2.214233333333,663.5214829653194,1018.0
scanId=132862,2.214233333333,664.4414999246535,1269.0
scanId=132862,2.214233333333,664.4563441055047,1508.0
scanId=132862,2.214233333333,664.4711885032231,1312.0
scanId=132862,2.214233333333,665.3472999290173,1273.0
scanId=132862,2.214233333333,665.3621542756249,2618.0
scanId=132862,2.214233333333,665.3770087369779,3470.0
scanId=132862,2.214233333333,665.3918634152154,3414.0
scanId=132862,2.214233333333,665.4067182081975,2862.0
scanId=132862,2.214233333333,665.4215732180646,2267.0
scanId=132862,2.214233333333,665.4364283426756,1681.0
scanId=132862,2.214233333333,665.4512836841725,1195.0
scanId=132862,2.214233333333,666.342906082723,1267.0
scanId=132862,2.214233333333,666.3577714878363,2074.0
scanId=132862,2.214233333333,666.3726371098519,2544.0
scanId=132862,2.214233333333,666.3875028465943,2507.0
scanId=132862,2.214233333333,666.4023688002395,1988.0
scanId=132862,2.214233333333,666.417234868611,1469.0
scanId=132862,2.214233333333,666.4321011538859,1273.0
scanId=132862,2.214233333333,666.4469675538862,1117.0
scanId=132862,2.214233333333,679.3385111963687,1070.0
scanId=132862,2.214233333333,679.3535208601636,1425.0
scanId=132862,2.214233333333,679.368530741075,1328.0
scanId=132862,2.214233333333,679.3835407364994,1058.0
scanId=132862,2.214233333333,683.3971489082173,1333.0
scanId=132862,2.214233333333,683.4122033419584,1523.0
scanId=132862,2.214233333333,683.4272579928719,1307.0
scanId=132862,2.214233333333,685.3857711857582,1924.0
scanId=132862,2.214233333333,685.4008475070302,4891.0
scanId=132862,2.214233333333,685.4159240455004,8306.0
scanId=132862,2.214233333333,685.4310006984015,9877.0
scanId=132862,2.214233333333,685.4460775685014,8783.0
scanId=132862,2.214233333333,685.4611545530317,6557.0
scanId=132862,2.214233333333,685.4762317547613,4445.0
scanId=132862,2.214233333333,685.4913090709209,2943.0
scanId=132862,2.214233333333,685.5063866042802,2017.0
scanId=132862,2.214233333333,685.5214642520691,1438.0
scanId=132862,2.214233333333,685.5365421170579,1027.0
scanId=132862,2.214233333333,686.3962530229921,1305.0
scanId=132862,2.214233333333,686.4113405052406,3158.0
scanId=132862,2.214233333333,686.4264281019077,5111.0
scanId=132862,2.214233333333,686.4415159157859,5586.0
scanId=132862,2.214233333333,686.4566038440823,4754.0
scanId=132862,2.214233333333,686.47169198959,3553.0
scanId=132862,2.214233333333,686.4867802495155,2488.0
scanId=132862,2.214233333333,686.5018687266531,1713.0
scanId=132862,2.214233333333,686.5169573182079,1296.0
scanId=132862,2.214233333333,686.5320461269752,1083.0
scanId=132862,2.214233333333,687.3319888847747,1216.0
scanId=132862,2.214233333333,687.3470866475423,1859.0
scanId=132862,2.214233333333,687.3621845247169,2161.0
scanId=132862,2.214233333333,687.3772826191141,1952.0
scanId=132862,2.214233333333,687.3923808279181,1520.0
scanId=132862,2.214233333333,687.407479253945,1320.0
scanId=132862,2.214233333333,687.4225777943782,1575.0
scanId=132862,2.214233333333,687.4376765520346,1762.0
scanId=132862,2.214233333333,687.4527754240972,1628.0
scanId=132862,2.214233333333,687.4678745133833,1316.0
scanId=132862,2.214233333333,701.3835077149641,1419.0
scanId=132862,2.214233333333,701.3987590222577,1674.0
scanId=132862,2.214233333333,701.4140104438213,1448.0
scanId=132862,2.214233333333,701.4292620827445,1161.0
scanId=132862,2.214233333333,702.4057102191078,1131.0
scanId=132862,2.214233333333,702.4209725844426,1156.0
scanId=132862,2.214233333333,703.596674667489,1148.0
scanId=132862,2.214233333333,703.6119499663715,1343.0
scanId=132862,2.214233333333,703.6272254826291,1239.0
scanId=132862,2.214233333333,704.620488010566,1001.0
scanId=132862,2.214233333333,705.3697183128935,1020.0
scanId=132862,2.214233333333,705.3850128462843,1003.0
scanId=132862,2.214233333333,705.4003075970612,1060.0
scanId=132862,2.214233333333,705.4156024620814,1141.0
scanId=132862,2.214233333333,715.6080185453404,1033.0
scanId=132862,2.214233333333,721.4893869661178,1025.0
scanId=132862,2.214233333333,722.5106526223951,1099.0
scanId=132862,2.214233333333,722.5261318734429,1214.0
scanId=132862,2.214233333333,722.5416113419325,1107.0
scanId=132862,2.214233333333,723.517150487393,1327.0
scanId=132862,2.214233333333,723.5326405680311,1553.0
scanId=132862,2.214233333333,723.5481307628573,1271.0
scanId=132862,2.214233333333,736.4934538182308,3600.0
scanId=132862,2.214233333333,736.5090821884311,9344.0
scanId=132862,2.214233333333,736.5247106728508,15679.0
scanId=132862,2.214233333333,736.5403393746806,18389.0
scanId=132862,2.214233333333,736.5559681907299,16426.0
scanId=132862,2.214233333333,736.5715972241894,12071.0
scanId=132862,2.214233333333,736.5872263718687,8030.0
scanId=132862,2.214233333333,736.6028557369578,5264.0
scanId=132862,2.214233333333,736.6184852162669,3557.0
scanId=132862,2.214233333333,736.6341149129856,2415.0
scanId=132862,2.214233333333,736.6497447239243,1534.0
scanId=132862,2.214233333333,736.665374752273,1009.0
scanId=132862,2.214233333333,737.4940021427491,1705.0
scanId=132862,2.214233333333,737.5096411250981,3745.0
scanId=132862,2.214233333333,737.5252802216712,6678.0
scanId=132862,2.214233333333,737.5409195356499,8372.0
scanId=132862,2.214233333333,737.5565589638527,7925.0
scanId=132862,2.214233333333,737.5721986094611,6013.0
scanId=132862,2.214233333333,737.5878383692936,4108.0
scanId=132862,2.214233333333,737.6034783465317,2768.0
scanId=132862,2.214233333333,737.6191184379942,1927.0
scanId=132862,2.214233333333,737.6347587468616,1357.0
scanId=132862,2.214233333333,738.4952296449452,1067.0
scanId=132862,2.214233333333,738.5108792394427,1501.0
scanId=132862,2.214233333333,738.5265289481698,2049.0
scanId=132862,2.214233333333,738.5421788742971,2630.0
scanId=132862,2.214233333333,738.557828914654,2460.0
scanId=132862,2.214233333333,738.5734791724109,1912.0
scanId=132862,2.214233333333,738.5891295443975,1374.0
scanId=132862,2.214233333333,745.6014600890625,1331.0
scanId=132862,2.214233333333,745.6171847461376,1693.0
scanId=132862,2.214233333333,745.6329096205649,1669.0
scanId=132862,2.214233333333,745.6486346092697,1368.0
scanId=132862,2.214233333333,745.6643598153266,1064.0
scanId=132862,2.214233333333,746.623909343105,1226.0
scanId=132862,2.214233333333,746.6396448296807,1323.0
scanId=132862,2.214233333333,746.6553804305429,1112.0
scanId=132862,2.214233333333,757.5841928212676,1454.0
scanId=132862,2.214233333333,757.6000433833303,3305.0
scanId=132862,2.214233333333,757.6158940597954,4728.0
scanId=132862,2.214233333333,757.6317449534877,5086.0
scanId=132862,2.214233333333,757.6475959615831,4246.0
scanId=132862,2.214233333333,757.663447186905,3130.0
scanId=132862,2.214233333333,757.6792985266303,2232.0
scanId=132862,2.214233333333,757.695150083582,1588.0
scanId=132862,2.214233333333,757.711001754937,1159.0
scanId=132862,2.214233333333,758.598961430969,1072.0
scanId=132862,2.214233333333,758.6148226051805,1592.0
scanId=132862,2.214233333333,758.6306838938073,2009.0
scanId=132862,2.214233333333,758.6465453996484,2013.0
scanId=132862,2.214233333333,758.6624070199052,1581.0
scanId=132862,2.214233333333,758.678268857376,1209.0
scanId=132862,2.214233333333,759.6461529057582,1061.0
scanId=132862,2.214233333333,764.5107509025485,1705.0
scanId=132862,2.214233333333,764.526673759874,7208.0
scanId=132862,2.214233333333,764.542596731699,18379.0
scanId=132862,2.214233333333,764.5585199206542,30038.0
scanId=132862,2.214233333333,764.5744432241092,33654.0
scanId=132862,2.214233333333,764.5903667446942,28462.0
scanId=132862,2.214233333333,764.6062903797794,20441.0
scanId=132862,2.214233333333,764.6222142319939,13739.0
scanId=132862,2.214233333333,764.6381381987092,9233.0
scanId=132862,2.214233333333,764.6540623825532,6284.0
scanId=132862,2.214233333333,764.6699866808988,4307.0
scanId=132862,2.214233333333,764.6859111963724,2746.0
scanId=132862,2.214233333333,764.7018358263483,1727.0
scanId=132862,2.214233333333,764.7177606734516,1217.0
scanId=132862,2.214233333333,765.5142131598583,1699.0
scanId=132862,2.214233333333,765.5301464122177,5244.0
scanId=132862,2.214233333333,765.5460798816918,11099.0
scanId=132862,2.214233333333,765.5620134656815,16809.0
scanId=132862,2.214233333333,765.5779472667853,19293.0
scanId=132862,2.214233333333,765.5938811824049,17163.0
scanId=132862,2.214233333333,765.6098153151382,12715.0
scanId=132862,2.214233333333,765.6257495623883,8612.0
scanId=132862,2.214233333333,765.6416840267512,5772.0
scanId=132862,2.214233333333,765.6576186056312,3834.0
scanId=132862,2.214233333333,765.6735534016241,2592.0
scanId=132862,2.214233333333,765.689488312134,1818.0
scanId=132862,2.214233333333,765.7054234397565,1304.0
scanId=132862,2.214233333333,766.5342772353914,1699.0
scanId=132862,2.214233333333,766.5502210999158,2922.0
scanId=132862,2.214233333333,766.5661651815387,4070.0
scanId=132862,2.214233333333,766.5821093776931,4356.0
scanId=132862,2.214233333333,766.5980537909456,3657.0
scanId=132862,2.214233333333,766.6139983187302,2500.0
scanId=132862,2.214233333333,766.6299430636122,1652.0
scanId=132862,2.214233333333,766.6458879230273,1131.0
scanId=132862,2.214233333333,767.5550204889666,1184.0
scanId=132862,2.214233333333,767.5709749656565,1372.0
scanId=132862,2.214233333333,767.5869296594279,1267.0
scanId=132862,2.214233333333,767.6028844677479,1046.0
scanId=132862,2.214233333333,769.5985445302977,1398.0
scanId=132862,2.214233333333,769.6145202313195,2734.0
scanId=132862,2.214233333333,769.6304961493883,3306.0
scanId=132862,2.214233333333,769.64647218204,2820.0
scanId=132862,2.214233333333,769.6624484317387,2018.0
scanId=132862,2.214233333333,769.6784247960206,1416.0
scanId=132862,2.214233333333,769.6944013773488,1089.0
scanId=132862,2.214233333333,770.6213253180806,1149.0
scanId=132862,2.214233333333,770.6373116312691,1196.0
scanId=132862,2.214233333333,770.6532981614864,1126.0
scanId=132862,2.214233333333,773.5816201404166,1013.0
scanId=132862,2.214233333333,773.5976371805614,1422.0
scanId=132862,2.214233333333,773.6136543353615,1389.0
scanId=132862,2.214233333333,773.629671707136,1110.0
scanId=132862,2.214233333333,785.5925312419412,1147.0
scanId=132862,2.214233333333,785.6086720948564,1224.0
scanId=132862,2.214233333333,792.5646150415665,1370.0
scanId=132862,2.214233333333,792.5808274115725,2267.0
scanId=132862,2.214233333333,792.5970398966681,2938.0
scanId=132862,2.214233333333,792.6132525983038,2915.0
scanId=132862,2.214233333333,792.62946541503,2250.0
scanId=132862,2.214233333333,792.6456784482955,1503.0
scanId=132862,2.214233333333,793.5700939656978,1123.0
scanId=132862,2.214233333333,793.5863166162229,1636.0
scanId=132862,2.214233333333,793.6025393818647,2079.0
scanId=132862,2.214233333333,793.6187623640194,2015.0
scanId=132862,2.214233333333,793.6349854612919,1566.0
scanId=132862,2.214233333333,793.651208775076,1113.0
scanId=132862,2.214233333333,795.6316940745494,1027.0
scanId=132862,2.214233333333,801.6368715089224,1077.0
scanId=132862,2.214233333333,801.6531764035996,2475.0
scanId=132862,2.214233333333,801.6694814136271,4209.0
scanId=132862,2.214233333333,801.6857866399339,5545.0
scanId=132862,2.214233333333,801.7020919815922,5561.0
scanId=132862,2.214233333333,801.7183975395287,4364.0
scanId=132862,2.214233333333,801.7347032128175,3071.0
scanId=132862,2.214233333333,801.7510091023835,2100.0
scanId=132862,2.214233333333,801.7673151073033,1368.0
scanId=132862,2.214233333333,802.6644021460035,1669.0
scanId=132862,2.214233333333,802.6807174365814,3118.0
scanId=132862,2.214233333333,802.6970329434071,3874.0
scanId=132862,2.214233333333,802.7133485656158,3564.0
scanId=132862,2.214233333333,802.7296644040712,2694.0
scanId=132862,2.214233333333,802.7459803579105,1886.0
scanId=132862,2.214233333333,802.7622965279954,1392.0
scanId=132862,2.214233333333,802.7786128134652,1094.0
scanId=132862,2.214233333333,803.6762652815618,1017.0
scanId=132862,2.214233333333,803.6925908526904,1386.0
scanId=132862,2.214233333333,803.7089166400352,1358.0
scanId=132862,2.214233333333,803.7252425427945,1076.0
scanId=132862,2.214233333333,815.6709649599599,1463.0
scanId=132862,2.214233333333,815.6874119079486,2485.0
scanId=132862,2.214233333333,815.7038590717438,2920.0
scanId=132862,2.214233333333,815.7203063513633,2512.0
scanId=132862,2.214233333333,815.736753846788,1767.0
scanId=132862,2.214233333333,815.7532014580383,1206.0
scanId=132862,2.214233333333,816.7074480699393,1171.0
scanId=132862,2.214233333333,816.7239055142533,1137.0
scanId=132862,2.214233333333,817.6293189081505,1335.0
scanId=132862,2.214233333333,817.6457856380945,1882.0
scanId=132862,2.214233333333,817.6622524839358,2128.0
scanId=132862,2.214233333333,817.6787195455095,1952.0
scanId=132862,2.214233333333,817.6951867229812,1528.0
scanId=132862,2.214233333333,817.7116541161847,1191.0
scanId=132862,2.214233333333,817.7281216252876,1025.0
scanId=132862,2.214233333333,818.6505681736413,1095.0
scanId=132862,2.214233333333,818.6670451841046,1298.0
scanId=132862,2.214233333333,818.6835223105033,1170.0
scanId=132862,2.214233333333,827.671673076318,1199.0
scanId=132862,2.214233333333,827.6882406216743,2067.0
scanId=132862,2.214233333333,827.7048082833286,2635.0
scanId=132862,2.214233333333,827.7213761603147,2455.0
scanId=132862,2.214233333333,827.7379441536002,1725.0
scanId=132862,2.214233333333,827.7545123622159,1138.0
scanId=132862,2.214233333333,828.6825952992906,1230.0
scanId=132862,2.214233333333,828.6991729098766,1805.0
scanId=132862,2.214233333333,828.715750735752,1827.0
scanId=132862,2.214233333333,828.732328677969,1506.0
scanId=132862,2.214233333333,828.7489068354739,1129.0
scanId=132862,2.214233333333,829.6941344710599,1198.0
scanId=132862,2.214233333333,829.7107222458245,1870.0
scanId=132862,2.214233333333,829.7273101369739,2035.0
scanId=132862,2.214233333333,829.7438982433681,1651.0
scanId=132862,2.214233333333,829.7604864661483,1261.0
scanId=132862,2.214233333333,829.7770749041724,1000.0
scanId=132862,2.214233333333,830.7228885306287,1019.0
scanId=132862,2.214233333333,831.6692409400066,1113.0
scanId=132862,2.214233333333,831.6858483973903,1309.0
scanId=132862,2.214233333333,831.7024560699336,1290.0
scanId=132862,2.214233333333,831.7190638589484,1105.0
scanId=132862,2.214233333333,839.6765814910216,1067.0
scanId=132862,2.214233333333,839.69326875468,1553.0
scanId=132862,2.214233333333,839.7099561351764,1664.0
scanId=132862,2.214233333333,839.7266437304643,1388.0
scanId=132862,2.214233333333,839.7433314425921,1035.0
scanId=132862,2.214233333333,840.6948065467001,1086.0
scanId=132862,2.214233333333,840.7115038761341,1243.0
scanId=132862,2.214233333333,840.7282014203114,1113.0
scanId=132862,2.214233333333,841.6802341120941,1002.0
scanId=132862,2.214233333333,841.6969412735313,1198.0
scanId=132862,2.214233333333,841.713648551903,1372.0
scanId=132862,2.214233333333,841.7303560449698,1375.0
scanId=132862,2.214233333333,841.7470636549727,1282.0
scanId=132862,2.214233333333,841.7637714796692,1072.0
scanId=132862,2.214233333333,843.6695476278526,1279.0
scanId=132862,2.214233333333,843.6862744724706,1469.0
scanId=132862,2.214233333333,843.7030015316863,1550.0
scanId=132862,2.214233333333,843.7197287079356,1672.0
scanId=132862,2.214233333333,843.7364560987809,1644.0
scanId=132862,2.214233333333,843.7531836066613,1314.0
scanId=132862,2.214233333333,852.7766376872391,1106.0
scanId=132862,2.214233333333,852.793454618089,1304.0
scanId=132862,2.214233333333,852.8102716664426,1129.0
scanId=132862,2.214233333333,853.7186398176383,1040.0
scanId=132862,2.214233333333,855.6715841181451,1015.0
scanId=132862,2.214233333333,855.6884295691442,1102.0
scanId=132862,2.214233333333,855.7052751378056,1106.0
scanId=132862,2.214233333333,855.7221209204346,1063.0
scanId=132862,2.214233333333,856.7500257248255,1005.0
scanId=132862,2.214233333333,857.6773541351346,1117.0
scanId=132862,2.214233333333,857.6942192700564,1034.0
scanId=132862,2.214233333333,857.7110846188342,1062.0
scanId=132862,2.214233333333,857.7279500853874,1114.0
scanId=132862,2.214233333333,857.7448157657949,1193.0
scanId=132862,2.214233333333,857.7616815639798,1161.0
scanId=132862,2.214233333333,857.7785475760169,1016.0
scanId=132862,2.214233333333,869.6763691240934,1068.0
scanId=132862,2.214233333333,869.693351869766,1631.0
scanId=132862,2.214233333333,869.7103347339233,1781.0
scanId=132862,2.214233333333,869.7273178112255,1523.0
scanId=132862,2.214233333333,869.7443010070147,1187.0
scanId=132862,2.214233333333,870.7296114453753,1004.0
scanId=132862,2.214233333333,893.7178546114499,1168.0
scanId=132862,2.214233333333,893.7350704927632,1121.0
scanId=132862,2.214233333333,895.7160001828735,1400.0
scanId=132862,2.214233333333,895.7332352987061,1681.0
scanId=132862,2.214233333333,895.750470534813,1578.0
scanId=132862,2.214233333333,895.7677059822752,1307.0
scanId=132862,2.214233333333,895.7849415500145,1075.0
scanId=132862,2.214233333333,896.7159096734487,1041.0
scanId=132862,2.214233333333,898.7691944193747,1032.0
scanId=132862,2.214233333333,898.7864588391216,1020.0
scanId=132862,2.214233333333,910.7905912664153,1022.0
scanId=132862,2.214233333333,910.8079707626115,1009.0
scanId=132862,2.214233333333,911.7814884329528,1075.0
scanId=132862,2.214233333333,911.7988774249409,1125.0
scanId=132862,2.214233333333,911.8162665384812,1076.0
scanId=132862,2.214233333333,911.8336558620988,1097.0
scanId=132862,2.214233333333,911.8510453072716,1094.0
scanId=132862,2.214233333333,919.7105959999604,1392.0
scanId=132862,2.214233333333,919.7280603941095,1641.0
scanId=132862,2.214233333333,919.745524997657,1491.0
scanId=132862,2.214233333333,919.7629897234386,1123.0
scanId=132862,2.214233333333,920.7238062176798,1274.0
scanId=132862,2.214233333333,920.741280229178,1572.0
scanId=132862,2.214233333333,920.7587544499851,1345.0
scanId=132862,2.214233333333,920.776228793116,1065.0
scanId=132862,2.214233333333,957.766903356557,1097.0
scanId=132862,2.214233333333,957.7847254568622,1167.0
scanId=132862,2.214233333333,957.8025476831457,1045.0
scanId=132862,2.214233333333,1425.390501561499,1087.0
scanId=132862,2.214233333333,1425.4122434380542,1150.0
scanId=132862,2.214233333333,1425.4339854007692,1065.0
scanId=132862,2.214233333333,1431.3103925824807,1151.0
scanId=132862,2.214233333333,1431.3321795630418,1481.0
scanId=132862,2.214233333333,1431.3539666273884,1420.0
scanId=132862,2.214233333333,1431.3757539395965,1192.0
scanId=132862,2.214233333333,1446.2951931697323,1250.0
scanId=132862,2.214233333333,1446.3170939053487,1374.0
scanId=132862,2.214233333333,1446.3389947186636,1237.0
scanId=132862,2.214233333333,1447.324704967818,1095.0
scanId=132862,2.214233333333,1573.4112043799187,1101.0
scanId=132862,2.214233333333,1573.43404733086,1177.0
scanId=132862,2.214233333333,1573.4568903039974,1051.0
scanId=132862,2.214233333333,1574.4164479273911,1059.0
scanId=132862,2.214233333333,1574.4392981746448,1128.0
scanId=132862,2.214233333333,1574.462148443635,1012.0
scanId=132862,2.214233333333,1577.3654896129192,1127.0
scanId=132862,2.214233333333,1577.3883611062067,1324.0
scanId=132862,2.214233333333,1577.411232910751,1466.0
scanId=132862,2.214233333333,1577.4341047356681,1336.0
scanId=132862,2.214233333333,1578.3719953829757,1055.0
scanId=132862,2.214233333333,1578.3948741721147,1296.0
scanId=132862,2.214233333333,1578.417753272974,1247.0
scanId=132862,2.214233333333,1578.4406323937433,1018.0
scanId=132862,2.214233333333,1579.3330503618179,1218.0
scanId=132862,2.214233333333,1579.35593611518,1546.0
scanId=132862,2.214233333333,1579.378822180703,1746.0
scanId=132862,2.214233333333,1579.4017082656949,1639.0
scanId=132862,2.214233333333,1579.4245946628691,1316.0
scanId=132862,2.214233333333,1579.4474810794907,1075.0
scanId=132862,2.214233333333,1580.3401835950588,1388.0
scanId=132862,2.214233333333,1580.3630766442725,1561.0
scanId=132862,2.214233333333,1580.3859700061116,1694.0
scanId=132862,2.214233333333,1580.4088633869555,1608.0
scanId=132862,2.214233333333,1580.4317570804453,1316.0
scanId=132862,2.214233333333,1580.4546507929183,1055.0
scanId=132862,2.214233333333,1582.4012287400042,1160.0
scanId=132862,2.214233333333,1582.424136712552,1049.0
scanId=132862,2.214233333333,1593.3471917021657,1508.0
scanId=132862,2.214233333333,1593.3701789211848,1763.0
scanId=132862,2.214233333333,1593.3931661532183,1668.0
scanId=132862,2.214233333333,1593.4161537038879,1557.0
scanId=132862,2.214233333333,1593.4391412675511,1522.0
scanId=132862,2.214233333333,1593.462129149872,1325.0
scanId=132862,2.214233333333,1593.4851170451645,1017.0
scanId=132862,2.214233333333,1594.312794463186,1516.0
scanId=132862,2.214233333333,1594.3357886468746,1989.0
scanId=132862,2.214233333333,1594.3587828431307,2455.0
scanId=132862,2.214233333333,1594.3817773584703,2534.0
scanId=132862,2.214233333333,1594.4047718863555,2439.0
scanId=132862,2.214233333333,1594.4277667333458,2328.0
scanId=132862,2.214233333333,1594.4507615928615,2028.0
scanId=132862,2.214233333333,1594.4737567715022,1502.0
scanId=132862,2.214233333333,1594.4967519626473,1081.0
scanId=132862,2.214233333333,1595.2786897309425,1238.0
scanId=132862,2.214233333333,1595.3016908793006,1788.0
scanId=132862,2.214233333333,1595.3246920397794,2426.0
scanId=132862,2.214233333333,1595.3476935197884,2930.0
scanId=132862,2.214233333333,1595.3706950118967,3155.0
scanId=132862,2.214233333333,1595.3936968235566,3223.0
scanId=132862,2.214233333333,1595.4166986472947,3070.0
scanId=132862,2.214233333333,1595.439700790606,2541.0
scanId=132862,2.214233333333,1595.4627029459734,1918.0
scanId=132862,2.214233333333,1595.4857054209351,1376.0
scanId=132862,2.214233333333,1596.290893743171,1109.0
scanId=132862,2.214233333333,1596.3139021878499,2039.0
scanId=132862,2.214233333333,1596.3369106441808,3084.0
scanId=132862,2.214233333333,1596.3599194205112,3763.0
scanId=132862,2.214233333333,1596.3829282084712,3802.0
scanId=132862,2.214233333333,1596.4059373164525,3444.0
scanId=132862,2.214233333333,1596.428946436043,2668.0
scanId=132862,2.214233333333,1596.4519558756754,1874.0
scanId=132862,2.214233333333,1596.4749653268946,1286.0
scanId=132862,2.214233333333,1597.2804033626617,1029.0
scanId=132862,2.214233333333,1597.3034187832147,1170.0
scanId=132862,2.214233333333,1597.3264345242155,1506.0
scanId=132862,2.214233333333,1597.3494502763988,2169.0
scanId=132862,2.214233333333,1597.37246634905,2526.0
scanId=132862,2.214233333333,1597.3954824328628,2534.0
scanId=132862,2.214233333333,1597.4184988371655,2242.0
scanId=132862,2.214233333333,1597.441515252608,1689.0
scanId=132862,2.214233333333,1597.4645319885612,1180.0
scanId=132862,2.214233333333,1598.339287888405,1237.0
scanId=132862,2.214233333333,1598.3623109364403,1471.0
scanId=132862,2.214233333333,1598.3853343054134,1262.0
scanId=132862,2.214233333333,1598.4083576850785,1070.0
scanId=132862,2.214233333333,1599.3524622804257,1189.0
scanId=132862,2.214233333333,1599.3754926243125,1180.0
scanId=132862,2.214233333333,1599.3985232896084,1070.0
scanId=132862,2.214233333333,1609.3863482273532,1031.0
scanId=132862,2.214233333333,1610.3799078419481,1055.0
scanId=132862,2.214233333333,1611.327540766872,1154.0
scanId=132862,2.214233333333,1611.3506573298032,1721.0
scanId=132862,2.214233333333,1611.3737738973987,2169.0
scanId=132862,2.214233333333,1611.3968907919802,2128.0
scanId=132862,2.214233333333,1611.4200076912052,1757.0
scanId=132862,2.214233333333,1611.443124917439,1333.0
scanId=132862,2.214233333333,1612.3448228563236,1057.0
scanId=132862,2.214233333333,1612.367946715581,1277.0
scanId=132862,2.214233333333,1612.391070579028,1180.0
scanId=132862,2.214233333333,1612.4141947699368,1006.0
scanId=132862,2.214233333333,1613.3392951460348,1090.0
scanId=132862,2.214233333333,1613.362425973705,1350.0
scanId=132862,2.214233333333,1613.3855571292893,1296.0
scanId=132862,2.214233333333,1613.4086882885883,1075.0
scanId=132862,2.214233333333,1614.3803501190234,1048.0
scanId=132862,2.214233333333,1614.4034885709336,1060.0
scanId=132862,2.214233333333,1761.4356529308886,1003.0
scanId=132862,2.214233333333,1761.4598220909786,1029.0
scanId=132862,2.214233333333,1776.403879432961,1084.0
scanId=132862,2.214233333333,1776.4281510666117,1232.0
scanId=132862,2.214233333333,1776.4524231040036,1195.0
scanId=132862,2.214233333333,1819.403403916923,1053.0
scanId=132862,2.214233333333,1967.4706298874423,1162.0
scanId=132862,2.214233333333,1967.4961737974031,1281.0
scanId=132862,2.214233333333,1967.5217175623739,1159.0
scanId=132862,2.214233333333,1968.4669593421509,1213.0
scanId=132862,2.214233333333,1968.492509408084,1170.0
scanId=132862,2.214233333333,1983.416516935163,1228.0
scanId=132862,2.214233333333,1983.4421638369533,1275.0
scanId=132862,2.214233333333,1983.467811219698,1144.0
scanId=132862,2.214233333333,1983.493458453118,1005.0
scanId=132862,2.214233333333,1984.442528647645,1189.0
scanId=132862,2.214233333333,1984.4681821820284,1373.0
scanId=132862,2.214233333333,1984.4938361976315,1302.0
scanId=132862,2.214233333333,1985.4688056691411,1093.0
scanId=133861,2.230883333333,102.12221174818875,1202.0
scanId=133861,2.230883333333,102.12803134254987,1409.0
scanId=133861,2.230883333333,102.13385110272583,1049.0
scanId=133861,2.230883333333,118.11987549910988,1542.0
scanId=133861,2.230883333333,118.12613433693646,1291.0
scanId=133861,2.230883333333,121.09881089828049,1234.0
scanId=133861,2.230883333333,122.08942795461749,1047.0
scanId=133861,2.230883333333,122.09579107082475,1227.0
scanId=133861,2.230883333333,126.09871539651508,1402.0
scanId=133861,2.230883333333,126.10518216612937,1526.0
scanId=133861,2.230883333333,126.11164908209079,1170.0
scanId=133861,2.230883333333,130.14649425356095,2824.0
scanId=133861,2.230883333333,130.1530639743887,6892.0
scanId=133861,2.230883333333,130.15963388082272,7627.0
scanId=133861,2.230883333333,130.16620393327906,5614.0
scanId=133861,2.230883333333,130.17277417134272,3748.0
scanId=133861,2.230883333333,130.1793445554277,2546.0
scanId=133861,2.230883333333,130.185915125121,1687.0
scanId=133861,2.230883333333,130.1924858408346,1157.0
scanId=133861,2.230883333333,138.09531441992473,1265.0
scanId=133861,2.230883333333,138.10208179139283,1285.0
scanId=133861,2.230883333333,138.10884934909558,1339.0
scanId=133861,2.230883333333,138.11561705219228,3270.0
scanId=133861,2.230883333333,138.12238494152464,5464.0
scanId=133861,2.230883333333,138.1291529762499,5216.0
scanId=133861,2.230883333333,138.13592119721193,3879.0
scanId=133861,2.230883333333,138.14268956356577,2678.0
scanId=133861,2.230883333333,138.14945811615743,1792.0
scanId=133861,2.230883333333,138.1562268141399,1161.0
scanId=133861,2.230883333333,164.91207870362695,1129.0
scanId=133861,2.230883333333,164.91947403624857,2020.0
scanId=133861,2.230883333333,164.92686951221125,2432.0
scanId=133861,2.230883333333,164.93426517646253,1970.0
scanId=133861,2.230883333333,164.94166098405378,1321.0
scanId=133861,2.230883333333,178.93864129347966,1060.0
scanId=133861,2.230883333333,178.94634471004196,1214.0
scanId=133861,2.230883333333,186.90590446708714,1443.0
scanId=133861,2.230883333333,186.91377748811212,1437.0
scanId=133861,2.230883333333,186.9216506990529,1063.0
scanId=133861,2.230883333333,191.07797494598,1034.0
scanId=133861,2.230883333333,215.11350539269756,1917.0
scanId=133861,2.230883333333,215.1219516596657,2566.0
scanId=133861,2.230883333333,215.13039806630889,2225.0
scanId=133861,2.230883333333,215.13884466490669,1520.0
scanId=133861,2.230883333333,215.1472914031783,1036.0
scanId=133861,2.230883333333,230.24431796408678,1093.0
scanId=133861,2.230883333333,231.10145490025917,2258.0
scanId=133861,2.230883333333,231.11020938970614,5721.0
scanId=133861,2.230883333333,231.1189640722446,7197.0
scanId=133861,2.230883333333,231.12771889332,5828.0
scanId=133861,2.230883333333,231.13647390748804,4001.0
scanId=133861,2.230883333333,231.14522906019184,2794.0
scanId=133861,2.230883333333,231.15398440598958,1941.0
scanId=133861,2.230883333333,231.16273989032177,1299.0
scanId=133861,2.230883333333,243.1069350193734,1110.0
scanId=133861,2.230883333333,243.11591402124293,1253.0
scanId=133861,2.230883333333,243.12489321705135,1023.0
scanId=133861,2.230883333333,245.12237597119076,1531.0
scanId=133861,2.230883333333,245.1313921154388,2664.0
scanId=133861,2.230883333333,245.14040845376755,2478.0
scanId=133861,2.230883333333,245.14942492964394,1809.0
scanId=133861,2.230883333333,245.15844159960233,1262.0
scanId=133861,2.230883333333,247.07371639433092,1398.0
scanId=133861,2.230883333333,247.08276835444352,1320.0
scanId=133861,2.230883333333,247.09182050877396,1045.0
scanId=133861,2.230883333333,257.1218804974847,1011.0
scanId=133861,2.230883333333,257.13111471649046,1022.0
scanId=133861,2.230883333333,257.15881831018,1101.0
scanId=133861,2.230883333333,257.16805319244503,1455.0
scanId=133861,2.230883333333,257.1772882114145,1397.0
scanId=133861,2.230883333333,257.18652342530936,1092.0
scanId=133861,2.230883333333,259.12958890681983,3501.0
scanId=133861,2.230883333333,259.1388590783948,8976.0
scanId=133861,2.230883333333,259.1481294450319,11725.0
scanId=133861,2.230883333333,259.1573999482351,9821.0
scanId=133861,2.230883333333,259.1666706465019,6586.0
scanId=133861,2.230883333333,259.1759414813335,4279.0
scanId=133861,2.230883333333,259.18521251123,2855.0
scanId=133861,2.230883333333,259.19448367768985,1947.0
scanId=133861,2.230883333333,259.203755039216,1257.0
scanId=133861,2.230883333333,260.15030344660494,1439.0
scanId=133861,2.230883333333,260.159591857739,1526.0
scanId=133861,2.230883333333,260.16888046400675,1188.0
scanId=133861,2.230883333333,261.1078823122158,1276.0
scanId=133861,2.230883333333,261.1171878315953,3226.0
scanId=133861,2.230883333333,261.12649348740354,4378.0
scanId=133861,2.230883333333,261.1357993384127,3888.0
scanId=133861,2.230883333333,261.14510532584916,3025.0
scanId=133861,2.230883333333,261.15441150848807,2383.0
scanId=133861,2.230883333333,261.1637178275529,1739.0
scanId=133861,2.230883333333,261.1730243418215,1124.0
scanId=133861,2.230883333333,271.13115635595557,2064.0
scanId=133861,2.230883333333,271.1406387696674,4958.0
scanId=133861,2.230883333333,271.15012137927766,6237.0
scanId=133861,2.230883333333,271.15960412461783,5146.0
scanId=133861,2.230883333333,271.1690870658577,3539.0
scanId=133861,2.230883333333,271.17857014282623,2488.0
scanId=133861,2.230883333333,271.1880534156957,1768.0
scanId=133861,2.230883333333,271.19753682429257,1147.0
scanId=133861,2.230883333333,273.1356224279838,1235.0
scanId=133861,2.230883333333,273.14513985870684,7005.0
scanId=133861,2.230883333333,273.1546574250211,18523.0
scanId=133861,2.230883333333,273.1641751873738,24271.0
scanId=133861,2.230883333333,273.1736930853165,20438.0
scanId=133861,2.230883333333,273.1832111792988,14255.0
scanId=133861,2.230883333333,273.1927294088698,9571.0
scanId=133861,2.230883333333,273.20224783448174,6490.0
scanId=133861,2.230883333333,273.211766395681,4351.0
scanId=133861,2.230883333333,273.22128515292263,2852.0
scanId=133861,2.230883333333,273.2308040457503,1809.0
scanId=133861,2.230883333333,273.2403231346215,1138.0
scanId=133861,2.230883333333,274.15492624753864,2554.0
scanId=133861,2.230883333333,274.164461390154,4030.0
scanId=133861,2.230883333333,274.17399672887785,3916.0
scanId=133861,2.230883333333,274.1835322031217,3126.0
scanId=133861,2.230883333333,274.1930678734752,2260.0
scanId=133861,2.230883333333,274.2026036793473,1556.0
scanId=133861,2.230883333333,274.2121396813304,1097.0
scanId=133861,2.230883333333,274.2598220875718,1448.0
scanId=133861,2.230883333333,274.26935908444403,2206.0
scanId=133861,2.230883333333,274.27889621682937,2005.0
scanId=133861,2.230883333333,274.2884335453312,1412.0
scanId=133861,2.230883333333,275.12836644975164,1444.0
scanId=133861,2.230883333333,275.1379185054114,2833.0
scanId=133861,2.230883333333,275.1474707572473,3040.0
scanId=133861,2.230883333333,275.1570231445353,2483.0
scanId=133861,2.230883333333,275.16657572800085,1871.0
scanId=133861,2.230883333333,275.17612844691723,1376.0
scanId=133861,2.230883333333,277.1379401252762,1165.0
scanId=133861,2.230883333333,277.14752700190945,1343.0
scanId=133861,2.230883333333,277.157114074858,1132.0
scanId=133861,2.230883333333,287.13934138476566,1385.0
scanId=133861,2.230883333333,287.14909971323385,1173.0
scanId=133861,2.230883333333,287.27597329078634,1595.0
scanId=133861,2.230883333333,287.28573394065256,1695.0
scanId=133861,2.230883333333,287.29549478753535,1287.0
scanId=133861,2.230883333333,288.2724152788637,1501.0
scanId=133861,2.230883333333,288.282192841773,2058.0
scanId=133861,2.230883333333,288.2919706017678,1675.0
scanId=133861,2.230883333333,288.30174849630544,1119.0
scanId=133861,2.230883333333,289.1334769286564,1149.0
scanId=133861,2.230883333333,289.1432690832107,1626.0
scanId=133861,2.230883333333,289.15306143490994,1840.0
scanId=133861,2.230883333333,289.16285392109256,1586.0
scanId=133861,2.230883333333,289.1726466044213,1102.0
scanId=133861,2.230883333333,291.15416516672155,1344.0
scanId=133861,2.230883333333,291.1639914789901,1806.0
scanId=133861,2.230883333333,291.1738179885427,1623.0
scanId=133861,2.230883333333,291.1836446324395,1168.0
scanId=133861,2.230883333333,293.0734354925365,1662.0
scanId=133861,2.230883333333,293.0832941701647,1791.0
scanId=133861,2.230883333333,293.0931529820057,1338.0
scanId=133861,2.230883333333,299.15785864779906,1752.0
scanId=133861,2.230883333333,299.16781913572856,2483.0
scanId=133861,2.230883333333,299.1777797574522,2252.0
scanId=133861,2.230883333333,299.1877405770113,1714.0
scanId=133861,2.230883333333,299.19770153036325,1249.0
scanId=133861,2.230883333333,301.12327284634404,1068.0
scanId=133861,2.230883333333,301.1332659676388,1053.0
scanId=133861,2.230883333333,301.183234157795,1018.0
scanId=133861,2.230883333333,301.1932282739746,1349.0
scanId=133861,2.230883333333,301.2032225881278,1779.0
scanId=133861,2.230883333333,301.21321703593577,1735.0
scanId=133861,2.230883333333,301.2232116817186,1274.0
scanId=133861,2.230883333333,303.1653062249092,1488.0
scanId=133861,2.230883333333,303.1753331722879,1703.0
scanId=133861,2.230883333333,303.185360317776,1381.0
scanId=133861,2.230883333333,303.2655833218221,2044.0
scanId=133861,2.230883333333,303.2756119273419,3040.0
scanId=133861,2.230883333333,303.28564073097834,2776.0
scanId=133861,2.230883333333,303.29566966812655,2026.0
scanId=133861,2.230883333333,303.3056988033926,1472.0
scanId=133861,2.230883333333,303.31572807216907,1048.0
scanId=133861,2.230883333333,304.2692662705842,1089.0
scanId=133861,2.230883333333,304.2793114575177,2328.0
scanId=133861,2.230883333333,304.28935684263627,3423.0
scanId=133861,2.230883333333,304.299402361198,3419.0
scanId=133861,2.230883333333,304.3094480779463,2611.0
scanId=133861,2.230883333333,304.3194939281362,1775.0
scanId=133861,2.230883333333,304.3295399765142,1165.0
scanId=133861,2.230883333333,305.13375979072003,2566.0
scanId=133861,2.230883333333,305.1438192376691,5759.0
scanId=133861,2.230883333333,305.15387888286244,7634.0
scanId=133861,2.230883333333,305.1639386614398,6924.0
scanId=133861,2.230883333333,305.17399863826273,5050.0
scanId=133861,2.230883333333,305.1840587484683,3488.0
scanId=133861,2.230883333333,305.194119056921,2459.0
scanId=133861,2.230883333333,305.2041794987547,1715.0
scanId=133861,2.230883333333,305.2142401388371,1144.0
scanId=133861,2.230883333333,307.0883998573697,1087.0
scanId=133861,2.230883333333,307.09849147226055,1400.0
scanId=133861,2.230883333333,307.1085832855295,1232.0
scanId=133861,2.230883333333,312.35842307265614,1253.0
scanId=133861,2.230883333333,312.3686009108946,1050.0
scanId=133861,2.230883333333,315.1942510341077,1002.0
scanId=133861,2.230883333333,315.2044749686734,1043.0
scanId=133861,2.230883333333,317.18080176501854,1226.0
scanId=133861,2.230883333333,317.1910578675245,1504.0
scanId=133861,2.230883333333,317.20131416909777,1333.0
scanId=133861,2.230883333333,317.211570603232,1118.0
scanId=133861,2.230883333333,318.22778002687477,1076.0
scanId=133861,2.230883333333,318.23805304242154,1232.0
scanId=133861,2.230883333333,318.24832625710656,1003.0
scanId=133861,2.230883333333,319.1530170126199,1018.0
scanId=133861,2.230883333333,319.16330495143774,1258.0
scanId=133861,2.230883333333,319.17359308945686,1257.0
scanId=133861,2.230883333333,320.24446305435225,1121.0
scanId=133861,2.230883333333,320.25476856946716,1419.0
scanId=133861,2.230883333333,320.2650742838574,1367.0
scanId=133861,2.230883333333,320.2753801306005,1389.0
scanId=133861,2.230883333333,320.2856861766205,1414.0
scanId=133861,2.230883333333,320.2959923549917,1175.0
scanId=133861,2.230883333333,321.1519845945424,1066.0
scanId=133861,2.230883333333,321.16230470129995,1257.0
scanId=133861,2.230883333333,321.17262500739463,1275.0
scanId=133861,2.230883333333,321.1829454457805,1071.0
scanId=133861,2.230883333333,323.0847313552304,1495.0
scanId=133861,2.230883333333,323.09508250288224,1685.0
scanId=133861,2.230883333333,323.10543378269443,1595.0
scanId=133861,2.230883333333,323.11578526197593,1697.0
scanId=133861,2.230883333333,323.1261368734163,1679.0
scanId=133861,2.230883333333,323.13648868432733,1444.0
scanId=133861,2.230883333333,323.1468406273961,1194.0
scanId=133861,2.230883333333,323.1571927699368,1034.0
scanId=133861,2.230883333333,325.2517218578512,1373.0
scanId=133861,2.230883333333,325.26210762700026,1686.0
scanId=133861,2.230883333333,325.27249359576473,1370.0
scanId=133861,2.230883333333,329.1684673326303,1184.0
scanId=133861,2.230883333333,329.1789154478874,1858.0
scanId=133861,2.230883333333,329.18936376302537,2077.0
scanId=133861,2.230883333333,329.1998122099106,1774.0
scanId=133861,2.230883333333,329.2102608566782,1695.0
scanId=133861,2.230883333333,329.22070963519167,1870.0
scanId=133861,2.230883333333,329.23115861358895,1970.0
scanId=133861,2.230883333333,329.24160772373057,1760.0
scanId=133861,2.230883333333,329.2520570337575,1346.0
scanId=133861,2.230883333333,331.1775491064618,1440.0
scanId=133861,2.230883333333,331.18802905802903,2696.0
scanId=133861,2.230883333333,331.19850920961284,4191.0
scanId=133861,2.230883333333,331.2089894928083,4304.0
scanId=133861,2.230883333333,331.2194699760218,3228.0
scanId=133861,2.230883333333,331.22995059084536,2185.0
scanId=133861,2.230883333333,331.2404314056886,1551.0
scanId=133861,2.230883333333,331.25091235214035,1268.0
scanId=133861,2.230883333333,331.26139349861324,1146.0
scanId=133861,2.230883333333,333.182231808462,1284.0
scanId=133861,2.230883333333,333.1927434648622,1515.0
scanId=133861,2.230883333333,333.2032552527392,1469.0
scanId=133861,2.230883333333,333.213767240769,1189.0
scanId=133861,2.230883333333,335.15079204136674,1127.0
scanId=133861,2.230883333333,335.16133467066857,1323.0
scanId=133861,2.230883333333,335.1718775002555,1092.0
scanId=133861,2.230883333333,339.1795436638976,1576.0
scanId=133861,2.230883333333,339.1901495031172,2879.0
scanId=133861,2.230883333333,339.2007554734092,3978.0
scanId=133861,2.230883333333,339.21136164425843,3706.0
scanId=133861,2.230883333333,339.22196794617867,2829.0
scanId=133861,2.230883333333,339.23257444865743,2098.0
scanId=133861,2.230883333333,339.243181082206,1554.0
scanId=133861,2.230883333333,339.25378791631437,1112.0
scanId=133861,2.230883333333,340.1984586753227,1210.0
scanId=133861,2.230883333333,340.2090804327651,1431.0
scanId=133861,2.230883333333,340.2197023212117,1138.0
scanId=133861,2.230883333333,343.1256842630545,1278.0
scanId=133861,2.230883333333,343.1363515845664,1157.0
scanId=133861,2.230883333333,345.13405868463406,1381.0
scanId=133861,2.230883333333,345.14475717919805,1832.0
scanId=133861,2.230883333333,345.15545587471826,1672.0
scanId=133861,2.230883333333,345.16615470091045,1672.0
scanId=133861,2.230883333333,345.1768537280603,1708.0
scanId=133861,2.230883333333,345.18755288588073,1383.0
scanId=133861,2.230883333333,347.1482936526339,1094.0
scanId=133861,2.230883333333,347.1590233202495,1164.0
scanId=133861,2.230883333333,347.1697531889565,1066.0
scanId=133861,2.230883333333,347.1804831882003,1064.0
scanId=133861,2.230883333333,347.19121338853694,1039.0
scanId=133861,2.230883333333,349.15762845676915,1797.0
scanId=133861,2.230883333333,349.168389167033,3688.0
scanId=133861,2.230883333333,349.17915000770023,4818.0
scanId=133861,2.230883333333,349.1899110495938,4582.0
scanId=133861,2.230883333333,349.20067222188925,3484.0
scanId=133861,2.230883333333,349.2114335954124,2468.0
scanId=133861,2.230883333333,349.2221950993361,1732.0
scanId=133861,2.230883333333,349.2329568044889,1233.0
scanId=133861,2.230883333333,353.09629631314453,1101.0
scanId=133861,2.230883333333,353.1071175101448,1033.0
scanId=133861,2.230883333333,357.1332304254146,1615.0
scanId=133861,2.230883333333,357.1441133052602,2094.0
scanId=133861,2.230883333333,357.1549963868633,1995.0
scanId=133861,2.230883333333,357.165879598337,1627.0
scanId=133861,2.230883333333,357.1767630115698,1300.0
scanId=133861,2.230883333333,357.18764655467174,1133.0
scanId=133861,2.230883333333,357.1985302995341,1267.0
scanId=133861,2.230883333333,357.2094141742643,1476.0
scanId=133861,2.230883333333,357.2202982507563,1396.0
scanId=133861,2.230883333333,357.2311824571145,1078.0
scanId=133861,2.230883333333,361.1931106060338,1213.0
scanId=133861,2.230883333333,361.2040551687237,1253.0
scanId=133861,2.230883333333,361.2149999334408,1252.0
scanId=133861,2.230883333333,361.225944827759,1145.0
scanId=133861,2.230883333333,362.2335861251078,1363.0
scanId=133861,2.230883333333,362.2445464764183,1372.0
scanId=133861,2.230883333333,363.14385806296474,1801.0
scanId=133861,2.230883333333,363.15483214056377,2163.0
scanId=133861,2.230883333333,363.1658064203195,1894.0
scanId=133861,2.230883333333,363.1767808295467,1548.0
scanId=133861,2.230883333333,363.18775544093194,1309.0
scanId=133861,2.230883333333,363.19873018178754,1083.0
scanId=133861,2.230883333333,368.4083791868617,2427.0
scanId=133861,2.230883333333,368.41943252359806,3118.0
scanId=133861,2.230883333333,368.43048606283907,2587.0
scanId=133861,2.230883333333,368.4415397312036,1759.0
scanId=133861,2.230883333333,368.4525936020743,1232.0
scanId=133861,2.230883333333,369.4259819536767,1124.0
scanId=133861,2.230883333333,369.4370505453097,1046.0
scanId=133861,2.230883333333,371.1325013555906,1129.0
scanId=133861,2.230883333333,371.14359548259387,2103.0
scanId=133861,2.230883333333,371.1546898122812,2603.0
scanId=133861,2.230883333333,371.16578427091275,2370.0
scanId=133861,2.230883333333,371.1768789322297,1750.0
scanId=133861,2.230883333333,371.1879737224894,1277.0
scanId=133861,2.230883333333,371.19906871543606,1005.0
scanId=133861,2.230883333333,373.2099902132436,1246.0
scanId=133861,2.230883333333,373.22111538448803,1333.0
scanId=133861,2.230883333333,373.2322406845406,1072.0
scanId=133861,2.230883333333,379.17441899826207,1227.0
scanId=133861,2.230883333333,379.1856327146218,1474.0
scanId=133861,2.230883333333,379.19684655939886,1618.0
scanId=133861,2.230883333333,379.2080606073881,1394.0
scanId=133861,2.230883333333,379.2192747837935,1104.0
scanId=133861,2.230883333333,379.23048916341236,1067.0
scanId=133861,2.230883333333,379.241703671446,1075.0
scanId=133861,2.230883333333,379.2529183826945,1122.0
scanId=133861,2.230883333333,379.26413322235624,1228.0
scanId=133861,2.230883333333,379.2753482652344,1223.0
scanId=133861,2.230883333333,379.2865634365243,1162.0
scanId=133861,2.230883333333,383.1093402975694,1142.0
scanId=133861,2.230883333333,383.12061204911697,1013.0
scanId=133861,2.230883333333,385.1748287124827,1213.0
scanId=133861,2.230883333333,385.18613077035496,1373.0
scanId=133861,2.230883333333,385.19743303183003,1174.0
scanId=133861,2.230883333333,389.24292965530594,1183.0
scanId=133861,2.230883333333,389.2542912784876,1098.0
scanId=133861,2.230883333333,393.1839413288022,1776.0
scanId=133861,2.230883333333,393.1953603239123,3606.0
scanId=133861,2.230883333333,393.20677944653,4869.0
scanId=133861,2.230883333333,393.2181987732698,4695.0
scanId=133861,2.230883333333,393.2296182275157,3677.0
scanId=133861,2.230883333333,393.24103788588513,2763.0
scanId=133861,2.230883333333,393.252457671759,1979.0
scanId=133861,2.230883333333,393.2638776617582,1402.0
scanId=133861,2.230883333333,397.12185144743853,1141.0
scanId=133861,2.230883333333,397.13332748284785,1116.0
scanId=133861,2.230883333333,397.2480967639354,1023.0
scanId=133861,2.230883333333,399.29376437473707,1203.0
scanId=133861,2.230883333333,399.30527171044815,1234.0
scanId=133861,2.230883333333,399.3973365202538,1728.0
scanId=133861,2.230883333333,399.40884538699805,1907.0
scanId=133861,2.230883333333,399.42035438084974,1522.0
scanId=133861,2.230883333333,399.43186357922366,1070.0
scanId=133861,2.230883333333,400.3646577302632,1001.0
scanId=133861,2.230883333333,400.3761805254524,1184.0
scanId=133861,2.230883333333,400.3877034476874,1225.0
scanId=133861,2.230883333333,400.39922657450626,1317.0
scanId=133861,2.230883333333,400.41074982836926,1196.0
scanId=133861,2.230883333333,402.3259115417175,1058.0
scanId=133861,2.230883333333,402.3374625254267,3613.0
scanId=133861,2.230883333333,402.34901363605593,6216.0
scanId=133861,2.230883333333,402.3605649513947,6371.0
scanId=133861,2.230883333333,402.3721163936522,4933.0
scanId=133861,2.230883333333,402.38366804062053,3451.0
scanId=133861,2.230883333333,402.3952198145063,2410.0
scanId=133861,2.230883333333,402.40677179310427,1602.0
scanId=133861,2.230883333333,402.41832389861815,1060.0
scanId=133861,2.230883333333,403.21582098245665,1039.0
scanId=133861,2.230883333333,403.34303113450034,1121.0
scanId=133861,2.230883333333,403.35459670991395,1782.0
scanId=133861,2.230883333333,403.36616241218263,1719.0
scanId=133861,2.230883333333,403.37772831922587,1333.0
scanId=133861,2.230883333333,405.18403734287796,1018.0
scanId=133861,2.230883333333,405.1956292437719,1377.0
scanId=133861,2.230883333333,405.20722134955713,1577.0
scanId=133861,2.230883333333,405.2188135820793,1772.0
scanId=133861,2.230883333333,405.2304060194942,1781.0
scanId=133861,2.230883333333,405.24199858364443,1578.0
scanId=133861,2.230883333333,405.25359135268883,1295.0
scanId=133861,2.230883333333,409.1348461768291,1826.0
scanId=133861,2.230883333333,409.1464944545116,4690.0
scanId=133861,2.230883333333,409.15814293733655,6482.0
scanId=133861,2.230883333333,409.1697915466472,5923.0
scanId=133861,2.230883333333,409.18144036110186,4461.0
scanId=133861,2.230883333333,409.1930893020407,3097.0
scanId=133861,2.230883333333,409.20473844812483,2119.0
scanId=133861,2.230883333333,409.21638772069196,1460.0
scanId=133861,2.230883333333,409.22803719840573,1107.0
scanId=133861,2.230883333333,410.1605310810481,1116.0
scanId=133861,2.230883333333,413.1282326759149,1018.0
scanId=133861,2.230883333333,413.3155326678813,1080.0
scanId=133861,2.230883333333,415.3786341805138,2136.0
scanId=133861,2.230883333333,415.390371002917,5579.0
scanId=133861,2.230883333333,415.4021080308573,7582.0
scanId=133861,2.230883333333,415.41384518488866,6906.0
scanId=133861,2.230883333333,415.4255825444586,4998.0
scanId=133861,2.230883333333,415.43732003011814,3377.0
scanId=133861,2.230883333333,415.4490577213176,2320.0
scanId=133861,2.230883333333,415.46079553860545,1540.0
scanId=133861,2.230883333333,415.4725335614346,1007.0
scanId=133861,2.230883333333,416.38860866708904,1772.0
scanId=133861,2.230883333333,416.4003597495034,2625.0
scanId=133861,2.230883333333,416.4121110375185,2585.0
scanId=133861,2.230883333333,416.42386245156104,1988.0
scanId=133861,2.230883333333,416.43561407120575,1359.0
scanId=133861,2.230883333333,425.1178893612456,1305.0
scanId=133861,2.230883333333,425.12976302059985,2007.0
scanId=133861,2.230883333333,425.14163680543635,1846.0
scanId=133861,2.230883333333,425.1535107964201,1328.0
scanId=133861,2.230883333333,425.2010083378344,1244.0
scanId=133861,2.230883333333,425.2128831175555,1379.0
scanId=133861,2.230883333333,425.22475810342826,1190.0
scanId=133861,2.230883333333,427.15069179573004,1052.0
scanId=133861,2.230883333333,429.2957218893937,1371.0
scanId=133861,2.230883333333,429.3076537091598,2014.0
scanId=133861,2.230883333333,429.31958573533166,1918.0
scanId=133861,2.230883333333,429.3315178867259,1493.0
scanId=133861,2.230883333333,429.34345024452745,1071.0
scanId=133861,2.230883333333,430.3702515818391,2522.0
scanId=133861,2.230883333333,430.38219832487283,3954.0
scanId=133861,2.230883333333,430.3941452743788,3833.0
scanId=133861,2.230883333333,430.4060923490407,2787.0
scanId=133861,2.230883333333,430.4180396301762,1767.0
scanId=133861,2.230883333333,430.4299870364664,1132.0
scanId=133861,2.230883333333,431.38631840490103,1525.0
scanId=133861,2.230883333333,431.3982792828519,1476.0
scanId=133861,2.230883333333,431.410240285897,1079.0
scanId=133861,2.230883333333,437.21883725653913,2016.0
scanId=133861,2.230883333333,437.230878720494,3245.0
scanId=133861,2.230883333333,437.2429203091848,3144.0
scanId=133861,2.230883333333,437.25496210476933,2340.0
scanId=133861,2.230883333333,437.26700402508834,1666.0
scanId=133861,2.230883333333,437.2790461523025,1285.0
scanId=133861,2.230883333333,437.2910884042497,1024.0
scanId=133861,2.230883333333,437.3633455212806,2185.0
scanId=133861,2.230883333333,437.3753889750132,3603.0
scanId=133861,2.230883333333,437.3874325534732,4066.0
scanId=133861,2.230883333333,437.3994763388355,3541.0
scanId=133861,2.230883333333,437.4115202489235,2584.0
scanId=133861,2.230883333333,437.4235643659156,1783.0
scanId=133861,2.230883333333,437.43560860763176,1196.0
scanId=133861,2.230883333333,443.32086774968366,1160.0
scanId=133861,2.230883333333,443.33299290867456,1321.0
scanId=133861,2.230883333333,443.3451182749296,1112.0
scanId=133861,2.230883333333,449.89259577398343,1057.0
scanId=133861,2.230883333333,451.2616750631224,1083.0
scanId=133861,2.230883333333,457.33742726355104,1076.0
scanId=133861,2.230883333333,457.3497426535929,1103.0
scanId=133861,2.230883333333,473.3245253201657,1223.0
scanId=133861,2.230883333333,473.3370540706641,1508.0
scanId=133861,2.230883333333,473.34958303019766,1400.0
scanId=133861,2.230883333333,473.36211211232416,1165.0
scanId=133861,2.230883333333,475.3061279101395,1863.0
scanId=133861,2.230883333333,475.3186828592664,2997.0
scanId=133861,2.230883333333,475.331238017542,3108.0
scanId=133861,2.230883333333,475.3437932982971,2395.0
scanId=133861,2.230883333333,475.3563487882023,1622.0
scanId=133861,2.230883333333,475.3689044005857,1055.0
scanId=133861,2.230883333333,476.31104954736645,1103.0
scanId=133861,2.230883333333,476.3236177616217,1283.0
scanId=133861,2.230883333333,476.33618618508325,1267.0
scanId=133861,2.230883333333,481.2378723063076,1696.0
scanId=133861,2.230883333333,481.25050539755006,2503.0
scanId=133861,2.230883333333,481.2631386109355,2580.0
scanId=133861,2.230883333333,481.2757720338076,2225.0
scanId=133861,2.230883333333,481.28840557882125,1914.0
scanId=133861,2.230883333333,481.301039333323,1644.0
scanId=133861,2.230883333333,481.3136732099649,1473.0
scanId=133861,2.230883333333,481.3263072960961,1346.0
scanId=133861,2.230883333333,481.3389415043664,1096.0
scanId=133861,2.230883333333,487.3335203350278,1131.0
scanId=133861,2.230883333333,487.34623313918723,1866.0
scanId=133861,2.230883333333,487.3589461531742,2366.0
scanId=133861,2.230883333333,487.3716592889619,2346.0
scanId=133861,2.230883333333,487.3843726345785,2103.0
scanId=133861,2.230883333333,487.3970861019944,1726.0
scanId=133861,2.230883333333,487.40979977924064,1335.0
scanId=133861,2.230883333333,488.47833877691346,1197.0
scanId=133861,2.230883333333,488.4910665043433,1443.0
scanId=133861,2.230883333333,488.5037944416643,1290.0
scanId=133861,2.230883333333,497.2100103291039,1088.0
scanId=133861,2.230883333333,497.22285135213406,1160.0
scanId=133861,2.230883333333,497.2356924964222,1039.0
scanId=133861,2.230883333333,501.36627644447003,1056.0
scanId=133861,2.230883333333,501.379170980907,1234.0
scanId=133861,2.230883333333,501.39206572793955,1631.0
scanId=133861,2.230883333333,501.404960596005,2054.0
scanId=133861,2.230883333333,501.4178556746672,1863.0
scanId=133861,2.230883333333,501.4307508743609,1327.0
scanId=133861,2.230883333333,515.4020870581273,2064.0
scanId=133861,2.230883333333,515.4151608851686,3108.0
scanId=133861,2.230883333333,515.4282348325023,3108.0
scanId=133861,2.230883333333,515.4413089911732,2632.0
scanId=133861,2.230883333333,515.4543832701353,2109.0
scanId=133861,2.230883333333,515.4674577604358,1573.0
scanId=133861,2.230883333333,515.4805323710261,1141.0
scanId=133861,2.230883333333,516.4092551836749,1168.0
scanId=133861,2.230883333333,516.4223417328836,1314.0
scanId=133861,2.230883333333,516.4354284934809,1135.0
scanId=133861,2.230883333333,516.4877771028674,1045.0
scanId=133861,2.230883333333,516.5008646469614,2623.0
scanId=133861,2.230883333333,516.5139524024476,4807.0
scanId=133861,2.230883333333,516.5270402781698,5495.0
scanId=133861,2.230883333333,516.5401283652857,4407.0
scanId=133861,2.230883333333,516.553216572636,2930.0
scanId=133861,2.230883333333,516.5663049913817,1899.0
scanId=133861,2.230883333333,516.5793935303603,1317.0
scanId=133861,2.230883333333,517.3519121892049,1611.0
scanId=133861,2.230883333333,517.3650106770325,2066.0
scanId=133861,2.230883333333,517.378109376297,1937.0
scanId=133861,2.230883333333,517.391208195753,1560.0
scanId=133861,2.230883333333,517.4043072266471,1246.0
scanId=133861,2.230883333333,517.4174063777314,1041.0
scanId=133861,2.230883333333,517.5222057382246,1553.0
scanId=133861,2.230883333333,517.5353064272672,1624.0
scanId=133861,2.230883333333,517.5484072364927,1270.0
scanId=133861,2.230883333333,523.2893398053876,1742.0
scanId=133861,2.230883333333,523.3025132412124,4128.0
scanId=133861,2.230883333333,523.3156868887768,6132.0
scanId=133861,2.230883333333,523.3288606562301,6219.0
scanId=133861,2.230883333333,523.342034635424,4966.0
scanId=133861,2.230883333333,523.3552087345054,3615.0
scanId=133861,2.230883333333,523.3683830453292,2637.0
scanId=133861,2.230883333333,523.3815574760388,1844.0
scanId=133861,2.230883333333,523.3947321184922,1344.0
scanId=133861,2.230883333333,523.4079068808303,1049.0
scanId=133861,2.230883333333,524.3041812822252,1679.0
scanId=133861,2.230883333333,524.3173675317163,2613.0
scanId=133861,2.230883333333,524.3305539010453,2799.0
scanId=133861,2.230883333333,524.3437404821659,2354.0
scanId=133861,2.230883333333,524.3569271831233,1805.0
scanId=133861,2.230883333333,524.3701140958736,1354.0
scanId=133861,2.230883333333,525.2672116004231,1225.0
scanId=133861,2.230883333333,525.2804099083716,1832.0
scanId=133861,2.230883333333,525.2936084281595,2053.0
scanId=133861,2.230883333333,525.3068070677364,1901.0
scanId=133861,2.230883333333,525.320005919154,1666.0
scanId=133861,2.230883333333,525.3332048903591,1429.0
scanId=133861,2.230883333333,525.3464040734062,1086.0
scanId=133861,2.230883333333,529.4063855581262,1197.0
scanId=133861,2.230883333333,529.4196358121386,2268.0
scanId=133861,2.230883333333,529.4328861857344,2973.0
scanId=133861,2.230883333333,529.4461367713766,2929.0
scanId=133861,2.230883333333,529.4593874766008,2646.0
scanId=133861,2.230883333333,529.4726383938726,2982.0
scanId=133861,2.230883333333,529.4858894307249,3407.0
scanId=133861,2.230883333333,529.4991406796265,3055.0
scanId=133861,2.230883333333,529.5123920481072,2255.0
scanId=133861,2.230883333333,529.5256436286385,1533.0
scanId=133861,2.230883333333,529.5388953287476,1007.0
scanId=133861,2.230883333333,530.4801915228825,1085.0
scanId=133861,2.230883333333,530.4934551616115,1226.0
scanId=133861,2.230883333333,530.5067190124396,1052.0
scanId=133861,2.230883333333,531.3692234609487,1005.0
scanId=133861,2.230883333333,531.382498255555,1324.0
scanId=133861,2.230883333333,531.3957731696476,1202.0
scanId=133861,2.230883333333,533.508597377081,1888.0
scanId=133861,2.230883333333,533.5218988214409,2732.0
scanId=133861,2.230883333333,533.5352004780486,2760.0
scanId=133861,2.230883333333,533.5485022540369,2167.0
scanId=133861,2.230883333333,533.5618042422742,1552.0
scanId=133861,2.230883333333,533.5751063498908,1093.0
scanId=133861,2.230883333333,534.5199814842191,1102.0
scanId=133861,2.230883333333,534.5332955304563,1035.0
scanId=133861,2.230883333333,537.3329237410901,1023.0
scanId=133861,2.230883333333,537.3462728207371,1140.0
scanId=133861,2.230883333333,537.3596220195798,1944.0
scanId=133861,2.230883333333,537.3729714308564,3322.0
scanId=133861,2.230883333333,537.3863209613274,4542.0
scanId=133861,2.230883333333,537.3996707042337,4387.0
scanId=133861,2.230883333333,537.4130205663329,3334.0
scanId=133861,2.230883333333,537.4263706408688,2337.0
scanId=133861,2.230883333333,537.4397208345966,1573.0
scanId=133861,2.230883333333,537.453071240762,1034.0
scanId=133861,2.230883333333,538.3746480763658,1146.0
scanId=133861,2.230883333333,538.3880100895689,1615.0
scanId=133861,2.230883333333,538.4013722219177,1577.0
scanId=133861,2.230883333333,538.4147345667503,1301.0
scanId=133861,2.230883333333,539.2836411128698,1021.0
scanId=133861,2.230883333333,539.2970144014809,1076.0
scanId=133861,2.230883333333,539.4040064928439,1006.0
scanId=133861,2.230883333333,543.4372950275153,1234.0
scanId=133861,2.230883333333,543.4507197187213,1761.0
scanId=133861,2.230883333333,543.4641445288322,1998.0
scanId=133861,2.230883333333,543.4775695516679,2809.0
scanId=133861,2.230883333333,543.490994693407,3951.0
scanId=133861,2.230883333333,543.5044200478723,4561.0
scanId=133861,2.230883333333,543.5178455212398,4401.0
scanId=133861,2.230883333333,543.531271207335,3273.0
scanId=133861,2.230883333333,543.5446970123306,2062.0
scanId=133861,2.230883333333,543.5581230300554,1349.0
scanId=133861,2.230883333333,544.4714796410791,1030.0
scanId=133861,2.230883333333,544.4849170530682,1452.0
scanId=133861,2.230883333333,544.4983546778305,2012.0
scanId=133861,2.230883333333,544.5117924214481,2048.0
scanId=133861,2.230883333333,544.5252303778401,1831.0
scanId=133861,2.230883333333,544.5386684530861,1667.0
scanId=133861,2.230883333333,544.5521067411077,1356.0
scanId=133861,2.230883333333,550.5350770126615,1549.0
scanId=133861,2.230883333333,550.5485890410395,2013.0
scanId=133861,2.230883333333,550.5621012824721,1848.0
scanId=133861,2.230883333333,550.5756136424782,1404.0
scanId=133861,2.230883333333,550.5891262155404,1193.0
scanId=133861,2.230883333333,550.6026389071751,1245.0
scanId=133861,2.230883333333,550.6161518118669,1289.0
scanId=133861,2.230883333333,550.6296648351299,1199.0
scanId=133861,2.230883333333,551.5489410241368,1102.0
scanId=133861,2.230883333333,551.5624655358663,1020.0
scanId=133861,2.230883333333,555.4644186416074,2640.0
scanId=133861,2.230883333333,555.4779910263569,10159.0
scanId=133861,2.230883333333,555.4915636243848,22117.0
scanId=133861,2.230883333333,555.5051363407626,29897.0
scanId=133861,2.230883333333,555.5187092704202,28095.0
scanId=133861,2.230883333333,555.5322823184265,20815.0
scanId=133861,2.230883333333,555.5458555797137,14116.0
scanId=133861,2.230883333333,555.5594289593483,9649.0
scanId=133861,2.230883333333,555.5730025522653,6646.0
scanId=133861,2.230883333333,555.5865762635283,4401.0
scanId=133861,2.230883333333,555.600150188075,2748.0
scanId=133861,2.230883333333,555.6137242309663,1727.0
scanId=133861,2.230883333333,555.6272984871426,1098.0
scanId=133861,2.230883333333,556.4692247342449,1491.0
scanId=133861,2.230883333333,556.4828093892461,4464.0
scanId=133861,2.230883333333,556.4963942575708,8992.0
scanId=133861,2.230883333333,556.5099792442006,11598.0
scanId=133861,2.230883333333,556.523564444155,10548.0
scanId=133861,2.230883333333,556.5371497624129,7699.0
scanId=133861,2.230883333333,556.5507352939971,5159.0
scanId=133861,2.230883333333,556.5643209438837,3405.0
scanId=133861,2.230883333333,556.5779068070975,2355.0
scanId=133861,2.230883333333,556.5914927886122,1544.0
scanId=133861,2.230883333333,557.4885357524389,1547.0
scanId=133861,2.230883333333,557.5021328910606,2779.0
scanId=133861,2.230883333333,557.515730147942,3328.0
scanId=133861,2.230883333333,557.5293276181934,2952.0
scanId=133861,2.230883333333,557.5429252067033,2208.0
scanId=133861,2.230883333333,557.5565230085845,1526.0
scanId=133861,2.230883333333,557.5701209287228,1036.0
scanId=133861,2.230883333333,561.3840683687266,1388.0
scanId=133861,2.230883333333,561.3977129303876,1514.0
scanId=133861,2.230883333333,561.4113576101361,1214.0
scanId=133861,2.230883333333,563.3642574769077,1079.0
scanId=133861,2.230883333333,563.3779260339047,1082.0
scanId=133861,2.230883333333,569.2845210966622,1145.0
scanId=133861,2.230883333333,569.2982612854087,1968.0
scanId=133861,2.230883333333,569.3120016880374,2522.0
scanId=133861,2.230883333333,569.3257422084124,2338.0
scanId=133861,2.230883333333,569.3394829426707,1767.0
scanId=133861,2.230883333333,569.3532237946742,1301.0
scanId=133861,2.230883333333,571.4575313136065,1929.0
scanId=133861,2.230883333333,571.4712977010036,3185.0
scanId=133861,2.230883333333,571.4850643023742,3527.0
scanId=133861,2.230883333333,571.4988310213998,2937.0
scanId=133861,2.230883333333,571.5125979544001,2044.0
scanId=133861,2.230883333333,571.5263650050542,1338.0
scanId=133861,2.230883333333,572.4766936279333,1267.0
scanId=133861,2.230883333333,572.4904722855847,1397.0
scanId=133861,2.230883333333,572.5042511572523,1114.0
scanId=133861,2.230883333333,575.4014827673277,1027.0
scanId=133861,2.230883333333,575.4152965776004,1052.0
scanId=133861,2.230883333333,576.3965026685466,1081.0
scanId=133861,2.230883333333,576.4103284174458,1324.0
scanId=133861,2.230883333333,576.4241543805231,1330.0
scanId=133861,2.230883333333,576.4379804610509,1171.0
scanId=133861,2.230883333333,577.3508699878446,1607.0
scanId=133861,2.230883333333,577.3647072263298,1919.0
scanId=133861,2.230883333333,577.3785445822272,1743.0
scanId=133861,2.230883333333,577.392382152342,1529.0
scanId=133861,2.230883333333,577.4062198398678,1268.0
scanId=133861,2.230883333333,581.4955842867508,1309.0
scanId=133861,2.230883333333,581.5094710552994,2161.0
scanId=133861,2.230883333333,581.5233580382312,2481.0
scanId=133861,2.230883333333,581.5372451384081,2044.0
scanId=133861,2.230883333333,581.5511324529697,1422.0
scanId=133861,2.230883333333,581.5650198847751,1014.0
scanId=133861,2.230883333333,582.5236548214757,1120.0
scanId=133861,2.230883333333,582.5375538602801,1130.0
scanId=133861,2.230883333333,605.413438215814,1109.0
scanId=133861,2.230883333333,605.427607747204,1014.0
scanId=133861,2.230883333333,609.3731610541802,1095.0
scanId=133861,2.230883333333,609.3873767983126,1102.0
scanId=133861,2.230883333333,613.3172674510568,1492.0
scanId=133861,2.230883333333,613.331529175488,2046.0
scanId=133861,2.230883333333,613.3457910160104,1862.0
scanId=133861,2.230883333333,613.3600530720712,1379.0
scanId=133861,2.230883333333,614.3445336421582,1012.0
scanId=133861,2.230883333333,619.4220941952977,1223.0
scanId=133861,2.230883333333,619.4364266727407,1357.0
scanId=133861,2.230883333333,619.450759365916,1285.0
scanId=133861,2.230883333333,619.4650921749877,1067.0
scanId=133861,2.230883333333,625.3123229054362,1486.0
scanId=133861,2.230883333333,625.3267233667776,3928.0
scanId=133861,2.230883333333,625.3411240440303,6212.0
scanId=133861,2.230883333333,625.3555248370003,6265.0
scanId=133861,2.230883333333,625.3699258458827,4877.0
scanId=133861,2.230883333333,625.3843269704817,3405.0
scanId=133861,2.230883333333,625.3987283109936,2285.0
scanId=133861,2.230883333333,625.4131297672214,1477.0
scanId=133861,2.230883333333,626.3207573949985,1640.0
scanId=133861,2.230883333333,626.3351694633476,3073.0
scanId=133861,2.230883333333,626.3495817476379,3732.0
scanId=133861,2.230883333333,626.3639941476159,3105.0
scanId=133861,2.230883333333,626.3784067635357,2239.0
scanId=133861,2.230883333333,626.3928194951426,1601.0
scanId=133861,2.230883333333,626.4072324426921,1086.0
scanId=133861,2.230883333333,627.3300043761548,1101.0
scanId=133861,2.230883333333,627.344428051512,1353.0
scanId=133861,2.230883333333,627.3588519428399,1386.0
scanId=133861,2.230883333333,627.3732759498259,1198.0
scanId=133861,2.230883333333,639.3441605840443,1488.0
scanId=133861,2.230883333333,639.3587217700453,1941.0
scanId=133861,2.230883333333,639.373283071374,1940.0
scanId=133861,2.230883333333,639.3878445890048,1561.0
scanId=133861,2.230883333333,639.4024062219621,1122.0
scanId=133861,2.230883333333,640.3492697027025,1095.0
scanId=133861,2.230883333333,640.3638422794135,1121.0
scanId=133861,2.230883333333,645.5622254368025,1035.0
scanId=133861,2.230883333333,645.576857259918,1013.0
scanId=133861,2.230883333333,647.304573584245,1561.0
scanId=133861,2.230883333333,647.3192250886392,2180.0
scanId=133861,2.230883333333,647.3338768095336,2160.0
scanId=133861,2.230883333333,647.3485286455567,1707.0
scanId=133861,2.230883333333,647.3631806980807,1217.0
scanId=133861,2.230883333333,648.3159181119087,1017.0
scanId=133861,2.230883333333,648.330581108211,1271.0
scanId=133861,2.230883333333,648.3452442196185,1239.0
scanId=133861,2.230883333333,649.4307764756818,1345.0
scanId=133861,2.230883333333,649.4454520739106,1527.0
scanId=133861,2.230883333333,649.4601277872188,1419.0
scanId=133861,2.230883333333,649.4748037170772,1223.0
scanId=133861,2.230883333333,649.4894797620142,1108.0
scanId=133861,2.230883333333,650.4144064989521,1268.0
scanId=133861,2.230883333333,650.4290931560159,1347.0
scanId=133861,2.230883333333,650.4437800296529,1163.0
scanId=133861,2.230883333333,657.3354225097743,1030.0
scanId=133861,2.230883333333,657.3501870996528,1613.0
scanId=133861,2.230883333333,657.3649519062561,1978.0
scanId=133861,2.230883333333,657.3797168277638,1801.0
scanId=133861,2.230883333333,657.3944819659968,1419.0
scanId=133861,2.230883333333,657.4092472191334,1036.0
scanId=133861,2.230883333333,663.4176501015431,1473.0
scanId=133861,2.230883333333,663.4324828922239,3156.0
scanId=133861,2.230883333333,663.4473157976865,4590.0
scanId=133861,2.230883333333,663.4621489199969,4746.0
scanId=133861,2.230883333333,663.4769821570889,3810.0
scanId=133861,2.230883333333,663.4918156110289,2638.0
scanId=133861,2.230883333333,663.5066491797497,1802.0
scanId=133861,2.230883333333,663.5214829653194,1297.0
scanId=133861,2.230883333333,664.4266558585646,1193.0
scanId=133861,2.230883333333,664.4414999246535,1872.0
scanId=133861,2.230883333333,664.4563441055047,2092.0
scanId=133861,2.230883333333,664.4711885032231,1856.0
scanId=133861,2.230883333333,664.4860330157036,1376.0
scanId=133861,2.230883333333,665.3472999290173,1789.0
scanId=133861,2.230883333333,665.3621542756249,3135.0
scanId=133861,2.230883333333,665.3770087369779,3921.0
scanId=133861,2.230883333333,665.3918634152154,3423.0
scanId=133861,2.230883333333,665.4067182081975,2677.0
scanId=133861,2.230883333333,665.4215732180646,2123.0
scanId=133861,2.230883333333,665.4364283426756,1699.0
scanId=133861,2.230883333333,665.4512836841725,1258.0
scanId=133861,2.230883333333,666.3577714878363,1523.0
scanId=133861,2.230883333333,666.3726371098519,2311.0
scanId=133861,2.230883333333,666.3875028465943,2372.0
scanId=133861,2.230883333333,666.4023688002395,1960.0
scanId=133861,2.230883333333,666.417234868611,1574.0
scanId=133861,2.230883333333,666.4321011538859,1172.0
scanId=133861,2.230883333333,679.3385111963687,1039.0
scanId=133861,2.230883333333,679.3535208601636,1225.0
scanId=133861,2.230883333333,679.368530741075,1078.0
scanId=133861,2.230883333333,685.3857711857582,1687.0
scanId=133861,2.230883333333,685.4008475070302,3983.0
scanId=133861,2.230883333333,685.4159240455004,7539.0
scanId=133861,2.230883333333,685.4310006984015,10025.0
scanId=133861,2.230883333333,685.4460775685014,9186.0
scanId=133861,2.230883333333,685.4611545530317,6927.0
scanId=133861,2.230883333333,685.4762317547613,4806.0
scanId=133861,2.230883333333,685.4913090709209,3244.0
scanId=133861,2.230883333333,685.5063866042802,2197.0
scanId=133861,2.230883333333,685.5214642520691,1538.0
scanId=133861,2.230883333333,685.5365421170579,1098.0
scanId=133861,2.230883333333,686.3962530229921,1223.0
scanId=133861,2.230883333333,686.4113405052406,2839.0
scanId=133861,2.230883333333,686.4264281019077,4514.0
scanId=133861,2.230883333333,686.4415159157859,5072.0
scanId=133861,2.230883333333,686.4566038440823,4347.0
scanId=133861,2.230883333333,686.47169198959,3220.0
scanId=133861,2.230883333333,686.4867802495155,2256.0
scanId=133861,2.230883333333,686.5018687266531,1564.0
scanId=133861,2.230883333333,686.5169573182079,1149.0
scanId=133861,2.230883333333,687.3319888847747,1114.0
scanId=133861,2.230883333333,687.3470866475423,1957.0
scanId=133861,2.230883333333,687.3621845247169,2623.0
scanId=133861,2.230883333333,687.3772826191141,2560.0
scanId=133861,2.230883333333,687.3923808279181,2125.0
scanId=133861,2.230883333333,687.407479253945,1905.0
scanId=133861,2.230883333333,687.4225777943782,1894.0
scanId=133861,2.230883333333,687.4376765520346,1832.0
scanId=133861,2.230883333333,687.4527754240972,1498.0
scanId=133861,2.230883333333,687.4678745133833,1103.0
scanId=133861,2.230883333333,701.3835077149641,1115.0
scanId=133861,2.230883333333,701.3987590222577,1398.0
scanId=133861,2.230883333333,701.4140104438213,1474.0
scanId=133861,2.230883333333,701.4292620827445,1243.0
scanId=133861,2.230883333333,703.6119499663715,1461.0
scanId=133861,2.230883333333,703.6272254826291,1765.0
scanId=133861,2.230883333333,703.6425011131412,1515.0
scanId=133861,2.230883333333,703.6577769610284,1131.0
scanId=133861,2.230883333333,705.3544238937463,1285.0
scanId=133861,2.230883333333,705.3697183128935,1502.0
scanId=133861,2.230883333333,705.3850128462843,1499.0
scanId=133861,2.230883333333,705.4003075970612,1303.0
scanId=133861,2.230883333333,705.4156024620814,1010.0
scanId=133861,2.230883333333,720.4224724003474,1048.0
scanId=133861,2.230883333333,722.4951734855351,1445.0
scanId=133861,2.230883333333,722.5106526223951,1721.0
scanId=133861,2.230883333333,722.5261318734429,1557.0
scanId=133861,2.230883333333,722.5416113419325,1355.0
scanId=133861,2.230883333333,722.55709092461,1060.0
scanId=133861,2.230883333333,723.517150487393,1040.0
scanId=133861,2.230883333333,736.4934538182308,2992.0
scanId=133861,2.230883333333,736.5090821884311,7626.0
scanId=133861,2.230883333333,736.5247106728508,13402.0
scanId=133861,2.230883333333,736.5403393746806,16747.0
scanId=133861,2.230883333333,736.5559681907299,15409.0
scanId=133861,2.230883333333,736.5715972241894,11399.0
scanId=133861,2.230883333333,736.5872263718687,7718.0
scanId=133861,2.230883333333,736.6028557369578,5168.0
scanId=133861,2.230883333333,736.6184852162669,3324.0
scanId=133861,2.230883333333,736.6341149129856,2138.0
scanId=133861,2.230883333333,736.6497447239243,1389.0
scanId=133861,2.230883333333,737.4940021427491,1918.0
scanId=133861,2.230883333333,737.5096411250981,4299.0
scanId=133861,2.230883333333,737.5252802216712,7666.0
scanId=133861,2.230883333333,737.5409195356499,10146.0
scanId=133861,2.230883333333,737.5565589638527,9968.0
scanId=133861,2.230883333333,737.5721986094611,7793.0
scanId=133861,2.230883333333,737.5878383692936,5459.0
scanId=133861,2.230883333333,737.6034783465317,3774.0
scanId=133861,2.230883333333,737.6191184379942,2692.0
scanId=133861,2.230883333333,737.6347587468616,2007.0
scanId=133861,2.230883333333,737.650399169954,1528.0
scanId=133861,2.230883333333,737.6660398104511,1215.0
scanId=133861,2.230883333333,738.4952296449452,1340.0
scanId=133861,2.230883333333,738.5108792394427,2012.0
scanId=133861,2.230883333333,738.5265289481698,2864.0
scanId=133861,2.230883333333,738.5421788742971,3318.0
scanId=133861,2.230883333333,738.557828914654,3008.0
scanId=133861,2.230883333333,738.5734791724109,2376.0
scanId=133861,2.230883333333,738.5891295443975,1742.0
scanId=133861,2.230883333333,738.6047801337841,1252.0
scanId=133861,2.230883333333,745.6171847461376,1045.0
scanId=133861,2.230883333333,745.6329096205649,1168.0
scanId=133861,2.230883333333,745.6486346092697,1090.0
scanId=133861,2.230883333333,757.5841928212676,1048.0
scanId=133861,2.230883333333,757.6000433833303,2114.0
scanId=133861,2.230883333333,757.6158940597954,3630.0
scanId=133861,2.230883333333,757.6317449534877,4273.0
scanId=133861,2.230883333333,757.6475959615831,3691.0
scanId=133861,2.230883333333,757.663447186905,2813.0
scanId=133861,2.230883333333,757.6792985266303,2009.0
scanId=133861,2.230883333333,757.695150083582,1480.0
scanId=133861,2.230883333333,757.711001754937,1074.0
scanId=133861,2.230883333333,758.6148226051805,1190.0
scanId=133861,2.230883333333,758.6306838938073,1847.0
scanId=133861,2.230883333333,758.6465453996484,2072.0
scanId=133861,2.230883333333,758.6624070199052,1765.0
scanId=133861,2.230883333333,758.678268857376,1299.0
scanId=133861,2.230883333333,759.6144092186091,1086.0
scanId=133861,2.230883333333,759.6302810049691,1271.0
scanId=133861,2.230883333333,759.6461529057582,1099.0
scanId=133861,2.230883333333,764.5107509025485,1979.0
scanId=133861,2.230883333333,764.526673759874,7665.0
scanId=133861,2.230883333333,764.542596731699,18741.0
scanId=133861,2.230883333333,764.5585199206542,29974.0
scanId=133861,2.230883333333,764.5744432241092,33383.0
scanId=133861,2.230883333333,764.5903667446942,27924.0
scanId=133861,2.230883333333,764.6062903797794,19711.0
scanId=133861,2.230883333333,764.6222142319939,13036.0
scanId=133861,2.230883333333,764.6381381987092,8882.0
scanId=133861,2.230883333333,764.6540623825532,6201.0
scanId=133861,2.230883333333,764.6699866808988,4262.0
scanId=133861,2.230883333333,764.6859111963724,2898.0
scanId=133861,2.230883333333,764.7018358263483,1885.0
scanId=133861,2.230883333333,764.7177606734516,1261.0
scanId=133861,2.230883333333,765.5142131598583,1446.0
scanId=133861,2.230883333333,765.5301464122177,4530.0
scanId=133861,2.230883333333,765.5460798816918,10149.0
scanId=133861,2.230883333333,765.5620134656815,16597.0
scanId=133861,2.230883333333,765.5779472667853,19020.0
scanId=133861,2.230883333333,765.5938811824049,16060.0
scanId=133861,2.230883333333,765.6098153151382,11250.0
scanId=133861,2.230883333333,765.6257495623883,7417.0
scanId=133861,2.230883333333,765.6416840267512,4896.0
scanId=133861,2.230883333333,765.6576186056312,3375.0
scanId=133861,2.230883333333,765.6735534016241,2412.0
scanId=133861,2.230883333333,765.689488312134,1680.0
scanId=133861,2.230883333333,765.7054234397565,1194.0
scanId=133861,2.230883333333,766.5342772353914,1849.0
scanId=133861,2.230883333333,766.5502210999158,3434.0
scanId=133861,2.230883333333,766.5661651815387,4790.0
scanId=133861,2.230883333333,766.5821093776931,5178.0
scanId=133861,2.230883333333,766.5980537909456,4363.0
scanId=133861,2.230883333333,766.6139983187302,3241.0
scanId=133861,2.230883333333,766.6299430636122,2344.0
scanId=133861,2.230883333333,766.6458879230273,1755.0
scanId=133861,2.230883333333,766.6618329995389,1375.0
scanId=133861,2.230883333333,767.5709749656565,1145.0
scanId=133861,2.230883333333,767.5869296594279,1050.0
scanId=133861,2.230883333333,769.5985445302977,1818.0
scanId=133861,2.230883333333,769.6145202313195,2695.0
scanId=133861,2.230883333333,769.6304961493883,2860.0
scanId=133861,2.230883333333,769.64647218204,2297.0
scanId=133861,2.230883333333,769.6624484317387,1610.0
scanId=133861,2.230883333333,769.6784247960206,1196.0
scanId=133861,2.230883333333,769.6944013773488,1003.0
scanId=133861,2.230883333333,770.6053391194929,1092.0
scanId=133861,2.230883333333,770.6213253180806,1881.0
scanId=133861,2.230883333333,770.6373116312691,2000.0
scanId=133861,2.230883333333,770.6532981614864,1580.0
scanId=133861,2.230883333333,770.6692848063051,1145.0
scanId=133861,2.230883333333,773.5816201404166,1141.0
scanId=133861,2.230883333333,773.5976371805614,1255.0
scanId=133861,2.230883333333,773.6136543353615,1078.0
scanId=133861,2.230883333333,780.5485846032185,1058.0
scanId=133861,2.230883333333,780.5646736069964,1071.0
scanId=133861,2.230883333333,785.6086720948564,1145.0
scanId=133861,2.230883333333,785.6248131644886,1003.0
scanId=133861,2.230883333333,792.5646150415665,1099.0
scanId=133861,2.230883333333,792.5808274115725,1941.0
scanId=133861,2.230883333333,792.5970398966681,2531.0
scanId=133861,2.230883333333,792.6132525983038,2478.0
scanId=133861,2.230883333333,792.62946541503,2149.0
scanId=133861,2.230883333333,792.6456784482955,1634.0
scanId=133861,2.230883333333,792.6618915966521,1133.0
scanId=133861,2.230883333333,793.5863166162229,1618.0
scanId=133861,2.230883333333,793.6025393818647,2054.0
scanId=133861,2.230883333333,793.6187623640194,1918.0
scanId=133861,2.230883333333,793.6349854612919,1515.0
scanId=133861,2.230883333333,793.651208775076,1155.0
scanId=133861,2.230883333333,796.7203874733372,1107.0
scanId=133861,2.230883333333,796.7366422919379,1101.0
scanId=133861,2.230883333333,801.6531764035996,2034.0
scanId=133861,2.230883333333,801.6694814136271,3630.0
scanId=133861,2.230883333333,801.6857866399339,4902.0
scanId=133861,2.230883333333,801.7020919815922,4978.0
scanId=133861,2.230883333333,801.7183975395287,3955.0
scanId=133861,2.230883333333,801.7347032128175,2739.0
scanId=133861,2.230883333333,801.7510091023835,1840.0
scanId=133861,2.230883333333,801.7673151073033,1189.0
scanId=133861,2.230883333333,802.6644021460035,1379.0
scanId=133861,2.230883333333,802.6807174365814,2074.0
scanId=133861,2.230883333333,802.6970329434071,2500.0
scanId=133861,2.230883333333,802.7133485656158,2209.0
scanId=133861,2.230883333333,802.7296644040712,1705.0
scanId=133861,2.230883333333,802.7459803579105,1241.0
scanId=133861,2.230883333333,803.6762652815618,1175.0
scanId=133861,2.230883333333,803.6925908526904,1402.0
scanId=133861,2.230883333333,803.7089166400352,1185.0
scanId=133861,2.230883333333,815.6709649599599,1336.0
scanId=133861,2.230883333333,815.6874119079486,2287.0
scanId=133861,2.230883333333,815.7038590717438,2876.0
scanId=133861,2.230883333333,815.7203063513633,2638.0
scanId=133861,2.230883333333,815.736753846788,2004.0
scanId=133861,2.230883333333,815.7532014580383,1440.0
scanId=133861,2.230883333333,815.7696492850926,1001.0
scanId=133861,2.230883333333,816.7074480699393,1162.0
scanId=133861,2.230883333333,816.7239055142533,1334.0
scanId=133861,2.230883333333,816.7403630744299,1181.0
scanId=133861,2.230883333333,817.6457856380945,1209.0
scanId=133861,2.230883333333,817.6622524839358,1598.0
scanId=133861,2.230883333333,817.6787195455095,1620.0
scanId=133861,2.230883333333,817.6951867229812,1339.0
scanId=133861,2.230883333333,817.7116541161847,1121.0
scanId=133861,2.230883333333,818.6670451841046,1147.0
scanId=133861,2.230883333333,818.6835223105033,1085.0
scanId=133861,2.230883333333,827.671673076318,1142.0
scanId=133861,2.230883333333,827.6882406216743,2047.0
scanId=133861,2.230883333333,827.7048082833286,2573.0
scanId=133861,2.230883333333,827.7213761603147,2440.0
scanId=133861,2.230883333333,827.7379441536002,1859.0
scanId=133861,2.230883333333,827.7545123622159,1292.0
scanId=133861,2.230883333333,828.6825952992906,1328.0
scanId=133861,2.230883333333,828.6991729098766,1944.0
scanId=133861,2.230883333333,828.715750735752,2198.0
scanId=133861,2.230883333333,828.732328677969,1816.0
scanId=133861,2.230883333333,828.7489068354739,1262.0
scanId=133861,2.230883333333,829.6941344710599,1579.0
scanId=133861,2.230883333333,829.7107222458245,2164.0
scanId=133861,2.230883333333,829.7273101369739,2184.0
scanId=133861,2.230883333333,829.7438982433681,1787.0
scanId=133861,2.230883333333,829.7604864661483,1232.0
scanId=133861,2.230883333333,830.689692966893,1044.0
scanId=133861,2.230883333333,831.6692409400066,1250.0
scanId=133861,2.230883333333,831.6858483973903,1333.0
scanId=133861,2.230883333333,831.7024560699336,1279.0
scanId=133861,2.230883333333,831.7190638589484,1119.0
scanId=133861,2.230883333333,832.665983356249,1103.0
scanId=133861,2.230883333333,832.682600762566,1339.0
scanId=133861,2.230883333333,832.6992183839988,1254.0
scanId=133861,2.230883333333,832.7158361219472,1096.0
scanId=133861,2.230883333333,839.6765814910216,1423.0
scanId=133861,2.230883333333,839.69326875468,1752.0
scanId=133861,2.230883333333,839.7099561351764,1690.0
scanId=133861,2.230883333333,839.7266437304643,1398.0
scanId=133861,2.230883333333,839.7433314425921,1138.0
scanId=133861,2.230883333333,839.7600193695096,1067.0
scanId=133861,2.230883333333,840.7115038761341,1233.0
scanId=133861,2.230883333333,840.7282014203114,1354.0
scanId=133861,2.230883333333,840.7448990813764,1232.0
scanId=133861,2.230883333333,841.713648551903,1138.0
scanId=133861,2.230883333333,841.7303560449698,1328.0
scanId=133861,2.230883333333,841.7470636549727,1403.0
scanId=133861,2.230883333333,841.7637714796692,1132.0
scanId=133861,2.230883333333,843.7030015316863,1007.0
scanId=133861,2.230883333333,843.7197287079356,1205.0
scanId=133861,2.230883333333,843.7364560987809,1160.0
scanId=133861,2.230883333333,852.7766376872391,1018.0
scanId=133861,2.230883333333,852.793454618089,1324.0
scanId=133861,2.230883333333,852.8102716664426,1248.0
scanId=133861,2.230883333333,853.7018138152349,1454.0
scanId=133861,2.230883333333,853.7186398176383,1752.0
scanId=133861,2.230883333333,853.7354660341182,1759.0
scanId=133861,2.230883333333,853.752292368153,1535.0
scanId=133861,2.230883333333,853.7691189162623,1289.0
scanId=133861,2.230883333333,853.7859455819289,1128.0
scanId=133861,2.230883333333,853.8027724616679,1020.0
scanId=133861,2.230883333333,855.6884295691442,1186.0
scanId=133861,2.230883333333,855.7052751378056,1368.0
scanId=133861,2.230883333333,855.7221209204346,1438.0
scanId=133861,2.230883333333,855.7389668207276,1324.0
scanId=133861,2.230883333333,855.7558129349862,1106.0
scanId=133861,2.230883333333,869.693351869766,1202.0
scanId=133861,2.230883333333,869.7103347339233,1458.0
scanId=133861,2.230883333333,869.7273178112255,1429.0
scanId=133861,2.230883333333,869.7443010070147,1261.0
scanId=133861,2.230883333333,869.7612844159462,1004.0
scanId=133861,2.230883333333,870.7126186322648,1088.0
scanId=133861,2.230883333333,870.7296114453753,1050.0
scanId=133861,2.230883333333,882.7166077085673,1053.0
scanId=133861,2.230883333333,882.7337172561013,1183.0
scanId=133861,2.230883333333,882.750827015928,1023.0
scanId=133861,2.230883333333,883.7777146534132,1038.0
scanId=133861,2.230883333333,883.7948344815395,1032.0
scanId=133861,2.230883333333,893.7006389416442,1391.0
scanId=133861,2.230883333333,893.7178546114499,1441.0
scanId=133861,2.230883333333,893.7350704927632,1194.0
scanId=133861,2.230883333333,895.7160001828735,1197.0
scanId=133861,2.230883333333,895.7332352987061,1270.0
scanId=133861,2.230883333333,895.750470534813,1105.0
scanId=133861,2.230883333333,903.7482066536896,1003.0
scanId=133861,2.230883333333,909.7654931539171,1133.0
scanId=133861,2.230883333333,909.782862911386,1253.0
scanId=133861,2.230883333333,909.8002327902387,1127.0
scanId=133861,2.230883333333,919.7105959999604,1135.0
scanId=133861,2.230883333333,919.7280603941095,1384.0
scanId=133861,2.230883333333,919.745524997657,1417.0
scanId=133861,2.230883333333,919.7629897234386,1130.0
scanId=133861,2.230883333333,925.7456589756672,1087.0
scanId=133861,2.230883333333,925.7631806195135,1195.0
scanId=133861,2.230883333333,925.7807023861337,1130.0
scanId=133861,2.230883333333,1430.351931403556,1009.0
scanId=133861,2.230883333333,1431.3539666273884,1132.0
scanId=133861,2.230883333333,1431.3757539395965,1111.0
scanId=133861,2.230883333333,1447.324704967818,1109.0
scanId=133861,2.230883333333,1447.3466134086143,1061.0
scanId=133861,2.230883333333,1543.9235697048691,1245.0
scanId=133861,2.230883333333,1543.9461974503665,1529.0
scanId=133861,2.230883333333,1543.9688254919145,1392.0
scanId=133861,2.230883333333,1543.991453569042,1036.0
scanId=133861,2.230883333333,1573.43404733086,1141.0
scanId=133861,2.230883333333,1574.3935979900307,1271.0
scanId=133861,2.230883333333,1574.4164479273911,1224.0
scanId=133861,2.230883333333,1577.3426181400248,1007.0
scanId=133861,2.230883333333,1577.3654896129192,1138.0
scanId=133861,2.230883333333,1577.3883611062067,1354.0
scanId=133861,2.230883333333,1577.411232910751,1488.0
scanId=133861,2.230883333333,1577.4341047356681,1295.0
scanId=133861,2.230883333333,1577.4569768718638,1046.0
scanId=133861,2.230883333333,1578.3491166137667,1329.0
scanId=133861,2.230883333333,1578.3719953829757,1582.0
scanId=133861,2.230883333333,1578.3948741721147,1557.0
scanId=133861,2.230883333333,1578.417753272974,1301.0
scanId=133861,2.230883333333,1578.4406323937433,1072.0
scanId=133861,2.230883333333,1579.35593611518,1263.0
scanId=133861,2.230883333333,1579.378822180703,1534.0
scanId=133861,2.230883333333,1579.4017082656949,1592.0
scanId=133861,2.230883333333,1579.4245946628691,1377.0
scanId=133861,2.230883333333,1579.4474810794907,1048.0
scanId=133861,2.230883333333,1580.3401835950588,1481.0
scanId=133861,2.230883333333,1580.3630766442725,2048.0
scanId=133861,2.230883333333,1580.3859700061116,2310.0
scanId=133861,2.230883333333,1580.4088633869555,2054.0
scanId=133861,2.230883333333,1580.4317570804453,1484.0
scanId=133861,2.230883333333,1580.4546507929183,1054.0
scanId=133861,2.230883333333,1591.4857839149065,1064.0
scanId=133861,2.230883333333,1593.3242048017617,1218.0
scanId=133861,2.230883333333,1593.3471917021657,1436.0
scanId=133861,2.230883333333,1593.3701789211848,1639.0
scanId=133861,2.230883333333,1593.3931661532183,1791.0
scanId=133861,2.230883333333,1593.4161537038879,1972.0
scanId=133861,2.230883333333,1593.4391412675511,1767.0
scanId=133861,2.230883333333,1593.462129149872,1333.0
scanId=133861,2.230883333333,1594.312794463186,1537.0
scanId=133861,2.230883333333,1594.3357886468746,1959.0
scanId=133861,2.230883333333,1594.3587828431307,2114.0
scanId=133861,2.230883333333,1594.3817773584703,2398.0
scanId=133861,2.230883333333,1594.4047718863555,2446.0
scanId=133861,2.230883333333,1594.4277667333458,2057.0
scanId=133861,2.230883333333,1594.4507615928615,1508.0
scanId=133861,2.230883333333,1594.4737567715022,1059.0
scanId=133861,2.230883333333,1595.3016908793006,1543.0
scanId=133861,2.230883333333,1595.3246920397794,2221.0
scanId=133861,2.230883333333,1595.3476935197884,2620.0
scanId=133861,2.230883333333,1595.3706950118967,2819.0
scanId=133861,2.230883333333,1595.3936968235566,2900.0
scanId=133861,2.230883333333,1595.4166986472947,2694.0
scanId=133861,2.230883333333,1595.439700790606,2211.0
scanId=133861,2.230883333333,1595.4627029459734,1698.0
scanId=133861,2.230883333333,1595.4857054209351,1153.0
scanId=133861,2.230883333333,1596.290893743171,1162.0
scanId=133861,2.230883333333,1596.3139021878499,1962.0
scanId=133861,2.230883333333,1596.3369106441808,2619.0
scanId=133861,2.230883333333,1596.3599194205112,2938.0
scanId=133861,2.230883333333,1596.3829282084712,3003.0
scanId=133861,2.230883333333,1596.4059373164525,2765.0
scanId=133861,2.230883333333,1596.428946436043,2374.0
scanId=133861,2.230883333333,1596.4519558756754,1966.0
scanId=133861,2.230883333333,1596.4749653268946,1475.0
scanId=133861,2.230883333333,1596.497975098178,1067.0
scanId=133861,2.230883333333,1597.3034187832147,1015.0
scanId=133861,2.230883333333,1597.3264345242155,1613.0
scanId=133861,2.230883333333,1597.3494502763988,2103.0
scanId=133861,2.230883333333,1597.37246634905,2357.0
scanId=133861,2.230883333333,1597.3954824328628,2415.0
scanId=133861,2.230883333333,1597.4184988371655,2155.0
scanId=133861,2.230883333333,1597.441515252608,1732.0
scanId=133861,2.230883333333,1597.4645319885612,1230.0
scanId=133861,2.230883333333,1598.3162648510825,1206.0
scanId=133861,2.230883333333,1598.339287888405,1455.0
scanId=133861,2.230883333333,1598.3623109364403,1582.0
scanId=133861,2.230883333333,1598.3853343054134,1639.0
scanId=133861,2.230883333333,1598.4083576850785,1450.0
scanId=133861,2.230883333333,1598.431381385703,1102.0
scanId=133861,2.230883333333,1599.3754926243125,1064.0
scanId=133861,2.230883333333,1599.3985232896084,1093.0
scanId=133861,2.230883333333,1599.4215539651257,1006.0
scanId=133861,2.230883333333,1610.3567982436919,1029.0
scanId=133861,2.230883333333,1610.3799078419481,1315.0
scanId=133861,2.230883333333,1610.4030174453205,1264.0
scanId=133861,2.230883333333,1611.327540766872,1000.0
scanId=133861,2.230883333333,1611.3506573298032,1284.0
scanId=133861,2.230883333333,1611.3737738973987,1392.0
scanId=133861,2.230883333333,1611.3968907919802,1322.0
scanId=133861,2.230883333333,1611.4200076912052,1153.0
scanId=133861,2.230883333333,1612.3448228563236,1183.0
scanId=133861,2.230883333333,1612.367946715581,1230.0
scanId=133861,2.230883333333,1612.391070579028,1176.0
scanId=133861,2.230883333333,1612.4141947699368,1141.0
scanId=133861,2.230883333333,1613.3855571292893,1035.0
scanId=133861,2.230883333333,1613.4086882885883,1076.0
scanId=133861,2.230883333333,1759.4301809846959,1225.0
scanId=133861,2.230883333333,1759.4543366124003,1310.0
scanId=133861,2.230883333333,1759.478492175675,1073.0
scanId=133861,2.230883333333,1760.4448552843187,1044.0
scanId=133861,2.230883333333,1776.4281510666117,1014.0
scanId=133861,2.230883333333,1968.4669593421509,1053.0
scanId=133861,2.230883333333,1983.416516935163,1100.0
scanId=133861,2.230883333333,1983.4421638369533,1305.0
scanId=133861,2.230883333333,1983.467811219698,1251.0
scanId=133861,2.230883333333,1983.493458453118,1163.0
scanId=133861,2.230883333333,1984.4168749636856,1239.0
scanId=133861,2.230883333333,1984.442528647645,1268.0
scanId=133861,2.230883333333,1984.4681821820284,1203.0
scanId=133861,2.230883333333,1984.4938361976315,1082.0
scanId=133861,2.230883333333,1985.4688056691411,1005.0
scanId=134859,2.247516666667,102.12221174818875,1275.0
scanId=134859,2.247516666667,102.12803134254987,1379.0
scanId=134859,2.247516666667,102.13385110272583,1023.0
scanId=134859,2.247516666667,118.11361684591603,1266.0
scanId=134859,2.247516666667,118.11987549910988,2039.0
scanId=134859,2.247516666667,118.12613433693646,1740.0
scanId=134859,2.247516666667,118.13239332175893,1175.0
scanId=134859,2.247516666667,121.09881089828049,1204.0
scanId=134859,2.247516666667,121.10514814745602,1010.0
scanId=134859,2.247516666667,126.09224881218229,1254.0
scanId=134859,2.247516666667,126.09871539651508,1987.0
scanId=134859,2.247516666667,126.10518216612937,1937.0
scanId=134859,2.247516666667,126.11164908209079,1384.0
scanId=134859,2.247516666667,130.14649425356095,2638.0
scanId=134859,2.247516666667,130.1530639743887,6021.0
scanId=134859,2.247516666667,130.15963388082272,6362.0
scanId=134859,2.247516666667,130.16620393327906,4729.0
scanId=134859,2.247516666667,130.17277417134272,3120.0
scanId=134859,2.247516666667,130.1793445554277,2064.0
scanId=134859,2.247516666667,130.185915125121,1415.0
scanId=134859,2.247516666667,131.16018624633696,1113.0
scanId=134859,2.247516666667,134.993209214302,1089.0
scanId=134859,2.247516666667,134.99990016555662,1638.0
scanId=134859,2.247516666667,135.00659126244972,1620.0
scanId=134859,2.247516666667,135.01328254533396,1216.0
scanId=134859,2.247516666667,138.11561705219228,2170.0
scanId=134859,2.247516666667,138.12238494152464,4541.0
scanId=134859,2.247516666667,138.1291529762499,4736.0
scanId=134859,2.247516666667,138.13592119721193,3501.0
scanId=134859,2.247516666667,138.14268956356577,2296.0
scanId=134859,2.247516666667,138.14945811615743,1537.0
scanId=134859,2.247516666667,138.1562268141399,1024.0
scanId=134859,2.247516666667,164.91207870362695,1561.0
scanId=134859,2.247516666667,164.91947403624857,2179.0
scanId=134859,2.247516666667,164.92686951221125,2160.0
scanId=134859,2.247516666667,164.93426517646253,1765.0
scanId=134859,2.247516666667,164.94166098405378,1332.0
scanId=134859,2.247516666667,178.93864129347966,1082.0
scanId=134859,2.247516666667,178.94634471004196,1348.0
scanId=134859,2.247516666667,178.95404826890257,1077.0
scanId=134859,2.247516666667,186.90590446708714,1494.0
scanId=134859,2.247516666667,186.91377748811212,1415.0
scanId=134859,2.247516666667,186.9216506990529,1048.0
scanId=134859,2.247516666667,215.11350539269756,2133.0
scanId=134859,2.247516666667,215.1219516596657,2679.0
scanId=134859,2.247516666667,215.13039806630889,2193.0
scanId=134859,2.247516666667,215.13884466490669,1505.0
scanId=134859,2.247516666667,215.1472914031783,1011.0
scanId=134859,2.247516666667,217.10293414220214,1160.0
scanId=134859,2.247516666667,219.16971810886994,1086.0
scanId=134859,2.247516666667,230.23557986303058,1035.0
scanId=134859,2.247516666667,230.24431796408678,1336.0
scanId=134859,2.247516666667,230.2530562037418,1094.0
scanId=134859,2.247516666667,231.10145490025917,1981.0
scanId=134859,2.247516666667,231.11020938970614,4631.0
scanId=134859,2.247516666667,231.1189640722446,5374.0
scanId=134859,2.247516666667,231.12771889332,4085.0
scanId=134859,2.247516666667,231.13647390748804,2760.0
scanId=134859,2.247516666667,231.14522906019184,1875.0
scanId=134859,2.247516666667,231.15398440598958,1385.0
scanId=134859,2.247516666667,231.16273989032177,1085.0
scanId=134859,2.247516666667,232.11808324097103,1032.0
scanId=134859,2.247516666667,232.12685696486545,1001.0
scanId=134859,2.247516666667,243.1069350193734,1397.0
scanId=134859,2.247516666667,243.11591402124293,1662.0
scanId=134859,2.247516666667,243.12489321705135,1368.0
scanId=134859,2.247516666667,245.12237597119076,1169.0
scanId=134859,2.247516666667,245.1313921154388,1830.0
scanId=134859,2.247516666667,245.14040845376755,1735.0
scanId=134859,2.247516666667,245.14942492964394,1265.0
scanId=134859,2.247516666667,257.1218804974847,1085.0
scanId=134859,2.247516666667,257.13111471649046,1320.0
scanId=134859,2.247516666667,257.1403490722034,1102.0
scanId=134859,2.247516666667,259.12958890681983,3269.0
scanId=134859,2.247516666667,259.1388590783948,9811.0
scanId=134859,2.247516666667,259.1481294450319,13494.0
scanId=134859,2.247516666667,259.1573999482351,11230.0
scanId=134859,2.247516666667,259.1666706465019,7666.0
scanId=134859,2.247516666667,259.1759414813335,5153.0
scanId=134859,2.247516666667,259.18521251123,3525.0
scanId=134859,2.247516666667,259.19448367768985,2360.0
scanId=134859,2.247516666667,259.203755039216,1603.0
scanId=134859,2.247516666667,259.21302653730424,1104.0
scanId=134859,2.247516666667,260.141015171967,1450.0
scanId=134859,2.247516666667,260.15030344660494,2212.0
scanId=134859,2.247516666667,260.159591857739,2076.0
scanId=134859,2.247516666667,260.16888046400675,1474.0
scanId=134859,2.247516666667,260.1781692067691,1004.0
scanId=134859,2.247516666667,261.1078823122158,1519.0
scanId=134859,2.247516666667,261.1171878315953,3800.0
scanId=134859,2.247516666667,261.12649348740354,5139.0
scanId=134859,2.247516666667,261.1357993384127,4674.0
scanId=134859,2.247516666667,261.14510532584916,3728.0
scanId=134859,2.247516666667,261.15441150848807,2813.0
scanId=134859,2.247516666667,261.1637178275529,1963.0
scanId=134859,2.247516666667,261.1730243418215,1413.0
scanId=134859,2.247516666667,261.1823309925146,1088.0
scanId=134859,2.247516666667,262.1324818856589,1182.0
scanId=134859,2.247516666667,262.1418056446689,1065.0
scanId=134859,2.247516666667,266.16638088615343,1046.0
scanId=134859,2.247516666667,271.13115635595557,2329.0
scanId=134859,2.247516666667,271.1406387696674,5878.0
scanId=134859,2.247516666667,271.15012137927766,7289.0
scanId=134859,2.247516666667,271.15960412461783,5871.0
scanId=134859,2.247516666667,271.1690870658577,4047.0
scanId=134859,2.247516666667,271.17857014282623,2743.0
scanId=134859,2.247516666667,271.1880534156957,1848.0
scanId=134859,2.247516666667,271.19753682429257,1268.0
scanId=134859,2.247516666667,272.1467165515238,1052.0
scanId=134859,2.247516666667,272.15621673750525,1075.0
scanId=134859,2.247516666667,273.1356224279838,2348.0
scanId=134859,2.247516666667,273.14513985870684,15299.0
scanId=134859,2.247516666667,273.1546574250211,41470.0
scanId=134859,2.247516666667,273.1641751873738,55973.0
scanId=134859,2.247516666667,273.1736930853165,48206.0
scanId=134859,2.247516666667,273.1832111792988,33578.0
scanId=134859,2.247516666667,273.1927294088698,22257.0
scanId=134859,2.247516666667,273.20224783448174,14803.0
scanId=134859,2.247516666667,273.211766395681,9983.0
scanId=134859,2.247516666667,273.22128515292263,6689.0
scanId=134859,2.247516666667,273.2308040457503,4336.0
scanId=134859,2.247516666667,273.2403231346215,2715.0
scanId=134859,2.247516666667,273.2498423590774,1655.0
scanId=134859,2.247516666667,273.2593617795784,1115.0
scanId=134859,2.247516666667,274.1453912404443,1365.0
scanId=134859,2.247516666667,274.15492624753864,3930.0
scanId=134859,2.247516666667,274.164461390154,6390.0
scanId=134859,2.247516666667,274.17399672887785,6117.0
scanId=134859,2.247516666667,274.1835322031217,4338.0
scanId=134859,2.247516666667,274.1930678734752,2840.0
scanId=134859,2.247516666667,274.2026036793473,1856.0
scanId=134859,2.247516666667,274.2121396813304,1226.0
scanId=134859,2.247516666667,274.2598220875718,1756.0
scanId=134859,2.247516666667,274.26935908444403,2289.0
scanId=134859,2.247516666667,274.27889621682937,1891.0
scanId=134859,2.247516666667,274.2884335453312,1306.0
scanId=134859,2.247516666667,275.12836644975164,1117.0
scanId=134859,2.247516666667,275.1379185054114,1544.0
scanId=134859,2.247516666667,275.1474707572473,1586.0
scanId=134859,2.247516666667,275.1570231445353,1726.0
scanId=134859,2.247516666667,275.16657572800085,1865.0
scanId=134859,2.247516666667,275.17612844691723,1589.0
scanId=134859,2.247516666667,275.1856813620124,1144.0
scanId=134859,2.247516666667,287.13934138476566,1235.0
scanId=134859,2.247516666667,287.14909971323385,1144.0
scanId=134859,2.247516666667,287.27597329078634,1887.0
scanId=134859,2.247516666667,287.28573394065256,2251.0
scanId=134859,2.247516666667,287.29549478753535,1873.0
scanId=134859,2.247516666667,287.30525576902994,1321.0
scanId=134859,2.247516666667,288.2724152788637,1328.0
scanId=134859,2.247516666667,288.282192841773,2354.0
scanId=134859,2.247516666667,288.2919706017678,2579.0
scanId=134859,2.247516666667,288.30174849630544,2047.0
scanId=134859,2.247516666667,288.3115265879298,1436.0
scanId=134859,2.247516666667,288.32130481409575,1009.0
scanId=134859,2.247516666667,289.1432690832107,1265.0
scanId=134859,2.247516666667,289.15306143490994,1928.0
scanId=134859,2.247516666667,289.16285392109256,1905.0
scanId=134859,2.247516666667,289.1726466044213,1438.0
scanId=134859,2.247516666667,291.15416516672155,1245.0
scanId=134859,2.247516666667,291.1639914789901,1395.0
scanId=134859,2.247516666667,291.1738179885427,1172.0
scanId=134859,2.247516666667,293.0832941701647,1213.0
scanId=134859,2.247516666667,293.0931529820057,1055.0
scanId=134859,2.247516666667,299.15785864779906,1607.0
scanId=134859,2.247516666667,299.16781913572856,2206.0
scanId=134859,2.247516666667,299.1777797574522,2046.0
scanId=134859,2.247516666667,299.1877405770113,1531.0
scanId=134859,2.247516666667,299.19770153036325,1133.0
scanId=134859,2.247516666667,301.1432592869032,1123.0
scanId=134859,2.247516666667,301.15325273982614,1541.0
scanId=134859,2.247516666667,301.1632463907202,1660.0
scanId=134859,2.247516666667,301.1732401752715,1520.0
scanId=134859,2.247516666667,301.183234157795,1498.0
scanId=134859,2.247516666667,301.1932282739746,1581.0
scanId=134859,2.247516666667,301.2032225881278,1869.0
scanId=134859,2.247516666667,301.21321703593577,1949.0
scanId=134859,2.247516666667,301.2232116817186,1537.0
scanId=134859,2.247516666667,301.23320646115485,1022.0
scanId=134859,2.247516666667,303.1352263130716,1147.0
scanId=134859,2.247516666667,303.1452527953004,1052.0
scanId=134859,2.247516666667,303.15527941105074,1024.0
scanId=134859,2.247516666667,303.1653062249092,1423.0
scanId=134859,2.247516666667,303.1753331722879,1615.0
scanId=134859,2.247516666667,303.185360317776,1295.0
scanId=134859,2.247516666667,303.2655833218221,1951.0
scanId=134859,2.247516666667,303.2756119273419,2905.0
scanId=134859,2.247516666667,303.28564073097834,2730.0
scanId=134859,2.247516666667,303.29566966812655,1976.0
scanId=134859,2.247516666667,303.3056988033926,1324.0
scanId=134859,2.247516666667,304.24917636179003,1010.0
scanId=134859,2.247516666667,304.2592212170952,1098.0
scanId=134859,2.247516666667,304.2692662705842,1317.0
scanId=134859,2.247516666667,304.2793114575177,2031.0
scanId=134859,2.247516666667,304.28935684263627,2675.0
scanId=134859,2.247516666667,304.299402361198,2576.0
scanId=134859,2.247516666667,304.3094480779463,1948.0
scanId=134859,2.247516666667,304.3194939281362,1307.0
scanId=134859,2.247516666667,305.1136413618356,1291.0
scanId=134859,2.247516666667,305.1237004771564,1346.0
scanId=134859,2.247516666667,305.13375979072003,2464.0
scanId=134859,2.247516666667,305.1438192376691,5237.0
scanId=134859,2.247516666667,305.15387888286244,6558.0
scanId=134859,2.247516666667,305.1639386614398,5410.0
scanId=134859,2.247516666667,305.17399863826273,3668.0
scanId=134859,2.247516666667,305.1840587484683,2461.0
scanId=134859,2.247516666667,305.194119056921,1802.0
scanId=134859,2.247516666667,305.2041794987547,1274.0
scanId=134859,2.247516666667,307.09849147226055,1378.0
scanId=134859,2.247516666667,307.1085832855295,1275.0
scanId=134859,2.247516666667,315.1635801590639,1025.0
scanId=134859,2.247516666667,315.17380362930226,1066.0
scanId=134859,2.247516666667,317.17054579507493,1240.0
scanId=134859,2.247516666667,317.18080176501854,2032.0
scanId=134859,2.247516666667,317.1910578675245,2461.0
scanId=134859,2.247516666667,317.20131416909777,2080.0
scanId=134859,2.247516666667,317.211570603232,1471.0
scanId=134859,2.247516666667,317.2218272364349,1264.0
scanId=134859,2.247516666667,317.23208400219744,1094.0
scanId=134859,2.247516666667,318.19696190847503,1298.0
scanId=134859,2.247516666667,318.20723445990075,1523.0
scanId=134859,2.247516666667,318.2175071438194,1702.0
scanId=134859,2.247516666667,318.22778002687477,1894.0
scanId=134859,2.247516666667,318.23805304242154,1777.0
scanId=134859,2.247516666667,318.24832625710656,1363.0
scanId=134859,2.247516666667,318.2585996042816,1047.0
scanId=134859,2.247516666667,320.24446305435225,1368.0
scanId=134859,2.247516666667,320.25476856946716,1490.0
scanId=134859,2.247516666667,320.2650742838574,1168.0
scanId=134859,2.247516666667,321.1519845945424,1032.0
scanId=134859,2.247516666667,323.0847313552304,1464.0
scanId=134859,2.247516666667,323.09508250288224,1781.0
scanId=134859,2.247516666667,323.10543378269443,1571.0
scanId=134859,2.247516666667,323.11578526197593,1230.0
scanId=134859,2.247516666667,323.1261368734163,1055.0
scanId=134859,2.247516666667,325.2517218578512,1238.0
scanId=134859,2.247516666667,325.26210762700026,1412.0
scanId=134859,2.247516666667,325.27249359576473,1197.0
scanId=134859,2.247516666667,329.1789154478874,1294.0
scanId=134859,2.247516666667,329.18936376302537,1370.0
scanId=134859,2.247516666667,329.1998122099106,1212.0
scanId=134859,2.247516666667,329.2102608566782,1348.0
scanId=134859,2.247516666667,329.22070963519167,1552.0
scanId=134859,2.247516666667,329.23115861358895,1908.0
scanId=134859,2.247516666667,329.24160772373057,2089.0
scanId=134859,2.247516666667,329.2520570337575,1643.0
scanId=134859,2.247516666667,329.26250647552746,1073.0
scanId=134859,2.247516666667,331.1775491064618,1887.0
scanId=134859,2.247516666667,331.18802905802903,4194.0
scanId=134859,2.247516666667,331.19850920961284,6419.0
scanId=134859,2.247516666667,331.2089894928083,6823.0
scanId=134859,2.247516666667,331.2194699760218,5558.0
scanId=134859,2.247516666667,331.22995059084536,3837.0
scanId=134859,2.247516666667,331.2404314056886,2498.0
scanId=134859,2.247516666667,331.25091235214035,1628.0
scanId=134859,2.247516666667,331.26139349861324,1097.0
scanId=134859,2.247516666667,332.1948780823145,1165.0
scanId=134859,2.247516666667,332.20537415212146,1934.0
scanId=134859,2.247516666667,332.21587035347176,1867.0
scanId=134859,2.247516666667,332.2263667549083,1319.0
scanId=134859,2.247516666667,333.16120902744274,1115.0
scanId=134859,2.247516666667,333.17172035221336,1255.0
scanId=134859,2.247516666667,333.182231808462,1340.0
scanId=134859,2.247516666667,333.1927434648622,1251.0
scanId=134859,2.247516666667,333.2032552527392,1076.0
scanId=134859,2.247516666667,334.2236884755526,1055.0
scanId=134859,2.247516666667,334.2342165132126,1309.0
scanId=134859,2.247516666667,334.2447447510951,1080.0
scanId=134859,2.247516666667,337.10400379566545,1381.0
scanId=134859,2.247516666667,337.11457713517973,1251.0
scanId=134859,2.247516666667,339.1901495031172,1501.0
scanId=134859,2.247516666667,339.2007554734092,2076.0
scanId=134859,2.247516666667,339.21136164425843,1965.0
scanId=134859,2.247516666667,339.22196794617867,1510.0
scanId=134859,2.247516666667,339.23257444865743,1269.0
scanId=134859,2.247516666667,339.243181082206,1291.0
scanId=134859,2.247516666667,339.25378791631437,1147.0
scanId=134859,2.247516666667,340.1984586753227,1308.0
scanId=134859,2.247516666667,340.2090804327651,1436.0
scanId=134859,2.247516666667,340.2197023212117,1070.0
scanId=134859,2.247516666667,341.1657160463874,1036.0
scanId=134859,2.247516666667,341.17635285810366,1164.0
scanId=134859,2.247516666667,341.1869898705098,1131.0
scanId=134859,2.247516666667,345.14475717919805,1336.0
scanId=134859,2.247516666667,345.15545587471826,1360.0
scanId=134859,2.247516666667,345.16615470091045,1159.0
scanId=134859,2.247516666667,345.1768537280603,1125.0
scanId=134859,2.247516666667,345.18755288588073,1171.0
scanId=134859,2.247516666667,345.1982522446602,1069.0
scanId=134859,2.247516666667,347.19121338853694,1282.0
scanId=134859,2.247516666667,347.201943719409,1503.0
scanId=134859,2.247516666667,347.2126742513751,1359.0
scanId=134859,2.247516666667,347.22340491387547,1156.0
scanId=134859,2.247516666667,349.1468679477301,1113.0
scanId=134859,2.247516666667,349.15762845676915,2213.0
scanId=134859,2.247516666667,349.168389167033,4434.0
scanId=134859,2.247516666667,349.17915000770023,6250.0
scanId=134859,2.247516666667,349.1899110495938,5833.0
scanId=134859,2.247516666667,349.20067222188925,4342.0
scanId=134859,2.247516666667,349.2114335954124,3032.0
scanId=134859,2.247516666667,349.2221950993361,2130.0
scanId=134859,2.247516666667,349.2329568044889,1523.0
scanId=134859,2.247516666667,349.2437186400406,1170.0
scanId=134859,2.247516666667,353.09629631314453,1141.0
scanId=134859,2.247516666667,353.1071175101448,1321.0
scanId=134859,2.247516666667,353.1179389086339,1075.0
scanId=134859,2.247516666667,357.1332304254146,1959.0
scanId=134859,2.247516666667,357.1441133052602,2410.0
scanId=134859,2.247516666667,357.1549963868633,2043.0
scanId=134859,2.247516666667,357.165879598337,1490.0
scanId=134859,2.247516666667,357.1767630115698,1032.0
scanId=134859,2.247516666667,357.2094141742643,1151.0
scanId=134859,2.247516666667,357.2202982507563,1122.0
scanId=134859,2.247516666667,362.22262597589275,1376.0
scanId=134859,2.247516666667,362.2335861251078,1727.0
scanId=134859,2.247516666667,362.2445464764183,1718.0
scanId=134859,2.247516666667,362.2555069572616,1522.0
scanId=134859,2.247516666667,362.2664676402017,1226.0
scanId=134859,2.247516666667,363.14385806296474,1132.0
scanId=134859,2.247516666667,363.15483214056377,1617.0
scanId=134859,2.247516666667,363.1658064203195,1607.0
scanId=134859,2.247516666667,363.1767808295467,1559.0
scanId=134859,2.247516666667,363.18775544093194,1457.0
scanId=134859,2.247516666667,363.19873018178754,1192.0
scanId=134859,2.247516666667,368.4083791868617,1876.0
scanId=134859,2.247516666667,368.41943252359806,3054.0
scanId=134859,2.247516666667,368.43048606283907,2975.0
scanId=134859,2.247516666667,368.4415397312036,2067.0
scanId=134859,2.247516666667,368.4525936020743,1341.0
scanId=134859,2.247516666667,371.14359548259387,1260.0
scanId=134859,2.247516666667,371.1546898122812,1882.0
scanId=134859,2.247516666667,371.16578427091275,1894.0
scanId=134859,2.247516666667,371.1768789322297,1570.0
scanId=134859,2.247516666667,371.1879737224894,1206.0
scanId=134859,2.247516666667,379.1856327146218,1148.0
scanId=134859,2.247516666667,379.19684655939886,1414.0
scanId=134859,2.247516666667,379.2080606073881,1347.0
scanId=134859,2.247516666667,379.2192747837935,1373.0
scanId=134859,2.247516666667,379.23048916341236,1546.0
scanId=134859,2.247516666667,379.241703671446,1454.0
scanId=134859,2.247516666667,379.2529183826945,1222.0
scanId=134859,2.247516666667,379.26413322235624,1088.0
scanId=134859,2.247516666667,385.16352678263723,1131.0
scanId=134859,2.247516666667,385.1748287124827,1324.0
scanId=134859,2.247516666667,385.18613077035496,1168.0
scanId=134859,2.247516666667,387.1778790071367,1334.0
scanId=134859,2.247516666667,387.18921045202063,1488.0
scanId=134859,2.247516666667,387.2005420248005,1321.0
scanId=134859,2.247516666667,387.211873801314,1050.0
scanId=134859,2.247516666667,389.18612414076966,1056.0
scanId=134859,2.247516666667,389.26565302943123,1115.0
scanId=134859,2.247516666667,389.2770149842424,1348.0
scanId=134859,2.247516666667,389.28837706681435,1341.0
scanId=134859,2.247516666667,389.2997393532552,1062.0
scanId=134859,2.247516666667,391.1995640374078,1195.0
scanId=134859,2.247516666667,391.21095418073884,1284.0
scanId=134859,2.247516666667,391.2223444517054,1252.0
scanId=134859,2.247516666667,391.23373492666616,1033.0
scanId=134859,2.247516666667,393.1839413288022,1813.0
scanId=134859,2.247516666667,393.1953603239123,3402.0
scanId=134859,2.247516666667,393.20677944653,3942.0
scanId=134859,2.247516666667,393.2181987732698,3400.0
scanId=134859,2.247516666667,393.2296182275157,2787.0
scanId=134859,2.247516666667,393.24103788588513,2457.0
scanId=134859,2.247516666667,393.252457671759,1992.0
scanId=134859,2.247516666667,393.2638776617582,1409.0
scanId=134859,2.247516666667,393.27529777926026,1002.0
scanId=134859,2.247516666667,393.29813855001936,1073.0
scanId=134859,2.247516666667,397.23661907037797,1080.0
scanId=134859,2.247516666667,397.2480967639354,1085.0
scanId=134859,2.247516666667,399.3973365202538,1091.0
scanId=134859,2.247516666667,399.40884538699805,1637.0
scanId=134859,2.247516666667,399.42035438084974,1650.0
scanId=134859,2.247516666667,399.43186357922366,1322.0
scanId=134859,2.247516666667,400.3646577302632,1246.0
scanId=134859,2.247516666667,400.3761805254524,1336.0
scanId=134859,2.247516666667,400.3877034476874,1335.0
scanId=134859,2.247516666667,400.39922657450626,1357.0
scanId=134859,2.247516666667,400.41074982836926,1348.0
scanId=134859,2.247516666667,400.42227328681787,1109.0
scanId=134859,2.247516666667,401.2062561438138,1387.0
scanId=134859,2.247516666667,401.2177910046629,1529.0
scanId=134859,2.247516666667,401.229326070149,1196.0
scanId=134859,2.247516666667,402.3259115417175,1096.0
scanId=134859,2.247516666667,402.3374625254267,3346.0
scanId=134859,2.247516666667,402.34901363605593,5495.0
scanId=134859,2.247516666667,402.3605649513947,5507.0
scanId=134859,2.247516666667,402.3721163936522,4220.0
scanId=134859,2.247516666667,402.38366804062053,2997.0
scanId=134859,2.247516666667,402.3952198145063,2105.0
scanId=134859,2.247516666667,402.40677179310427,1396.0
scanId=134859,2.247516666667,403.34303113450034,1046.0
scanId=134859,2.247516666667,403.35459670991395,1742.0
scanId=134859,2.247516666667,403.36616241218263,1632.0
scanId=134859,2.247516666667,403.37772831922587,1109.0
scanId=134859,2.247516666667,407.2035271714473,1015.0
scanId=134859,2.247516666667,407.2151479239918,1053.0
scanId=134859,2.247516666667,409.1348461768291,3917.0
scanId=134859,2.247516666667,409.1464944545116,9239.0
scanId=134859,2.247516666667,409.15814293733655,12470.0
scanId=134859,2.247516666667,409.1697915466472,11165.0
scanId=134859,2.247516666667,409.18144036110186,8063.0
scanId=134859,2.247516666667,409.1930893020407,5573.0
scanId=134859,2.247516666667,409.20473844812483,3905.0
scanId=134859,2.247516666667,409.21638772069196,2935.0
scanId=134859,2.247516666667,409.22803719840573,2276.0
scanId=134859,2.247516666667,409.23968680260106,1691.0
scanId=134859,2.247516666667,409.25133661194445,1242.0
scanId=134859,2.247516666667,410.14886833814836,2171.0
scanId=134859,2.247516666667,410.1605310810481,3031.0
scanId=134859,2.247516666667,410.17219395036994,2745.0
scanId=134859,2.247516666667,410.18385702489934,2011.0
scanId=134859,2.247516666667,410.1955202258494,1402.0
scanId=134859,2.247516666667,411.1641455884558,1225.0
scanId=134859,2.247516666667,411.1758227177889,1132.0
scanId=134859,2.247516666667,411.18750005239303,1036.0
scanId=134859,2.247516666667,415.3786341805138,2809.0
scanId=134859,2.247516666667,415.390371002917,6293.0
scanId=134859,2.247516666667,415.4021080308573,8761.0
scanId=134859,2.247516666667,415.41384518488866,8171.0
scanId=134859,2.247516666667,415.4255825444586,6143.0
scanId=134859,2.247516666667,415.43732003011814,4125.0
scanId=134859,2.247516666667,415.4490577213176,2676.0
scanId=134859,2.247516666667,415.46079553860545,1775.0
scanId=134859,2.247516666667,415.4725335614346,1228.0
scanId=134859,2.247516666667,416.38860866708904,1663.0
scanId=134859,2.247516666667,416.4003597495034,2551.0
scanId=134859,2.247516666667,416.4121110375185,2461.0
scanId=134859,2.247516666667,416.42386245156104,1870.0
scanId=134859,2.247516666667,416.43561407120575,1321.0
scanId=134859,2.247516666667,419.2372107407742,1173.0
scanId=134859,2.247516666667,419.24900195019694,1152.0
scanId=134859,2.247516666667,425.1060159080373,1581.0
scanId=134859,2.247516666667,425.1178893612456,3367.0
scanId=134859,2.247516666667,425.12976302059985,4458.0
scanId=134859,2.247516666667,425.14163680543635,3983.0
scanId=134859,2.247516666667,425.1535107964201,2908.0
scanId=134859,2.247516666667,425.165384912885,2072.0
scanId=134859,2.247516666667,425.1772592354984,1537.0
scanId=134859,2.247516666667,425.18913368359136,1331.0
scanId=134859,2.247516666667,425.2010083378344,1487.0
scanId=134859,2.247516666667,425.2128831175555,1712.0
scanId=134859,2.247516666667,425.22475810342826,1497.0
scanId=134859,2.247516666667,425.23663321477756,1183.0
scanId=134859,2.247516666667,425.2485085322799,1009.0
scanId=134859,2.247516666667,429.2957218893937,1041.0
scanId=134859,2.247516666667,429.3076537091598,1473.0
scanId=134859,2.247516666667,429.31958573533166,1544.0
scanId=134859,2.247516666667,429.3315178867259,1302.0
scanId=134859,2.247516666667,429.34345024452745,1039.0
scanId=134859,2.247516666667,429.35538272754985,1030.0
scanId=134859,2.247516666667,429.36731541698106,1204.0
scanId=134859,2.247516666667,429.37924823163166,1256.0
scanId=134859,2.247516666667,429.3911812526923,1019.0
scanId=134859,2.247516666667,430.35830496396284,1144.0
scanId=134859,2.247516666667,430.3702515818391,2383.0
scanId=134859,2.247516666667,430.38219832487283,3215.0
scanId=134859,2.247516666667,430.3941452743788,2886.0
scanId=134859,2.247516666667,430.4060923490407,2103.0
scanId=134859,2.247516666667,430.4180396301762,1426.0
scanId=134859,2.247516666667,431.38631840490103,1059.0
scanId=134859,2.247516666667,431.3982792828519,1224.0
scanId=134859,2.247516666667,431.410240285897,1041.0
scanId=134859,2.247516666667,437.21883725653913,1515.0
scanId=134859,2.247516666667,437.230878720494,1934.0
scanId=134859,2.247516666667,437.2429203091848,1683.0
scanId=134859,2.247516666667,437.25496210476933,1352.0
scanId=134859,2.247516666667,437.26700402508834,1054.0
scanId=134859,2.247516666667,437.3633455212806,1231.0
scanId=134859,2.247516666667,437.3753889750132,2507.0
scanId=134859,2.247516666667,437.3874325534732,3112.0
scanId=134859,2.247516666667,437.3994763388355,2500.0
scanId=134859,2.247516666667,437.4115202489235,1672.0
scanId=134859,2.247516666667,437.4235643659156,1125.0
scanId=134859,2.247516666667,438.3755719383517,1047.0
scanId=134859,2.247516666667,438.3876293205294,1391.0
scanId=134859,2.247516666667,438.39968682737265,1302.0
scanId=134859,2.247516666667,443.30874271505814,1045.0
scanId=134859,2.247516666667,443.32086774968366,1876.0
scanId=134859,2.247516666667,443.33299290867456,1916.0
scanId=134859,2.247516666667,443.3451182749296,1393.0
scanId=134859,2.247516666667,449.2576588511555,1025.0
scanId=134859,2.247516666667,473.3245253201657,1005.0
scanId=134859,2.247516666667,473.3370540706641,1315.0
scanId=134859,2.247516666667,473.34958303019766,1244.0
scanId=134859,2.247516666667,475.2935730834935,1094.0
scanId=134859,2.247516666667,475.3061279101395,1938.0
scanId=134859,2.247516666667,475.3186828592664,2491.0
scanId=134859,2.247516666667,475.331238017542,2393.0
scanId=134859,2.247516666667,475.3437932982971,1795.0
scanId=134859,2.247516666667,475.3563487882023,1284.0
scanId=134859,2.247516666667,476.31104954736645,1298.0
scanId=134859,2.247516666667,476.3236177616217,1498.0
scanId=134859,2.247516666667,476.33618618508325,1245.0
scanId=134859,2.247516666667,481.2378723063076,1235.0
scanId=134859,2.247516666667,481.25050539755006,2366.0
scanId=134859,2.247516666667,481.2631386109355,2912.0
scanId=134859,2.247516666667,481.2757720338076,2619.0
scanId=134859,2.247516666667,481.28840557882125,1995.0
scanId=134859,2.247516666667,481.301039333323,1617.0
scanId=134859,2.247516666667,481.3136732099649,1388.0
scanId=134859,2.247516666667,481.3263072960961,1071.0
scanId=134859,2.247516666667,487.3335203350278,1223.0
scanId=134859,2.247516666667,487.34623313918723,1575.0
scanId=134859,2.247516666667,487.3589461531742,1480.0
scanId=134859,2.247516666667,487.3716592889619,1234.0
scanId=134859,2.247516666667,487.3843726345785,1083.0
scanId=134859,2.247516666667,488.47833877691346,1398.0
scanId=134859,2.247516666667,488.4910665043433,1697.0
scanId=134859,2.247516666667,488.5037944416643,1392.0
scanId=134859,2.247516666667,501.39206572793955,1237.0
scanId=134859,2.247516666667,501.404960596005,1293.0
scanId=134859,2.247516666667,501.4178556746672,1098.0
scanId=134859,2.247516666667,503.13437570907564,1260.0
scanId=134859,2.247516666667,503.14729300692426,1412.0
scanId=134859,2.247516666667,503.1602104257112,1186.0
scanId=134859,2.247516666667,515.389013442422,1046.0
scanId=134859,2.247516666667,515.4020870581273,2325.0
scanId=134859,2.247516666667,515.4151608851686,3330.0
scanId=134859,2.247516666667,515.4282348325023,3079.0
scanId=134859,2.247516666667,515.4413089911732,2267.0
scanId=134859,2.247516666667,515.4543832701353,1617.0
scanId=134859,2.247516666667,515.4674577604358,1321.0
scanId=134859,2.247516666667,515.4805323710261,1200.0
scanId=134859,2.247516666667,516.4877771028674,1174.0
scanId=134859,2.247516666667,516.5008646469614,2930.0
scanId=134859,2.247516666667,516.5139524024476,5109.0
scanId=134859,2.247516666667,516.5270402781698,5703.0
scanId=134859,2.247516666667,516.5401283652857,4541.0
scanId=134859,2.247516666667,516.553216572636,3106.0
scanId=134859,2.247516666667,516.5663049913817,2095.0
scanId=134859,2.247516666667,516.5793935303603,1413.0
scanId=134859,2.247516666667,517.3519121892049,1489.0
scanId=134859,2.247516666667,517.3650106770325,1957.0
scanId=134859,2.247516666667,517.378109376297,1810.0
scanId=134859,2.247516666667,517.391208195753,1401.0
scanId=134859,2.247516666667,517.4043072266471,1150.0
scanId=134859,2.247516666667,517.4174063777314,1015.0
scanId=134859,2.247516666667,517.5091052606272,1182.0
scanId=134859,2.247516666667,517.5222057382246,1350.0
scanId=134859,2.247516666667,517.5353064272672,1195.0
scanId=134859,2.247516666667,522.5782192653871,1065.0
scanId=134859,2.247516666667,522.5913837472475,1453.0
scanId=134859,2.247516666667,522.6045484408115,1279.0
scanId=134859,2.247516666667,523.2893398053876,1632.0
scanId=134859,2.247516666667,523.3025132412124,4057.0
scanId=134859,2.247516666667,523.3156868887768,6288.0
scanId=134859,2.247516666667,523.3288606562301,6822.0
scanId=134859,2.247516666667,523.342034635424,5506.0
scanId=134859,2.247516666667,523.3552087345054,3914.0
scanId=134859,2.247516666667,523.3683830453292,2690.0
scanId=134859,2.247516666667,523.3815574760388,1792.0
scanId=134859,2.247516666667,523.3947321184922,1212.0
scanId=134859,2.247516666667,524.3041812822252,1335.0
scanId=134859,2.247516666667,524.3173675317163,1806.0
scanId=134859,2.247516666667,524.3305539010453,1805.0
scanId=134859,2.247516666667,524.3437404821659,1423.0
scanId=134859,2.247516666667,525.2672116004231,1784.0
scanId=134859,2.247516666667,525.2804099083716,2426.0
scanId=134859,2.247516666667,525.2936084281595,2441.0
scanId=134859,2.247516666667,525.3068070677364,2067.0
scanId=134859,2.247516666667,525.320005919154,1628.0
scanId=134859,2.247516666667,525.3332048903591,1179.0
scanId=134859,2.247516666667,526.2971793562967,1048.0
scanId=134859,2.247516666667,529.3931355161586,1114.0
scanId=134859,2.247516666667,529.4063855581262,1591.0
scanId=134859,2.247516666667,529.4196358121386,2040.0
scanId=134859,2.247516666667,529.4328861857344,2561.0
scanId=134859,2.247516666667,529.4461367713766,2374.0
scanId=134859,2.247516666667,529.4593874766008,2109.0
scanId=134859,2.247516666667,529.4726383938726,2487.0
scanId=134859,2.247516666667,529.4858894307249,2957.0
scanId=134859,2.247516666667,529.4991406796265,2821.0
scanId=134859,2.247516666667,529.5123920481072,2267.0
scanId=134859,2.247516666667,529.5256436286385,1597.0
scanId=134859,2.247516666667,529.5388953287476,1112.0
scanId=134859,2.247516666667,530.4801915228825,1164.0
scanId=134859,2.247516666667,530.4934551616115,1536.0
scanId=134859,2.247516666667,530.5067190124396,1436.0
scanId=134859,2.247516666667,530.519982982797,1035.0
scanId=134859,2.247516666667,531.3692234609487,1227.0
scanId=134859,2.247516666667,531.382498255555,1673.0
scanId=134859,2.247516666667,531.3957731696476,1531.0
scanId=134859,2.247516666667,531.4090482958836,1238.0
scanId=134859,2.247516666667,531.4223235416046,1017.0
scanId=134859,2.247516666667,533.508597377081,1879.0
scanId=134859,2.247516666667,533.5218988214409,2762.0
scanId=134859,2.247516666667,533.5352004780486,2705.0
scanId=134859,2.247516666667,533.5485022540369,2075.0
scanId=134859,2.247516666667,533.5618042422742,1497.0
scanId=134859,2.247516666667,533.5751063498908,1048.0
scanId=134859,2.247516666667,534.5199814842191,1066.0
scanId=134859,2.247516666667,534.5332955304563,1074.0
scanId=134859,2.247516666667,537.3596220195798,1263.0
scanId=134859,2.247516666667,537.3729714308564,2880.0
scanId=134859,2.247516666667,537.3863209613274,4353.0
scanId=134859,2.247516666667,537.3996707042337,4525.0
scanId=134859,2.247516666667,537.4130205663329,3683.0
scanId=134859,2.247516666667,537.4263706408688,2639.0
scanId=134859,2.247516666667,537.4397208345966,1960.0
scanId=134859,2.247516666667,537.453071240762,1421.0
scanId=134859,2.247516666667,537.4664217661183,1011.0
scanId=134859,2.247516666667,538.3746480763658,1028.0
scanId=134859,2.247516666667,538.3880100895689,1680.0
scanId=134859,2.247516666667,538.4013722219177,1833.0
scanId=134859,2.247516666667,538.4147345667503,1507.0
scanId=134859,2.247516666667,538.4280970307275,1113.0
scanId=134859,2.247516666667,539.2836411128698,1084.0
scanId=134859,2.247516666667,539.2970144014809,1299.0
scanId=134859,2.247516666667,539.3103878091939,1240.0
scanId=134859,2.247516666667,543.4372950275153,1244.0
scanId=134859,2.247516666667,543.4507197187213,1567.0
scanId=134859,2.247516666667,543.4641445288322,1700.0
scanId=134859,2.247516666667,543.4775695516679,2308.0
scanId=134859,2.247516666667,543.490994693407,3570.0
scanId=134859,2.247516666667,543.5044200478723,4526.0
scanId=134859,2.247516666667,543.5178455212398,4195.0
scanId=134859,2.247516666667,543.531271207335,3147.0
scanId=134859,2.247516666667,543.5446970123306,2146.0
scanId=134859,2.247516666667,543.5581230300554,1421.0
scanId=134859,2.247516666667,544.4714796410791,1038.0
scanId=134859,2.247516666667,544.4849170530682,1418.0
scanId=134859,2.247516666667,544.4983546778305,2158.0
scanId=134859,2.247516666667,544.5117924214481,2503.0
scanId=134859,2.247516666667,544.5252303778401,2181.0
scanId=134859,2.247516666667,544.5386684530861,1724.0
scanId=134859,2.247516666667,544.5521067411077,1358.0
scanId=134859,2.247516666667,550.5350770126615,1406.0
scanId=134859,2.247516666667,550.5485890410395,1979.0
scanId=134859,2.247516666667,550.5621012824721,1986.0
scanId=134859,2.247516666667,550.5756136424782,1566.0
scanId=134859,2.247516666667,550.5891262155404,1271.0
scanId=134859,2.247516666667,550.6026389071751,1296.0
scanId=134859,2.247516666667,550.6161518118669,1640.0
scanId=134859,2.247516666667,550.6296648351299,1725.0
scanId=134859,2.247516666667,550.6431780714513,1389.0
scanId=134859,2.247516666667,555.4644186416074,1915.0
scanId=134859,2.247516666667,555.4779910263569,8950.0
scanId=134859,2.247516666667,555.4915636243848,20220.0
scanId=134859,2.247516666667,555.5051363407626,26806.0
scanId=134859,2.247516666667,555.5187092704202,24842.0
scanId=134859,2.247516666667,555.5322823184265,18528.0
scanId=134859,2.247516666667,555.5458555797137,12621.0
scanId=134859,2.247516666667,555.5594289593483,8421.0
scanId=134859,2.247516666667,555.5730025522653,5629.0
scanId=134859,2.247516666667,555.5865762635283,3665.0
scanId=134859,2.247516666667,555.600150188075,2370.0
scanId=134859,2.247516666667,555.6137242309663,1479.0
scanId=134859,2.247516666667,556.4692247342449,1443.0
scanId=134859,2.247516666667,556.4828093892461,3790.0
scanId=134859,2.247516666667,556.4963942575708,7753.0
scanId=134859,2.247516666667,556.5099792442006,10687.0
scanId=134859,2.247516666667,556.523564444155,10352.0
scanId=134859,2.247516666667,556.5371497624129,7810.0
scanId=134859,2.247516666667,556.5507352939971,5246.0
scanId=134859,2.247516666667,556.5643209438837,3496.0
scanId=134859,2.247516666667,556.5779068070975,2362.0
scanId=134859,2.247516666667,556.5914927886122,1526.0
scanId=134859,2.247516666667,557.4885357524389,1612.0
scanId=134859,2.247516666667,557.5021328910606,2468.0
scanId=134859,2.247516666667,557.515730147942,2776.0
scanId=134859,2.247516666667,557.5293276181934,2373.0
scanId=134859,2.247516666667,557.5429252067033,1641.0
scanId=134859,2.247516666667,557.5565230085845,1097.0
scanId=134859,2.247516666667,561.3840683687266,1192.0
scanId=134859,2.247516666667,561.3977129303876,1480.0
scanId=134859,2.247516666667,561.4113576101361,1467.0
scanId=134859,2.247516666667,561.4250025034269,1315.0
scanId=134859,2.247516666667,561.4386475148038,1019.0
scanId=134859,2.247516666667,568.3093897871885,1028.0
scanId=134859,2.247516666667,569.2982612854087,1515.0
scanId=134859,2.247516666667,569.3120016880374,1982.0
scanId=134859,2.247516666667,569.3257422084124,1841.0
scanId=134859,2.247516666667,569.3394829426707,1434.0
scanId=134859,2.247516666667,569.3532237946742,1021.0
scanId=134859,2.247516666667,571.4575313136065,1398.0
scanId=134859,2.247516666667,571.4712977010036,2455.0
scanId=134859,2.247516666667,571.4850643023742,2941.0
scanId=134859,2.247516666667,571.4988310213998,2550.0
scanId=134859,2.247516666667,571.5125979544001,1801.0
scanId=134859,2.247516666667,571.5263650050542,1184.0
scanId=134859,2.247516666667,572.4766936279333,1400.0
scanId=134859,2.247516666667,572.4904722855847,1598.0
scanId=134859,2.247516666667,572.5042511572523,1204.0
scanId=134859,2.247516666667,576.3965026685466,1054.0
scanId=134859,2.247516666667,576.4103284174458,1191.0
scanId=134859,2.247516666667,577.3370329635757,1331.0
scanId=134859,2.247516666667,577.3508699878446,1933.0
scanId=134859,2.247516666667,577.3647072263298,2147.0
scanId=134859,2.247516666667,577.3785445822272,1943.0
scanId=134859,2.247516666667,577.392382152342,1623.0
scanId=134859,2.247516666667,577.4062198398678,1368.0
scanId=134859,2.247516666667,577.4200577416123,1082.0
scanId=134859,2.247516666667,578.3752717099378,1052.0
scanId=134859,2.247516666667,578.3891212187199,1039.0
scanId=134859,2.247516666667,579.3589971870862,1068.0
scanId=134859,2.247516666667,579.3728584202373,1015.0
scanId=134859,2.247516666667,581.4955842867508,1052.0
scanId=134859,2.247516666667,581.5094710552994,2353.0
scanId=134859,2.247516666667,581.5233580382312,3319.0
scanId=134859,2.247516666667,581.5372451384081,3145.0
scanId=134859,2.247516666667,581.5511324529697,2389.0
scanId=134859,2.247516666667,581.5650198847751,1751.0
scanId=134859,2.247516666667,581.5789075309664,1223.0
scanId=134859,2.247516666667,605.413438215814,1278.0
scanId=134859,2.247516666667,605.427607747204,1243.0
scanId=134859,2.247516666667,608.378469278383,1033.0
scanId=134859,2.247516666667,609.3873767983126,1025.0
scanId=134859,2.247516666667,613.3457910160104,1041.0
scanId=134859,2.247516666667,614.4730023803446,1025.0
scanId=134859,2.247516666667,619.4220941952977,1246.0
scanId=134859,2.247516666667,619.4364266727407,1302.0
scanId=134859,2.247516666667,619.450759365916,1019.0
scanId=134859,2.247516666667,625.3123229054362,1746.0
scanId=134859,2.247516666667,625.3267233667776,3782.0
scanId=134859,2.247516666667,625.3411240440303,5438.0
scanId=134859,2.247516666667,625.3555248370003,5758.0
scanId=134859,2.247516666667,625.3699258458827,4850.0
scanId=134859,2.247516666667,625.3843269704817,3610.0
scanId=134859,2.247516666667,625.3987283109936,2492.0
scanId=134859,2.247516666667,625.4131297672214,1627.0
scanId=134859,2.247516666667,625.427531439363,1073.0
scanId=134859,2.247516666667,626.3207573949985,1279.0
scanId=134859,2.247516666667,626.3351694633476,2227.0
scanId=134859,2.247516666667,626.3495817476379,2578.0
scanId=134859,2.247516666667,626.3639941476159,2223.0
scanId=134859,2.247516666667,626.3784067635357,1664.0
scanId=134859,2.247516666667,626.3928194951426,1205.0
scanId=134859,2.247516666667,627.344428051512,1489.0
scanId=134859,2.247516666667,627.3588519428399,1807.0
scanId=134859,2.247516666667,627.3732759498259,1650.0
scanId=134859,2.247516666667,627.3877001727834,1309.0
scanId=134859,2.247516666667,631.5777141054052,1032.0
scanId=134859,2.247516666667,631.592186530199,1018.0
scanId=134859,2.247516666667,639.3587217700453,1305.0
scanId=134859,2.247516666667,639.373283071374,1381.0
scanId=134859,2.247516666667,639.3878445890048,1182.0
scanId=134859,2.247516666667,641.5739462977948,1068.0
scanId=134859,2.247516666667,641.5885328029194,1134.0
scanId=134859,2.247516666667,641.6031195244033,1019.0
scanId=134859,2.247516666667,645.5622254368025,1323.0
scanId=134859,2.247516666667,645.576857259918,1370.0
scanId=134859,2.247516666667,645.5914891982048,1212.0
scanId=134859,2.247516666667,647.304573584245,1127.0
scanId=134859,2.247516666667,647.3192250886392,1926.0
scanId=134859,2.247516666667,647.3338768095336,2417.0
scanId=134859,2.247516666667,647.3485286455567,2184.0
scanId=134859,2.247516666667,647.3631806980807,1590.0
scanId=134859,2.247516666667,647.3778328657329,1082.0
scanId=134859,2.247516666667,648.330581108211,1087.0
scanId=134859,2.247516666667,648.3452442196185,1216.0
scanId=134859,2.247516666667,648.3599075475506,1146.0
scanId=134859,2.247516666667,648.374570990587,1023.0
scanId=134859,2.247516666667,649.4454520739106,1013.0
scanId=134859,2.247516666667,657.3501870996528,1185.0
scanId=134859,2.247516666667,657.3649519062561,1586.0
scanId=134859,2.247516666667,657.3797168277638,1573.0
scanId=134859,2.247516666667,657.3944819659968,1372.0
scanId=134859,2.247516666667,657.4092472191334,1144.0
scanId=134859,2.247516666667,661.5204251264875,1016.0
scanId=134859,2.247516666667,661.535236692871,1159.0
scanId=134859,2.247516666667,661.5500483740733,1138.0
scanId=134859,2.247516666667,663.4176501015431,1399.0
scanId=134859,2.247516666667,663.4324828922239,2827.0
scanId=134859,2.247516666667,663.4473157976865,3856.0
scanId=134859,2.247516666667,663.4621489199969,3642.0
scanId=134859,2.247516666667,663.4769821570889,2719.0
scanId=134859,2.247516666667,663.4918156110289,1907.0
scanId=134859,2.247516666667,663.5066491797497,1400.0
scanId=134859,2.247516666667,663.5214829653194,1136.0
scanId=134859,2.247516666667,664.4266558585646,1081.0
scanId=134859,2.247516666667,664.4414999246535,1476.0
scanId=134859,2.247516666667,664.4563441055047,1604.0
scanId=134859,2.247516666667,664.4711885032231,1479.0
scanId=134859,2.247516666667,664.4860330157036,1203.0
scanId=134859,2.247516666667,665.3472999290173,1963.0
scanId=134859,2.247516666667,665.3621542756249,3415.0
scanId=134859,2.247516666667,665.3770087369779,4278.0
scanId=134859,2.247516666667,665.3918634152154,3855.0
scanId=134859,2.247516666667,665.4067182081975,2880.0
scanId=134859,2.247516666667,665.4215732180646,2230.0
scanId=134859,2.247516666667,665.4364283426756,1951.0
scanId=134859,2.247516666667,665.4512836841725,1641.0
scanId=134859,2.247516666667,665.4661391404127,1198.0
scanId=134859,2.247516666667,666.3577714878363,1576.0
scanId=134859,2.247516666667,666.3726371098519,2092.0
scanId=134859,2.247516666667,666.3875028465943,1937.0
scanId=134859,2.247516666667,666.4023688002395,1581.0
scanId=134859,2.247516666667,666.417234868611,1122.0
scanId=134859,2.247516666667,667.383886671187,1054.0
scanId=134859,2.247516666667,679.3235016470867,1055.0
scanId=134859,2.247516666667,679.3385111963687,1397.0
scanId=134859,2.247516666667,679.3535208601636,1684.0
scanId=134859,2.247516666667,679.368530741075,1883.0
scanId=134859,2.247516666667,679.3835407364994,1690.0
scanId=134859,2.247516666667,679.3985509490404,1349.0
scanId=134859,2.247516666667,679.4135612760941,1038.0
scanId=134859,2.247516666667,683.3820945889333,1221.0
scanId=134859,2.247516666667,683.3971489082173,1118.0
scanId=134859,2.247516666667,685.3857711857582,1868.0
scanId=134859,2.247516666667,685.4008475070302,3805.0
scanId=134859,2.247516666667,685.4159240455004,6196.0
scanId=134859,2.247516666667,685.4310006984015,7732.0
scanId=134859,2.247516666667,685.4460775685014,7191.0
scanId=134859,2.247516666667,685.4611545530317,5445.0
scanId=134859,2.247516666667,685.4762317547613,3660.0
scanId=134859,2.247516666667,685.4913090709209,2362.0
scanId=134859,2.247516666667,685.5063866042802,1607.0
scanId=134859,2.247516666667,685.5214642520691,1163.0
scanId=134859,2.247516666667,686.3962530229921,1441.0
scanId=134859,2.247516666667,686.4113405052406,3028.0
scanId=134859,2.247516666667,686.4264281019077,4325.0
scanId=134859,2.247516666667,686.4415159157859,4354.0
scanId=134859,2.247516666667,686.4566038440823,3552.0
scanId=134859,2.247516666667,686.47169198959,2561.0
scanId=134859,2.247516666667,686.4867802495155,1728.0
scanId=134859,2.247516666667,686.5018687266531,1181.0
scanId=134859,2.247516666667,687.3319888847747,1047.0
scanId=134859,2.247516666667,687.3470866475423,1777.0
scanId=134859,2.247516666667,687.3621845247169,2153.0
scanId=134859,2.247516666667,687.3772826191141,1910.0
scanId=134859,2.247516666667,687.3923808279181,1550.0
scanId=134859,2.247516666667,687.407479253945,1489.0
scanId=134859,2.247516666667,687.4225777943782,1607.0
scanId=134859,2.247516666667,687.4376765520346,1606.0
scanId=134859,2.247516666667,687.4527754240972,1403.0
scanId=134859,2.247516666667,687.4678745133833,1063.0
scanId=134859,2.247516666667,688.3590127310722,1002.0
scanId=134859,2.247516666667,688.3741217692476,1016.0
scanId=134859,2.247516666667,701.3835077149641,1280.0
scanId=134859,2.247516666667,701.3987590222577,1645.0
scanId=134859,2.247516666667,701.4140104438213,1606.0
scanId=134859,2.247516666667,701.4292620827445,1391.0
scanId=134859,2.247516666667,701.4445138359375,1165.0
scanId=134859,2.247516666667,703.6119499663715,1123.0
scanId=134859,2.247516666667,703.6272254826291,1133.0
scanId=134859,2.247516666667,705.339129691985,1057.0
scanId=134859,2.247516666667,705.3544238937463,1668.0
scanId=134859,2.247516666667,705.3697183128935,1813.0
scanId=134859,2.247516666667,705.3850128462843,1549.0
scanId=134859,2.247516666667,705.4003075970612,1269.0
scanId=134859,2.247516666667,705.4156024620814,1134.0
scanId=134859,2.247516666667,705.430897544488,1096.0
scanId=134859,2.247516666667,720.4224724003474,1043.0
scanId=134859,2.247516666667,721.4739187730362,1059.0
scanId=134859,2.247516666667,721.4893869661178,1040.0
scanId=134859,2.247516666667,722.4951734855351,1109.0
scanId=134859,2.247516666667,722.5106526223951,1744.0
scanId=134859,2.247516666667,722.5261318734429,1893.0
scanId=134859,2.247516666667,722.5416113419325,1654.0
scanId=134859,2.247516666667,722.55709092461,1397.0
scanId=134859,2.247516666667,722.5725707247292,1097.0
scanId=134859,2.247516666667,723.517150487393,1004.0
scanId=134859,2.247516666667,736.4934538182308,2704.0
scanId=134859,2.247516666667,736.5090821884311,6891.0
scanId=134859,2.247516666667,736.5247106728508,12737.0
scanId=134859,2.247516666667,736.5403393746806,16245.0
scanId=134859,2.247516666667,736.5559681907299,14807.0
scanId=134859,2.247516666667,736.5715972241894,10943.0
scanId=134859,2.247516666667,736.5872263718687,7559.0
scanId=134859,2.247516666667,736.6028557369578,5150.0
scanId=134859,2.247516666667,736.6184852162669,3396.0
scanId=134859,2.247516666667,736.6341149129856,2183.0
scanId=134859,2.247516666667,736.6497447239243,1457.0
scanId=134859,2.247516666667,736.665374752273,1107.0
scanId=134859,2.247516666667,737.4940021427491,1659.0
scanId=134859,2.247516666667,737.5096411250981,4114.0
scanId=134859,2.247516666667,737.5252802216712,7402.0
scanId=134859,2.247516666667,737.5409195356499,9371.0
scanId=134859,2.247516666667,737.5565589638527,8732.0
scanId=134859,2.247516666667,737.5721986094611,6606.0
scanId=134859,2.247516666667,737.5878383692936,4483.0
scanId=134859,2.247516666667,737.6034783465317,2918.0
scanId=134859,2.247516666667,737.6191184379942,1948.0
scanId=134859,2.247516666667,737.6347587468616,1338.0
scanId=134859,2.247516666667,738.5108792394427,1342.0
scanId=134859,2.247516666667,738.5265289481698,2162.0
scanId=134859,2.247516666667,738.5421788742971,2761.0
scanId=134859,2.247516666667,738.557828914654,2599.0
scanId=134859,2.247516666667,738.5734791724109,1973.0
scanId=134859,2.247516666667,738.5891295443975,1436.0
scanId=134859,2.247516666667,738.6047801337841,1197.0
scanId=134859,2.247516666667,745.6171847461376,1034.0
scanId=134859,2.247516666667,745.6329096205649,1214.0
scanId=134859,2.247516666667,745.6486346092697,1174.0
scanId=134859,2.247516666667,757.5841928212676,1286.0
scanId=134859,2.247516666667,757.6000433833303,2478.0
scanId=134859,2.247516666667,757.6158940597954,3499.0
scanId=134859,2.247516666667,757.6317449534877,3674.0
scanId=134859,2.247516666667,757.6475959615831,3163.0
scanId=134859,2.247516666667,757.663447186905,2480.0
scanId=134859,2.247516666667,757.6792985266303,1856.0
scanId=134859,2.247516666667,757.695150083582,1284.0
scanId=134859,2.247516666667,758.6148226051805,1214.0
scanId=134859,2.247516666667,758.6306838938073,1769.0
scanId=134859,2.247516666667,758.6465453996484,1735.0
scanId=134859,2.247516666667,758.6624070199052,1408.0
scanId=134859,2.247516666667,758.678268857376,1098.0
scanId=134859,2.247516666667,764.5107509025485,1730.0
scanId=134859,2.247516666667,764.526673759874,7401.0
scanId=134859,2.247516666667,764.542596731699,18338.0
scanId=134859,2.247516666667,764.5585199206542,30342.0
scanId=134859,2.247516666667,764.5744432241092,34977.0
scanId=134859,2.247516666667,764.5903667446942,30132.0
scanId=134859,2.247516666667,764.6062903797794,21793.0
scanId=134859,2.247516666667,764.6222142319939,14809.0
scanId=134859,2.247516666667,764.6381381987092,10011.0
scanId=134859,2.247516666667,764.6540623825532,6857.0
scanId=134859,2.247516666667,764.6699866808988,4710.0
scanId=134859,2.247516666667,764.6859111963724,3182.0
scanId=134859,2.247516666667,764.7018358263483,2092.0
scanId=134859,2.247516666667,764.7177606734516,1319.0
scanId=134859,2.247516666667,765.5142131598583,1533.0
scanId=134859,2.247516666667,765.5301464122177,4658.0
scanId=134859,2.247516666667,765.5460798816918,10289.0
scanId=134859,2.247516666667,765.5620134656815,15962.0
scanId=134859,2.247516666667,765.5779472667853,17431.0
scanId=134859,2.247516666667,765.5938811824049,14314.0
scanId=134859,2.247516666667,765.6098153151382,10313.0
scanId=134859,2.247516666667,765.6257495623883,7044.0
scanId=134859,2.247516666667,765.6416840267512,4831.0
scanId=134859,2.247516666667,765.6576186056312,3497.0
scanId=134859,2.247516666667,765.6735534016241,2440.0
scanId=134859,2.247516666667,765.689488312134,1604.0
scanId=134859,2.247516666667,765.7054234397565,1068.0
scanId=134859,2.247516666667,766.5342772353914,1833.0
scanId=134859,2.247516666667,766.5502210999158,3741.0
scanId=134859,2.247516666667,766.5661651815387,5619.0
scanId=134859,2.247516666667,766.5821093776931,6236.0
scanId=134859,2.247516666667,766.5980537909456,5423.0
scanId=134859,2.247516666667,766.6139983187302,4032.0
scanId=134859,2.247516666667,766.6299430636122,2932.0
scanId=134859,2.247516666667,766.6458879230273,2100.0
scanId=134859,2.247516666667,766.6618329995389,1504.0
scanId=134859,2.247516666667,766.6777781905839,1095.0
scanId=134859,2.247516666667,767.5550204889666,1172.0
scanId=134859,2.247516666667,767.5709749656565,1442.0
scanId=134859,2.247516666667,767.5869296594279,1580.0
scanId=134859,2.247516666667,767.6028844677479,1393.0
scanId=134859,2.247516666667,767.6188394931489,1007.0
scanId=134859,2.247516666667,769.5985445302977,1212.0
scanId=134859,2.247516666667,769.6145202313195,1985.0
scanId=134859,2.247516666667,769.6304961493883,2481.0
scanId=134859,2.247516666667,769.64647218204,2215.0
scanId=134859,2.247516666667,769.6624484317387,1596.0
scanId=134859,2.247516666667,769.6784247960206,1111.0
scanId=134859,2.247516666667,770.6213253180806,1212.0
scanId=134859,2.247516666667,770.6373116312691,1296.0
scanId=134859,2.247516666667,770.6532981614864,1107.0
scanId=134859,2.247516666667,780.5646736069964,1135.0
scanId=134859,2.247516666667,780.5807627255717,1066.0
scanId=134859,2.247516666667,785.5925312419412,1046.0
scanId=134859,2.247516666667,785.6086720948564,1022.0
scanId=134859,2.247516666667,792.5646150415665,1653.0
scanId=134859,2.247516666667,792.5808274115725,2639.0
scanId=134859,2.247516666667,792.5970398966681,3207.0
scanId=134859,2.247516666667,792.6132525983038,3111.0
scanId=134859,2.247516666667,792.62946541503,2446.0
scanId=134859,2.247516666667,792.6456784482955,1711.0
scanId=134859,2.247516666667,792.6618915966521,1275.0
scanId=134859,2.247516666667,792.6781049615472,1009.0
scanId=134859,2.247516666667,793.5863166162229,1329.0
scanId=134859,2.247516666667,793.6025393818647,1587.0
scanId=134859,2.247516666667,793.6187623640194,1485.0
scanId=134859,2.247516666667,793.6349854612919,1181.0
scanId=134859,2.247516666667,795.6479377329158,1075.0
scanId=134859,2.247516666667,795.664181607738,1056.0
scanId=134859,2.247516666667,796.6391160193918,1028.0
scanId=134859,2.247516666667,796.6553699583055,1134.0
scanId=134859,2.247516666667,796.7041328711623,1179.0
scanId=134859,2.247516666667,796.7203874733372,1821.0
scanId=134859,2.247516666667,796.7366422919379,1972.0
scanId=134859,2.247516666667,796.7528972257433,1613.0
scanId=134859,2.247516666667,796.7691523759736,1247.0
scanId=134859,2.247516666667,801.6531764035996,2016.0
scanId=134859,2.247516666667,801.6694814136271,3837.0
scanId=134859,2.247516666667,801.6857866399339,5145.0
scanId=134859,2.247516666667,801.7020919815922,5254.0
scanId=134859,2.247516666667,801.7183975395287,4351.0
scanId=134859,2.247516666667,801.7347032128175,3251.0
scanId=134859,2.247516666667,801.7510091023835,2230.0
scanId=134859,2.247516666667,801.7673151073033,1496.0
scanId=134859,2.247516666667,801.7836213284988,1028.0
scanId=134859,2.247516666667,802.6644021460035,1899.0
scanId=134859,2.247516666667,802.6807174365814,3031.0
scanId=134859,2.247516666667,802.6970329434071,3227.0
scanId=134859,2.247516666667,802.7133485656158,2686.0
scanId=134859,2.247516666667,802.7296644040712,1962.0
scanId=134859,2.247516666667,802.7459803579105,1430.0
scanId=134859,2.247516666667,802.7622965279954,1053.0
scanId=134859,2.247516666667,803.6925908526904,1144.0
scanId=134859,2.247516666667,803.7089166400352,1053.0
scanId=134859,2.247516666667,815.6709649599599,1296.0
scanId=134859,2.247516666667,815.6874119079486,2255.0
scanId=134859,2.247516666667,815.7038590717438,2646.0
scanId=134859,2.247516666667,815.7203063513633,2477.0
scanId=134859,2.247516666667,815.736753846788,1915.0
scanId=134859,2.247516666667,815.7532014580383,1350.0
scanId=134859,2.247516666667,816.6909908413936,1595.0
scanId=134859,2.247516666667,816.7074480699393,1910.0
scanId=134859,2.247516666667,816.7239055142533,1654.0
scanId=134859,2.247516666667,816.7403630744299,1253.0
scanId=134859,2.247516666667,817.6293189081505,1004.0
scanId=134859,2.247516666667,817.6457856380945,1377.0
scanId=134859,2.247516666667,817.6622524839358,1761.0
scanId=134859,2.247516666667,817.6787195455095,1895.0
scanId=134859,2.247516666667,817.6951867229812,1539.0
scanId=134859,2.247516666667,817.7116541161847,1293.0
scanId=134859,2.247516666667,817.7281216252876,1062.0
scanId=134859,2.247516666667,827.671673076318,1170.0
scanId=134859,2.247516666667,827.6882406216743,2363.0
scanId=134859,2.247516666667,827.7048082833286,2936.0
scanId=134859,2.247516666667,827.7213761603147,2687.0
scanId=134859,2.247516666667,827.7379441536002,2041.0
scanId=134859,2.247516666667,827.7545123622159,1430.0
scanId=134859,2.247516666667,828.6991729098766,1286.0
scanId=134859,2.247516666667,828.715750735752,1395.0
scanId=134859,2.247516666667,828.732328677969,1207.0
scanId=134859,2.247516666667,829.6941344710599,1122.0
scanId=134859,2.247516666667,829.7107222458245,1484.0
scanId=134859,2.247516666667,829.7273101369739,1486.0
scanId=134859,2.247516666667,829.7438982433681,1129.0
scanId=134859,2.247516666667,831.6692409400066,1155.0
scanId=134859,2.247516666667,831.6858483973903,1356.0
scanId=134859,2.247516666667,831.7024560699336,1319.0
scanId=134859,2.247516666667,831.7190638589484,1116.0
scanId=134859,2.247516666667,839.69326875468,1341.0
scanId=134859,2.247516666667,839.7099561351764,1618.0
scanId=134859,2.247516666667,839.7266437304643,1455.0
scanId=134859,2.247516666667,839.7433314425921,1115.0
scanId=134859,2.247516666667,840.6948065467001,1323.0
scanId=134859,2.247516666667,840.7115038761341,1349.0
scanId=134859,2.247516666667,840.7282014203114,1048.0
scanId=134859,2.247516666667,841.713648551903,1314.0
scanId=134859,2.247516666667,841.7303560449698,1313.0
scanId=134859,2.247516666667,841.7470636549727,1022.0
scanId=134859,2.247516666667,843.6695476278526,1301.0
scanId=134859,2.247516666667,843.6862744724706,1609.0
scanId=134859,2.247516666667,843.7030015316863,1574.0
scanId=134859,2.247516666667,843.7197287079356,1495.0
scanId=134859,2.247516666667,843.7364560987809,1400.0
scanId=134859,2.247516666667,843.7531836066613,1238.0
scanId=134859,2.247516666667,843.7699113291364,1097.0
scanId=134859,2.247516666667,851.68389445007,1049.0
scanId=134859,2.247516666667,851.7007005545861,1005.0
scanId=134859,2.247516666667,852.793454618089,1381.0
scanId=134859,2.247516666667,852.8102716664426,1337.0
scanId=134859,2.247516666667,852.8270889289221,1086.0
scanId=134859,2.247516666667,853.7018138152349,1142.0
scanId=134859,2.247516666667,853.7186398176383,1345.0
scanId=134859,2.247516666667,853.7354660341182,1268.0
scanId=134859,2.247516666667,853.752292368153,1083.0
scanId=134859,2.247516666667,855.6884295691442,1064.0
scanId=134859,2.247516666667,855.7052751378056,1003.0
scanId=134859,2.247516666667,856.6826032265728,1055.0
scanId=134859,2.247516666667,856.6994586264616,1214.0
scanId=134859,2.247516666667,856.7163141440686,1108.0
scanId=134859,2.247516666667,857.6942192700564,1089.0
scanId=134859,2.247516666667,857.7110846188342,1278.0
scanId=134859,2.247516666667,857.7279500853874,1450.0
scanId=134859,2.247516666667,857.7448157657949,1497.0
scanId=134859,2.247516666667,857.7616815639798,1336.0
scanId=134859,2.247516666667,857.7785475760169,1087.0
scanId=134859,2.247516666667,869.693351869766,1264.0
scanId=134859,2.247516666667,869.7103347339233,1450.0
scanId=134859,2.247516666667,869.7273178112255,1301.0
scanId=134859,2.247516666667,869.7443010070147,1161.0
scanId=134859,2.247516666667,895.7160001828735,1210.0
scanId=134859,2.247516666667,895.7332352987061,1264.0
scanId=134859,2.247516666667,895.750470534813,1141.0
scanId=134859,2.247516666667,903.7135827566063,1034.0
scanId=134859,2.247516666667,903.7308945997793,1073.0
scanId=134859,2.247516666667,919.7280603941095,1157.0
scanId=134859,2.247516666667,919.745524997657,1196.0
scanId=134859,2.247516666667,920.741280229178,1064.0
scanId=134859,2.247516666667,1430.3301519666911,1080.0
scanId=134859,2.247516666667,1430.351931403556,1110.0
scanId=134859,2.247516666667,1447.302796604306,1344.0
scanId=134859,2.247516666667,1447.324704967818,1377.0
scanId=134859,2.247516666667,1447.3466134086143,1210.0
scanId=134859,2.247516666667,1543.9235697048691,1113.0
scanId=134859,2.247516666667,1543.9461974503665,1099.0
scanId=134859,2.247516666667,1574.3707480744267,1196.0
scanId=134859,2.247516666667,1574.3935979900307,1447.0
scanId=134859,2.247516666667,1574.4164479273911,1494.0
scanId=134859,2.247516666667,1574.4392981746448,1299.0
scanId=134859,2.247516666667,1574.462148443635,1027.0
scanId=134859,2.247516666667,1575.3991552692885,1199.0
scanId=134859,2.247516666667,1575.422012502501,1125.0
scanId=134859,2.247516666667,1577.3654896129192,1178.0
scanId=134859,2.247516666667,1577.3883611062067,1265.0
scanId=134859,2.247516666667,1577.411232910751,1121.0
scanId=134859,2.247516666667,1578.3719953829757,1151.0
scanId=134859,2.247516666667,1578.3948741721147,1200.0
scanId=134859,2.247516666667,1578.417753272974,1086.0
scanId=134859,2.247516666667,1578.4406323937433,1022.0
scanId=134859,2.247516666667,1579.3330503618179,1097.0
scanId=134859,2.247516666667,1579.35593611518,1548.0
scanId=134859,2.247516666667,1579.378822180703,1703.0
scanId=134859,2.247516666667,1579.4017082656949,1482.0
scanId=134859,2.247516666667,1579.4245946628691,1224.0
scanId=134859,2.247516666667,1580.3172905648705,1380.0
scanId=134859,2.247516666667,1580.3401835950588,1993.0
scanId=134859,2.247516666667,1580.3630766442725,2191.0
scanId=134859,2.247516666667,1580.3859700061116,2134.0
scanId=134859,2.247516666667,1580.4088633869555,1886.0
scanId=134859,2.247516666667,1580.4317570804453,1397.0
scanId=134859,2.247516666667,1581.3705382010544,1137.0
scanId=134859,2.247516666667,1581.3934388592093,1090.0
scanId=134859,2.247516666667,1593.3701789211848,1240.0
scanId=134859,2.247516666667,1593.3931661532183,1468.0
scanId=134859,2.247516666667,1593.4161537038879,1477.0
scanId=134859,2.247516666667,1593.4391412675511,1365.0
scanId=134859,2.247516666667,1593.462129149872,1125.0
scanId=134859,2.247516666667,1594.312794463186,1310.0
scanId=134859,2.247516666667,1594.3357886468746,1846.0
scanId=134859,2.247516666667,1594.3587828431307,2446.0
scanId=134859,2.247516666667,1594.3817773584703,2589.0
scanId=134859,2.247516666667,1594.4047718863555,2291.0
scanId=134859,2.247516666667,1594.4277667333458,1872.0
scanId=134859,2.247516666667,1594.4507615928615,1501.0
scanId=134859,2.247516666667,1594.4737567715022,1259.0
scanId=134859,2.247516666667,1595.3016908793006,1071.0
scanId=134859,2.247516666667,1595.3246920397794,1833.0
scanId=134859,2.247516666667,1595.3476935197884,2831.0
scanId=134859,2.247516666667,1595.3706950118967,3400.0
scanId=134859,2.247516666667,1595.3936968235566,3268.0
scanId=134859,2.247516666667,1595.4166986472947,2849.0
scanId=134859,2.247516666667,1595.439700790606,2371.0
scanId=134859,2.247516666667,1595.4627029459734,1924.0
scanId=134859,2.247516666667,1595.4857054209351,1436.0
scanId=134859,2.247516666667,1595.5087079079324,1035.0
scanId=134859,2.247516666667,1596.3139021878499,1221.0
scanId=134859,2.247516666667,1596.3369106441808,1740.0
scanId=134859,2.247516666667,1596.3599194205112,2049.0
scanId=134859,2.247516666667,1596.3829282084712,2074.0
scanId=134859,2.247516666667,1596.4059373164525,1909.0
scanId=134859,2.247516666667,1596.428946436043,1593.0
scanId=134859,2.247516666667,1596.4519558756754,1187.0
scanId=134859,2.247516666667,1597.3034187832147,1079.0
scanId=134859,2.247516666667,1597.3264345242155,1434.0
scanId=134859,2.247516666667,1597.3494502763988,1665.0
scanId=134859,2.247516666667,1597.37246634905,1949.0
scanId=134859,2.247516666667,1597.3954824328628,2096.0
scanId=134859,2.247516666667,1597.4184988371655,1883.0
scanId=134859,2.247516666667,1597.441515252608,1484.0
scanId=134859,2.247516666667,1597.4645319885612,1130.0
scanId=134859,2.247516666667,1598.339287888405,1236.0
scanId=134859,2.247516666667,1598.3623109364403,1453.0
scanId=134859,2.247516666667,1598.3853343054134,1523.0
scanId=134859,2.247516666667,1598.4083576850785,1449.0
scanId=134859,2.247516666667,1598.431381385703,1284.0
scanId=134859,2.247516666667,1599.3524622804257,1004.0
scanId=134859,2.247516666667,1609.3863482273532,1193.0
scanId=134859,2.247516666667,1609.4094508609346,1220.0
scanId=134859,2.247516666667,1610.3567982436919,1289.0
scanId=134859,2.247516666667,1610.3799078419481,1430.0
scanId=134859,2.247516666667,1610.4030174453205,1431.0
scanId=134859,2.247516666667,1610.4261273752281,1207.0
scanId=134859,2.247516666667,1611.3506573298032,1073.0
scanId=134859,2.247516666667,1611.3737738973987,1200.0
scanId=134859,2.247516666667,1611.3968907919802,1362.0
scanId=134859,2.247516666667,1611.4200076912052,1226.0
scanId=134859,2.247516666667,1612.3448228563236,1320.0
scanId=134859,2.247516666667,1612.367946715581,1656.0
scanId=134859,2.247516666667,1612.391070579028,1720.0
scanId=134859,2.247516666667,1612.4141947699368,1474.0
scanId=134859,2.247516666667,1612.4373189650141,1132.0
scanId=134859,2.247516666667,1613.3855571292893,1050.0
scanId=134859,2.247516666667,1758.4399478551338,1035.0
scanId=134859,2.247516666667,1758.4640964541854,1107.0
scanId=134859,2.247516666667,1759.4543366124003,1026.0
scanId=134859,2.247516666667,1759.478492175675,1009.0
scanId=134859,2.247516666667,1760.4448552843187,1138.0
scanId=134859,2.247516666667,1760.4690178767073,1128.0
scanId=134859,2.247516666667,1777.3991571434515,1047.0
scanId=134859,2.247516666667,1777.423435813872,1064.0
scanId=134859,2.247516666667,1968.4669593421509,1121.0
scanId=134859,2.247516666667,1968.492509408084,1137.0
scanId=134859,2.247516666667,1968.5180599509267,1001.0
scanId=134859,2.247516666667,1969.4635406955892,1030.0
scanId=134859,2.247516666667,1969.4890975396677,1025.0
scanId=134859,2.247516666667,1982.4420515508073,1021.0
scanId=134859,2.247516666667,1982.4676921516343,1332.0
scanId=134859,2.247516666667,1982.4933332331611,1455.0
scanId=134859,2.247516666667,1982.518974165618,1248.0
scanId=134859,2.247516666667,1983.493458453118,1083.0
scanId=134859,2.247516666667,1984.4681821820284,1026.0
scanId=134859,2.247516666667,1985.4431453523239,1123.0
scanId=134859,2.247516666667,1985.4688056691411,1117.0
scanId=134859,2.247516666667,1985.4944658361176,1002.0
scanId=134859,2.247516666667,2057.523394859897,1005.0
scanId=135858,2.264166666667,102.12221174818875,1495.0
scanId=135858,2.264166666667,102.12803134254987,1819.0
scanId=135858,2.264166666667,102.13385110272583,1494.0
scanId=135858,2.264166666667,102.1396710287166,1036.0
scanId=135858,2.264166666667,118.11361684591603,1467.0
scanId=135858,2.264166666667,118.11987549910988,1914.0
scanId=135858,2.264166666667,118.12613433693646,1570.0
scanId=135858,2.264166666667,118.13239332175893,1024.0
scanId=135858,2.264166666667,122.09579107082475,1183.0
scanId=135858,2.264166666667,126.09871539651508,1170.0
scanId=135858,2.264166666667,126.10518216612937,1089.0
scanId=135858,2.264166666667,130.14649425356095,2617.0
scanId=135858,2.264166666667,130.1530639743887,6571.0
scanId=135858,2.264166666667,130.15963388082272,7203.0
scanId=135858,2.264166666667,130.16620393327906,5443.0
scanId=135858,2.264166666667,130.17277417134272,3566.0
scanId=135858,2.264166666667,130.1793445554277,2380.0
scanId=135858,2.264166666667,130.185915125121,1626.0
scanId=135858,2.264166666667,130.1924858408346,1167.0
scanId=135858,2.264166666667,135.08020439309422,1280.0
scanId=135858,2.264166666667,135.08689747975885,1000.0
scanId=135858,2.264166666667,138.09531441992473,1001.0
scanId=135858,2.264166666667,138.10208179139283,1175.0
scanId=135858,2.264166666667,138.10884934909558,1276.0
scanId=135858,2.264166666667,138.11561705219228,2924.0
scanId=135858,2.264166666667,138.12238494152464,5446.0
scanId=135858,2.264166666667,138.1291529762499,5614.0
scanId=135858,2.264166666667,138.13592119721193,4122.0
scanId=135858,2.264166666667,138.14268956356577,2713.0
scanId=135858,2.264166666667,138.14945811615743,1793.0
scanId=135858,2.264166666667,138.1562268141399,1257.0
scanId=135858,2.264166666667,164.91207870362695,1370.0
scanId=135858,2.264166666667,164.91947403624857,2452.0
scanId=135858,2.264166666667,164.92686951221125,2563.0
scanId=135858,2.264166666667,164.93426517646253,1943.0
scanId=135858,2.264166666667,164.94166098405378,1314.0
scanId=135858,2.264166666667,178.1537650272278,1061.0
scanId=135858,2.264166666667,186.90590446708714,1125.0
scanId=135858,2.264166666667,186.91377748811212,1158.0
scanId=135858,2.264166666667,215.11350539269756,1942.0
scanId=135858,2.264166666667,215.1219516596657,2618.0
scanId=135858,2.264166666667,215.13039806630889,2325.0
scanId=135858,2.264166666667,215.13884466490669,1673.0
scanId=135858,2.264166666667,215.1472914031783,1156.0
scanId=135858,2.264166666667,217.10293414220214,1109.0
scanId=135858,2.264166666667,219.16971810886994,1258.0
scanId=135858,2.264166666667,219.17824363532335,1255.0
scanId=135858,2.264166666667,231.10145490025917,1824.0
scanId=135858,2.264166666667,231.11020938970614,3532.0
scanId=135858,2.264166666667,231.1189640722446,3889.0
scanId=135858,2.264166666667,231.12771889332,3008.0
scanId=135858,2.264166666667,231.13647390748804,2074.0
scanId=135858,2.264166666667,231.14522906019184,1461.0
scanId=135858,2.264166666667,231.15398440598958,1009.0
scanId=135858,2.264166666667,243.11591402124293,1112.0
scanId=135858,2.264166666667,243.12489321705135,1011.0
scanId=135858,2.264166666667,245.12237597119076,1001.0
scanId=135858,2.264166666667,245.1313921154388,1455.0
scanId=135858,2.264166666667,245.14040845376755,1278.0
scanId=135858,2.264166666667,257.1218804974847,1082.0
scanId=135858,2.264166666667,257.13111471649046,1412.0
scanId=135858,2.264166666667,257.1403490722034,1289.0
scanId=135858,2.264166666667,257.14958362283875,1045.0
scanId=135858,2.264166666667,259.12958890681983,3208.0
scanId=135858,2.264166666667,259.1388590783948,9027.0
scanId=135858,2.264166666667,259.1481294450319,12321.0
scanId=135858,2.264166666667,259.1573999482351,10590.0
scanId=135858,2.264166666667,259.1666706465019,7412.0
scanId=135858,2.264166666667,259.1759414813335,4873.0
scanId=135858,2.264166666667,259.18521251123,3272.0
scanId=135858,2.264166666667,259.19448367768985,2289.0
scanId=135858,2.264166666667,259.203755039216,1495.0
scanId=135858,2.264166666667,260.141015171967,1031.0
scanId=135858,2.264166666667,260.15030344660494,1308.0
scanId=135858,2.264166666667,260.159591857739,1109.0
scanId=135858,2.264166666667,261.1078823122158,1125.0
scanId=135858,2.264166666667,261.1171878315953,2794.0
scanId=135858,2.264166666667,261.12649348740354,3899.0
scanId=135858,2.264166666667,261.1357993384127,3548.0
scanId=135858,2.264166666667,261.14510532584916,2836.0
scanId=135858,2.264166666667,261.15441150848807,2138.0
scanId=135858,2.264166666667,261.1637178275529,1513.0
scanId=135858,2.264166666667,261.1730243418215,1054.0
scanId=135858,2.264166666667,271.13115635595557,3091.0
scanId=135858,2.264166666667,271.1406387696674,7303.0
scanId=135858,2.264166666667,271.15012137927766,8689.0
scanId=135858,2.264166666667,271.15960412461783,6999.0
scanId=135858,2.264166666667,271.1690870658577,4814.0
scanId=135858,2.264166666667,271.17857014282623,3262.0
scanId=135858,2.264166666667,271.1880534156957,2211.0
scanId=135858,2.264166666667,271.19753682429257,1517.0
scanId=135858,2.264166666667,271.20702042879174,1033.0
scanId=135858,2.264166666667,272.1467165515238,1145.0
scanId=135858,2.264166666667,272.15621673750525,1131.0
scanId=135858,2.264166666667,273.1356224279838,4348.0
scanId=135858,2.264166666667,273.14513985870684,27395.0
scanId=135858,2.264166666667,273.1546574250211,71652.0
scanId=135858,2.264166666667,273.1641751873738,94221.0
scanId=135858,2.264166666667,273.1736930853165,79830.0
scanId=135858,2.264166666667,273.1832111792988,55646.0
scanId=135858,2.264166666667,273.1927294088698,37206.0
scanId=135858,2.264166666667,273.20224783448174,24967.0
scanId=135858,2.264166666667,273.211766395681,16644.0
scanId=135858,2.264166666667,273.22128515292263,11032.0
scanId=135858,2.264166666667,273.2308040457503,7161.0
scanId=135858,2.264166666667,273.2403231346215,4596.0
scanId=135858,2.264166666667,273.2498423590774,2853.0
scanId=135858,2.264166666667,273.2593617795784,2007.0
scanId=135858,2.264166666667,273.26888133566257,1529.0
scanId=135858,2.264166666667,273.2784010877932,1042.0
scanId=135858,2.264166666667,274.1453912404443,2217.0
scanId=135858,2.264166666667,274.15492624753864,7098.0
scanId=135858,2.264166666667,274.164461390154,11581.0
scanId=135858,2.264166666667,274.17399672887785,11236.0
scanId=135858,2.264166666667,274.1835322031217,8189.0
scanId=135858,2.264166666667,274.1930678734752,5537.0
scanId=135858,2.264166666667,274.2026036793473,3689.0
scanId=135858,2.264166666667,274.2121396813304,2506.0
scanId=135858,2.264166666667,274.2216758188309,1732.0
scanId=135858,2.264166666667,274.2312121524437,1176.0
scanId=135858,2.264166666667,274.25028528681486,1226.0
scanId=135858,2.264166666667,274.2598220875718,2155.0
scanId=135858,2.264166666667,274.26935908444403,2882.0
scanId=135858,2.264166666667,274.27889621682937,2668.0
scanId=135858,2.264166666667,274.2884335453312,2041.0
scanId=135858,2.264166666667,274.2979710093448,1429.0
scanId=135858,2.264166666667,275.1379185054114,1280.0
scanId=135858,2.264166666667,275.1474707572473,1467.0
scanId=135858,2.264166666667,275.1570231445353,1919.0
scanId=135858,2.264166666667,275.16657572800085,2372.0
scanId=135858,2.264166666667,275.17612844691723,2096.0
scanId=135858,2.264166666667,275.1856813620124,1474.0
scanId=135858,2.264166666667,277.0804222560785,1937.0
scanId=135858,2.264166666667,277.0900081378268,2227.0
scanId=135858,2.264166666667,277.09959421588644,1783.0
scanId=135858,2.264166666667,277.10918042926306,1258.0
scanId=135858,2.264166666667,277.1379401252762,1223.0
scanId=135858,2.264166666667,277.14752700190945,1254.0
scanId=135858,2.264166666667,287.27597329078634,1213.0
scanId=135858,2.264166666667,287.28573394065256,1291.0
scanId=135858,2.264166666667,287.29549478753535,1006.0
scanId=135858,2.264166666667,288.282192841773,1416.0
scanId=135858,2.264166666667,288.2919706017678,1378.0
scanId=135858,2.264166666667,288.30174849630544,1103.0
scanId=135858,2.264166666667,289.15306143490994,1398.0
scanId=135858,2.264166666667,289.16285392109256,1505.0
scanId=135858,2.264166666667,289.1726466044213,1073.0
scanId=135858,2.264166666667,291.15416516672155,1243.0
scanId=135858,2.264166666667,291.1639914789901,1413.0
scanId=135858,2.264166666667,291.1738179885427,1198.0
scanId=135858,2.264166666667,293.0734354925365,1205.0
scanId=135858,2.264166666667,293.0832941701647,1197.0
scanId=135858,2.264166666667,293.12273047562024,1036.0
scanId=135858,2.264166666667,293.1325899507177,1081.0
scanId=135858,2.264166666667,299.1478983577037,1010.0
scanId=135858,2.264166666667,299.15785864779906,1569.0
scanId=135858,2.264166666667,299.16781913572856,2192.0
scanId=135858,2.264166666667,299.1777797574522,2172.0
scanId=135858,2.264166666667,299.1877405770113,1624.0
scanId=135858,2.264166666667,299.19770153036325,1200.0
scanId=135858,2.264166666667,301.1132798587093,1229.0
scanId=135858,2.264166666667,301.12327284634404,1445.0
scanId=135858,2.264166666667,301.1332659676388,1419.0
scanId=135858,2.264166666667,301.1432592869032,1553.0
scanId=135858,2.264166666667,301.15325273982614,1815.0
scanId=135858,2.264166666667,301.1632463907202,1777.0
scanId=135858,2.264166666667,301.1732401752715,1513.0
scanId=135858,2.264166666667,301.183234157795,1378.0
scanId=135858,2.264166666667,301.1932282739746,1565.0
scanId=135858,2.264166666667,301.2032225881278,2110.0
scanId=135858,2.264166666667,301.21321703593577,2063.0
scanId=135858,2.264166666667,301.2232116817186,1490.0
scanId=135858,2.264166666667,302.3036076736294,1009.0
scanId=135858,2.264166666667,303.1653062249092,1502.0
scanId=135858,2.264166666667,303.1753331722879,1700.0
scanId=135858,2.264166666667,303.185360317776,1297.0
scanId=135858,2.264166666667,303.2655833218221,1293.0
scanId=135858,2.264166666667,303.2756119273419,2209.0
scanId=135858,2.264166666667,303.28564073097834,2414.0
scanId=135858,2.264166666667,303.29566966812655,1898.0
scanId=135858,2.264166666667,303.3056988033926,1460.0
scanId=135858,2.264166666667,303.31572807216907,1044.0
scanId=135858,2.264166666667,304.2592212170952,1176.0
scanId=135858,2.264166666667,304.2692662705842,1416.0
scanId=135858,2.264166666667,304.2793114575177,2379.0
scanId=135858,2.264166666667,304.28935684263627,3606.0
scanId=135858,2.264166666667,304.299402361198,3518.0
scanId=135858,2.264166666667,304.3094480779463,2628.0
scanId=135858,2.264166666667,304.3194939281362,1825.0
scanId=135858,2.264166666667,304.3295399765142,1267.0
scanId=135858,2.264166666667,305.1136413618356,1159.0
scanId=135858,2.264166666667,305.1237004771564,1396.0
scanId=135858,2.264166666667,305.13375979072003,2390.0
scanId=135858,2.264166666667,305.1438192376691,4663.0
scanId=135858,2.264166666667,305.15387888286244,5992.0
scanId=135858,2.264166666667,305.1639386614398,5159.0
scanId=135858,2.264166666667,305.17399863826273,3709.0
scanId=135858,2.264166666667,305.1840587484683,2692.0
scanId=135858,2.264166666667,305.194119056921,2017.0
scanId=135858,2.264166666667,305.2041794987547,1471.0
scanId=135858,2.264166666667,305.2142401388371,1005.0
scanId=135858,2.264166666667,307.0783083757304,1198.0
scanId=135858,2.264166666667,307.0883998573697,2327.0
scanId=135858,2.264166666667,307.09849147226055,2673.0
scanId=135858,2.264166666667,307.1085832855295,2228.0
scanId=135858,2.264166666667,307.1186752320486,1608.0
scanId=135858,2.264166666667,307.1287673769472,1134.0
scanId=135858,2.264166666667,313.16298445189915,1117.0
scanId=135858,2.264166666667,313.1731754224322,1315.0
scanId=135858,2.264166666667,313.18336652580086,1155.0
scanId=135858,2.264166666667,313.1935578279636,1085.0
scanId=135858,2.264166666667,315.17380362930226,1352.0
scanId=135858,2.264166666667,315.1840272322397,1211.0
scanId=135858,2.264166666667,317.17054579507493,1481.0
scanId=135858,2.264166666667,317.18080176501854,2539.0
scanId=135858,2.264166666667,317.1910578675245,2947.0
scanId=135858,2.264166666667,317.20131416909777,2599.0
scanId=135858,2.264166666667,317.211570603232,1982.0
scanId=135858,2.264166666667,317.2218272364349,1675.0
scanId=135858,2.264166666667,317.23208400219744,1483.0
scanId=135858,2.264166666667,317.24234096703,1160.0
scanId=135858,2.264166666667,317.25259806442074,1014.0
scanId=135858,2.264166666667,319.1015797055895,1604.0
scanId=135858,2.264166666667,319.1118668487196,1796.0
scanId=135858,2.264166666667,319.122154124281,1422.0
scanId=135858,2.264166666667,319.1324415990408,1075.0
scanId=135858,2.264166666667,319.14272920623046,1002.0
scanId=135858,2.264166666667,319.1530170126199,1181.0
scanId=135858,2.264166666667,319.16330495143774,1258.0
scanId=135858,2.264166666667,319.17359308945686,1074.0
scanId=135858,2.264166666667,323.09508250288224,1073.0
scanId=135858,2.264166666667,323.10543378269443,1210.0
scanId=135858,2.264166666667,323.11578526197593,1197.0
scanId=135858,2.264166666667,323.1261368734163,1000.0
scanId=135858,2.264166666667,325.26210762700026,1048.0
scanId=135858,2.264166666667,329.1789154478874,1456.0
scanId=135858,2.264166666667,329.18936376302537,1906.0
scanId=135858,2.264166666667,329.1998122099106,1901.0
scanId=135858,2.264166666667,329.2102608566782,1854.0
scanId=135858,2.264166666667,329.22070963519167,2117.0
scanId=135858,2.264166666667,329.23115861358895,2259.0
scanId=135858,2.264166666667,329.24160772373057,2036.0
scanId=135858,2.264166666667,329.2520570337575,1572.0
scanId=135858,2.264166666667,329.26250647552746,1093.0
scanId=135858,2.264166666667,331.1670692865076,1177.0
scanId=135858,2.264166666667,331.1775491064618,2419.0
scanId=135858,2.264166666667,331.18802905802903,6507.0
scanId=135858,2.264166666667,331.19850920961284,11653.0
scanId=135858,2.264166666667,331.2089894928083,12808.0
scanId=135858,2.264166666667,331.2194699760218,10215.0
scanId=135858,2.264166666667,331.22995059084536,6982.0
scanId=135858,2.264166666667,331.2404314056886,4645.0
scanId=135858,2.264166666667,331.25091235214035,3270.0
scanId=135858,2.264166666667,331.26139349861324,2670.0
scanId=135858,2.264166666667,331.27187477669327,2256.0
scanId=135858,2.264166666667,331.2823562547958,1617.0
scanId=135858,2.264166666667,332.1948780823145,1343.0
scanId=135858,2.264166666667,332.20537415212146,1924.0
scanId=135858,2.264166666667,332.21587035347176,1919.0
scanId=135858,2.264166666667,332.2263667549083,1442.0
scanId=135858,2.264166666667,332.2368632878868,1086.0
scanId=135858,2.264166666667,333.17172035221336,1444.0
scanId=135858,2.264166666667,333.182231808462,2298.0
scanId=135858,2.264166666667,333.1927434648622,2668.0
scanId=135858,2.264166666667,333.2032552527392,2419.0
scanId=135858,2.264166666667,333.213767240769,1982.0
scanId=135858,2.264166666667,333.2242793602743,1489.0
scanId=135858,2.264166666667,333.2347916799337,1134.0
scanId=135858,2.264166666667,337.10400379566545,1385.0
scanId=135858,2.264166666667,337.11457713517973,1315.0
scanId=135858,2.264166666667,337.1251506059062,1022.0
scanId=135858,2.264166666667,339.1795436638976,1279.0
scanId=135858,2.264166666667,339.1901495031172,2240.0
scanId=135858,2.264166666667,339.2007554734092,2715.0
scanId=135858,2.264166666667,339.21136164425843,2380.0
scanId=135858,2.264166666667,339.22196794617867,1736.0
scanId=135858,2.264166666667,339.23257444865743,1222.0
scanId=135858,2.264166666667,341.2508153224243,1170.0
scanId=135858,2.264166666667,341.26145346065334,1345.0
scanId=135858,2.264166666667,341.2720917995782,1151.0
scanId=135858,2.264166666667,343.1256842630545,1172.0
scanId=135858,2.264166666667,343.1363515845664,1143.0
scanId=135858,2.264166666667,345.15545587471826,1111.0
scanId=135858,2.264166666667,345.16615470091045,1399.0
scanId=135858,2.264166666667,345.1768537280603,1517.0
scanId=135858,2.264166666667,345.18755288588073,1485.0
scanId=135858,2.264166666667,345.1982522446602,1210.0
scanId=135858,2.264166666667,347.19121338853694,1176.0
scanId=135858,2.264166666667,347.201943719409,1147.0
scanId=135858,2.264166666667,349.15762845676915,1671.0
scanId=135858,2.264166666667,349.168389167033,3152.0
scanId=135858,2.264166666667,349.17915000770023,3922.0
scanId=135858,2.264166666667,349.1899110495938,3323.0
scanId=135858,2.264166666667,349.20067222188925,2324.0
scanId=135858,2.264166666667,349.2114335954124,1602.0
scanId=135858,2.264166666667,349.2221950993361,1094.0
scanId=135858,2.264166666667,357.1223476754412,1115.0
scanId=135858,2.264166666667,357.1332304254146,1833.0
scanId=135858,2.264166666667,357.1441133052602,2388.0
scanId=135858,2.264166666667,357.1549963868633,2290.0
scanId=135858,2.264166666667,357.165879598337,1722.0
scanId=135858,2.264166666667,357.1767630115698,1297.0
scanId=135858,2.264166666667,357.18764655467174,1225.0
scanId=135858,2.264166666667,357.1985302995341,1379.0
scanId=135858,2.264166666667,357.2094141742643,1730.0
scanId=135858,2.264166666667,357.2202982507563,1722.0
scanId=135858,2.264166666667,357.2311824571145,1375.0
scanId=135858,2.264166666667,357.2420668652363,1020.0
scanId=135858,2.264166666667,358.1460492586624,1162.0
scanId=135858,2.264166666667,358.15694759522916,1204.0
scanId=135858,2.264166666667,360.3180813811771,1061.0
scanId=135858,2.264166666667,360.32901267873933,1121.0
scanId=135858,2.264166666667,361.1931106060338,1319.0
scanId=135858,2.264166666667,361.2040551687237,1542.0
scanId=135858,2.264166666667,361.2149999334408,1637.0
scanId=135858,2.264166666667,361.225944827759,1400.0
scanId=135858,2.264166666667,361.23688992410575,1033.0
scanId=135858,2.264166666667,362.2335861251078,1221.0
scanId=135858,2.264166666667,362.2445464764183,1158.0
scanId=135858,2.264166666667,363.1658064203195,1039.0
scanId=135858,2.264166666667,363.1767808295467,1217.0
scanId=135858,2.264166666667,363.18775544093194,1173.0
scanId=135858,2.264166666667,368.4083791868617,2065.0
scanId=135858,2.264166666667,368.41943252359806,3311.0
scanId=135858,2.264166666667,368.43048606283907,3175.0
scanId=135858,2.264166666667,368.4415397312036,2378.0
scanId=135858,2.264166666667,368.4525936020743,1630.0
scanId=135858,2.264166666667,368.463647602067,1125.0
scanId=135858,2.264166666667,371.1546898122812,1886.0
scanId=135858,2.264166666667,371.16578427091275,2326.0
scanId=135858,2.264166666667,371.1768789322297,1993.0
scanId=135858,2.264166666667,371.1879737224894,1425.0
scanId=135858,2.264166666667,371.19906871543606,1033.0
scanId=135858,2.264166666667,375.2374991420801,1060.0
scanId=135858,2.264166666667,375.24865449162206,1111.0
scanId=135858,2.264166666667,377.2033909358683,1041.0
scanId=135858,2.264166666667,377.2145754688191,1175.0
scanId=135858,2.264166666667,379.19684655939886,1052.0
scanId=135858,2.264166666667,379.2080606073881,1169.0
scanId=135858,2.264166666667,379.2192747837935,1094.0
scanId=135858,2.264166666667,379.23048916341236,1036.0
scanId=135858,2.264166666667,385.16352678263723,1184.0
scanId=135858,2.264166666667,385.1748287124827,1362.0
scanId=135858,2.264166666667,385.18613077035496,1169.0
scanId=135858,2.264166666667,385.28785694179743,1029.0
scanId=135858,2.264166666667,387.1778790071367,1014.0
scanId=135858,2.264166666667,387.18921045202063,1153.0
scanId=135858,2.264166666667,387.2005420248005,1102.0
scanId=135858,2.264166666667,387.211873801314,1045.0
scanId=135858,2.264166666667,387.223205705722,1012.0
scanId=135858,2.264166666667,389.2202069444385,1297.0
scanId=135858,2.264166666667,389.23156823599044,1936.0
scanId=135858,2.264166666667,389.24292965530594,2324.0
scanId=135858,2.264166666667,389.2542912784876,2038.0
scanId=135858,2.264166666667,389.26565302943123,1504.0
scanId=135858,2.264166666667,389.2770149842424,1333.0
scanId=135858,2.264166666667,389.28837706681435,1543.0
scanId=135858,2.264166666667,389.2997393532552,1453.0
scanId=135858,2.264166666667,389.31110176745534,1061.0
scanId=135858,2.264166666667,391.1995640374078,1363.0
scanId=135858,2.264166666667,391.21095418073884,1479.0
scanId=135858,2.264166666667,391.2223444517054,1478.0
scanId=135858,2.264166666667,391.23373492666616,1303.0
scanId=135858,2.264166666667,391.2451255292609,1006.0
scanId=135858,2.264166666667,393.1839413288022,1781.0
scanId=135858,2.264166666667,393.1953603239123,3129.0
scanId=135858,2.264166666667,393.20677944653,3922.0
scanId=135858,2.264166666667,393.2181987732698,3532.0
scanId=135858,2.264166666667,393.2296182275157,2696.0
scanId=135858,2.264166666667,393.24103788588513,2002.0
scanId=135858,2.264166666667,393.252457671759,1485.0
scanId=135858,2.264166666667,393.2638776617582,1105.0
scanId=135858,2.264166666667,394.21231325179275,1001.0
scanId=135858,2.264166666667,399.3973365202538,1265.0
scanId=135858,2.264166666667,399.40884538699805,1575.0
scanId=135858,2.264166666667,399.42035438084974,1408.0
scanId=135858,2.264166666667,399.43186357922366,1066.0
scanId=135858,2.264166666667,400.3646577302632,1100.0
scanId=135858,2.264166666667,400.3761805254524,1161.0
scanId=135858,2.264166666667,400.3877034476874,1053.0
scanId=135858,2.264166666667,401.2870037683262,1008.0
scanId=135858,2.264166666667,402.3374625254267,2868.0
scanId=135858,2.264166666667,402.34901363605593,5287.0
scanId=135858,2.264166666667,402.3605649513947,5752.0
scanId=135858,2.264166666667,402.3721163936522,4460.0
scanId=135858,2.264166666667,402.38366804062053,2979.0
scanId=135858,2.264166666667,402.3952198145063,1991.0
scanId=135858,2.264166666667,402.40677179310427,1297.0
scanId=135858,2.264166666667,405.2304060194942,1115.0
scanId=135858,2.264166666667,405.24199858364443,1185.0
scanId=135858,2.264166666667,409.12319802563377,1246.0
scanId=135858,2.264166666667,409.1348461768291,5974.0
scanId=135858,2.264166666667,409.1464944545116,15055.0
scanId=135858,2.264166666667,409.15814293733655,20282.0
scanId=135858,2.264166666667,409.1697915466472,17819.0
scanId=135858,2.264166666667,409.18144036110186,12657.0
scanId=135858,2.264166666667,409.1930893020407,8562.0
scanId=135858,2.264166666667,409.20473844812483,5934.0
scanId=135858,2.264166666667,409.21638772069196,4191.0
scanId=135858,2.264166666667,409.22803719840573,3110.0
scanId=135858,2.264166666667,409.23968680260106,2308.0
scanId=135858,2.264166666667,409.25133661194445,1668.0
scanId=135858,2.264166666667,409.2629865477679,1205.0
scanId=135858,2.264166666667,410.13720580045464,2091.0
scanId=135858,2.264166666667,410.14886833814836,3961.0
scanId=135858,2.264166666667,410.1605310810481,5174.0
scanId=135858,2.264166666667,410.17219395036994,4809.0
scanId=135858,2.264166666667,410.18385702489934,3665.0
scanId=135858,2.264166666667,410.1955202258494,2561.0
scanId=135858,2.264166666667,410.2071836320084,1807.0
scanId=135858,2.264166666667,410.2188471645866,1325.0
scanId=135858,2.264166666667,410.2305109023751,1048.0
scanId=135858,2.264166666667,411.1524685854815,1460.0
scanId=135858,2.264166666667,411.1641455884558,1789.0
scanId=135858,2.264166666667,411.1758227177889,1619.0
scanId=135858,2.264166666667,411.18750005239303,1250.0
scanId=135858,2.264166666667,415.3786341805138,2095.0
scanId=135858,2.264166666667,415.390371002917,4989.0
scanId=135858,2.264166666667,415.4021080308573,7235.0
scanId=135858,2.264166666667,415.41384518488866,6960.0
scanId=135858,2.264166666667,415.4255825444586,5194.0
scanId=135858,2.264166666667,415.43732003011814,3468.0
scanId=135858,2.264166666667,415.4490577213176,2219.0
scanId=135858,2.264166666667,415.46079553860545,1461.0
scanId=135858,2.264166666667,416.38860866708904,1650.0
scanId=135858,2.264166666667,416.4003597495034,2568.0
scanId=135858,2.264166666667,416.4121110375185,2560.0
scanId=135858,2.264166666667,416.42386245156104,2069.0
scanId=135858,2.264166666667,416.43561407120575,1526.0
scanId=135858,2.264166666667,416.44736581687647,1070.0
scanId=135858,2.264166666667,421.23228239218446,1042.0
scanId=135858,2.264166666667,421.24410166427685,1178.0
scanId=135858,2.264166666667,421.25592106209376,1008.0
scanId=135858,2.264166666667,425.1060159080373,1417.0
scanId=135858,2.264166666667,425.1178893612456,3409.0
scanId=135858,2.264166666667,425.12976302059985,5017.0
scanId=135858,2.264166666667,425.14163680543635,4550.0
scanId=135858,2.264166666667,425.1535107964201,3290.0
scanId=135858,2.264166666667,425.165384912885,2336.0
scanId=135858,2.264166666667,425.1772592354984,1731.0
scanId=135858,2.264166666667,425.18913368359136,1540.0
scanId=135858,2.264166666667,425.2010083378344,1602.0
scanId=135858,2.264166666667,425.2128831175555,1764.0
scanId=135858,2.264166666667,425.22475810342826,1703.0
scanId=135858,2.264166666667,425.23663321477756,1399.0
scanId=135858,2.264166666667,425.2485085322799,1102.0
scanId=135858,2.264166666667,426.1277406700343,1092.0
scanId=135858,2.264166666667,426.13962838325386,1255.0
scanId=135858,2.264166666667,426.1515163026829,1045.0
scanId=135858,2.264166666667,429.3076537091598,1443.0
scanId=135858,2.264166666667,429.31958573533166,1496.0
scanId=135858,2.264166666667,429.3315178867259,1167.0
scanId=135858,2.264166666667,430.3702515818391,1805.0
scanId=135858,2.264166666667,430.38219832487283,2984.0
scanId=135858,2.264166666667,430.3941452743788,3121.0
scanId=135858,2.264166666667,430.4060923490407,2396.0
scanId=135858,2.264166666667,430.4180396301762,1598.0
scanId=135858,2.264166666667,430.4299870364664,1048.0
scanId=135858,2.264166666667,437.21883725653913,2112.0
scanId=135858,2.264166666667,437.230878720494,3052.0
scanId=135858,2.264166666667,437.2429203091848,2994.0
scanId=135858,2.264166666667,437.25496210476933,2454.0
scanId=135858,2.264166666667,437.26700402508834,1818.0
scanId=135858,2.264166666667,437.2790461523025,1315.0
scanId=135858,2.264166666667,437.3633455212806,2280.0
scanId=135858,2.264166666667,437.3753889750132,4321.0
scanId=135858,2.264166666667,437.3874325534732,5001.0
scanId=135858,2.264166666667,437.3994763388355,4019.0
scanId=135858,2.264166666667,437.4115202489235,2775.0
scanId=135858,2.264166666667,437.4235643659156,1821.0
scanId=135858,2.264166666667,437.43560860763176,1218.0
scanId=135858,2.264166666667,438.23089653264,1087.0
scanId=135858,2.264166666667,438.2429519250398,1061.0
scanId=135858,2.264166666667,438.3755719383517,1119.0
scanId=135858,2.264166666667,438.3876293205294,1426.0
scanId=135858,2.264166666667,438.39968682737265,1210.0
scanId=135858,2.264166666667,443.32086774968366,1342.0
scanId=135858,2.264166666667,443.33299290867456,1353.0
scanId=135858,2.264166666667,443.3451182749296,1119.0
scanId=135858,2.264166666667,453.2456305495444,1116.0
scanId=135858,2.264166666667,453.2578906812047,1253.0
scanId=135858,2.264166666667,453.27015102072556,1091.0
scanId=135858,2.264166666667,465.25316909853575,1034.0
scanId=135858,2.264166666667,473.3245253201657,1346.0
scanId=135858,2.264166666667,473.3370540706641,1850.0
scanId=135858,2.264166666667,473.34958303019766,1889.0
scanId=135858,2.264166666667,473.36211211232416,1554.0
scanId=135858,2.264166666667,473.37464140348754,1094.0
scanId=135858,2.264166666667,475.2935730834935,1770.0
scanId=135858,2.264166666667,475.3061279101395,3381.0
scanId=135858,2.264166666667,475.3186828592664,4285.0
scanId=135858,2.264166666667,475.331238017542,3815.0
scanId=135858,2.264166666667,475.3437932982971,2691.0
scanId=135858,2.264166666667,475.3563487882023,1848.0
scanId=135858,2.264166666667,475.3689044005857,1186.0
scanId=135858,2.264166666667,481.2378723063076,1084.0
scanId=135858,2.264166666667,481.25050539755006,1702.0
scanId=135858,2.264166666667,481.2631386109355,2088.0
scanId=135858,2.264166666667,481.2757720338076,1952.0
scanId=135858,2.264166666667,481.28840557882125,1657.0
scanId=135858,2.264166666667,481.301039333323,1300.0
scanId=135858,2.264166666667,482.26168818898657,1166.0
scanId=135858,2.264166666667,482.274334667501,1182.0
scanId=135858,2.264166666667,487.3335203350278,1075.0
scanId=135858,2.264166666667,487.34623313918723,1326.0
scanId=135858,2.264166666667,487.3589461531742,1298.0
scanId=135858,2.264166666667,487.3716592889619,1104.0
scanId=135858,2.264166666667,488.47833877691346,1064.0
scanId=135858,2.264166666667,488.4910665043433,1308.0
scanId=135858,2.264166666667,488.5037944416643,1232.0
scanId=135858,2.264166666667,501.379170980907,1235.0
scanId=135858,2.264166666667,501.39206572793955,1620.0
scanId=135858,2.264166666667,501.404960596005,1756.0
scanId=135858,2.264166666667,501.4178556746672,1515.0
scanId=135858,2.264166666667,501.4307508743609,1122.0
scanId=135858,2.264166666667,503.13437570907564,1826.0
scanId=135858,2.264166666667,503.14729300692426,2074.0
scanId=135858,2.264166666667,503.1602104257112,1605.0
scanId=135858,2.264166666667,503.17312805518947,1075.0
scanId=135858,2.264166666667,515.389013442422,1216.0
scanId=135858,2.264166666667,515.4020870581273,2367.0
scanId=135858,2.264166666667,515.4151608851686,3111.0
scanId=135858,2.264166666667,515.4282348325023,3013.0
scanId=135858,2.264166666667,515.4413089911732,2461.0
scanId=135858,2.264166666667,515.4543832701353,1861.0
scanId=135858,2.264166666667,515.4674577604358,1383.0
scanId=135858,2.264166666667,515.4805323710261,1061.0
scanId=135858,2.264166666667,516.4877771028674,1004.0
scanId=135858,2.264166666667,516.5008646469614,2206.0
scanId=135858,2.264166666667,516.5139524024476,3735.0
scanId=135858,2.264166666667,516.5270402781698,4382.0
scanId=135858,2.264166666667,516.5401283652857,3649.0
scanId=135858,2.264166666667,516.553216572636,2522.0
scanId=135858,2.264166666667,516.5663049913817,1676.0
scanId=135858,2.264166666667,516.5793935303603,1095.0
scanId=135858,2.264166666667,517.3388138215698,1070.0
scanId=135858,2.264166666667,517.3519121892049,1579.0
scanId=135858,2.264166666667,517.3650106770325,2059.0
scanId=135858,2.264166666667,517.378109376297,2050.0
scanId=135858,2.264166666667,517.391208195753,1610.0
scanId=135858,2.264166666667,517.4043072266471,1188.0
scanId=135858,2.264166666667,517.5091052606272,1153.0
scanId=135858,2.264166666667,517.5222057382246,1750.0
scanId=135858,2.264166666667,517.5353064272672,1867.0
scanId=135858,2.264166666667,517.5484072364927,1480.0
scanId=135858,2.264166666667,517.561508257165,1058.0
scanId=135858,2.264166666667,523.2893398053876,1879.0
scanId=135858,2.264166666667,523.3025132412124,4281.0
scanId=135858,2.264166666667,523.3156868887768,6655.0
scanId=135858,2.264166666667,523.3288606562301,7082.0
scanId=135858,2.264166666667,523.342034635424,5483.0
scanId=135858,2.264166666667,523.3552087345054,3778.0
scanId=135858,2.264166666667,523.3683830453292,2497.0
scanId=135858,2.264166666667,523.3815574760388,1655.0
scanId=135858,2.264166666667,523.3947321184922,1119.0
scanId=135858,2.264166666667,524.3041812822252,1591.0
scanId=135858,2.264166666667,524.3173675317163,2236.0
scanId=135858,2.264166666667,524.3305539010453,2302.0
scanId=135858,2.264166666667,524.3437404821659,1773.0
scanId=135858,2.264166666667,524.3569271831233,1202.0
scanId=135858,2.264166666667,525.2672116004231,1208.0
scanId=135858,2.264166666667,525.2804099083716,1612.0
scanId=135858,2.264166666667,525.2936084281595,1566.0
scanId=135858,2.264166666667,525.3068070677364,1418.0
scanId=135858,2.264166666667,525.320005919154,1287.0
scanId=135858,2.264166666667,525.3332048903591,1087.0
scanId=135858,2.264166666667,529.4196358121386,1795.0
scanId=135858,2.264166666667,529.4328861857344,2805.0
scanId=135858,2.264166666667,529.4461367713766,2691.0
scanId=135858,2.264166666667,529.4593874766008,2195.0
scanId=135858,2.264166666667,529.4726383938726,2126.0
scanId=135858,2.264166666667,529.4858894307249,2115.0
scanId=135858,2.264166666667,529.4991406796265,1784.0
scanId=135858,2.264166666667,529.5123920481072,1367.0
scanId=135858,2.264166666667,530.4801915228825,1168.0
scanId=135858,2.264166666667,530.4934551616115,1640.0
scanId=135858,2.264166666667,530.5067190124396,1596.0
scanId=135858,2.264166666667,530.519982982797,1278.0
scanId=135858,2.264166666667,531.3692234609487,1128.0
scanId=135858,2.264166666667,531.382498255555,1525.0
scanId=135858,2.264166666667,531.3957731696476,1638.0
scanId=135858,2.264166666667,531.4090482958836,1466.0
scanId=135858,2.264166666667,531.4223235416046,1244.0
scanId=135858,2.264166666667,531.4355989994702,1076.0
scanId=135858,2.264166666667,533.508597377081,1883.0
scanId=135858,2.264166666667,533.5218988214409,2410.0
scanId=135858,2.264166666667,533.5352004780486,2194.0
scanId=135858,2.264166666667,533.5485022540369,1693.0
scanId=135858,2.264166666667,533.5618042422742,1202.0
scanId=135858,2.264166666667,534.5199814842191,1270.0
scanId=135858,2.264166666667,534.5332955304563,1366.0
scanId=135858,2.264166666667,534.5466097889905,1071.0
scanId=135858,2.264166666667,537.3596220195798,1695.0
scanId=135858,2.264166666667,537.3729714308564,3348.0
scanId=135858,2.264166666667,537.3863209613274,4755.0
scanId=135858,2.264166666667,537.3996707042337,4642.0
scanId=135858,2.264166666667,537.4130205663329,3534.0
scanId=135858,2.264166666667,537.4263706408688,2480.0
scanId=135858,2.264166666667,537.4397208345966,1685.0
scanId=135858,2.264166666667,537.453071240762,1124.0
scanId=135858,2.264166666667,538.3746480763658,1053.0
scanId=135858,2.264166666667,538.3880100895689,1522.0
scanId=135858,2.264166666667,538.4013722219177,1549.0
scanId=135858,2.264166666667,538.4147345667503,1159.0
scanId=135858,2.264166666667,543.4372950275153,1289.0
scanId=135858,2.264166666667,543.4507197187213,1681.0
scanId=135858,2.264166666667,543.4641445288322,1752.0
scanId=135858,2.264166666667,543.4775695516679,2424.0
scanId=135858,2.264166666667,543.490994693407,4290.0
scanId=135858,2.264166666667,543.5044200478723,5815.0
scanId=135858,2.264166666667,543.5178455212398,5288.0
scanId=135858,2.264166666667,543.531271207335,3774.0
scanId=135858,2.264166666667,543.5446970123306,2583.0
scanId=135858,2.264166666667,543.5581230300554,1782.0
scanId=135858,2.264166666667,543.5715491666796,1255.0
scanId=135858,2.264166666667,544.4849170530682,1237.0
scanId=135858,2.264166666667,544.4983546778305,1896.0
scanId=135858,2.264166666667,544.5117924214481,2013.0
scanId=135858,2.264166666667,544.5252303778401,1702.0
scanId=135858,2.264166666667,544.5386684530861,1409.0
scanId=135858,2.264166666667,544.5521067411077,1123.0
scanId=135858,2.264166666667,550.5621012824721,1006.0
scanId=135858,2.264166666667,550.6026389071751,1075.0
scanId=135858,2.264166666667,550.6161518118669,1361.0
scanId=135858,2.264166666667,550.6296648351299,1536.0
scanId=135858,2.264166666667,550.6431780714513,1368.0
scanId=135858,2.264166666667,555.4644186416074,1979.0
scanId=135858,2.264166666667,555.4779910263569,7484.0
scanId=135858,2.264166666667,555.4915636243848,16682.0
scanId=135858,2.264166666667,555.5051363407626,22821.0
scanId=135858,2.264166666667,555.5187092704202,20979.0
scanId=135858,2.264166666667,555.5322823184265,15414.0
scanId=135858,2.264166666667,555.5458555797137,10394.0
scanId=135858,2.264166666667,555.5594289593483,6787.0
scanId=135858,2.264166666667,555.5730025522653,4472.0
scanId=135858,2.264166666667,555.5865762635283,3001.0
scanId=135858,2.264166666667,555.600150188075,1892.0
scanId=135858,2.264166666667,555.6137242309663,1169.0
scanId=135858,2.264166666667,556.4692247342449,1837.0
scanId=135858,2.264166666667,556.4828093892461,4407.0
scanId=135858,2.264166666667,556.4963942575708,7966.0
scanId=135858,2.264166666667,556.5099792442006,9878.0
scanId=135858,2.264166666667,556.523564444155,8806.0
scanId=135858,2.264166666667,556.5371497624129,6309.0
scanId=135858,2.264166666667,556.5507352939971,4201.0
scanId=135858,2.264166666667,556.5643209438837,2800.0
scanId=135858,2.264166666667,556.5779068070975,1944.0
scanId=135858,2.264166666667,556.5914927886122,1323.0
scanId=135858,2.264166666667,557.4885357524389,1077.0
scanId=135858,2.264166666667,557.5021328910606,1859.0
scanId=135858,2.264166666667,557.515730147942,2556.0
scanId=135858,2.264166666667,557.5293276181934,2461.0
scanId=135858,2.264166666667,557.5429252067033,1826.0
scanId=135858,2.264166666667,557.5565230085845,1228.0
scanId=135858,2.264166666667,561.3840683687266,1333.0
scanId=135858,2.264166666667,561.3977129303876,1394.0
scanId=135858,2.264166666667,561.4113576101361,1108.0
scanId=135858,2.264166666667,569.2845210966622,1066.0
scanId=135858,2.264166666667,569.2982612854087,1635.0
scanId=135858,2.264166666667,569.3120016880374,1834.0
scanId=135858,2.264166666667,569.3257422084124,1547.0
scanId=135858,2.264166666667,569.3394829426707,1198.0
scanId=135858,2.264166666667,569.3532237946742,1027.0
scanId=135858,2.264166666667,571.4575313136065,1842.0
scanId=135858,2.264166666667,571.4712977010036,2952.0
scanId=135858,2.264166666667,571.4850643023742,3133.0
scanId=135858,2.264166666667,571.4988310213998,2560.0
scanId=135858,2.264166666667,571.5125979544001,1740.0
scanId=135858,2.264166666667,571.5263650050542,1124.0
scanId=135858,2.264166666667,575.4014827673277,1133.0
scanId=135858,2.264166666667,575.4152965776004,1183.0
scanId=135858,2.264166666667,576.4103284174458,1188.0
scanId=135858,2.264166666667,576.4241543805231,1266.0
scanId=135858,2.264166666667,576.4379804610509,1087.0
scanId=135858,2.264166666667,577.3370329635757,1514.0
scanId=135858,2.264166666667,577.3508699878446,2489.0
scanId=135858,2.264166666667,577.3647072263298,2685.0
scanId=135858,2.264166666667,577.3785445822272,2164.0
scanId=135858,2.264166666667,577.392382152342,1645.0
scanId=135858,2.264166666667,577.4062198398678,1340.0
scanId=135858,2.264166666667,577.4200577416123,1118.0
scanId=135858,2.264166666667,578.3614224154136,1643.0
scanId=135858,2.264166666667,578.3752717099378,1650.0
scanId=135858,2.264166666667,578.3891212187199,1340.0
scanId=135858,2.264166666667,578.4029708448726,1032.0
scanId=135858,2.264166666667,579.3589971870862,1173.0
scanId=135858,2.264166666667,579.3728584202373,1271.0
scanId=135858,2.264166666667,579.3867198676866,1126.0
scanId=135858,2.264166666667,581.4955842867508,1018.0
scanId=135858,2.264166666667,581.5094710552994,2031.0
scanId=135858,2.264166666667,581.5233580382312,2883.0
scanId=135858,2.264166666667,581.5372451384081,2764.0
scanId=135858,2.264166666667,581.5511324529697,2043.0
scanId=135858,2.264166666667,581.5650198847751,1390.0
scanId=135858,2.264166666667,582.5236548214757,1004.0
scanId=135858,2.264166666667,582.5375538602801,1020.0
scanId=135858,2.264166666667,605.413438215814,1295.0
scanId=135858,2.264166666667,605.427607747204,1255.0
scanId=135858,2.264166666667,613.331529175488,1276.0
scanId=135858,2.264166666667,613.3457910160104,1450.0
scanId=135858,2.264166666667,613.3600530720712,1385.0
scanId=135858,2.264166666667,613.3743152442225,1106.0
scanId=135858,2.264166666667,625.3123229054362,1755.0
scanId=135858,2.264166666667,625.3267233667776,3721.0
scanId=135858,2.264166666667,625.3411240440303,5265.0
scanId=135858,2.264166666667,625.3555248370003,5352.0
scanId=135858,2.264166666667,625.3699258458827,4266.0
scanId=135858,2.264166666667,625.3843269704817,2948.0
scanId=135858,2.264166666667,625.3987283109936,1921.0
scanId=135858,2.264166666667,625.4131297672214,1298.0
scanId=135858,2.264166666667,626.3207573949985,1025.0
scanId=135858,2.264166666667,626.3351694633476,1884.0
scanId=135858,2.264166666667,626.3495817476379,2649.0
scanId=135858,2.264166666667,626.3639941476159,2707.0
scanId=135858,2.264166666667,626.3784067635357,2187.0
scanId=135858,2.264166666667,626.3928194951426,1615.0
scanId=135858,2.264166666667,626.4072324426921,1214.0
scanId=135858,2.264166666667,631.5777141054052,1028.0
scanId=135858,2.264166666667,635.4041973079921,1060.0
scanId=135858,2.264166666667,639.3587217700453,1015.0
scanId=135858,2.264166666667,639.373283071374,1047.0
scanId=135858,2.264166666667,645.2988814308171,1092.0
scanId=135858,2.264166666667,645.3135102692659,1183.0
scanId=135858,2.264166666667,645.3281392228924,1036.0
scanId=135858,2.264166666667,647.304573584245,1561.0
scanId=135858,2.264166666667,647.3192250886392,2705.0
scanId=135858,2.264166666667,647.3338768095336,3029.0
scanId=135858,2.264166666667,647.3485286455567,2539.0
scanId=135858,2.264166666667,647.3631806980807,1809.0
scanId=135858,2.264166666667,647.3778328657329,1236.0
scanId=135858,2.264166666667,649.3427265206229,1095.0
scanId=135858,2.264166666667,657.3501870996528,1228.0
scanId=135858,2.264166666667,657.3649519062561,1416.0
scanId=135858,2.264166666667,657.3797168277638,1265.0
scanId=135858,2.264166666667,657.3944819659968,1041.0
scanId=135858,2.264166666667,661.5500483740733,1042.0
scanId=135858,2.264166666667,661.5648602720863,1045.0
scanId=135858,2.264166666667,663.4324828922239,1711.0
scanId=135858,2.264166666667,663.4473157976865,2531.0
scanId=135858,2.264166666667,663.4621489199969,2689.0
scanId=135858,2.264166666667,663.4769821570889,2335.0
scanId=135858,2.264166666667,663.4918156110289,1717.0
scanId=135858,2.264166666667,663.5066491797497,1190.0
scanId=135858,2.264166666667,664.4414999246535,1294.0
scanId=135858,2.264166666667,664.4563441055047,1516.0
scanId=135858,2.264166666667,664.4711885032231,1381.0
scanId=135858,2.264166666667,664.4860330157036,1093.0
scanId=135858,2.264166666667,665.3472999290173,1995.0
scanId=135858,2.264166666667,665.3621542756249,3719.0
scanId=135858,2.264166666667,665.3770087369779,4517.0
scanId=135858,2.264166666667,665.3918634152154,4045.0
scanId=135858,2.264166666667,665.4067182081975,3001.0
scanId=135858,2.264166666667,665.4215732180646,2179.0
scanId=135858,2.264166666667,665.4364283426756,1680.0
scanId=135858,2.264166666667,665.4512836841725,1241.0
scanId=135858,2.264166666667,666.3577714878363,1017.0
scanId=135858,2.264166666667,666.3726371098519,1555.0
scanId=135858,2.264166666667,666.3875028465943,1756.0
scanId=135858,2.264166666667,666.4023688002395,1541.0
scanId=135858,2.264166666667,666.417234868611,1194.0
scanId=135858,2.264166666667,679.3385111963687,1186.0
scanId=135858,2.264166666667,679.3535208601636,1548.0
scanId=135858,2.264166666667,679.368530741075,1449.0
scanId=135858,2.264166666667,679.3835407364994,1200.0
scanId=135858,2.264166666667,685.3857711857582,1529.0
scanId=135858,2.264166666667,685.4008475070302,3753.0
scanId=135858,2.264166666667,685.4159240455004,6173.0
scanId=135858,2.264166666667,685.4310006984015,7483.0
scanId=135858,2.264166666667,685.4460775685014,6779.0
scanId=135858,2.264166666667,685.4611545530317,5012.0
scanId=135858,2.264166666667,685.4762317547613,3422.0
scanId=135858,2.264166666667,685.4913090709209,2194.0
scanId=135858,2.264166666667,685.5063866042802,1397.0
scanId=135858,2.264166666667,686.4113405052406,1951.0
scanId=135858,2.264166666667,686.4264281019077,3553.0
scanId=135858,2.264166666667,686.4415159157859,4007.0
scanId=135858,2.264166666667,686.4566038440823,3253.0
scanId=135858,2.264166666667,686.47169198959,2330.0
scanId=135858,2.264166666667,686.4867802495155,1687.0
scanId=135858,2.264166666667,686.5018687266531,1165.0
scanId=135858,2.264166666667,687.3319888847747,1051.0
scanId=135858,2.264166666667,687.3470866475423,1472.0
scanId=135858,2.264166666667,687.3621845247169,1670.0
scanId=135858,2.264166666667,687.3772826191141,1651.0
scanId=135858,2.264166666667,687.3923808279181,1584.0
scanId=135858,2.264166666667,687.407479253945,1636.0
scanId=135858,2.264166666667,687.4225777943782,1757.0
scanId=135858,2.264166666667,687.4376765520346,1792.0
scanId=135858,2.264166666667,687.4527754240972,1625.0
scanId=135858,2.264166666667,687.4678745133833,1233.0
scanId=135858,2.264166666667,693.460137724966,1001.0
scanId=135858,2.264166666667,701.3835077149641,1276.0
scanId=135858,2.264166666667,701.3987590222577,1476.0
scanId=135858,2.264166666667,701.4140104438213,1549.0
scanId=135858,2.264166666667,701.4292620827445,1325.0
scanId=135858,2.264166666667,701.4445138359375,1011.0
scanId=135858,2.264166666667,703.596674667489,1184.0
scanId=135858,2.264166666667,703.6119499663715,1623.0
scanId=135858,2.264166666667,703.6272254826291,1707.0
scanId=135858,2.264166666667,703.6425011131412,1471.0
scanId=135858,2.264166666667,703.6577769610284,1093.0
scanId=135858,2.264166666667,705.3544238937463,1178.0
scanId=135858,2.264166666667,705.3697183128935,1451.0
scanId=135858,2.264166666667,705.3850128462843,1569.0
scanId=135858,2.264166666667,705.4003075970612,1492.0
scanId=135858,2.264166666667,705.4156024620814,1257.0
scanId=135858,2.264166666667,705.430897544488,1056.0
scanId=135858,2.264166666667,722.4951734855351,1218.0
scanId=135858,2.264166666667,722.5106526223951,1864.0
scanId=135858,2.264166666667,722.5261318734429,2107.0
scanId=135858,2.264166666667,722.5416113419325,1831.0
scanId=135858,2.264166666667,722.55709092461,1316.0
scanId=135858,2.264166666667,722.5725707247292,1016.0
scanId=135858,2.264166666667,736.4934538182308,2751.0
scanId=135858,2.264166666667,736.5090821884311,7313.0
scanId=135858,2.264166666667,736.5247106728508,12686.0
scanId=135858,2.264166666667,736.5403393746806,16026.0
scanId=135858,2.264166666667,736.5559681907299,14956.0
scanId=135858,2.264166666667,736.5715972241894,10953.0
scanId=135858,2.264166666667,736.5872263718687,7416.0
scanId=135858,2.264166666667,736.6028557369578,4966.0
scanId=135858,2.264166666667,736.6184852162669,3365.0
scanId=135858,2.264166666667,736.6341149129856,2358.0
scanId=135858,2.264166666667,736.6497447239243,1686.0
scanId=135858,2.264166666667,736.665374752273,1145.0
scanId=135858,2.264166666667,737.4627247270865,1053.0
scanId=135858,2.264166666667,737.4783633778057,1344.0
scanId=135858,2.264166666667,737.4940021427491,1856.0
scanId=135858,2.264166666667,737.5096411250981,3529.0
scanId=135858,2.264166666667,737.5252802216712,6080.0
scanId=135858,2.264166666667,737.5409195356499,8081.0
scanId=135858,2.264166666667,737.5565589638527,8062.0
scanId=135858,2.264166666667,737.5721986094611,6797.0
scanId=135858,2.264166666667,737.5878383692936,5293.0
scanId=135858,2.264166666667,737.6034783465317,3879.0
scanId=135858,2.264166666667,737.6191184379942,2784.0
scanId=135858,2.264166666667,737.6347587468616,1927.0
scanId=135858,2.264166666667,737.650399169954,1270.0
scanId=135858,2.264166666667,738.5108792394427,1461.0
scanId=135858,2.264166666667,738.5265289481698,2414.0
scanId=135858,2.264166666667,738.5421788742971,2989.0
scanId=135858,2.264166666667,738.557828914654,2681.0
scanId=135858,2.264166666667,738.5734791724109,1882.0
scanId=135858,2.264166666667,738.5891295443975,1253.0
scanId=135858,2.264166666667,746.623909343105,1017.0
scanId=135858,2.264166666667,750.5471588115671,1067.0
scanId=135858,2.264166666667,757.6000433833303,1677.0
scanId=135858,2.264166666667,757.6158940597954,2587.0
scanId=135858,2.264166666667,757.6317449534877,3080.0
scanId=135858,2.264166666667,757.6475959615831,2692.0
scanId=135858,2.264166666667,757.663447186905,2076.0
scanId=135858,2.264166666667,757.6792985266303,1612.0
scanId=135858,2.264166666667,757.695150083582,1202.0
scanId=135858,2.264166666667,758.6306838938073,1532.0
scanId=135858,2.264166666667,758.6465453996484,1653.0
scanId=135858,2.264166666667,758.6624070199052,1422.0
scanId=135858,2.264166666667,758.678268857376,1169.0
scanId=135858,2.264166666667,758.6941308092629,1018.0
scanId=135858,2.264166666667,764.5107509025485,2028.0
scanId=135858,2.264166666667,764.526673759874,7525.0
scanId=135858,2.264166666667,764.542596731699,18128.0
scanId=135858,2.264166666667,764.5585199206542,28945.0
scanId=135858,2.264166666667,764.5744432241092,32450.0
scanId=135858,2.264166666667,764.5903667446942,27486.0
scanId=135858,2.264166666667,764.6062903797794,19660.0
scanId=135858,2.264166666667,764.6222142319939,13285.0
scanId=135858,2.264166666667,764.6381381987092,8726.0
scanId=135858,2.264166666667,764.6540623825532,5690.0
scanId=135858,2.264166666667,764.6699866808988,3679.0
scanId=135858,2.264166666667,764.6859111963724,2436.0
scanId=135858,2.264166666667,764.7018358263483,1613.0
scanId=135858,2.264166666667,764.7177606734516,1095.0
scanId=135858,2.264166666667,765.5142131598583,1582.0
scanId=135858,2.264166666667,765.5301464122177,4395.0
scanId=135858,2.264166666667,765.5460798816918,9542.0
scanId=135858,2.264166666667,765.5620134656815,15810.0
scanId=135858,2.264166666667,765.5779472667853,19167.0
scanId=135858,2.264166666667,765.5938811824049,17136.0
scanId=135858,2.264166666667,765.6098153151382,12540.0
scanId=135858,2.264166666667,765.6257495623883,8547.0
scanId=135858,2.264166666667,765.6416840267512,5875.0
scanId=135858,2.264166666667,765.6576186056312,4079.0
scanId=135858,2.264166666667,765.6735534016241,2720.0
scanId=135858,2.264166666667,765.689488312134,1769.0
scanId=135858,2.264166666667,765.7054234397565,1175.0
scanId=135858,2.264166666667,766.5342772353914,1855.0
scanId=135858,2.264166666667,766.5502210999158,3500.0
scanId=135858,2.264166666667,766.5661651815387,4777.0
scanId=135858,2.264166666667,766.5821093776931,4950.0
scanId=135858,2.264166666667,766.5980537909456,4158.0
scanId=135858,2.264166666667,766.6139983187302,2990.0
scanId=135858,2.264166666667,766.6299430636122,2083.0
scanId=135858,2.264166666667,766.6458879230273,1502.0
scanId=135858,2.264166666667,766.6618329995389,1087.0
scanId=135858,2.264166666667,767.5709749656565,1177.0
scanId=135858,2.264166666667,767.5869296594279,1240.0
scanId=135858,2.264166666667,767.6028844677479,1032.0
scanId=135858,2.264166666667,769.5825689438586,1020.0
scanId=135858,2.264166666667,769.5985445302977,1905.0
scanId=135858,2.264166666667,769.6145202313195,2754.0
scanId=135858,2.264166666667,769.6304961493883,2680.0
scanId=135858,2.264166666667,769.64647218204,2119.0
scanId=135858,2.264166666667,769.6624484317387,1663.0
scanId=135858,2.264166666667,769.6784247960206,1293.0
scanId=135858,2.264166666667,770.6053391194929,1134.0
scanId=135858,2.264166666667,770.6213253180806,1729.0
scanId=135858,2.264166666667,770.6373116312691,1794.0
scanId=135858,2.264166666667,770.6532981614864,1408.0
scanId=135858,2.264166666667,773.5816201404166,1005.0
scanId=135858,2.264166666667,773.5976371805614,1065.0
scanId=135858,2.264166666667,780.5646736069964,1140.0
scanId=135858,2.264166666667,780.5807627255717,1153.0
scanId=135858,2.264166666667,780.5968520609794,1005.0
scanId=135858,2.264166666667,792.5646150415665,1486.0
scanId=135858,2.264166666667,792.5808274115725,2505.0
scanId=135858,2.264166666667,792.5970398966681,3474.0
scanId=135858,2.264166666667,792.6132525983038,3631.0
scanId=135858,2.264166666667,792.62946541503,2944.0
scanId=135858,2.264166666667,792.6456784482955,2174.0
scanId=135858,2.264166666667,792.6618915966521,1573.0
scanId=135858,2.264166666667,792.6781049615472,1141.0
scanId=135858,2.264166666667,793.5700939656978,1245.0
scanId=135858,2.264166666667,793.5863166162229,1777.0
scanId=135858,2.264166666667,793.6025393818647,2179.0
scanId=135858,2.264166666667,793.6187623640194,2045.0
scanId=135858,2.264166666667,793.6349854612919,1565.0
scanId=135858,2.264166666667,793.651208775076,1130.0
scanId=135858,2.264166666667,795.6316940745494,1381.0
scanId=135858,2.264166666667,795.6479377329158,1390.0
scanId=135858,2.264166666667,795.664181607738,1085.0
scanId=135858,2.264166666667,796.6553699583055,1116.0
scanId=135858,2.264166666667,796.671624113647,1136.0
scanId=135858,2.264166666667,796.7203874733372,1161.0
scanId=135858,2.264166666667,796.7366422919379,1204.0
scanId=135858,2.264166666667,801.6531764035996,2054.0
scanId=135858,2.264166666667,801.6694814136271,3937.0
scanId=135858,2.264166666667,801.6857866399339,5293.0
scanId=135858,2.264166666667,801.7020919815922,5251.0
scanId=135858,2.264166666667,801.7183975395287,4108.0
scanId=135858,2.264166666667,801.7347032128175,2810.0
scanId=135858,2.264166666667,801.7510091023835,1870.0
scanId=135858,2.264166666667,801.7673151073033,1226.0
scanId=135858,2.264166666667,802.6644021460035,1935.0
scanId=135858,2.264166666667,802.6807174365814,3049.0
scanId=135858,2.264166666667,802.6970329434071,3354.0
scanId=135858,2.264166666667,802.7133485656158,2869.0
scanId=135858,2.264166666667,802.7296644040712,2141.0
scanId=135858,2.264166666667,802.7459803579105,1514.0
scanId=135858,2.264166666667,802.7622965279954,1039.0
scanId=135858,2.264166666667,815.6709649599599,1382.0
scanId=135858,2.264166666667,815.6874119079486,2131.0
scanId=135858,2.264166666667,815.7038590717438,2651.0
scanId=135858,2.264166666667,815.7203063513633,2474.0
scanId=135858,2.264166666667,815.736753846788,1870.0
scanId=135858,2.264166666667,815.7532014580383,1259.0
scanId=135858,2.264166666667,816.6909908413936,1640.0
scanId=135858,2.264166666667,816.7074480699393,2174.0
scanId=135858,2.264166666667,816.7239055142533,2121.0
scanId=135858,2.264166666667,816.7403630744299,1697.0
scanId=135858,2.264166666667,816.7568208503734,1267.0
scanId=135858,2.264166666667,817.6457856380945,1561.0
scanId=135858,2.264166666667,817.6622524839358,2178.0
scanId=135858,2.264166666667,817.6787195455095,2277.0
scanId=135858,2.264166666667,817.6951867229812,2141.0
scanId=135858,2.264166666667,817.7116541161847,1862.0
scanId=135858,2.264166666667,817.7281216252876,1367.0
scanId=135858,2.264166666667,817.7445893501208,1048.0
scanId=135858,2.264166666667,818.6835223105033,1001.0
scanId=135858,2.264166666667,819.6724548325188,1163.0
scanId=135858,2.264166666667,819.6889421235009,1030.0
scanId=135858,2.264166666667,827.671673076318,1327.0
scanId=135858,2.264166666667,827.6882406216743,2363.0
scanId=135858,2.264166666667,827.7048082833286,2797.0
scanId=135858,2.264166666667,827.7213761603147,2535.0
scanId=135858,2.264166666667,827.7379441536002,1848.0
scanId=135858,2.264166666667,827.7545123622159,1232.0
scanId=135858,2.264166666667,828.6825952992906,1198.0
scanId=135858,2.264166666667,828.6991729098766,1563.0
scanId=135858,2.264166666667,828.715750735752,1632.0
scanId=135858,2.264166666667,828.732328677969,1464.0
scanId=135858,2.264166666667,828.7489068354739,1076.0
scanId=135858,2.264166666667,829.6941344710599,1471.0
scanId=135858,2.264166666667,829.7107222458245,2160.0
scanId=135858,2.264166666667,829.7273101369739,2115.0
scanId=135858,2.264166666667,829.7438982433681,1639.0
scanId=135858,2.264166666667,829.7604864661483,1236.0
scanId=135858,2.264166666667,830.7062906905471,1192.0
scanId=135858,2.264166666667,830.7228885306287,1344.0
scanId=135858,2.264166666667,830.7394865859125,1210.0
scanId=135858,2.264166666667,839.69326875468,1325.0
scanId=135858,2.264166666667,839.7099561351764,1684.0
scanId=135858,2.264166666667,839.7266437304643,1552.0
scanId=135858,2.264166666667,839.7433314425921,1209.0
scanId=135858,2.264166666667,840.6948065467001,1043.0
scanId=135858,2.264166666667,840.7115038761341,1333.0
scanId=135858,2.264166666667,840.7282014203114,1202.0
scanId=135858,2.264166666667,841.713648551903,1105.0
scanId=135858,2.264166666667,841.7303560449698,1140.0
scanId=135858,2.264166666667,842.7331076044546,1001.0
scanId=135858,2.264166666667,843.6862744724706,1142.0
scanId=135858,2.264166666667,843.7030015316863,1163.0
scanId=135858,2.264166666667,852.8102716664426,1053.0
scanId=135858,2.264166666667,852.8270889289221,1159.0
scanId=135858,2.264166666667,853.7186398176383,1229.0
scanId=135858,2.264166666667,853.7354660341182,1328.0
scanId=135858,2.264166666667,853.752292368153,1180.0
scanId=135858,2.264166666667,853.7691189162623,1012.0
scanId=135858,2.264166666667,855.6715841181451,1154.0
scanId=135858,2.264166666667,855.6884295691442,1242.0
scanId=135858,2.264166666667,855.7052751378056,1115.0
scanId=135858,2.264166666667,855.7221209204346,1118.0
scanId=135858,2.264166666667,855.7389668207276,1173.0
scanId=135858,2.264166666667,855.7558129349862,1071.0
scanId=135858,2.264166666667,857.7110846188342,1069.0
scanId=135858,2.264166666667,857.7279500853874,1155.0
scanId=135858,2.264166666667,857.7448157657949,1246.0
scanId=135858,2.264166666667,857.7616815639798,1170.0
scanId=135858,2.264166666667,869.6763691240934,1212.0
scanId=135858,2.264166666667,869.693351869766,1491.0
scanId=135858,2.264166666667,869.7103347339233,1581.0
scanId=135858,2.264166666667,869.7273178112255,1617.0
scanId=135858,2.264166666667,869.7443010070147,1564.0
scanId=135858,2.264166666667,869.7612844159462,1256.0
scanId=135858,2.264166666667,870.7126186322648,1024.0
scanId=135858,2.264166666667,885.7647233963254,1029.0
scanId=135858,2.264166666667,895.7160001828735,1168.0
scanId=135858,2.264166666667,895.7332352987061,1063.0
scanId=135858,2.264166666667,911.868434962519,1049.0
scanId=135858,2.264166666667,919.7280603941095,1252.0
scanId=135858,2.264166666667,919.745524997657,1180.0
scanId=135858,2.264166666667,919.7629897234386,1054.0
scanId=135858,2.264166666667,920.7238062176798,1095.0
scanId=135858,2.264166666667,920.741280229178,1158.0
scanId=135858,2.264166666667,920.7587544499851,1075.0
scanId=135858,2.264166666667,1429.3502470531507,1086.0
scanId=135858,2.264166666667,1429.3720191095897,1025.0
scanId=135858,2.264166666667,1575.3762980573713,1345.0
scanId=135858,2.264166666667,1575.3991552692885,1519.0
scanId=135858,2.264166666667,1575.422012502501,1503.0
scanId=135858,2.264166666667,1575.4448700460682,1333.0
scanId=135858,2.264166666667,1576.4050335761926,1125.0
scanId=135858,2.264166666667,1577.3883611062067,1059.0
scanId=135858,2.264166666667,1578.3491166137667,1138.0
scanId=135858,2.264166666667,1578.3719953829757,1496.0
scanId=135858,2.264166666667,1578.3948741721147,1607.0
scanId=135858,2.264166666667,1578.417753272974,1475.0
scanId=135858,2.264166666667,1578.4406323937433,1156.0
scanId=135858,2.264166666667,1579.35593611518,1420.0
scanId=135858,2.264166666667,1579.378822180703,1610.0
scanId=135858,2.264166666667,1579.4017082656949,1606.0
scanId=135858,2.264166666667,1579.4245946628691,1396.0
scanId=135858,2.264166666667,1579.4474810794907,1064.0
scanId=135858,2.264166666667,1580.3401835950588,1438.0
scanId=135858,2.264166666667,1580.3630766442725,1699.0
scanId=135858,2.264166666667,1580.3859700061116,1780.0
scanId=135858,2.264166666667,1580.4088633869555,1669.0
scanId=135858,2.264166666667,1580.4317570804453,1405.0
scanId=135858,2.264166666667,1580.4546507929183,1134.0
scanId=135858,2.264166666667,1581.3705382010544,1296.0
scanId=135858,2.264166666667,1581.3934388592093,1327.0
scanId=135858,2.264166666667,1581.4163395359053,1082.0
scanId=135858,2.264166666667,1593.3242048017617,1059.0
scanId=135858,2.264166666667,1593.3471917021657,1178.0
scanId=135858,2.264166666667,1593.3701789211848,1194.0
scanId=135858,2.264166666667,1593.3931661532183,1255.0
scanId=135858,2.264166666667,1593.4161537038879,1253.0
scanId=135858,2.264166666667,1593.4391412675511,1150.0
scanId=135858,2.264166666667,1594.312794463186,1406.0
scanId=135858,2.264166666667,1594.3357886468746,2068.0
scanId=135858,2.264166666667,1594.3587828431307,2447.0
scanId=135858,2.264166666667,1594.3817773584703,2571.0
scanId=135858,2.264166666667,1594.4047718863555,2705.0
scanId=135858,2.264166666667,1594.4277667333458,2636.0
scanId=135858,2.264166666667,1594.4507615928615,2242.0
scanId=135858,2.264166666667,1594.4737567715022,1694.0
scanId=135858,2.264166666667,1594.4967519626473,1127.0
scanId=135858,2.264166666667,1595.3016908793006,1129.0
scanId=135858,2.264166666667,1595.3246920397794,2028.0
scanId=135858,2.264166666667,1595.3476935197884,2966.0
scanId=135858,2.264166666667,1595.3706950118967,3438.0
scanId=135858,2.264166666667,1595.3936968235566,3330.0
scanId=135858,2.264166666667,1595.4166986472947,2856.0
scanId=135858,2.264166666667,1595.439700790606,2384.0
scanId=135858,2.264166666667,1595.4627029459734,2005.0
scanId=135858,2.264166666667,1595.4857054209351,1560.0
scanId=135858,2.264166666667,1595.5087079079324,1070.0
scanId=135858,2.264166666667,1596.3139021878499,1494.0
scanId=135858,2.264166666667,1596.3369106441808,2106.0
scanId=135858,2.264166666667,1596.3599194205112,2699.0
scanId=135858,2.264166666667,1596.3829282084712,3103.0
scanId=135858,2.264166666667,1596.4059373164525,3086.0
scanId=135858,2.264166666667,1596.428946436043,2661.0
scanId=135858,2.264166666667,1596.4519558756754,2052.0
scanId=135858,2.264166666667,1596.4749653268946,1536.0
scanId=135858,2.264166666667,1596.497975098178,1109.0
scanId=135858,2.264166666667,1597.3264345242155,1111.0
scanId=135858,2.264166666667,1597.3494502763988,1484.0
scanId=135858,2.264166666667,1597.37246634905,1620.0
scanId=135858,2.264166666667,1597.3954824328628,1627.0
scanId=135858,2.264166666667,1597.4184988371655,1413.0
scanId=135858,2.264166666667,1597.441515252608,1134.0
scanId=135858,2.264166666667,1598.339287888405,1203.0
scanId=135858,2.264166666667,1598.3623109364403,1466.0
scanId=135858,2.264166666667,1598.3853343054134,1535.0
scanId=135858,2.264166666667,1598.4083576850785,1327.0
scanId=135858,2.264166666667,1598.431381385703,1041.0
scanId=135858,2.264166666667,1610.3567982436919,1127.0
scanId=135858,2.264166666667,1610.3799078419481,1372.0
scanId=135858,2.264166666667,1610.4030174453205,1355.0
scanId=135858,2.264166666667,1610.4261273752281,1191.0
scanId=135858,2.264166666667,1611.3506573298032,1494.0
scanId=135858,2.264166666667,1611.3737738973987,1846.0
scanId=135858,2.264166666667,1611.3968907919802,1808.0
scanId=135858,2.264166666667,1611.4200076912052,1700.0
scanId=135858,2.264166666667,1611.443124917439,1476.0
scanId=135858,2.264166666667,1611.4662421482938,1168.0
scanId=135858,2.264166666667,1612.3448228563236,1220.0
scanId=135858,2.264166666667,1612.367946715581,1436.0
scanId=135858,2.264166666667,1612.391070579028,1535.0
scanId=135858,2.264166666667,1612.4141947699368,1428.0
scanId=135858,2.264166666667,1612.4373189650141,1074.0
scanId=135858,2.264166666667,1613.362425973705,1004.0
scanId=135858,2.264166666667,1613.3855571292893,1299.0
scanId=135858,2.264166666667,1613.4086882885883,1286.0
scanId=135858,2.264166666667,1613.4318197758237,1087.0
scanId=135858,2.264166666667,1759.4301809846959,1028.0
scanId=135858,2.264166666667,1967.4450864541013,1147.0
scanId=135858,2.264166666667,1967.4706298874423,1296.0
scanId=135858,2.264166666667,1967.4961737974031,1204.0
scanId=135858,2.264166666667,1967.5217175623739,1072.0
scanId=135858,2.264166666667,1969.4635406955892,1093.0
scanId=135858,2.264166666667,1969.4890975396677,1095.0
scanId=135858,2.264166666667,1983.467811219698,1269.0
scanId=135858,2.264166666667,1983.493458453118,1259.0
scanId=135858,2.264166666667,1983.5191061675048,1013.0
scanId=135858,2.264166666667,1984.442528647645,1010.0
scanId=135858,2.264166666667,2483.5905746982985,1010.0
scanId=135858,2.264166666667,2488.557985630765,1035.0
scanId=136856,2.2808,102.12221174818875,2000.0
scanId=136856,2.2808,102.12803134254987,2433.0
scanId=136856,2.2808,102.13385110272583,1892.0
scanId=136856,2.2808,102.1396710287166,1268.0
scanId=136856,2.2808,118.11361684591603,1476.0
scanId=136856,2.2808,118.11987549910988,2259.0
scanId=136856,2.2808,118.12613433693646,2111.0
scanId=136856,2.2808,118.13239332175893,1531.0
scanId=136856,2.2808,118.13865249121514,1013.0
scanId=136856,2.2808,121.09247379585759,1067.0
scanId=136856,2.2808,121.09881089828049,1204.0
scanId=136856,2.2808,122.09579107082475,1071.0
scanId=136856,2.2808,126.09224881218229,1196.0
scanId=136856,2.2808,126.09871539651508,2133.0
scanId=136856,2.2808,126.10518216612937,2043.0
scanId=136856,2.2808,126.11164908209079,1569.0
scanId=136856,2.2808,126.11811618333472,1069.0
scanId=136856,2.2808,130.14649425356095,3526.0
scanId=136856,2.2808,130.1530639743887,8195.0
scanId=136856,2.2808,130.15963388082272,9485.0
scanId=136856,2.2808,130.16620393327906,7437.0
scanId=136856,2.2808,130.17277417134272,5094.0
scanId=136856,2.2808,130.1793445554277,3504.0
scanId=136856,2.2808,130.185915125121,2429.0
scanId=136856,2.2808,130.1924858408346,1713.0
scanId=136856,2.2808,130.19905674215755,1186.0
scanId=136856,2.2808,131.16018624633696,1166.0
scanId=136856,2.2808,135.07351145206178,1410.0
scanId=136856,2.2808,135.08020439309422,1724.0
scanId=136856,2.2808,135.08689747975885,1453.0
scanId=136856,2.2808,135.093590752421,1058.0
scanId=136856,2.2808,138.11561705219228,2189.0
scanId=136856,2.2808,138.12238494152464,4078.0
scanId=136856,2.2808,138.1291529762499,4225.0
scanId=136856,2.2808,138.13592119721193,3109.0
scanId=136856,2.2808,138.14268956356577,2047.0
scanId=136856,2.2808,138.14945811615743,1370.0
scanId=136856,2.2808,164.91207870362695,1302.0
scanId=136856,2.2808,164.91947403624857,2331.0
scanId=136856,2.2808,164.92686951221125,2594.0
scanId=136856,2.2808,164.93426517646253,2059.0
scanId=136856,2.2808,164.94166098405378,1398.0
scanId=136856,2.2808,178.93864129347966,1415.0
scanId=136856,2.2808,178.94634471004196,1336.0
scanId=136856,2.2808,186.90590446708714,1155.0
scanId=136856,2.2808,186.91377748811212,1079.0
scanId=136856,2.2808,215.11350539269756,1202.0
scanId=136856,2.2808,215.1219516596657,1727.0
scanId=136856,2.2808,215.13039806630889,1538.0
scanId=136856,2.2808,215.13884466490669,1056.0
scanId=136856,2.2808,230.23557986303058,1232.0
scanId=136856,2.2808,230.24431796408678,2033.0
scanId=136856,2.2808,230.2530562037418,1891.0
scanId=136856,2.2808,230.26179463642765,1305.0
scanId=136856,2.2808,231.10145490025917,1127.0
scanId=136856,2.2808,231.11020938970614,2582.0
scanId=136856,2.2808,231.1189640722446,3390.0
scanId=136856,2.2808,231.12771889332,3037.0
scanId=136856,2.2808,231.13647390748804,2409.0
scanId=136856,2.2808,231.14522906019184,1855.0
scanId=136856,2.2808,231.15398440598958,1339.0
scanId=136856,2.2808,243.1069350193734,1152.0
scanId=136856,2.2808,243.11591402124293,1399.0
scanId=136856,2.2808,243.12489321705135,1193.0
scanId=136856,2.2808,257.1218804974847,1482.0
scanId=136856,2.2808,257.13111471649046,1762.0
scanId=136856,2.2808,257.1403490722034,1458.0
scanId=136856,2.2808,257.14958362283875,1072.0
scanId=136856,2.2808,259.12958890681983,2008.0
scanId=136856,2.2808,259.1388590783948,5924.0
scanId=136856,2.2808,259.1481294450319,8202.0
scanId=136856,2.2808,259.1573999482351,7052.0
scanId=136856,2.2808,259.1666706465019,4926.0
scanId=136856,2.2808,259.1759414813335,3242.0
scanId=136856,2.2808,259.18521251123,2118.0
scanId=136856,2.2808,259.19448367768985,1443.0
scanId=136856,2.2808,260.15030344660494,1217.0
scanId=136856,2.2808,260.159591857739,1066.0
scanId=136856,2.2808,261.1171878315953,2390.0
scanId=136856,2.2808,261.12649348740354,3322.0
scanId=136856,2.2808,261.1357993384127,2773.0
scanId=136856,2.2808,261.14510532584916,1856.0
scanId=136856,2.2808,261.15441150848807,1221.0
scanId=136856,2.2808,262.1324818856589,1105.0
scanId=136856,2.2808,263.13106287254374,1464.0
scanId=136856,2.2808,263.1404043442131,1505.0
scanId=136856,2.2808,263.14974601122407,1206.0
scanId=136856,2.2808,271.13115635595557,2293.0
scanId=136856,2.2808,271.1406387696674,5035.0
scanId=136856,2.2808,271.15012137927766,6048.0
scanId=136856,2.2808,271.15960412461783,4897.0
scanId=136856,2.2808,271.1690870658577,3398.0
scanId=136856,2.2808,271.17857014282623,2284.0
scanId=136856,2.2808,271.1880534156957,1591.0
scanId=136856,2.2808,271.19753682429257,1096.0
scanId=136856,2.2808,272.1467165515238,1257.0
scanId=136856,2.2808,272.15621673750525,1471.0
scanId=136856,2.2808,272.1657170591468,1174.0
scanId=136856,2.2808,273.1356224279838,3963.0
scanId=136856,2.2808,273.14513985870684,28733.0
scanId=136856,2.2808,273.1546574250211,82572.0
scanId=136856,2.2808,273.1641751873738,113949.0
scanId=136856,2.2808,273.1736930853165,98862.0
scanId=136856,2.2808,273.1832111792988,68486.0
scanId=136856,2.2808,273.1927294088698,45130.0
scanId=136856,2.2808,273.20224783448174,30219.0
scanId=136856,2.2808,273.211766395681,20335.0
scanId=136856,2.2808,273.22128515292263,13608.0
scanId=136856,2.2808,273.2308040457503,8894.0
scanId=136856,2.2808,273.2403231346215,5633.0
scanId=136856,2.2808,273.2498423590774,3393.0
scanId=136856,2.2808,273.2593617795784,2241.0
scanId=136856,2.2808,273.26888133566257,1551.0
scanId=136856,2.2808,273.2784010877932,1052.0
scanId=136856,2.2808,274.1453912404443,2451.0
scanId=136856,2.2808,274.15492624753864,8018.0
scanId=136856,2.2808,274.164461390154,13591.0
scanId=136856,2.2808,274.17399672887785,13708.0
scanId=136856,2.2808,274.1835322031217,10430.0
scanId=136856,2.2808,274.1930678734752,7207.0
scanId=136856,2.2808,274.2026036793473,4833.0
scanId=136856,2.2808,274.2121396813304,3274.0
scanId=136856,2.2808,274.2216758188309,2297.0
scanId=136856,2.2808,274.2312121524437,1563.0
scanId=136856,2.2808,274.24074862157244,1023.0
scanId=136856,2.2808,274.2598220875718,1611.0
scanId=136856,2.2808,274.26935908444403,2160.0
scanId=136856,2.2808,274.27889621682937,1927.0
scanId=136856,2.2808,274.2884335453312,1388.0
scanId=136856,2.2808,274.2979710093448,1015.0
scanId=136856,2.2808,275.1379185054114,1580.0
scanId=136856,2.2808,275.1474707572473,1796.0
scanId=136856,2.2808,275.1570231445353,1974.0
scanId=136856,2.2808,275.16657572800085,2400.0
scanId=136856,2.2808,275.17612844691723,2224.0
scanId=136856,2.2808,275.1856813620124,1635.0
scanId=136856,2.2808,275.1952344125571,1216.0
scanId=136856,2.2808,277.0804222560785,1441.0
scanId=136856,2.2808,277.0900081378268,1753.0
scanId=136856,2.2808,277.09959421588644,1528.0
scanId=136856,2.2808,277.10918042926306,1295.0
scanId=136856,2.2808,277.1187668389523,1189.0
scanId=136856,2.2808,277.1283533839573,1004.0
scanId=136856,2.2808,287.27597329078634,1796.0
scanId=136856,2.2808,287.28573394065256,2095.0
scanId=136856,2.2808,287.29549478753535,1663.0
scanId=136856,2.2808,287.30525576902994,1133.0
scanId=136856,2.2808,288.14532183126863,1031.0
scanId=136856,2.2808,288.282192841773,1125.0
scanId=136856,2.2808,288.2919706017678,1056.0
scanId=136856,2.2808,289.1334769286564,1379.0
scanId=136856,2.2808,289.1432690832107,2670.0
scanId=136856,2.2808,289.15306143490994,4188.0
scanId=136856,2.2808,289.16285392109256,4291.0
scanId=136856,2.2808,289.1726466044213,3315.0
scanId=136856,2.2808,289.18243942223233,2382.0
scanId=136856,2.2808,289.19223243719074,1696.0
scanId=136856,2.2808,289.20202558663004,1176.0
scanId=136856,2.2808,290.16256013309226,1003.0
scanId=136856,2.2808,291.1050359981893,1265.0
scanId=136856,2.2808,291.11486151285294,1155.0
scanId=136856,2.2808,299.15785864779906,1276.0
scanId=136856,2.2808,299.16781913572856,1985.0
scanId=136856,2.2808,299.1777797574522,2126.0
scanId=136856,2.2808,299.1877405770113,1683.0
scanId=136856,2.2808,299.19770153036325,1151.0
scanId=136856,2.2808,301.1432592869032,1213.0
scanId=136856,2.2808,301.15325273982614,1978.0
scanId=136856,2.2808,301.1632463907202,2107.0
scanId=136856,2.2808,301.1732401752715,1626.0
scanId=136856,2.2808,301.183234157795,1367.0
scanId=136856,2.2808,301.1932282739746,1748.0
scanId=136856,2.2808,301.2032225881278,2354.0
scanId=136856,2.2808,301.21321703593577,2500.0
scanId=136856,2.2808,301.2232116817186,1968.0
scanId=136856,2.2808,301.23320646115485,1327.0
scanId=136856,2.2808,301.2432014385673,1045.0
scanId=136856,2.2808,301.2531965496318,1013.0
scanId=136856,2.2808,303.15527941105074,1113.0
scanId=136856,2.2808,303.1653062249092,1739.0
scanId=136856,2.2808,303.1753331722879,1939.0
scanId=136856,2.2808,303.185360317776,1610.0
scanId=136856,2.2808,303.19538759678284,1250.0
scanId=136856,2.2808,303.2655833218221,1758.0
scanId=136856,2.2808,303.2756119273419,2507.0
scanId=136856,2.2808,303.28564073097834,2334.0
scanId=136856,2.2808,303.29566966812655,1737.0
scanId=136856,2.2808,303.3056988033926,1245.0
scanId=136856,2.2808,304.2793114575177,1271.0
scanId=136856,2.2808,304.28935684263627,2109.0
scanId=136856,2.2808,304.299402361198,2456.0
scanId=136856,2.2808,304.3094480779463,2088.0
scanId=136856,2.2808,304.3194939281362,1509.0
scanId=136856,2.2808,304.3295399765142,1020.0
scanId=136856,2.2808,305.13375979072003,1129.0
scanId=136856,2.2808,305.1438192376691,3037.0
scanId=136856,2.2808,305.15387888286244,4463.0
scanId=136856,2.2808,305.1639386614398,4208.0
scanId=136856,2.2808,305.17399863826273,3154.0
scanId=136856,2.2808,305.1840587484683,2316.0
scanId=136856,2.2808,305.194119056921,1823.0
scanId=136856,2.2808,305.2041794987547,1437.0
scanId=136856,2.2808,305.2142401388371,1094.0
scanId=136856,2.2808,307.0883998573697,1274.0
scanId=136856,2.2808,307.09849147226055,1578.0
scanId=136856,2.2808,307.1085832855295,1462.0
scanId=136856,2.2808,307.1186752320486,1094.0
scanId=136856,2.2808,309.20115489957976,1000.0
scanId=136856,2.2808,313.15279368015877,1032.0
scanId=136856,2.2808,313.16298445189915,1449.0
scanId=136856,2.2808,313.1731754224322,1466.0
scanId=136856,2.2808,313.18336652580086,1191.0
scanId=136856,2.2808,315.1635801590639,2242.0
scanId=136856,2.2808,315.17380362930226,3119.0
scanId=136856,2.2808,315.1840272322397,2790.0
scanId=136856,2.2808,315.1942510341077,2259.0
scanId=136856,2.2808,315.2044749686734,1848.0
scanId=136856,2.2808,315.21469910217104,1463.0
scanId=136856,2.2808,315.22492336836507,1143.0
scanId=136856,2.2808,317.17054579507493,1028.0
scanId=136856,2.2808,317.18080176501854,1707.0
scanId=136856,2.2808,317.1910578675245,2037.0
scanId=136856,2.2808,317.20131416909777,1893.0
scanId=136856,2.2808,317.211570603232,1419.0
scanId=136856,2.2808,318.19696190847503,1039.0
scanId=136856,2.2808,318.20723445990075,1058.0
scanId=136856,2.2808,318.2175071438194,1111.0
scanId=136856,2.2808,318.22778002687477,1252.0
scanId=136856,2.2808,318.23805304242154,1251.0
scanId=136856,2.2808,319.1015797055895,2434.0
scanId=136856,2.2808,319.1118668487196,3262.0
scanId=136856,2.2808,319.122154124281,2825.0
scanId=136856,2.2808,319.1324415990408,2084.0
scanId=136856,2.2808,319.14272920623046,1660.0
scanId=136856,2.2808,319.1530170126199,1573.0
scanId=136856,2.2808,319.16330495143774,1648.0
scanId=136856,2.2808,319.17359308945686,1491.0
scanId=136856,2.2808,319.18388135990284,1120.0
scanId=136856,2.2808,320.1105062127541,1147.0
scanId=136856,2.2808,320.120809605737,1199.0
scanId=136856,2.2808,320.24446305435225,1038.0
scanId=136856,2.2808,320.25476856946716,1203.0
scanId=136856,2.2808,321.11070575861146,1026.0
scanId=136856,2.2808,321.1210252021126,1155.0
scanId=136856,2.2808,321.131344844948,1191.0
scanId=136856,2.2808,321.14166462007734,1037.0
scanId=136856,2.2808,325.24133622071633,1114.0
scanId=136856,2.2808,325.2517218578512,1772.0
scanId=136856,2.2808,325.26210762700026,1970.0
scanId=136856,2.2808,325.27249359576473,1546.0
scanId=136856,2.2808,325.28287969654195,1053.0
scanId=136856,2.2808,329.1684673326303,1390.0
scanId=136856,2.2808,329.1789154478874,2631.0
scanId=136856,2.2808,329.18936376302537,3146.0
scanId=136856,2.2808,329.1998122099106,2792.0
scanId=136856,2.2808,329.2102608566782,2461.0
scanId=136856,2.2808,329.22070963519167,2491.0
scanId=136856,2.2808,329.23115861358895,2703.0
scanId=136856,2.2808,329.24160772373057,2594.0
scanId=136856,2.2808,329.2520570337575,2011.0
scanId=136856,2.2808,329.26250647552746,1291.0
scanId=136856,2.2808,331.1775491064618,3257.0
scanId=136856,2.2808,331.18802905802903,10208.0
scanId=136856,2.2808,331.19850920961284,18570.0
scanId=136856,2.2808,331.2089894928083,21165.0
scanId=136856,2.2808,331.2194699760218,17136.0
scanId=136856,2.2808,331.22995059084536,11794.0
scanId=136856,2.2808,331.2404314056886,7954.0
scanId=136856,2.2808,331.25091235214035,5416.0
scanId=136856,2.2808,331.26139349861324,3755.0
scanId=136856,2.2808,331.27187477669327,2795.0
scanId=136856,2.2808,331.2823562547958,2027.0
scanId=136856,2.2808,331.292837864504,1438.0
scanId=136856,2.2808,332.1948780823145,2140.0
scanId=136856,2.2808,332.20537415212146,3517.0
scanId=136856,2.2808,332.21587035347176,3528.0
scanId=136856,2.2808,332.2263667549083,2509.0
scanId=136856,2.2808,332.2368632878868,1630.0
scanId=136856,2.2808,332.247360020953,1126.0
scanId=136856,2.2808,332.3313397177105,1042.0
scanId=136856,2.2808,333.17172035221336,1389.0
scanId=136856,2.2808,333.182231808462,2431.0
scanId=136856,2.2808,333.1927434648622,2789.0
scanId=136856,2.2808,333.2032552527392,2418.0
scanId=136856,2.2808,333.213767240769,1895.0
scanId=136856,2.2808,333.2242793602743,1486.0
scanId=136856,2.2808,333.2347916799337,1171.0
scanId=136856,2.2808,334.2342165132126,1005.0
scanId=136856,2.2808,335.1402495434096,1084.0
scanId=136856,2.2808,335.15079204136674,1208.0
scanId=136856,2.2808,337.10400379566545,1039.0
scanId=136856,2.2808,337.11457713517973,1209.0
scanId=136856,2.2808,337.1251506059062,1023.0
scanId=136856,2.2808,339.1795436638976,1001.0
scanId=136856,2.2808,339.1901495031172,1910.0
scanId=136856,2.2808,339.2007554734092,2820.0
scanId=136856,2.2808,339.21136164425843,2781.0
scanId=136856,2.2808,339.22196794617867,2171.0
scanId=136856,2.2808,339.23257444865743,1880.0
scanId=136856,2.2808,339.243181082206,1673.0
scanId=136856,2.2808,339.25378791631437,1229.0
scanId=136856,2.2808,340.3896753656067,1033.0
scanId=136856,2.2808,343.1256842630545,1444.0
scanId=136856,2.2808,343.1363515845664,1396.0
scanId=136856,2.2808,343.1470191069,1120.0
scanId=136856,2.2808,345.14475717919805,1244.0
scanId=136856,2.2808,345.15545587471826,1179.0
scanId=136856,2.2808,345.16615470091045,1055.0
scanId=136856,2.2808,345.1768537280603,1105.0
scanId=136856,2.2808,345.18755288588073,1245.0
scanId=136856,2.2808,345.1982522446602,1260.0
scanId=136856,2.2808,345.2089517341087,1330.0
scanId=136856,2.2808,345.21965142451796,1246.0
scanId=136856,2.2808,347.1697531889565,1035.0
scanId=136856,2.2808,347.1804831882003,1372.0
scanId=136856,2.2808,347.19121338853694,1481.0
scanId=136856,2.2808,347.201943719409,1269.0
scanId=136856,2.2808,349.15762845676915,2263.0
scanId=136856,2.2808,349.168389167033,4384.0
scanId=136856,2.2808,349.17915000770023,5342.0
scanId=136856,2.2808,349.1899110495938,4701.0
scanId=136856,2.2808,349.20067222188925,3673.0
scanId=136856,2.2808,349.2114335954124,2691.0
scanId=136856,2.2808,349.2221950993361,1963.0
scanId=136856,2.2808,349.2329568044889,1398.0
scanId=136856,2.2808,350.97853941900576,1024.0
scanId=136856,2.2808,350.9893281164421,1400.0
scanId=136856,2.2808,351.000117015226,1262.0
scanId=136856,2.2808,357.1332304254146,1991.0
scanId=136856,2.2808,357.1441133052602,2362.0
scanId=136856,2.2808,357.1549963868633,2106.0
scanId=136856,2.2808,357.165879598337,1707.0
scanId=136856,2.2808,357.1767630115698,1331.0
scanId=136856,2.2808,357.18764655467174,1167.0
scanId=136856,2.2808,357.1985302995341,1317.0
scanId=136856,2.2808,357.2094141742643,1474.0
scanId=136856,2.2808,357.2202982507563,1337.0
scanId=136856,2.2808,357.2311824571145,1197.0
scanId=136856,2.2808,357.2420668652363,1093.0
scanId=136856,2.2808,359.1821299016174,1041.0
scanId=136856,2.2808,359.1930439545133,1489.0
scanId=136856,2.2808,359.2039582093032,1629.0
scanId=136856,2.2808,359.2148725938274,1476.0
scanId=136856,2.2808,359.2257871802469,1175.0
scanId=136856,2.2808,361.1931106060338,1051.0
scanId=136856,2.2808,361.2040551687237,1385.0
scanId=136856,2.2808,361.2149999334408,1510.0
scanId=136856,2.2808,361.225944827759,1289.0
scanId=136856,2.2808,362.22262597589275,1345.0
scanId=136856,2.2808,362.2335861251078,1667.0
scanId=136856,2.2808,362.2445464764183,1386.0
scanId=136856,2.2808,362.2555069572616,1030.0
scanId=136856,2.2808,363.15483214056377,1243.0
scanId=136856,2.2808,363.1658064203195,1591.0
scanId=136856,2.2808,363.1767808295467,1698.0
scanId=136856,2.2808,363.18775544093194,1714.0
scanId=136856,2.2808,363.19873018178754,1488.0
scanId=136856,2.2808,363.2097051248024,1190.0
scanId=136856,2.2808,368.4083791868617,2424.0
scanId=136856,2.2808,368.41943252359806,3737.0
scanId=136856,2.2808,368.43048606283907,3549.0
scanId=136856,2.2808,368.4415397312036,2645.0
scanId=136856,2.2808,368.4525936020743,1854.0
scanId=136856,2.2808,368.463647602067,1257.0
scanId=136856,2.2808,369.4259819536767,1124.0
scanId=136856,2.2808,371.14359548259387,2037.0
scanId=136856,2.2808,371.1546898122812,3483.0
scanId=136856,2.2808,371.16578427091275,3813.0
scanId=136856,2.2808,371.1768789322297,3308.0
scanId=136856,2.2808,371.1879737224894,2604.0
scanId=136856,2.2808,371.19906871543606,2057.0
scanId=136856,2.2808,371.210163837324,1697.0
scanId=136856,2.2808,371.22125916190026,1504.0
scanId=136856,2.2808,371.2323546154163,1317.0
scanId=136856,2.2808,371.2434502716221,1084.0
scanId=136856,2.2808,373.22111538448803,1089.0
scanId=136856,2.2808,375.2263439954909,1158.0
scanId=136856,2.2808,375.2374991420801,1170.0
scanId=136856,2.2808,375.24865449162206,1013.0
scanId=136856,2.2808,379.1856327146218,1093.0
scanId=136856,2.2808,379.19684655939886,1072.0
scanId=136856,2.2808,379.23048916341236,1000.0
scanId=136856,2.2808,385.16352678263723,1139.0
scanId=136856,2.2808,385.1748287124827,1571.0
scanId=136856,2.2808,385.18613077035496,1422.0
scanId=136856,2.2808,385.19743303183003,1096.0
scanId=136856,2.2808,387.16654776598506,1456.0
scanId=136856,2.2808,387.1778790071367,1844.0
scanId=136856,2.2808,387.18921045202063,1852.0
scanId=136856,2.2808,387.2005420248005,1472.0
scanId=136856,2.2808,387.211873801314,1215.0
scanId=136856,2.2808,387.223205705722,1254.0
scanId=136856,2.2808,387.2345378138652,1233.0
scanId=136856,2.2808,387.2458700499014,1056.0
scanId=136856,2.2808,389.2202069444385,1040.0
scanId=136856,2.2808,389.23156823599044,2317.0
scanId=136856,2.2808,389.24292965530594,3502.0
scanId=136856,2.2808,389.2542912784876,3402.0
scanId=136856,2.2808,389.26565302943123,2771.0
scanId=136856,2.2808,389.2770149842424,2315.0
scanId=136856,2.2808,389.28837706681435,1836.0
scanId=136856,2.2808,389.2997393532552,1323.0
scanId=136856,2.2808,391.21095418073884,1116.0
scanId=136856,2.2808,391.2223444517054,1193.0
scanId=136856,2.2808,391.23373492666616,1134.0
scanId=136856,2.2808,393.1839413288022,1963.0
scanId=136856,2.2808,393.1953603239123,3598.0
scanId=136856,2.2808,393.20677944653,4422.0
scanId=136856,2.2808,393.2181987732698,3952.0
scanId=136856,2.2808,393.2296182275157,3021.0
scanId=136856,2.2808,393.24103788588513,2439.0
scanId=136856,2.2808,393.252457671759,1921.0
scanId=136856,2.2808,393.2638776617582,1375.0
scanId=136856,2.2808,399.29376437473707,1089.0
scanId=136856,2.2808,399.30527171044815,1088.0
scanId=136856,2.2808,399.3973365202538,1303.0
scanId=136856,2.2808,399.40884538699805,1748.0
scanId=136856,2.2808,399.42035438084974,1467.0
scanId=136856,2.2808,399.43186357922366,1038.0
scanId=136856,2.2808,400.34161267609676,1070.0
scanId=136856,2.2808,400.35313513965633,1222.0
scanId=136856,2.2808,400.3646577302632,1232.0
scanId=136856,2.2808,400.3761805254524,1109.0
scanId=136856,2.2808,402.3259115417175,1075.0
scanId=136856,2.2808,402.3374625254267,3360.0
scanId=136856,2.2808,402.34901363605593,5785.0
scanId=136856,2.2808,402.3605649513947,6129.0
scanId=136856,2.2808,402.3721163936522,4767.0
scanId=136856,2.2808,402.38366804062053,3246.0
scanId=136856,2.2808,402.3952198145063,2194.0
scanId=136856,2.2808,402.40677179310427,1477.0
scanId=136856,2.2808,403.35459670991395,1251.0
scanId=136856,2.2808,403.36616241218263,1184.0
scanId=136856,2.2808,405.2188135820793,1103.0
scanId=136856,2.2808,405.2304060194942,1162.0
scanId=136856,2.2808,405.24199858364443,1192.0
scanId=136856,2.2808,405.25359135268883,1050.0
scanId=136856,2.2808,409.12319802563377,1245.0
scanId=136856,2.2808,409.1348461768291,6277.0
scanId=136856,2.2808,409.1464944545116,15271.0
scanId=136856,2.2808,409.15814293733655,20648.0
scanId=136856,2.2808,409.1697915466472,18911.0
scanId=136856,2.2808,409.18144036110186,14048.0
scanId=136856,2.2808,409.1930893020407,9503.0
scanId=136856,2.2808,409.20473844812483,6303.0
scanId=136856,2.2808,409.21638772069196,4272.0
scanId=136856,2.2808,409.22803719840573,2912.0
scanId=136856,2.2808,409.23968680260106,1964.0
scanId=136856,2.2808,409.25133661194445,1443.0
scanId=136856,2.2808,409.2629865477679,1160.0
scanId=136856,2.2808,410.13720580045464,1298.0
scanId=136856,2.2808,410.14886833814836,3365.0
scanId=136856,2.2808,410.1605310810481,4907.0
scanId=136856,2.2808,410.17219395036994,4560.0
scanId=136856,2.2808,410.18385702489934,3344.0
scanId=136856,2.2808,410.1955202258494,2273.0
scanId=136856,2.2808,410.2071836320084,1676.0
scanId=136856,2.2808,410.2188471645866,1371.0
scanId=136856,2.2808,411.1524685854815,1040.0
scanId=136856,2.2808,411.1641455884558,1297.0
scanId=136856,2.2808,411.1758227177889,1517.0
scanId=136856,2.2808,411.18750005239303,1563.0
scanId=136856,2.2808,411.1991775133543,1332.0
scanId=136856,2.2808,411.21085517958807,1076.0
scanId=136856,2.2808,415.3786341805138,1927.0
scanId=136856,2.2808,415.390371002917,5221.0
scanId=136856,2.2808,415.4021080308573,7187.0
scanId=136856,2.2808,415.41384518488866,6458.0
scanId=136856,2.2808,415.4255825444586,4628.0
scanId=136856,2.2808,415.43732003011814,3138.0
scanId=136856,2.2808,415.4490577213176,2105.0
scanId=136856,2.2808,415.46079553860545,1457.0
scanId=136856,2.2808,415.4725335614346,1068.0
scanId=136856,2.2808,416.38860866708904,1013.0
scanId=136856,2.2808,416.4003597495034,1773.0
scanId=136856,2.2808,416.4121110375185,1983.0
scanId=136856,2.2808,416.42386245156104,1542.0
scanId=136856,2.2808,416.43561407120575,1059.0
scanId=136856,2.2808,419.24900195019694,1003.0
scanId=136856,2.2808,419.26079336539897,1138.0
scanId=136856,2.2808,419.27258490644994,1003.0
scanId=136856,2.2808,425.1060159080373,1127.0
scanId=136856,2.2808,425.1178893612456,3062.0
scanId=136856,2.2808,425.12976302059985,4306.0
scanId=136856,2.2808,425.14163680543635,3890.0
scanId=136856,2.2808,425.1535107964201,2728.0
scanId=136856,2.2808,425.165384912885,1878.0
scanId=136856,2.2808,425.1772592354984,1532.0
scanId=136856,2.2808,425.18913368359136,1494.0
scanId=136856,2.2808,425.2010083378344,1617.0
scanId=136856,2.2808,425.2128831175555,1597.0
scanId=136856,2.2808,425.22475810342826,1239.0
scanId=136856,2.2808,426.1277406700343,1277.0
scanId=136856,2.2808,426.13962838325386,1623.0
scanId=136856,2.2808,426.1515163026829,1481.0
scanId=136856,2.2808,426.1634043475307,1119.0
scanId=136856,2.2808,429.2957218893937,1237.0
scanId=136856,2.2808,429.3076537091598,1836.0
scanId=136856,2.2808,429.31958573533166,1704.0
scanId=136856,2.2808,429.3315178867259,1229.0
scanId=136856,2.2808,430.3702515818391,1740.0
scanId=136856,2.2808,430.38219832487283,2862.0
scanId=136856,2.2808,430.3941452743788,2951.0
scanId=136856,2.2808,430.4060923490407,2218.0
scanId=136856,2.2808,430.4180396301762,1493.0
scanId=136856,2.2808,431.38631840490103,1287.0
scanId=136856,2.2808,431.3982792828519,1387.0
scanId=136856,2.2808,431.410240285897,1093.0
scanId=136856,2.2808,437.20679599947647,1372.0
scanId=136856,2.2808,437.21883725653913,2450.0
scanId=136856,2.2808,437.230878720494,3217.0
scanId=136856,2.2808,437.2429203091848,3027.0
scanId=136856,2.2808,437.25496210476933,2362.0
scanId=136856,2.2808,437.26700402508834,1719.0
scanId=136856,2.2808,437.2790461523025,1321.0
scanId=136856,2.2808,437.2910884042497,1042.0
scanId=136856,2.2808,437.35130227444876,1037.0
scanId=136856,2.2808,437.3633455212806,1892.0
scanId=136856,2.2808,437.3753889750132,2807.0
scanId=136856,2.2808,437.3874325534732,2934.0
scanId=136856,2.2808,437.3994763388355,2319.0
scanId=136856,2.2808,437.4115202489235,1555.0
scanId=136856,2.2808,437.4235643659156,1005.0
scanId=136856,2.2808,443.32086774968366,1672.0
scanId=136856,2.2808,443.33299290867456,1804.0
scanId=136856,2.2808,443.3451182749296,1322.0
scanId=136856,2.2808,447.28246035782723,1057.0
scanId=136856,2.2808,447.2946395722113,1096.0
scanId=136856,2.2808,473.29946827339154,1060.0
scanId=136856,2.2808,473.3119966922618,1219.0
scanId=136856,2.2808,473.3245253201657,1479.0
scanId=136856,2.2808,473.3370540706641,1934.0
scanId=136856,2.2808,473.34958303019766,2009.0
scanId=136856,2.2808,473.36211211232416,1774.0
scanId=136856,2.2808,473.37464140348754,1509.0
scanId=136856,2.2808,473.3871708172422,1156.0
scanId=136856,2.2808,475.3061279101395,1990.0
scanId=136856,2.2808,475.3186828592664,3042.0
scanId=136856,2.2808,475.331238017542,2982.0
scanId=136856,2.2808,475.3437932982971,2260.0
scanId=136856,2.2808,475.3563487882023,1533.0
scanId=136856,2.2808,475.3689044005857,1029.0
scanId=136856,2.2808,476.3236177616217,1070.0
scanId=136856,2.2808,476.33618618508325,1033.0
scanId=136856,2.2808,480.27824420452555,1032.0
scanId=136856,2.2808,481.2378723063076,1091.0
scanId=136856,2.2808,481.25050539755006,2098.0
scanId=136856,2.2808,481.2631386109355,2366.0
scanId=136856,2.2808,481.2757720338076,2023.0
scanId=136856,2.2808,481.28840557882125,1632.0
scanId=136856,2.2808,481.301039333323,1401.0
scanId=136856,2.2808,481.3136732099649,1197.0
scanId=136856,2.2808,482.26168818898657,1162.0
scanId=136856,2.2808,482.274334667501,1351.0
scanId=136856,2.2808,482.28698135555874,1253.0
scanId=136856,2.2808,487.3589461531742,1077.0
scanId=136856,2.2808,487.3716592889619,1128.0
scanId=136856,2.2808,487.3843726345785,1061.0
scanId=136856,2.2808,488.4910665043433,1295.0
scanId=136856,2.2808,488.5037944416643,1274.0
scanId=136856,2.2808,501.379170980907,1303.0
scanId=136856,2.2808,501.39206572793955,1840.0
scanId=136856,2.2808,501.404960596005,2001.0
scanId=136856,2.2808,501.4178556746672,1667.0
scanId=136856,2.2808,501.4307508743609,1202.0
scanId=136856,2.2808,503.13437570907564,1365.0
scanId=136856,2.2808,503.14729300692426,1343.0
scanId=136856,2.2808,503.1602104257112,1100.0
scanId=136856,2.2808,515.389013442422,1325.0
scanId=136856,2.2808,515.4020870581273,3063.0
scanId=136856,2.2808,515.4151608851686,4383.0
scanId=136856,2.2808,515.4282348325023,4068.0
scanId=136856,2.2808,515.4413089911732,2892.0
scanId=136856,2.2808,515.4543832701353,1951.0
scanId=136856,2.2808,515.4674577604358,1400.0
scanId=136856,2.2808,515.4805323710261,1180.0
scanId=136856,2.2808,516.4092551836749,1379.0
scanId=136856,2.2808,516.4223417328836,1727.0
scanId=136856,2.2808,516.4354284934809,1716.0
scanId=136856,2.2808,516.4485153743183,1331.0
scanId=136856,2.2808,516.4616024665453,1000.0
scanId=136856,2.2808,516.4877771028674,1146.0
scanId=136856,2.2808,516.5008646469614,2596.0
scanId=136856,2.2808,516.5139524024476,4665.0
scanId=136856,2.2808,516.5270402781698,5034.0
scanId=136856,2.2808,516.5401283652857,3816.0
scanId=136856,2.2808,516.553216572636,2614.0
scanId=136856,2.2808,516.5663049913817,1813.0
scanId=136856,2.2808,516.5793935303603,1288.0
scanId=136856,2.2808,517.3519121892049,1305.0
scanId=136856,2.2808,517.3650106770325,1945.0
scanId=136856,2.2808,517.378109376297,1982.0
scanId=136856,2.2808,517.391208195753,1643.0
scanId=136856,2.2808,517.4043072266471,1282.0
scanId=136856,2.2808,517.4174063777314,1031.0
scanId=136856,2.2808,517.5091052606272,1435.0
scanId=136856,2.2808,517.5222057382246,2041.0
scanId=136856,2.2808,517.5353064272672,2010.0
scanId=136856,2.2808,517.5484072364927,1559.0
scanId=136856,2.2808,517.561508257165,1113.0
scanId=136856,2.2808,518.3478715690435,1063.0
scanId=136856,2.2808,518.3609826587465,1336.0
scanId=136856,2.2808,518.3740939599376,1258.0
scanId=136856,2.2808,520.3163914269061,1089.0
scanId=136856,2.2808,520.3295273887318,1161.0
scanId=136856,2.2808,520.3426635621463,1014.0
scanId=136856,2.2808,523.2893398053876,1787.0
scanId=136856,2.2808,523.3025132412124,3732.0
scanId=136856,2.2808,523.3156868887768,5846.0
scanId=136856,2.2808,523.3288606562301,6481.0
scanId=136856,2.2808,523.342034635424,5399.0
scanId=136856,2.2808,523.3552087345054,3844.0
scanId=136856,2.2808,523.3683830453292,2608.0
scanId=136856,2.2808,523.3815574760388,1722.0
scanId=136856,2.2808,523.3947321184922,1202.0
scanId=136856,2.2808,524.3041812822252,1260.0
scanId=136856,2.2808,524.3173675317163,2031.0
scanId=136856,2.2808,524.3305539010453,2313.0
scanId=136856,2.2808,524.3437404821659,2066.0
scanId=136856,2.2808,524.3569271831233,1568.0
scanId=136856,2.2808,524.3701140958736,1071.0
scanId=136856,2.2808,525.2672116004231,1698.0
scanId=136856,2.2808,525.2804099083716,2275.0
scanId=136856,2.2808,525.2936084281595,2347.0
scanId=136856,2.2808,525.3068070677364,1963.0
scanId=136856,2.2808,525.320005919154,1631.0
scanId=136856,2.2808,525.3332048903591,1231.0
scanId=136856,2.2808,529.273892368954,1039.0
scanId=136856,2.2808,529.4063855581262,1021.0
scanId=136856,2.2808,529.4196358121386,1958.0
scanId=136856,2.2808,529.4328861857344,2462.0
scanId=136856,2.2808,529.4461367713766,2431.0
scanId=136856,2.2808,529.4593874766008,2346.0
scanId=136856,2.2808,529.4726383938726,2494.0
scanId=136856,2.2808,529.4858894307249,2835.0
scanId=136856,2.2808,529.4991406796265,2696.0
scanId=136856,2.2808,529.5123920481072,2033.0
scanId=136856,2.2808,529.5256436286385,1423.0
scanId=136856,2.2808,530.4934551616115,1410.0
scanId=136856,2.2808,530.5067190124396,1504.0
scanId=136856,2.2808,530.519982982797,1240.0
scanId=136856,2.2808,531.382498255555,1113.0
scanId=136856,2.2808,531.3957731696476,1216.0
scanId=136856,2.2808,531.4090482958836,1215.0
scanId=136856,2.2808,531.4223235416046,1295.0
scanId=136856,2.2808,531.4355989994702,1427.0
scanId=136856,2.2808,531.4488745768194,1283.0
scanId=136856,2.2808,531.4887023964171,1080.0
scanId=136856,2.2808,531.5019786370233,1184.0
scanId=136856,2.2808,532.3652914775317,1048.0
scanId=136856,2.2808,532.3785786618729,1403.0
scanId=136856,2.2808,532.3918660584059,1523.0
scanId=136856,2.2808,532.4051535743754,1288.0
scanId=136856,2.2808,533.4952960521031,1116.0
scanId=136856,2.2808,533.508597377081,2432.0
scanId=136856,2.2808,533.5218988214409,3222.0
scanId=136856,2.2808,533.5352004780486,3060.0
scanId=136856,2.2808,533.5485022540369,2412.0
scanId=136856,2.2808,533.5618042422742,1686.0
scanId=136856,2.2808,533.5751063498908,1140.0
scanId=136856,2.2808,534.5199814842191,1156.0
scanId=136856,2.2808,534.5332955304563,1194.0
scanId=136856,2.2808,537.3596220195798,1318.0
scanId=136856,2.2808,537.3729714308564,2892.0
scanId=136856,2.2808,537.3863209613274,4215.0
scanId=136856,2.2808,537.3996707042337,4237.0
scanId=136856,2.2808,537.4130205663329,3404.0
scanId=136856,2.2808,537.4263706408688,2374.0
scanId=136856,2.2808,537.4397208345966,1561.0
scanId=136856,2.2808,537.453071240762,1032.0
scanId=136856,2.2808,538.3746480763658,1230.0
scanId=136856,2.2808,538.3880100895689,1463.0
scanId=136856,2.2808,538.4013722219177,1452.0
scanId=136856,2.2808,538.4147345667503,1115.0
scanId=136856,2.2808,539.2836411128698,1132.0
scanId=136856,2.2808,539.2970144014809,1420.0
scanId=136856,2.2808,539.3103878091939,1315.0
scanId=136856,2.2808,539.3237614294346,1111.0
scanId=136856,2.2808,543.4372950275153,1338.0
scanId=136856,2.2808,543.4507197187213,1984.0
scanId=136856,2.2808,543.4641445288322,2475.0
scanId=136856,2.2808,543.4775695516679,3442.0
scanId=136856,2.2808,543.490994693407,5133.0
scanId=136856,2.2808,543.5044200478723,6126.0
scanId=136856,2.2808,543.5178455212398,5380.0
scanId=136856,2.2808,543.531271207335,3896.0
scanId=136856,2.2808,543.5446970123306,2631.0
scanId=136856,2.2808,543.5581230300554,1809.0
scanId=136856,2.2808,543.5715491666796,1268.0
scanId=136856,2.2808,544.4983546778305,1415.0
scanId=136856,2.2808,544.5117924214481,1562.0
scanId=136856,2.2808,544.5252303778401,1478.0
scanId=136856,2.2808,544.5386684530861,1418.0
scanId=136856,2.2808,544.5521067411077,1273.0
scanId=136856,2.2808,545.4797474129707,1004.0
scanId=136856,2.2808,545.49319730803,1265.0
scanId=136856,2.2808,545.5066473218976,1244.0
scanId=136856,2.2808,545.5200975485865,1057.0
scanId=136856,2.2808,550.6026389071751,1068.0
scanId=136856,2.2808,550.6161518118669,1499.0
scanId=136856,2.2808,550.6296648351299,1529.0
scanId=136856,2.2808,550.6431780714513,1135.0
scanId=136856,2.2808,553.3491534830791,1079.0
scanId=136856,2.2808,553.3627000008117,1277.0
scanId=136856,2.2808,553.3762467317274,1221.0
scanId=136856,2.2808,553.3897935810883,1173.0
scanId=136856,2.2808,553.4033406436337,1096.0
scanId=136856,2.2808,555.4644186416074,2073.0
scanId=136856,2.2808,555.4779910263569,8315.0
scanId=136856,2.2808,555.4915636243848,18047.0
scanId=136856,2.2808,555.5051363407626,24884.0
scanId=136856,2.2808,555.5187092704202,23560.0
scanId=136856,2.2808,555.5322823184265,17448.0
scanId=136856,2.2808,555.5458555797137,11622.0
scanId=136856,2.2808,555.5594289593483,7843.0
scanId=136856,2.2808,555.5730025522653,5435.0
scanId=136856,2.2808,555.5865762635283,3717.0
scanId=136856,2.2808,555.600150188075,2412.0
scanId=136856,2.2808,555.6137242309663,1477.0
scanId=136856,2.2808,556.4692247342449,1657.0
scanId=136856,2.2808,556.4828093892461,4590.0
scanId=136856,2.2808,556.4963942575708,8850.0
scanId=136856,2.2808,556.5099792442006,11291.0
scanId=136856,2.2808,556.523564444155,10104.0
scanId=136856,2.2808,556.5371497624129,7220.0
scanId=136856,2.2808,556.5507352939971,4894.0
scanId=136856,2.2808,556.5643209438837,3419.0
scanId=136856,2.2808,556.5779068070975,2330.0
scanId=136856,2.2808,556.5914927886122,1532.0
scanId=136856,2.2808,557.4885357524389,1036.0
scanId=136856,2.2808,557.5021328910606,1616.0
scanId=136856,2.2808,557.515730147942,2184.0
scanId=136856,2.2808,557.5293276181934,2059.0
scanId=136856,2.2808,557.5429252067033,1560.0
scanId=136856,2.2808,557.5565230085845,1157.0
scanId=136856,2.2808,561.3704240206065,1354.0
scanId=136856,2.2808,561.3840683687266,1881.0
scanId=136856,2.2808,561.3977129303876,1878.0
scanId=136856,2.2808,561.4113576101361,1498.0
scanId=136856,2.2808,561.4250025034269,1045.0
scanId=136856,2.2808,569.2845210966622,1202.0
scanId=136856,2.2808,569.2982612854087,1740.0
scanId=136856,2.2808,569.3120016880374,1887.0
scanId=136856,2.2808,569.3257422084124,1525.0
scanId=136856,2.2808,569.3394829426707,1148.0
scanId=136856,2.2808,571.4575313136065,1816.0
scanId=136856,2.2808,571.4712977010036,2735.0
scanId=136856,2.2808,571.4850643023742,3008.0
scanId=136856,2.2808,571.4988310213998,2565.0
scanId=136856,2.2808,571.5125979544001,1873.0
scanId=136856,2.2808,571.5263650050542,1274.0
scanId=136856,2.2808,572.4766936279333,1366.0
scanId=136856,2.2808,572.4904722855847,1303.0
scanId=136856,2.2808,575.4014827673277,1105.0
scanId=136856,2.2808,575.4152965776004,1069.0
scanId=136856,2.2808,577.3370329635757,1752.0
scanId=136856,2.2808,577.3508699878446,3036.0
scanId=136856,2.2808,577.3647072263298,3678.0
scanId=136856,2.2808,577.3785445822272,3247.0
scanId=136856,2.2808,577.392382152342,2411.0
scanId=136856,2.2808,577.4062198398678,1678.0
scanId=136856,2.2808,577.4200577416123,1243.0
scanId=136856,2.2808,578.3475732382612,1570.0
scanId=136856,2.2808,578.3614224154136,2156.0
scanId=136856,2.2808,578.3752717099378,1984.0
scanId=136856,2.2808,578.3891212187199,1526.0
scanId=136856,2.2808,578.4029708448726,1141.0
scanId=136856,2.2808,581.4955842867508,1706.0
scanId=136856,2.2808,581.5094710552994,3651.0
scanId=136856,2.2808,581.5233580382312,4578.0
scanId=136856,2.2808,581.5372451384081,3779.0
scanId=136856,2.2808,581.5511324529697,2705.0
scanId=136856,2.2808,581.5650198847751,1839.0
scanId=136856,2.2808,581.5789075309664,1229.0
scanId=136856,2.2808,582.5097558998766,1604.0
scanId=136856,2.2808,582.5236548214757,2058.0
scanId=136856,2.2808,582.5375538602801,1779.0
scanId=136856,2.2808,582.551453113509,1296.0
scanId=136856,2.2808,583.330074573267,1007.0
scanId=136856,2.2808,583.3439832292992,1075.0
scanId=136856,2.2808,599.3359155593657,1000.0
scanId=136856,2.2808,599.3500137903818,1051.0
scanId=136856,2.2808,605.3992688996967,1099.0
scanId=136856,2.2808,605.413438215814,1457.0
scanId=136856,2.2808,605.427607747204,1549.0
scanId=136856,2.2808,605.44177739495,1273.0
scanId=136856,2.2808,609.3873767983126,1146.0
scanId=136856,2.2808,609.401592757853,1036.0
scanId=136856,2.2808,613.331529175488,1266.0
scanId=136856,2.2808,613.3457910160104,1404.0
scanId=136856,2.2808,613.3600530720712,1195.0
scanId=136856,2.2808,617.3742535540165,1416.0
scanId=136856,2.2808,617.3885623698573,1906.0
scanId=136856,2.2808,617.4028713016592,1725.0
scanId=136856,2.2808,617.4171804491297,1391.0
scanId=136856,2.2808,617.4314897125604,1064.0
scanId=136856,2.2808,619.4220941952977,1302.0
scanId=136856,2.2808,619.4364266727407,1273.0
scanId=136856,2.2808,619.450759365916,1007.0
scanId=136856,2.2808,625.3123229054362,1709.0
scanId=136856,2.2808,625.3267233667776,3007.0
scanId=136856,2.2808,625.3411240440303,4060.0
scanId=136856,2.2808,625.3555248370003,4071.0
scanId=136856,2.2808,625.3699258458827,3246.0
scanId=136856,2.2808,625.3843269704817,2304.0
scanId=136856,2.2808,625.3987283109936,1639.0
scanId=136856,2.2808,625.4131297672214,1150.0
scanId=136856,2.2808,626.3207573949985,1555.0
scanId=136856,2.2808,626.3351694633476,2609.0
scanId=136856,2.2808,626.3495817476379,3063.0
scanId=136856,2.2808,626.3639941476159,2591.0
scanId=136856,2.2808,626.3784067635357,1825.0
scanId=136856,2.2808,626.3928194951426,1249.0
scanId=136856,2.2808,627.344428051512,1312.0
scanId=136856,2.2808,627.3588519428399,1400.0
scanId=136856,2.2808,627.3732759498259,1198.0
scanId=136856,2.2808,631.3606472290376,1082.0
scanId=136856,2.2808,631.3751172168861,1179.0
scanId=136856,2.2808,631.3895873202779,1061.0
scanId=136856,2.2808,631.5632417961492,1226.0
scanId=136856,2.2808,631.5777141054052,1207.0
scanId=136856,2.2808,631.592186530199,1004.0
scanId=136856,2.2808,635.3896812236228,1409.0
scanId=136856,2.2808,635.4041973079921,1578.0
scanId=136856,2.2808,635.4187135077939,1377.0
scanId=136856,2.2808,635.4332299237927,1092.0
scanId=136856,2.2808,639.3441605840443,1208.0
scanId=136856,2.2808,639.3587217700453,1653.0
scanId=136856,2.2808,639.373283071374,1552.0
scanId=136856,2.2808,639.3878445890048,1174.0
scanId=136856,2.2808,640.3638422794135,1003.0
scanId=136856,2.2808,645.2988814308171,1079.0
scanId=136856,2.2808,645.3135102692659,1214.0
scanId=136856,2.2808,645.3281392228924,1059.0
scanId=136856,2.2808,645.3427683929708,1062.0
scanId=136856,2.2808,645.3573976782261,1313.0
scanId=136856,2.2808,645.3720271799342,1399.0
scanId=136856,2.2808,645.3866567968183,1279.0
scanId=136856,2.2808,645.4012866301562,1004.0
scanId=136856,2.2808,645.5622254368025,1169.0
scanId=136856,2.2808,645.576857259918,1164.0
scanId=136856,2.2808,647.304573584245,1893.0
scanId=136856,2.2808,647.3192250886392,2880.0
scanId=136856,2.2808,647.3338768095336,3057.0
scanId=136856,2.2808,647.3485286455567,2590.0
scanId=136856,2.2808,647.3631806980807,1980.0
scanId=136856,2.2808,647.3778328657329,1419.0
scanId=136856,2.2808,648.330581108211,1422.0
scanId=136856,2.2808,648.3452442196185,1448.0
scanId=136856,2.2808,648.3599075475506,1152.0
scanId=136856,2.2808,649.4454520739106,1045.0
scanId=136856,2.2808,649.4601277872188,1077.0
scanId=136856,2.2808,657.3501870996528,1122.0
scanId=136856,2.2808,657.3649519062561,1461.0
scanId=136856,2.2808,657.3797168277638,1588.0
scanId=136856,2.2808,657.3944819659968,1386.0
scanId=136856,2.2808,657.4092472191334,1101.0
scanId=136856,2.2808,657.5716762528725,1050.0
scanId=136856,2.2808,663.4176501015431,1517.0
scanId=136856,2.2808,663.4324828922239,2829.0
scanId=136856,2.2808,663.4473157976865,3753.0
scanId=136856,2.2808,663.4621489199969,3646.0
scanId=136856,2.2808,663.4769821570889,2772.0
scanId=136856,2.2808,663.4918156110289,1964.0
scanId=136856,2.2808,663.5066491797497,1423.0
scanId=136856,2.2808,663.5214829653194,1096.0
scanId=136856,2.2808,664.4414999246535,1238.0
scanId=136856,2.2808,664.4563441055047,1328.0
scanId=136856,2.2808,664.4711885032231,1209.0
scanId=136856,2.2808,664.4860330157036,1004.0
scanId=136856,2.2808,665.3472999290173,1449.0
scanId=136856,2.2808,665.3621542756249,2795.0
scanId=136856,2.2808,665.3770087369779,3872.0
scanId=136856,2.2808,665.3918634152154,3618.0
scanId=136856,2.2808,665.4067182081975,2603.0
scanId=136856,2.2808,665.4215732180646,1860.0
scanId=136856,2.2808,665.4364283426756,1572.0
scanId=136856,2.2808,665.4512836841725,1459.0
scanId=136856,2.2808,665.4661391404127,1232.0
scanId=136856,2.2808,666.3577714878363,1140.0
scanId=136856,2.2808,666.3726371098519,1634.0
scanId=136856,2.2808,666.3875028465943,1709.0
scanId=136856,2.2808,666.4023688002395,1489.0
scanId=136856,2.2808,666.417234868611,1149.0
scanId=136856,2.2808,677.4785947690968,1127.0
scanId=136856,2.2808,677.4935838718812,1143.0
scanId=136856,2.2808,677.5085731917546,1007.0
scanId=136856,2.2808,679.3385111963687,1169.0
scanId=136856,2.2808,679.3535208601636,1652.0
scanId=136856,2.2808,679.368530741075,1671.0
scanId=136856,2.2808,679.3835407364994,1320.0
scanId=136856,2.2808,679.3985509490404,1031.0
scanId=136856,2.2808,683.3971489082173,1041.0
scanId=136856,2.2808,685.3857711857582,1891.0
scanId=136856,2.2808,685.4008475070302,4904.0
scanId=136856,2.2808,685.4159240455004,8471.0
scanId=136856,2.2808,685.4310006984015,10223.0
scanId=136856,2.2808,685.4460775685014,9139.0
scanId=136856,2.2808,685.4611545530317,6669.0
scanId=136856,2.2808,685.4762317547613,4410.0
scanId=136856,2.2808,685.4913090709209,2801.0
scanId=136856,2.2808,685.5063866042802,1885.0
scanId=136856,2.2808,685.5214642520691,1396.0
scanId=136856,2.2808,685.5365421170579,1140.0
scanId=136856,2.2808,686.3962530229921,1241.0
scanId=136856,2.2808,686.4113405052406,2463.0
scanId=136856,2.2808,686.4264281019077,3442.0
scanId=136856,2.2808,686.4415159157859,3570.0
scanId=136856,2.2808,686.4566038440823,2911.0
scanId=136856,2.2808,686.47169198959,2169.0
scanId=136856,2.2808,686.4867802495155,1588.0
scanId=136856,2.2808,686.5018687266531,1262.0
scanId=136856,2.2808,687.3319888847747,1553.0
scanId=136856,2.2808,687.3470866475423,2770.0
scanId=136856,2.2808,687.3621845247169,3287.0
scanId=136856,2.2808,687.3772826191141,2855.0
scanId=136856,2.2808,687.3923808279181,2243.0
scanId=136856,2.2808,687.407479253945,2030.0
scanId=136856,2.2808,687.4225777943782,2214.0
scanId=136856,2.2808,687.4376765520346,2429.0
scanId=136856,2.2808,687.4527754240972,2264.0
scanId=136856,2.2808,687.4678745133833,1744.0
scanId=136856,2.2808,687.4829737170753,1154.0
scanId=136856,2.2808,687.543372292808,1005.0
scanId=136856,2.2808,688.3590127310722,1216.0
scanId=136856,2.2808,688.3741217692476,1390.0
scanId=136856,2.2808,688.389230921818,1385.0
scanId=136856,2.2808,688.4043402916233,1290.0
scanId=136856,2.2808,688.4194497758231,1237.0
scanId=136856,2.2808,688.434559477258,1114.0
scanId=136856,2.2808,703.6119499663715,1270.0
scanId=136856,2.2808,703.6272254826291,1307.0
scanId=136856,2.2808,703.6425011131412,1068.0
scanId=136856,2.2808,705.3544238937463,1012.0
scanId=136856,2.2808,705.3697183128935,1229.0
scanId=136856,2.2808,705.3850128462843,1166.0
scanId=136856,2.2808,705.4003075970612,1198.0
scanId=136856,2.2808,705.4156024620814,1182.0
scanId=136856,2.2808,705.430897544488,1101.0
scanId=136856,2.2808,705.4461927411377,1067.0
scanId=136856,2.2808,722.4951734855351,1700.0
scanId=136856,2.2808,722.5106526223951,2485.0
scanId=136856,2.2808,722.5261318734429,2677.0
scanId=136856,2.2808,722.5416113419325,2323.0
scanId=136856,2.2808,722.55709092461,1755.0
scanId=136856,2.2808,722.5725707247292,1281.0
scanId=136856,2.2808,722.5880506390363,1046.0
scanId=136856,2.2808,736.4778256654412,1062.0
scanId=136856,2.2808,736.4934538182308,3337.0
scanId=136856,2.2808,736.5090821884311,8128.0
scanId=136856,2.2808,736.5247106728508,13984.0
scanId=136856,2.2808,736.5403393746806,17263.0
scanId=136856,2.2808,736.5559681907299,15825.0
scanId=136856,2.2808,736.5715972241894,11629.0
scanId=136856,2.2808,736.5872263718687,7919.0
scanId=136856,2.2808,736.6028557369578,5439.0
scanId=136856,2.2808,736.6184852162669,3730.0
scanId=136856,2.2808,736.6341149129856,2598.0
scanId=136856,2.2808,736.6497447239243,1805.0
scanId=136856,2.2808,736.665374752273,1287.0
scanId=136856,2.2808,737.4940021427491,2215.0
scanId=136856,2.2808,737.5096411250981,4676.0
scanId=136856,2.2808,737.5252802216712,7376.0
scanId=136856,2.2808,737.5409195356499,9011.0
scanId=136856,2.2808,737.5565589638527,8630.0
scanId=136856,2.2808,737.5721986094611,6874.0
scanId=136856,2.2808,737.5878383692936,4968.0
scanId=136856,2.2808,737.6034783465317,3464.0
scanId=136856,2.2808,737.6191184379942,2448.0
scanId=136856,2.2808,737.6347587468616,1829.0
scanId=136856,2.2808,737.650399169954,1431.0
scanId=136856,2.2808,737.6660398104511,1021.0
scanId=136856,2.2808,738.5108792394427,1565.0
scanId=136856,2.2808,738.5265289481698,2309.0
scanId=136856,2.2808,738.5421788742971,2566.0
scanId=136856,2.2808,738.557828914654,2223.0
scanId=136856,2.2808,738.5734791724109,1680.0
scanId=136856,2.2808,738.5891295443975,1138.0
scanId=136856,2.2808,739.5441173906344,1056.0
scanId=136856,2.2808,745.6171847461376,1020.0
scanId=136856,2.2808,745.6329096205649,1294.0
scanId=136856,2.2808,745.6486346092697,1099.0
scanId=136856,2.2808,746.6081740738728,1009.0
scanId=136856,2.2808,746.623909343105,1173.0
scanId=136856,2.2808,746.6396448296807,1060.0
scanId=136856,2.2808,757.6000433833303,1830.0
scanId=136856,2.2808,757.6158940597954,2973.0
scanId=136856,2.2808,757.6317449534877,3335.0
scanId=136856,2.2808,757.6475959615831,2930.0
scanId=136856,2.2808,757.663447186905,2335.0
scanId=136856,2.2808,757.6792985266303,1746.0
scanId=136856,2.2808,757.695150083582,1255.0
scanId=136856,2.2808,758.598961430969,1248.0
scanId=136856,2.2808,758.6148226051805,1856.0
scanId=136856,2.2808,758.6306838938073,2071.0
scanId=136856,2.2808,758.6465453996484,1961.0
scanId=136856,2.2808,758.6624070199052,1709.0
scanId=136856,2.2808,758.678268857376,1344.0
scanId=136856,2.2808,758.6941308092629,1001.0
scanId=136856,2.2808,759.6461529057582,1128.0
scanId=136856,2.2808,759.6620250237479,1043.0
scanId=136856,2.2808,764.5107509025485,2271.0
scanId=136856,2.2808,764.526673759874,8091.0
scanId=136856,2.2808,764.542596731699,19029.0
scanId=136856,2.2808,764.5585199206542,30933.0
scanId=136856,2.2808,764.5744432241092,35289.0
scanId=136856,2.2808,764.5903667446942,30225.0
scanId=136856,2.2808,764.6062903797794,21843.0
scanId=136856,2.2808,764.6222142319939,14691.0
scanId=136856,2.2808,764.6381381987092,9789.0
scanId=136856,2.2808,764.6540623825532,6563.0
scanId=136856,2.2808,764.6699866808988,4306.0
scanId=136856,2.2808,764.6859111963724,2917.0
scanId=136856,2.2808,764.7018358263483,2020.0
scanId=136856,2.2808,764.7177606734516,1343.0
scanId=136856,2.2808,764.7336856350574,1007.0
scanId=136856,2.2808,765.5142131598583,1217.0
scanId=136856,2.2808,765.5301464122177,4017.0
scanId=136856,2.2808,765.5460798816918,9485.0
scanId=136856,2.2808,765.5620134656815,15857.0
scanId=136856,2.2808,765.5779472667853,18330.0
scanId=136856,2.2808,765.5938811824049,15505.0
scanId=136856,2.2808,765.6098153151382,11054.0
scanId=136856,2.2808,765.6257495623883,7454.0
scanId=136856,2.2808,765.6416840267512,5096.0
scanId=136856,2.2808,765.6576186056312,3547.0
scanId=136856,2.2808,765.6735534016241,2445.0
scanId=136856,2.2808,765.689488312134,1603.0
scanId=136856,2.2808,765.7054234397565,1053.0
scanId=136856,2.2808,766.5342772353914,1410.0
scanId=136856,2.2808,766.5502210999158,3207.0
scanId=136856,2.2808,766.5661651815387,5208.0
scanId=136856,2.2808,766.5821093776931,5746.0
scanId=136856,2.2808,766.5980537909456,4791.0
scanId=136856,2.2808,766.6139983187302,3425.0
scanId=136856,2.2808,766.6299430636122,2366.0
scanId=136856,2.2808,766.6458879230273,1715.0
scanId=136856,2.2808,766.6618329995389,1277.0
scanId=136856,2.2808,767.5550204889666,1060.0
scanId=136856,2.2808,767.5709749656565,1568.0
scanId=136856,2.2808,767.5869296594279,1790.0
scanId=136856,2.2808,767.6028844677479,1543.0
scanId=136856,2.2808,767.6188394931489,1174.0
scanId=136856,2.2808,769.6145202313195,1669.0
scanId=136856,2.2808,769.6304961493883,2072.0
scanId=136856,2.2808,769.64647218204,1992.0
scanId=136856,2.2808,769.6624484317387,1779.0
scanId=136856,2.2808,769.6784247960206,1415.0
scanId=136856,2.2808,769.6944013773488,1004.0
scanId=136856,2.2808,770.6213253180806,1023.0
scanId=136856,2.2808,770.6373116312691,1208.0
scanId=136856,2.2808,770.6532981614864,1061.0
scanId=136856,2.2808,773.5816201404166,1017.0
scanId=136856,2.2808,773.5976371805614,1192.0
scanId=136856,2.2808,773.6136543353615,1100.0
scanId=136856,2.2808,780.5646736069964,1147.0
scanId=136856,2.2808,780.5807627255717,1164.0
scanId=136856,2.2808,780.5968520609794,1010.0
scanId=136856,2.2808,781.5625140963684,1125.0
scanId=136856,2.2808,781.578613495485,1113.0
scanId=136856,2.2808,792.5646150415665,1308.0
scanId=136856,2.2808,792.5808274115725,2570.0
scanId=136856,2.2808,792.5970398966681,3365.0
scanId=136856,2.2808,792.6132525983038,3199.0
scanId=136856,2.2808,792.62946541503,2478.0
scanId=136856,2.2808,792.6456784482955,1737.0
scanId=136856,2.2808,792.6618915966521,1213.0
scanId=136856,2.2808,793.5700939656978,1347.0
scanId=136856,2.2808,793.5863166162229,2115.0
scanId=136856,2.2808,793.6025393818647,2380.0
scanId=136856,2.2808,793.6187623640194,2080.0
scanId=136856,2.2808,793.6349854612919,1588.0
scanId=136856,2.2808,793.651208775076,1274.0
scanId=136856,2.2808,793.6674322039793,1102.0
scanId=136856,2.2808,793.6836558493932,1002.0
scanId=136856,2.2808,795.6154505313568,1152.0
scanId=136856,2.2808,795.6316940745494,1467.0
scanId=136856,2.2808,795.6479377329158,1551.0
scanId=136856,2.2808,795.664181607738,1378.0
scanId=136856,2.2808,795.6804255977349,1050.0
scanId=136856,2.2808,796.7203874733372,1106.0
scanId=136856,2.2808,796.7366422919379,1381.0
scanId=136856,2.2808,796.7528972257433,1362.0
scanId=136856,2.2808,796.7691523759736,1097.0
scanId=136856,2.2808,801.6531764035996,2071.0
scanId=136856,2.2808,801.6694814136271,3983.0
scanId=136856,2.2808,801.6857866399339,5102.0
scanId=136856,2.2808,801.7020919815922,4821.0
scanId=136856,2.2808,801.7183975395287,3663.0
scanId=136856,2.2808,801.7347032128175,2633.0
scanId=136856,2.2808,801.7510091023835,1841.0
scanId=136856,2.2808,801.7673151073033,1188.0
scanId=136856,2.2808,802.6644021460035,1867.0
scanId=136856,2.2808,802.6807174365814,3271.0
scanId=136856,2.2808,802.6970329434071,3809.0
scanId=136856,2.2808,802.7133485656158,3289.0
scanId=136856,2.2808,802.7296644040712,2363.0
scanId=136856,2.2808,802.7459803579105,1579.0
scanId=136856,2.2808,802.7622965279954,1202.0
scanId=136856,2.2808,803.6762652815618,1100.0
scanId=136856,2.2808,803.6925908526904,1326.0
scanId=136856,2.2808,803.7089166400352,1279.0
scanId=136856,2.2808,803.7252425427945,1048.0
scanId=136856,2.2808,811.6136411932621,1104.0
scanId=136856,2.2808,811.6300472349811,1085.0
scanId=136856,2.2808,815.6709649599599,1347.0
scanId=136856,2.2808,815.6874119079486,2595.0
scanId=136856,2.2808,815.7038590717438,3209.0
scanId=136856,2.2808,815.7203063513633,3005.0
scanId=136856,2.2808,815.736753846788,2481.0
scanId=136856,2.2808,815.7532014580383,1863.0
scanId=136856,2.2808,815.7696492850926,1362.0
scanId=136856,2.2808,816.6909908413936,1321.0
scanId=136856,2.2808,816.7074480699393,1452.0
scanId=136856,2.2808,816.7239055142533,1409.0
scanId=136856,2.2808,816.7403630744299,1201.0
scanId=136856,2.2808,817.6457856380945,1830.0
scanId=136856,2.2808,817.6622524839358,2436.0
scanId=136856,2.2808,817.6787195455095,2426.0
scanId=136856,2.2808,817.6951867229812,1962.0
scanId=136856,2.2808,817.7116541161847,1593.0
scanId=136856,2.2808,817.7281216252876,1223.0
scanId=136856,2.2808,818.6670451841046,1050.0
scanId=136856,2.2808,827.671673076318,1178.0
scanId=136856,2.2808,827.6882406216743,2155.0
scanId=136856,2.2808,827.7048082833286,2928.0
scanId=136856,2.2808,827.7213761603147,3035.0
scanId=136856,2.2808,827.7379441536002,2596.0
scanId=136856,2.2808,827.7545123622159,1925.0
scanId=136856,2.2808,827.7710806871324,1352.0
scanId=136856,2.2808,828.6825952992906,1296.0
scanId=136856,2.2808,828.6991729098766,1946.0
scanId=136856,2.2808,828.715750735752,2043.0
scanId=136856,2.2808,828.732328677969,1742.0
scanId=136856,2.2808,828.7489068354739,1246.0
scanId=136856,2.2808,829.6941344710599,1250.0
scanId=136856,2.2808,829.7107222458245,1666.0
scanId=136856,2.2808,829.7273101369739,1665.0
scanId=136856,2.2808,829.7438982433681,1353.0
scanId=136856,2.2808,829.7604864661483,1023.0
scanId=136856,2.2808,831.6858483973903,1255.0
scanId=136856,2.2808,831.7024560699336,1278.0
scanId=136856,2.2808,831.7190638589484,1072.0
scanId=136856,2.2808,839.6765814910216,1120.0
scanId=136856,2.2808,839.69326875468,1718.0
scanId=136856,2.2808,839.7099561351764,1885.0
scanId=136856,2.2808,839.7266437304643,1669.0
scanId=136856,2.2808,839.7433314425921,1255.0
scanId=136856,2.2808,840.6948065467001,1168.0
scanId=136856,2.2808,840.7115038761341,1409.0
scanId=136856,2.2808,840.7282014203114,1339.0
scanId=136856,2.2808,840.7448990813764,1060.0
scanId=136856,2.2808,841.713648551903,1351.0
scanId=136856,2.2808,841.7303560449698,1429.0
scanId=136856,2.2808,841.7470636549727,1178.0
scanId=136856,2.2808,843.7030015316863,1191.0
scanId=136856,2.2808,843.7197287079356,1499.0
scanId=136856,2.2808,843.7364560987809,1420.0
scanId=136856,2.2808,843.7531836066613,1122.0
scanId=136856,2.2808,845.6779558297737,1174.0
scanId=136856,2.2808,845.694702572271,1270.0
scanId=136856,2.2808,845.7114495292655,1113.0
scanId=136856,2.2808,852.7766376872391,1048.0
scanId=136856,2.2808,852.793454618089,1314.0
scanId=136856,2.2808,852.8102716664426,1329.0
scanId=136856,2.2808,852.8270889289221,1088.0
scanId=136856,2.2808,853.7018138152349,1321.0
scanId=136856,2.2808,853.7186398176383,1487.0
scanId=136856,2.2808,853.7354660341182,1246.0
scanId=136856,2.2808,855.7052751378056,1225.0
scanId=136856,2.2808,855.7221209204346,1338.0
scanId=136856,2.2808,855.7389668207276,1335.0
scanId=136856,2.2808,855.7558129349862,1180.0
scanId=136856,2.2808,856.733169875587,1111.0
scanId=136856,2.2808,856.7500257248255,1155.0
scanId=136856,2.2808,856.7668817879733,1055.0
scanId=136856,2.2808,857.6942192700564,1223.0
scanId=136856,2.2808,857.7110846188342,1295.0
scanId=136856,2.2808,857.7279500853874,1355.0
scanId=136856,2.2808,857.7448157657949,1284.0
scanId=136856,2.2808,857.7616815639798,1162.0
scanId=136856,2.2808,867.6905352963145,1085.0
scanId=136856,2.2808,867.7074985941995,1173.0
scanId=136856,2.2808,867.7244621053524,1214.0
scanId=136856,2.2808,867.741425734869,1096.0
scanId=136856,2.2808,869.6763691240934,1360.0
scanId=136856,2.2808,869.693351869766,1735.0
scanId=136856,2.2808,869.7103347339233,1781.0
scanId=136856,2.2808,869.7273178112255,1591.0
scanId=136856,2.2808,869.7443010070147,1430.0
scanId=136856,2.2808,869.7612844159462,1182.0
scanId=136856,2.2808,870.7126186322648,1028.0
scanId=136856,2.2808,879.7079059933453,1013.0
scanId=136856,2.2808,879.724986357266,1342.0
scanId=136856,2.2808,879.7420669336839,1436.0
scanId=136856,2.2808,879.7591476292365,1185.0
scanId=136856,2.2808,883.7434754482031,1029.0
scanId=136856,2.2808,883.7605949446972,1209.0
scanId=136856,2.2808,883.7777146534132,1168.0
scanId=136856,2.2808,893.7350704927632,1031.0
scanId=136856,2.2808,894.7166484955459,1065.0
scanId=136856,2.2808,895.7332352987061,1114.0
scanId=136856,2.2808,895.750470534813,1100.0
scanId=136856,2.2808,911.8162665384812,1112.0
scanId=136856,2.2808,911.8336558620988,1064.0
scanId=136856,2.2808,919.7105959999604,1003.0
scanId=136856,2.2808,919.7280603941095,1009.0
scanId=136856,2.2808,955.7896831646442,1006.0
scanId=136856,2.2808,1430.351931403556,1018.0
scanId=136856,2.2808,1431.3321795630418,1127.0
scanId=136856,2.2808,1431.3539666273884,1133.0
scanId=136856,2.2808,1431.3757539395965,1070.0
scanId=136856,2.2808,1543.9235697048691,1392.0
scanId=136856,2.2808,1543.9461974503665,1396.0
scanId=136856,2.2808,1543.9688254919145,1210.0
scanId=136856,2.2808,1543.991453569042,1027.0
scanId=136856,2.2808,1574.4392981746448,1027.0
scanId=136856,2.2808,1575.3991552692885,1157.0
scanId=136856,2.2808,1575.422012502501,1479.0
scanId=136856,2.2808,1575.4448700460682,1442.0
scanId=136856,2.2808,1575.4677276109105,1219.0
scanId=136856,2.2808,1577.3654896129192,1151.0
scanId=136856,2.2808,1577.3883611062067,1248.0
scanId=136856,2.2808,1577.411232910751,1337.0
scanId=136856,2.2808,1577.4341047356681,1355.0
scanId=136856,2.2808,1577.4569768718638,1155.0
scanId=136856,2.2808,1578.3491166137667,1288.0
scanId=136856,2.2808,1578.3719953829757,1580.0
scanId=136856,2.2808,1578.3948741721147,1640.0
scanId=136856,2.2808,1578.417753272974,1421.0
scanId=136856,2.2808,1578.4406323937433,1170.0
scanId=136856,2.2808,1579.3330503618179,1242.0
scanId=136856,2.2808,1579.35593611518,1724.0
scanId=136856,2.2808,1579.378822180703,1734.0
scanId=136856,2.2808,1579.4017082656949,1407.0
scanId=136856,2.2808,1579.4245946628691,1117.0
scanId=136856,2.2808,1580.3401835950588,1192.0
scanId=136856,2.2808,1580.3630766442725,1728.0
scanId=136856,2.2808,1580.3859700061116,1975.0
scanId=136856,2.2808,1580.4088633869555,1687.0
scanId=136856,2.2808,1580.4317570804453,1222.0
scanId=136856,2.2808,1591.439836989986,1009.0
scanId=136856,2.2808,1593.3471917021657,1098.0
scanId=136856,2.2808,1593.3701789211848,1283.0
scanId=136856,2.2808,1593.3931661532183,1249.0
scanId=136856,2.2808,1593.4161537038879,1100.0
scanId=136856,2.2808,1594.312794463186,1022.0
scanId=136856,2.2808,1594.3357886468746,1288.0
scanId=136856,2.2808,1594.3587828431307,1590.0
scanId=136856,2.2808,1594.3817773584703,1845.0
scanId=136856,2.2808,1594.4047718863555,1876.0
scanId=136856,2.2808,1594.4277667333458,1645.0
scanId=136856,2.2808,1594.4507615928615,1343.0
scanId=136856,2.2808,1594.4737567715022,1060.0
scanId=136856,2.2808,1595.2786897309425,1043.0
scanId=136856,2.2808,1595.3016908793006,1698.0
scanId=136856,2.2808,1595.3246920397794,2204.0
scanId=136856,2.2808,1595.3476935197884,2582.0
scanId=136856,2.2808,1595.3706950118967,2836.0
scanId=136856,2.2808,1595.3936968235566,2923.0
scanId=136856,2.2808,1595.4166986472947,2732.0
scanId=136856,2.2808,1595.439700790606,2324.0
scanId=136856,2.2808,1595.4627029459734,1702.0
scanId=136856,2.2808,1595.4857054209351,1178.0
scanId=136856,2.2808,1596.3139021878499,1484.0
scanId=136856,2.2808,1596.3369106441808,2050.0
scanId=136856,2.2808,1596.3599194205112,2451.0
scanId=136856,2.2808,1596.3829282084712,2718.0
scanId=136856,2.2808,1596.4059373164525,2854.0
scanId=136856,2.2808,1596.428946436043,2381.0
scanId=136856,2.2808,1596.4519558756754,1741.0
scanId=136856,2.2808,1596.4749653268946,1299.0
scanId=136856,2.2808,1597.3034187832147,1194.0
scanId=136856,2.2808,1597.3264345242155,1641.0
scanId=136856,2.2808,1597.3494502763988,1969.0
scanId=136856,2.2808,1597.37246634905,2109.0
scanId=136856,2.2808,1597.3954824328628,2085.0
scanId=136856,2.2808,1597.4184988371655,1847.0
scanId=136856,2.2808,1597.441515252608,1523.0
scanId=136856,2.2808,1597.4645319885612,1199.0
scanId=136856,2.2808,1598.339287888405,1143.0
scanId=136856,2.2808,1598.3623109364403,1298.0
scanId=136856,2.2808,1598.3853343054134,1280.0
scanId=136856,2.2808,1598.4083576850785,1246.0
scanId=136856,2.2808,1598.431381385703,1066.0
scanId=136856,2.2808,1609.3863482273532,1144.0
scanId=136856,2.2808,1609.4094508609346,1098.0
scanId=136856,2.2808,1610.3799078419481,1188.0
scanId=136856,2.2808,1610.4030174453205,1124.0
scanId=136856,2.2808,1611.3506573298032,1313.0
scanId=136856,2.2808,1611.3737738973987,1628.0
scanId=136856,2.2808,1611.3968907919802,1854.0
scanId=136856,2.2808,1611.4200076912052,1726.0
scanId=136856,2.2808,1611.443124917439,1275.0
scanId=136856,2.2808,1612.3448228563236,1264.0
scanId=136856,2.2808,1612.367946715581,1468.0
scanId=136856,2.2808,1612.391070579028,1509.0
scanId=136856,2.2808,1612.4141947699368,1302.0
scanId=136856,2.2808,1612.4373189650141,1049.0
scanId=136856,2.2808,1613.362425973705,1071.0
scanId=136856,2.2808,1613.3855571292893,1188.0
scanId=136856,2.2808,1613.4086882885883,1201.0
scanId=136856,2.2808,1758.4640964541854,1077.0
scanId=136856,2.2808,1967.4706298874423,1025.0
scanId=136856,2.2808,1967.4961737974031,1157.0
scanId=136856,2.2808,1967.5217175623739,1098.0
scanId=136856,2.2808,1968.4158593966479,1156.0
scanId=136856,2.2808,1968.4414091309523,1221.0
scanId=136856,2.2808,1968.4669593421509,1203.0
scanId=136856,2.2808,1968.492509408084,1186.0
scanId=136856,2.2808,1968.5180599509267,1142.0
scanId=136856,2.2808,1982.4676921516343,1035.0
scanId=136856,2.2808,1983.4421638369533,1173.0
scanId=136856,2.2808,1983.467811219698,1247.0
scanId=136856,2.2808,1983.493458453118,1121.0
scanId=136856,2.2808,1985.417485516978,1000.0
scanId=136856,2.2808,1985.4431453523239,1311.0
scanId=136856,2.2808,1985.4688056691411,1462.0
scanId=136856,2.2808,1985.4944658361176,1317.0
scanId=136856,2.2808,1985.5201264845773,1020.0
scanId=136856,2.2808,2338.490547776375,1088.0
scanId=136856,2.2808,2338.518396126162,1015.0
scanId=137855,2.29745,102.12221174818875,1485.0
scanId=137855,2.29745,102.12803134254987,1794.0
scanId=137855,2.29745,102.13385110272583,1364.0
scanId=137855,2.29745,118.11361684591603,1185.0
scanId=137855,2.29745,118.11987549910988,1839.0
scanId=137855,2.29745,118.12613433693646,1590.0
scanId=137855,2.29745,118.13239332175893,1047.0
scanId=137855,2.29745,121.09247379585759,1313.0
scanId=137855,2.29745,121.09881089828049,1504.0
scanId=137855,2.29745,121.10514814745602,1163.0
scanId=137855,2.29745,126.09224881218229,1042.0
scanId=137855,2.29745,126.09871539651508,1608.0
scanId=137855,2.29745,126.10518216612937,1401.0
scanId=137855,2.29745,130.14649425356095,2992.0
scanId=137855,2.29745,130.1530639743887,6991.0
scanId=137855,2.29745,130.15963388082272,7480.0
scanId=137855,2.29745,130.16620393327906,5497.0
scanId=137855,2.29745,130.17277417134272,3687.0
scanId=137855,2.29745,130.1793445554277,2515.0
scanId=137855,2.29745,130.185915125121,1738.0
scanId=137855,2.29745,130.1924858408346,1187.0
scanId=137855,2.29745,131.16018624633696,1006.0
scanId=137855,2.29745,134.99990016555662,1156.0
scanId=137855,2.29745,138.11561705219228,2421.0
scanId=137855,2.29745,138.12238494152464,5173.0
scanId=137855,2.29745,138.1291529762499,5587.0
scanId=137855,2.29745,138.13592119721193,4202.0
scanId=137855,2.29745,138.14268956356577,2798.0
scanId=137855,2.29745,138.14945811615743,1936.0
scanId=137855,2.29745,138.1562268141399,1373.0
scanId=137855,2.29745,164.91207870362695,1496.0
scanId=137855,2.29745,164.91947403624857,2403.0
scanId=137855,2.29745,164.92686951221125,2369.0
scanId=137855,2.29745,164.93426517646253,1845.0
scanId=137855,2.29745,164.94166098405378,1230.0
scanId=137855,2.29745,178.93864129347966,1098.0
scanId=137855,2.29745,178.94634471004196,1283.0
scanId=137855,2.29745,200.94563396062873,1104.0
scanId=137855,2.29745,200.95379734750927,1116.0
scanId=137855,2.29745,230.23557986303058,1216.0
scanId=137855,2.29745,230.24431796408678,1539.0
scanId=137855,2.29745,230.2530562037418,1193.0
scanId=137855,2.29745,231.10145490025917,1524.0
scanId=137855,2.29745,231.11020938970614,2840.0
scanId=137855,2.29745,231.1189640722446,3067.0
scanId=137855,2.29745,231.12771889332,2314.0
scanId=137855,2.29745,231.13647390748804,1590.0
scanId=137855,2.29745,231.14522906019184,1231.0
scanId=137855,2.29745,243.1069350193734,1106.0
scanId=137855,2.29745,243.11591402124293,1414.0
scanId=137855,2.29745,243.12489321705135,1190.0
scanId=137855,2.29745,245.1313921154388,1483.0
scanId=137855,2.29745,245.14040845376755,1381.0
scanId=137855,2.29745,247.1370836824318,1068.0
scanId=137855,2.29745,257.1218804974847,1395.0
scanId=137855,2.29745,257.13111471649046,1650.0
scanId=137855,2.29745,257.1403490722034,1359.0
scanId=137855,2.29745,259.12958890681983,2236.0
scanId=137855,2.29745,259.1388590783948,4866.0
scanId=137855,2.29745,259.1481294450319,6079.0
scanId=137855,2.29745,259.1573999482351,5021.0
scanId=137855,2.29745,259.1666706465019,3465.0
scanId=137855,2.29745,259.1759414813335,2287.0
scanId=137855,2.29745,259.18521251123,1637.0
scanId=137855,2.29745,259.19448367768985,1155.0
scanId=137855,2.29745,261.1171878315953,2121.0
scanId=137855,2.29745,261.12649348740354,2664.0
scanId=137855,2.29745,261.1357993384127,2290.0
scanId=137855,2.29745,261.14510532584916,1803.0
scanId=137855,2.29745,261.15441150848807,1422.0
scanId=137855,2.29745,261.1637178275529,1010.0
scanId=137855,2.29745,263.13106287254374,1207.0
scanId=137855,2.29745,263.1404043442131,1146.0
scanId=137855,2.29745,271.13115635595557,1577.0
scanId=137855,2.29745,271.1406387696674,3378.0
scanId=137855,2.29745,271.15012137927766,4438.0
scanId=137855,2.29745,271.15960412461783,3777.0
scanId=137855,2.29745,271.1690870658577,2573.0
scanId=137855,2.29745,271.17857014282623,1678.0
scanId=137855,2.29745,271.1880534156957,1081.0
scanId=137855,2.29745,273.1356224279838,4158.0
scanId=137855,2.29745,273.14513985870684,27952.0
scanId=137855,2.29745,273.1546574250211,76543.0
scanId=137855,2.29745,273.1641751873738,103192.0
scanId=137855,2.29745,273.1736930853165,88288.0
scanId=137855,2.29745,273.1832111792988,61256.0
scanId=137855,2.29745,273.1927294088698,40774.0
scanId=137855,2.29745,273.20224783448174,27363.0
scanId=137855,2.29745,273.211766395681,18522.0
scanId=137855,2.29745,273.22128515292263,12337.0
scanId=137855,2.29745,273.2308040457503,8156.0
scanId=137855,2.29745,273.2403231346215,5163.0
scanId=137855,2.29745,273.2498423590774,3205.0
scanId=137855,2.29745,273.2593617795784,2309.0
scanId=137855,2.29745,273.26888133566257,1773.0
scanId=137855,2.29745,273.2784010877932,1261.0
scanId=137855,2.29745,274.1453912404443,2585.0
scanId=137855,2.29745,274.15492624753864,9378.0
scanId=137855,2.29745,274.164461390154,15214.0
scanId=137855,2.29745,274.17399672887785,14190.0
scanId=137855,2.29745,274.1835322031217,10004.0
scanId=137855,2.29745,274.1930678734752,6562.0
scanId=137855,2.29745,274.2026036793473,4345.0
scanId=137855,2.29745,274.2121396813304,2996.0
scanId=137855,2.29745,274.2216758188309,2023.0
scanId=137855,2.29745,274.2312121524437,1365.0
scanId=137855,2.29745,274.24074862157244,1006.0
scanId=137855,2.29745,274.25028528681486,1005.0
scanId=137855,2.29745,274.2598220875718,2203.0
scanId=137855,2.29745,274.26935908444403,3444.0
scanId=137855,2.29745,274.27889621682937,3197.0
scanId=137855,2.29745,274.2884335453312,2293.0
scanId=137855,2.29745,274.2979710093448,1578.0
scanId=137855,2.29745,274.3075086694763,1094.0
scanId=137855,2.29745,275.1379185054114,1186.0
scanId=137855,2.29745,275.1474707572473,1360.0
scanId=137855,2.29745,275.1570231445353,1664.0
scanId=137855,2.29745,275.16657572800085,1927.0
scanId=137855,2.29745,275.17612844691723,1700.0
scanId=137855,2.29745,275.1856813620124,1213.0
scanId=137855,2.29745,277.0804222560785,1078.0
scanId=137855,2.29745,277.0900081378268,1233.0
scanId=137855,2.29745,277.09959421588644,1162.0
scanId=137855,2.29745,279.0778584857398,1031.0
scanId=137855,2.29745,279.0874788568327,1443.0
scanId=137855,2.29745,279.0970994243756,1261.0
scanId=137855,2.29745,287.27597329078634,1894.0
scanId=137855,2.29745,287.28573394065256,2167.0
scanId=137855,2.29745,287.29549478753535,1733.0
scanId=137855,2.29745,287.30525576902994,1185.0
scanId=137855,2.29745,288.282192841773,1560.0
scanId=137855,2.29745,288.2919706017678,1721.0
scanId=137855,2.29745,288.30174849630544,1379.0
scanId=137855,2.29745,289.1432690832107,2555.0
scanId=137855,2.29745,289.15306143490994,4934.0
scanId=137855,2.29745,289.16285392109256,5343.0
scanId=137855,2.29745,289.1726466044213,4249.0
scanId=137855,2.29745,289.18243942223233,2920.0
scanId=137855,2.29745,289.19223243719074,1948.0
scanId=137855,2.29745,289.20202558663004,1267.0
scanId=137855,2.29745,291.1050359981893,1017.0
scanId=137855,2.29745,291.11486151285294,1401.0
scanId=137855,2.29745,291.124687161865,1327.0
scanId=137855,2.29745,291.13451300815825,1033.0
scanId=137855,2.29745,291.15416516672155,1233.0
scanId=137855,2.29745,291.1639914789901,1454.0
scanId=137855,2.29745,291.1738179885427,1320.0
scanId=137855,2.29745,299.15785864779906,1323.0
scanId=137855,2.29745,299.16781913572856,1750.0
scanId=137855,2.29745,299.1777797574522,1569.0
scanId=137855,2.29745,299.1877405770113,1160.0
scanId=137855,2.29745,301.1332659676388,1011.0
scanId=137855,2.29745,301.1432592869032,1384.0
scanId=137855,2.29745,301.15325273982614,1706.0
scanId=137855,2.29745,301.1632463907202,1536.0
scanId=137855,2.29745,301.1732401752715,1158.0
scanId=137855,2.29745,301.183234157795,1152.0
scanId=137855,2.29745,301.1932282739746,1688.0
scanId=137855,2.29745,301.2032225881278,2093.0
scanId=137855,2.29745,301.21321703593577,1850.0
scanId=137855,2.29745,301.2232116817186,1308.0
scanId=137855,2.29745,303.1653062249092,1020.0
scanId=137855,2.29745,303.1753331722879,1369.0
scanId=137855,2.29745,303.185360317776,1332.0
scanId=137855,2.29745,303.19538759678284,1036.0
scanId=137855,2.29745,303.2655833218221,2112.0
scanId=137855,2.29745,303.2756119273419,2834.0
scanId=137855,2.29745,303.28564073097834,2424.0
scanId=137855,2.29745,303.29566966812655,1670.0
scanId=137855,2.29745,303.3056988033926,1060.0
scanId=137855,2.29745,304.2793114575177,1456.0
scanId=137855,2.29745,304.28935684263627,2176.0
scanId=137855,2.29745,304.299402361198,2310.0
scanId=137855,2.29745,304.3094480779463,1814.0
scanId=137855,2.29745,304.3194939281362,1220.0
scanId=137855,2.29745,305.1237004771564,1184.0
scanId=137855,2.29745,305.13375979072003,2121.0
scanId=137855,2.29745,305.1438192376691,3503.0
scanId=137855,2.29745,305.15387888286244,4073.0
scanId=137855,2.29745,305.1639386614398,3535.0
scanId=137855,2.29745,305.17399863826273,2807.0
scanId=137855,2.29745,305.1840587484683,2199.0
scanId=137855,2.29745,305.194119056921,1680.0
scanId=137855,2.29745,305.2041794987547,1317.0
scanId=137855,2.29745,305.2142401388371,1055.0
scanId=137855,2.29745,307.09849147226055,1066.0
scanId=137855,2.29745,307.1085832855295,1050.0
scanId=137855,2.29745,313.15279368015877,1121.0
scanId=137855,2.29745,313.16298445189915,1249.0
scanId=137855,2.29745,313.1731754224322,1207.0
scanId=137855,2.29745,313.18336652580086,1046.0
scanId=137855,2.29745,315.1533568877546,1583.0
scanId=137855,2.29745,315.1635801590639,4252.0
scanId=137855,2.29745,315.17380362930226,6126.0
scanId=137855,2.29745,315.1840272322397,5321.0
scanId=137855,2.29745,315.1942510341077,3788.0
scanId=137855,2.29745,315.2044749686734,2752.0
scanId=137855,2.29745,315.21469910217104,2017.0
scanId=137855,2.29745,315.22492336836507,1458.0
scanId=137855,2.29745,317.15003438588326,1061.0
scanId=137855,2.29745,317.1602900241971,1372.0
scanId=137855,2.29745,317.17054579507493,2099.0
scanId=137855,2.29745,317.18080176501854,2771.0
scanId=137855,2.29745,317.1910578675245,2810.0
scanId=137855,2.29745,317.20131416909777,2455.0
scanId=137855,2.29745,317.211570603232,2037.0
scanId=137855,2.29745,317.2218272364349,1592.0
scanId=137855,2.29745,317.23208400219744,1196.0
scanId=137855,2.29745,318.22778002687477,1157.0
scanId=137855,2.29745,318.23805304242154,1227.0
scanId=137855,2.29745,318.24832625710656,1009.0
scanId=137855,2.29745,319.0912927616563,1420.0
scanId=137855,2.29745,319.1015797055895,4030.0
scanId=137855,2.29745,319.1118668487196,5772.0
scanId=137855,2.29745,319.122154124281,5150.0
scanId=137855,2.29745,319.1324415990408,3687.0
scanId=137855,2.29745,319.14272920623046,2759.0
scanId=137855,2.29745,319.1530170126199,2324.0
scanId=137855,2.29745,319.16330495143774,1998.0
scanId=137855,2.29745,319.17359308945686,1579.0
scanId=137855,2.29745,319.18388135990284,1180.0
scanId=137855,2.29745,319.2147472329045,1135.0
scanId=137855,2.29745,319.22503616660697,1045.0
scanId=137855,2.29745,325.2517218578512,1605.0
scanId=137855,2.29745,325.26210762700026,1918.0
scanId=137855,2.29745,325.27249359576473,1582.0
scanId=137855,2.29745,325.28287969654195,1151.0
scanId=137855,2.29745,329.1684673326303,1277.0
scanId=137855,2.29745,329.1789154478874,2436.0
scanId=137855,2.29745,329.18936376302537,3016.0
scanId=137855,2.29745,329.1998122099106,2651.0
scanId=137855,2.29745,329.2102608566782,2186.0
scanId=137855,2.29745,329.22070963519167,2246.0
scanId=137855,2.29745,329.23115861358895,2497.0
scanId=137855,2.29745,329.24160772373057,2254.0
scanId=137855,2.29745,329.2520570337575,1550.0
scanId=137855,2.29745,330.1931724132464,1019.0
scanId=137855,2.29745,331.1670692865076,1057.0
scanId=137855,2.29745,331.1775491064618,3510.0
scanId=137855,2.29745,331.18802905802903,13281.0
scanId=137855,2.29745,331.19850920961284,26876.0
scanId=137855,2.29745,331.2089894928083,30878.0
scanId=137855,2.29745,331.2194699760218,24649.0
scanId=137855,2.29745,331.22995059084536,16869.0
scanId=137855,2.29745,331.2404314056886,11233.0
scanId=137855,2.29745,331.25091235214035,7490.0
scanId=137855,2.29745,331.26139349861324,5117.0
scanId=137855,2.29745,331.27187477669327,3517.0
scanId=137855,2.29745,331.2823562547958,2328.0
scanId=137855,2.29745,331.292837864504,1524.0
scanId=137855,2.29745,332.18438221259254,1277.0
scanId=137855,2.29745,332.1948780823145,3366.0
scanId=137855,2.29745,332.20537415212146,5446.0
scanId=137855,2.29745,332.21587035347176,5584.0
scanId=137855,2.29745,332.2263667549083,4243.0
scanId=137855,2.29745,332.2368632878868,2925.0
scanId=137855,2.29745,332.247360020953,2017.0
scanId=137855,2.29745,332.25785688555976,1525.0
scanId=137855,2.29745,332.2683539502555,1252.0
scanId=137855,2.29745,333.1506979028223,1122.0
scanId=137855,2.29745,333.16120902744274,1565.0
scanId=137855,2.29745,333.17172035221336,2703.0
scanId=137855,2.29745,333.182231808462,3651.0
scanId=137855,2.29745,333.1927434648622,3609.0
scanId=137855,2.29745,333.2032552527392,3158.0
scanId=137855,2.29745,333.213767240769,2492.0
scanId=137855,2.29745,333.2242793602743,1781.0
scanId=137855,2.29745,333.2347916799337,1244.0
scanId=137855,2.29745,334.2236884755526,1024.0
scanId=137855,2.29745,335.16133467066857,1116.0
scanId=137855,2.29745,335.1718775002555,1059.0
scanId=137855,2.29745,337.10400379566545,1203.0
scanId=137855,2.29745,337.11457713517973,1291.0
scanId=137855,2.29745,337.1251506059062,1078.0
scanId=137855,2.29745,339.15833251764394,1187.0
scanId=137855,2.29745,339.16893802523384,1335.0
scanId=137855,2.29745,339.1795436638976,1268.0
scanId=137855,2.29745,339.1901495031172,1784.0
scanId=137855,2.29745,339.2007554734092,2373.0
scanId=137855,2.29745,339.21136164425843,2086.0
scanId=137855,2.29745,339.22196794617867,1443.0
scanId=137855,2.29745,340.3896753656067,1184.0
scanId=137855,2.29745,340.4003001077159,1042.0
scanId=137855,2.29745,343.1150170723505,1055.0
scanId=137855,2.29745,343.1256842630545,1347.0
scanId=137855,2.29745,343.1363515845664,1234.0
scanId=137855,2.29745,343.17902259877184,1009.0
scanId=137855,2.29745,343.1896907843648,1061.0
scanId=137855,2.29745,343.2003591007613,1088.0
scanId=137855,2.29745,345.14475717919805,1283.0
scanId=137855,2.29745,345.15545587471826,1219.0
scanId=137855,2.29745,345.16615470091045,1284.0
scanId=137855,2.29745,345.1768537280603,1468.0
scanId=137855,2.29745,345.18755288588073,1473.0
scanId=137855,2.29745,345.1982522446602,1322.0
scanId=137855,2.29745,345.2089517341087,1070.0
scanId=137855,2.29745,348.96396434499246,1074.0
scanId=137855,2.29745,348.97472207058956,3243.0
scanId=137855,2.29745,348.9854799266029,4645.0
scanId=137855,2.29745,348.99623798382964,4067.0
scanId=137855,2.29745,349.00699617147126,2801.0
scanId=137855,2.29745,349.0177545603276,1843.0
scanId=137855,2.29745,349.0285130795974,1234.0
scanId=137855,2.29745,349.15762845676915,1300.0
scanId=137855,2.29745,349.168389167033,2896.0
scanId=137855,2.29745,349.17915000770023,3814.0
scanId=137855,2.29745,349.1899110495938,3308.0
scanId=137855,2.29745,349.20067222188925,2511.0
scanId=137855,2.29745,349.2114335954124,1883.0
scanId=137855,2.29745,349.2221950993361,1421.0
scanId=137855,2.29745,349.2329568044889,1158.0
scanId=137855,2.29745,349.2437186400406,1030.0
scanId=137855,2.29745,350.9677508518515,1330.0
scanId=137855,2.29745,350.97853941900576,2116.0
scanId=137855,2.29745,350.9893281164421,2024.0
scanId=137855,2.29745,351.000117015226,1514.0
scanId=137855,2.29745,351.01090604429055,1056.0
scanId=137855,2.29745,351.17276166227043,1116.0
scanId=137855,2.29745,351.18355334436063,1069.0
scanId=137855,2.29745,351.1943452278113,1050.0
scanId=137855,2.29745,357.1332304254146,1179.0
scanId=137855,2.29745,357.1441133052602,1539.0
scanId=137855,2.29745,357.1549963868633,1342.0
scanId=137855,2.29745,357.2094141742643,1503.0
scanId=137855,2.29745,357.2202982507563,1531.0
scanId=137855,2.29745,357.2311824571145,1246.0
scanId=137855,2.29745,357.2420668652363,1052.0
scanId=137855,2.29745,359.1930439545133,1448.0
scanId=137855,2.29745,359.2039582093032,1818.0
scanId=137855,2.29745,359.2148725938274,1500.0
scanId=137855,2.29745,359.2257871802469,1072.0
scanId=137855,2.29745,361.1931106060338,1182.0
scanId=137855,2.29745,361.2040551687237,1407.0
scanId=137855,2.29745,361.2149999334408,1322.0
scanId=137855,2.29745,361.225944827759,1007.0
scanId=137855,2.29745,362.22262597589275,1055.0
scanId=137855,2.29745,362.2335861251078,1246.0
scanId=137855,2.29745,362.2445464764183,1088.0
scanId=137855,2.29745,363.1658064203195,1207.0
scanId=137855,2.29745,363.1767808295467,1299.0
scanId=137855,2.29745,363.18775544093194,1432.0
scanId=137855,2.29745,363.19873018178754,1474.0
scanId=137855,2.29745,363.2097051248024,1264.0
scanId=137855,2.29745,368.39732597925035,1135.0
scanId=137855,2.29745,368.4083791868617,2284.0
scanId=137855,2.29745,368.41943252359806,2969.0
scanId=137855,2.29745,368.43048606283907,2752.0
scanId=137855,2.29745,368.4415397312036,2019.0
scanId=137855,2.29745,368.4525936020743,1396.0
scanId=137855,2.29745,371.14359548259387,1462.0
scanId=137855,2.29745,371.1546898122812,2521.0
scanId=137855,2.29745,371.16578427091275,2538.0
scanId=137855,2.29745,371.1768789322297,2024.0
scanId=137855,2.29745,371.1879737224894,1709.0
scanId=137855,2.29745,371.19906871543606,1449.0
scanId=137855,2.29745,371.210163837324,1504.0
scanId=137855,2.29745,371.22125916190026,2048.0
scanId=137855,2.29745,371.2323546154163,2164.0
scanId=137855,2.29745,371.2434502716221,1686.0
scanId=137855,2.29745,371.25454605676646,1165.0
scanId=137855,2.29745,373.19886524481916,1027.0
scanId=137855,2.29745,373.2099902132436,1184.0
scanId=137855,2.29745,373.22111538448803,1040.0
scanId=137855,2.29745,377.2033909358683,1266.0
scanId=137855,2.29745,377.2145754688191,1248.0
scanId=137855,2.29745,377.2257601303164,1049.0
scanId=137855,2.29745,379.19684655939886,1101.0
scanId=137855,2.29745,379.2080606073881,1334.0
scanId=137855,2.29745,379.2192747837935,1584.0
scanId=137855,2.29745,379.23048916341236,1599.0
scanId=137855,2.29745,379.241703671446,1282.0
scanId=137855,2.29745,385.16352678263723,1177.0
scanId=137855,2.29745,385.1748287124827,1396.0
scanId=137855,2.29745,385.18613077035496,1198.0
scanId=137855,2.29745,385.253946713055,1040.0
scanId=137855,2.29745,385.26524996941885,1652.0
scanId=137855,2.29745,385.2765533538039,2099.0
scanId=137855,2.29745,385.28785694179743,1962.0
scanId=137855,2.29745,385.2991606578108,1476.0
scanId=137855,2.29745,387.211873801314,1055.0
scanId=137855,2.29745,387.223205705722,1239.0
scanId=137855,2.29745,387.2345378138652,1164.0
scanId=137855,2.29745,389.2202069444385,1733.0
scanId=137855,2.29745,389.23156823599044,4058.0
scanId=137855,2.29745,389.24292965530594,5999.0
scanId=137855,2.29745,389.2542912784876,5707.0
scanId=137855,2.29745,389.26565302943123,4281.0
scanId=137855,2.29745,389.2770149842424,3117.0
scanId=137855,2.29745,389.28837706681435,2286.0
scanId=137855,2.29745,389.2997393532552,1680.0
scanId=137855,2.29745,389.31110176745534,1192.0
scanId=137855,2.29745,393.1839413288022,1542.0
scanId=137855,2.29745,393.1953603239123,2772.0
scanId=137855,2.29745,393.20677944653,3436.0
scanId=137855,2.29745,393.2181987732698,2879.0
scanId=137855,2.29745,393.2296182275157,2119.0
scanId=137855,2.29745,393.24103788588513,1528.0
scanId=137855,2.29745,393.252457671759,1078.0
scanId=137855,2.29745,399.30527171044815,1229.0
scanId=137855,2.29745,399.3167792506737,1099.0
scanId=137855,2.29745,399.3858278580302,1161.0
scanId=137855,2.29745,399.3973365202538,1640.0
scanId=137855,2.29745,399.40884538699805,1579.0
scanId=137855,2.29745,399.42035438084974,1164.0
scanId=137855,2.29745,401.27546791259283,1231.0
scanId=137855,2.29745,401.2870037683262,1117.0
scanId=137855,2.29745,402.3259115417175,1085.0
scanId=137855,2.29745,402.3374625254267,3017.0
scanId=137855,2.29745,402.34901363605593,4968.0
scanId=137855,2.29745,402.3605649513947,4943.0
scanId=137855,2.29745,402.3721163936522,3571.0
scanId=137855,2.29745,402.38366804062053,2374.0
scanId=137855,2.29745,402.3952198145063,1619.0
scanId=137855,2.29745,402.40677179310427,1097.0
scanId=137855,2.29745,403.34303113450034,1113.0
scanId=137855,2.29745,403.35459670991395,1303.0
scanId=137855,2.29745,403.36616241218263,1230.0
scanId=137855,2.29745,405.2304060194942,1121.0
scanId=137855,2.29745,405.24199858364443,1142.0
scanId=137855,2.29745,407.2035271714473,1189.0
scanId=137855,2.29745,407.2151479239918,1393.0
scanId=137855,2.29745,407.22676888155627,1201.0
scanId=137855,2.29745,409.12319802563377,1360.0
scanId=137855,2.29745,409.1348461768291,6681.0
scanId=137855,2.29745,409.1464944545116,16208.0
scanId=137855,2.29745,409.15814293733655,21497.0
scanId=137855,2.29745,409.1697915466472,18940.0
scanId=137855,2.29745,409.18144036110186,13518.0
scanId=137855,2.29745,409.1930893020407,9256.0
scanId=137855,2.29745,409.20473844812483,6264.0
scanId=137855,2.29745,409.21638772069196,4273.0
scanId=137855,2.29745,409.22803719840573,2868.0
scanId=137855,2.29745,409.23968680260106,1943.0
scanId=137855,2.29745,409.25133661194445,1319.0
scanId=137855,2.29745,409.2629865477679,1047.0
scanId=137855,2.29745,410.13720580045464,1317.0
scanId=137855,2.29745,410.14886833814836,3144.0
scanId=137855,2.29745,410.1605310810481,4305.0
scanId=137855,2.29745,410.17219395036994,4190.0
scanId=137855,2.29745,410.18385702489934,3210.0
scanId=137855,2.29745,410.1955202258494,2158.0
scanId=137855,2.29745,410.2071836320084,1581.0
scanId=137855,2.29745,410.2188471645866,1250.0
scanId=137855,2.29745,411.1524685854815,1039.0
scanId=137855,2.29745,411.1641455884558,1544.0
scanId=137855,2.29745,411.1758227177889,1732.0
scanId=137855,2.29745,411.18750005239303,1525.0
scanId=137855,2.29745,411.1991775133543,1196.0
scanId=137855,2.29745,415.3786341805138,2229.0
scanId=137855,2.29745,415.390371002917,5602.0
scanId=137855,2.29745,415.4021080308573,8015.0
scanId=137855,2.29745,415.41384518488866,7486.0
scanId=137855,2.29745,415.4255825444586,5396.0
scanId=137855,2.29745,415.43732003011814,3590.0
scanId=137855,2.29745,415.4490577213176,2405.0
scanId=137855,2.29745,415.46079553860545,1660.0
scanId=137855,2.29745,415.4725335614346,1129.0
scanId=137855,2.29745,416.38860866708904,1477.0
scanId=137855,2.29745,416.4003597495034,2147.0
scanId=137855,2.29745,416.4121110375185,2091.0
scanId=137855,2.29745,416.42386245156104,1556.0
scanId=137855,2.29745,416.43561407120575,1036.0
scanId=137855,2.29745,425.1178893612456,2448.0
scanId=137855,2.29745,425.12976302059985,3938.0
scanId=137855,2.29745,425.14163680543635,3870.0
scanId=137855,2.29745,425.1535107964201,2857.0
scanId=137855,2.29745,425.165384912885,2028.0
scanId=137855,2.29745,425.1772592354984,1449.0
scanId=137855,2.29745,425.18913368359136,1320.0
scanId=137855,2.29745,425.2010083378344,1456.0
scanId=137855,2.29745,425.2128831175555,1469.0
scanId=137855,2.29745,425.22475810342826,1338.0
scanId=137855,2.29745,425.23663321477756,1060.0
scanId=137855,2.29745,426.1277406700343,1105.0
scanId=137855,2.29745,426.13962838325386,1176.0
scanId=137855,2.29745,429.2957218893937,1052.0
scanId=137855,2.29745,429.3076537091598,1617.0
scanId=137855,2.29745,429.31958573533166,1669.0
scanId=137855,2.29745,429.3315178867259,1268.0
scanId=137855,2.29745,429.37924823163166,1057.0
scanId=137855,2.29745,430.35830496396284,1018.0
scanId=137855,2.29745,430.3702515818391,2328.0
scanId=137855,2.29745,430.38219832487283,3261.0
scanId=137855,2.29745,430.3941452743788,3030.0
scanId=137855,2.29745,430.4060923490407,2285.0
scanId=137855,2.29745,430.4180396301762,1635.0
scanId=137855,2.29745,430.4299870364664,1158.0
scanId=137855,2.29745,431.38631840490103,1177.0
scanId=137855,2.29745,431.3982792828519,1017.0
scanId=137855,2.29745,437.20679599947647,1004.0
scanId=137855,2.29745,437.21883725653913,1737.0
scanId=137855,2.29745,437.230878720494,2130.0
scanId=137855,2.29745,437.2429203091848,1811.0
scanId=137855,2.29745,437.25496210476933,1378.0
scanId=137855,2.29745,437.26700402508834,1145.0
scanId=137855,2.29745,437.2790461523025,1005.0
scanId=137855,2.29745,437.3633455212806,1581.0
scanId=137855,2.29745,437.3753889750132,3022.0
scanId=137855,2.29745,437.3874325534732,3566.0
scanId=137855,2.29745,437.3994763388355,2910.0
scanId=137855,2.29745,437.4115202489235,2052.0
scanId=137855,2.29745,437.4235643659156,1399.0
scanId=137855,2.29745,443.32086774968366,1507.0
scanId=137855,2.29745,443.33299290867456,1647.0
scanId=137855,2.29745,443.3451182749296,1247.0
scanId=137855,2.29745,447.2702812675696,1318.0
scanId=137855,2.29745,447.28246035782723,1955.0
scanId=137855,2.29745,447.2946395722113,1839.0
scanId=137855,2.29745,447.30681899409853,1370.0
scanId=137855,2.29745,471.0970454750175,1031.0
scanId=137855,2.29745,471.1095447106055,1109.0
scanId=137855,2.29745,473.3245253201657,1121.0
scanId=137855,2.29745,473.3370540706641,1559.0
scanId=137855,2.29745,473.34958303019766,1601.0
scanId=137855,2.29745,473.36211211232416,1524.0
scanId=137855,2.29745,473.37464140348754,1202.0
scanId=137855,2.29745,475.2935730834935,1358.0
scanId=137855,2.29745,475.3061279101395,2720.0
scanId=137855,2.29745,475.3186828592664,3541.0
scanId=137855,2.29745,475.331238017542,3294.0
scanId=137855,2.29745,475.3437932982971,2592.0
scanId=137855,2.29745,475.3563487882023,1834.0
scanId=137855,2.29745,475.3689044005857,1216.0
scanId=137855,2.29745,476.31104954736645,1563.0
scanId=137855,2.29745,476.3236177616217,1884.0
scanId=137855,2.29745,476.33618618508325,1689.0
scanId=137855,2.29745,476.3487547309666,1217.0
scanId=137855,2.29745,481.2378723063076,1157.0
scanId=137855,2.29745,481.25050539755006,2115.0
scanId=137855,2.29745,481.2631386109355,2451.0
scanId=137855,2.29745,481.2757720338076,2173.0
scanId=137855,2.29745,481.28840557882125,1939.0
scanId=137855,2.29745,481.301039333323,1827.0
scanId=137855,2.29745,481.3136732099649,1521.0
scanId=137855,2.29745,481.3263072960961,1166.0
scanId=137855,2.29745,482.26168818898657,1099.0
scanId=137855,2.29745,482.274334667501,1175.0
scanId=137855,2.29745,482.28698135555874,1084.0
scanId=137855,2.29745,487.3335203350278,1074.0
scanId=137855,2.29745,487.34623313918723,1524.0
scanId=137855,2.29745,487.3589461531742,1589.0
scanId=137855,2.29745,487.3716592889619,1411.0
scanId=137855,2.29745,487.3843726345785,1250.0
scanId=137855,2.29745,487.3970861019944,1035.0
scanId=137855,2.29745,488.47833877691346,1593.0
scanId=137855,2.29745,488.4910665043433,1878.0
scanId=137855,2.29745,488.5037944416643,1745.0
scanId=137855,2.29745,488.5165225007224,1345.0
scanId=137855,2.29745,493.30124285433317,1051.0
scanId=137855,2.29745,493.31403325949975,1038.0
scanId=137855,2.29745,501.39206572793955,1280.0
scanId=137855,2.29745,501.404960596005,1509.0
scanId=137855,2.29745,501.4178556746672,1303.0
scanId=137855,2.29745,503.13437570907564,1262.0
scanId=137855,2.29745,503.14729300692426,1390.0
scanId=137855,2.29745,503.1602104257112,1147.0
scanId=137855,2.29745,503.3281522731966,1094.0
scanId=137855,2.29745,503.34107201338145,1070.0
scanId=137855,2.29745,515.389013442422,1275.0
scanId=137855,2.29745,515.4020870581273,2341.0
scanId=137855,2.29745,515.4151608851686,3230.0
scanId=137855,2.29745,515.4282348325023,3280.0
scanId=137855,2.29745,515.4413089911732,2465.0
scanId=137855,2.29745,515.4543832701353,1729.0
scanId=137855,2.29745,515.4674577604358,1206.0
scanId=137855,2.29745,516.4223417328836,1006.0
scanId=137855,2.29745,516.4354284934809,1157.0
scanId=137855,2.29745,516.4485153743183,1022.0
scanId=137855,2.29745,516.4877771028674,1378.0
scanId=137855,2.29745,516.5008646469614,3170.0
scanId=137855,2.29745,516.5139524024476,5104.0
scanId=137855,2.29745,516.5270402781698,5435.0
scanId=137855,2.29745,516.5401283652857,4337.0
scanId=137855,2.29745,516.553216572636,3017.0
scanId=137855,2.29745,516.5663049913817,2036.0
scanId=137855,2.29745,516.5793935303603,1461.0
scanId=137855,2.29745,516.5924822807357,1018.0
scanId=137855,2.29745,517.3388138215698,1378.0
scanId=137855,2.29745,517.3519121892049,2380.0
scanId=137855,2.29745,517.3650106770325,2791.0
scanId=137855,2.29745,517.378109376297,2362.0
scanId=137855,2.29745,517.391208195753,1741.0
scanId=137855,2.29745,517.4043072266471,1338.0
scanId=137855,2.29745,517.4174063777314,1077.0
scanId=137855,2.29745,517.5091052606272,1204.0
scanId=137855,2.29745,517.5222057382246,1759.0
scanId=137855,2.29745,517.5353064272672,1781.0
scanId=137855,2.29745,517.5484072364927,1335.0
scanId=137855,2.29745,523.2893398053876,1722.0
scanId=137855,2.29745,523.3025132412124,3797.0
scanId=137855,2.29745,523.3156868887768,5406.0
scanId=137855,2.29745,523.3288606562301,5400.0
scanId=137855,2.29745,523.342034635424,4142.0
scanId=137855,2.29745,523.3552087345054,2830.0
scanId=137855,2.29745,523.3683830453292,1861.0
scanId=137855,2.29745,523.3815574760388,1276.0
scanId=137855,2.29745,524.3041812822252,1469.0
scanId=137855,2.29745,524.3173675317163,2350.0
scanId=137855,2.29745,524.3305539010453,2372.0
scanId=137855,2.29745,524.3437404821659,1769.0
scanId=137855,2.29745,524.3569271831233,1208.0
scanId=137855,2.29745,525.2540134122648,1254.0
scanId=137855,2.29745,525.2672116004231,2049.0
scanId=137855,2.29745,525.2804099083716,2281.0
scanId=137855,2.29745,525.2936084281595,2054.0
scanId=137855,2.29745,525.3068070677364,1741.0
scanId=137855,2.29745,525.320005919154,1375.0
scanId=137855,2.29745,525.3332048903591,1041.0
scanId=137855,2.29745,528.2542502310639,1034.0
scanId=137855,2.29745,529.4196358121386,1740.0
scanId=137855,2.29745,529.4328861857344,2585.0
scanId=137855,2.29745,529.4461367713766,2471.0
scanId=137855,2.29745,529.4593874766008,2267.0
scanId=137855,2.29745,529.4726383938726,2394.0
scanId=137855,2.29745,529.4858894307249,2720.0
scanId=137855,2.29745,529.4991406796265,2562.0
scanId=137855,2.29745,529.5123920481072,1928.0
scanId=137855,2.29745,529.5256436286385,1285.0
scanId=137855,2.29745,530.4801915228825,1051.0
scanId=137855,2.29745,530.4934551616115,1435.0
scanId=137855,2.29745,530.5067190124396,1601.0
scanId=137855,2.29745,530.519982982797,1347.0
scanId=137855,2.29745,531.3692234609487,1158.0
scanId=137855,2.29745,531.382498255555,1515.0
scanId=137855,2.29745,531.3957731696476,1430.0
scanId=137855,2.29745,531.4090482958836,1151.0
scanId=137855,2.29745,533.508597377081,1700.0
scanId=137855,2.29745,533.5218988214409,2643.0
scanId=137855,2.29745,533.5352004780486,2462.0
scanId=137855,2.29745,533.5485022540369,1777.0
scanId=137855,2.29745,533.5618042422742,1207.0
scanId=137855,2.29745,537.3596220195798,1645.0
scanId=137855,2.29745,537.3729714308564,3676.0
scanId=137855,2.29745,537.3863209613274,4932.0
scanId=137855,2.29745,537.3996707042337,4573.0
scanId=137855,2.29745,537.4130205663329,3673.0
scanId=137855,2.29745,537.4263706408688,2726.0
scanId=137855,2.29745,537.4397208345966,1837.0
scanId=137855,2.29745,537.453071240762,1254.0
scanId=137855,2.29745,538.3880100895689,1617.0
scanId=137855,2.29745,538.4013722219177,1806.0
scanId=137855,2.29745,538.4147345667503,1486.0
scanId=137855,2.29745,538.4280970307275,1097.0
scanId=137855,2.29745,539.2836411128698,1089.0
scanId=137855,2.29745,539.2970144014809,1447.0
scanId=137855,2.29745,539.3103878091939,1462.0
scanId=137855,2.29745,539.3237614294346,1133.0
scanId=137855,2.29745,543.4507197187213,1551.0
scanId=137855,2.29745,543.4641445288322,1694.0
scanId=137855,2.29745,543.4775695516679,2153.0
scanId=137855,2.29745,543.490994693407,3558.0
scanId=137855,2.29745,543.5044200478723,4786.0
scanId=137855,2.29745,543.5178455212398,4513.0
scanId=137855,2.29745,543.531271207335,3354.0
scanId=137855,2.29745,543.5446970123306,2282.0
scanId=137855,2.29745,543.5581230300554,1507.0
scanId=137855,2.29745,544.4849170530682,1043.0
scanId=137855,2.29745,544.4983546778305,1906.0
scanId=137855,2.29745,544.5117924214481,2437.0
scanId=137855,2.29745,544.5252303778401,2276.0
scanId=137855,2.29745,544.5386684530861,1877.0
scanId=137855,2.29745,544.5521067411077,1504.0
scanId=137855,2.29745,544.565545147982,1087.0
scanId=137855,2.29745,550.5485890410395,1440.0
scanId=137855,2.29745,550.5621012824721,1530.0
scanId=137855,2.29745,550.5756136424782,1227.0
scanId=137855,2.29745,550.5891262155404,1019.0
scanId=137855,2.29745,550.6026389071751,1286.0
scanId=137855,2.29745,550.6161518118669,1640.0
scanId=137855,2.29745,550.6296648351299,1631.0
scanId=137855,2.29745,550.6431780714513,1245.0
scanId=137855,2.29745,551.616565146357,1067.0
scanId=137855,2.29745,551.6300904398711,1089.0
scanId=137855,2.29745,555.4644186416074,1707.0
scanId=137855,2.29745,555.4779910263569,7682.0
scanId=137855,2.29745,555.4915636243848,18532.0
scanId=137855,2.29745,555.5051363407626,26233.0
scanId=137855,2.29745,555.5187092704202,24403.0
scanId=137855,2.29745,555.5322823184265,17881.0
scanId=137855,2.29745,555.5458555797137,12181.0
scanId=137855,2.29745,555.5594289593483,8241.0
scanId=137855,2.29745,555.5730025522653,5560.0
scanId=137855,2.29745,555.5865762635283,3596.0
scanId=137855,2.29745,555.600150188075,2279.0
scanId=137855,2.29745,555.6137242309663,1502.0
scanId=137855,2.29745,556.4828093892461,2955.0
scanId=137855,2.29745,556.4963942575708,6675.0
scanId=137855,2.29745,556.5099792442006,9089.0
scanId=137855,2.29745,556.523564444155,8119.0
scanId=137855,2.29745,556.5371497624129,5753.0
scanId=137855,2.29745,556.5507352939971,3752.0
scanId=137855,2.29745,556.5643209438837,2423.0
scanId=137855,2.29745,556.5779068070975,1699.0
scanId=137855,2.29745,556.5914927886122,1181.0
scanId=137855,2.29745,557.4885357524389,1501.0
scanId=137855,2.29745,557.5021328910606,2465.0
scanId=137855,2.29745,557.515730147942,2728.0
scanId=137855,2.29745,557.5293276181934,2179.0
scanId=137855,2.29745,557.5429252067033,1510.0
scanId=137855,2.29745,557.5565230085845,1037.0
scanId=137855,2.29745,559.3392655485684,1038.0
scanId=137855,2.29745,563.2412476865226,1047.0
scanId=137855,2.29745,563.2549147989995,1255.0
scanId=137855,2.29745,563.2685820294828,1042.0
scanId=137855,2.29745,569.2845210966622,1070.0
scanId=137855,2.29745,569.2982612854087,1719.0
scanId=137855,2.29745,569.3120016880374,1957.0
scanId=137855,2.29745,569.3257422084124,1633.0
scanId=137855,2.29745,569.3394829426707,1192.0
scanId=137855,2.29745,571.4575313136065,1522.0
scanId=137855,2.29745,571.4712977010036,2265.0
scanId=137855,2.29745,571.4850643023742,2504.0
scanId=137855,2.29745,571.4988310213998,2042.0
scanId=137855,2.29745,571.5125979544001,1357.0
scanId=137855,2.29745,572.4766936279333,1416.0
scanId=137855,2.29745,572.4904722855847,1536.0
scanId=137855,2.29745,572.5042511572523,1342.0
scanId=137855,2.29745,572.518030146532,1052.0
scanId=137855,2.29745,575.3876690745474,1055.0
scanId=137855,2.29745,575.4014827673277,1478.0
scanId=137855,2.29745,575.4152965776004,1469.0
scanId=137855,2.29745,575.4291106020105,1216.0
scanId=137855,2.29745,576.4103284174458,1388.0
scanId=137855,2.29745,576.4241543805231,1409.0
scanId=137855,2.29745,576.4379804610509,1132.0
scanId=137855,2.29745,577.3231960567201,1052.0
scanId=137855,2.29745,577.3370329635757,2405.0
scanId=137855,2.29745,577.3508699878446,3748.0
scanId=137855,2.29745,577.3647072263298,4065.0
scanId=137855,2.29745,577.3785445822272,3395.0
scanId=137855,2.29745,577.392382152342,2551.0
scanId=137855,2.29745,577.4062198398678,1826.0
scanId=137855,2.29745,577.4200577416123,1309.0
scanId=137855,2.29745,578.3475732382612,1485.0
scanId=137855,2.29745,578.3614224154136,2248.0
scanId=137855,2.29745,578.3752717099378,2422.0
scanId=137855,2.29745,578.3891212187199,2033.0
scanId=137855,2.29745,578.4029708448726,1510.0
scanId=137855,2.29745,578.4168206852843,1143.0
scanId=137855,2.29745,579.3312751697439,1160.0
scanId=137855,2.29745,579.3451360712666,1251.0
scanId=137855,2.29745,579.3589971870862,1168.0
scanId=137855,2.29745,581.4955842867508,1740.0
scanId=137855,2.29745,581.5094710552994,3028.0
scanId=137855,2.29745,581.5233580382312,3456.0
scanId=137855,2.29745,581.5372451384081,2880.0
scanId=137855,2.29745,581.5511324529697,2007.0
scanId=137855,2.29745,581.5650198847751,1324.0
scanId=137855,2.29745,582.5236548214757,1306.0
scanId=137855,2.29745,582.5375538602801,1264.0
scanId=137855,2.29745,597.4904841791275,1309.0
scanId=137855,2.29745,597.5045606392241,1347.0
scanId=137855,2.29745,597.5186373143133,1101.0
scanId=137855,2.29745,599.3359155593657,1290.0
scanId=137855,2.29745,599.3500137903818,1359.0
scanId=137855,2.29745,599.3641121379679,1215.0
scanId=137855,2.29745,605.413438215814,1451.0
scanId=137855,2.29745,605.427607747204,1513.0
scanId=137855,2.29745,605.44177739495,1328.0
scanId=137855,2.29745,605.4559472579693,1043.0
scanId=137855,2.29745,609.3731610541802,1071.0
scanId=137855,2.29745,609.3873767983126,1235.0
scanId=137855,2.29745,609.401592757853,1223.0
scanId=137855,2.29745,609.4158088336142,1168.0
scanId=137855,2.29745,613.3172674510568,1124.0
scanId=137855,2.29745,613.331529175488,1485.0
scanId=137855,2.29745,613.3457910160104,1458.0
scanId=137855,2.29745,613.3600530720712,1121.0
scanId=137855,2.29745,617.3599449538434,1231.0
scanId=137855,2.29745,617.3742535540165,1976.0
scanId=137855,2.29745,617.3885623698573,2388.0
scanId=137855,2.29745,617.4028713016592,2073.0
scanId=137855,2.29745,617.4171804491297,1578.0
scanId=137855,2.29745,617.4314897125604,1272.0
scanId=137855,2.29745,618.3905897831323,1009.0
scanId=137855,2.29745,618.4049103219401,1132.0
scanId=137855,2.29745,618.4192310764481,1129.0
scanId=137855,2.29745,618.4335519468849,1264.0
scanId=137855,2.29745,618.4478730330226,1236.0
scanId=137855,2.29745,619.407761833752,1028.0
scanId=137855,2.29745,619.4220941952977,1286.0
scanId=137855,2.29745,619.4364266727407,1305.0
scanId=137855,2.29745,619.450759365916,1102.0
scanId=137855,2.29745,625.3123229054362,1840.0
scanId=137855,2.29745,625.3267233667776,3875.0
scanId=137855,2.29745,625.3411240440303,5405.0
scanId=137855,2.29745,625.3555248370003,5386.0
scanId=137855,2.29745,625.3699258458827,4251.0
scanId=137855,2.29745,625.3843269704817,2978.0
scanId=137855,2.29745,625.3987283109936,2074.0
scanId=137855,2.29745,625.4131297672214,1483.0
scanId=137855,2.29745,625.427531439363,1100.0
scanId=137855,2.29745,626.3207573949985,1332.0
scanId=137855,2.29745,626.3351694633476,2496.0
scanId=137855,2.29745,626.3495817476379,2894.0
scanId=137855,2.29745,626.3639941476159,2437.0
scanId=137855,2.29745,626.3784067635357,1783.0
scanId=137855,2.29745,626.3928194951426,1295.0
scanId=137855,2.29745,627.344428051512,1105.0
scanId=137855,2.29745,627.3588519428399,1122.0
scanId=137855,2.29745,627.3732759498259,1034.0
scanId=137855,2.29745,635.4187135077939,1169.0
scanId=137855,2.29745,635.4332299237927,1128.0
scanId=137855,2.29745,639.3441605840443,1257.0
scanId=137855,2.29745,639.3587217700453,1432.0
scanId=137855,2.29745,639.373283071374,1307.0
scanId=137855,2.29745,639.3878445890048,1085.0
scanId=137855,2.29745,645.2988814308171,1259.0
scanId=137855,2.29745,645.3135102692659,1326.0
scanId=137855,2.29745,645.3281392228924,1248.0
scanId=137855,2.29745,645.3427683929708,1036.0
scanId=137855,2.29745,645.5622254368025,1279.0
scanId=137855,2.29745,645.576857259918,1247.0
scanId=137855,2.29745,647.304573584245,1050.0
scanId=137855,2.29745,647.3192250886392,1669.0
scanId=137855,2.29745,647.3338768095336,2025.0
scanId=137855,2.29745,647.3485286455567,1825.0
scanId=137855,2.29745,647.3631806980807,1311.0
scanId=137855,2.29745,648.330581108211,1390.0
scanId=137855,2.29745,648.3452442196185,1469.0
scanId=137855,2.29745,648.3599075475506,1217.0
scanId=137855,2.29745,649.4454520739106,1023.0
scanId=137855,2.29745,657.3501870996528,1130.0
scanId=137855,2.29745,657.3649519062561,1768.0
scanId=137855,2.29745,657.3797168277638,1861.0
scanId=137855,2.29745,657.3944819659968,1445.0
scanId=137855,2.29745,657.4092472191334,1086.0
scanId=137855,2.29745,661.5204251264875,1025.0
scanId=137855,2.29745,661.535236692871,1202.0
scanId=137855,2.29745,661.5500483740733,1101.0
scanId=137855,2.29745,663.4176501015431,1237.0
scanId=137855,2.29745,663.4324828922239,2203.0
scanId=137855,2.29745,663.4473157976865,3049.0
scanId=137855,2.29745,663.4621489199969,3075.0
scanId=137855,2.29745,663.4769821570889,2423.0
scanId=137855,2.29745,663.4918156110289,1641.0
scanId=137855,2.29745,663.5066491797497,1124.0
scanId=137855,2.29745,664.4118120093424,1051.0
scanId=137855,2.29745,664.4266558585646,1609.0
scanId=137855,2.29745,664.4414999246535,1939.0
scanId=137855,2.29745,664.4563441055047,1936.0
scanId=137855,2.29745,664.4711885032231,1656.0
scanId=137855,2.29745,664.4860330157036,1288.0
scanId=137855,2.29745,665.3472999290173,2007.0
scanId=137855,2.29745,665.3621542756249,3474.0
scanId=137855,2.29745,665.3770087369779,4136.0
scanId=137855,2.29745,665.3918634152154,3999.0
scanId=137855,2.29745,665.4067182081975,3179.0
scanId=137855,2.29745,665.4215732180646,2378.0
scanId=137855,2.29745,665.4364283426756,1996.0
scanId=137855,2.29745,665.4512836841725,1689.0
scanId=137855,2.29745,665.4661391404127,1338.0
scanId=137855,2.29745,665.4809948135392,1028.0
scanId=137855,2.29745,666.3577714878363,1144.0
scanId=137855,2.29745,666.3726371098519,1679.0
scanId=137855,2.29745,666.3875028465943,1950.0
scanId=137855,2.29745,666.4023688002395,1798.0
scanId=137855,2.29745,666.417234868611,1452.0
scanId=137855,2.29745,666.4321011538859,1111.0
scanId=137855,2.29745,667.383886671187,1114.0
scanId=137855,2.29745,679.3385111963687,1357.0
scanId=137855,2.29745,679.3535208601636,1588.0
scanId=137855,2.29745,679.368530741075,1311.0
scanId=137855,2.29745,679.3835407364994,1042.0
scanId=137855,2.29745,683.3820945889333,1297.0
scanId=137855,2.29745,683.3971489082173,1349.0
scanId=137855,2.29745,683.4122033419584,1062.0
scanId=137855,2.29745,685.3857711857582,1662.0
scanId=137855,2.29745,685.4008475070302,3977.0
scanId=137855,2.29745,685.4159240455004,6813.0
scanId=137855,2.29745,685.4310006984015,8347.0
scanId=137855,2.29745,685.4460775685014,7571.0
scanId=137855,2.29745,685.4611545530317,5609.0
scanId=137855,2.29745,685.4762317547613,3850.0
scanId=137855,2.29745,685.4913090709209,2608.0
scanId=137855,2.29745,685.5063866042802,1757.0
scanId=137855,2.29745,685.5214642520691,1363.0
scanId=137855,2.29745,685.5365421170579,1243.0
scanId=137855,2.29745,685.5516200964762,1151.0
scanId=137855,2.29745,686.4113405052406,2209.0
scanId=137855,2.29745,686.4264281019077,3267.0
scanId=137855,2.29745,686.4415159157859,3468.0
scanId=137855,2.29745,686.4566038440823,2924.0
scanId=137855,2.29745,686.47169198959,2102.0
scanId=137855,2.29745,686.4867802495155,1452.0
scanId=137855,2.29745,687.3470866475423,1415.0
scanId=137855,2.29745,687.3621845247169,1862.0
scanId=137855,2.29745,687.3772826191141,1864.0
scanId=137855,2.29745,687.3923808279181,1563.0
scanId=137855,2.29745,687.407479253945,1617.0
scanId=137855,2.29745,687.4225777943782,2136.0
scanId=137855,2.29745,687.4376765520346,2269.0
scanId=137855,2.29745,687.4527754240972,1847.0
scanId=137855,2.29745,687.4678745133833,1327.0
scanId=137855,2.29745,688.3590127310722,1257.0
scanId=137855,2.29745,688.3741217692476,1235.0
scanId=137855,2.29745,693.460137724966,1035.0
scanId=137855,2.29745,701.3987590222577,1222.0
scanId=137855,2.29745,701.4140104438213,1377.0
scanId=137855,2.29745,701.4292620827445,1174.0
scanId=137855,2.29745,702.4057102191078,1058.0
scanId=137855,2.29745,703.596674667489,1253.0
scanId=137855,2.29745,703.6119499663715,1625.0
scanId=137855,2.29745,703.6272254826291,1496.0
scanId=137855,2.29745,703.6425011131412,1185.0
scanId=137855,2.29745,705.3544238937463,1111.0
scanId=137855,2.29745,705.3697183128935,1271.0
scanId=137855,2.29745,705.3850128462843,1230.0
scanId=137855,2.29745,705.4003075970612,1100.0
scanId=137855,2.29745,706.5019635576597,1036.0
scanId=137855,2.29745,706.5172703613406,1149.0
scanId=137855,2.29745,722.479694566117,1186.0
scanId=137855,2.29745,722.4951734855351,1762.0
scanId=137855,2.29745,722.5106526223951,2255.0
scanId=137855,2.29745,722.5261318734429,2297.0
scanId=137855,2.29745,722.5416113419325,1881.0
scanId=137855,2.29745,722.55709092461,1387.0
scanId=137855,2.29745,722.5725707247292,1017.0
scanId=137855,2.29745,723.5016606241965,1101.0
scanId=137855,2.29745,723.517150487393,1546.0
scanId=137855,2.29745,723.5326405680311,1621.0
scanId=137855,2.29745,723.5481307628573,1390.0
scanId=137855,2.29745,723.563621175125,1088.0
scanId=137855,2.29745,736.4934538182308,3627.0
scanId=137855,2.29745,736.5090821884311,8974.0
scanId=137855,2.29745,736.5247106728508,14980.0
scanId=137855,2.29745,736.5403393746806,17606.0
scanId=137855,2.29745,736.5559681907299,15664.0
scanId=137855,2.29745,736.5715972241894,11833.0
scanId=137855,2.29745,736.5872263718687,8206.0
scanId=137855,2.29745,736.6028557369578,5481.0
scanId=137855,2.29745,736.6184852162669,3658.0
scanId=137855,2.29745,736.6341149129856,2482.0
scanId=137855,2.29745,736.6497447239243,1702.0
scanId=137855,2.29745,736.665374752273,1222.0
scanId=137855,2.29745,737.4783633778057,1135.0
scanId=137855,2.29745,737.4940021427491,2326.0
scanId=137855,2.29745,737.5096411250981,3925.0
scanId=137855,2.29745,737.5252802216712,6301.0
scanId=137855,2.29745,737.5409195356499,8115.0
scanId=137855,2.29745,737.5565589638527,7767.0
scanId=137855,2.29745,737.5721986094611,5890.0
scanId=137855,2.29745,737.5878383692936,4076.0
scanId=137855,2.29745,737.6034783465317,2754.0
scanId=137855,2.29745,737.6191184379942,1879.0
scanId=137855,2.29745,737.6347587468616,1378.0
scanId=137855,2.29745,737.650399169954,1136.0
scanId=137855,2.29745,738.5108792394427,1058.0
scanId=137855,2.29745,738.5265289481698,1961.0
scanId=137855,2.29745,738.5421788742971,2720.0
scanId=137855,2.29745,738.557828914654,2781.0
scanId=137855,2.29745,738.5734791724109,2392.0
scanId=137855,2.29745,738.5891295443975,1803.0
scanId=137855,2.29745,738.6047801337841,1220.0
scanId=137855,2.29745,745.3970542754795,1191.0
scanId=137855,2.29745,745.4127768284992,1232.0
scanId=137855,2.29745,745.4284994957949,1135.0
scanId=137855,2.29745,745.6014600890625,1110.0
scanId=137855,2.29745,745.6171847461376,1268.0
scanId=137855,2.29745,745.6329096205649,1270.0
scanId=137855,2.29745,745.6486346092697,1176.0
scanId=137855,2.29745,757.5841928212676,1209.0
scanId=137855,2.29745,757.6000433833303,2005.0
scanId=137855,2.29745,757.6158940597954,2921.0
scanId=137855,2.29745,757.6317449534877,3280.0
scanId=137855,2.29745,757.6475959615831,2780.0
scanId=137855,2.29745,757.663447186905,1963.0
scanId=137855,2.29745,757.6792985266303,1359.0
scanId=137855,2.29745,758.598961430969,1219.0
scanId=137855,2.29745,758.6148226051805,1862.0
scanId=137855,2.29745,758.6306838938073,2361.0
scanId=137855,2.29745,758.6465453996484,2352.0
scanId=137855,2.29745,758.6624070199052,1989.0
scanId=137855,2.29745,758.678268857376,1561.0
scanId=137855,2.29745,758.6941308092629,1156.0
scanId=137855,2.29745,764.5107509025485,2173.0
scanId=137855,2.29745,764.526673759874,8351.0
scanId=137855,2.29745,764.542596731699,19529.0
scanId=137855,2.29745,764.5585199206542,30884.0
scanId=137855,2.29745,764.5744432241092,34555.0
scanId=137855,2.29745,764.5903667446942,29262.0
scanId=137855,2.29745,764.6062903797794,20997.0
scanId=137855,2.29745,764.6222142319939,14336.0
scanId=137855,2.29745,764.6381381987092,9865.0
scanId=137855,2.29745,764.6540623825532,6747.0
scanId=137855,2.29745,764.6699866808988,4562.0
scanId=137855,2.29745,764.6859111963724,3030.0
scanId=137855,2.29745,764.7018358263483,2003.0
scanId=137855,2.29745,764.7177606734516,1406.0
scanId=137855,2.29745,764.7336856350574,1040.0
scanId=137855,2.29745,765.5142131598583,1440.0
scanId=137855,2.29745,765.5301464122177,4491.0
scanId=137855,2.29745,765.5460798816918,10083.0
scanId=137855,2.29745,765.5620134656815,16176.0
scanId=137855,2.29745,765.5779472667853,18150.0
scanId=137855,2.29745,765.5938811824049,15134.0
scanId=137855,2.29745,765.6098153151382,10823.0
scanId=137855,2.29745,765.6257495623883,7327.0
scanId=137855,2.29745,765.6416840267512,4949.0
scanId=137855,2.29745,765.6576186056312,3380.0
scanId=137855,2.29745,765.6735534016241,2409.0
scanId=137855,2.29745,765.689488312134,1684.0
scanId=137855,2.29745,765.7054234397565,1212.0
scanId=137855,2.29745,766.5342772353914,1204.0
scanId=137855,2.29745,766.5502210999158,2684.0
scanId=137855,2.29745,766.5661651815387,4438.0
scanId=137855,2.29745,766.5821093776931,5091.0
scanId=137855,2.29745,766.5980537909456,4376.0
scanId=137855,2.29745,766.6139983187302,3214.0
scanId=137855,2.29745,766.6299430636122,2304.0
scanId=137855,2.29745,766.6458879230273,1798.0
scanId=137855,2.29745,766.6618329995389,1424.0
scanId=137855,2.29745,766.6777781905839,1164.0
scanId=137855,2.29745,767.5550204889666,1013.0
scanId=137855,2.29745,767.5709749656565,1102.0
scanId=137855,2.29745,767.5869296594279,1084.0
scanId=137855,2.29745,769.5985445302977,1357.0
scanId=137855,2.29745,769.6145202313195,2102.0
scanId=137855,2.29745,769.6304961493883,2399.0
scanId=137855,2.29745,769.64647218204,2147.0
scanId=137855,2.29745,769.6624484317387,1627.0
scanId=137855,2.29745,769.6784247960206,1130.0
scanId=137855,2.29745,770.6213253180806,1003.0
scanId=137855,2.29745,770.6373116312691,1210.0
scanId=137855,2.29745,770.6532981614864,1057.0
scanId=137855,2.29745,773.5976371805614,1096.0
scanId=137855,2.29745,773.6136543353615,1052.0
scanId=137855,2.29745,792.5646150415665,1320.0
scanId=137855,2.29745,792.5808274115725,2264.0
scanId=137855,2.29745,792.5970398966681,3033.0
scanId=137855,2.29745,792.6132525983038,3123.0
scanId=137855,2.29745,792.62946541503,2625.0
scanId=137855,2.29745,792.6456784482955,1982.0
scanId=137855,2.29745,792.6618915966521,1440.0
scanId=137855,2.29745,793.5700939656978,1023.0
scanId=137855,2.29745,793.5863166162229,1371.0
scanId=137855,2.29745,793.6025393818647,1583.0
scanId=137855,2.29745,793.6187623640194,1428.0
scanId=137855,2.29745,793.6349854612919,1127.0
scanId=137855,2.29745,795.6316940745494,1093.0
scanId=137855,2.29745,795.6479377329158,1260.0
scanId=137855,2.29745,795.664181607738,1174.0
scanId=137855,2.29745,796.7203874733372,1327.0
scanId=137855,2.29745,796.7366422919379,1411.0
scanId=137855,2.29745,796.7528972257433,1174.0
scanId=137855,2.29745,801.6368715089224,1257.0
scanId=137855,2.29745,801.6531764035996,2399.0
scanId=137855,2.29745,801.6694814136271,3851.0
scanId=137855,2.29745,801.6857866399339,4884.0
scanId=137855,2.29745,801.7020919815922,4741.0
scanId=137855,2.29745,801.7183975395287,3705.0
scanId=137855,2.29745,801.7347032128175,2575.0
scanId=137855,2.29745,801.7510091023835,1735.0
scanId=137855,2.29745,801.7673151073033,1248.0
scanId=137855,2.29745,802.6644021460035,1652.0
scanId=137855,2.29745,802.6807174365814,2386.0
scanId=137855,2.29745,802.6970329434071,2864.0
scanId=137855,2.29745,802.7133485656158,2667.0
scanId=137855,2.29745,802.7296644040712,2085.0
scanId=137855,2.29745,802.7459803579105,1400.0
scanId=137855,2.29745,803.6925908526904,1065.0
scanId=137855,2.29745,803.7089166400352,1092.0
scanId=137855,2.29745,808.7451418571716,1146.0
scanId=137855,2.29745,808.7615188310608,1000.0
scanId=137855,2.29745,815.6709649599599,1379.0
scanId=137855,2.29745,815.6874119079486,2770.0
scanId=137855,2.29745,815.7038590717438,3648.0
scanId=137855,2.29745,815.7203063513633,3382.0
scanId=137855,2.29745,815.736753846788,2515.0
scanId=137855,2.29745,815.7532014580383,1736.0
scanId=137855,2.29745,815.7696492850926,1247.0
scanId=137855,2.29745,816.6909908413936,1154.0
scanId=137855,2.29745,816.7074480699393,1605.0
scanId=137855,2.29745,816.7239055142533,1577.0
scanId=137855,2.29745,816.7403630744299,1313.0
scanId=137855,2.29745,817.6293189081505,1455.0
scanId=137855,2.29745,817.6457856380945,2083.0
scanId=137855,2.29745,817.6622524839358,2337.0
scanId=137855,2.29745,817.6787195455095,2313.0
scanId=137855,2.29745,817.6951867229812,2104.0
scanId=137855,2.29745,817.7116541161847,1825.0
scanId=137855,2.29745,817.7281216252876,1392.0
scanId=137855,2.29745,827.671673076318,1504.0
scanId=137855,2.29745,827.6882406216743,2171.0
scanId=137855,2.29745,827.7048082833286,2627.0
scanId=137855,2.29745,827.7213761603147,2615.0
scanId=137855,2.29745,827.7379441536002,2123.0
scanId=137855,2.29745,827.7545123622159,1546.0
scanId=137855,2.29745,827.7710806871324,1080.0
scanId=137855,2.29745,828.6825952992906,1700.0
scanId=137855,2.29745,828.6991729098766,2178.0
scanId=137855,2.29745,828.715750735752,2197.0
scanId=137855,2.29745,828.732328677969,1876.0
scanId=137855,2.29745,828.7489068354739,1461.0
scanId=137855,2.29745,828.7654851093223,1082.0
scanId=137855,2.29745,829.6775469115418,1156.0
scanId=137855,2.29745,829.6941344710599,1693.0
scanId=137855,2.29745,829.7107222458245,2270.0
scanId=137855,2.29745,829.7273101369739,2425.0
scanId=137855,2.29745,829.7438982433681,2031.0
scanId=137855,2.29745,829.7604864661483,1463.0
scanId=137855,2.29745,829.7770749041724,1065.0
scanId=137855,2.29745,830.7062906905471,1112.0
scanId=137855,2.29745,830.7228885306287,1243.0
scanId=137855,2.29745,830.7394865859125,1169.0
scanId=137855,2.29745,831.6692409400066,1315.0
scanId=137855,2.29745,831.6858483973903,1472.0
scanId=137855,2.29745,831.7024560699336,1401.0
scanId=137855,2.29745,831.7190638589484,1125.0
scanId=137855,2.29745,839.6765814910216,1037.0
scanId=137855,2.29745,839.69326875468,1467.0
scanId=137855,2.29745,839.7099561351764,1718.0
scanId=137855,2.29745,839.7266437304643,1600.0
scanId=137855,2.29745,839.7433314425921,1336.0
scanId=137855,2.29745,839.7600193695096,1056.0
scanId=137855,2.29745,840.6781093341525,1042.0
scanId=137855,2.29745,840.6948065467001,1531.0
scanId=137855,2.29745,840.7115038761341,1541.0
scanId=137855,2.29745,840.7282014203114,1286.0
scanId=137855,2.29745,841.6969412735313,1413.0
scanId=137855,2.29745,841.713648551903,1848.0
scanId=137855,2.29745,841.7303560449698,1748.0
scanId=137855,2.29745,841.7470636549727,1401.0
scanId=137855,2.29745,841.7637714796692,1029.0
scanId=137855,2.29745,843.6695476278526,1140.0
scanId=137855,2.29745,843.6862744724706,1374.0
scanId=137855,2.29745,843.7030015316863,1426.0
scanId=137855,2.29745,843.7197287079356,1328.0
scanId=137855,2.29745,843.7364560987809,1139.0
scanId=137855,2.29745,844.7069270630404,1119.0
scanId=137855,2.29745,844.7236641882289,1160.0
scanId=137855,2.29745,852.7766376872391,1061.0
scanId=137855,2.29745,852.793454618089,1068.0
scanId=137855,2.29745,852.8102716664426,1000.0
scanId=137855,2.29745,853.7018138152349,1370.0
scanId=137855,2.29745,853.7186398176383,1734.0
scanId=137855,2.29745,853.7354660341182,1579.0
scanId=137855,2.29745,853.752292368153,1244.0
scanId=137855,2.29745,853.7691189162623,1159.0
scanId=137855,2.29745,853.7859455819289,1417.0
scanId=137855,2.29745,853.8027724616679,1348.0
scanId=137855,2.29745,855.7221209204346,1012.0
scanId=137855,2.29745,855.7389668207276,1271.0
scanId=137855,2.29745,855.7558129349862,1292.0
scanId=137855,2.29745,855.7726591669107,1012.0
scanId=137855,2.29745,857.7110846188342,1125.0
scanId=137855,2.29745,857.7279500853874,1421.0
scanId=137855,2.29745,857.7448157657949,1429.0
scanId=137855,2.29745,857.7616815639798,1103.0
scanId=137855,2.29745,867.7244621053524,1084.0
scanId=137855,2.29745,867.741425734869,1041.0
scanId=137855,2.29745,869.693351869766,1208.0
scanId=137855,2.29745,869.7103347339233,1550.0
scanId=137855,2.29745,869.7273178112255,1652.0
scanId=137855,2.29745,869.7443010070147,1390.0
scanId=137855,2.29745,870.7126186322648,1041.0
scanId=137855,2.29745,870.7296114453753,1047.0
scanId=137855,2.29745,881.7416362441265,1043.0
scanId=137855,2.29745,895.7332352987061,1047.0
scanId=137855,2.29745,919.7280603941095,1307.0
scanId=137855,2.29745,919.745524997657,1358.0
scanId=137855,2.29745,919.7629897234386,1116.0
scanId=137855,2.29745,927.7266516011549,1020.0
scanId=137855,2.29745,1425.390501561499,1001.0
scanId=137855,2.29745,1426.3907976737075,1125.0
scanId=137855,2.29745,1426.412547178145,1302.0
scanId=137855,2.29745,1426.4342967683415,1182.0
scanId=137855,2.29745,1429.3502470531507,1022.0
scanId=137855,2.29745,1430.3301519666911,1023.0
scanId=137855,2.29745,1430.351931403556,1129.0
scanId=137855,2.29745,1430.3737110878787,1085.0
scanId=137855,2.29745,1431.3103925824807,1189.0
scanId=137855,2.29745,1431.3321795630418,1334.0
scanId=137855,2.29745,1431.3539666273884,1321.0
scanId=137855,2.29745,1431.3757539395965,1124.0
scanId=137855,2.29745,1447.2808884951387,1014.0
scanId=137855,2.29745,1573.3883617384106,1238.0
scanId=137855,2.29745,1573.4112043799187,1430.0
scanId=137855,2.29745,1573.43404733086,1386.0
scanId=137855,2.29745,1573.4568903039974,1060.0
scanId=137855,2.29745,1574.3707480744267,1085.0
scanId=137855,2.29745,1574.3935979900307,1256.0
scanId=137855,2.29745,1574.4164479273911,1280.0
scanId=137855,2.29745,1574.4392981746448,1224.0
scanId=137855,2.29745,1575.3991552692885,1102.0
scanId=137855,2.29745,1575.422012502501,1209.0
scanId=137855,2.29745,1575.4448700460682,1090.0
scanId=137855,2.29745,1577.3426181400248,1039.0
scanId=137855,2.29745,1577.3654896129192,1151.0
scanId=137855,2.29745,1577.3883611062067,1043.0
scanId=137855,2.29745,1577.411232910751,1045.0
scanId=137855,2.29745,1578.3491166137667,1115.0
scanId=137855,2.29745,1578.3719953829757,1524.0
scanId=137855,2.29745,1578.3948741721147,1541.0
scanId=137855,2.29745,1578.417753272974,1315.0
scanId=137855,2.29745,1578.4406323937433,1032.0
scanId=137855,2.29745,1579.35593611518,1453.0
scanId=137855,2.29745,1579.378822180703,1756.0
scanId=137855,2.29745,1579.4017082656949,1785.0
scanId=137855,2.29745,1579.4245946628691,1565.0
scanId=137855,2.29745,1579.4474810794907,1194.0
scanId=137855,2.29745,1580.3401835950588,1288.0
scanId=137855,2.29745,1580.3630766442725,1570.0
scanId=137855,2.29745,1580.3859700061116,1582.0
scanId=137855,2.29745,1580.4088633869555,1383.0
scanId=137855,2.29745,1580.4317570804453,1136.0
scanId=137855,2.29745,1581.3476378559883,1077.0
scanId=137855,2.29745,1581.3705382010544,1081.0
scanId=137855,2.29745,1581.3934388592093,1005.0
scanId=137855,2.29745,1590.452138459451,1169.0
scanId=137855,2.29745,1590.4751047844636,1146.0
scanId=137855,2.29745,1593.3012179143939,1043.0
scanId=137855,2.29745,1593.3242048017617,1368.0
scanId=137855,2.29745,1593.3471917021657,1699.0
scanId=137855,2.29745,1593.3701789211848,2037.0
scanId=137855,2.29745,1593.3931661532183,2286.0
scanId=137855,2.29745,1593.4161537038879,2250.0
scanId=137855,2.29745,1593.4391412675511,1974.0
scanId=137855,2.29745,1593.462129149872,1576.0
scanId=137855,2.29745,1593.4851170451645,1137.0
scanId=137855,2.29745,1594.312794463186,1077.0
scanId=137855,2.29745,1594.3357886468746,1716.0
scanId=137855,2.29745,1594.3587828431307,2250.0
scanId=137855,2.29745,1594.3817773584703,2474.0
scanId=137855,2.29745,1594.4047718863555,2391.0
scanId=137855,2.29745,1594.4277667333458,2088.0
scanId=137855,2.29745,1594.4507615928615,1642.0
scanId=137855,2.29745,1594.4737567715022,1188.0
scanId=137855,2.29745,1595.3016908793006,1198.0
scanId=137855,2.29745,1595.3246920397794,1628.0
scanId=137855,2.29745,1595.3476935197884,2188.0
scanId=137855,2.29745,1595.3706950118967,2580.0
scanId=137855,2.29745,1595.3936968235566,2745.0
scanId=137855,2.29745,1595.4166986472947,2730.0
scanId=137855,2.29745,1595.439700790606,2446.0
scanId=137855,2.29745,1595.4627029459734,1967.0
scanId=137855,2.29745,1595.4857054209351,1433.0
scanId=137855,2.29745,1596.3139021878499,1397.0
scanId=137855,2.29745,1596.3369106441808,2164.0
scanId=137855,2.29745,1596.3599194205112,2643.0
scanId=137855,2.29745,1596.3829282084712,2652.0
scanId=137855,2.29745,1596.4059373164525,2570.0
scanId=137855,2.29745,1596.428946436043,2321.0
scanId=137855,2.29745,1596.4519558756754,1822.0
scanId=137855,2.29745,1596.4749653268946,1272.0
scanId=137855,2.29745,1597.3264345242155,1483.0
scanId=137855,2.29745,1597.3494502763988,2016.0
scanId=137855,2.29745,1597.37246634905,2293.0
scanId=137855,2.29745,1597.3954824328628,2364.0
scanId=137855,2.29745,1597.4184988371655,2306.0
scanId=137855,2.29745,1597.441515252608,1974.0
scanId=137855,2.29745,1597.4645319885612,1503.0
scanId=137855,2.29745,1597.4875487356335,1112.0
scanId=137855,2.29745,1598.339287888405,1027.0
scanId=137855,2.29745,1598.3623109364403,1292.0
scanId=137855,2.29745,1598.3853343054134,1389.0
scanId=137855,2.29745,1598.4083576850785,1299.0
scanId=137855,2.29745,1598.431381385703,1048.0
scanId=137855,2.29745,1599.3294319467811,1092.0
scanId=137855,2.29745,1599.3524622804257,1021.0
scanId=137855,2.29745,1599.4215539651257,1014.0
scanId=137855,2.29745,1609.3863482273532,1047.0
scanId=137855,2.29745,1609.4094508609346,1228.0
scanId=137855,2.29745,1609.4325535000849,1100.0
scanId=137855,2.29745,1610.3567982436919,1219.0
scanId=137855,2.29745,1610.3799078419481,1497.0
scanId=137855,2.29745,1610.4030174453205,1280.0
scanId=137855,2.29745,1611.3506573298032,1074.0
scanId=137855,2.29745,1611.3737738973987,1369.0
scanId=137855,2.29745,1611.3968907919802,1451.0
scanId=137855,2.29745,1611.4200076912052,1269.0
scanId=137855,2.29745,1611.443124917439,1051.0
scanId=137855,2.29745,1612.367946715581,1103.0
scanId=137855,2.29745,1612.391070579028,1047.0
scanId=137855,2.29745,1613.362425973705,1309.0
scanId=137855,2.29745,1613.3855571292893,1542.0
scanId=137855,2.29745,1613.4086882885883,1495.0
scanId=137855,2.29745,1613.4318197758237,1231.0
scanId=137855,2.29745,1775.3846155590034,1117.0
scanId=137855,2.29745,1775.4088802284314,1084.0
scanId=137855,2.29745,1966.5000900857513,1067.0
scanId=137855,2.29745,1966.5256276944745,1128.0
scanId=137855,2.29745,1967.4961737974031,1153.0
scanId=137855,2.29745,1967.5217175623739,1157.0
scanId=137855,2.29745,1968.4669593421509,1060.0
scanId=137855,2.29745,1968.492509408084,1056.0
scanId=137855,2.29745,1969.437984328692,1017.0
scanId=137855,2.29745,1969.4635406955892,1149.0
scanId=137855,2.29745,1969.4890975396677,1089.0
scanId=137855,2.29745,2337.5159646026164,1071.0
scanId=137855,2.29745,2337.54380689266,1141.0
scanId=137855,2.29745,2337.5716496054756,1157.0
scanId=137855,2.29745,2337.599492227148,1055.0
scanId=138854,2.3141,102.12221174818875,1149.0
scanId=138854,2.3141,102.12803134254987,1318.0
scanId=138854,2.3141,118.11361684591603,1643.0
scanId=138854,2.3141,118.11987549910988,2674.0
scanId=138854,2.3141,118.12613433693646,2366.0
scanId=138854,2.3141,118.13239332175893,1525.0
scanId=138854,2.3141,121.09881089828049,1050.0
scanId=138854,2.3141,126.09224881218229,1049.0
scanId=138854,2.3141,126.09871539651508,1616.0
scanId=138854,2.3141,126.10518216612937,1512.0
scanId=138854,2.3141,126.11164908209079,1123.0
scanId=138854,2.3141,130.14649425356095,2978.0
scanId=138854,2.3141,130.1530639743887,7517.0
scanId=138854,2.3141,130.15963388082272,8379.0
scanId=138854,2.3141,130.16620393327906,6050.0
scanId=138854,2.3141,130.17277417134272,4037.0
scanId=138854,2.3141,130.1793445554277,2712.0
scanId=138854,2.3141,130.185915125121,1845.0
scanId=138854,2.3141,130.1924858408346,1365.0
scanId=138854,2.3141,131.16018624633696,1080.0
scanId=138854,2.3141,134.99990016555662,1231.0
scanId=138854,2.3141,135.00659126244972,1034.0
scanId=138854,2.3141,138.10884934909558,1055.0
scanId=138854,2.3141,138.11561705219228,2780.0
scanId=138854,2.3141,138.12238494152464,4830.0
scanId=138854,2.3141,138.1291529762499,4773.0
scanId=138854,2.3141,138.13592119721193,3406.0
scanId=138854,2.3141,138.14268956356577,2215.0
scanId=138854,2.3141,138.14945811615743,1517.0
scanId=138854,2.3141,138.1562268141399,1064.0
scanId=138854,2.3141,164.91207870362695,1474.0
scanId=138854,2.3141,164.91947403624857,2571.0
scanId=138854,2.3141,164.92686951221125,2824.0
scanId=138854,2.3141,164.93426517646253,2231.0
scanId=138854,2.3141,164.94166098405378,1579.0
scanId=138854,2.3141,164.9490569799347,1102.0
scanId=138854,2.3141,178.93864129347966,1034.0
scanId=138854,2.3141,178.94634471004196,1049.0
scanId=138854,2.3141,186.90590446708714,1334.0
scanId=138854,2.3141,186.91377748811212,1278.0
scanId=138854,2.3141,231.11020938970614,1756.0
scanId=138854,2.3141,231.1189640722446,1863.0
scanId=138854,2.3141,231.12771889332,1417.0
scanId=138854,2.3141,231.13647390748804,1012.0
scanId=138854,2.3141,243.1069350193734,1107.0
scanId=138854,2.3141,243.11591402124293,1708.0
scanId=138854,2.3141,243.12489321705135,1547.0
scanId=138854,2.3141,243.13387255054923,1145.0
scanId=138854,2.3141,245.12237597119076,1408.0
scanId=138854,2.3141,245.1313921154388,1660.0
scanId=138854,2.3141,245.14040845376755,1401.0
scanId=138854,2.3141,245.14942492964394,1000.0
scanId=138854,2.3141,257.1218804974847,1142.0
scanId=138854,2.3141,257.13111471649046,1218.0
scanId=138854,2.3141,259.12958890681983,1275.0
scanId=138854,2.3141,259.1388590783948,3371.0
scanId=138854,2.3141,259.1481294450319,4512.0
scanId=138854,2.3141,259.1573999482351,4032.0
scanId=138854,2.3141,259.1666706465019,3043.0
scanId=138854,2.3141,259.1759414813335,2150.0
scanId=138854,2.3141,259.18521251123,1402.0
scanId=138854,2.3141,261.1171878315953,2774.0
scanId=138854,2.3141,261.12649348740354,4357.0
scanId=138854,2.3141,261.1357993384127,4163.0
scanId=138854,2.3141,261.14510532584916,3132.0
scanId=138854,2.3141,261.15441150848807,2279.0
scanId=138854,2.3141,261.1637178275529,1638.0
scanId=138854,2.3141,261.1730243418215,1128.0
scanId=138854,2.3141,263.1123803971214,1127.0
scanId=138854,2.3141,263.1217215371625,1925.0
scanId=138854,2.3141,263.13106287254374,2440.0
scanId=138854,2.3141,263.1404043442131,2303.0
scanId=138854,2.3141,263.14974601122407,1750.0
scanId=138854,2.3141,263.15908781452174,1263.0
scanId=138854,2.3141,271.13115635595557,1340.0
scanId=138854,2.3141,271.1406387696674,2950.0
scanId=138854,2.3141,271.15012137927766,3491.0
scanId=138854,2.3141,271.15960412461783,2691.0
scanId=138854,2.3141,271.1690870658577,1869.0
scanId=138854,2.3141,271.17857014282623,1363.0
scanId=138854,2.3141,273.1356224279838,3067.0
scanId=138854,2.3141,273.14513985870684,21386.0
scanId=138854,2.3141,273.1546574250211,59945.0
scanId=138854,2.3141,273.1641751873738,80134.0
scanId=138854,2.3141,273.1736930853165,67612.0
scanId=138854,2.3141,273.1832111792988,46552.0
scanId=138854,2.3141,273.1927294088698,30870.0
scanId=138854,2.3141,273.20224783448174,20696.0
scanId=138854,2.3141,273.211766395681,14035.0
scanId=138854,2.3141,273.22128515292263,9195.0
scanId=138854,2.3141,273.2308040457503,5879.0
scanId=138854,2.3141,273.2403231346215,3650.0
scanId=138854,2.3141,273.2498423590774,2433.0
scanId=138854,2.3141,273.2593617795784,1894.0
scanId=138854,2.3141,273.26888133566257,1403.0
scanId=138854,2.3141,274.1453912404443,1948.0
scanId=138854,2.3141,274.15492624753864,5841.0
scanId=138854,2.3141,274.164461390154,9836.0
scanId=138854,2.3141,274.17399672887785,9509.0
scanId=138854,2.3141,274.1835322031217,6732.0
scanId=138854,2.3141,274.1930678734752,4464.0
scanId=138854,2.3141,274.2026036793473,3037.0
scanId=138854,2.3141,274.2121396813304,2050.0
scanId=138854,2.3141,274.2216758188309,1377.0
scanId=138854,2.3141,274.25028528681486,1316.0
scanId=138854,2.3141,274.2598220875718,2250.0
scanId=138854,2.3141,274.26935908444403,2705.0
scanId=138854,2.3141,274.27889621682937,2343.0
scanId=138854,2.3141,274.2884335453312,1762.0
scanId=138854,2.3141,274.2979710093448,1263.0
scanId=138854,2.3141,275.1379185054114,1143.0
scanId=138854,2.3141,275.1474707572473,1502.0
scanId=138854,2.3141,275.1570231445353,2276.0
scanId=138854,2.3141,275.16657572800085,2733.0
scanId=138854,2.3141,275.17612844691723,2325.0
scanId=138854,2.3141,275.1856813620124,1641.0
scanId=138854,2.3141,275.1952344125571,1130.0
scanId=138854,2.3141,277.14752700190945,1099.0
scanId=138854,2.3141,277.157114074858,1202.0
scanId=138854,2.3141,277.16670128311944,1031.0
scanId=138854,2.3141,284.3261283906885,1077.0
scanId=138854,2.3141,287.1588582387091,1046.0
scanId=138854,2.3141,287.16861689880545,1088.0
scanId=138854,2.3141,287.17837575591045,1079.0
scanId=138854,2.3141,287.1881347476351,1008.0
scanId=138854,2.3141,287.27597329078634,1353.0
scanId=138854,2.3141,287.28573394065256,1635.0
scanId=138854,2.3141,287.29549478753535,1371.0
scanId=138854,2.3141,288.282192841773,1574.0
scanId=138854,2.3141,288.2919706017678,1649.0
scanId=138854,2.3141,288.30174849630544,1234.0
scanId=138854,2.3141,289.1334769286564,1720.0
scanId=138854,2.3141,289.1432690832107,4408.0
scanId=138854,2.3141,289.15306143490994,7167.0
scanId=138854,2.3141,289.16285392109256,7663.0
scanId=138854,2.3141,289.1726466044213,6201.0
scanId=138854,2.3141,289.18243942223233,4340.0
scanId=138854,2.3141,289.19223243719074,2920.0
scanId=138854,2.3141,289.20202558663004,1973.0
scanId=138854,2.3141,289.21181893321807,1316.0
scanId=138854,2.3141,291.1050359981893,1363.0
scanId=138854,2.3141,291.11486151285294,1557.0
scanId=138854,2.3141,291.124687161865,1308.0
scanId=138854,2.3141,291.1639914789901,1085.0
scanId=138854,2.3141,299.16781913572856,1063.0
scanId=138854,2.3141,301.1432592869032,1084.0
scanId=138854,2.3141,301.15325273982614,1441.0
scanId=138854,2.3141,301.1632463907202,1595.0
scanId=138854,2.3141,301.1732401752715,1531.0
scanId=138854,2.3141,301.183234157795,1518.0
scanId=138854,2.3141,301.1932282739746,1808.0
scanId=138854,2.3141,301.2032225881278,1994.0
scanId=138854,2.3141,301.21321703593577,1677.0
scanId=138854,2.3141,301.2232116817186,1222.0
scanId=138854,2.3141,303.15527941105074,1412.0
scanId=138854,2.3141,303.1653062249092,2176.0
scanId=138854,2.3141,303.1753331722879,2396.0
scanId=138854,2.3141,303.185360317776,1986.0
scanId=138854,2.3141,303.19538759678284,1424.0
scanId=138854,2.3141,303.2655833218221,1599.0
scanId=138854,2.3141,303.2756119273419,2388.0
scanId=138854,2.3141,303.28564073097834,2250.0
scanId=138854,2.3141,303.29566966812655,1658.0
scanId=138854,2.3141,303.3056988033926,1169.0
scanId=138854,2.3141,304.2692662705842,1139.0
scanId=138854,2.3141,304.2793114575177,1976.0
scanId=138854,2.3141,304.28935684263627,3060.0
scanId=138854,2.3141,304.299402361198,3152.0
scanId=138854,2.3141,304.3094480779463,2368.0
scanId=138854,2.3141,304.3194939281362,1646.0
scanId=138854,2.3141,304.3295399765142,1111.0
scanId=138854,2.3141,305.13375979072003,1905.0
scanId=138854,2.3141,305.1438192376691,4261.0
scanId=138854,2.3141,305.15387888286244,5371.0
scanId=138854,2.3141,305.1639386614398,4896.0
scanId=138854,2.3141,305.17399863826273,3835.0
scanId=138854,2.3141,305.1840587484683,2708.0
scanId=138854,2.3141,305.194119056921,1939.0
scanId=138854,2.3141,305.2041794987547,1402.0
scanId=138854,2.3141,313.15279368015877,1401.0
scanId=138854,2.3141,313.16298445189915,1688.0
scanId=138854,2.3141,313.1731754224322,1466.0
scanId=138854,2.3141,313.18336652580086,1183.0
scanId=138854,2.3141,315.1533568877546,2199.0
scanId=138854,2.3141,315.1635801590639,6563.0
scanId=138854,2.3141,315.17380362930226,9837.0
scanId=138854,2.3141,315.1840272322397,9381.0
scanId=138854,2.3141,315.1942510341077,6931.0
scanId=138854,2.3141,315.2044749686734,4680.0
scanId=138854,2.3141,315.21469910217104,3156.0
scanId=138854,2.3141,315.22492336836507,2179.0
scanId=138854,2.3141,315.23514783349236,1505.0
scanId=138854,2.3141,316.1662667359655,1127.0
scanId=138854,2.3141,316.17650645605636,1603.0
scanId=138854,2.3141,316.18674630877825,1496.0
scanId=138854,2.3141,316.1969863604988,1181.0
scanId=138854,2.3141,317.1602900241971,1243.0
scanId=138854,2.3141,317.17054579507493,1886.0
scanId=138854,2.3141,317.18080176501854,2476.0
scanId=138854,2.3141,317.1910578675245,2544.0
scanId=138854,2.3141,317.20131416909777,2147.0
scanId=138854,2.3141,317.211570603232,1570.0
scanId=138854,2.3141,317.2218272364349,1165.0
scanId=138854,2.3141,318.2688731505963,1054.0
scanId=138854,2.3141,319.0912927616563,2474.0
scanId=138854,2.3141,319.1015797055895,5970.0
scanId=138854,2.3141,319.1118668487196,7806.0
scanId=138854,2.3141,319.122154124281,6678.0
scanId=138854,2.3141,319.1324415990408,4676.0
scanId=138854,2.3141,319.14272920623046,3246.0
scanId=138854,2.3141,319.1530170126199,2590.0
scanId=138854,2.3141,319.16330495143774,2288.0
scanId=138854,2.3141,319.17359308945686,2177.0
scanId=138854,2.3141,319.18388135990284,2150.0
scanId=138854,2.3141,319.1941698295517,1915.0
scanId=138854,2.3141,319.20445843162594,1411.0
scanId=138854,2.3141,319.2147472329045,1006.0
scanId=138854,2.3141,320.24446305435225,1358.0
scanId=138854,2.3141,320.25476856946716,1397.0
scanId=138854,2.3141,320.2650742838574,1097.0
scanId=138854,2.3141,323.1778975188041,1103.0
scanId=138854,2.3141,325.2517218578512,1227.0
scanId=138854,2.3141,325.26210762700026,1259.0
scanId=138854,2.3141,327.2175812641314,1083.0
scanId=138854,2.3141,329.1684673326303,1038.0
scanId=138854,2.3141,329.1789154478874,2011.0
scanId=138854,2.3141,329.18936376302537,2685.0
scanId=138854,2.3141,329.1998122099106,2490.0
scanId=138854,2.3141,329.2102608566782,2097.0
scanId=138854,2.3141,329.22070963519167,2173.0
scanId=138854,2.3141,329.23115861358895,2396.0
scanId=138854,2.3141,329.24160772373057,2241.0
scanId=138854,2.3141,329.2520570337575,1795.0
scanId=138854,2.3141,329.26250647552746,1311.0
scanId=138854,2.3141,331.1670692865076,1384.0
scanId=138854,2.3141,331.1775491064618,4191.0
scanId=138854,2.3141,331.18802905802903,15073.0
scanId=138854,2.3141,331.19850920961284,28336.0
scanId=138854,2.3141,331.2089894928083,30858.0
scanId=138854,2.3141,331.2194699760218,24166.0
scanId=138854,2.3141,331.22995059084536,16329.0
scanId=138854,2.3141,331.2404314056886,10947.0
scanId=138854,2.3141,331.25091235214035,7402.0
scanId=138854,2.3141,331.26139349861324,4981.0
scanId=138854,2.3141,331.27187477669327,3394.0
scanId=138854,2.3141,331.2823562547958,2347.0
scanId=138854,2.3141,331.292837864504,1465.0
scanId=138854,2.3141,332.18438221259254,1394.0
scanId=138854,2.3141,332.1948780823145,2888.0
scanId=138854,2.3141,332.20537415212146,4451.0
scanId=138854,2.3141,332.21587035347176,4426.0
scanId=138854,2.3141,332.2263667549083,3343.0
scanId=138854,2.3141,332.2368632878868,2285.0
scanId=138854,2.3141,332.247360020953,1540.0
scanId=138854,2.3141,332.25785688555976,1083.0
scanId=138854,2.3141,333.1401869096813,1062.0
scanId=138854,2.3141,333.1506979028223,1500.0
scanId=138854,2.3141,333.16120902744274,1870.0
scanId=138854,2.3141,333.17172035221336,2705.0
scanId=138854,2.3141,333.182231808462,3630.0
scanId=138854,2.3141,333.1927434648622,3879.0
scanId=138854,2.3141,333.2032552527392,3519.0
scanId=138854,2.3141,333.213767240769,2842.0
scanId=138854,2.3141,333.2242793602743,2152.0
scanId=138854,2.3141,333.2347916799337,1520.0
scanId=138854,2.3141,333.24530413106726,1059.0
scanId=138854,2.3141,334.202632863268,1112.0
scanId=138854,2.3141,334.2131605692998,1306.0
scanId=138854,2.3141,334.2236884755526,1493.0
scanId=138854,2.3141,334.2342165132126,1432.0
scanId=138854,2.3141,334.2447447510951,1159.0
scanId=138854,2.3141,335.1718775002555,1086.0
scanId=138854,2.3141,335.18242046118553,1074.0
scanId=138854,2.3141,336.2375556408163,1062.0
scanId=138854,2.3141,336.2481153835151,1291.0
scanId=138854,2.3141,336.2586752574845,1114.0
scanId=138854,2.3141,337.13572427705014,1014.0
scanId=138854,2.3141,337.1462980794049,1032.0
scanId=138854,2.3141,339.15833251764394,1035.0
scanId=138854,2.3141,339.1795436638976,1022.0
scanId=138854,2.3141,339.1901495031172,1746.0
scanId=138854,2.3141,339.2007554734092,2489.0
scanId=138854,2.3141,339.21136164425843,2390.0
scanId=138854,2.3141,339.22196794617867,1886.0
scanId=138854,2.3141,339.23257444865743,1613.0
scanId=138854,2.3141,339.243181082206,1473.0
scanId=138854,2.3141,339.25378791631437,1271.0
scanId=138854,2.3141,339.2643948814911,1069.0
scanId=138854,2.3141,343.1150170723505,1133.0
scanId=138854,2.3141,343.1256842630545,1428.0
scanId=138854,2.3141,343.1363515845664,1229.0
scanId=138854,2.3141,345.13405868463406,1087.0
scanId=138854,2.3141,345.14475717919805,1190.0
scanId=138854,2.3141,345.15545587471826,1155.0
scanId=138854,2.3141,345.16615470091045,1311.0
scanId=138854,2.3141,345.1768537280603,1734.0
scanId=138854,2.3141,345.18755288588073,1892.0
scanId=138854,2.3141,345.1982522446602,1647.0
scanId=138854,2.3141,345.2089517341087,1438.0
scanId=138854,2.3141,345.21965142451796,1275.0
scanId=138854,2.3141,345.2303512455947,1146.0
scanId=138854,2.3141,345.24105126763357,1016.0
scanId=138854,2.3141,348.97472207058956,2863.0
scanId=138854,2.3141,348.9854799266029,3893.0
scanId=138854,2.3141,348.99623798382964,3475.0
scanId=138854,2.3141,349.00699617147126,2586.0
scanId=138854,2.3141,349.0177545603276,1824.0
scanId=138854,2.3141,349.0285130795974,1237.0
scanId=138854,2.3141,349.15762845676915,1841.0
scanId=138854,2.3141,349.168389167033,3398.0
scanId=138854,2.3141,349.17915000770023,4235.0
scanId=138854,2.3141,349.1899110495938,3707.0
scanId=138854,2.3141,349.20067222188925,2784.0
scanId=138854,2.3141,349.2114335954124,1957.0
scanId=138854,2.3141,349.2221950993361,1399.0
scanId=138854,2.3141,349.2329568044889,1143.0
scanId=138854,2.3141,350.9677508518515,2666.0
scanId=138854,2.3141,350.97853941900576,4895.0
scanId=138854,2.3141,350.9893281164421,5367.0
scanId=138854,2.3141,351.000117015226,4092.0
scanId=138854,2.3141,351.01090604429055,2686.0
scanId=138854,2.3141,351.0216952747041,1828.0
scanId=138854,2.3141,351.0324846353968,1273.0
scanId=138854,2.3141,351.1511787599874,1476.0
scanId=138854,2.3141,351.1619701104494,1698.0
scanId=138854,2.3141,351.17276166227043,1605.0
scanId=138854,2.3141,351.18355334436063,1418.0
scanId=138854,2.3141,351.1943452278113,1132.0
scanId=138854,2.3141,357.1332304254146,1604.0
scanId=138854,2.3141,357.1441133052602,2112.0
scanId=138854,2.3141,357.1549963868633,1976.0
scanId=138854,2.3141,357.165879598337,1588.0
scanId=138854,2.3141,357.1767630115698,1246.0
scanId=138854,2.3141,357.18764655467174,1142.0
scanId=138854,2.3141,357.1985302995341,1440.0
scanId=138854,2.3141,357.2094141742643,1812.0
scanId=138854,2.3141,357.2202982507563,1835.0
scanId=138854,2.3141,357.2311824571145,1498.0
scanId=138854,2.3141,357.2420668652363,1091.0
scanId=138854,2.3141,359.1821299016174,1213.0
scanId=138854,2.3141,359.1930439545133,1517.0
scanId=138854,2.3141,359.2039582093032,1561.0
scanId=138854,2.3141,359.2148725938274,1297.0
scanId=138854,2.3141,361.1712219418845,1046.0
scanId=138854,2.3141,361.1821661729462,1290.0
scanId=138854,2.3141,361.1931106060338,1561.0
scanId=138854,2.3141,361.2040551687237,1834.0
scanId=138854,2.3141,361.2149999334408,1935.0
scanId=138854,2.3141,361.225944827759,1670.0
scanId=138854,2.3141,361.23688992410575,1223.0
scanId=138854,2.3141,363.15483214056377,1186.0
scanId=138854,2.3141,363.1658064203195,1244.0
scanId=138854,2.3141,363.1767808295467,1272.0
scanId=138854,2.3141,363.18775544093194,1285.0
scanId=138854,2.3141,363.19873018178754,1210.0
scanId=138854,2.3141,363.2097051248024,1109.0
scanId=138854,2.3141,368.39732597925035,1184.0
scanId=138854,2.3141,368.4083791868617,3026.0
scanId=138854,2.3141,368.41943252359806,4148.0
scanId=138854,2.3141,368.43048606283907,3803.0
scanId=138854,2.3141,368.4415397312036,2696.0
scanId=138854,2.3141,368.4525936020743,1747.0
scanId=138854,2.3141,368.463647602067,1164.0
scanId=138854,2.3141,369.4259819536767,1158.0
scanId=138854,2.3141,369.4370505453097,1129.0
scanId=138854,2.3141,371.14359548259387,1709.0
scanId=138854,2.3141,371.1546898122812,2651.0
scanId=138854,2.3141,371.16578427091275,2799.0
scanId=138854,2.3141,371.1768789322297,2204.0
scanId=138854,2.3141,371.1879737224894,1670.0
scanId=138854,2.3141,371.19906871543606,1437.0
scanId=138854,2.3141,371.210163837324,1280.0
scanId=138854,2.3141,371.22125916190026,1110.0
scanId=138854,2.3141,373.19886524481916,1886.0
scanId=138854,2.3141,373.2099902132436,2944.0
scanId=138854,2.3141,373.22111538448803,3250.0
scanId=138854,2.3141,373.2322406845406,2655.0
scanId=138854,2.3141,373.24336618741455,1840.0
scanId=138854,2.3141,373.2544918190955,1255.0
scanId=138854,2.3141,377.2033909358683,1016.0
scanId=138854,2.3141,377.2145754688191,1061.0
scanId=138854,2.3141,379.1856327146218,1015.0
scanId=138854,2.3141,379.19684655939886,1390.0
scanId=138854,2.3141,379.2080606073881,1513.0
scanId=138854,2.3141,379.2192747837935,1487.0
scanId=138854,2.3141,379.23048916341236,1438.0
scanId=138854,2.3141,379.241703671446,1333.0
scanId=138854,2.3141,379.2529183826945,1302.0
scanId=138854,2.3141,379.26413322235624,1207.0
scanId=138854,2.3141,385.1748287124827,1154.0
scanId=138854,2.3141,385.18613077035496,1086.0
scanId=138854,2.3141,385.2765533538039,1273.0
scanId=138854,2.3141,385.28785694179743,1445.0
scanId=138854,2.3141,385.2991606578108,1274.0
scanId=138854,2.3141,385.31046457743395,1025.0
scanId=138854,2.3141,387.211873801314,1141.0
scanId=138854,2.3141,387.223205705722,1295.0
scanId=138854,2.3141,387.2345378138652,1296.0
scanId=138854,2.3141,387.2458700499014,1089.0
scanId=138854,2.3141,389.2202069444385,1999.0
scanId=138854,2.3141,389.23156823599044,5234.0
scanId=138854,2.3141,389.24292965530594,8319.0
scanId=138854,2.3141,389.2542912784876,8449.0
scanId=138854,2.3141,389.26565302943123,6703.0
scanId=138854,2.3141,389.2770149842424,4844.0
scanId=138854,2.3141,389.28837706681435,3674.0
scanId=138854,2.3141,389.2997393532552,2751.0
scanId=138854,2.3141,389.31110176745534,1958.0
scanId=138854,2.3141,389.3224643855258,1336.0
scanId=138854,2.3141,390.2433855587151,1135.0
scanId=138854,2.3141,390.25476177360116,1431.0
scanId=138854,2.3141,390.26613811618444,1306.0
scanId=138854,2.3141,391.1881740980693,1018.0
scanId=138854,2.3141,391.1995640374078,1342.0
scanId=138854,2.3141,391.21095418073884,1374.0
scanId=138854,2.3141,391.2223444517054,1236.0
scanId=138854,2.3141,391.23373492666616,1029.0
scanId=138854,2.3141,393.1839413288022,2224.0
scanId=138854,2.3141,393.1953603239123,3726.0
scanId=138854,2.3141,393.20677944653,4179.0
scanId=138854,2.3141,393.2181987732698,3768.0
scanId=138854,2.3141,393.2296182275157,3212.0
scanId=138854,2.3141,393.24103788588513,2980.0
scanId=138854,2.3141,393.252457671759,2465.0
scanId=138854,2.3141,393.2638776617582,1823.0
scanId=138854,2.3141,393.27529777926026,1340.0
scanId=138854,2.3141,393.2867181008892,1080.0
scanId=138854,2.3141,394.21231325179275,1139.0
scanId=138854,2.3141,394.22374717023695,1078.0
scanId=138854,2.3141,399.30527171044815,1055.0
scanId=138854,2.3141,399.3973365202538,1337.0
scanId=138854,2.3141,399.40884538699805,1686.0
scanId=138854,2.3141,399.42035438084974,1453.0
scanId=138854,2.3141,399.43186357922366,1005.0
scanId=138854,2.3141,402.3374625254267,2603.0
scanId=138854,2.3141,402.34901363605593,4860.0
scanId=138854,2.3141,402.3605649513947,5210.0
scanId=138854,2.3141,402.3721163936522,3943.0
scanId=138854,2.3141,402.38366804062053,2664.0
scanId=138854,2.3141,402.3952198145063,1746.0
scanId=138854,2.3141,402.40677179310427,1136.0
scanId=138854,2.3141,403.34303113450034,1154.0
scanId=138854,2.3141,403.35459670991395,1842.0
scanId=138854,2.3141,403.36616241218263,1713.0
scanId=138854,2.3141,403.37772831922587,1217.0
scanId=138854,2.3141,406.2279742686767,1004.0
scanId=138854,2.3141,406.23958109283814,1016.0
scanId=138854,2.3141,409.12319802563377,1177.0
scanId=138854,2.3141,409.1348461768291,6424.0
scanId=138854,2.3141,409.1464944545116,15431.0
scanId=138854,2.3141,409.15814293733655,20820.0
scanId=138854,2.3141,409.1697915466472,18515.0
scanId=138854,2.3141,409.18144036110186,13449.0
scanId=138854,2.3141,409.1930893020407,9270.0
scanId=138854,2.3141,409.20473844812483,6219.0
scanId=138854,2.3141,409.21638772069196,4129.0
scanId=138854,2.3141,409.22803719840573,2881.0
scanId=138854,2.3141,409.23968680260106,2111.0
scanId=138854,2.3141,409.25133661194445,1507.0
scanId=138854,2.3141,409.2629865477679,1043.0
scanId=138854,2.3141,410.13720580045464,1233.0
scanId=138854,2.3141,410.14886833814836,3424.0
scanId=138854,2.3141,410.1605310810481,5158.0
scanId=138854,2.3141,410.17219395036994,4879.0
scanId=138854,2.3141,410.18385702489934,3596.0
scanId=138854,2.3141,410.1955202258494,2502.0
scanId=138854,2.3141,410.2071836320084,1756.0
scanId=138854,2.3141,410.2188471645866,1231.0
scanId=138854,2.3141,411.1524685854815,1315.0
scanId=138854,2.3141,411.1641455884558,1503.0
scanId=138854,2.3141,411.1758227177889,1398.0
scanId=138854,2.3141,411.18750005239303,1130.0
scanId=138854,2.3141,415.3786341805138,2310.0
scanId=138854,2.3141,415.390371002917,6204.0
scanId=138854,2.3141,415.4021080308573,8954.0
scanId=138854,2.3141,415.41384518488866,8262.0
scanId=138854,2.3141,415.4255825444586,6065.0
scanId=138854,2.3141,415.43732003011814,4071.0
scanId=138854,2.3141,415.4490577213176,2743.0
scanId=138854,2.3141,415.46079553860545,1926.0
scanId=138854,2.3141,415.4725335614346,1360.0
scanId=138854,2.3141,416.38860866708904,1464.0
scanId=138854,2.3141,416.4003597495034,1830.0
scanId=138854,2.3141,416.4121110375185,1632.0
scanId=138854,2.3141,416.42386245156104,1247.0
scanId=138854,2.3141,419.26079336539897,1104.0
scanId=138854,2.3141,419.27258490644994,1056.0
scanId=138854,2.3141,425.1178893612456,2003.0
scanId=138854,2.3141,425.12976302059985,2776.0
scanId=138854,2.3141,425.14163680543635,2524.0
scanId=138854,2.3141,425.1535107964201,1998.0
scanId=138854,2.3141,425.165384912885,1515.0
scanId=138854,2.3141,425.1772592354984,1180.0
scanId=138854,2.3141,425.18913368359136,1195.0
scanId=138854,2.3141,425.2010083378344,1460.0
scanId=138854,2.3141,425.2128831175555,1462.0
scanId=138854,2.3141,425.22475810342826,1109.0
scanId=138854,2.3141,427.1387899478561,1151.0
scanId=138854,2.3141,427.15069179573004,1314.0
scanId=138854,2.3141,427.1625937689609,1072.0
scanId=138854,2.3141,429.3076537091598,1009.0
scanId=138854,2.3141,429.31958573533166,1133.0
scanId=138854,2.3141,429.37924823163166,1012.0
scanId=138854,2.3141,430.35830496396284,1358.0
scanId=138854,2.3141,430.3702515818391,3194.0
scanId=138854,2.3141,430.38219832487283,4352.0
scanId=138854,2.3141,430.3941452743788,3916.0
scanId=138854,2.3141,430.4060923490407,2786.0
scanId=138854,2.3141,430.4180396301762,1829.0
scanId=138854,2.3141,430.4299870364664,1216.0
scanId=138854,2.3141,431.374357733484,1114.0
scanId=138854,2.3141,431.38631840490103,1264.0
scanId=138854,2.3141,431.3982792828519,1035.0
scanId=138854,2.3141,437.1947548671513,1024.0
scanId=138854,2.3141,437.20679599947647,1767.0
scanId=138854,2.3141,437.21883725653913,2398.0
scanId=138854,2.3141,437.230878720494,2559.0
scanId=138854,2.3141,437.2429203091848,2321.0
scanId=138854,2.3141,437.25496210476933,1886.0
scanId=138854,2.3141,437.26700402508834,1445.0
scanId=138854,2.3141,437.2790461523025,1086.0
scanId=138854,2.3141,437.3633455212806,1222.0
scanId=138854,2.3141,437.3753889750132,2715.0
scanId=138854,2.3141,437.3874325534732,3310.0
scanId=138854,2.3141,437.3994763388355,2739.0
scanId=138854,2.3141,437.4115202489235,1842.0
scanId=138854,2.3141,437.4235643659156,1213.0
scanId=138854,2.3141,438.3755719383517,1268.0
scanId=138854,2.3141,438.3876293205294,1415.0
scanId=138854,2.3141,438.39968682737265,1106.0
scanId=138854,2.3141,443.32086774968366,1177.0
scanId=138854,2.3141,443.33299290867456,1498.0
scanId=138854,2.3141,443.3451182749296,1369.0
scanId=138854,2.3141,443.35724376554884,1077.0
scanId=138854,2.3141,447.2702812675696,1636.0
scanId=138854,2.3141,447.28246035782723,2356.0
scanId=138854,2.3141,447.2946395722113,2312.0
scanId=138854,2.3141,447.30681899409853,1711.0
scanId=138854,2.3141,447.3189985401108,1163.0
scanId=138854,2.3141,472.2727004206638,1156.0
scanId=138854,2.3141,472.2852152427774,1138.0
scanId=138854,2.3141,472.297730273866,1048.0
scanId=138854,2.3141,473.3245253201657,1646.0
scanId=138854,2.3141,473.3370540706641,2185.0
scanId=138854,2.3141,473.34958303019766,2244.0
scanId=138854,2.3141,473.36211211232416,1977.0
scanId=138854,2.3141,473.37464140348754,1510.0
scanId=138854,2.3141,473.3871708172422,1038.0
scanId=138854,2.3141,475.2935730834935,1067.0
scanId=138854,2.3141,475.3061279101395,2030.0
scanId=138854,2.3141,475.3186828592664,3051.0
scanId=138854,2.3141,475.331238017542,2978.0
scanId=138854,2.3141,475.3437932982971,2218.0
scanId=138854,2.3141,475.3563487882023,1539.0
scanId=138854,2.3141,475.3689044005857,1032.0
scanId=138854,2.3141,476.3236177616217,1047.0
scanId=138854,2.3141,477.29186989239184,1013.0
scanId=138854,2.3141,477.3044510401475,1000.0
scanId=138854,2.3141,481.2378723063076,1331.0
scanId=138854,2.3141,481.25050539755006,2090.0
scanId=138854,2.3141,481.2631386109355,2321.0
scanId=138854,2.3141,481.2757720338076,2175.0
scanId=138854,2.3141,481.28840557882125,1770.0
scanId=138854,2.3141,481.301039333323,1377.0
scanId=138854,2.3141,481.3136732099649,1024.0
scanId=138854,2.3141,482.2490418325585,1098.0
scanId=138854,2.3141,482.26168818898657,1655.0
scanId=138854,2.3141,482.274334667501,1797.0
scanId=138854,2.3141,482.28698135555874,1582.0
scanId=138854,2.3141,482.29962816570145,1326.0
scanId=138854,2.3141,482.3122751853888,1080.0
scanId=138854,2.3141,487.3335203350278,1001.0
scanId=138854,2.3141,487.34623313918723,1331.0
scanId=138854,2.3141,487.3589461531742,1337.0
scanId=138854,2.3141,487.3716592889619,1213.0
scanId=138854,2.3141,487.3843726345785,1179.0
scanId=138854,2.3141,487.3970861019944,1050.0
scanId=138854,2.3141,488.47833877691346,1123.0
scanId=138854,2.3141,488.4910665043433,1593.0
scanId=138854,2.3141,488.5037944416643,1509.0
scanId=138854,2.3141,488.5165225007224,1102.0
scanId=138854,2.3141,491.32073129177604,1093.0
scanId=138854,2.3141,501.379170980907,1455.0
scanId=138854,2.3141,501.39206572793955,1876.0
scanId=138854,2.3141,501.404960596005,1905.0
scanId=138854,2.3141,501.4178556746672,1581.0
scanId=138854,2.3141,501.4307508743609,1168.0
scanId=138854,2.3141,503.13437570907564,1536.0
scanId=138854,2.3141,503.14729300692426,1774.0
scanId=138854,2.3141,503.1602104257112,1477.0
scanId=138854,2.3141,503.17312805518947,1068.0
scanId=138854,2.3141,503.31523265394065,1180.0
scanId=138854,2.3141,503.3281522731966,1297.0
scanId=138854,2.3141,503.34107201338145,1175.0
scanId=138854,2.3141,515.4020870581273,1729.0
scanId=138854,2.3141,515.4151608851686,2495.0
scanId=138854,2.3141,515.4282348325023,2492.0
scanId=138854,2.3141,515.4413089911732,1978.0
scanId=138854,2.3141,515.4543832701353,1506.0
scanId=138854,2.3141,515.4674577604358,1250.0
scanId=138854,2.3141,515.4805323710261,1090.0
scanId=138854,2.3141,516.4092551836749,1026.0
scanId=138854,2.3141,516.4223417328836,1470.0
scanId=138854,2.3141,516.4354284934809,1413.0
scanId=138854,2.3141,516.4485153743183,1092.0
scanId=138854,2.3141,516.5008646469614,2444.0
scanId=138854,2.3141,516.5139524024476,4514.0
scanId=138854,2.3141,516.5270402781698,5351.0
scanId=138854,2.3141,516.5401283652857,4436.0
scanId=138854,2.3141,516.553216572636,3241.0
scanId=138854,2.3141,516.5663049913817,2227.0
scanId=138854,2.3141,516.5793935303603,1471.0
scanId=138854,2.3141,517.3650106770325,1062.0
scanId=138854,2.3141,517.378109376297,1088.0
scanId=138854,2.3141,517.5091052606272,1081.0
scanId=138854,2.3141,517.5222057382246,1878.0
scanId=138854,2.3141,517.5353064272672,2022.0
scanId=138854,2.3141,517.5484072364927,1587.0
scanId=138854,2.3141,517.561508257165,1077.0
scanId=138854,2.3141,520.3163914269061,1066.0
scanId=138854,2.3141,520.3295273887318,1122.0
scanId=138854,2.3141,523.2893398053876,2039.0
scanId=138854,2.3141,523.3025132412124,4746.0
scanId=138854,2.3141,523.3156868887768,6927.0
scanId=138854,2.3141,523.3288606562301,6784.0
scanId=138854,2.3141,523.342034635424,5240.0
scanId=138854,2.3141,523.3552087345054,3721.0
scanId=138854,2.3141,523.3683830453292,2648.0
scanId=138854,2.3141,523.3815574760388,1859.0
scanId=138854,2.3141,523.3947321184922,1325.0
scanId=138854,2.3141,524.3041812822252,1874.0
scanId=138854,2.3141,524.3173675317163,2493.0
scanId=138854,2.3141,524.3305539010453,2446.0
scanId=138854,2.3141,524.3437404821659,1911.0
scanId=138854,2.3141,524.3569271831233,1336.0
scanId=138854,2.3141,525.2540134122648,1104.0
scanId=138854,2.3141,525.2672116004231,2099.0
scanId=138854,2.3141,525.2804099083716,2647.0
scanId=138854,2.3141,525.2936084281595,2559.0
scanId=138854,2.3141,525.3068070677364,2106.0
scanId=138854,2.3141,525.320005919154,1650.0
scanId=138854,2.3141,525.3332048903591,1280.0
scanId=138854,2.3141,526.4292994628623,1032.0
scanId=138854,2.3141,526.4425123624569,1106.0
scanId=138854,2.3141,529.3931355161586,1041.0
scanId=138854,2.3141,529.4063855581262,1684.0
scanId=138854,2.3141,529.4196358121386,2470.0
scanId=138854,2.3141,529.4328861857344,2874.0
scanId=138854,2.3141,529.4461367713766,2475.0
scanId=138854,2.3141,529.4593874766008,2110.0
scanId=138854,2.3141,529.4726383938726,2438.0
scanId=138854,2.3141,529.4858894307249,2745.0
scanId=138854,2.3141,529.4991406796265,2452.0
scanId=138854,2.3141,529.5123920481072,1818.0
scanId=138854,2.3141,529.5256436286385,1261.0
scanId=138854,2.3141,530.427138533542,1014.0
scanId=138854,2.3141,530.4404015090144,1206.0
scanId=138854,2.3141,530.4536646965831,1123.0
scanId=138854,2.3141,530.4801915228825,1007.0
scanId=138854,2.3141,531.3692234609487,1095.0
scanId=138854,2.3141,531.382498255555,1068.0
scanId=138854,2.3141,533.3489926996931,1009.0
scanId=138854,2.3141,533.508597377081,1970.0
scanId=138854,2.3141,533.5218988214409,2779.0
scanId=138854,2.3141,533.5352004780486,2716.0
scanId=138854,2.3141,533.5485022540369,1984.0
scanId=138854,2.3141,533.5618042422742,1330.0
scanId=138854,2.3141,534.5199814842191,1108.0
scanId=138854,2.3141,534.5332955304563,1216.0
scanId=138854,2.3141,537.3596220195798,1640.0
scanId=138854,2.3141,537.3729714308564,3543.0
scanId=138854,2.3141,537.3863209613274,5195.0
scanId=138854,2.3141,537.3996707042337,4963.0
scanId=138854,2.3141,537.4130205663329,3739.0
scanId=138854,2.3141,537.4263706408688,2540.0
scanId=138854,2.3141,537.4397208345966,1768.0
scanId=138854,2.3141,537.453071240762,1218.0
scanId=138854,2.3141,538.3746480763658,1145.0
scanId=138854,2.3141,538.3880100895689,1577.0
scanId=138854,2.3141,538.4013722219177,1605.0
scanId=138854,2.3141,538.4147345667503,1333.0
scanId=138854,2.3141,538.4280970307275,1011.0
scanId=138854,2.3141,539.2836411128698,1279.0
scanId=138854,2.3141,539.2970144014809,1425.0
scanId=138854,2.3141,539.3103878091939,1512.0
scanId=138854,2.3141,539.3237614294346,1450.0
scanId=138854,2.3141,539.337135168776,1280.0
scanId=138854,2.3141,539.3505091206463,1101.0
scanId=138854,2.3141,543.4372950275153,1318.0
scanId=138854,2.3141,543.4507197187213,1537.0
scanId=138854,2.3141,543.4641445288322,1645.0
scanId=138854,2.3141,543.4775695516679,2674.0
scanId=138854,2.3141,543.490994693407,4883.0
scanId=138854,2.3141,543.5044200478723,6169.0
scanId=138854,2.3141,543.5178455212398,5506.0
scanId=138854,2.3141,543.531271207335,4045.0
scanId=138854,2.3141,543.5446970123306,2749.0
scanId=138854,2.3141,543.5581230300554,1802.0
scanId=138854,2.3141,543.5715491666796,1147.0
scanId=138854,2.3141,544.4849170530682,1277.0
scanId=138854,2.3141,544.4983546778305,1957.0
scanId=138854,2.3141,544.5117924214481,2345.0
scanId=138854,2.3141,544.5252303778401,2260.0
scanId=138854,2.3141,544.5386684530861,1991.0
scanId=138854,2.3141,544.5521067411077,1697.0
scanId=138854,2.3141,544.565545147982,1399.0
scanId=138854,2.3141,544.5789837676333,1057.0
scanId=138854,2.3141,550.5350770126615,1181.0
scanId=138854,2.3141,550.5485890410395,1500.0
scanId=138854,2.3141,550.5621012824721,1286.0
scanId=138854,2.3141,550.5756136424782,1015.0
scanId=138854,2.3141,550.6026389071751,1155.0
scanId=138854,2.3141,550.6161518118669,1283.0
scanId=138854,2.3141,550.6296648351299,1160.0
scanId=138854,2.3141,553.3491534830791,1140.0
scanId=138854,2.3141,553.3627000008117,1104.0
scanId=138854,2.3141,555.4644186416074,2264.0
scanId=138854,2.3141,555.4779910263569,9028.0
scanId=138854,2.3141,555.4915636243848,19010.0
scanId=138854,2.3141,555.5051363407626,24788.0
scanId=138854,2.3141,555.5187092704202,22730.0
scanId=138854,2.3141,555.5322823184265,16909.0
scanId=138854,2.3141,555.5458555797137,11492.0
scanId=138854,2.3141,555.5594289593483,7653.0
scanId=138854,2.3141,555.5730025522653,5199.0
scanId=138854,2.3141,555.5865762635283,3472.0
scanId=138854,2.3141,555.600150188075,2208.0
scanId=138854,2.3141,555.6137242309663,1459.0
scanId=138854,2.3141,556.4828093892461,2727.0
scanId=138854,2.3141,556.4963942575708,6405.0
scanId=138854,2.3141,556.5099792442006,9290.0
scanId=138854,2.3141,556.523564444155,8747.0
scanId=138854,2.3141,556.5371497624129,6402.0
scanId=138854,2.3141,556.5507352939971,4244.0
scanId=138854,2.3141,556.5643209438837,2717.0
scanId=138854,2.3141,556.5779068070975,1788.0
scanId=138854,2.3141,556.5914927886122,1240.0
scanId=138854,2.3141,557.4885357524389,1148.0
scanId=138854,2.3141,557.5021328910606,1618.0
scanId=138854,2.3141,557.515730147942,1729.0
scanId=138854,2.3141,557.5293276181934,1581.0
scanId=138854,2.3141,557.5429252067033,1243.0
scanId=138854,2.3141,561.3567797905752,1157.0
scanId=138854,2.3141,561.3704240206065,1532.0
scanId=138854,2.3141,561.3840683687266,1698.0
scanId=138854,2.3141,561.3977129303876,1691.0
scanId=138854,2.3141,561.4113576101361,1581.0
scanId=138854,2.3141,561.4250025034269,1301.0
scanId=138854,2.3141,569.2982612854087,1510.0
scanId=138854,2.3141,569.3120016880374,1944.0
scanId=138854,2.3141,569.3257422084124,1829.0
scanId=138854,2.3141,569.3394829426707,1472.0
scanId=138854,2.3141,569.3532237946742,1102.0
scanId=138854,2.3141,571.4437650438655,1036.0
scanId=138854,2.3141,571.4575313136065,2369.0
scanId=138854,2.3141,571.4712977010036,3563.0
scanId=138854,2.3141,571.4850643023742,3444.0
scanId=138854,2.3141,571.4988310213998,2700.0
scanId=138854,2.3141,571.5125979544001,2037.0
scanId=138854,2.3141,571.5263650050542,1492.0
scanId=138854,2.3141,571.540132269684,1101.0
scanId=138854,2.3141,572.4766936279333,1147.0
scanId=138854,2.3141,572.4904722855847,1226.0
scanId=138854,2.3141,575.3876690745474,1095.0
scanId=138854,2.3141,575.4014827673277,1492.0
scanId=138854,2.3141,575.4152965776004,1757.0
scanId=138854,2.3141,575.4291106020105,1765.0
scanId=138854,2.3141,575.4429247439118,1451.0
scanId=138854,2.3141,575.4567390999514,1057.0
scanId=138854,2.3141,576.3965026685466,1055.0
scanId=138854,2.3141,576.4103284174458,1443.0
scanId=138854,2.3141,576.4241543805231,1367.0
scanId=138854,2.3141,576.4379804610509,1020.0
scanId=138854,2.3141,577.3231960567201,1185.0
scanId=138854,2.3141,577.3370329635757,2462.0
scanId=138854,2.3141,577.3508699878446,4024.0
scanId=138854,2.3141,577.3647072263298,4740.0
scanId=138854,2.3141,577.3785445822272,4010.0
scanId=138854,2.3141,577.392382152342,2918.0
scanId=138854,2.3141,577.4062198398678,2136.0
scanId=138854,2.3141,577.4200577416123,1659.0
scanId=138854,2.3141,577.4338957607667,1293.0
scanId=138854,2.3141,577.4477339941407,1070.0
scanId=138854,2.3141,578.3475732382612,1265.0
scanId=138854,2.3141,578.3614224154136,1450.0
scanId=138854,2.3141,578.3752717099378,1229.0
scanId=138854,2.3141,579.3728584202373,1027.0
scanId=138854,2.3141,581.3011865976177,1066.0
scanId=138854,2.3141,581.3150710447663,1014.0
scanId=138854,2.3141,581.4955842867508,2242.0
scanId=138854,2.3141,581.5094710552994,4036.0
scanId=138854,2.3141,581.5233580382312,4911.0
scanId=138854,2.3141,581.5372451384081,4406.0
scanId=138854,2.3141,581.5511324529697,3130.0
scanId=138854,2.3141,581.5650198847751,2042.0
scanId=138854,2.3141,581.5789075309664,1346.0
scanId=138854,2.3141,582.5097558998766,1585.0
scanId=138854,2.3141,582.5236548214757,2068.0
scanId=138854,2.3141,582.5375538602801,1957.0
scanId=138854,2.3141,582.551453113509,1460.0
scanId=138854,2.3141,582.565352483942,1035.0
scanId=138854,2.3141,600.3373002871738,1154.0
scanId=138854,2.3141,600.3514102417621,1202.0
scanId=138854,2.3141,600.3655204114455,1089.0
scanId=138854,2.3141,605.3992688996967,1044.0
scanId=138854,2.3141,605.413438215814,1419.0
scanId=138854,2.3141,605.427607747204,1406.0
scanId=138854,2.3141,605.44177739495,1079.0
scanId=138854,2.3141,609.3589454262695,1035.0
scanId=138854,2.3141,609.3731610541802,1188.0
scanId=138854,2.3141,609.3873767983126,1149.0
scanId=138854,2.3141,613.331529175488,1023.0
scanId=138854,2.3141,613.3457910160104,1237.0
scanId=138854,2.3141,613.3600530720712,1123.0
scanId=138854,2.3141,617.3599449538434,1503.0
scanId=138854,2.3141,617.3742535540165,2449.0
scanId=138854,2.3141,617.3885623698573,2796.0
scanId=138854,2.3141,617.4028713016592,2502.0
scanId=138854,2.3141,617.4171804491297,2047.0
scanId=138854,2.3141,617.4314897125604,1682.0
scanId=138854,2.3141,617.4457991916605,1543.0
scanId=138854,2.3141,617.4601087867198,1481.0
scanId=138854,2.3141,617.4744185974497,1175.0
scanId=138854,2.3141,618.3762693602537,1341.0
scanId=138854,2.3141,618.3905897831323,1717.0
scanId=138854,2.3141,618.4049103219401,1651.0
scanId=138854,2.3141,618.4192310764481,1318.0
scanId=138854,2.3141,619.4220941952977,1256.0
scanId=138854,2.3141,619.4364266727407,1356.0
scanId=138854,2.3141,619.450759365916,1158.0
scanId=138854,2.3141,625.3123229054362,1688.0
scanId=138854,2.3141,625.3267233667776,3837.0
scanId=138854,2.3141,625.3411240440303,5806.0
scanId=138854,2.3141,625.3555248370003,6106.0
scanId=138854,2.3141,625.3699258458827,4864.0
scanId=138854,2.3141,625.3843269704817,3413.0
scanId=138854,2.3141,625.3987283109936,2315.0
scanId=138854,2.3141,625.4131297672214,1570.0
scanId=138854,2.3141,625.427531439363,1073.0
scanId=138854,2.3141,626.3351694633476,1774.0
scanId=138854,2.3141,626.3495817476379,2105.0
scanId=138854,2.3141,626.3639941476159,1761.0
scanId=138854,2.3141,626.3784067635357,1322.0
scanId=138854,2.3141,627.3588519428399,1037.0
scanId=138854,2.3141,629.3509358132825,1004.0
scanId=138854,2.3141,631.3606472290376,1155.0
scanId=138854,2.3141,631.3751172168861,1078.0
scanId=138854,2.3141,635.4041973079921,1081.0
scanId=138854,2.3141,635.4187135077939,1097.0
scanId=138854,2.3141,636.3916783332355,1038.0
scanId=138854,2.3141,636.4062058084183,1051.0
scanId=138854,2.3141,639.3441605840443,1066.0
scanId=138854,2.3141,639.3587217700453,1263.0
scanId=138854,2.3141,639.373283071374,1283.0
scanId=138854,2.3141,639.3878445890048,1119.0
scanId=138854,2.3141,645.5622254368025,1295.0
scanId=138854,2.3141,645.576857259918,1463.0
scanId=138854,2.3141,645.5914891982048,1232.0
scanId=138854,2.3141,646.3379392377897,1003.0
scanId=138854,2.3141,646.3525797984289,1084.0
scanId=138854,2.3141,647.304573584245,1933.0
scanId=138854,2.3141,647.3192250886392,3043.0
scanId=138854,2.3141,647.3338768095336,3423.0
scanId=138854,2.3141,647.3485286455567,2795.0
scanId=138854,2.3141,647.3631806980807,1959.0
scanId=138854,2.3141,647.3778328657329,1329.0
scanId=138854,2.3141,648.330581108211,1073.0
scanId=138854,2.3141,648.3452442196185,1139.0
scanId=138854,2.3141,649.4161010940029,1088.0
scanId=138854,2.3141,649.4307764756818,1409.0
scanId=138854,2.3141,649.4454520739106,1361.0
scanId=138854,2.3141,649.4601277872188,1157.0
scanId=138854,2.3141,650.4437800296529,1121.0
scanId=138854,2.3141,657.3501870996528,1180.0
scanId=138854,2.3141,657.3649519062561,1453.0
scanId=138854,2.3141,657.3797168277638,1543.0
scanId=138854,2.3141,657.3944819659968,1307.0
scanId=138854,2.3141,661.535236692871,1195.0
scanId=138854,2.3141,661.5500483740733,1315.0
scanId=138854,2.3141,661.5648602720863,1171.0
scanId=138854,2.3141,661.5796722849179,1004.0
scanId=138854,2.3141,663.4176501015431,1526.0
scanId=138854,2.3141,663.4324828922239,2491.0
scanId=138854,2.3141,663.4473157976865,3059.0
scanId=138854,2.3141,663.4621489199969,2904.0
scanId=138854,2.3141,663.4769821570889,2211.0
scanId=138854,2.3141,663.4918156110289,1620.0
scanId=138854,2.3141,663.5066491797497,1193.0
scanId=138854,2.3141,664.4266558585646,1195.0
scanId=138854,2.3141,664.4414999246535,1858.0
scanId=138854,2.3141,664.4563441055047,2141.0
scanId=138854,2.3141,664.4711885032231,1849.0
scanId=138854,2.3141,664.4860330157036,1445.0
scanId=138854,2.3141,664.5008777450515,1147.0
scanId=138854,2.3141,665.3472999290173,1896.0
scanId=138854,2.3141,665.3621542756249,3434.0
scanId=138854,2.3141,665.3770087369779,4260.0
scanId=138854,2.3141,665.3918634152154,3770.0
scanId=138854,2.3141,665.4067182081975,2883.0
scanId=138854,2.3141,665.4215732180646,2251.0
scanId=138854,2.3141,665.4364283426756,1776.0
scanId=138854,2.3141,665.4512836841725,1302.0
scanId=138854,2.3141,666.3577714878363,1247.0
scanId=138854,2.3141,666.3726371098519,2156.0
scanId=138854,2.3141,666.3875028465943,2459.0
scanId=138854,2.3141,666.4023688002395,1975.0
scanId=138854,2.3141,666.417234868611,1367.0
scanId=138854,2.3141,666.4321011538859,1059.0
scanId=138854,2.3141,679.3385111963687,1144.0
scanId=138854,2.3141,679.3535208601636,1361.0
scanId=138854,2.3141,679.368530741075,1380.0
scanId=138854,2.3141,679.3835407364994,1259.0
scanId=138854,2.3141,679.3985509490404,1179.0
scanId=138854,2.3141,679.4135612760941,1039.0
scanId=138854,2.3141,683.3670404868218,1330.0
scanId=138854,2.3141,683.3820945889333,1700.0
scanId=138854,2.3141,683.3971489082173,1549.0
scanId=138854,2.3141,683.4122033419584,1228.0
scanId=138854,2.3141,685.3857711857582,1369.0
scanId=138854,2.3141,685.4008475070302,3516.0
scanId=138854,2.3141,685.4159240455004,6256.0
scanId=138854,2.3141,685.4310006984015,7799.0
scanId=138854,2.3141,685.4460775685014,7196.0
scanId=138854,2.3141,685.4611545530317,5519.0
scanId=138854,2.3141,685.4762317547613,3949.0
scanId=138854,2.3141,685.4913090709209,2807.0
scanId=138854,2.3141,685.5063866042802,1982.0
scanId=138854,2.3141,685.5214642520691,1565.0
scanId=138854,2.3141,685.5365421170579,1289.0
scanId=138854,2.3141,685.5516200964762,1006.0
scanId=138854,2.3141,686.3962530229921,1238.0
scanId=138854,2.3141,686.4113405052406,2469.0
scanId=138854,2.3141,686.4264281019077,3806.0
scanId=138854,2.3141,686.4415159157859,4296.0
scanId=138854,2.3141,686.4566038440823,3674.0
scanId=138854,2.3141,686.47169198959,2902.0
scanId=138854,2.3141,686.4867802495155,2134.0
scanId=138854,2.3141,686.5018687266531,1511.0
scanId=138854,2.3141,686.5169573182079,1158.0
scanId=138854,2.3141,686.5320461269752,1051.0
scanId=138854,2.3141,687.3470866475423,1660.0
scanId=138854,2.3141,687.3621845247169,2025.0
scanId=138854,2.3141,687.3772826191141,1839.0
scanId=138854,2.3141,687.3923808279181,1495.0
scanId=138854,2.3141,687.407479253945,1491.0
scanId=138854,2.3141,687.4225777943782,1721.0
scanId=138854,2.3141,687.4376765520346,1650.0
scanId=138854,2.3141,687.4527754240972,1311.0
scanId=138854,2.3141,688.3590127310722,1142.0
scanId=138854,2.3141,688.3741217692476,1084.0
scanId=138854,2.3141,701.3835077149641,1015.0
scanId=138854,2.3141,701.3987590222577,1585.0
scanId=138854,2.3141,701.4140104438213,1702.0
scanId=138854,2.3141,701.4292620827445,1374.0
scanId=138854,2.3141,701.4445138359375,1024.0
scanId=138854,2.3141,703.596674667489,1202.0
scanId=138854,2.3141,703.6119499663715,1581.0
scanId=138854,2.3141,703.6272254826291,1526.0
scanId=138854,2.3141,703.6425011131412,1218.0
scanId=138854,2.3141,704.620488010566,1025.0
scanId=138854,2.3141,705.3544238937463,1110.0
scanId=138854,2.3141,705.3697183128935,1011.0
scanId=138854,2.3141,707.4513005405427,1001.0
scanId=138854,2.3141,707.4666176247371,1305.0
scanId=138854,2.3141,707.48193492633,1469.0
scanId=138854,2.3141,707.4972523421538,1246.0
scanId=138854,2.3141,722.5106526223951,1102.0
scanId=138854,2.3141,722.5261318734429,1256.0
scanId=138854,2.3141,722.5416113419325,1148.0
scanId=138854,2.3141,736.4934538182308,2948.0
scanId=138854,2.3141,736.5090821884311,7250.0
scanId=138854,2.3141,736.5247106728508,12374.0
scanId=138854,2.3141,736.5403393746806,15069.0
scanId=138854,2.3141,736.5559681907299,13521.0
scanId=138854,2.3141,736.5715972241894,9981.0
scanId=138854,2.3141,736.5872263718687,6777.0
scanId=138854,2.3141,736.6028557369578,4542.0
scanId=138854,2.3141,736.6184852162669,3102.0
scanId=138854,2.3141,736.6341149129856,2090.0
scanId=138854,2.3141,736.6497447239243,1368.0
scanId=138854,2.3141,737.4940021427491,2056.0
scanId=138854,2.3141,737.5096411250981,4536.0
scanId=138854,2.3141,737.5252802216712,7151.0
scanId=138854,2.3141,737.5409195356499,8414.0
scanId=138854,2.3141,737.5565589638527,7724.0
scanId=138854,2.3141,737.5721986094611,5934.0
scanId=138854,2.3141,737.5878383692936,4225.0
scanId=138854,2.3141,737.6034783465317,2918.0
scanId=138854,2.3141,737.6191184379942,1920.0
scanId=138854,2.3141,737.6347587468616,1348.0
scanId=138854,2.3141,738.4952296449452,1156.0
scanId=138854,2.3141,738.5108792394427,1773.0
scanId=138854,2.3141,738.5265289481698,2767.0
scanId=138854,2.3141,738.5421788742971,3332.0
scanId=138854,2.3141,738.557828914654,3042.0
scanId=138854,2.3141,738.5734791724109,2441.0
scanId=138854,2.3141,738.5891295443975,1902.0
scanId=138854,2.3141,738.6047801337841,1454.0
scanId=138854,2.3141,738.6204308374006,1166.0
scanId=138854,2.3141,745.6171847461376,1184.0
scanId=138854,2.3141,745.6329096205649,1581.0
scanId=138854,2.3141,745.6486346092697,1433.0
scanId=138854,2.3141,745.6643598153266,1058.0
scanId=138854,2.3141,751.5414177917162,1008.0
scanId=138854,2.3141,757.5841928212676,1192.0
scanId=138854,2.3141,757.6000433833303,2292.0
scanId=138854,2.3141,757.6158940597954,3680.0
scanId=138854,2.3141,757.6317449534877,4320.0
scanId=138854,2.3141,757.6475959615831,3757.0
scanId=138854,2.3141,757.663447186905,2729.0
scanId=138854,2.3141,757.6792985266303,1940.0
scanId=138854,2.3141,757.695150083582,1321.0
scanId=138854,2.3141,758.598961430969,1305.0
scanId=138854,2.3141,758.6148226051805,1988.0
scanId=138854,2.3141,758.6306838938073,2617.0
scanId=138854,2.3141,758.6465453996484,2614.0
scanId=138854,2.3141,758.6624070199052,2098.0
scanId=138854,2.3141,758.678268857376,1459.0
scanId=138854,2.3141,758.6941308092629,1068.0
scanId=138854,2.3141,759.6302810049691,1103.0
scanId=138854,2.3141,759.6461529057582,1058.0
scanId=138854,2.3141,764.5107509025485,1711.0
scanId=138854,2.3141,764.526673759874,7222.0
scanId=138854,2.3141,764.542596731699,18466.0
scanId=138854,2.3141,764.5585199206542,29067.0
scanId=138854,2.3141,764.5744432241092,31790.0
scanId=138854,2.3141,764.5903667446942,26969.0
scanId=138854,2.3141,764.6062903797794,19566.0
scanId=138854,2.3141,764.6222142319939,13423.0
scanId=138854,2.3141,764.6381381987092,9123.0
scanId=138854,2.3141,764.6540623825532,6195.0
scanId=138854,2.3141,764.6699866808988,3974.0
scanId=138854,2.3141,764.6859111963724,2574.0
scanId=138854,2.3141,764.7018358263483,1720.0
scanId=138854,2.3141,764.7177606734516,1129.0
scanId=138854,2.3141,765.4823471012846,1018.0
scanId=138854,2.3141,765.4982800220139,1197.0
scanId=138854,2.3141,765.5142131598583,1957.0
scanId=138854,2.3141,765.5301464122177,4891.0
scanId=138854,2.3141,765.5460798816918,10661.0
scanId=138854,2.3141,765.5620134656815,16439.0
scanId=138854,2.3141,765.5779472667853,18308.0
scanId=138854,2.3141,765.5938811824049,15171.0
scanId=138854,2.3141,765.6098153151382,10658.0
scanId=138854,2.3141,765.6257495623883,7112.0
scanId=138854,2.3141,765.6416840267512,4622.0
scanId=138854,2.3141,765.6576186056312,3029.0
scanId=138854,2.3141,765.6735534016241,2042.0
scanId=138854,2.3141,765.689488312134,1371.0
scanId=138854,2.3141,766.5342772353914,1815.0
scanId=138854,2.3141,766.5502210999158,3325.0
scanId=138854,2.3141,766.5661651815387,4798.0
scanId=138854,2.3141,766.5821093776931,5010.0
scanId=138854,2.3141,766.5980537909456,3992.0
scanId=138854,2.3141,766.6139983187302,2799.0
scanId=138854,2.3141,766.6299430636122,1960.0
scanId=138854,2.3141,766.6458879230273,1355.0
scanId=138854,2.3141,766.6618329995389,1012.0
scanId=138854,2.3141,769.5985445302977,1817.0
scanId=138854,2.3141,769.6145202313195,2650.0
scanId=138854,2.3141,769.6304961493883,2729.0
scanId=138854,2.3141,769.64647218204,2276.0
scanId=138854,2.3141,769.6624484317387,1766.0
scanId=138854,2.3141,769.6784247960206,1323.0
scanId=138854,2.3141,770.6213253180806,1206.0
scanId=138854,2.3141,770.6373116312691,1353.0
scanId=138854,2.3141,770.6532981614864,1155.0
scanId=138854,2.3141,773.5976371805614,1278.0
scanId=138854,2.3141,773.6136543353615,1365.0
scanId=138854,2.3141,773.629671707136,1138.0
scanId=138854,2.3141,780.5646736069964,1136.0
scanId=138854,2.3141,780.5807627255717,1131.0
scanId=138854,2.3141,792.5646150415665,1171.0
scanId=138854,2.3141,792.5808274115725,2411.0
scanId=138854,2.3141,792.5970398966681,3579.0
scanId=138854,2.3141,792.6132525983038,3784.0
scanId=138854,2.3141,792.62946541503,3033.0
scanId=138854,2.3141,792.6456784482955,2036.0
scanId=138854,2.3141,792.6618915966521,1367.0
scanId=138854,2.3141,792.6781049615472,1004.0
scanId=138854,2.3141,793.5700939656978,1284.0
scanId=138854,2.3141,793.5863166162229,2287.0
scanId=138854,2.3141,793.6025393818647,2865.0
scanId=138854,2.3141,793.6187623640194,2744.0
scanId=138854,2.3141,793.6349854612919,2220.0
scanId=138854,2.3141,793.651208775076,1736.0
scanId=138854,2.3141,793.6674322039793,1363.0
scanId=138854,2.3141,793.6836558493932,1106.0
scanId=138854,2.3141,795.6154505313568,1396.0
scanId=138854,2.3141,795.6316940745494,2108.0
scanId=138854,2.3141,795.6479377329158,2303.0
scanId=138854,2.3141,795.664181607738,1942.0
scanId=138854,2.3141,795.6804255977349,1462.0
scanId=138854,2.3141,795.6966698041869,1024.0
scanId=138854,2.3141,796.6878783841912,1044.0
scanId=138854,2.3141,796.7041328711623,1369.0
scanId=138854,2.3141,796.7203874733372,1422.0
scanId=138854,2.3141,796.7366422919379,1374.0
scanId=138854,2.3141,796.7528972257433,1186.0
scanId=138854,2.3141,797.7284982139316,1017.0
scanId=138854,2.3141,797.7447633130511,1036.0
scanId=138854,2.3141,801.6531764035996,1869.0
scanId=138854,2.3141,801.6694814136271,3737.0
scanId=138854,2.3141,801.6857866399339,5236.0
scanId=138854,2.3141,801.7020919815922,5164.0
scanId=138854,2.3141,801.7183975395287,3981.0
scanId=138854,2.3141,801.7347032128175,2771.0
scanId=138854,2.3141,801.7510091023835,1962.0
scanId=138854,2.3141,801.7673151073033,1341.0
scanId=138854,2.3141,802.6644021460035,1775.0
scanId=138854,2.3141,802.6807174365814,2983.0
scanId=138854,2.3141,802.6970329434071,3740.0
scanId=138854,2.3141,802.7133485656158,3434.0
scanId=138854,2.3141,802.7296644040712,2612.0
scanId=138854,2.3141,802.7459803579105,1804.0
scanId=138854,2.3141,802.7622965279954,1238.0
scanId=138854,2.3141,803.6762652815618,1067.0
scanId=138854,2.3141,803.6925908526904,1444.0
scanId=138854,2.3141,803.7089166400352,1419.0
scanId=138854,2.3141,803.7252425427945,1141.0
scanId=138854,2.3141,815.6709649599599,1043.0
scanId=138854,2.3141,815.6874119079486,1796.0
scanId=138854,2.3141,815.7038590717438,2487.0
scanId=138854,2.3141,815.7203063513633,2547.0
scanId=138854,2.3141,815.736753846788,1912.0
scanId=138854,2.3141,815.7532014580383,1244.0
scanId=138854,2.3141,816.6745337287093,1011.0
scanId=138854,2.3141,816.6909908413936,1395.0
scanId=138854,2.3141,816.7074480699393,1566.0
scanId=138854,2.3141,816.7239055142533,1436.0
scanId=138854,2.3141,816.7403630744299,1150.0
scanId=138854,2.3141,817.6293189081505,1337.0
scanId=138854,2.3141,817.6457856380945,1949.0
scanId=138854,2.3141,817.6622524839358,2131.0
scanId=138854,2.3141,817.6787195455095,2019.0
scanId=138854,2.3141,817.6951867229812,1811.0
scanId=138854,2.3141,817.7116541161847,1428.0
scanId=138854,2.3141,827.671673076318,1518.0
scanId=138854,2.3141,827.6882406216743,2370.0
scanId=138854,2.3141,827.7048082833286,2959.0
scanId=138854,2.3141,827.7213761603147,2795.0
scanId=138854,2.3141,827.7379441536002,2316.0
scanId=138854,2.3141,827.7545123622159,1846.0
scanId=138854,2.3141,827.7710806871324,1399.0
scanId=138854,2.3141,827.7876492273778,1075.0
scanId=138854,2.3141,828.6825952992906,1632.0
scanId=138854,2.3141,828.6991729098766,2307.0
scanId=138854,2.3141,828.715750735752,2507.0
scanId=138854,2.3141,828.732328677969,2249.0
scanId=138854,2.3141,828.7489068354739,1728.0
scanId=138854,2.3141,828.7654851093223,1186.0
scanId=138854,2.3141,829.6941344710599,1569.0
scanId=138854,2.3141,829.7107222458245,2261.0
scanId=138854,2.3141,829.7273101369739,2251.0
scanId=138854,2.3141,829.7438982433681,1810.0
scanId=138854,2.3141,829.7604864661483,1442.0
scanId=138854,2.3141,829.7770749041724,1173.0
scanId=138854,2.3141,830.7062906905471,1068.0
scanId=138854,2.3141,830.7228885306287,1368.0
scanId=138854,2.3141,830.7394865859125,1435.0
scanId=138854,2.3141,830.7560847576252,1204.0
scanId=138854,2.3141,831.6692409400066,1022.0
scanId=138854,2.3141,831.6858483973903,1188.0
scanId=138854,2.3141,831.7024560699336,1075.0
scanId=138854,2.3141,832.682600762566,1022.0
scanId=138854,2.3141,832.6992183839988,1056.0
scanId=138854,2.3141,839.69326875468,1458.0
scanId=138854,2.3141,839.7099561351764,1741.0
scanId=138854,2.3141,839.7266437304643,1576.0
scanId=138854,2.3141,839.7433314425921,1227.0
scanId=138854,2.3141,840.7115038761341,1230.0
scanId=138854,2.3141,840.7282014203114,1150.0
scanId=138854,2.3141,841.6802341120941,1165.0
scanId=138854,2.3141,841.6969412735313,1581.0
scanId=138854,2.3141,841.713648551903,1648.0
scanId=138854,2.3141,841.7303560449698,1451.0
scanId=138854,2.3141,841.7470636549727,1224.0
scanId=138854,2.3141,841.7637714796692,1012.0
scanId=138854,2.3141,843.6695476278526,1057.0
scanId=138854,2.3141,843.6862744724706,1158.0
scanId=138854,2.3141,843.7030015316863,1114.0
scanId=138854,2.3141,843.7197287079356,1056.0
scanId=138854,2.3141,843.7364560987809,1124.0
scanId=138854,2.3141,843.7531836066613,1047.0
scanId=138854,2.3141,844.673453261378,1353.0
scanId=138854,2.3141,844.6901900549351,1417.0
scanId=138854,2.3141,844.7069270630404,1126.0
scanId=138854,2.3141,852.793454618089,1174.0
scanId=138854,2.3141,852.8102716664426,1194.0
scanId=138854,2.3141,853.7186398176383,1085.0
scanId=138854,2.3141,853.7354660341182,1151.0
scanId=138854,2.3141,853.752292368153,1068.0
scanId=138854,2.3141,853.7691189162623,1104.0
scanId=138854,2.3141,853.7859455819289,1169.0
scanId=138854,2.3141,853.8027724616679,1101.0
scanId=138854,2.3141,854.7285048516706,1057.0
scanId=138854,2.3141,854.7453410170397,1023.0
scanId=138854,2.3141,855.7052751378056,1138.0
scanId=138854,2.3141,855.7221209204346,1186.0
scanId=138854,2.3141,855.7389668207276,1008.0
scanId=138854,2.3141,856.7163141440686,1009.0
scanId=138854,2.3141,856.733169875587,1027.0
scanId=138854,2.3141,869.693351869766,1092.0
scanId=138854,2.3141,869.7103347339233,1402.0
scanId=138854,2.3141,869.7273178112255,1573.0
scanId=138854,2.3141,869.7443010070147,1500.0
scanId=138854,2.3141,869.7612844159462,1289.0
scanId=138854,2.3141,869.7782679433674,1041.0
scanId=138854,2.3141,871.7324823300426,1114.0
scanId=138854,2.3141,881.72453631392,1272.0
scanId=138854,2.3141,881.7416362441265,1432.0
scanId=138854,2.3141,881.7587363866934,1404.0
scanId=138854,2.3141,881.7758366485316,1199.0
scanId=138854,2.3141,883.7263560711167,1022.0
scanId=138854,2.3141,883.7434754482031,1227.0
scanId=138854,2.3141,883.7605949446972,1162.0
scanId=138854,2.3141,893.7006389416442,1181.0
scanId=138854,2.3141,893.7178546114499,1304.0
scanId=138854,2.3141,893.7350704927632,1155.0
scanId=138854,2.3141,893.752286494201,1019.0
scanId=138854,2.3141,893.769502707144,1122.0
scanId=138854,2.3141,893.786719040214,1282.0
scanId=138854,2.3141,893.8039355847867,1187.0
scanId=138854,2.3141,895.7160001828735,1308.0
scanId=138854,2.3141,895.7332352987061,1541.0
scanId=138854,2.3141,895.750470534813,1477.0
scanId=138854,2.3141,895.7677059822752,1175.0
scanId=138854,2.3141,909.7481236066968,1049.0
scanId=138854,2.3141,909.7654931539171,1378.0
scanId=138854,2.3141,909.782862911386,1537.0
scanId=138854,2.3141,909.8002327902387,1340.0
scanId=138854,2.3141,909.8176028793373,1032.0
scanId=138854,2.3141,911.8162665384812,1055.0
scanId=138854,2.3141,911.8336558620988,1009.0
scanId=138854,2.3141,919.7280603941095,1188.0
scanId=138854,2.3141,919.745524997657,1207.0
scanId=138854,2.3141,919.7629897234386,1007.0
scanId=138854,2.3141,920.6888586486368,1108.0
scanId=138854,2.3141,920.7063323285023,1354.0
scanId=138854,2.3141,920.7238062176798,1323.0
scanId=138854,2.3141,920.741280229178,1251.0
scanId=138854,2.3141,920.7587544499851,1047.0
scanId=138854,2.3141,965.5351605273939,1061.0
scanId=138854,2.3141,965.5530547181726,1189.0
scanId=138854,2.3141,965.5709491137405,1037.0
scanId=138854,2.3141,1001.7461779068194,1063.0
scanId=138854,2.3141,1431.3321795630418,1024.0
scanId=138854,2.3141,1431.3539666273884,1078.0
scanId=138854,2.3141,1447.302796604306,1104.0
scanId=138854,2.3141,1573.4112043799187,1042.0
scanId=138854,2.3141,1573.43404733086,1173.0
scanId=138854,2.3141,1573.4568903039974,1061.0
scanId=138854,2.3141,1574.3935979900307,1238.0
scanId=138854,2.3141,1574.4164479273911,1597.0
scanId=138854,2.3141,1574.4392981746448,1713.0
scanId=138854,2.3141,1574.462148443635,1570.0
scanId=138854,2.3141,1574.48499902254,1210.0
scanId=138854,2.3141,1575.422012502501,1021.0
scanId=138854,2.3141,1575.4448700460682,1097.0
scanId=138854,2.3141,1576.4050335761926,1053.0
scanId=138854,2.3141,1576.4278981052569,1112.0
scanId=138854,2.3141,1577.3654896129192,1282.0
scanId=138854,2.3141,1577.3883611062067,1545.0
scanId=138854,2.3141,1577.411232910751,1495.0
scanId=138854,2.3141,1577.4341047356681,1386.0
scanId=138854,2.3141,1577.4569768718638,1196.0
scanId=138854,2.3141,1578.3491166137667,1002.0
scanId=138854,2.3141,1578.3719953829757,1238.0
scanId=138854,2.3141,1578.3948741721147,1282.0
scanId=138854,2.3141,1578.417753272974,1195.0
scanId=138854,2.3141,1579.3330503618179,1081.0
scanId=138854,2.3141,1579.35593611518,1521.0
scanId=138854,2.3141,1579.378822180703,2046.0
scanId=138854,2.3141,1579.4017082656949,2143.0
scanId=138854,2.3141,1579.4245946628691,1767.0
scanId=138854,2.3141,1579.4474810794907,1218.0
scanId=138854,2.3141,1580.3172905648705,1100.0
scanId=138854,2.3141,1580.3401835950588,1456.0
scanId=138854,2.3141,1580.3630766442725,1736.0
scanId=138854,2.3141,1580.3859700061116,1855.0
scanId=138854,2.3141,1580.4088633869555,1646.0
scanId=138854,2.3141,1580.4317570804453,1169.0
scanId=138854,2.3141,1589.4417876530983,1021.0
scanId=138854,2.3141,1590.4062064583536,1071.0
scanId=138854,2.3141,1590.4291724517147,1285.0
scanId=138854,2.3141,1590.452138459451,1410.0
scanId=138854,2.3141,1590.4751047844636,1382.0
scanId=138854,2.3141,1590.4980711238295,1271.0
scanId=138854,2.3141,1590.5210377804924,1001.0
scanId=138854,2.3141,1592.4508225560355,1049.0
scanId=138854,2.3141,1593.3242048017617,1174.0
scanId=138854,2.3141,1593.3471917021657,1326.0
scanId=138854,2.3141,1593.3701789211848,1468.0
scanId=138854,2.3141,1593.3931661532183,1500.0
scanId=138854,2.3141,1593.4161537038879,1499.0
scanId=138854,2.3141,1593.4391412675511,1376.0
scanId=138854,2.3141,1593.462129149872,1051.0
scanId=138854,2.3141,1594.312794463186,1058.0
scanId=138854,2.3141,1594.3357886468746,1739.0
scanId=138854,2.3141,1594.3587828431307,2174.0
scanId=138854,2.3141,1594.3817773584703,2395.0
scanId=138854,2.3141,1594.4047718863555,2550.0
scanId=138854,2.3141,1594.4277667333458,2374.0
scanId=138854,2.3141,1594.4507615928615,1761.0
scanId=138854,2.3141,1594.4737567715022,1257.0
scanId=138854,2.3141,1595.3016908793006,1065.0
scanId=138854,2.3141,1595.3246920397794,1599.0
scanId=138854,2.3141,1595.3476935197884,2258.0
scanId=138854,2.3141,1595.3706950118967,2782.0
scanId=138854,2.3141,1595.3936968235566,2918.0
scanId=138854,2.3141,1595.4166986472947,2674.0
scanId=138854,2.3141,1595.439700790606,2278.0
scanId=138854,2.3141,1595.4627029459734,1774.0
scanId=138854,2.3141,1595.4857054209351,1300.0
scanId=138854,2.3141,1596.3139021878499,1084.0
scanId=138854,2.3141,1596.3369106441808,1633.0
scanId=138854,2.3141,1596.3599194205112,2106.0
scanId=138854,2.3141,1596.3829282084712,2371.0
scanId=138854,2.3141,1596.4059373164525,2277.0
scanId=138854,2.3141,1596.428946436043,1958.0
scanId=138854,2.3141,1596.4519558756754,1501.0
scanId=138854,2.3141,1596.4749653268946,1065.0
scanId=138854,2.3141,1597.3264345242155,1450.0
scanId=138854,2.3141,1597.3494502763988,2011.0
scanId=138854,2.3141,1597.37246634905,2171.0
scanId=138854,2.3141,1597.3954824328628,1986.0
scanId=138854,2.3141,1597.4184988371655,1781.0
scanId=138854,2.3141,1597.441515252608,1543.0
scanId=138854,2.3141,1597.4645319885612,1304.0
scanId=138854,2.3141,1597.4875487356335,1004.0
scanId=138854,2.3141,1598.3623109364403,1114.0
scanId=138854,2.3141,1598.3853343054134,1255.0
scanId=138854,2.3141,1598.4083576850785,1191.0
scanId=138854,2.3141,1598.431381385703,1029.0
scanId=138854,2.3141,1610.3336889719485,1067.0
scanId=138854,2.3141,1610.3567982436919,1424.0
scanId=138854,2.3141,1610.3799078419481,1634.0
scanId=138854,2.3141,1610.4030174453205,1664.0
scanId=138854,2.3141,1610.4261273752281,1436.0
scanId=138854,2.3141,1610.4492373102305,1063.0
scanId=138854,2.3141,1611.3506573298032,1226.0
scanId=138854,2.3141,1611.3737738973987,1467.0
scanId=138854,2.3141,1611.3968907919802,1518.0
scanId=138854,2.3141,1611.4200076912052,1292.0
scanId=138854,2.3141,1612.367946715581,1150.0
scanId=138854,2.3141,1612.391070579028,1063.0
scanId=138854,2.3141,1613.3855571292893,1065.0
scanId=138854,2.3141,1613.4086882885883,1101.0
scanId=138854,2.3141,1613.4318197758237,1060.0
scanId=138854,2.3141,1758.4640964541854,1048.0
scanId=138854,2.3141,1968.4669593421509,1010.0
scanId=138854,2.3141,1982.4420515508073,1029.0
scanId=138854,2.3141,1984.442528647645,1084.0
scanId=138854,2.3141,1984.4681821820284,1178.0
scanId=138854,2.3141,1984.4938361976315,1076.0
scanId=138854,2.3141,1985.4431453523239,1104.0
scanId=138854,2.3141,1985.4688056691411,1113.0
scanId=138854,2.3141,1986.4440145820092,1184.0
scanId=138854,2.3141,1986.4696810499481,1173.0
scanId=138854,2.3141,2334.5656085140104,1031.0
scanId=139852,2.330733333333,102.12221174818875,2205.0
scanId=139852,2.330733333333,102.12803134254987,2627.0
scanId=139852,2.330733333333,102.13385110272583,2029.0
scanId=139852,2.330733333333,102.1396710287166,1379.0
scanId=139852,2.330733333333,118.11361684591603,1264.0
scanId=139852,2.330733333333,118.11987549910988,1938.0
scanId=139852,2.330733333333,118.12613433693646,1808.0
scanId=139852,2.330733333333,118.13239332175893,1265.0
scanId=139852,2.330733333333,121.09881089828049,1267.0
scanId=139852,2.330733333333,121.10514814745602,1079.0
scanId=139852,2.330733333333,122.08942795461749,1431.0
scanId=139852,2.330733333333,122.09579107082475,1774.0
scanId=139852,2.330733333333,122.10215437198964,1478.0
scanId=139852,2.330733333333,122.10851781982548,1015.0
scanId=139852,2.330733333333,126.09871539651508,1189.0
scanId=139852,2.330733333333,126.10518216612937,1117.0
scanId=139852,2.330733333333,130.14649425356095,3225.0
scanId=139852,2.330733333333,130.1530639743887,6939.0
scanId=139852,2.330733333333,130.15963388082272,7471.0
scanId=139852,2.330733333333,130.16620393327906,5534.0
scanId=139852,2.330733333333,130.17277417134272,3586.0
scanId=139852,2.330733333333,130.1793445554277,2349.0
scanId=139852,2.330733333333,130.185915125121,1603.0
scanId=139852,2.330733333333,130.1924858408346,1086.0
scanId=139852,2.330733333333,138.11561705219228,2116.0
scanId=139852,2.330733333333,138.12238494152464,4021.0
scanId=139852,2.330733333333,138.1291529762499,4219.0
scanId=139852,2.330733333333,138.13592119721193,3104.0
scanId=139852,2.330733333333,138.14268956356577,2023.0
scanId=139852,2.330733333333,138.14945811615743,1343.0
scanId=139852,2.330733333333,164.91207870362695,1263.0
scanId=139852,2.330733333333,164.91947403624857,2377.0
scanId=139852,2.330733333333,164.92686951221125,2623.0
scanId=139852,2.330733333333,164.93426517646253,2028.0
scanId=139852,2.330733333333,164.94166098405378,1343.0
scanId=139852,2.330733333333,178.93864129347966,1212.0
scanId=139852,2.330733333333,178.94634471004196,1173.0
scanId=139852,2.330733333333,186.90590446708714,1060.0
scanId=139852,2.330733333333,215.1219516596657,1169.0
scanId=139852,2.330733333333,215.13039806630889,1132.0
scanId=139852,2.330733333333,216.97567572214396,1090.0
scanId=139852,2.330733333333,231.10145490025917,1127.0
scanId=139852,2.330733333333,231.11020938970614,1805.0
scanId=139852,2.330733333333,231.1189640722446,1792.0
scanId=139852,2.330733333333,231.12771889332,1301.0
scanId=139852,2.330733333333,243.11591402124293,1181.0
scanId=139852,2.330733333333,243.12489321705135,1166.0
scanId=139852,2.330733333333,243.13387255054923,1045.0
scanId=139852,2.330733333333,245.12237597119076,1207.0
scanId=139852,2.330733333333,245.1313921154388,1467.0
scanId=139852,2.330733333333,245.14040845376755,1243.0
scanId=139852,2.330733333333,257.13111471649046,1072.0
scanId=139852,2.330733333333,259.1388590783948,1850.0
scanId=139852,2.330733333333,259.1481294450319,2392.0
scanId=139852,2.330733333333,259.1573999482351,1984.0
scanId=139852,2.330733333333,259.1666706465019,1307.0
scanId=139852,2.330733333333,261.1078823122158,1217.0
scanId=139852,2.330733333333,261.1171878315953,2230.0
scanId=139852,2.330733333333,261.12649348740354,2891.0
scanId=139852,2.330733333333,261.1357993384127,2717.0
scanId=139852,2.330733333333,261.14510532584916,2031.0
scanId=139852,2.330733333333,261.15441150848807,1440.0
scanId=139852,2.330733333333,261.1637178275529,1052.0
scanId=139852,2.330733333333,266.1757760816138,1035.0
scanId=139852,2.330733333333,271.13115635595557,1006.0
scanId=139852,2.330733333333,271.1406387696674,2377.0
scanId=139852,2.330733333333,271.15012137927766,2953.0
scanId=139852,2.330733333333,271.15960412461783,2466.0
scanId=139852,2.330733333333,271.1690870658577,1722.0
scanId=139852,2.330733333333,271.17857014282623,1159.0
scanId=139852,2.330733333333,272.98336632897184,1067.0
scanId=139852,2.330733333333,273.1356224279838,2148.0
scanId=139852,2.330733333333,273.14513985870684,14086.0
scanId=139852,2.330733333333,273.1546574250211,39232.0
scanId=139852,2.330733333333,273.1641751873738,53511.0
scanId=139852,2.330733333333,273.1736930853165,46303.0
scanId=139852,2.330733333333,273.1832111792988,32495.0
scanId=139852,2.330733333333,273.1927294088698,21644.0
scanId=139852,2.330733333333,273.20224783448174,14651.0
scanId=139852,2.330733333333,273.211766395681,10038.0
scanId=139852,2.330733333333,273.22128515292263,6812.0
scanId=139852,2.330733333333,273.2308040457503,4508.0
scanId=139852,2.330733333333,273.2403231346215,2930.0
scanId=139852,2.330733333333,273.2498423590774,2030.0
scanId=139852,2.330733333333,273.2593617795784,1455.0
scanId=139852,2.330733333333,274.1453912404443,1306.0
scanId=139852,2.330733333333,274.15492624753864,4057.0
scanId=139852,2.330733333333,274.164461390154,6805.0
scanId=139852,2.330733333333,274.17399672887785,6859.0
scanId=139852,2.330733333333,274.1835322031217,5063.0
scanId=139852,2.330733333333,274.1930678734752,3409.0
scanId=139852,2.330733333333,274.2026036793473,2368.0
scanId=139852,2.330733333333,274.2121396813304,1702.0
scanId=139852,2.330733333333,274.2216758188309,1219.0
scanId=139852,2.330733333333,274.2598220875718,1279.0
scanId=139852,2.330733333333,274.26935908444403,1660.0
scanId=139852,2.330733333333,274.27889621682937,1339.0
scanId=139852,2.330733333333,275.1379185054114,1180.0
scanId=139852,2.330733333333,275.1474707572473,1250.0
scanId=139852,2.330733333333,275.1570231445353,1585.0
scanId=139852,2.330733333333,275.16657572800085,2068.0
scanId=139852,2.330733333333,275.17612844691723,1990.0
scanId=139852,2.330733333333,275.1856813620124,1497.0
scanId=139852,2.330733333333,275.1952344125571,1023.0
scanId=139852,2.330733333333,277.0804222560785,1027.0
scanId=139852,2.330733333333,277.0900081378268,1126.0
scanId=139852,2.330733333333,287.17837575591045,1378.0
scanId=139852,2.330733333333,287.1881347476351,1216.0
scanId=139852,2.330733333333,287.27597329078634,2400.0
scanId=139852,2.330733333333,287.28573394065256,3140.0
scanId=139852,2.330733333333,287.29549478753535,2575.0
scanId=139852,2.330733333333,287.30525576902994,1792.0
scanId=139852,2.330733333333,287.31501694754235,1216.0
scanId=139852,2.330733333333,288.2724152788637,1113.0
scanId=139852,2.330733333333,288.282192841773,1843.0
scanId=139852,2.330733333333,288.2919706017678,1714.0
scanId=139852,2.330733333333,288.30174849630544,1245.0
scanId=139852,2.330733333333,289.1432690832107,2206.0
scanId=139852,2.330733333333,289.15306143490994,4041.0
scanId=139852,2.330733333333,289.16285392109256,4517.0
scanId=139852,2.330733333333,289.1726466044213,3527.0
scanId=139852,2.330733333333,289.18243942223233,2356.0
scanId=139852,2.330733333333,289.19223243719074,1592.0
scanId=139852,2.330733333333,289.20202558663004,1196.0
scanId=139852,2.330733333333,291.11486151285294,1144.0
scanId=139852,2.330733333333,291.124687161865,1125.0
scanId=139852,2.330733333333,291.1639914789901,1036.0
scanId=139852,2.330733333333,293.1325899507177,1015.0
scanId=139852,2.330733333333,301.1432592869032,1729.0
scanId=139852,2.330733333333,301.15325273982614,2491.0
scanId=139852,2.330733333333,301.1632463907202,2489.0
scanId=139852,2.330733333333,301.1732401752715,2032.0
scanId=139852,2.330733333333,301.183234157795,1899.0
scanId=139852,2.330733333333,301.1932282739746,2208.0
scanId=139852,2.330733333333,301.2032225881278,2327.0
scanId=139852,2.330733333333,301.21321703593577,1959.0
scanId=139852,2.330733333333,301.2232116817186,1381.0
scanId=139852,2.330733333333,303.2655833218221,2076.0
scanId=139852,2.330733333333,303.2756119273419,3599.0
scanId=139852,2.330733333333,303.28564073097834,3770.0
scanId=139852,2.330733333333,303.29566966812655,3099.0
scanId=139852,2.330733333333,303.3056988033926,2272.0
scanId=139852,2.330733333333,303.31572807216907,1583.0
scanId=139852,2.330733333333,303.3257575390647,1063.0
scanId=139852,2.330733333333,304.2793114575177,1628.0
scanId=139852,2.330733333333,304.28935684263627,2440.0
scanId=139852,2.330733333333,304.299402361198,2718.0
scanId=139852,2.330733333333,304.3094480779463,2210.0
scanId=139852,2.330733333333,304.3194939281362,1530.0
scanId=139852,2.330733333333,305.13375979072003,1522.0
scanId=139852,2.330733333333,305.1438192376691,3417.0
scanId=139852,2.330733333333,305.15387888286244,4489.0
scanId=139852,2.330733333333,305.1639386614398,3892.0
scanId=139852,2.330733333333,305.17399863826273,2799.0
scanId=139852,2.330733333333,305.1840587484683,2057.0
scanId=139852,2.330733333333,305.194119056921,1427.0
scanId=139852,2.330733333333,306.16067914382006,1100.0
scanId=139852,2.330733333333,306.1707555038106,1046.0
scanId=139852,2.330733333333,313.15279368015877,1220.0
scanId=139852,2.330733333333,313.16298445189915,1610.0
scanId=139852,2.330733333333,313.1731754224322,1571.0
scanId=139852,2.330733333333,313.18336652580086,1314.0
scanId=139852,2.330733333333,313.1935578279636,1043.0
scanId=139852,2.330733333333,315.14313374914605,1098.0
scanId=139852,2.330733333333,315.1533568877546,3719.0
scanId=139852,2.330733333333,315.1635801590639,8064.0
scanId=139852,2.330733333333,315.17380362930226,10279.0
scanId=139852,2.330733333333,315.1840272322397,9106.0
scanId=139852,2.330733333333,315.1942510341077,6639.0
scanId=139852,2.330733333333,315.2044749686734,4566.0
scanId=139852,2.330733333333,315.21469910217104,3177.0
scanId=139852,2.330733333333,315.22492336836507,2209.0
scanId=139852,2.330733333333,315.23514783349236,1482.0
scanId=139852,2.330733333333,316.1662667359655,1043.0
scanId=139852,2.330733333333,316.17650645605636,1354.0
scanId=139852,2.330733333333,316.18674630877825,1091.0
scanId=139852,2.330733333333,317.17054579507493,1059.0
scanId=139852,2.330733333333,317.18080176501854,1870.0
scanId=139852,2.330733333333,317.1910578675245,2430.0
scanId=139852,2.330733333333,317.20131416909777,2218.0
scanId=139852,2.330733333333,317.211570603232,1663.0
scanId=139852,2.330733333333,317.2218272364349,1205.0
scanId=139852,2.330733333333,317.23208400219744,1076.0
scanId=139852,2.330733333333,317.24234096703,1143.0
scanId=139852,2.330733333333,317.25259806442074,1058.0
scanId=139852,2.330733333333,318.22778002687477,1080.0
scanId=139852,2.330733333333,318.23805304242154,1288.0
scanId=139852,2.330733333333,318.24832625710656,1183.0
scanId=139852,2.330733333333,319.0912927616563,1252.0
scanId=139852,2.330733333333,319.1015797055895,3042.0
scanId=139852,2.330733333333,319.1118668487196,4323.0
scanId=139852,2.330733333333,319.122154124281,4036.0
scanId=139852,2.330733333333,319.1324415990408,3175.0
scanId=139852,2.330733333333,319.14272920623046,2418.0
scanId=139852,2.330733333333,319.1530170126199,1847.0
scanId=139852,2.330733333333,319.16330495143774,1385.0
scanId=139852,2.330733333333,319.17359308945686,1074.0
scanId=139852,2.330733333333,320.24446305435225,1196.0
scanId=139852,2.330733333333,320.25476856946716,1383.0
scanId=139852,2.330733333333,320.2650742838574,1094.0
scanId=139852,2.330733333333,325.2517218578512,1283.0
scanId=139852,2.330733333333,325.26210762700026,1633.0
scanId=139852,2.330733333333,325.27249359576473,1457.0
scanId=139852,2.330733333333,325.28287969654195,1092.0
scanId=139852,2.330733333333,329.1684673326303,1150.0
scanId=139852,2.330733333333,329.1789154478874,1896.0
scanId=139852,2.330733333333,329.18936376302537,2423.0
scanId=139852,2.330733333333,329.1998122099106,2301.0
scanId=139852,2.330733333333,329.2102608566782,1784.0
scanId=139852,2.330733333333,329.22070963519167,1596.0
scanId=139852,2.330733333333,329.23115861358895,1706.0
scanId=139852,2.330733333333,329.24160772373057,1587.0
scanId=139852,2.330733333333,329.2520570337575,1160.0
scanId=139852,2.330733333333,331.1775491064618,2678.0
scanId=139852,2.330733333333,331.18802905802903,9350.0
scanId=139852,2.330733333333,331.19850920961284,18858.0
scanId=139852,2.330733333333,331.2089894928083,21690.0
scanId=139852,2.330733333333,331.2194699760218,17285.0
scanId=139852,2.330733333333,331.22995059084536,11820.0
scanId=139852,2.330733333333,331.2404314056886,7945.0
scanId=139852,2.330733333333,331.25091235214035,5503.0
scanId=139852,2.330733333333,331.26139349861324,4111.0
scanId=139852,2.330733333333,331.27187477669327,3063.0
scanId=139852,2.330733333333,331.2823562547958,2066.0
scanId=139852,2.330733333333,331.292837864504,1347.0
scanId=139852,2.330733333333,332.18438221259254,1277.0
scanId=139852,2.330733333333,332.1948780823145,2849.0
scanId=139852,2.330733333333,332.20537415212146,4260.0
scanId=139852,2.330733333333,332.21587035347176,4218.0
scanId=139852,2.330733333333,332.2263667549083,3121.0
scanId=139852,2.330733333333,332.2368632878868,2071.0
scanId=139852,2.330733333333,332.247360020953,1444.0
scanId=139852,2.330733333333,332.25785688555976,1072.0
scanId=139852,2.330733333333,333.17172035221336,1075.0
scanId=139852,2.330733333333,333.182231808462,1731.0
scanId=139852,2.330733333333,333.1927434648622,2262.0
scanId=139852,2.330733333333,333.2032552527392,2343.0
scanId=139852,2.330733333333,333.213767240769,1995.0
scanId=139852,2.330733333333,333.2242793602743,1466.0
scanId=139852,2.330733333333,335.1718775002555,1028.0
scanId=139852,2.330733333333,339.1901495031172,1127.0
scanId=139852,2.330733333333,339.2007554734092,1428.0
scanId=139852,2.330733333333,339.21136164425843,1205.0
scanId=139852,2.330733333333,345.16615470091045,1219.0
scanId=139852,2.330733333333,345.1768537280603,1586.0
scanId=139852,2.330733333333,345.18755288588073,1671.0
scanId=139852,2.330733333333,345.1982522446602,1409.0
scanId=139852,2.330733333333,345.2089517341087,1045.0
scanId=139852,2.330733333333,347.1804831882003,1043.0
scanId=139852,2.330733333333,347.19121338853694,1193.0
scanId=139852,2.330733333333,347.201943719409,1097.0
scanId=139852,2.330733333333,348.96396434499246,1536.0
scanId=139852,2.330733333333,348.97472207058956,3899.0
scanId=139852,2.330733333333,348.9854799266029,5266.0
scanId=139852,2.330733333333,348.99623798382964,4573.0
scanId=139852,2.330733333333,349.00699617147126,3260.0
scanId=139852,2.330733333333,349.0177545603276,2211.0
scanId=139852,2.330733333333,349.0285130795974,1515.0
scanId=139852,2.330733333333,349.03927180008344,1046.0
scanId=139852,2.330733333333,349.15762845676915,1411.0
scanId=139852,2.330733333333,349.168389167033,3184.0
scanId=139852,2.330733333333,349.17915000770023,4195.0
scanId=139852,2.330733333333,349.1899110495938,3761.0
scanId=139852,2.330733333333,349.20067222188925,2851.0
scanId=139852,2.330733333333,349.2114335954124,2071.0
scanId=139852,2.330733333333,349.2221950993361,1486.0
scanId=139852,2.330733333333,349.2329568044889,1004.0
scanId=139852,2.330733333333,350.180634629126,1005.0
scanId=139852,2.330733333333,350.9677508518515,3062.0
scanId=139852,2.330733333333,350.97853941900576,4933.0
scanId=139852,2.330733333333,350.9893281164421,5008.0
scanId=139852,2.330733333333,351.000117015226,3887.0
scanId=139852,2.330733333333,351.01090604429055,2638.0
scanId=139852,2.330733333333,351.0216952747041,1731.0
scanId=139852,2.330733333333,351.0324846353968,1158.0
scanId=139852,2.330733333333,351.14038753979605,1064.0
scanId=139852,2.330733333333,351.1511787599874,1635.0
scanId=139852,2.330733333333,351.1619701104494,1864.0
scanId=139852,2.330733333333,351.17276166227043,1817.0
scanId=139852,2.330733333333,351.18355334436063,1432.0
scanId=139852,2.330733333333,351.1943452278113,1103.0
scanId=139852,2.330733333333,352.966454668623,1312.0
scanId=139852,2.330733333333,352.97727387585405,2122.0
scanId=139852,2.330733333333,352.9880932845652,2035.0
scanId=139852,2.330733333333,352.9989128234246,1514.0
scanId=139852,2.330733333333,353.00973256376534,1121.0
scanId=139852,2.330733333333,357.1332304254146,1237.0
scanId=139852,2.330733333333,357.1441133052602,1701.0
scanId=139852,2.330733333333,357.1549963868633,1528.0
scanId=139852,2.330733333333,357.165879598337,1271.0
scanId=139852,2.330733333333,357.1767630115698,1261.0
scanId=139852,2.330733333333,357.18764655467174,1332.0
scanId=139852,2.330733333333,357.1985302995341,1596.0
scanId=139852,2.330733333333,357.2094141742643,2021.0
scanId=139852,2.330733333333,357.2202982507563,2171.0
scanId=139852,2.330733333333,357.2311824571145,1889.0
scanId=139852,2.330733333333,357.2420668652363,1514.0
scanId=139852,2.330733333333,357.25295140322277,1136.0
scanId=139852,2.330733333333,359.1930439545133,1317.0
scanId=139852,2.330733333333,359.2039582093032,1665.0
scanId=139852,2.330733333333,359.2148725938274,1562.0
scanId=139852,2.330733333333,359.2257871802469,1308.0
scanId=139852,2.330733333333,359.23670189639927,1022.0
scanId=139852,2.330733333333,360.2087773445771,1039.0
scanId=139852,2.330733333333,361.1931106060338,1022.0
scanId=139852,2.330733333333,361.2040551687237,1548.0
scanId=139852,2.330733333333,361.2149999334408,2106.0
scanId=139852,2.330733333333,361.225944827759,1925.0
scanId=139852,2.330733333333,361.23688992410575,1440.0
scanId=139852,2.330733333333,361.2478351500522,1000.0
scanId=139852,2.330733333333,363.15483214056377,1013.0
scanId=139852,2.330733333333,363.1658064203195,1237.0
scanId=139852,2.330733333333,363.1767808295467,1055.0
scanId=139852,2.330733333333,368.41943252359806,1614.0
scanId=139852,2.330733333333,368.43048606283907,1650.0
scanId=139852,2.330733333333,368.4415397312036,1205.0
scanId=139852,2.330733333333,371.14359548259387,1610.0
scanId=139852,2.330733333333,371.1546898122812,2676.0
scanId=139852,2.330733333333,371.16578427091275,2601.0
scanId=139852,2.330733333333,371.1768789322297,2163.0
scanId=139852,2.330733333333,371.1879737224894,1923.0
scanId=139852,2.330733333333,371.19906871543606,1561.0
scanId=139852,2.330733333333,371.210163837324,1334.0
scanId=139852,2.330733333333,371.22125916190026,1311.0
scanId=139852,2.330733333333,371.2323546154163,1203.0
scanId=139852,2.330733333333,373.1877404052044,1384.0
scanId=139852,2.330733333333,373.19886524481916,3537.0
scanId=139852,2.330733333333,373.2099902132436,6013.0
scanId=139852,2.330733333333,373.22111538448803,6184.0
scanId=139852,2.330733333333,373.2322406845406,4579.0
scanId=139852,2.330733333333,373.24336618741455,3071.0
scanId=139852,2.330733333333,373.2544918190955,2020.0
scanId=139852,2.330733333333,373.26561765359907,1305.0
scanId=139852,2.330733333333,374.20077815516726,1032.0
scanId=139852,2.330733333333,374.2119180468599,1701.0
scanId=139852,2.330733333333,374.22305814143823,1778.0
scanId=139852,2.330733333333,374.23419836475927,1353.0
scanId=139852,2.330733333333,379.26413322235624,1004.0
scanId=139852,2.330733333333,379.2753482652344,1078.0
scanId=139852,2.330733333333,385.16352678263723,1277.0
scanId=139852,2.330733333333,385.1748287124827,1253.0
scanId=139852,2.330733333333,385.18613077035496,1089.0
scanId=139852,2.330733333333,385.28785694179743,1062.0
scanId=139852,2.330733333333,387.18921045202063,1007.0
scanId=139852,2.330733333333,387.2005420248005,1081.0
scanId=139852,2.330733333333,387.211873801314,1292.0
scanId=139852,2.330733333333,387.223205705722,1587.0
scanId=139852,2.330733333333,387.2345378138652,1593.0
scanId=139852,2.330733333333,387.2458700499014,1308.0
scanId=139852,2.330733333333,389.20884585675117,1192.0
scanId=139852,2.330733333333,389.2202069444385,2508.0
scanId=139852,2.330733333333,389.23156823599044,5814.0
scanId=139852,2.330733333333,389.24292965530594,8473.0
scanId=139852,2.330733333333,389.2542912784876,8095.0
scanId=139852,2.330733333333,389.26565302943123,6192.0
scanId=139852,2.330733333333,389.2770149842424,4487.0
scanId=139852,2.330733333333,389.28837706681435,3279.0
scanId=139852,2.330733333333,389.2997393532552,2272.0
scanId=139852,2.330733333333,389.31110176745534,1521.0
scanId=139852,2.330733333333,389.3224643855258,1004.0
scanId=139852,2.330733333333,390.2433855587151,1548.0
scanId=139852,2.330733333333,390.25476177360116,1916.0
scanId=139852,2.330733333333,390.26613811618444,1636.0
scanId=139852,2.330733333333,390.2775146627001,1247.0
scanId=139852,2.330733333333,390.28889133691155,1075.0
scanId=139852,2.330733333333,391.1995640374078,1085.0
scanId=139852,2.330733333333,391.21095418073884,1149.0
scanId=139852,2.330733333333,391.2223444517054,1086.0
scanId=139852,2.330733333333,391.23373492666616,1028.0
scanId=139852,2.330733333333,393.1839413288022,1469.0
scanId=139852,2.330733333333,393.1953603239123,3030.0
scanId=139852,2.330733333333,393.20677944653,3834.0
scanId=139852,2.330733333333,393.2181987732698,3462.0
scanId=139852,2.330733333333,393.2296182275157,2744.0
scanId=139852,2.330733333333,393.24103788588513,2121.0
scanId=139852,2.330733333333,393.252457671759,1594.0
scanId=139852,2.330733333333,393.2638776617582,1195.0
scanId=139852,2.330733333333,399.3973365202538,1851.0
scanId=139852,2.330733333333,399.40884538699805,2284.0
scanId=139852,2.330733333333,399.42035438084974,2025.0
scanId=139852,2.330733333333,399.43186357922366,1431.0
scanId=139852,2.330733333333,400.35313513965633,1006.0
scanId=139852,2.330733333333,400.3646577302632,1147.0
scanId=139852,2.330733333333,400.3761805254524,1264.0
scanId=139852,2.330733333333,400.3877034476874,1245.0
scanId=139852,2.330733333333,400.39922657450626,1051.0
scanId=139852,2.330733333333,401.27546791259283,1263.0
scanId=139852,2.330733333333,401.2870037683262,1419.0
scanId=139852,2.330733333333,401.2985398287014,1094.0
scanId=139852,2.330733333333,402.3259115417175,1293.0
scanId=139852,2.330733333333,402.3374625254267,3212.0
scanId=139852,2.330733333333,402.34901363605593,5160.0
scanId=139852,2.330733333333,402.3605649513947,5352.0
scanId=139852,2.330733333333,402.3721163936522,4044.0
scanId=139852,2.330733333333,402.38366804062053,2735.0
scanId=139852,2.330733333333,402.3952198145063,1834.0
scanId=139852,2.330733333333,402.40677179310427,1228.0
scanId=139852,2.330733333333,409.12319802563377,1418.0
scanId=139852,2.330733333333,409.1348461768291,6025.0
scanId=139852,2.330733333333,409.1464944545116,13826.0
scanId=139852,2.330733333333,409.15814293733655,18139.0
scanId=139852,2.330733333333,409.1697915466472,15943.0
scanId=139852,2.330733333333,409.18144036110186,11632.0
scanId=139852,2.330733333333,409.1930893020407,8124.0
scanId=139852,2.330733333333,409.20473844812483,5656.0
scanId=139852,2.330733333333,409.21638772069196,3894.0
scanId=139852,2.330733333333,409.22803719840573,2673.0
scanId=139852,2.330733333333,409.23968680260106,1876.0
scanId=139852,2.330733333333,409.25133661194445,1357.0
scanId=139852,2.330733333333,410.13720580045464,1542.0
scanId=139852,2.330733333333,410.14886833814836,3589.0
scanId=139852,2.330733333333,410.1605310810481,4923.0
scanId=139852,2.330733333333,410.17219395036994,4575.0
scanId=139852,2.330733333333,410.18385702489934,3513.0
scanId=139852,2.330733333333,410.1955202258494,2474.0
scanId=139852,2.330733333333,410.2071836320084,1671.0
scanId=139852,2.330733333333,410.2188471645866,1143.0
scanId=139852,2.330733333333,411.1641455884558,1114.0
scanId=139852,2.330733333333,411.1758227177889,1200.0
scanId=139852,2.330733333333,415.3786341805138,2035.0
scanId=139852,2.330733333333,415.390371002917,4890.0
scanId=139852,2.330733333333,415.4021080308573,6889.0
scanId=139852,2.330733333333,415.41384518488866,6206.0
scanId=139852,2.330733333333,415.4255825444586,4395.0
scanId=139852,2.330733333333,415.43732003011814,2919.0
scanId=139852,2.330733333333,415.4490577213176,1922.0
scanId=139852,2.330733333333,415.46079553860545,1262.0
scanId=139852,2.330733333333,416.38860866708904,1347.0
scanId=139852,2.330733333333,416.4003597495034,1897.0
scanId=139852,2.330733333333,416.4121110375185,2070.0
scanId=139852,2.330733333333,416.42386245156104,1675.0
scanId=139852,2.330733333333,416.43561407120575,1152.0
scanId=139852,2.330733333333,419.2372107407742,1173.0
scanId=139852,2.330733333333,419.24900195019694,1320.0
scanId=139852,2.330733333333,419.26079336539897,1244.0
scanId=139852,2.330733333333,419.27258490644994,1034.0
scanId=139852,2.330733333333,425.1178893612456,1530.0
scanId=139852,2.330733333333,425.12976302059985,2414.0
scanId=139852,2.330733333333,425.14163680543635,2411.0
scanId=139852,2.330733333333,425.1535107964201,2061.0
scanId=139852,2.330733333333,425.165384912885,1561.0
scanId=139852,2.330733333333,425.1772592354984,1124.0
scanId=139852,2.330733333333,425.18913368359136,1187.0
scanId=139852,2.330733333333,425.2010083378344,1625.0
scanId=139852,2.330733333333,425.2128831175555,1745.0
scanId=139852,2.330733333333,425.22475810342826,1386.0
scanId=139852,2.330733333333,425.23663321477756,1057.0
scanId=139852,2.330733333333,429.3076537091598,1276.0
scanId=139852,2.330733333333,429.31958573533166,1486.0
scanId=139852,2.330733333333,429.3315178867259,1216.0
scanId=139852,2.330733333333,429.36731541698106,1020.0
scanId=139852,2.330733333333,430.3702515818391,2286.0
scanId=139852,2.330733333333,430.38219832487283,3327.0
scanId=139852,2.330733333333,430.3941452743788,3183.0
scanId=139852,2.330733333333,430.4060923490407,2376.0
scanId=139852,2.330733333333,430.4180396301762,1596.0
scanId=139852,2.330733333333,430.4299870364664,1117.0
scanId=139852,2.330733333333,437.1706731410214,1081.0
scanId=139852,2.330733333333,437.18271394171677,1696.0
scanId=139852,2.330733333333,437.1947548671513,1883.0
scanId=139852,2.330733333333,437.20679599947647,2020.0
scanId=139852,2.330733333333,437.21883725653913,2733.0
scanId=139852,2.330733333333,437.230878720494,3298.0
scanId=139852,2.330733333333,437.2429203091848,2964.0
scanId=139852,2.330733333333,437.25496210476933,2357.0
scanId=139852,2.330733333333,437.26700402508834,1968.0
scanId=139852,2.330733333333,437.2790461523025,1658.0
scanId=139852,2.330733333333,437.2910884042497,1285.0
scanId=139852,2.330733333333,437.3633455212806,1496.0
scanId=139852,2.330733333333,437.3753889750132,2345.0
scanId=139852,2.330733333333,437.3874325534732,2512.0
scanId=139852,2.330733333333,437.3994763388355,2013.0
scanId=139852,2.330733333333,437.4115202489235,1341.0
scanId=139852,2.330733333333,438.23089653264,1217.0
scanId=139852,2.330733333333,438.2429519250398,1489.0
scanId=139852,2.330733333333,438.25500744211405,1397.0
scanId=139852,2.330733333333,438.26706316614354,1256.0
scanId=139852,2.330733333333,438.27911901484583,1180.0
scanId=139852,2.330733333333,443.32086774968366,1321.0
scanId=139852,2.330733333333,443.33299290867456,1717.0
scanId=139852,2.330733333333,443.3451182749296,1382.0
scanId=139852,2.330733333333,445.28730924995864,1005.0
scanId=139852,2.330733333333,447.25810238481375,1222.0
scanId=139852,2.330733333333,447.2702812675696,3126.0
scanId=139852,2.330733333333,447.28246035782723,5138.0
scanId=139852,2.330733333333,447.2946395722113,5655.0
scanId=139852,2.330733333333,447.30681899409853,4629.0
scanId=139852,2.330733333333,447.3189985401108,3301.0
scanId=139852,2.330733333333,447.33117829362766,2309.0
scanId=139852,2.330733333333,447.34335817126805,1574.0
scanId=139852,2.330733333333,447.3555382564146,1036.0
scanId=139852,2.330733333333,448.2817083163665,1126.0
scanId=139852,2.330733333333,448.2939011275058,1333.0
scanId=139852,2.330733333333,448.3060941462087,1253.0
scanId=139852,2.330733333333,451.2372089790832,1091.0
scanId=139852,2.330733333333,451.2494419172326,1141.0
scanId=139852,2.330733333333,451.2616750631224,1013.0
scanId=139852,2.330733333333,473.3119966922618,1081.0
scanId=139852,2.330733333333,473.3245253201657,1915.0
scanId=139852,2.330733333333,473.3370540706641,2487.0
scanId=139852,2.330733333333,473.34958303019766,2451.0
scanId=139852,2.330733333333,473.36211211232416,1891.0
scanId=139852,2.330733333333,473.37464140348754,1225.0
scanId=139852,2.330733333333,474.33989307819695,1081.0
scanId=139852,2.330733333333,474.3524353029165,1095.0
scanId=139852,2.330733333333,475.28101846599486,1009.0
scanId=139852,2.330733333333,475.2935730834935,1689.0
scanId=139852,2.330733333333,475.3061279101395,2887.0
scanId=139852,2.330733333333,475.3186828592664,3575.0
scanId=139852,2.330733333333,475.331238017542,3305.0
scanId=139852,2.330733333333,475.3437932982971,2555.0
scanId=139852,2.330733333333,475.3563487882023,1854.0
scanId=139852,2.330733333333,475.3689044005857,1303.0
scanId=139852,2.330733333333,476.3236177616217,1171.0
scanId=139852,2.330733333333,476.33618618508325,1121.0
scanId=139852,2.330733333333,481.2378723063076,1661.0
scanId=139852,2.330733333333,481.25050539755006,3031.0
scanId=139852,2.330733333333,481.2631386109355,3587.0
scanId=139852,2.330733333333,481.2757720338076,3254.0
scanId=139852,2.330733333333,481.28840557882125,2691.0
scanId=139852,2.330733333333,481.301039333323,2102.0
scanId=139852,2.330733333333,481.3136732099649,1574.0
scanId=139852,2.330733333333,481.3263072960961,1180.0
scanId=139852,2.330733333333,482.274334667501,1360.0
scanId=139852,2.330733333333,482.28698135555874,1276.0
scanId=139852,2.330733333333,487.34623313918723,1264.0
scanId=139852,2.330733333333,487.3589461531742,1424.0
scanId=139852,2.330733333333,487.3716592889619,1384.0
scanId=139852,2.330733333333,487.3843726345785,1330.0
scanId=139852,2.330733333333,487.3970861019944,1194.0
scanId=139852,2.330733333333,488.47833877691346,1208.0
scanId=139852,2.330733333333,488.4910665043433,1539.0
scanId=139852,2.330733333333,488.5037944416643,1344.0
scanId=139852,2.330733333333,488.5165225007224,1010.0
scanId=139852,2.330733333333,501.39206572793955,1242.0
scanId=139852,2.330733333333,501.404960596005,1300.0
scanId=139852,2.330733333333,501.4178556746672,1061.0
scanId=139852,2.330733333333,505.3068040235342,1421.0
scanId=139852,2.330733333333,505.31974917827284,1885.0
scanId=139852,2.330733333333,505.33269445383416,1805.0
scanId=139852,2.330733333333,505.3456399402025,1429.0
scanId=139852,2.330733333333,515.2321427143586,1004.0
scanId=139852,2.330733333333,515.2452143402943,1548.0
scanId=139852,2.330733333333,515.2582861775577,1478.0
scanId=139852,2.330733333333,515.2713581351217,1159.0
scanId=139852,2.330733333333,515.4020870581273,1939.0
scanId=139852,2.330733333333,515.4151608851686,3129.0
scanId=139852,2.330733333333,515.4282348325023,3170.0
scanId=139852,2.330733333333,515.4413089911732,2397.0
scanId=139852,2.330733333333,515.4543832701353,1667.0
scanId=139852,2.330733333333,515.4674577604358,1191.0
scanId=139852,2.330733333333,516.4223417328836,1103.0
scanId=139852,2.330733333333,516.4354284934809,1060.0
scanId=139852,2.330733333333,516.5008646469614,2076.0
scanId=139852,2.330733333333,516.5139524024476,4093.0
scanId=139852,2.330733333333,516.5270402781698,4933.0
scanId=139852,2.330733333333,516.5401283652857,4101.0
scanId=139852,2.330733333333,516.553216572636,2863.0
scanId=139852,2.330733333333,516.5663049913817,1968.0
scanId=139852,2.330733333333,516.5793935303603,1332.0
scanId=139852,2.330733333333,517.3650106770325,1208.0
scanId=139852,2.330733333333,517.378109376297,1076.0
scanId=139852,2.330733333333,517.5222057382246,1344.0
scanId=139852,2.330733333333,517.5353064272672,1352.0
scanId=139852,2.330733333333,517.5484072364927,1004.0
scanId=139852,2.330733333333,518.3609826587465,1001.0
scanId=139852,2.330733333333,523.2761664894529,1046.0
scanId=139852,2.330733333333,523.2893398053876,2633.0
scanId=139852,2.330733333333,523.3025132412124,5200.0
scanId=139852,2.330733333333,523.3156868887768,6926.0
scanId=139852,2.330733333333,523.3288606562301,6660.0
scanId=139852,2.330733333333,523.342034635424,5064.0
scanId=139852,2.330733333333,523.3552087345054,3501.0
scanId=139852,2.330733333333,523.3683830453292,2339.0
scanId=139852,2.330733333333,523.3815574760388,1617.0
scanId=139852,2.330733333333,523.3947321184922,1071.0
scanId=139852,2.330733333333,524.3041812822252,1078.0
scanId=139852,2.330733333333,524.3173675317163,1718.0
scanId=139852,2.330733333333,524.3305539010453,1804.0
scanId=139852,2.330733333333,524.3437404821659,1397.0
scanId=139852,2.330733333333,524.3569271831233,1079.0
scanId=139852,2.330733333333,525.2672116004231,1862.0
scanId=139852,2.330733333333,525.2804099083716,2386.0
scanId=139852,2.330733333333,525.2936084281595,2411.0
scanId=139852,2.330733333333,525.3068070677364,2082.0
scanId=139852,2.330733333333,525.320005919154,1648.0
scanId=139852,2.330733333333,525.3332048903591,1260.0
scanId=139852,2.330733333333,529.3931355161586,1100.0
scanId=139852,2.330733333333,529.4063855581262,1488.0
scanId=139852,2.330733333333,529.4196358121386,1733.0
scanId=139852,2.330733333333,529.4328861857344,1701.0
scanId=139852,2.330733333333,529.4461367713766,1482.0
scanId=139852,2.330733333333,529.4593874766008,1338.0
scanId=139852,2.330733333333,529.4726383938726,1601.0
scanId=139852,2.330733333333,529.4858894307249,2280.0
scanId=139852,2.330733333333,529.4991406796265,2440.0
scanId=139852,2.330733333333,529.5123920481072,2110.0
scanId=139852,2.330733333333,529.5256436286385,1544.0
scanId=139852,2.330733333333,529.5388953287476,1094.0
scanId=139852,2.330733333333,530.4801915228825,1274.0
scanId=139852,2.330733333333,530.4934551616115,1477.0
scanId=139852,2.330733333333,530.5067190124396,1271.0
scanId=139852,2.330733333333,533.508597377081,1773.0
scanId=139852,2.330733333333,533.5218988214409,2300.0
scanId=139852,2.330733333333,533.5352004780486,2074.0
scanId=139852,2.330733333333,533.5485022540369,1560.0
scanId=139852,2.330733333333,533.5618042422742,1055.0
scanId=139852,2.330733333333,534.5066675573145,1000.0
scanId=139852,2.330733333333,534.5199814842191,1679.0
scanId=139852,2.330733333333,534.5332955304563,1723.0
scanId=139852,2.330733333333,534.5466097889905,1281.0
scanId=139852,2.330733333333,537.3596220195798,1295.0
scanId=139852,2.330733333333,537.3729714308564,2634.0
scanId=139852,2.330733333333,537.3863209613274,3505.0
scanId=139852,2.330733333333,537.3996707042337,3402.0
scanId=139852,2.330733333333,537.4130205663329,2643.0
scanId=139852,2.330733333333,537.4263706408688,1825.0
scanId=139852,2.330733333333,537.4397208345966,1324.0
scanId=139852,2.330733333333,538.3880100895689,1343.0
scanId=139852,2.330733333333,538.4013722219177,1366.0
scanId=139852,2.330733333333,538.4147345667503,1034.0
scanId=139852,2.330733333333,539.2836411128698,1073.0
scanId=139852,2.330733333333,539.2970144014809,1064.0
scanId=139852,2.330733333333,543.4372950275153,1463.0
scanId=139852,2.330733333333,543.4507197187213,1837.0
scanId=139852,2.330733333333,543.4641445288322,1877.0
scanId=139852,2.330733333333,543.4775695516679,2593.0
scanId=139852,2.330733333333,543.490994693407,4675.0
scanId=139852,2.330733333333,543.5044200478723,6374.0
scanId=139852,2.330733333333,543.5178455212398,6271.0
scanId=139852,2.330733333333,543.531271207335,4904.0
scanId=139852,2.330733333333,543.5446970123306,3454.0
scanId=139852,2.330733333333,543.5581230300554,2376.0
scanId=139852,2.330733333333,543.5715491666796,1606.0
scanId=139852,2.330733333333,543.584975516034,1042.0
scanId=139852,2.330733333333,544.4983546778305,1517.0
scanId=139852,2.330733333333,544.5117924214481,1932.0
scanId=139852,2.330733333333,544.5252303778401,1919.0
scanId=139852,2.330733333333,544.5386684530861,1862.0
scanId=139852,2.330733333333,544.5521067411077,1809.0
scanId=139852,2.330733333333,544.565545147982,1540.0
scanId=139852,2.330733333333,544.5789837676333,1144.0
scanId=139852,2.330733333333,545.5066473218976,1015.0
scanId=139852,2.330733333333,550.6026389071751,1080.0
scanId=139852,2.330733333333,550.6161518118669,1522.0
scanId=139852,2.330733333333,550.6296648351299,1538.0
scanId=139852,2.330733333333,550.6431780714513,1201.0
scanId=139852,2.330733333333,555.2879923967423,1021.0
scanId=139852,2.330733333333,555.4644186416074,1468.0
scanId=139852,2.330733333333,555.4779910263569,6220.0
scanId=139852,2.330733333333,555.4915636243848,15865.0
scanId=139852,2.330733333333,555.5051363407626,23715.0
scanId=139852,2.330733333333,555.5187092704202,23076.0
scanId=139852,2.330733333333,555.5322823184265,17264.0
scanId=139852,2.330733333333,555.5458555797137,11676.0
scanId=139852,2.330733333333,555.5594289593483,7843.0
scanId=139852,2.330733333333,555.5730025522653,5322.0
scanId=139852,2.330733333333,555.5865762635283,3607.0
scanId=139852,2.330733333333,555.600150188075,2266.0
scanId=139852,2.330733333333,555.6137242309663,1453.0
scanId=139852,2.330733333333,556.4692247342449,1283.0
scanId=139852,2.330733333333,556.4828093892461,3626.0
scanId=139852,2.330733333333,556.4963942575708,7886.0
scanId=139852,2.330733333333,556.5099792442006,10797.0
scanId=139852,2.330733333333,556.523564444155,9823.0
scanId=139852,2.330733333333,556.5371497624129,7055.0
scanId=139852,2.330733333333,556.5507352939971,4669.0
scanId=139852,2.330733333333,556.5643209438837,3219.0
scanId=139852,2.330733333333,556.5779068070975,2268.0
scanId=139852,2.330733333333,556.5914927886122,1524.0
scanId=139852,2.330733333333,557.4749388271857,1091.0
scanId=139852,2.330733333333,557.4885357524389,1518.0
scanId=139852,2.330733333333,557.5021328910606,2028.0
scanId=139852,2.330733333333,557.515730147942,2313.0
scanId=139852,2.330733333333,557.5293276181934,2027.0
scanId=139852,2.330733333333,557.5429252067033,1418.0
scanId=139852,2.330733333333,561.3704240206065,1076.0
scanId=139852,2.330733333333,561.3840683687266,1441.0
scanId=139852,2.330733333333,561.3977129303876,1378.0
scanId=139852,2.330733333333,561.4113576101361,1087.0
scanId=139852,2.330733333333,569.2845210966622,1072.0
scanId=139852,2.330733333333,569.2982612854087,1674.0
scanId=139852,2.330733333333,569.3120016880374,1831.0
scanId=139852,2.330733333333,569.3257422084124,1488.0
scanId=139852,2.330733333333,569.3394829426707,1025.0
scanId=139852,2.330733333333,571.4575313136065,1942.0
scanId=139852,2.330733333333,571.4712977010036,3032.0
scanId=139852,2.330733333333,571.4850643023742,3272.0
scanId=139852,2.330733333333,571.4988310213998,2710.0
scanId=139852,2.330733333333,571.5125979544001,1974.0
scanId=139852,2.330733333333,571.5263650050542,1411.0
scanId=139852,2.330733333333,571.540132269684,1030.0
scanId=139852,2.330733333333,572.4766936279333,1277.0
scanId=139852,2.330733333333,572.4904722855847,1306.0
scanId=139852,2.330733333333,572.5042511572523,1136.0
scanId=139852,2.330733333333,575.4014827673277,1068.0
scanId=139852,2.330733333333,575.4152965776004,1062.0
scanId=139852,2.330733333333,576.4103284174458,1283.0
scanId=139852,2.330733333333,576.4241543805231,1150.0
scanId=139852,2.330733333333,577.3231960567201,1251.0
scanId=139852,2.330733333333,577.3370329635757,2468.0
scanId=139852,2.330733333333,577.3508699878446,3767.0
scanId=139852,2.330733333333,577.3647072263298,4180.0
scanId=139852,2.330733333333,577.3785445822272,3422.0
scanId=139852,2.330733333333,577.392382152342,2514.0
scanId=139852,2.330733333333,577.4062198398678,1721.0
scanId=139852,2.330733333333,577.4200577416123,1148.0
scanId=139852,2.330733333333,578.3475732382612,1417.0
scanId=139852,2.330733333333,578.3614224154136,2104.0
scanId=139852,2.330733333333,578.3752717099378,2108.0
scanId=139852,2.330733333333,578.3891212187199,1617.0
scanId=139852,2.330733333333,578.4029708448726,1154.0
scanId=139852,2.330733333333,581.3567254782221,1044.0
scanId=139852,2.330733333333,581.3706105886276,1036.0
scanId=139852,2.330733333333,581.4955842867508,1593.0
scanId=139852,2.330733333333,581.5094710552994,3493.0
scanId=139852,2.330733333333,581.5233580382312,4399.0
scanId=139852,2.330733333333,581.5372451384081,3843.0
scanId=139852,2.330733333333,581.5511324529697,2849.0
scanId=139852,2.330733333333,581.5650198847751,1913.0
scanId=139852,2.330733333333,581.5789075309664,1227.0
scanId=139852,2.330733333333,582.5097558998766,1599.0
scanId=139852,2.330733333333,582.5236548214757,2285.0
scanId=139852,2.330733333333,582.5375538602801,2259.0
scanId=139852,2.330733333333,582.551453113509,1657.0
scanId=139852,2.330733333333,582.565352483942,1116.0
scanId=139852,2.330733333333,588.5015756415623,1116.0
scanId=139852,2.330733333333,588.5155458635354,1114.0
scanId=139852,2.330733333333,600.4642960449132,1000.0
scanId=139852,2.330733333333,605.413438215814,1148.0
scanId=139852,2.330733333333,605.427607747204,1247.0
scanId=139852,2.330733333333,605.44177739495,1142.0
scanId=139852,2.330733333333,609.3731610541802,1070.0
scanId=139852,2.330733333333,609.3873767983126,1058.0
scanId=139852,2.330733333333,613.3030059421629,1119.0
scanId=139852,2.330733333333,613.3172674510568,1778.0
scanId=139852,2.330733333333,613.331529175488,2302.0
scanId=139852,2.330733333333,613.3457910160104,2142.0
scanId=139852,2.330733333333,613.3600530720712,1630.0
scanId=139852,2.330733333333,613.3743152442225,1162.0
scanId=139852,2.330733333333,617.3599449538434,1093.0
scanId=139852,2.330733333333,617.3742535540165,1925.0
scanId=139852,2.330733333333,617.3885623698573,2595.0
scanId=139852,2.330733333333,617.4028713016592,2484.0
scanId=139852,2.330733333333,617.4171804491297,2006.0
scanId=139852,2.330733333333,617.4314897125604,1541.0
scanId=139852,2.330733333333,617.4457991916605,1230.0
scanId=139852,2.330733333333,617.4601087867198,1055.0
scanId=139852,2.330733333333,618.3762693602537,1395.0
scanId=139852,2.330733333333,618.3905897831323,1488.0
scanId=139852,2.330733333333,618.4049103219401,1164.0
scanId=139852,2.330733333333,619.407761833752,1014.0
scanId=139852,2.330733333333,619.4220941952977,1202.0
scanId=139852,2.330733333333,619.4364266727407,1309.0
scanId=139852,2.330733333333,619.450759365916,1156.0
scanId=139852,2.330733333333,620.4401138901358,1004.0
scanId=139852,2.330733333333,625.3123229054362,1488.0
scanId=139852,2.330733333333,625.3267233667776,3475.0
scanId=139852,2.330733333333,625.3411240440303,5326.0
scanId=139852,2.330733333333,625.3555248370003,5634.0
scanId=139852,2.330733333333,625.3699258458827,4573.0
scanId=139852,2.330733333333,625.3843269704817,3287.0
scanId=139852,2.330733333333,625.3987283109936,2368.0
scanId=139852,2.330733333333,625.4131297672214,1662.0
scanId=139852,2.330733333333,625.427531439363,1112.0
scanId=139852,2.330733333333,626.3207573949985,1083.0
scanId=139852,2.330733333333,626.3351694633476,1663.0
scanId=139852,2.330733333333,626.3495817476379,1931.0
scanId=139852,2.330733333333,626.3639941476159,1829.0
scanId=139852,2.330733333333,626.3784067635357,1487.0
scanId=139852,2.330733333333,626.3928194951426,1108.0
scanId=139852,2.330733333333,627.3300043761548,1027.0
scanId=139852,2.330733333333,627.344428051512,1296.0
scanId=139852,2.330733333333,627.3588519428399,1200.0
scanId=139852,2.330733333333,635.3896812236228,1103.0
scanId=139852,2.330733333333,635.4041973079921,1428.0
scanId=139852,2.330733333333,635.4187135077939,1469.0
scanId=139852,2.330733333333,635.4332299237927,1217.0
scanId=139852,2.330733333333,639.3441605840443,1611.0
scanId=139852,2.330733333333,639.3587217700453,1985.0
scanId=139852,2.330733333333,639.373283071374,2056.0
scanId=139852,2.330733333333,639.3878445890048,1669.0
scanId=139852,2.330733333333,639.4024062219621,1224.0
scanId=139852,2.330733333333,646.5722085110714,1070.0
scanId=139852,2.330733333333,646.5868517247421,1121.0
scanId=139852,2.330733333333,647.304573584245,1700.0
scanId=139852,2.330733333333,647.3192250886392,2187.0
scanId=139852,2.330733333333,647.3338768095336,2273.0
scanId=139852,2.330733333333,647.3485286455567,2039.0
scanId=139852,2.330733333333,647.3631806980807,1693.0
scanId=139852,2.330733333333,647.3778328657329,1324.0
scanId=139852,2.330733333333,647.3924852498865,1035.0
scanId=139852,2.330733333333,648.330581108211,1142.0
scanId=139852,2.330733333333,648.3452442196185,1197.0
scanId=139852,2.330733333333,649.4307764756818,1433.0
scanId=139852,2.330733333333,649.4454520739106,1522.0
scanId=139852,2.330733333333,649.4601277872188,1376.0
scanId=139852,2.330733333333,649.4748037170772,1127.0
scanId=139852,2.330733333333,657.3501870996528,1111.0
scanId=139852,2.330733333333,657.3649519062561,1323.0
scanId=139852,2.330733333333,657.3797168277638,1317.0
scanId=139852,2.330733333333,657.3944819659968,1315.0
scanId=139852,2.330733333333,657.4092472191334,1171.0
scanId=139852,2.330733333333,661.535236692871,1333.0
scanId=139852,2.330733333333,661.5500483740733,1470.0
scanId=139852,2.330733333333,661.5648602720863,1203.0
scanId=139852,2.330733333333,663.4176501015431,1298.0
scanId=139852,2.330733333333,663.4324828922239,2863.0
scanId=139852,2.330733333333,663.4473157976865,4081.0
scanId=139852,2.330733333333,663.4621489199969,4083.0
scanId=139852,2.330733333333,663.4769821570889,3364.0
scanId=139852,2.330733333333,663.4918156110289,2497.0
scanId=139852,2.330733333333,663.5066491797497,1785.0
scanId=139852,2.330733333333,663.5214829653194,1272.0
scanId=139852,2.330733333333,664.4266558585646,1052.0
scanId=139852,2.330733333333,664.4414999246535,1492.0
scanId=139852,2.330733333333,664.4563441055047,1505.0
scanId=139852,2.330733333333,664.4711885032231,1219.0
scanId=139852,2.330733333333,665.3472999290173,1619.0
scanId=139852,2.330733333333,665.3621542756249,2657.0
scanId=139852,2.330733333333,665.3770087369779,3097.0
scanId=139852,2.330733333333,665.3918634152154,2805.0
scanId=139852,2.330733333333,665.4067182081975,2185.0
scanId=139852,2.330733333333,665.4215732180646,1658.0
scanId=139852,2.330733333333,665.4364283426756,1373.0
scanId=139852,2.330733333333,665.4512836841725,1100.0
scanId=139852,2.330733333333,666.3726371098519,1051.0
scanId=139852,2.330733333333,666.3875028465943,1073.0
scanId=139852,2.330733333333,685.3857711857582,1472.0
scanId=139852,2.330733333333,685.4008475070302,3575.0
scanId=139852,2.330733333333,685.4159240455004,6646.0
scanId=139852,2.330733333333,685.4310006984015,8691.0
scanId=139852,2.330733333333,685.4460775685014,8082.0
scanId=139852,2.330733333333,685.4611545530317,6011.0
scanId=139852,2.330733333333,685.4762317547613,4136.0
scanId=139852,2.330733333333,685.4913090709209,2858.0
scanId=139852,2.330733333333,685.5063866042802,1987.0
scanId=139852,2.330733333333,685.5214642520691,1443.0
scanId=139852,2.330733333333,685.5365421170579,1190.0
scanId=139852,2.330733333333,685.5516200964762,1163.0
scanId=139852,2.330733333333,686.4113405052406,1977.0
scanId=139852,2.330733333333,686.4264281019077,3070.0
scanId=139852,2.330733333333,686.4415159157859,3412.0
scanId=139852,2.330733333333,686.4566038440823,2852.0
scanId=139852,2.330733333333,686.47169198959,2053.0
scanId=139852,2.330733333333,686.4867802495155,1465.0
scanId=139852,2.330733333333,686.5018687266531,1004.0
scanId=139852,2.330733333333,687.3319888847747,1142.0
scanId=139852,2.330733333333,687.3470866475423,1761.0
scanId=139852,2.330733333333,687.3621845247169,2075.0
scanId=139852,2.330733333333,687.3772826191141,1925.0
scanId=139852,2.330733333333,687.3923808279181,1597.0
scanId=139852,2.330733333333,687.407479253945,1341.0
scanId=139852,2.330733333333,687.4225777943782,1356.0
scanId=139852,2.330733333333,687.4376765520346,1524.0
scanId=139852,2.330733333333,687.4527754240972,1436.0
scanId=139852,2.330733333333,687.4678745133833,1074.0
scanId=139852,2.330733333333,688.3439039101308,1062.0
scanId=139852,2.330733333333,688.3590127310722,1417.0
scanId=139852,2.330733333333,688.3741217692476,1433.0
scanId=139852,2.330733333333,688.389230921818,1230.0
scanId=139852,2.330733333333,688.4043402916233,1010.0
scanId=139852,2.330733333333,701.3987590222577,1561.0
scanId=139852,2.330733333333,701.4140104438213,1762.0
scanId=139852,2.330733333333,701.4292620827445,1578.0
scanId=139852,2.330733333333,701.4445138359375,1175.0
scanId=139852,2.330733333333,703.428657014195,1045.0
scanId=139852,2.330733333333,703.596674667489,1091.0
scanId=139852,2.330733333333,703.6119499663715,1540.0
scanId=139852,2.330733333333,703.6272254826291,1495.0
scanId=139852,2.330733333333,703.6425011131412,1128.0
scanId=139852,2.330733333333,704.620488010566,1159.0
scanId=139852,2.330733333333,704.6357744706017,1118.0
scanId=139852,2.330733333333,722.479694566117,1041.0
scanId=139852,2.330733333333,722.4951734855351,1368.0
scanId=139852,2.330733333333,722.5106526223951,1607.0
scanId=139852,2.330733333333,722.5261318734429,1753.0
scanId=139852,2.330733333333,722.5416113419325,1730.0
scanId=139852,2.330733333333,722.55709092461,1471.0
scanId=139852,2.330733333333,722.5725707247292,1080.0
scanId=139852,2.330733333333,723.5326405680311,1053.0
scanId=139852,2.330733333333,723.5481307628573,1026.0
scanId=139852,2.330733333333,736.4934538182308,3104.0
scanId=139852,2.330733333333,736.5090821884311,7938.0
scanId=139852,2.330733333333,736.5247106728508,13685.0
scanId=139852,2.330733333333,736.5403393746806,16596.0
scanId=139852,2.330733333333,736.5559681907299,14713.0
scanId=139852,2.330733333333,736.5715972241894,10694.0
scanId=139852,2.330733333333,736.5872263718687,7337.0
scanId=139852,2.330733333333,736.6028557369578,4905.0
scanId=139852,2.330733333333,736.6184852162669,3252.0
scanId=139852,2.330733333333,736.6341149129856,2256.0
scanId=139852,2.330733333333,736.6497447239243,1633.0
scanId=139852,2.330733333333,736.665374752273,1167.0
scanId=139852,2.330733333333,737.4940021427491,1893.0
scanId=139852,2.330733333333,737.5096411250981,4164.0
scanId=139852,2.330733333333,737.5252802216712,7108.0
scanId=139852,2.330733333333,737.5409195356499,8557.0
scanId=139852,2.330733333333,737.5565589638527,7880.0
scanId=139852,2.330733333333,737.5721986094611,6284.0
scanId=139852,2.330733333333,737.5878383692936,4514.0
scanId=139852,2.330733333333,737.6034783465317,3015.0
scanId=139852,2.330733333333,737.6191184379942,2039.0
scanId=139852,2.330733333333,737.6347587468616,1440.0
scanId=139852,2.330733333333,737.650399169954,1090.0
scanId=139852,2.330733333333,737.6660398104511,1003.0
scanId=139852,2.330733333333,738.5108792394427,1565.0
scanId=139852,2.330733333333,738.5265289481698,2810.0
scanId=139852,2.330733333333,738.5421788742971,3564.0
scanId=139852,2.330733333333,738.557828914654,3276.0
scanId=139852,2.330733333333,738.5734791724109,2544.0
scanId=139852,2.330733333333,738.5891295443975,1760.0
scanId=139852,2.330733333333,738.6047801337841,1193.0
scanId=139852,2.330733333333,745.3970542754795,1104.0
scanId=139852,2.330733333333,745.4127768284992,1150.0
scanId=139852,2.330733333333,745.6014600890625,1014.0
scanId=139852,2.330733333333,745.6171847461376,1499.0
scanId=139852,2.330733333333,745.6329096205649,1571.0
scanId=139852,2.330733333333,745.6486346092697,1382.0
scanId=139852,2.330733333333,745.6643598153266,1110.0
scanId=139852,2.330733333333,757.6000433833303,2310.0
scanId=139852,2.330733333333,757.6158940597954,3847.0
scanId=139852,2.330733333333,757.6317449534877,4350.0
scanId=139852,2.330733333333,757.6475959615831,3593.0
scanId=139852,2.330733333333,757.663447186905,2551.0
scanId=139852,2.330733333333,757.6792985266303,1798.0
scanId=139852,2.330733333333,757.695150083582,1361.0
scanId=139852,2.330733333333,758.6148226051805,1476.0
scanId=139852,2.330733333333,758.6306838938073,1854.0
scanId=139852,2.330733333333,758.6465453996484,1683.0
scanId=139852,2.330733333333,758.6624070199052,1274.0
scanId=139852,2.330733333333,759.6302810049691,1049.0
scanId=139852,2.330733333333,759.6461529057582,1094.0
scanId=139852,2.330733333333,764.5107509025485,1424.0
scanId=139852,2.330733333333,764.526673759874,7131.0
scanId=139852,2.330733333333,764.542596731699,18464.0
scanId=139852,2.330733333333,764.5585199206542,29288.0
scanId=139852,2.330733333333,764.5744432241092,32502.0
scanId=139852,2.330733333333,764.5903667446942,27382.0
scanId=139852,2.330733333333,764.6062903797794,19300.0
scanId=139852,2.330733333333,764.6222142319939,12886.0
scanId=139852,2.330733333333,764.6381381987092,8788.0
scanId=139852,2.330733333333,764.6540623825532,5905.0
scanId=139852,2.330733333333,764.6699866808988,3928.0
scanId=139852,2.330733333333,764.6859111963724,2669.0
scanId=139852,2.330733333333,764.7018358263483,1818.0
scanId=139852,2.330733333333,764.7177606734516,1286.0
scanId=139852,2.330733333333,764.7336856350574,1033.0
scanId=139852,2.330733333333,765.5142131598583,1582.0
scanId=139852,2.330733333333,765.5301464122177,4525.0
scanId=139852,2.330733333333,765.5460798816918,9880.0
scanId=139852,2.330733333333,765.5620134656815,15849.0
scanId=139852,2.330733333333,765.5779472667853,17911.0
scanId=139852,2.330733333333,765.5938811824049,15053.0
scanId=139852,2.330733333333,765.6098153151382,10762.0
scanId=139852,2.330733333333,765.6257495623883,7298.0
scanId=139852,2.330733333333,765.6416840267512,4827.0
scanId=139852,2.330733333333,765.6576186056312,3080.0
scanId=139852,2.330733333333,765.6735534016241,1954.0
scanId=139852,2.330733333333,765.689488312134,1354.0
scanId=139852,2.330733333333,766.5342772353914,1637.0
scanId=139852,2.330733333333,766.5502210999158,3572.0
scanId=139852,2.330733333333,766.5661651815387,5841.0
scanId=139852,2.330733333333,766.5821093776931,6365.0
scanId=139852,2.330733333333,766.5980537909456,5101.0
scanId=139852,2.330733333333,766.6139983187302,3557.0
scanId=139852,2.330733333333,766.6299430636122,2471.0
scanId=139852,2.330733333333,766.6458879230273,1789.0
scanId=139852,2.330733333333,766.6618329995389,1330.0
scanId=139852,2.330733333333,767.5709749656565,1036.0
scanId=139852,2.330733333333,767.5869296594279,1135.0
scanId=139852,2.330733333333,767.6028844677479,1057.0
scanId=139852,2.330733333333,769.5985445302977,1150.0
scanId=139852,2.330733333333,769.6145202313195,1690.0
scanId=139852,2.330733333333,769.6304961493883,1884.0
scanId=139852,2.330733333333,769.64647218204,1713.0
scanId=139852,2.330733333333,769.6624484317387,1330.0
scanId=139852,2.330733333333,770.6213253180806,1142.0
scanId=139852,2.330733333333,770.6373116312691,1372.0
scanId=139852,2.330733333333,770.6532981614864,1187.0
scanId=139852,2.330733333333,780.5485846032185,1071.0
scanId=139852,2.330733333333,780.5646736069964,1274.0
scanId=139852,2.330733333333,780.5807627255717,1107.0
scanId=139852,2.330733333333,785.5763905039387,1099.0
scanId=139852,2.330733333333,785.5925312419412,1278.0
scanId=139852,2.330733333333,785.6086720948564,1144.0
scanId=139852,2.330733333333,785.6248131644886,1037.0
scanId=139852,2.330733333333,792.5646150415665,1404.0
scanId=139852,2.330733333333,792.5808274115725,2375.0
scanId=139852,2.330733333333,792.5970398966681,2970.0
scanId=139852,2.330733333333,792.6132525983038,2955.0
scanId=139852,2.330733333333,792.62946541503,2447.0
scanId=139852,2.330733333333,792.6456784482955,1888.0
scanId=139852,2.330733333333,792.6618915966521,1463.0
scanId=139852,2.330733333333,792.6781049615472,1136.0
scanId=139852,2.330733333333,793.5700939656978,1206.0
scanId=139852,2.330733333333,793.5863166162229,1797.0
scanId=139852,2.330733333333,793.6025393818647,2242.0
scanId=139852,2.330733333333,793.6187623640194,2183.0
scanId=139852,2.330733333333,793.6349854612919,1656.0
scanId=139852,2.330733333333,793.651208775076,1160.0
scanId=139852,2.330733333333,795.6316940745494,1616.0
scanId=139852,2.330733333333,795.6479377329158,1886.0
scanId=139852,2.330733333333,795.664181607738,1675.0
scanId=139852,2.330733333333,795.6804255977349,1356.0
scanId=139852,2.330733333333,795.6966698041869,1073.0
scanId=139852,2.330733333333,796.7203874733372,1040.0
scanId=139852,2.330733333333,796.7366422919379,1405.0
scanId=139852,2.330733333333,796.7528972257433,1363.0
scanId=139852,2.330733333333,796.7691523759736,1005.0
scanId=139852,2.330733333333,801.6531764035996,2114.0
scanId=139852,2.330733333333,801.6694814136271,3893.0
scanId=139852,2.330733333333,801.6857866399339,5285.0
scanId=139852,2.330733333333,801.7020919815922,5208.0
scanId=139852,2.330733333333,801.7183975395287,4086.0
scanId=139852,2.330733333333,801.7347032128175,2863.0
scanId=139852,2.330733333333,801.7510091023835,1988.0
scanId=139852,2.330733333333,801.7673151073033,1376.0
scanId=139852,2.330733333333,802.6480869708075,1019.0
scanId=139852,2.330733333333,802.6644021460035,1704.0
scanId=139852,2.330733333333,802.6807174365814,2232.0
scanId=139852,2.330733333333,802.6970329434071,2411.0
scanId=139852,2.330733333333,802.7133485656158,2216.0
scanId=139852,2.330733333333,802.7296644040712,1757.0
scanId=139852,2.330733333333,802.7459803579105,1256.0
scanId=139852,2.330733333333,803.6762652815618,1074.0
scanId=139852,2.330733333333,803.6925908526904,1271.0
scanId=139852,2.330733333333,803.7089166400352,1161.0
scanId=139852,2.330733333333,808.7451418571716,1010.0
scanId=139852,2.330733333333,815.6709649599599,1106.0
scanId=139852,2.330733333333,815.6874119079486,1890.0
scanId=139852,2.330733333333,815.7038590717438,2361.0
scanId=139852,2.330733333333,815.7203063513633,2206.0
scanId=139852,2.330733333333,815.736753846788,1734.0
scanId=139852,2.330733333333,815.7532014580383,1196.0
scanId=139852,2.330733333333,816.6909908413936,1626.0
scanId=139852,2.330733333333,816.7074480699393,2039.0
scanId=139852,2.330733333333,816.7239055142533,1875.0
scanId=139852,2.330733333333,816.7403630744299,1561.0
scanId=139852,2.330733333333,816.7568208503734,1359.0
scanId=139852,2.330733333333,816.7732787421809,1104.0
scanId=139852,2.330733333333,817.6457856380945,1412.0
scanId=139852,2.330733333333,817.6622524839358,1812.0
scanId=139852,2.330733333333,817.6787195455095,1840.0
scanId=139852,2.330733333333,817.6951867229812,1612.0
scanId=139852,2.330733333333,817.7116541161847,1317.0
scanId=139852,2.330733333333,822.7584573021618,1006.0
scanId=139852,2.330733333333,827.6882406216743,1837.0
scanId=139852,2.330733333333,827.7048082833286,2522.0
scanId=139852,2.330733333333,827.7213761603147,2554.0
scanId=139852,2.330733333333,827.7379441536002,2085.0
scanId=139852,2.330733333333,827.7545123622159,1546.0
scanId=139852,2.330733333333,827.7710806871324,1087.0
scanId=139852,2.330733333333,828.6825952992906,1312.0
scanId=139852,2.330733333333,828.6991729098766,1840.0
scanId=139852,2.330733333333,828.715750735752,1986.0
scanId=139852,2.330733333333,828.732328677969,1724.0
scanId=139852,2.330733333333,828.7489068354739,1336.0
scanId=139852,2.330733333333,829.6941344710599,1170.0
scanId=139852,2.330733333333,829.7107222458245,1586.0
scanId=139852,2.330733333333,829.7273101369739,1645.0
scanId=139852,2.330733333333,829.7438982433681,1400.0
scanId=139852,2.330733333333,829.7604864661483,1095.0
scanId=139852,2.330733333333,830.7062906905471,1097.0
scanId=139852,2.330733333333,830.7228885306287,1424.0
scanId=139852,2.330733333333,830.7394865859125,1354.0
scanId=139852,2.330733333333,830.7560847576252,1084.0
scanId=139852,2.330733333333,832.682600762566,1099.0
scanId=139852,2.330733333333,832.6992183839988,1247.0
scanId=139852,2.330733333333,832.7158361219472,1154.0
scanId=139852,2.330733333333,839.6765814910216,1251.0
scanId=139852,2.330733333333,839.69326875468,1966.0
scanId=139852,2.330733333333,839.7099561351764,2136.0
scanId=139852,2.330733333333,839.7266437304643,1840.0
scanId=139852,2.330733333333,839.7433314425921,1427.0
scanId=139852,2.330733333333,839.7600193695096,1008.0
scanId=139852,2.330733333333,841.6802341120941,1017.0
scanId=139852,2.330733333333,841.6969412735313,1333.0
scanId=139852,2.330733333333,841.713648551903,1649.0
scanId=139852,2.330733333333,841.7303560449698,1604.0
scanId=139852,2.330733333333,841.7470636549727,1267.0
scanId=139852,2.330733333333,841.7637714796692,1006.0
scanId=139852,2.330733333333,843.6695476278526,1076.0
scanId=139852,2.330733333333,843.6862744724706,1267.0
scanId=139852,2.330733333333,843.7030015316863,1269.0
scanId=139852,2.330733333333,843.7197287079356,1227.0
scanId=139852,2.330733333333,843.7364560987809,1156.0
scanId=139852,2.330733333333,843.7531836066613,1031.0
scanId=139852,2.330733333333,845.6779558297737,1136.0
scanId=139852,2.330733333333,845.694702572271,1306.0
scanId=139852,2.330733333333,845.7114495292655,1359.0
scanId=139852,2.330733333333,845.7281966033942,1297.0
scanId=139852,2.330733333333,845.7449438920182,1080.0
scanId=139852,2.330733333333,852.7766376872391,1079.0
scanId=139852,2.330733333333,852.793454618089,1188.0
scanId=139852,2.330733333333,852.8102716664426,1038.0
scanId=139852,2.330733333333,853.7018138152349,1296.0
scanId=139852,2.330733333333,853.7186398176383,1721.0
scanId=139852,2.330733333333,853.7354660341182,1759.0
scanId=139852,2.330733333333,853.752292368153,1545.0
scanId=139852,2.330733333333,853.7691189162623,1161.0
scanId=139852,2.330733333333,855.6884295691442,1208.0
scanId=139852,2.330733333333,855.7052751378056,1391.0
scanId=139852,2.330733333333,855.7221209204346,1304.0
scanId=139852,2.330733333333,855.7389668207276,1132.0
scanId=139852,2.330733333333,856.733169875587,1058.0
scanId=139852,2.330733333333,857.7448157657949,1016.0
scanId=139852,2.330733333333,869.693351869766,1143.0
scanId=139852,2.330733333333,869.7103347339233,1444.0
scanId=139852,2.330733333333,869.7273178112255,1489.0
scanId=139852,2.330733333333,869.7443010070147,1318.0
scanId=139852,2.330733333333,869.7612844159462,1049.0
scanId=139852,2.330733333333,883.7605949446972,1135.0
scanId=139852,2.330733333333,883.7777146534132,1191.0
scanId=139852,2.330733333333,909.782862911386,1065.0
scanId=139852,2.330733333333,909.8002327902387,1033.0
scanId=139852,2.330733333333,919.7105959999604,1161.0
scanId=139852,2.330733333333,919.7280603941095,1558.0
scanId=139852,2.330733333333,919.745524997657,1638.0
scanId=139852,2.330733333333,919.7629897234386,1296.0
scanId=139852,2.330733333333,923.7667836929008,1095.0
scanId=139852,2.330733333333,923.7842865564501,1057.0
scanId=139852,2.330733333333,943.5623664194785,1077.0
scanId=139852,2.330733333333,965.5172664634556,1336.0
scanId=139852,2.330733333333,965.5351605273939,1971.0
scanId=139852,2.330733333333,965.5530547181726,2248.0
scanId=139852,2.330733333333,965.5709491137405,2000.0
scanId=139852,2.330733333333,965.5888436361527,1434.0
scanId=139852,2.330733333333,966.5195883090762,1242.0
scanId=139852,2.330733333333,966.5374916586444,1486.0
scanId=139852,2.330733333333,966.5553951351673,1416.0
scanId=139852,2.330733333333,966.5732988163651,1251.0
scanId=139852,2.330733333333,1429.3284752437683,1169.0
scanId=139852,2.330733333333,1429.3502470531507,1271.0
scanId=139852,2.330733333333,1429.3720191095897,1199.0
scanId=139852,2.330733333333,1429.3937912506024,1097.0
scanId=139852,2.330733333333,1430.3301519666911,1082.0
scanId=139852,2.330733333333,1430.351931403556,1138.0
scanId=139852,2.330733333333,1430.3737110878787,1055.0
scanId=139852,2.330733333333,1431.3321795630418,1187.0
scanId=139852,2.330733333333,1431.3539666273884,1320.0
scanId=139852,2.330733333333,1431.3757539395965,1212.0
scanId=139852,2.330733333333,1432.3345580328346,1026.0
scanId=139852,2.330733333333,1432.356352724663,1179.0
scanId=139852,2.330733333333,1432.378147664757,1091.0
scanId=139852,2.330733333333,1446.2951931697323,1071.0
scanId=139852,2.330733333333,1446.3170939053487,1247.0
scanId=139852,2.330733333333,1446.3389947186636,1117.0
scanId=139852,2.330733333333,1543.9235697048691,1010.0
scanId=139852,2.330733333333,1543.9461974503665,1192.0
scanId=139852,2.330733333333,1543.9688254919145,1185.0
scanId=139852,2.330733333333,1573.3883617384106,1035.0
scanId=139852,2.330733333333,1573.4112043799187,1285.0
scanId=139852,2.330733333333,1573.43404733086,1292.0
scanId=139852,2.330733333333,1573.4568903039974,1099.0
scanId=139852,2.330733333333,1574.3935979900307,1142.0
scanId=139852,2.330733333333,1574.4164479273911,1334.0
scanId=139852,2.330733333333,1574.4392981746448,1294.0
scanId=139852,2.330733333333,1574.462148443635,1057.0
scanId=139852,2.330733333333,1575.3991552692885,1239.0
scanId=139852,2.330733333333,1575.422012502501,1282.0
scanId=139852,2.330733333333,1575.4448700460682,1093.0
scanId=139852,2.330733333333,1576.4507629451384,1008.0
scanId=139852,2.330733333333,1577.3426181400248,1193.0
scanId=139852,2.330733333333,1577.3654896129192,1444.0
scanId=139852,2.330733333333,1577.3883611062067,1528.0
scanId=139852,2.330733333333,1577.411232910751,1489.0
scanId=139852,2.330733333333,1577.4341047356681,1274.0
scanId=139852,2.330733333333,1577.4569768718638,1001.0
scanId=139852,2.330733333333,1578.3491166137667,1158.0
scanId=139852,2.330733333333,1578.3719953829757,1501.0
scanId=139852,2.330733333333,1578.3948741721147,1515.0
scanId=139852,2.330733333333,1578.417753272974,1409.0
scanId=139852,2.330733333333,1578.4406323937433,1188.0
scanId=139852,2.330733333333,1579.3330503618179,1083.0
scanId=139852,2.330733333333,1579.35593611518,1205.0
scanId=139852,2.330733333333,1579.378822180703,1351.0
scanId=139852,2.330733333333,1579.4017082656949,1380.0
scanId=139852,2.330733333333,1579.4245946628691,1199.0
scanId=139852,2.330733333333,1580.3630766442725,1321.0
scanId=139852,2.330733333333,1580.3859700061116,1532.0
scanId=139852,2.330733333333,1580.4088633869555,1402.0
scanId=139852,2.330733333333,1580.4317570804453,1089.0
scanId=139852,2.330733333333,1581.3476378559883,1110.0
scanId=139852,2.330733333333,1581.3705382010544,1322.0
scanId=139852,2.330733333333,1581.3934388592093,1284.0
scanId=139852,2.330733333333,1581.4163395359053,1055.0
scanId=139852,2.330733333333,1593.3242048017617,1304.0
scanId=139852,2.330733333333,1593.3471917021657,1528.0
scanId=139852,2.330733333333,1593.3701789211848,1559.0
scanId=139852,2.330733333333,1593.3931661532183,1682.0
scanId=139852,2.330733333333,1593.4161537038879,1616.0
scanId=139852,2.330733333333,1593.4391412675511,1401.0
scanId=139852,2.330733333333,1593.462129149872,1130.0
scanId=139852,2.330733333333,1594.3357886468746,1418.0
scanId=139852,2.330733333333,1594.3587828431307,1843.0
scanId=139852,2.330733333333,1594.3817773584703,2014.0
scanId=139852,2.330733333333,1594.4047718863555,2121.0
scanId=139852,2.330733333333,1594.4277667333458,1870.0
scanId=139852,2.330733333333,1594.4507615928615,1438.0
scanId=139852,2.330733333333,1594.4737567715022,1075.0
scanId=139852,2.330733333333,1595.3016908793006,1347.0
scanId=139852,2.330733333333,1595.3246920397794,1767.0
scanId=139852,2.330733333333,1595.3476935197884,2246.0
scanId=139852,2.330733333333,1595.3706950118967,2704.0
scanId=139852,2.330733333333,1595.3936968235566,2750.0
scanId=139852,2.330733333333,1595.4166986472947,2371.0
scanId=139852,2.330733333333,1595.439700790606,1853.0
scanId=139852,2.330733333333,1595.4627029459734,1384.0
scanId=139852,2.330733333333,1595.4857054209351,1005.0
scanId=139852,2.330733333333,1596.3139021878499,1276.0
scanId=139852,2.330733333333,1596.3369106441808,1792.0
scanId=139852,2.330733333333,1596.3599194205112,2110.0
scanId=139852,2.330733333333,1596.3829282084712,2254.0
scanId=139852,2.330733333333,1596.4059373164525,2211.0
scanId=139852,2.330733333333,1596.428946436043,1884.0
scanId=139852,2.330733333333,1596.4519558756754,1443.0
scanId=139852,2.330733333333,1596.4749653268946,1019.0
scanId=139852,2.330733333333,1597.3264345242155,1206.0
scanId=139852,2.330733333333,1597.3494502763988,1391.0
scanId=139852,2.330733333333,1597.37246634905,1547.0
scanId=139852,2.330733333333,1597.3954824328628,1595.0
scanId=139852,2.330733333333,1597.4184988371655,1496.0
scanId=139852,2.330733333333,1597.441515252608,1340.0
scanId=139852,2.330733333333,1597.4645319885612,1065.0
scanId=139852,2.330733333333,1599.3524622804257,1017.0
scanId=139852,2.330733333333,1610.4030174453205,1001.0
scanId=139852,2.330733333333,1611.3506573298032,1042.0
scanId=139852,2.330733333333,1611.3737738973987,1460.0
scanId=139852,2.330733333333,1611.3968907919802,1535.0
scanId=139852,2.330733333333,1611.4200076912052,1253.0
scanId=139852,2.330733333333,1612.367946715581,1057.0
scanId=139852,2.330733333333,1612.391070579028,1219.0
scanId=139852,2.330733333333,1612.4141947699368,1104.0
scanId=139852,2.330733333333,1630.455001089135,1045.0
scanId=139852,2.330733333333,1630.4782542881444,1259.0
scanId=139852,2.330733333333,1630.5015078230674,1183.0
scanId=139852,2.330733333333,1967.4706298874423,1120.0
scanId=139852,2.330733333333,1967.4961737974031,1328.0
scanId=139852,2.330733333333,1967.5217175623739,1250.0
scanId=139852,2.330733333333,1967.5472618039794,1033.0
scanId=139852,2.330733333333,1969.4890975396677,1174.0
scanId=139852,2.330733333333,1969.5146542381938,1187.0
scanId=139852,2.330733333333,1984.4681821820284,1021.0
