ScanNumber,RetentionTime,m/z,Intensity
scanId=158656,2.644133333333,206.1396085480254,1472.0
scanId=158656,2.644133333333,206.14787658812693,1529.0
scanId=158656,2.644133333333,206.156144720616,1311.0
scanId=158656,2.644133333333,244.0964322204038,1147.0
scanId=158656,2.644133333333,244.105429232833,1024.0
scanId=158656,2.644133333333,248.09835129271005,1115.0
scanId=158656,2.644133333333,248.10742179940004,2653.0
scanId=158656,2.644133333333,248.11649242936642,3850.0
scanId=158656,2.644133333333,248.1255632676533,3841.0
scanId=158656,2.644133333333,248.13463422923016,3002.0
scanId=158656,2.644133333333,248.14370539911383,2238.0
scanId=158656,2.644133333333,248.15277669230127,1678.0
scanId=158656,2.644133333333,262.09554256576735,1057.0
scanId=158656,2.644133333333,262.1048654175388,1174.0
scanId=158656,2.644133333333,264.11312501001044,1063.0
scanId=158656,2.644133333333,264.12248367420875,1002.0
scanId=158656,2.644133333333,273.15471473243576,1442.0
scanId=158656,2.644133333333,273.16423223135126,1749.0
scanId=158656,2.644133333333,273.17374987230903,1476.0
scanId=158656,2.644133333333,277.14747443278026,1128.0
scanId=158656,2.644133333333,277.157061235353,1073.0
scanId=158656,2.644133333333,278.1261812783355,1142.0
scanId=158656,2.644133333333,278.1357849923267,1286.0
scanId=158656,2.644133333333,278.1453888520217,1181.0
scanId=158656,2.644133333333,290.11309575222555,1570.0
scanId=158656,2.644133333333,290.1229042156162,3265.0
scanId=158656,2.644133333333,290.132712856216,4382.0
scanId=158656,2.644133333333,290.1425216512173,4244.0
scanId=158656,2.644133333333,290.15233062341366,3108.0
scanId=158656,2.644133333333,290.16213975002535,2204.0
scanId=158656,2.644133333333,290.17194905381825,1375.0
scanId=158656,2.644133333333,291.14389027937904,1143.0
scanId=158656,2.644133333333,291.1537161629965,1056.0
scanId=158656,2.644133333333,292.1371412897361,1684.0
scanId=158656,2.644133333333,292.1469839090111,2284.0
scanId=158656,2.644133333333,292.1568267040502,2070.0
scanId=158656,2.644133333333,292.16666965493573,1491.0
scanId=158656,2.644133333333,292.1765127815714,1057.0
scanId=158656,2.644133333333,294.1484697292405,1345.0
scanId=158656,2.644133333333,294.1583461727894,2620.0
scanId=158656,2.644133333333,294.1682227906732,3132.0
scanId=158656,2.644133333333,294.17809956583255,2694.0
scanId=158656,2.644133333333,294.18797651531276,1993.0
scanId=158656,2.644133333333,294.1978536220828,1337.0
scanId=158656,2.644133333333,306.1295603162554,1065.0
scanId=158656,2.644133333333,306.13963589210675,1257.0
scanId=158656,2.644133333333,306.14971163358297,1115.0
scanId=158656,2.644133333333,306.15978754103105,1089.0
scanId=158656,2.644133333333,368.39443187414173,1006.0
scanId=158656,2.644133333333,368.4054846683426,2206.0
scanId=158656,2.644133333333,368.41653766604406,2625.0
scanId=158656,2.644133333333,368.4275907918437,2046.0
scanId=158656,2.644133333333,368.43864412115585,1658.0
scanId=158656,2.644133333333,368.44969757855444,1330.0
scanId=158656,2.644133333333,391.18449116092864,1028.0
scanId=158656,2.644133333333,391.19588074331597,1424.0
scanId=158656,2.644133333333,391.2072704427044,1770.0
scanId=158656,2.644133333333,391.21866035670223,1522.0
scanId=158656,2.644133333333,391.2300503876908,1085.0
scanId=158656,2.644133333333,453.3377706004417,1016.0
scanId=158656,2.644133333333,536.1497194393964,1480.0
scanId=158656,2.644133333333,536.1630533380871,1628.0
scanId=158656,2.644133333333,536.1763874846093,1266.0
scanId=158656,2.644133333333,537.1502249854086,1015.0
scanId=158656,2.644133333333,537.1635714015205,1146.0
scanId=158656,2.644133333333,537.1769179013918,1041.0
scanId=158656,2.644133333333,549.4179925503081,1011.0
scanId=158656,2.644133333333,550.5929320037319,1584.0
scanId=158656,2.644133333333,550.6064443088574,2102.0
scanId=158656,2.644133333333,550.6199568618437,2133.0
scanId=158656,2.644133333333,550.6334694985801,1677.0
scanId=158656,2.644133333333,550.6469823831769,1123.0
scanId=158656,2.644133333333,551.3498787285891,1407.0
scanId=158656,2.644133333333,551.3634003188224,1437.0
scanId=158656,2.644133333333,551.3769221569033,1135.0
scanId=158656,2.644133333333,551.6068180341241,1166.0
scanId=158656,2.644133333333,551.6203428567,1117.0
scanId=158656,2.644133333333,551.6338677630432,1031.0
scanId=158656,2.644133333333,559.342831359382,1306.0
scanId=158656,2.644133333333,559.3564506909584,1393.0
scanId=158656,2.644133333333,559.370070106518,1163.0
scanId=158656,2.644133333333,562.3976936274004,1072.0
scanId=158656,2.644133333333,562.4113500993557,1076.0
scanId=158656,2.644133333333,564.3385667241865,1196.0
scanId=158656,2.644133333333,564.3522467404891,1355.0
scanId=158656,2.644133333333,564.3659268409909,1060.0
scanId=158656,2.644133333333,583.346881618417,1495.0
scanId=158656,2.644133333333,583.3607901143733,1672.0
scanId=158656,2.644133333333,583.3746986958724,1281.0
scanId=158656,2.644133333333,593.4179149012115,1002.0
scanId=158656,2.644133333333,593.4319428635323,1269.0
scanId=158656,2.644133333333,602.3590720307432,1016.0
scanId=158656,2.644133333333,604.3393457607261,2759.0
scanId=158656,2.644133333333,604.3535023013575,6492.0
scanId=158656,2.644133333333,604.3676589299223,9140.0
scanId=158656,2.644133333333,604.3818158021639,10148.0
scanId=158656,2.644133333333,604.3959727623434,9000.0
scanId=158656,2.644133333333,604.4101299661955,6710.0
scanId=158656,2.644133333333,604.4242872579892,4678.0
scanId=158656,2.644133333333,604.438444793452,3244.0
scanId=158656,2.644133333333,604.4526024168598,2086.0
scanId=158656,2.644133333333,604.4667602839332,1309.0
scanId=158656,2.644133333333,605.3448694484081,1385.0
scanId=158656,2.644133333333,605.3590376834766,2918.0
scanId=158656,2.644133333333,605.3732061620868,4423.0
scanId=158656,2.644133333333,605.3873747287697,4680.0
scanId=158656,2.644133333333,605.4015435389904,3563.0
scanId=158656,2.644133333333,605.4157124372877,2407.0
scanId=158656,2.644133333333,605.4298815791188,1672.0
scanId=158656,2.644133333333,605.4440508090307,1044.0
scanId=158656,2.644133333333,607.3158497345122,1198.0
scanId=158656,2.644133333333,607.3300410942489,1215.0
scanId=158656,2.644133333333,607.3442325423306,1080.0
scanId=158656,2.644133333333,609.2900336409218,1538.0
scanId=158656,2.644133333333,609.3042479704104,3570.0
scanId=158656,2.644133333333,609.3184625428839,5941.0
scanId=158656,2.644133333333,609.3326772039871,6495.0
scanId=158656,2.644133333333,609.3468921080712,5683.0
scanId=158656,2.644133333333,609.3611071007888,4695.0
scanId=158656,2.644133333333,609.3753223364835,3931.0
scanId=158656,2.644133333333,609.3895376608159,3131.0
scanId=158656,2.644133333333,609.403753228121,2244.0
scanId=158656,2.644133333333,609.4179688840682,1392.0
scanId=158656,2.644133333333,610.313891943427,2376.0
scanId=158656,2.644133333333,610.3281182110438,3247.0
scanId=158656,2.644133333333,610.3423447214964,2607.0
scanId=158656,2.644133333333,610.356571320728,1775.0
scanId=158656,2.644133333333,610.3707981627911,1432.0
scanId=158656,2.644133333333,610.3850250936372,1081.0
scanId=158656,2.644133333333,623.2996533264701,1281.0
scanId=158656,2.644133333333,623.314030147332,1899.0
scanId=158656,2.644133333333,623.3284072089641,1744.0
scanId=158656,2.644133333333,623.3427843614415,1470.0
scanId=158656,2.644133333333,623.3571617546842,1245.0
scanId=158656,2.644133333333,646.397595253147,1063.0
scanId=158656,2.644133333333,646.4122360403966,1219.0
scanId=158656,2.644133333333,646.426877064009,1319.0
scanId=158656,2.644133333333,646.4415181828753,1134.0
scanId=158656,2.644133333333,660.4107150847001,1036.0
scanId=158656,2.644133333333,660.4255137216513,1986.0
scanId=158656,2.644133333333,660.4403125918748,2610.0
scanId=158656,2.644133333333,660.4551115604432,2626.0
scanId=158656,2.644133333333,660.4699107622774,2192.0
scanId=158656,2.644133333333,660.4847100624634,1667.0
scanId=158656,2.644133333333,660.4995095959079,1305.0
scanId=158656,2.644133333333,663.3885805791531,2049.0
scanId=158656,2.644133333333,663.4034126104293,6544.0
scanId=158656,2.644133333333,663.4182447407413,13836.0
scanId=158656,2.644133333333,663.4330771036281,20091.0
scanId=158656,2.644133333333,663.4479095655576,22314.0
scanId=158656,2.644133333333,663.462742260055,19659.0
scanId=158656,2.644133333333,663.4775750536019,14936.0
scanId=158656,2.644133333333,663.4924080797097,10505.0
scanId=158656,2.644133333333,663.5072412048743,6964.0
scanId=158656,2.644133333333,663.5220745625926,4557.0
scanId=158656,2.644133333333,663.5369080193746,3101.0
scanId=158656,2.644133333333,663.5517417087036,2035.0
scanId=158656,2.644133333333,663.566575497103,1259.0
scanId=158656,2.644133333333,664.3975341440878,1350.0
scanId=158656,2.644133333333,664.4123774501221,3854.0
scanId=158656,2.644133333333,664.4272208554299,6912.0
scanId=158656,2.644133333333,664.4420644930748,9174.0
scanId=158656,2.644133333333,664.4569082300002,9997.0
scanId=158656,2.644133333333,664.4717521992554,8997.0
scanId=158656,2.644133333333,664.4865962677985,6634.0
scanId=158656,2.644133333333,664.5014405686643,4145.0
scanId=158656,2.644133333333,664.5162849688248,2661.0
scanId=158656,2.644133333333,664.5311296013012,1908.0
scanId=158656,2.644133333333,664.5459743330792,1340.0
scanId=158656,2.644133333333,665.4221089814732,1553.0
scanId=158656,2.644133333333,665.4369636617787,2603.0
scanId=158656,2.644133333333,665.4518185741814,2939.0
scanId=158656,2.644133333333,665.4666735861043,2566.0
scanId=158656,2.644133333333,665.4815288301177,2115.0
scanId=158656,2.644133333333,665.4963841736583,1859.0
scanId=158656,2.644133333333,665.5112397492823,1402.0
scanId=158656,2.644133333333,680.4497686830643,1286.0
scanId=158656,2.644133333333,680.4647901671929,1737.0
scanId=158656,2.644133333333,680.4798118796912,1748.0
scanId=158656,2.644133333333,680.494833695438,1480.0
scanId=158656,2.644133333333,680.5098557395468,1005.0
scanId=158656,2.644133333333,681.4716094397432,1023.0
scanId=158656,2.644133333333,685.4007935164914,1204.0
scanId=158656,2.644133333333,685.4158696131161,2021.0
scanId=158656,2.644133333333,685.4309458142773,2895.0
scanId=158656,2.644133333333,685.4460222425125,2675.0
scanId=158656,2.644133333333,685.4610987752919,1759.0
scanId=158656,2.644133333333,685.4761755351378,1099.0
scanId=158656,2.644133333333,686.4263437126917,1167.0
scanId=158656,2.644133333333,686.4414310840745,1108.0
scanId=158656,2.644133333333,686.4565185602646,1025.0
scanId=158656,2.644133333333,709.4891606665145,1034.0
scanId=158656,2.644133333333,722.4475780194828,1384.0
scanId=158656,2.644133333333,722.4630561431144,2177.0
scanId=158656,2.644133333333,722.4785344833093,3045.0
scanId=158656,2.644133333333,722.4940129385607,3415.0
scanId=158656,2.644133333333,722.5094916103661,3215.0
scanId=158656,2.644133333333,722.5249703972373,2922.0
scanId=158656,2.644133333333,722.5404494006534,2263.0
scanId=158656,2.644133333333,722.5559285191445,1706.0
scanId=158656,2.644133333333,722.571407854171,1311.0
scanId=158656,2.644133333333,722.5868873042821,1076.0
scanId=158656,2.644133333333,723.5159592605478,1062.0
scanId=158656,2.644133333333,736.4606169595852,1382.0
scanId=158656,2.644133333333,736.4762445245176,6335.0
scanId=158656,2.644133333333,736.4918722088086,17824.0
scanId=158656,2.644133333333,736.5075001053515,32224.0
scanId=158656,2.644133333333,736.5231281212626,43119.0
scanId=158656,2.644133333333,736.5387563494161,46108.0
scanId=158656,2.644133333333,736.5543846969474,40586.0
scanId=158656,2.644133333333,736.5700132567116,31497.0
scanId=158656,2.644133333333,736.5856419358632,23128.0
scanId=158656,2.644133333333,736.6012708272378,16857.0
scanId=158656,2.644133333333,736.6168998380098,11856.0
scanId=158656,2.644133333333,736.6325290609949,8476.0
scanId=158656,2.644133333333,736.6481584033871,5925.0
scanId=158656,2.644133333333,736.6637879579829,4252.0
scanId=158656,2.644133333333,736.6794176319954,2936.0
scanId=158656,2.644133333333,736.6950475182018,2042.0
scanId=158656,2.644133333333,736.7106775238345,1501.0
scanId=158656,2.644133333333,736.7263077416512,1102.0
scanId=158656,2.644133333333,737.4611138972249,1309.0
scanId=158656,2.644133333333,737.4767520736943,3154.0
scanId=158656,2.644133333333,737.4923903698352,7095.0
scanId=158656,2.644133333333,737.5080288779151,14422.0
scanId=158656,2.644133333333,737.5236675056763,21158.0
scanId=158656,2.644133333333,737.5393063453666,23887.0
scanId=158656,2.644133333333,737.554945304748,21372.0
scanId=158656,2.644133333333,737.5705844760491,16874.0
scanId=158656,2.644133333333,737.586223767051,12225.0
scanId=158656,2.644133333333,737.6018632699626,8517.0
scanId=158656,2.644133333333,737.6175028925846,6159.0
scanId=158656,2.644133333333,737.6331427271066,4571.0
scanId=158656,2.644133333333,737.6487826813493,3297.0
scanId=158656,2.644133333333,737.6644228474818,2352.0
scanId=158656,2.644133333333,737.6800631333443,1668.0
scanId=158656,2.644133333333,737.6957036310876,1402.0
scanId=158656,2.644133333333,737.7113442485708,1244.0
scanId=158656,2.644133333333,737.7269850779243,1057.0
scanId=158656,2.644133333333,738.4935876792596,2668.0
scanId=158656,2.644133333333,738.5092367988764,5792.0
scanId=158656,2.644133333333,738.5248860384886,7956.0
scanId=158656,2.644133333333,738.5405354897159,7984.0
scanId=158656,2.644133333333,738.5561850609486,7129.0
scanId=158656,2.644133333333,738.5718348437864,6026.0
scanId=158656,2.644133333333,738.5874847466392,4768.0
scanId=158656,2.644133333333,738.6031348610877,3524.0
scanId=158656,2.644133333333,738.6187850955608,2400.0
scanId=158656,2.644133333333,738.6344355416197,1542.0
scanId=158656,2.644133333333,739.5111238682651,1661.0
scanId=158656,2.644133333333,739.5267837197292,1650.0
scanId=158656,2.644133333333,739.5424437824934,1446.0
scanId=158656,2.644133333333,739.558103965578,1096.0
scanId=158656,2.644133333333,764.5083214386192,2769.0
scanId=158656,2.644133333333,764.5242438053109,5934.0
scanId=158656,2.644133333333,764.5401663003796,9695.0
scanId=158656,2.644133333333,764.556088998682,13422.0
scanId=158656,2.644133333333,764.5720118253716,14028.0
scanId=158656,2.644133333333,764.5879348552845,11413.0
scanId=158656,2.644133333333,764.6038580135952,8055.0
scanId=158656,2.644133333333,764.6197813751185,5484.0
scanId=158656,2.644133333333,764.6357048650505,3725.0
scanId=158656,2.644133333333,764.6516285581841,2599.0
scanId=158656,2.644133333333,764.667552379737,1707.0
scanId=158656,2.644133333333,764.6834764044814,1082.0
scanId=158656,2.644133333333,765.5117532024824,1121.0
scanId=158656,2.644133333333,765.5276859778028,2495.0
scanId=158656,2.644133333333,765.5436189560313,4646.0
scanId=158656,2.644133333333,765.559552062973,6539.0
scanId=158656,2.644133333333,765.5754853728121,7030.0
scanId=158656,2.644133333333,765.5914188113745,6318.0
scanId=158656,2.644133333333,765.6073524528243,5071.0
scanId=158656,2.644133333333,765.6232862230079,3482.0
scanId=158656,2.644133333333,765.639220196068,2279.0
scanId=158656,2.644133333333,765.6551542978727,1615.0
scanId=158656,2.644133333333,765.6710886025435,1338.0
scanId=158656,2.644133333333,766.5158430207574,1133.0
scanId=158656,2.644133333333,766.5317862789125,1621.0
scanId=158656,2.644133333333,766.5477296661063,1694.0
scanId=158656,2.644133333333,766.5636732558718,1769.0
scanId=158656,2.644133333333,766.5796169746869,1810.0
scanId=158656,2.644133333333,766.5955608960628,1636.0
scanId=158656,2.644133333333,766.6115049464988,1533.0
scanId=158656,2.644133333333,766.6274491994856,1268.0
scanId=158656,2.644133333333,773.4347735406363,1430.0
scanId=158656,2.644133333333,773.4507885579936,1773.0
scanId=158656,2.644133333333,773.4668037756333,1531.0
scanId=158656,2.644133333333,773.4828191246118,1245.0
scanId=158656,2.644133333333,773.4988346738618,1082.0
scanId=158656,2.644133333333,774.4440445259095,1338.0
scanId=158656,2.644133333333,774.4600700234753,1266.0
scanId=158656,2.644133333333,780.5617554484595,1284.0
scanId=158656,2.644133333333,780.5778440857373,1329.0
scanId=158656,2.644133333333,780.593932920914,1147.0
scanId=158656,2.644133333333,780.610021889813,1031.0
scanId=158656,2.644133333333,791.5241168871011,1442.0
scanId=158656,2.644133333333,791.5403181382466,1514.0
scanId=158656,2.644133333333,791.556519526806,1267.0
scanId=158656,2.644133333333,791.5727211095623,1070.0
scanId=158656,2.644133333333,792.5451186519286,1062.0
scanId=158656,2.644133333333,792.5613303207549,1137.0
scanId=158656,2.644133333333,810.7077245436453,1346.0
scanId=158656,2.644133333333,810.7241209257202,1970.0
scanId=158656,2.644133333333,810.7405174954665,2411.0
scanId=158656,2.644133333333,810.7569142091629,2228.0
scanId=158656,2.644133333333,810.7733111105201,1791.0
scanId=158656,2.644133333333,810.7897081558382,1642.0
scanId=158656,2.644133333333,810.8061053888056,1437.0
scanId=158656,2.644133333333,810.8225027657456,1173.0
scanId=158656,2.644133333333,811.7246144531033,1016.0
scanId=158656,2.644133333333,811.7410211154516,1321.0
scanId=158656,2.644133333333,811.7574279651244,1632.0
scanId=158656,2.644133333333,811.7738349590949,1413.0
scanId=158656,2.644133333333,811.7902421403782,1021.0
scanId=158656,2.644133333333,815.7163112626123,1205.0
scanId=158656,2.644133333333,815.7327582371591,1118.0
scanId=158656,2.644133333333,822.6716591668073,1150.0
scanId=158656,2.644133333333,822.6881761111754,2198.0
scanId=158656,2.644133333333,822.704693203578,4587.0
scanId=158656,2.644133333333,822.7212104795566,7926.0
scanId=158656,2.644133333333,822.7377279035809,10211.0
scanId=158656,2.644133333333,822.7542455111701,10321.0
scanId=158656,2.644133333333,822.7707632668163,8757.0
scanId=158656,2.644133333333,822.7872812060159,6538.0
scanId=158656,2.644133333333,822.8037992932842,4592.0
scanId=158656,2.644133333333,822.8203175640944,3169.0
scanId=158656,2.644133333333,822.8368359829843,2023.0
scanId=158656,2.644133333333,822.8533545854049,1442.0
scanId=158656,2.644133333333,822.8698733359165,1085.0
scanId=158656,2.644133333333,823.679495668685,1126.0
scanId=158656,2.644133333333,823.6960227097422,2663.0
scanId=158656,2.644133333333,823.7125499340368,4485.0
scanId=158656,2.644133333333,823.729077306716,5878.0
scanId=158656,2.644133333333,823.7456048626209,6532.0
scanId=158656,2.644133333333,823.7621325669221,6444.0
scanId=158656,2.644133333333,823.7786604544375,4978.0
scanId=158656,2.644133333333,823.7951884903604,3374.0
scanId=158656,2.644133333333,823.8117167094864,2195.0
scanId=158656,2.644133333333,823.828245077031,1462.0
scanId=158656,2.644133333333,823.8447736277677,1001.0
scanId=158656,2.644133333333,824.7044862976381,1166.0
scanId=158656,2.644133333333,824.7210236189724,1906.0
scanId=158656,2.644133333333,824.7375611231931,2589.0
scanId=158656,2.644133333333,824.7540987761491,2695.0
scanId=158656,2.644133333333,824.7706366119805,2380.0
scanId=158656,2.644133333333,824.7871745965584,2070.0
scanId=158656,2.644133333333,824.8037127640004,1536.0
scanId=158656,2.644133333333,827.6673098256617,1422.0
scanId=158656,2.644133333333,827.6838768432194,1925.0
scanId=158656,2.644133333333,827.7004440105196,2333.0
scanId=158656,2.644133333333,827.7170113596878,2448.0
scanId=158656,2.644133333333,827.7335788586098,2121.0
scanId=158656,2.644133333333,827.7501465393885,1720.0
scanId=158656,2.644133333333,827.7667143699323,1097.0
scanId=158656,2.644133333333,828.6616238774808,1553.0
scanId=158656,2.644133333333,828.6782008433544,2127.0
scanId=158656,2.644133333333,828.69477795931,2588.0
scanId=158656,2.644133333333,828.7113552567941,3012.0
scanId=158656,2.644133333333,828.7279327043716,2823.0
scanId=158656,2.644133333333,828.7445103334663,2232.0
scanId=158656,2.644133333333,828.7610881126656,1671.0
scanId=158656,2.644133333333,828.7776660733707,1177.0
scanId=158656,2.644133333333,829.706296063045,1010.0
scanId=158656,2.644133333333,836.7375667840408,1420.0
scanId=158656,2.644133333333,836.7542243312729,2068.0
scanId=158656,2.644133333333,836.7708820313429,2429.0
scanId=158656,2.644133333333,836.7875399101854,2262.0
scanId=158656,2.644133333333,836.8041979418772,1696.0
scanId=158656,2.644133333333,836.8208561523301,1367.0
scanId=158656,2.644133333333,836.8375145156441,1059.0
scanId=158656,2.644133333333,837.7206453920929,1307.0
scanId=158656,2.644133333333,837.7373127091975,1782.0
scanId=158656,2.644133333333,837.7539802047451,1939.0
scanId=158656,2.644133333333,837.7706478534718,1990.0
scanId=158656,2.644133333333,837.78731568063,1680.0
scanId=158656,2.644133333333,837.8039836609786,1075.0
scanId=158656,2.644133333333,838.7543329873889,1036.0
scanId=158656,2.644133333333,848.7068078592455,1590.0
scanId=158656,2.644133333333,848.7235841230464,3430.0
scanId=158656,2.644133333333,848.7403605437531,5079.0
scanId=158656,2.644133333333,848.7571371391643,5571.0
scanId=158656,2.644133333333,848.7739138914932,4897.0
scanId=158656,2.644133333333,848.7906908185149,3757.0
scanId=158656,2.644133333333,848.8074679024655,2728.0
scanId=158656,2.644133333333,848.8242451610981,1826.0
scanId=158656,2.644133333333,848.8410225766704,1213.0
scanId=158656,2.644133333333,849.7304631126922,1801.0
scanId=158656,2.644133333333,849.747249482056,2812.0
scanId=158656,2.644133333333,849.764036025783,3067.0
scanId=158656,2.644133333333,849.7808227267684,2642.0
scanId=158656,2.644133333333,849.7976096021061,1993.0
scanId=158656,2.644133333333,849.8143966347135,1394.0
scanId=158656,2.644133333333,850.7211428510825,1021.0
scanId=158656,2.644133333333,850.7379390115149,1502.0
scanId=158656,2.644133333333,850.754735329535,2213.0
scanId=158656,2.644133333333,850.7715318215782,2631.0
scanId=158656,2.644133333333,850.7883284712202,2228.0
scanId=158656,2.644133333333,850.8051252948736,1754.0
scanId=158656,2.644133333333,850.8219222761378,1532.0
scanId=158656,2.644133333333,850.8387194314017,1150.0
scanId=158656,2.644133333333,853.713470651512,1401.0
scanId=158656,2.644133333333,853.7302963252814,1862.0
scanId=158656,2.644133333333,853.7471221576496,1948.0
scanId=158656,2.644133333333,853.7639481630296,1705.0
scanId=158656,2.644133333333,853.7807743270196,1411.0
scanId=158656,2.644133333333,853.7976006640101,1114.0
scanId=158656,2.644133333333,854.7064688923363,1144.0
scanId=158656,2.644133333333,854.7233043417392,1238.0
scanId=158656,2.644133333333,860.710367517269,1252.0
scanId=158656,2.644133333333,860.7272619953651,1919.0
scanId=158656,2.644133333333,860.7441566441245,2302.0
scanId=158656,2.644133333333,860.7610514538425,2131.0
scanId=158656,2.644133333333,860.7779464342121,1827.0
scanId=158656,2.644133333333,860.7948415755521,1404.0
scanId=158656,2.644133333333,861.7412342557717,1363.0
scanId=158656,2.644133333333,861.7581388528466,1503.0
scanId=158656,2.644133333333,861.7750436112207,1508.0
scanId=158656,2.644133333333,861.7919485399061,1278.0
scanId=158656,2.644133333333,862.7388890499179,1087.0
scanId=158656,2.644133333333,862.7558034253257,1472.0
scanId=158656,2.644133333333,862.7727179707165,1310.0
scanId=158656,2.644133333333,862.789632677746,1083.0
scanId=158656,2.644133333333,864.7697982191407,1070.0
scanId=158656,2.644133333333,864.7867324918593,1311.0
scanId=158656,2.644133333333,864.8036669338818,1337.0
scanId=158656,2.644133333333,866.752233504018,1145.0
scanId=158656,2.644133333333,866.7691871794511,1279.0
scanId=158656,2.644133333333,867.7867110490511,1046.0
scanId=158656,2.644133333333,867.803674836113,1048.0
scanId=158656,2.644133333333,868.5502456717408,1767.0
scanId=158656,2.644133333333,868.567216922532,2309.0
scanId=158656,2.644133333333,868.5841883368959,2640.0
scanId=158656,2.644133333333,868.6011599192974,2888.0
scanId=158656,2.644133333333,868.6181316652834,2620.0
scanId=158656,2.644133333333,868.6351035792956,2141.0
scanId=158656,2.644133333333,868.6520756569031,1423.0
scanId=158656,2.644133333333,869.5518331010695,1322.0
scanId=158656,2.644133333333,869.5688141324662,1599.0
scanId=158656,2.644133333333,869.5857953315731,1640.0
scanId=158656,2.644133333333,869.6027766945917,1324.0
scanId=158656,2.644133333333,869.6197582253092,1104.0
scanId=158656,2.644133333333,869.6367399199495,1012.0
scanId=158656,2.644133333333,869.6707038085398,1070.0
scanId=158656,2.644133333333,869.6876860024785,1148.0
scanId=158656,2.644133333333,869.7046683603625,1190.0
scanId=158656,2.644133333333,869.7216508859115,1041.0
scanId=158656,2.644133333333,872.730169718082,1032.0
scanId=158656,2.644133333333,872.7471817569683,1165.0
scanId=158656,2.644133333333,872.7641939608147,1286.0
scanId=158656,2.644133333333,872.7812063313112,1194.0
scanId=158656,2.644133333333,874.7557664337091,1276.0
scanId=158656,2.644133333333,874.7727982032413,1716.0
scanId=158656,2.644133333333,874.7898301387589,1905.0
scanId=158656,2.644133333333,874.8068622399127,1808.0
scanId=158656,2.644133333333,874.8238945070411,1342.0
scanId=158656,2.644133333333,875.743883152468,1302.0
scanId=158656,2.644133333333,875.7609245390316,1699.0
scanId=158656,2.644133333333,875.7779660912546,1487.0
scanId=158656,2.644133333333,875.7950078094398,1083.0
scanId=158656,2.644133333333,878.7457206189013,1015.0
scanId=158656,2.644133333333,878.7627911881796,1259.0
scanId=158656,2.644133333333,878.7798619221293,2044.0
scanId=158656,2.644133333333,878.7969328230292,2945.0
scanId=158656,2.644133333333,878.8140038885892,3067.0
scanId=158656,2.644133333333,878.8310751211113,2417.0
scanId=158656,2.644133333333,878.8481465182817,1650.0
scanId=158656,2.644133333333,879.7531678711224,1098.0
scanId=158656,2.644133333333,879.7702482217773,1324.0
scanId=158656,2.644133333333,879.787328739708,1382.0
scanId=158656,2.644133333333,879.8044094219732,1503.0
scanId=158656,2.644133333333,879.8214902715258,1486.0
scanId=158656,2.644133333333,879.8385712854016,1425.0
scanId=158656,2.644133333333,879.8556524665756,1079.0
scanId=158656,2.644133333333,880.6928334215947,1029.0
scanId=158656,2.644133333333,880.7099228933123,1229.0
scanId=158656,2.644133333333,892.8164701828629,1067.0
scanId=158656,2.644133333333,892.8336768771286,1098.0
scanId=158656,2.644133333333,898.7108290306583,1353.0
scanId=158656,2.644133333333,898.7280924303245,3729.0
scanId=158656,2.644133333333,898.7453560033994,6587.0
scanId=158656,2.644133333333,898.7626197346759,7804.0
scanId=158656,2.644133333333,898.7798836393724,7375.0
scanId=158656,2.644133333333,898.7971477022595,6460.0
scanId=158656,2.644133333333,898.8144119385773,5326.0
scanId=158656,2.644133333333,898.8316763330752,4058.0
scanId=158656,2.644133333333,898.8489409010144,2796.0
scanId=158656,2.644133333333,898.8662056271226,1831.0
scanId=158656,2.644133333333,898.8834705266836,1177.0
scanId=158656,2.644133333333,899.7296535287279,2834.0
scanId=158656,2.644133333333,899.7469267188266,4062.0
scanId=158656,2.644133333333,899.7642000668085,4484.0
scanId=158656,2.644133333333,899.7814735885289,4476.0
scanId=158656,2.644133333333,899.7987472681214,4091.0
scanId=158656,2.644133333333,899.816021121463,3092.0
scanId=158656,2.644133333333,899.8332951326662,2047.0
scanId=158656,2.644133333333,899.8505693176294,1331.0
scanId=158656,2.644133333333,899.8851181770277,1030.0
scanId=158656,2.644133333333,900.7490552123954,1741.0
scanId=158656,2.644133333333,900.7663381770826,2783.0
scanId=158656,2.644133333333,900.7836213158265,3085.0
scanId=158656,2.644133333333,900.8009046121242,2621.0
scanId=158656,2.644133333333,900.8181880824894,1981.0
scanId=158656,2.644133333333,900.8354717103979,1406.0
scanId=158656,2.644133333333,901.7517414840937,1307.0
scanId=158656,2.644133333333,901.7690340654863,1607.0
scanId=158656,2.644133333333,901.7863268212532,1462.0
scanId=158656,2.644133333333,901.8036197342561,1035.0
scanId=158656,2.644133333333,902.8068926345051,1080.0
scanId=158656,2.644133333333,903.6895417422957,1971.0
scanId=158656,2.644133333333,903.7068528938779,2810.0
scanId=158656,2.644133333333,903.7241642204466,2749.0
scanId=158656,2.644133333333,903.7414757036391,2183.0
scanId=158656,2.644133333333,903.7587873618296,1805.0
scanId=158656,2.644133333333,903.7760991766328,1586.0
scanId=158656,2.644133333333,903.7934111664443,1372.0
scanId=158656,2.644133333333,903.8107233128582,1048.0
scanId=158656,2.644133333333,904.7111836491414,1543.0
scanId=158656,2.644133333333,904.728504592732,2012.0
scanId=158656,2.644133333333,904.7458256926299,2146.0
scanId=158656,2.644133333333,904.763146967842,2089.0
scanId=158656,2.644133333333,904.7804683993504,1771.0
scanId=158656,2.644133333333,904.7977900061838,1440.0
scanId=158656,2.644133333333,904.8151117693029,1492.0
scanId=158656,2.644133333333,904.8324337077579,1427.0
scanId=158656,2.644133333333,904.8497558024876,1154.0
scanId=158656,2.644133333333,905.7160721824849,1427.0
scanId=158656,2.644133333333,905.7334027430969,1948.0
scanId=158656,2.644133333333,905.7507334597001,1972.0
scanId=158656,2.644133333333,905.7680643519336,1618.0
scanId=158656,2.644133333333,905.7853954001473,1244.0
scanId=158656,2.644133333333,905.8027266240022,1174.0
scanId=158656,2.644133333333,927.5613146001206,1119.0
scanId=158656,2.644133333333,927.5788529049145,1346.0
scanId=158656,2.644133333333,927.5963913920364,1278.0
scanId=158656,2.644133333333,927.6139300284407,1143.0
scanId=158656,2.644133333333,940.7616206738272,1132.0
scanId=158656,2.644133333333,940.7792833325688,1373.0
scanId=158656,2.644133333333,940.7969461775173,1413.0
scanId=158656,2.644133333333,940.8146091678695,1433.0
scanId=158656,2.644133333333,940.8322723444387,1297.0
scanId=158656,2.644133333333,941.8040018281716,1049.0
scanId=158656,2.644133333333,954.8201854182012,1619.0
scanId=158656,2.644133333333,954.8379795848837,1589.0
scanId=158656,2.644133333333,954.8557738930048,1115.0
scanId=158656,2.644133333333,956.5648006430691,1629.0
scanId=158656,2.644133333333,956.5826110591474,2242.0
scanId=158656,2.644133333333,956.6004216161843,2452.0
scanId=158656,2.644133333333,956.6182323638834,2210.0
scanId=158656,2.644133333333,956.6360432525308,1857.0
scanId=158656,2.644133333333,956.6538543318499,1476.0
scanId=158656,2.644133333333,956.671665552108,1098.0
scanId=158656,2.644133333333,957.5802582930004,1228.0
scanId=158656,2.644133333333,957.5980781351323,1372.0
scanId=158656,2.644133333333,957.615898168199,1405.0
scanId=158656,2.644133333333,957.6337183419413,1326.0
scanId=158656,2.644133333333,957.6515387066286,1147.0
scanId=158656,2.644133333333,958.6319134043018,1140.0
scanId=158656,2.644133333333,958.6497430543562,1049.0
scanId=158656,2.644133333333,961.5403334638838,1339.0
scanId=158656,2.644133333333,961.5581901147843,1812.0
scanId=158656,2.644133333333,961.5760469576954,2698.0
scanId=158656,2.644133333333,961.5939039402065,3394.0
scanId=158656,2.644133333333,961.6117611147379,3595.0
scanId=158656,2.644133333333,961.6296184288592,2983.0
scanId=158656,2.644133333333,961.647475935011,2331.0
scanId=158656,2.644133333333,961.6653335807429,1751.0
scanId=158656,2.644133333333,961.6831914185145,1173.0
scanId=158656,2.644133333333,962.5226961951521,1099.0
scanId=158656,2.644133333333,962.5405619918075,1778.0
scanId=158656,2.644133333333,962.5584279278025,2151.0
scanId=158656,2.644133333333,962.5762940560779,2918.0
scanId=158656,2.644133333333,962.5941603236837,3612.0
scanId=158656,2.644133333333,962.6120267835792,3355.0
scanId=158656,2.644133333333,962.6298933827956,2488.0
scanId=158656,2.644133333333,962.6477601743111,1700.0
scanId=158656,2.644133333333,962.6656271051377,1258.0
scanId=158656,2.644133333333,963.5770611272983,1263.0
scanId=158656,2.644133333333,963.5949366799987,1284.0
scanId=158656,2.644133333333,1015.544216515391,1071.0
scanId=158656,2.644133333333,1015.5625678026357,1961.0
scanId=158656,2.644133333333,1015.5809192164435,2163.0
scanId=158656,2.644133333333,1015.5992708353067,2126.0
scanId=158656,2.644133333333,1015.617622580725,1789.0
scanId=158656,2.644133333333,1015.6359745312061,1359.0
scanId=158656,2.644133333333,1016.5721428453434,1032.0
scanId=158656,2.644133333333,1016.590503417899,1199.0
scanId=158656,2.644133333333,1016.6088641168017,1025.0
scanId=158656,2.644133333333,1117.6547998363446,1657.0
scanId=158656,2.644133333333,1117.6740515727358,1833.0
scanId=158656,2.644133333333,1117.6933035286925,1687.0
scanId=158656,2.644133333333,1117.7125555966938,1299.0
scanId=158656,2.644133333333,1118.6368511387857,1198.0
scanId=158656,2.644133333333,1118.6561113850703,2111.0
scanId=158656,2.644133333333,1118.6753717433348,2678.0
scanId=158656,2.644133333333,1118.6946323212326,2613.0
scanId=158656,2.644133333333,1118.7138930111075,2160.0
scanId=158656,2.644133333333,1118.7331539206182,1628.0
scanId=158656,2.644133333333,1118.7524149421042,1138.0
scanId=158656,2.644133333333,1119.6964094529335,1056.0
scanId=158656,2.644133333333,1278.311933831481,1121.0
scanId=158656,2.644133333333,1514.417395027123,1395.0
scanId=158656,2.644133333333,1514.439804814685,1113.0
scanId=158656,2.644133333333,1516.3676685940568,1297.0
scanId=158656,2.644133333333,1516.3900928483677,1503.0
scanId=158656,2.644133333333,1516.4125172258086,1665.0
scanId=158656,2.644133333333,1516.4349418117292,1611.0
scanId=158656,2.644133333333,1516.4573665207586,1365.0
scanId=158656,2.644133333333,1517.3993549135962,1262.0
scanId=158656,2.644133333333,1517.4217867949485,1825.0
scanId=158656,2.644133333333,1517.444218798916,1961.0
scanId=158656,2.644133333333,1517.4666510118789,1609.0
scanId=158656,2.644133333333,1517.4890833474342,1306.0
scanId=158656,2.644133333333,1518.4089527662916,1005.0
scanId=158656,2.644133333333,1521.956421857544,1157.0
scanId=158656,2.644133333333,1521.9788873518978,1038.0
scanId=159655,2.660783333333,102.12527748278399,1316.0
scanId=159655,2.660783333333,102.13109700313582,1216.0
scanId=159655,2.660783333333,135.07622463778605,1171.0
scanId=159655,2.660783333333,135.08291756351133,1090.0
scanId=159655,2.660783333333,169.08171930622856,1163.0
scanId=159655,2.660783333333,206.14787658812693,1487.0
scanId=159655,2.660783333333,206.156144720616,1613.0
scanId=159655,2.660783333333,206.16441309231655,1154.0
scanId=159655,2.660783333333,244.07843864740929,1362.0
scanId=159655,2.660783333333,244.08743532822794,2380.0
scanId=159655,2.660783333333,244.0964322204038,2509.0
scanId=159655,2.660783333333,244.105429232833,2057.0
scanId=159655,2.660783333333,244.11442645660586,1343.0
scanId=159655,2.660783333333,248.10742179940004,1166.0
scanId=159655,2.660783333333,248.11649242936642,2464.0
scanId=159655,2.660783333333,248.1255632676533,2861.0
scanId=159655,2.660783333333,248.13463422923016,2205.0
scanId=159655,2.660783333333,248.14370539911383,1454.0
scanId=159655,2.660783333333,265.1435703767237,1279.0
scanId=159655,2.660783333333,265.1529472787309,1226.0
scanId=159655,2.660783333333,265.162324316825,1004.0
scanId=159655,2.660783333333,280.1465976254244,1046.0
scanId=159655,2.660783333333,280.1562361570418,1432.0
scanId=159655,2.660783333333,280.1658748358422,1308.0
scanId=159655,2.660783333333,290.11309575222555,1370.0
scanId=159655,2.660783333333,290.1229042156162,2649.0
scanId=159655,2.660783333333,290.132712856216,3921.0
scanId=159655,2.660783333333,290.1425216512173,4139.0
scanId=159655,2.660783333333,290.15233062341366,3232.0
scanId=159655,2.660783333333,290.16213975002535,2231.0
scanId=159655,2.660783333333,290.17194905381825,1544.0
scanId=159655,2.660783333333,290.18175851204046,1074.0
scanId=159655,2.660783333333,292.1371412897361,1678.0
scanId=159655,2.660783333333,292.1469839090111,2458.0
scanId=159655,2.660783333333,292.1568267040502,2408.0
scanId=159655,2.660783333333,292.16666965493573,2054.0
scanId=159655,2.660783333333,292.1765127815714,1350.0
scanId=159655,2.660783333333,294.1484697292405,2166.0
scanId=159655,2.660783333333,294.1583461727894,3581.0
scanId=159655,2.660783333333,294.1682227906732,4243.0
scanId=159655,2.660783333333,294.17809956583255,3765.0
scanId=159655,2.660783333333,294.18797651531276,3093.0
scanId=159655,2.660783333333,294.1978536220828,2194.0
scanId=159655,2.660783333333,294.20773090315953,1592.0
scanId=159655,2.660783333333,294.21760834154,1168.0
scanId=159655,2.660783333333,331.1968418989914,1106.0
scanId=159655,2.660783333333,368.4054846683426,1554.0
scanId=159655,2.660783333333,368.41653766604406,2206.0
scanId=159655,2.660783333333,368.4275907918437,2247.0
scanId=159655,2.660783333333,368.43864412115585,1718.0
scanId=159655,2.660783333333,368.44969757855444,1141.0
scanId=159655,2.660783333333,391.19588074331597,1150.0
scanId=159655,2.660783333333,391.2072704427044,1578.0
scanId=159655,2.660783333333,391.21866035670223,1478.0
scanId=159655,2.660783333333,391.2300503876908,1239.0
scanId=159655,2.660783333333,481.2814009308552,1129.0
scanId=159655,2.660783333333,481.29403414169934,1172.0
scanId=159655,2.660783333333,481.30666759517635,1037.0
scanId=159655,2.660783333333,481.3193011376267,1082.0
scanId=159655,2.660783333333,481.8121401571076,1077.0
scanId=159655,2.660783333333,536.1363856244848,1365.0
scanId=159655,2.660783333333,536.1497194393964,1867.0
scanId=159655,2.660783333333,536.1630533380871,1764.0
scanId=159655,2.660783333333,536.1763874846093,1589.0
scanId=159655,2.660783333333,536.1897217149098,1258.0
scanId=159655,2.660783333333,537.1368788171474,1142.0
scanId=159655,2.660783333333,537.1502249854086,2043.0
scanId=159655,2.660783333333,537.1635714015205,2304.0
scanId=159655,2.660783333333,537.1769179013918,2191.0
scanId=159655,2.660783333333,537.190264649114,1740.0
scanId=159655,2.660783333333,537.2036114805954,1156.0
scanId=159655,2.660783333333,550.5929320037319,1278.0
scanId=159655,2.660783333333,550.6064443088574,2001.0
scanId=159655,2.660783333333,550.6199568618437,2188.0
scanId=159655,2.660783333333,550.6334694985801,2073.0
scanId=159655,2.660783333333,550.6469823831769,1696.0
scanId=159655,2.660783333333,550.6604953515243,1138.0
scanId=159655,2.660783333333,551.3228359634967,1006.0
scanId=159655,2.660783333333,551.3363572221187,1309.0
scanId=159655,2.660783333333,551.3498787285891,1172.0
scanId=159655,2.660783333333,551.6338677630432,1041.0
scanId=159655,2.660783333333,552.337393505711,1333.0
scanId=159655,2.660783333333,552.350927281771,1232.0
scanId=159655,2.660783333333,593.4319428635323,1092.0
scanId=159655,2.660783333333,593.4459710708891,1337.0
scanId=159655,2.660783333333,593.4599993648234,1216.0
scanId=159655,2.660783333333,604.3251894637757,1012.0
scanId=159655,2.660783333333,604.3393457607261,3261.0
scanId=159655,2.660783333333,604.3535023013575,5917.0
scanId=159655,2.660783333333,604.3676589299223,9001.0
scanId=159655,2.660783333333,604.3818158021639,11234.0
scanId=159655,2.660783333333,604.3959727623434,10376.0
scanId=159655,2.660783333333,604.4101299661955,8041.0
scanId=159655,2.660783333333,604.4242872579892,5777.0
scanId=159655,2.660783333333,604.438444793452,4252.0
scanId=159655,2.660783333333,604.4526024168598,2865.0
scanId=159655,2.660783333333,604.4667602839332,1829.0
scanId=159655,2.660783333333,604.4809182389556,1188.0
scanId=159655,2.660783333333,605.3448694484081,1868.0
scanId=159655,2.660783333333,605.3590376834766,3283.0
scanId=159655,2.660783333333,605.3732061620868,4235.0
scanId=159655,2.660783333333,605.3873747287697,4189.0
scanId=159655,2.660783333333,605.4015435389904,3343.0
scanId=159655,2.660783333333,605.4157124372877,2738.0
scanId=159655,2.660783333333,605.4298815791188,2263.0
scanId=159655,2.660783333333,605.4440508090307,1714.0
scanId=159655,2.660783333333,605.4582202824726,1350.0
scanId=159655,2.660783333333,609.2900336409218,2230.0
scanId=159655,2.660783333333,609.3042479704104,5131.0
scanId=159655,2.660783333333,609.3184625428839,8341.0
scanId=159655,2.660783333333,609.3326772039871,9472.0
scanId=159655,2.660783333333,609.3468921080712,8181.0
scanId=159655,2.660783333333,609.3611071007888,5967.0
scanId=159655,2.660783333333,609.3753223364835,4170.0
scanId=159655,2.660783333333,609.3895376608159,2880.0
scanId=159655,2.660783333333,609.403753228121,2010.0
scanId=159655,2.660783333333,609.4179688840682,1253.0
scanId=159655,2.660783333333,610.2996657645849,1299.0
scanId=159655,2.660783333333,610.313891943427,2488.0
scanId=159655,2.660783333333,610.3281182110438,3287.0
scanId=159655,2.660783333333,610.3423447214964,3368.0
scanId=159655,2.660783333333,610.356571320728,3052.0
scanId=159655,2.660783333333,610.3707981627911,2550.0
scanId=159655,2.660783333333,610.3850250936372,1858.0
scanId=159655,2.660783333333,610.3992522673109,1250.0
scanId=159655,2.660783333333,618.3781727951484,1137.0
scanId=159655,2.660783333333,618.3924928197698,1039.0
scanId=159655,2.660783333333,623.314030147332,1581.0
scanId=159655,2.660783333333,623.3284072089641,2111.0
scanId=159655,2.660783333333,623.3427843614415,1936.0
scanId=159655,2.660783333333,623.3571617546842,1439.0
scanId=159655,2.660783333333,623.3715392387771,1073.0
scanId=159655,2.660783333333,646.3829545611452,1069.0
scanId=159655,2.660783333333,646.397595253147,1133.0
scanId=159655,2.660783333333,646.4122360403966,1221.0
scanId=159655,2.660783333333,646.426877064009,1138.0
scanId=159655,2.660783333333,646.4415181828753,1014.0
scanId=159655,2.660783333333,647.4228532535109,1115.0
scanId=159655,2.660783333333,647.437505647345,1245.0
scanId=159655,2.660783333333,647.4521582773258,1043.0
scanId=159655,2.660783333333,660.4107150847001,1397.0
scanId=159655,2.660783333333,660.4255137216513,2142.0
scanId=159655,2.660783333333,660.4403125918748,2292.0
scanId=159655,2.660783333333,660.4551115604432,1903.0
scanId=159655,2.660783333333,660.4699107622774,1358.0
scanId=159655,2.660783333333,660.4847100624634,1014.0
scanId=159655,2.660783333333,661.4322123114382,1160.0
scanId=159655,2.660783333333,661.4470224564197,1447.0
scanId=159655,2.660783333333,661.4618326999794,1210.0
scanId=159655,2.660783333333,661.4766431765713,1045.0
scanId=159655,2.660783333333,663.3885805791531,2655.0
scanId=159655,2.660783333333,663.4034126104293,8886.0
scanId=159655,2.660783333333,663.4182447407413,16725.0
scanId=159655,2.660783333333,663.4330771036281,23006.0
scanId=159655,2.660783333333,663.4479095655576,25722.0
scanId=159655,2.660783333333,663.462742260055,23230.0
scanId=159655,2.660783333333,663.4775750536019,17812.0
scanId=159655,2.660783333333,663.4924080797097,12413.0
scanId=159655,2.660783333333,663.5072412048743,8467.0
scanId=159655,2.660783333333,663.5220745625926,5742.0
scanId=159655,2.660783333333,663.5369080193746,3985.0
scanId=159655,2.660783333333,663.5517417087036,2725.0
scanId=159655,2.660783333333,663.566575497103,1772.0
scanId=159655,2.660783333333,663.5814095180426,1119.0
scanId=159655,2.660783333333,664.3975341440878,1710.0
scanId=159655,2.660783333333,664.4123774501221,4777.0
scanId=159655,2.660783333333,664.4272208554299,8275.0
scanId=159655,2.660783333333,664.4420644930748,11740.0
scanId=159655,2.660783333333,664.4569082300002,13096.0
scanId=159655,2.660783333333,664.4717521992554,10761.0
scanId=159655,2.660783333333,664.4865962677985,7510.0
scanId=159655,2.660783333333,664.5014405686643,5016.0
scanId=159655,2.660783333333,664.5162849688248,3340.0
scanId=159655,2.660783333333,664.5311296013012,2289.0
scanId=159655,2.660783333333,664.5459743330792,1453.0
scanId=159655,2.660783333333,665.4221089814732,1010.0
scanId=159655,2.660783333333,665.4369636617787,1662.0
scanId=159655,2.660783333333,665.4518185741814,1987.0
scanId=159655,2.660783333333,665.4666735861043,2049.0
scanId=159655,2.660783333333,665.4815288301177,1895.0
scanId=159655,2.660783333333,665.4963841736583,1390.0
scanId=159655,2.660783333333,680.4347473021767,1008.0
scanId=159655,2.660783333333,680.4497686830643,1764.0
scanId=159655,2.660783333333,680.4647901671929,2392.0
scanId=159655,2.660783333333,680.4798118796912,2470.0
scanId=159655,2.660783333333,680.494833695438,2128.0
scanId=159655,2.660783333333,680.5098557395468,1520.0
scanId=159655,2.660783333333,681.4716094397432,1045.0
scanId=159655,2.660783333333,681.4866421988937,1231.0
scanId=159655,2.660783333333,681.5016751861499,1132.0
scanId=159655,2.660783333333,685.4007935164914,1561.0
scanId=159655,2.660783333333,685.4158696131161,2340.0
scanId=159655,2.660783333333,685.4309458142773,2597.0
scanId=159655,2.660783333333,685.4460222425125,2094.0
scanId=159655,2.660783333333,685.4610987752919,1613.0
scanId=159655,2.660783333333,685.4761755351378,1149.0
scanId=159655,2.660783333333,686.41125656812,1804.0
scanId=159655,2.660783333333,686.4263437126917,2471.0
scanId=159655,2.660783333333,686.4414310840745,2139.0
scanId=159655,2.660783333333,686.4565185602646,1560.0
scanId=159655,2.660783333333,686.471606263258,1110.0
scanId=159655,2.660783333333,687.4375621820752,1031.0
scanId=159655,2.660783333333,696.420046808328,1081.0
scanId=159655,2.660783333333,696.4352436111849,1275.0
scanId=159655,2.660783333333,696.450440521556,1208.0
scanId=159655,2.660783333333,709.4891606665145,1144.0
scanId=159655,2.660783333333,709.5044993986775,1096.0
scanId=159655,2.660783333333,722.4475780194828,1117.0
scanId=159655,2.660783333333,722.4630561431144,2171.0
scanId=159655,2.660783333333,722.4785344833093,2756.0
scanId=159655,2.660783333333,722.4940129385607,2797.0
scanId=159655,2.660783333333,722.5094916103661,2560.0
scanId=159655,2.660783333333,722.5249703972373,2164.0
scanId=159655,2.660783333333,722.5404494006534,1881.0
scanId=159655,2.660783333333,722.5559285191445,1540.0
scanId=159655,2.660783333333,722.571407854171,1261.0
scanId=159655,2.660783333333,723.4694915114103,1333.0
scanId=159655,2.660783333333,723.484980578498,1541.0
scanId=159655,2.660783333333,723.5004698618403,1656.0
scanId=159655,2.660783333333,723.5159592605478,1526.0
scanId=159655,2.660783333333,723.5314488755009,1159.0
scanId=159655,2.660783333333,723.5469386058282,1013.0
scanId=159655,2.660783333333,736.4606169595852,2815.0
scanId=159655,2.660783333333,736.4762445245176,7584.0
scanId=159655,2.660783333333,736.4918722088086,16697.0
scanId=159655,2.660783333333,736.5075001053515,31354.0
scanId=159655,2.660783333333,736.5231281212626,43470.0
scanId=159655,2.660783333333,736.5387563494161,45862.0
scanId=159655,2.660783333333,736.5543846969474,40389.0
scanId=159655,2.660783333333,736.5700132567116,32096.0
scanId=159655,2.660783333333,736.5856419358632,23037.0
scanId=159655,2.660783333333,736.6012708272378,15644.0
scanId=159655,2.660783333333,736.6168998380098,10942.0
scanId=159655,2.660783333333,736.6325290609949,7997.0
scanId=159655,2.660783333333,736.6481584033871,5952.0
scanId=159655,2.660783333333,736.6637879579829,4107.0
scanId=159655,2.660783333333,736.6794176319954,2667.0
scanId=159655,2.660783333333,736.6950475182018,1878.0
scanId=159655,2.660783333333,736.7106775238345,1351.0
scanId=159655,2.660783333333,736.7263077416512,1274.0
scanId=159655,2.660783333333,736.7419380789046,1181.0
scanId=159655,2.660783333333,736.8357237234992,1086.0
scanId=159655,2.660783333333,737.4611138972249,1102.0
scanId=159655,2.660783333333,737.4767520736943,2721.0
scanId=159655,2.660783333333,737.4923903698352,6802.0
scanId=159655,2.660783333333,737.5080288779151,13944.0
scanId=159655,2.660783333333,737.5236675056763,21362.0
scanId=159655,2.660783333333,737.5393063453666,22697.0
scanId=159655,2.660783333333,737.554945304748,19884.0
scanId=159655,2.660783333333,737.5705844760491,15911.0
scanId=159655,2.660783333333,737.586223767051,11547.0
scanId=159655,2.660783333333,737.6018632699626,7757.0
scanId=159655,2.660783333333,737.6175028925846,5292.0
scanId=159655,2.660783333333,737.6331427271066,3544.0
scanId=159655,2.660783333333,737.6487826813493,2316.0
scanId=159655,2.660783333333,737.6644228474818,1658.0
scanId=159655,2.660783333333,737.6800631333443,1249.0
scanId=159655,2.660783333333,738.4779387712679,1446.0
scanId=159655,2.660783333333,738.4935876792596,2533.0
scanId=159655,2.660783333333,738.5092367988764,4918.0
scanId=159655,2.660783333333,738.5248860384886,7274.0
scanId=159655,2.660783333333,738.5405354897159,8398.0
scanId=159655,2.660783333333,738.5561850609486,8077.0
scanId=159655,2.660783333333,738.5718348437864,6556.0
scanId=159655,2.660783333333,738.5874847466392,4949.0
scanId=159655,2.660783333333,738.6031348610877,3526.0
scanId=159655,2.660783333333,738.6187850955608,2602.0
scanId=159655,2.660783333333,738.6344355416197,1958.0
scanId=159655,2.660783333333,738.6500861077135,1328.0
scanId=159655,2.660783333333,739.5267837197292,1178.0
scanId=159655,2.660783333333,739.5424437824934,1412.0
scanId=159655,2.660783333333,739.558103965578,1420.0
scanId=159655,2.660783333333,739.5737643599527,1188.0
scanId=159655,2.660783333333,760.6123428241862,1042.0
scanId=159655,2.660783333333,764.5083214386192,1977.0
scanId=159655,2.660783333333,764.5242438053109,5368.0
scanId=159655,2.660783333333,764.5401663003796,10286.0
scanId=159655,2.660783333333,764.556088998682,14549.0
scanId=159655,2.660783333333,764.5720118253716,15402.0
scanId=159655,2.660783333333,764.5879348552845,13612.0
scanId=159655,2.660783333333,764.6038580135952,10527.0
scanId=159655,2.660783333333,764.6197813751185,7535.0
scanId=159655,2.660783333333,764.6357048650505,5305.0
scanId=159655,2.660783333333,764.6516285581841,3491.0
scanId=159655,2.660783333333,764.667552379737,2115.0
scanId=159655,2.660783333333,764.6834764044814,1240.0
scanId=159655,2.660783333333,765.5276859778028,2150.0
scanId=159655,2.660783333333,765.5436189560313,4810.0
scanId=159655,2.660783333333,765.559552062973,6940.0
scanId=159655,2.660783333333,765.5754853728121,7298.0
scanId=159655,2.660783333333,765.5914188113745,6332.0
scanId=159655,2.660783333333,765.6073524528243,4831.0
scanId=159655,2.660783333333,765.6232862230079,3491.0
scanId=159655,2.660783333333,765.639220196068,2267.0
scanId=159655,2.660783333333,765.6551542978727,1451.0
scanId=159655,2.660783333333,766.5317862789125,1389.0
scanId=159655,2.660783333333,766.5477296661063,2248.0
scanId=159655,2.660783333333,766.5636732558718,2948.0
scanId=159655,2.660783333333,766.5796169746869,2480.0
scanId=159655,2.660783333333,766.5955608960628,2109.0
scanId=159655,2.660783333333,766.6115049464988,1864.0
scanId=159655,2.660783333333,766.6274491994856,1649.0
scanId=159655,2.660783333333,766.6433935815426,1359.0
scanId=159655,2.660783333333,773.4507885579936,1576.0
scanId=159655,2.660783333333,773.4668037756333,1787.0
scanId=159655,2.660783333333,773.4828191246118,1326.0
scanId=159655,2.660783333333,774.4600700234753,1143.0
scanId=159655,2.660783333333,774.4760956527113,1034.0
scanId=159655,2.660783333333,792.5126957836519,1002.0
scanId=159655,2.660783333333,792.5451186519286,1217.0
scanId=159655,2.660783333333,792.5613303207549,1629.0
scanId=159655,2.660783333333,792.5775421834373,1687.0
scanId=159655,2.660783333333,792.5937541838853,1464.0
scanId=159655,2.660783333333,792.6099663781782,1217.0
scanId=159655,2.660783333333,792.6261787102476,1001.0
scanId=159655,2.660783333333,796.7332298604863,1034.0
scanId=159655,2.660783333333,796.749484308492,1018.0
scanId=159655,2.660783333333,805.4530515030756,1103.0
scanId=159655,2.660783333333,805.4693946835271,1635.0
scanId=159655,2.660783333333,805.485738006129,1536.0
scanId=159655,2.660783333333,805.5020815181911,1067.0
scanId=159655,2.660783333333,810.7077245436453,1071.0
scanId=159655,2.660783333333,810.7241209257202,1914.0
scanId=159655,2.660783333333,810.7405174954665,2585.0
scanId=159655,2.660783333333,810.7569142091629,2405.0
scanId=159655,2.660783333333,810.7733111105201,2127.0
scanId=159655,2.660783333333,810.7897081558382,1787.0
scanId=159655,2.660783333333,810.8061053888056,1306.0
scanId=159655,2.660783333333,811.7246144531033,1243.0
scanId=159655,2.660783333333,811.7410211154516,1634.0
scanId=159655,2.660783333333,811.7574279651244,1734.0
scanId=159655,2.660783333333,811.7738349590949,1477.0
scanId=159655,2.660783333333,811.7902421403782,1048.0
scanId=159655,2.660783333333,822.6881761111754,2181.0
scanId=159655,2.660783333333,822.704693203578,4849.0
scanId=159655,2.660783333333,822.7212104795566,8284.0
scanId=159655,2.660783333333,822.7377279035809,10261.0
scanId=159655,2.660783333333,822.7542455111701,10112.0
scanId=159655,2.660783333333,822.7707632668163,8802.0
scanId=159655,2.660783333333,822.7872812060159,6877.0
scanId=159655,2.660783333333,822.8037992932842,4896.0
scanId=159655,2.660783333333,822.8203175640944,3396.0
scanId=159655,2.660783333333,822.8368359829843,2230.0
scanId=159655,2.660783333333,822.8533545854049,1319.0
scanId=159655,2.660783333333,823.6960227097422,1539.0
scanId=159655,2.660783333333,823.7125499340368,2893.0
scanId=159655,2.660783333333,823.729077306716,5044.0
scanId=159655,2.660783333333,823.7456048626209,6584.0
scanId=159655,2.660783333333,823.7621325669221,6222.0
scanId=159655,2.660783333333,823.7786604544375,4495.0
scanId=159655,2.660783333333,823.7951884903604,3115.0
scanId=159655,2.660783333333,823.8117167094864,2223.0
scanId=159655,2.660783333333,823.828245077031,1511.0
scanId=159655,2.660783333333,824.7375611231931,1920.0
scanId=159655,2.660783333333,824.7540987761491,2924.0
scanId=159655,2.660783333333,824.7706366119805,2851.0
scanId=159655,2.660783333333,824.7871745965584,2255.0
scanId=159655,2.660783333333,824.8037127640004,1663.0
scanId=159655,2.660783333333,824.8202510801999,1171.0
scanId=159655,2.660783333333,827.6673098256617,1767.0
scanId=159655,2.660783333333,827.6838768432194,2678.0
scanId=159655,2.660783333333,827.7004440105196,3176.0
scanId=159655,2.660783333333,827.7170113596878,3158.0
scanId=159655,2.660783333333,827.7335788586098,2759.0
scanId=159655,2.660783333333,827.7501465393885,2317.0
scanId=159655,2.660783333333,827.7667143699323,1942.0
scanId=159655,2.660783333333,827.7832823823218,1521.0
scanId=159655,2.660783333333,827.7998505444872,1046.0
scanId=159655,2.660783333333,828.6782008433544,1324.0
scanId=159655,2.660783333333,828.69477795931,1581.0
scanId=159655,2.660783333333,828.7113552567941,1932.0
scanId=159655,2.660783333333,828.7279327043716,2074.0
scanId=159655,2.660783333333,828.7445103334663,1812.0
scanId=159655,2.660783333333,828.7610881126656,1420.0
scanId=159655,2.660783333333,828.7776660733707,1006.0
scanId=159655,2.660783333333,829.6897088172449,1145.0
scanId=159655,2.660783333333,829.706296063045,1617.0
scanId=159655,2.660783333333,829.7228834592781,1709.0
scanId=159655,2.660783333333,829.7394710366885,1489.0
scanId=159655,2.660783333333,829.7560587645437,1073.0
scanId=159655,2.660783333333,836.7042521999715,1017.0
scanId=159655,2.660783333333,836.7209094155927,1729.0
scanId=159655,2.660783333333,836.7375667840408,2588.0
scanId=159655,2.660783333333,836.7542243312729,2936.0
scanId=159655,2.660783333333,836.7708820313429,2772.0
scanId=159655,2.660783333333,836.7875399101854,2147.0
scanId=159655,2.660783333333,836.8041979418772,1593.0
scanId=159655,2.660783333333,836.8208561523301,1134.0
scanId=159655,2.660783333333,837.7206453920929,1165.0
scanId=159655,2.660783333333,837.7373127091975,1370.0
scanId=159655,2.660783333333,837.7539802047451,1420.0
scanId=159655,2.660783333333,837.7706478534718,1189.0
scanId=159655,2.660783333333,838.7710105847722,1101.0
scanId=159655,2.660783333333,838.7876883602461,1062.0
scanId=159655,2.660783333333,841.7088514326214,1191.0
scanId=159655,2.660783333333,841.7255583898219,1523.0
scanId=159655,2.660783333333,841.7422655015531,1323.0
scanId=159655,2.660783333333,842.7282789121932,1050.0
scanId=159655,2.660783333333,842.7449959725815,1006.0
scanId=159655,2.660783333333,843.6981428124874,1032.0
scanId=159655,2.660783333333,843.7148694899104,1071.0
scanId=159655,2.660783333333,848.7068078592455,1531.0
scanId=159655,2.660783333333,848.7235841230464,3356.0
scanId=159655,2.660783333333,848.7403605437531,5246.0
scanId=159655,2.660783333333,848.7571371391643,5965.0
scanId=159655,2.660783333333,848.7739138914932,5525.0
scanId=159655,2.660783333333,848.7906908185149,4238.0
scanId=159655,2.660783333333,848.8074679024655,3103.0
scanId=159655,2.660783333333,848.8242451610981,2107.0
scanId=159655,2.660783333333,848.8410225766704,1401.0
scanId=159655,2.660783333333,848.8578001669133,1007.0
scanId=159655,2.660783333333,849.7136769005757,1927.0
scanId=159655,2.660783333333,849.7304631126922,2517.0
scanId=159655,2.660783333333,849.747249482056,2671.0
scanId=159655,2.660783333333,849.764036025783,2744.0
scanId=159655,2.660783333333,849.7808227267684,2631.0
scanId=159655,2.660783333333,849.7976096021061,2121.0
scanId=159655,2.660783333333,849.8143966347135,1342.0
scanId=159655,2.660783333333,850.7379390115149,1603.0
scanId=159655,2.660783333333,850.754735329535,2100.0
scanId=159655,2.660783333333,850.7715318215782,2206.0
scanId=159655,2.660783333333,850.7883284712202,1778.0
scanId=159655,2.660783333333,850.8051252948736,1595.0
scanId=159655,2.660783333333,850.8219222761378,1322.0
scanId=159655,2.660783333333,853.6966451507658,1030.0
scanId=159655,2.660783333333,853.713470651512,1153.0
scanId=159655,2.660783333333,853.7302963252814,1152.0
scanId=159655,2.660783333333,853.7471221576496,1154.0
scanId=159655,2.660783333333,853.7639481630296,1103.0
scanId=159655,2.660783333333,853.7807743270196,1027.0
scanId=159655,2.660783333333,854.6896336018616,1325.0
scanId=159655,2.660783333333,854.7064688923363,1446.0
scanId=159655,2.660783333333,854.7233043417392,1099.0
scanId=159655,2.660783333333,860.710367517269,1140.0
scanId=159655,2.660783333333,860.7272619953651,2052.0
scanId=159655,2.660783333333,860.7441566441245,2809.0
scanId=159655,2.660783333333,860.7610514538425,3082.0
scanId=159655,2.660783333333,860.7779464342121,2596.0
scanId=159655,2.660783333333,860.7948415755521,1981.0
scanId=159655,2.660783333333,860.8117368875323,1435.0
scanId=159655,2.660783333333,860.828632360494,1002.0
scanId=159655,2.660783333333,864.7528641087287,1465.0
scanId=159655,2.660783333333,864.7697982191407,1758.0
scanId=159655,2.660783333333,864.7867324918593,1548.0
scanId=159655,2.660783333333,864.8036669338818,1146.0
scanId=159655,2.660783333333,868.5502456717408,1348.0
scanId=159655,2.660783333333,868.567216922532,1982.0
scanId=159655,2.660783333333,868.5841883368959,2479.0
scanId=159655,2.660783333333,868.6011599192974,2336.0
scanId=159655,2.660783333333,868.6181316652834,1804.0
scanId=159655,2.660783333333,868.6351035792956,1225.0
scanId=159655,2.660783333333,869.5688141324662,1372.0
scanId=159655,2.660783333333,869.5857953315731,1982.0
scanId=159655,2.660783333333,869.6027766945917,2439.0
scanId=159655,2.660783333333,869.6197582253092,2374.0
scanId=159655,2.660783333333,869.6367399199495,2018.0
scanId=159655,2.660783333333,869.6537217822777,1592.0
scanId=159655,2.660783333333,869.6707038085398,1156.0
scanId=159655,2.660783333333,869.6876860024785,1120.0
scanId=159655,2.660783333333,869.7046683603625,1159.0
scanId=159655,2.660783333333,872.7131578458574,1047.0
scanId=159655,2.660783333333,872.730169718082,1576.0
scanId=159655,2.660783333333,872.7471817569683,2182.0
scanId=159655,2.660783333333,872.7641939608147,2461.0
scanId=159655,2.660783333333,872.7812063313112,2407.0
scanId=159655,2.660783333333,872.7982188667797,1907.0
scanId=159655,2.660783333333,872.8152315688868,1234.0
scanId=159655,2.660783333333,873.7171420296497,1033.0
scanId=159655,2.660783333333,873.7341636852412,1062.0
scanId=159655,2.660783333333,873.7511855061197,1451.0
scanId=159655,2.660783333333,873.7682074933215,1651.0
scanId=159655,2.660783333333,873.7852296458219,1488.0
scanId=159655,2.660783333333,873.8022519646343,1137.0
scanId=159655,2.660783333333,874.7557664337091,1686.0
scanId=159655,2.660783333333,874.7727982032413,2106.0
scanId=159655,2.660783333333,874.7898301387589,2172.0
scanId=159655,2.660783333333,874.8068622399127,2197.0
scanId=159655,2.660783333333,874.8238945070411,1733.0
scanId=159655,2.660783333333,874.8409269398167,1218.0
scanId=159655,2.660783333333,876.7837111573313,1184.0
scanId=159655,2.660783333333,876.8007626578703,1137.0
scanId=159655,2.660783333333,878.7627911881796,1057.0
scanId=159655,2.660783333333,878.7798619221293,1805.0
scanId=159655,2.660783333333,878.7969328230292,2338.0
scanId=159655,2.660783333333,878.8140038885892,2554.0
scanId=159655,2.660783333333,878.8310751211113,2307.0
scanId=159655,2.660783333333,878.8481465182817,2028.0
scanId=159655,2.660783333333,878.8652180824254,1283.0
scanId=159655,2.660783333333,879.787328739708,1469.0
scanId=159655,2.660783333333,879.8044094219732,1517.0
scanId=159655,2.660783333333,879.8214902715258,1174.0
scanId=159655,2.660783333333,880.7441023324012,1017.0
scanId=159655,2.660783333333,880.7611922997612,1199.0
scanId=159655,2.660783333333,880.7782824347223,1383.0
scanId=159655,2.660783333333,880.795372733693,1444.0
scanId=159655,2.660783333333,880.8124632002757,1308.0
scanId=159655,2.660783333333,880.8295538308569,1085.0
scanId=159655,2.660783333333,898.7280924303245,1373.0
scanId=159655,2.660783333333,898.7453560033994,2588.0
scanId=159655,2.660783333333,898.7626197346759,4257.0
scanId=159655,2.660783333333,898.7798836393724,5197.0
scanId=159655,2.660783333333,898.7971477022595,4447.0
scanId=159655,2.660783333333,898.8144119385773,3220.0
scanId=159655,2.660783333333,898.8316763330752,2358.0
scanId=159655,2.660783333333,898.8489409010144,1702.0
scanId=159655,2.660783333333,898.8662056271226,1202.0
scanId=159655,2.660783333333,899.7296535287279,1324.0
scanId=159655,2.660783333333,899.7469267188266,2258.0
scanId=159655,2.660783333333,899.7642000668085,2957.0
scanId=159655,2.660783333333,899.7814735885289,3325.0
scanId=159655,2.660783333333,899.7987472681214,3675.0
scanId=159655,2.660783333333,899.816021121463,3261.0
scanId=159655,2.660783333333,899.8332951326662,2344.0
scanId=159655,2.660783333333,899.8505693176294,1520.0
scanId=159655,2.660783333333,899.8678436604429,1001.0
scanId=159655,2.660783333333,900.7490552123954,1588.0
scanId=159655,2.660783333333,900.7663381770826,2938.0
scanId=159655,2.660783333333,900.7836213158265,3765.0
scanId=159655,2.660783333333,900.8009046121242,3989.0
scanId=159655,2.660783333333,900.8181880824894,3145.0
scanId=159655,2.660783333333,900.8354717103979,2127.0
scanId=159655,2.660783333333,900.8527555123845,1471.0
scanId=159655,2.660783333333,900.8700394719033,1139.0
scanId=159655,2.660783333333,901.7517414840937,1432.0
scanId=159655,2.660783333333,901.7690340654863,2127.0
scanId=159655,2.660783333333,901.7863268212532,2386.0
scanId=159655,2.660783333333,901.8036197342561,2071.0
scanId=159655,2.660783333333,901.8209128216445,1421.0
scanId=159655,2.660783333333,901.8382060662582,1011.0
scanId=159655,2.660783333333,903.6722307473483,1307.0
scanId=159655,2.660783333333,903.6895417422957,1718.0
scanId=159655,2.660783333333,903.7068528938779,2382.0
scanId=159655,2.660783333333,903.7241642204466,3040.0
scanId=159655,2.660783333333,903.7414757036391,3068.0
scanId=159655,2.660783333333,903.7587873618296,2792.0
scanId=159655,2.660783333333,903.7760991766328,2163.0
scanId=159655,2.660783333333,903.7934111664443,1866.0
scanId=159655,2.660783333333,903.8107233128582,1536.0
scanId=159655,2.660783333333,904.7111836491414,1454.0
scanId=159655,2.660783333333,904.728504592732,2019.0
scanId=159655,2.660783333333,904.7458256926299,2002.0
scanId=159655,2.660783333333,904.763146967842,1708.0
scanId=159655,2.660783333333,904.7804683993504,1387.0
scanId=159655,2.660783333333,904.7977900061838,1445.0
scanId=159655,2.660783333333,904.8151117693029,1479.0
scanId=159655,2.660783333333,904.8324337077579,1369.0
scanId=159655,2.660783333333,904.8497558024876,1006.0
scanId=159655,2.660783333333,905.7160721824849,1255.0
scanId=159655,2.660783333333,905.7334027430969,1415.0
scanId=159655,2.660783333333,905.7507334597001,1441.0
scanId=159655,2.660783333333,905.7680643519336,1227.0
scanId=159655,2.660783333333,905.7853954001473,1110.0
scanId=159655,2.660783333333,905.8027266240022,1218.0
scanId=159655,2.660783333333,905.8200580038267,1146.0
scanId=159655,2.660783333333,916.8066593986466,1054.0
scanId=159655,2.660783333333,916.8240957464619,1327.0
scanId=159655,2.660783333333,916.8415322468235,1188.0
scanId=159655,2.660783333333,919.7033627749347,1029.0
scanId=159655,2.660783333333,919.7208266473099,1057.0
scanId=159655,2.660783333333,927.5613146001206,1466.0
scanId=159655,2.660783333333,927.5788529049145,1368.0
scanId=159655,2.660783333333,940.7792833325688,1118.0
scanId=159655,2.660783333333,940.7969461775173,1165.0
scanId=159655,2.660783333333,954.8201854182012,1127.0
scanId=159655,2.660783333333,954.8379795848837,1055.0
scanId=159655,2.660783333333,956.5648006430691,1432.0
scanId=159655,2.660783333333,956.5826110591474,1968.0
scanId=159655,2.660783333333,956.6004216161843,2362.0
scanId=159655,2.660783333333,956.6182323638834,2143.0
scanId=159655,2.660783333333,956.6360432525308,1862.0
scanId=159655,2.660783333333,956.6538543318499,1438.0
scanId=159655,2.660783333333,956.671665552108,1075.0
scanId=159655,2.660783333333,956.867600067497,1022.0
scanId=159655,2.660783333333,957.5980781351323,1618.0
scanId=159655,2.660783333333,957.615898168199,1829.0
scanId=159655,2.660783333333,957.6337183419413,1645.0
scanId=159655,2.660783333333,957.6515387066286,1432.0
scanId=159655,2.660783333333,957.6693592119813,1108.0
scanId=159655,2.660783333333,958.5962546270305,1058.0
scanId=159655,2.660783333333,958.6140839454646,1108.0
scanId=159655,2.660783333333,961.5224769525927,1425.0
scanId=159655,2.660783333333,961.5403334638838,2529.0
scanId=159655,2.660783333333,961.5581901147843,3996.0
scanId=159655,2.660783333333,961.5760469576954,5442.0
scanId=159655,2.660783333333,961.5939039402065,5796.0
scanId=159655,2.660783333333,961.6117611147379,5217.0
scanId=159655,2.660783333333,961.6296184288592,3950.0
scanId=159655,2.660783333333,961.647475935011,3087.0
scanId=159655,2.660783333333,961.6653335807429,2228.0
scanId=159655,2.660783333333,961.6831914185145,1530.0
scanId=159655,2.660783333333,961.7010493958572,1022.0
scanId=159655,2.660783333333,962.5584279278025,2076.0
scanId=159655,2.660783333333,962.5762940560779,3205.0
scanId=159655,2.660783333333,962.5941603236837,4344.0
scanId=159655,2.660783333333,962.6120267835792,4531.0
scanId=159655,2.660783333333,962.6298933827956,3984.0
scanId=159655,2.660783333333,962.6477601743111,3150.0
scanId=159655,2.660783333333,962.6656271051377,2291.0
scanId=159655,2.660783333333,962.6834942282737,1526.0
scanId=159655,2.660783333333,962.7013614907108,1004.0
scanId=159655,2.660783333333,963.5770611272983,1294.0
scanId=159655,2.660783333333,963.5949366799987,1947.0
scanId=159655,2.660783333333,963.6128124252574,2025.0
scanId=159655,2.660783333333,963.6306883095685,1583.0
scanId=159655,2.660783333333,963.6485643864474,1047.0
scanId=159655,2.660783333333,1015.5625678026357,1555.0
scanId=159655,2.660783333333,1015.5809192164435,2022.0
scanId=159655,2.660783333333,1015.5992708353067,2196.0
scanId=159655,2.660783333333,1015.617622580725,1893.0
scanId=159655,2.660783333333,1015.6359745312061,1367.0
scanId=159655,2.660783333333,1016.590503417899,1271.0
scanId=159655,2.660783333333,1016.6088641168017,1679.0
scanId=159655,2.660783333333,1016.6272250209755,1822.0
scanId=159655,2.660783333333,1016.6455860514886,1677.0
scanId=159655,2.660783333333,1016.6639472872808,1202.0
scanId=159655,2.660783333333,1041.6213778014173,1032.0
scanId=159655,2.660783333333,1042.6066318267276,1498.0
scanId=159655,2.660783333333,1042.625225979442,1762.0
scanId=159655,2.660783333333,1042.6438203424527,1427.0
scanId=159655,2.660783333333,1117.635548212001,1378.0
scanId=159655,2.660783333333,1117.6547998363446,1541.0
scanId=159655,2.660783333333,1117.6740515727358,1881.0
scanId=159655,2.660783333333,1117.6933035286925,2106.0
scanId=159655,2.660783333333,1117.7125555966938,2081.0
scanId=159655,2.660783333333,1117.7318078842636,1526.0
scanId=159655,2.660783333333,1118.6368511387857,1102.0
scanId=159655,2.660783333333,1118.6561113850703,1786.0
scanId=159655,2.660783333333,1118.6753717433348,2216.0
scanId=159655,2.660783333333,1118.6946323212326,2929.0
scanId=159655,2.660783333333,1118.7138930111075,2929.0
scanId=159655,2.660783333333,1118.7331539206182,2405.0
scanId=159655,2.660783333333,1118.7524149421042,1764.0
scanId=159655,2.660783333333,1118.771676183228,1326.0
scanId=159655,2.660783333333,1118.790937536324,1006.0
scanId=159655,2.660783333333,1276.3361639461334,1020.0
scanId=159655,2.660783333333,1276.3567370288908,1129.0
scanId=159655,2.660783333333,1276.3773102332348,1189.0
scanId=159655,2.660783333333,1342.8919854130625,1200.0
scanId=159655,2.660783333333,1342.9130880616597,1136.0
scanId=159655,2.660783333333,1343.905098897537,1308.0
scanId=159655,2.660783333333,1343.9262095044883,1332.0
scanId=159655,2.660783333333,1343.9473202494978,1058.0
scanId=159655,2.660783333333,1515.3811664847838,1027.0
scanId=159655,2.660783333333,1515.4035834436627,1415.0
scanId=159655,2.660783333333,1515.426000526165,1408.0
scanId=159655,2.660783333333,1515.448417816654,1040.0
scanId=159655,2.660783333333,1516.4125172258086,1302.0
scanId=159655,2.660783333333,1516.4349418117292,1410.0
scanId=159655,2.660783333333,1516.4573665207586,1207.0
scanId=159655,2.660783333333,1516.4797914382898,1074.0
scanId=159655,2.660783333333,1516.5022164789073,1021.0
scanId=159655,2.660783333333,1517.4217867949485,1020.0
scanId=159655,2.660783333333,1519.3964397257382,1095.0
scanId=159655,2.660783333333,1519.4188863195789,1149.0
scanId=159655,2.660783333333,1521.9339564835284,1234.0
scanId=159655,2.660783333333,1521.956421857544,1690.0
scanId=159655,2.660783333333,1521.9788873518978,1968.0
scanId=159655,2.660783333333,1522.001353057524,1729.0
scanId=159655,2.660783333333,1522.0238188834655,1286.0
scanId=160653,2.677416666667,206.1396085480254,1402.0
scanId=160653,2.677416666667,206.14787658812693,1799.0
scanId=160653,2.677416666667,206.156144720616,1514.0
scanId=160653,2.677416666667,206.16441309231655,1274.0
scanId=160653,2.677416666667,206.17268155641617,1013.0
scanId=160653,2.677416666667,216.09583026504714,1011.0
scanId=160653,2.677416666667,248.11649242936642,1637.0
scanId=160653,2.677416666667,248.1255632676533,1956.0
scanId=160653,2.677416666667,248.13463422923016,1688.0
scanId=160653,2.677416666667,248.14370539911383,1129.0
scanId=160653,2.677416666667,262.09554256576735,1389.0
scanId=160653,2.677416666667,262.1048654175388,1532.0
scanId=160653,2.677416666667,262.1141884031169,1160.0
scanId=160653,2.677416666667,265.1435703767237,1052.0
scanId=160653,2.677416666667,265.1529472787309,1464.0
scanId=160653,2.677416666667,265.162324316825,1636.0
scanId=160653,2.677416666667,265.17170155042874,1243.0
scanId=160653,2.677416666667,273.15471473243576,1496.0
scanId=160653,2.677416666667,273.16423223135126,1856.0
scanId=160653,2.677416666667,273.17374987230903,1640.0
scanId=160653,2.677416666667,273.18326770282096,1116.0
scanId=160653,2.677416666667,277.12830134585647,1001.0
scanId=160653,2.677416666667,277.1378878168327,1194.0
scanId=160653,2.677416666667,290.11309575222555,1382.0
scanId=160653,2.677416666667,290.1229042156162,2872.0
scanId=160653,2.677416666667,290.132712856216,3258.0
scanId=160653,2.677416666667,290.1425216512173,2623.0
scanId=160653,2.677416666667,290.15233062341366,1924.0
scanId=160653,2.677416666667,290.16213975002535,1561.0
scanId=160653,2.677416666667,290.17194905381825,1107.0
scanId=160653,2.677416666667,292.1371412897361,1415.0
scanId=160653,2.677416666667,292.1469839090111,1812.0
scanId=160653,2.677416666667,292.1568267040502,1680.0
scanId=160653,2.677416666667,292.16666965493573,1307.0
scanId=160653,2.677416666667,294.1484697292405,2433.0
scanId=160653,2.677416666667,294.1583461727894,3996.0
scanId=160653,2.677416666667,294.1682227906732,4032.0
scanId=160653,2.677416666667,294.17809956583255,3321.0
scanId=160653,2.677416666667,294.18797651531276,2429.0
scanId=160653,2.677416666667,294.1978536220828,1670.0
scanId=160653,2.677416666667,294.20773090315953,1053.0
scanId=160653,2.677416666667,331.20732187370083,1063.0
scanId=160653,2.677416666667,368.4054846683426,1534.0
scanId=160653,2.677416666667,368.41653766604406,2206.0
scanId=160653,2.677416666667,368.4275907918437,2172.0
scanId=160653,2.677416666667,368.43864412115585,1676.0
scanId=160653,2.677416666667,368.44969757855444,1122.0
scanId=160653,2.677416666667,391.19588074331597,1016.0
scanId=160653,2.677416666667,391.2072704427044,1096.0
scanId=160653,2.677416666667,414.25988446956995,1152.0
scanId=160653,2.677416666667,414.2716051066727,1014.0
scanId=160653,2.677416666667,481.7995000714201,1007.0
scanId=160653,2.677416666667,481.8121401571076,1601.0
scanId=160653,2.677416666667,481.8247803316816,1304.0
scanId=160653,2.677416666667,519.1132425096324,1029.0
scanId=160653,2.677416666667,519.1263628518695,1310.0
scanId=160653,2.677416666667,519.1394834412118,1232.0
scanId=160653,2.677416666667,536.1497194393964,1477.0
scanId=160653,2.677416666667,536.1630533380871,1893.0
scanId=160653,2.677416666667,536.1763874846093,1803.0
scanId=160653,2.677416666667,536.1897217149098,1284.0
scanId=160653,2.677416666667,537.3103924296162,1049.0
scanId=160653,2.677416666667,550.6064443088574,1243.0
scanId=160653,2.677416666667,550.6199568618437,1838.0
scanId=160653,2.677416666667,550.6334694985801,1623.0
scanId=160653,2.677416666667,550.6469823831769,1341.0
scanId=160653,2.677416666667,551.3228359634967,1006.0
scanId=160653,2.677416666667,551.3363572221187,1249.0
scanId=160653,2.677416666667,551.3498787285891,1209.0
scanId=160653,2.677416666667,551.3634003188224,1090.0
scanId=160653,2.677416666667,559.8332302808067,1109.0
scanId=160653,2.677416666667,559.8468555813724,1144.0
scanId=160653,2.677416666667,559.8604809659402,1000.0
scanId=160653,2.677416666667,604.3251894637757,1378.0
scanId=160653,2.677416666667,604.3393457607261,3522.0
scanId=160653,2.677416666667,604.3535023013575,6431.0
scanId=160653,2.677416666667,604.3676589299223,9531.0
scanId=160653,2.677416666667,604.3818158021639,10407.0
scanId=160653,2.677416666667,604.3959727623434,8377.0
scanId=160653,2.677416666667,604.4101299661955,5914.0
scanId=160653,2.677416666667,604.4242872579892,4137.0
scanId=160653,2.677416666667,604.438444793452,2808.0
scanId=160653,2.677416666667,604.4526024168598,1838.0
scanId=160653,2.677416666667,604.4667602839332,1104.0
scanId=160653,2.677416666667,605.3448694484081,1779.0
scanId=160653,2.677416666667,605.3590376834766,3152.0
scanId=160653,2.677416666667,605.3732061620868,3948.0
scanId=160653,2.677416666667,605.3873747287697,4097.0
scanId=160653,2.677416666667,605.4015435389904,3452.0
scanId=160653,2.677416666667,605.4157124372877,2480.0
scanId=160653,2.677416666667,605.4298815791188,1705.0
scanId=160653,2.677416666667,605.4440508090307,1184.0
scanId=160653,2.677416666667,606.3654089725676,1063.0
scanId=160653,2.677416666667,606.379589145756,1206.0
scanId=160653,2.677416666667,606.3937695623453,1217.0
scanId=160653,2.677416666667,606.4079500671482,1027.0
scanId=160653,2.677416666667,607.3158497345122,1177.0
scanId=160653,2.677416666667,607.3300410942489,1233.0
scanId=160653,2.677416666667,609.2900336409218,1952.0
scanId=160653,2.677416666667,609.3042479704104,3569.0
scanId=160653,2.677416666667,609.3184625428839,5812.0
scanId=160653,2.677416666667,609.3326772039871,6530.0
scanId=160653,2.677416666667,609.3468921080712,6035.0
scanId=160653,2.677416666667,609.3611071007888,4843.0
scanId=160653,2.677416666667,609.3753223364835,3458.0
scanId=160653,2.677416666667,609.3895376608159,2367.0
scanId=160653,2.677416666667,609.403753228121,1511.0
scanId=160653,2.677416666667,610.2996657645849,1516.0
scanId=160653,2.677416666667,610.313891943427,2037.0
scanId=160653,2.677416666667,610.3281182110438,2429.0
scanId=160653,2.677416666667,610.3423447214964,2633.0
scanId=160653,2.677416666667,610.356571320728,2433.0
scanId=160653,2.677416666667,610.3707981627911,2026.0
scanId=160653,2.677416666667,610.3850250936372,1467.0
scanId=160653,2.677416666667,610.3992522673109,1016.0
scanId=160653,2.677416666667,610.5984495692568,1002.0
scanId=160653,2.677416666667,618.3924928197698,1224.0
scanId=160653,2.677416666667,618.4068129344142,1139.0
scanId=160653,2.677416666667,623.3715392387771,1075.0
scanId=160653,2.677416666667,623.3859169636303,1108.0
scanId=160653,2.677416666667,625.3140267918673,1252.0
scanId=160653,2.677416666667,625.3284268258142,1257.0
scanId=160653,2.677416666667,625.3428271001833,1034.0
scanId=160653,2.677416666667,646.368314105512,1181.0
scanId=160653,2.677416666667,646.3829545611452,1613.0
scanId=160653,2.677416666667,646.397595253147,1704.0
scanId=160653,2.677416666667,646.4122360403966,1527.0
scanId=160653,2.677416666667,646.426877064009,1368.0
scanId=160653,2.677416666667,646.4415181828753,1169.0
scanId=160653,2.677416666667,660.4107150847001,1366.0
scanId=160653,2.677416666667,660.4255137216513,2126.0
scanId=160653,2.677416666667,660.4403125918748,2286.0
scanId=160653,2.677416666667,660.4551115604432,2059.0
scanId=160653,2.677416666667,660.4699107622774,1625.0
scanId=160653,2.677416666667,660.4847100624634,1087.0
scanId=160653,2.677416666667,663.3885805791531,1727.0
scanId=160653,2.677416666667,663.4034126104293,6635.0
scanId=160653,2.677416666667,663.4182447407413,14492.0
scanId=160653,2.677416666667,663.4330771036281,21958.0
scanId=160653,2.677416666667,663.4479095655576,23221.0
scanId=160653,2.677416666667,663.462742260055,20078.0
scanId=160653,2.677416666667,663.4775750536019,15059.0
scanId=160653,2.677416666667,663.4924080797097,10241.0
scanId=160653,2.677416666667,663.5072412048743,6630.0
scanId=160653,2.677416666667,663.5220745625926,4145.0
scanId=160653,2.677416666667,663.5369080193746,2668.0
scanId=160653,2.677416666667,663.5517417087036,1680.0
scanId=160653,2.677416666667,663.566575497103,1253.0
scanId=160653,2.677416666667,663.5814095180426,1033.0
scanId=160653,2.677416666667,664.3975341440878,1600.0
scanId=160653,2.677416666667,664.4123774501221,4652.0
scanId=160653,2.677416666667,664.4272208554299,7568.0
scanId=160653,2.677416666667,664.4420644930748,10112.0
scanId=160653,2.677416666667,664.4569082300002,10841.0
scanId=160653,2.677416666667,664.4717521992554,9096.0
scanId=160653,2.677416666667,664.4865962677985,6840.0
scanId=160653,2.677416666667,664.5014405686643,4731.0
scanId=160653,2.677416666667,664.5162849688248,3030.0
scanId=160653,2.677416666667,664.5311296013012,1999.0
scanId=160653,2.677416666667,664.5459743330792,1293.0
scanId=160653,2.677416666667,665.4221089814732,1462.0
scanId=160653,2.677416666667,665.4369636617787,2519.0
scanId=160653,2.677416666667,665.4518185741814,3207.0
scanId=160653,2.677416666667,665.4666735861043,3107.0
scanId=160653,2.677416666667,665.4815288301177,2445.0
scanId=160653,2.677416666667,665.4963841736583,1711.0
scanId=160653,2.677416666667,665.5112397492823,1162.0
scanId=160653,2.677416666667,680.4497686830643,1350.0
scanId=160653,2.677416666667,680.4647901671929,1926.0
scanId=160653,2.677416666667,680.4798118796912,1742.0
scanId=160653,2.677416666667,680.494833695438,1263.0
scanId=160653,2.677416666667,680.5098557395468,1032.0
scanId=160653,2.677416666667,681.4716094397432,1195.0
scanId=160653,2.677416666667,681.4866421988937,1274.0
scanId=160653,2.677416666667,681.5016751861499,1180.0
scanId=160653,2.677416666667,685.3857176469489,1108.0
scanId=160653,2.677416666667,685.4007935164914,1738.0
scanId=160653,2.677416666667,685.4158696131161,2169.0
scanId=160653,2.677416666667,685.4309458142773,2319.0
scanId=160653,2.677416666667,685.4460222425125,2211.0
scanId=160653,2.677416666667,685.4610987752919,1809.0
scanId=160653,2.677416666667,685.4761755351378,1397.0
scanId=160653,2.677416666667,686.4263437126917,1231.0
scanId=160653,2.677416666667,686.4414310840745,1188.0
scanId=160653,2.677416666667,686.4565185602646,1115.0
scanId=160653,2.677416666667,708.507828434564,1179.0
scanId=160653,2.677416666667,722.4630561431144,1021.0
scanId=160653,2.677416666667,722.4785344833093,1589.0
scanId=160653,2.677416666667,722.4940129385607,2117.0
scanId=160653,2.677416666667,722.5094916103661,2107.0
scanId=160653,2.677416666667,722.5249703972373,1573.0
scanId=160653,2.677416666667,722.5404494006534,1003.0
scanId=160653,2.677416666667,723.5004698618403,1175.0
scanId=160653,2.677416666667,736.4762445245176,4974.0
scanId=160653,2.677416666667,736.4918722088086,14549.0
scanId=160653,2.677416666667,736.5075001053515,28737.0
scanId=160653,2.677416666667,736.5231281212626,41202.0
scanId=160653,2.677416666667,736.5387563494161,41866.0
scanId=160653,2.677416666667,736.5543846969474,34967.0
scanId=160653,2.677416666667,736.5700132567116,26154.0
scanId=160653,2.677416666667,736.5856419358632,18395.0
scanId=160653,2.677416666667,736.6012708272378,12666.0
scanId=160653,2.677416666667,736.6168998380098,9609.0
scanId=160653,2.677416666667,736.6325290609949,6872.0
scanId=160653,2.677416666667,736.6481584033871,4642.0
scanId=160653,2.677416666667,736.6637879579829,3282.0
scanId=160653,2.677416666667,736.6794176319954,2461.0
scanId=160653,2.677416666667,736.6950475182018,1794.0
scanId=160653,2.677416666667,736.7106775238345,1269.0
scanId=160653,2.677416666667,737.4767520736943,3034.0
scanId=160653,2.677416666667,737.4923903698352,6579.0
scanId=160653,2.677416666667,737.5080288779151,12588.0
scanId=160653,2.677416666667,737.5236675056763,20377.0
scanId=160653,2.677416666667,737.5393063453666,24182.0
scanId=160653,2.677416666667,737.554945304748,21740.0
scanId=160653,2.677416666667,737.5705844760491,17088.0
scanId=160653,2.677416666667,737.586223767051,12721.0
scanId=160653,2.677416666667,737.6018632699626,8721.0
scanId=160653,2.677416666667,737.6175028925846,5739.0
scanId=160653,2.677416666667,737.6331427271066,3808.0
scanId=160653,2.677416666667,737.6487826813493,2459.0
scanId=160653,2.677416666667,737.6644228474818,1829.0
scanId=160653,2.677416666667,737.6800631333443,1532.0
scanId=160653,2.677416666667,737.6957036310876,1290.0
scanId=160653,2.677416666667,738.4935876792596,1928.0
scanId=160653,2.677416666667,738.5092367988764,4099.0
scanId=160653,2.677416666667,738.5248860384886,5893.0
scanId=160653,2.677416666667,738.5405354897159,6366.0
scanId=160653,2.677416666667,738.5561850609486,5674.0
scanId=160653,2.677416666667,738.5718348437864,4218.0
scanId=160653,2.677416666667,738.5874847466392,2994.0
scanId=160653,2.677416666667,738.6031348610877,2410.0
scanId=160653,2.677416666667,738.6187850955608,2048.0
scanId=160653,2.677416666667,738.6344355416197,1585.0
scanId=160653,2.677416666667,738.6500861077135,1095.0
scanId=160653,2.677416666667,739.3232183107442,1002.0
scanId=160653,2.677416666667,739.5111238682651,1015.0
scanId=160653,2.677416666667,739.5267837197292,1351.0
scanId=160653,2.677416666667,739.5424437824934,1520.0
scanId=160653,2.677416666667,739.558103965578,1153.0
scanId=160653,2.677416666667,764.5083214386192,1793.0
scanId=160653,2.677416666667,764.5242438053109,4729.0
scanId=160653,2.677416666667,764.5401663003796,9703.0
scanId=160653,2.677416666667,764.556088998682,12600.0
scanId=160653,2.677416666667,764.5720118253716,12366.0
scanId=160653,2.677416666667,764.5879348552845,10579.0
scanId=160653,2.677416666667,764.6038580135952,8199.0
scanId=160653,2.677416666667,764.6197813751185,6142.0
scanId=160653,2.677416666667,764.6357048650505,4377.0
scanId=160653,2.677416666667,764.6516285581841,2901.0
scanId=160653,2.677416666667,764.667552379737,2018.0
scanId=160653,2.677416666667,764.6834764044814,1403.0
scanId=160653,2.677416666667,764.6994005576552,1000.0
scanId=160653,2.677416666667,765.5276859778028,1973.0
scanId=160653,2.677416666667,765.5436189560313,3897.0
scanId=160653,2.677416666667,765.559552062973,5735.0
scanId=160653,2.677416666667,765.5754853728121,5977.0
scanId=160653,2.677416666667,765.5914188113745,4843.0
scanId=160653,2.677416666667,765.6073524528243,3542.0
scanId=160653,2.677416666667,765.6232862230079,2441.0
scanId=160653,2.677416666667,765.639220196068,1700.0
scanId=160653,2.677416666667,765.6551542978727,1136.0
scanId=160653,2.677416666667,766.5317862789125,1343.0
scanId=160653,2.677416666667,766.5477296661063,1776.0
scanId=160653,2.677416666667,766.5636732558718,2170.0
scanId=160653,2.677416666667,766.5796169746869,2355.0
scanId=160653,2.677416666667,766.5955608960628,2078.0
scanId=160653,2.677416666667,766.6115049464988,1518.0
scanId=160653,2.677416666667,766.6274491994856,1004.0
scanId=160653,2.677416666667,773.4347735406363,1111.0
scanId=160653,2.677416666667,773.4507885579936,1914.0
scanId=160653,2.677416666667,773.4668037756333,2046.0
scanId=160653,2.677416666667,773.4828191246118,1548.0
scanId=160653,2.677416666667,773.4988346738618,1074.0
scanId=160653,2.677416666667,781.5434667138674,1007.0
scanId=160653,2.677416666667,810.7077245436453,1407.0
scanId=160653,2.677416666667,810.7241209257202,2524.0
scanId=160653,2.677416666667,810.7405174954665,2813.0
scanId=160653,2.677416666667,810.7569142091629,2505.0
scanId=160653,2.677416666667,810.7733111105201,1990.0
scanId=160653,2.677416666667,810.7897081558382,1531.0
scanId=160653,2.677416666667,810.8061053888056,1092.0
scanId=160653,2.677416666667,811.7410211154516,1198.0
scanId=160653,2.677416666667,811.7574279651244,1237.0
scanId=160653,2.677416666667,815.7163112626123,1077.0
scanId=160653,2.677416666667,815.7327582371591,1086.0
scanId=160653,2.677416666667,822.6551424060266,1021.0
scanId=160653,2.677416666667,822.6716591668073,1612.0
scanId=160653,2.677416666667,822.6881761111754,3331.0
scanId=160653,2.677416666667,822.704693203578,5328.0
scanId=160653,2.677416666667,822.7212104795566,8003.0
scanId=160653,2.677416666667,822.7377279035809,10414.0
scanId=160653,2.677416666667,822.7542455111701,10126.0
scanId=160653,2.677416666667,822.7707632668163,8018.0
scanId=160653,2.677416666667,822.7872812060159,5541.0
scanId=160653,2.677416666667,822.8037992932842,3557.0
scanId=160653,2.677416666667,822.8203175640944,2299.0
scanId=160653,2.677416666667,822.8368359829843,1481.0
scanId=160653,2.677416666667,823.6960227097422,1462.0
scanId=160653,2.677416666667,823.7125499340368,3071.0
scanId=160653,2.677416666667,823.729077306716,4458.0
scanId=160653,2.677416666667,823.7456048626209,5032.0
scanId=160653,2.677416666667,823.7621325669221,5346.0
scanId=160653,2.677416666667,823.7786604544375,4781.0
scanId=160653,2.677416666667,823.7951884903604,3616.0
scanId=160653,2.677416666667,823.8117167094864,2398.0
scanId=160653,2.677416666667,823.828245077031,1616.0
scanId=160653,2.677416666667,823.8447736277677,1150.0
scanId=160653,2.677416666667,824.7044862976381,1049.0
scanId=160653,2.677416666667,824.7210236189724,1848.0
scanId=160653,2.677416666667,824.7375611231931,2672.0
scanId=160653,2.677416666667,824.7540987761491,2978.0
scanId=160653,2.677416666667,824.7706366119805,2604.0
scanId=160653,2.677416666667,824.7871745965584,1755.0
scanId=160653,2.677416666667,824.8037127640004,1177.0
scanId=160653,2.677416666667,827.6507429899837,1374.0
scanId=160653,2.677416666667,827.6673098256617,2190.0
scanId=160653,2.677416666667,827.6838768432194,2544.0
scanId=160653,2.677416666667,827.7004440105196,2493.0
scanId=160653,2.677416666667,827.7170113596878,2155.0
scanId=160653,2.677416666667,827.7335788586098,1601.0
scanId=160653,2.677416666667,827.7501465393885,1073.0
scanId=160653,2.677416666667,828.6782008433544,1040.0
scanId=160653,2.677416666667,828.7279327043716,1125.0
scanId=160653,2.677416666667,828.7445103334663,1086.0
scanId=160653,2.677416666667,833.6088948703605,1024.0
scanId=160653,2.677416666667,836.7375667840408,1369.0
scanId=160653,2.677416666667,836.7542243312729,1768.0
scanId=160653,2.677416666667,836.7708820313429,1805.0
scanId=160653,2.677416666667,836.7875399101854,1330.0
scanId=160653,2.677416666667,836.8375145156441,1022.0
scanId=160653,2.677416666667,837.7706478534718,1212.0
scanId=160653,2.677416666667,837.78731568063,1136.0
scanId=160653,2.677416666667,843.6646899444647,1593.0
scanId=160653,2.677416666667,843.6814162902658,1893.0
scanId=160653,2.677416666667,843.6981428124874,1674.0
scanId=160653,2.677416666667,843.7148694899104,1275.0
scanId=160653,2.677416666667,844.7187738823219,1018.0
scanId=160653,2.677416666667,844.73551068447,1006.0
scanId=160653,2.677416666667,848.7068078592455,1184.0
scanId=160653,2.677416666667,848.7235841230464,2642.0
scanId=160653,2.677416666667,848.7403605437531,3909.0
scanId=160653,2.677416666667,848.7571371391643,4799.0
scanId=160653,2.677416666667,848.7739138914932,4728.0
scanId=160653,2.677416666667,848.7906908185149,4178.0
scanId=160653,2.677416666667,848.8074679024655,3237.0
scanId=160653,2.677416666667,848.8242451610981,2258.0
scanId=160653,2.677416666667,848.8410225766704,1481.0
scanId=160653,2.677416666667,848.8578001669133,1012.0
scanId=160653,2.677416666667,849.747249482056,1697.0
scanId=160653,2.677416666667,849.764036025783,2526.0
scanId=160653,2.677416666667,849.7808227267684,2499.0
scanId=160653,2.677416666667,849.7976096021061,2137.0
scanId=160653,2.677416666667,849.8143966347135,1609.0
scanId=160653,2.677416666667,849.8311838416616,1060.0
scanId=160653,2.677416666667,850.754735329535,1494.0
scanId=160653,2.677416666667,850.7715318215782,1887.0
scanId=160653,2.677416666667,850.7883284712202,1752.0
scanId=160653,2.677416666667,850.8051252948736,1404.0
scanId=160653,2.677416666667,853.6798198086068,1242.0
scanId=160653,2.677416666667,853.6966451507658,1450.0
scanId=160653,2.677416666667,853.713470651512,1231.0
scanId=160653,2.677416666667,853.7302963252814,1204.0
scanId=160653,2.677416666667,853.7471221576496,1028.0
scanId=160653,2.677416666667,854.7064688923363,1039.0
scanId=160653,2.677416666667,860.7441566441245,1424.0
scanId=160653,2.677416666667,860.7610514538425,1832.0
scanId=160653,2.677416666667,860.7779464342121,1740.0
scanId=160653,2.677416666667,860.7948415755521,1535.0
scanId=160653,2.677416666667,860.8117368875323,1160.0
scanId=160653,2.677416666667,861.7750436112207,1006.0
scanId=160653,2.677416666667,861.7919485399061,1191.0
scanId=160653,2.677416666667,861.8088536299017,1065.0
scanId=160653,2.677416666667,864.7359301676319,1207.0
scanId=160653,2.677416666667,864.7528641087287,1259.0
scanId=160653,2.677416666667,868.5502456717408,1376.0
scanId=160653,2.677416666667,868.567216922532,2305.0
scanId=160653,2.677416666667,868.5841883368959,2911.0
scanId=160653,2.677416666667,868.6011599192974,3137.0
scanId=160653,2.677416666667,868.6181316652834,2659.0
scanId=160653,2.677416666667,868.6351035792956,1877.0
scanId=160653,2.677416666667,868.6520756569031,1228.0
scanId=160653,2.677416666667,868.6690479025259,1071.0
scanId=160653,2.677416666667,868.6860203117553,1018.0
scanId=160653,2.677416666667,869.5688141324662,1077.0
scanId=160653,2.677416666667,869.5857953315731,1381.0
scanId=160653,2.677416666667,869.6027766945917,1551.0
scanId=160653,2.677416666667,869.6197582253092,1345.0
scanId=160653,2.677416666667,872.730169718082,1497.0
scanId=160653,2.677416666667,872.7471817569683,1925.0
scanId=160653,2.677416666667,872.7641939608147,1917.0
scanId=160653,2.677416666667,872.7812063313112,1526.0
scanId=160653,2.677416666667,872.7982188667797,1082.0
scanId=160653,2.677416666667,873.7511855061197,1215.0
scanId=160653,2.677416666667,873.7682074933215,1026.0
scanId=160653,2.677416666667,874.7727982032413,1180.0
scanId=160653,2.677416666667,874.7898301387589,1053.0
scanId=160653,2.677416666667,875.7779660912546,1229.0
scanId=160653,2.677416666667,875.7950078094398,1233.0
scanId=160653,2.677416666667,878.7798619221293,1535.0
scanId=160653,2.677416666667,878.7969328230292,1933.0
scanId=160653,2.677416666667,878.8140038885892,2075.0
scanId=160653,2.677416666667,878.8310751211113,2001.0
scanId=160653,2.677416666667,878.8481465182817,1452.0
scanId=160653,2.677416666667,879.7360876848134,1022.0
scanId=160653,2.677416666667,879.7531678711224,1341.0
scanId=160653,2.677416666667,879.7702482217773,1536.0
scanId=160653,2.677416666667,879.787328739708,1658.0
scanId=160653,2.677416666667,879.8044094219732,1579.0
scanId=160653,2.677416666667,879.8214902715258,1339.0
scanId=160653,2.677416666667,879.8385712854016,1019.0
scanId=160653,2.677416666667,896.7093994017347,1000.0
scanId=160653,2.677416666667,898.7280924303245,1868.0
scanId=160653,2.677416666667,898.7453560033994,3997.0
scanId=160653,2.677416666667,898.7626197346759,5404.0
scanId=160653,2.677416666667,898.7798836393724,5455.0
scanId=160653,2.677416666667,898.7971477022595,4937.0
scanId=160653,2.677416666667,898.8144119385773,4031.0
scanId=160653,2.677416666667,898.8316763330752,2832.0
scanId=160653,2.677416666667,898.8489409010144,1916.0
scanId=160653,2.677416666667,898.8662056271226,1203.0
scanId=160653,2.677416666667,899.7296535287279,1605.0
scanId=160653,2.677416666667,899.7469267188266,3051.0
scanId=160653,2.677416666667,899.7642000668085,4175.0
scanId=160653,2.677416666667,899.7814735885289,4328.0
scanId=160653,2.677416666667,899.7987472681214,3944.0
scanId=160653,2.677416666667,899.816021121463,3173.0
scanId=160653,2.677416666667,899.8332951326662,2294.0
scanId=160653,2.677416666667,899.8505693176294,1515.0
scanId=160653,2.677416666667,900.731772405273,1121.0
scanId=160653,2.677416666667,900.7490552123954,2280.0
scanId=160653,2.677416666667,900.7663381770826,3266.0
scanId=160653,2.677416666667,900.7836213158265,3380.0
scanId=160653,2.677416666667,900.8009046121242,2856.0
scanId=160653,2.677416666667,900.8181880824894,2305.0
scanId=160653,2.677416666667,900.8354717103979,1602.0
scanId=160653,2.677416666667,900.8527555123845,1133.0
scanId=160653,2.677416666667,902.7895901047965,1040.0
scanId=160653,2.677416666667,903.7068528938779,1172.0
scanId=160653,2.677416666667,903.7241642204466,1611.0
scanId=160653,2.677416666667,903.7414757036391,1907.0
scanId=160653,2.677416666667,903.7587873618296,1860.0
scanId=160653,2.677416666667,903.7760991766328,1713.0
scanId=160653,2.677416666667,903.7934111664443,1464.0
scanId=160653,2.677416666667,903.8107233128582,1140.0
scanId=160653,2.677416666667,904.7111836491414,1174.0
scanId=160653,2.677416666667,904.728504592732,1733.0
scanId=160653,2.677416666667,904.7458256926299,1976.0
scanId=160653,2.677416666667,904.763146967842,1722.0
scanId=160653,2.677416666667,904.7804683993504,1261.0
scanId=160653,2.677416666667,904.7977900061838,1178.0
scanId=160653,2.677416666667,904.8151117693029,1337.0
scanId=160653,2.677416666667,904.8324337077579,1347.0
scanId=160653,2.677416666667,904.8497558024876,1220.0
scanId=160653,2.677416666667,905.6987417974921,1005.0
scanId=160653,2.677416666667,905.7160721824849,1449.0
scanId=160653,2.677416666667,905.7334027430969,1654.0
scanId=160653,2.677416666667,905.7507334597001,1628.0
scanId=160653,2.677416666667,905.7680643519336,1358.0
scanId=160653,2.677416666667,905.7853954001473,1269.0
scanId=160653,2.677416666667,905.8027266240022,1547.0
scanId=160653,2.677416666667,905.8200580038267,1711.0
scanId=160653,2.677416666667,905.8373895593028,1309.0
scanId=160653,2.677416666667,916.8066593986466,1042.0
scanId=160653,2.677416666667,954.8201854182012,1075.0
scanId=160653,2.677416666667,954.8379795848837,1219.0
scanId=160653,2.677416666667,956.5648006430691,1283.0
scanId=160653,2.677416666667,956.5826110591474,1958.0
scanId=160653,2.677416666667,956.6004216161843,1996.0
scanId=160653,2.677416666667,956.6182323638834,1860.0
scanId=160653,2.677416666667,956.6360432525308,1469.0
scanId=160653,2.677416666667,956.6538543318499,1135.0
scanId=160653,2.677416666667,956.867600067497,1098.0
scanId=160653,2.677416666667,957.5802582930004,1127.0
scanId=160653,2.677416666667,957.5980781351323,1245.0
scanId=160653,2.677416666667,958.5962546270305,1107.0
scanId=160653,2.677416666667,961.5581901147843,2319.0
scanId=160653,2.677416666667,961.5760469576954,4153.0
scanId=160653,2.677416666667,961.5939039402065,5337.0
scanId=160653,2.677416666667,961.6117611147379,5188.0
scanId=160653,2.677416666667,961.6296184288592,4276.0
scanId=160653,2.677416666667,961.647475935011,3331.0
scanId=160653,2.677416666667,961.6653335807429,2426.0
scanId=160653,2.677416666667,961.6831914185145,1761.0
scanId=160653,2.677416666667,961.7010493958572,1281.0
scanId=160653,2.677416666667,962.5584279278025,1689.0
scanId=160653,2.677416666667,962.5762940560779,2374.0
scanId=160653,2.677416666667,962.5941603236837,2697.0
scanId=160653,2.677416666667,962.6120267835792,2140.0
scanId=160653,2.677416666667,962.6298933827956,1522.0
scanId=160653,2.677416666667,962.6477601743111,1391.0
scanId=160653,2.677416666667,962.6656271051377,1063.0
scanId=160653,2.677416666667,963.5591857136594,1117.0
scanId=160653,2.677416666667,963.5770611272983,1216.0
scanId=160653,2.677416666667,963.5949366799987,1122.0
scanId=160653,2.677416666667,987.5523910259078,1313.0
scanId=160653,2.677416666667,987.5704876299051,1699.0
scanId=160653,2.677416666667,987.5885843668275,1837.0
scanId=160653,2.677416666667,987.6066813024439,1819.0
scanId=160653,2.677416666667,987.6247783709769,1460.0
scanId=160653,2.677416666667,987.6428756382126,1109.0
scanId=160653,2.677416666667,1015.5625678026357,1559.0
scanId=160653,2.677416666667,1015.5809192164435,1958.0
scanId=160653,2.677416666667,1015.5992708353067,1763.0
scanId=160653,2.677416666667,1015.617622580725,1466.0
scanId=160653,2.677416666667,1015.6359745312061,1197.0
scanId=160653,2.677416666667,1020.6338558123374,1151.0
scanId=160653,2.677416666667,1020.652252988398,1083.0
scanId=160653,2.677416666667,1041.5842075244557,1319.0
scanId=160653,2.677416666667,1041.6027926021875,1815.0
scanId=160653,2.677416666667,1041.6213778014173,1832.0
scanId=160653,2.677416666667,1041.6399632107666,1415.0
scanId=160653,2.677416666667,1041.6585487416069,1298.0
scanId=160653,2.677416666667,1041.6771344825736,1085.0
scanId=160653,2.677416666667,1042.5694439742297,1180.0
scanId=160653,2.677416666667,1042.588037795333,1512.0
scanId=160653,2.677416666667,1042.6066318267276,1325.0
scanId=160653,2.677416666667,1117.6547998363446,1384.0
scanId=160653,2.677416666667,1117.6740515727358,1654.0
scanId=160653,2.677416666667,1117.6933035286925,1933.0
scanId=160653,2.677416666667,1117.7125555966938,1892.0
scanId=160653,2.677416666667,1117.7318078842636,1449.0
scanId=160653,2.677416666667,1118.6368511387857,1080.0
scanId=160653,2.677416666667,1118.6561113850703,1579.0
scanId=160653,2.677416666667,1118.6753717433348,1629.0
scanId=160653,2.677416666667,1118.6946323212326,1495.0
scanId=160653,2.677416666667,1118.7138930111075,1209.0
scanId=160653,2.677416666667,1278.353111952814,1209.0
scanId=160653,2.677416666667,1278.3737012841007,1045.0
scanId=161652,2.694066666667,102.12527748278399,1098.0
scanId=161652,2.694066666667,165.07717927593006,1162.0
scanId=161652,2.694066666667,165.08457818992196,1870.0
scanId=161652,2.694066666667,165.0919771712177,1695.0
scanId=161652,2.694066666667,165.09937641681282,1242.0
scanId=161652,2.694066666667,206.13134074714682,1202.0
scanId=161652,2.694066666667,206.1396085480254,2567.0
scanId=161652,2.694066666667,206.14787658812693,3248.0
scanId=161652,2.694066666667,206.156144720616,2737.0
scanId=161652,2.694066666667,206.16441309231655,1727.0
scanId=161652,2.694066666667,206.17268155641617,1045.0
scanId=161652,2.694066666667,248.10742179940004,1858.0
scanId=161652,2.694066666667,248.11649242936642,3168.0
scanId=161652,2.694066666667,248.1255632676533,3273.0
scanId=161652,2.694066666667,248.13463422923016,2752.0
scanId=161652,2.694066666667,248.14370539911383,2270.0
scanId=161652,2.694066666667,248.15277669230127,1567.0
scanId=161652,2.694066666667,262.09554256576735,1021.0
scanId=161652,2.694066666667,262.1048654175388,1463.0
scanId=161652,2.694066666667,262.1141884031169,1274.0
scanId=161652,2.694066666667,290.11309575222555,2855.0
scanId=161652,2.694066666667,290.1229042156162,5206.0
scanId=161652,2.694066666667,290.132712856216,6595.0
scanId=161652,2.694066666667,290.1425216512173,5823.0
scanId=161652,2.694066666667,290.15233062341366,4322.0
scanId=161652,2.694066666667,290.16213975002535,3013.0
scanId=161652,2.694066666667,290.17194905381825,2051.0
scanId=161652,2.694066666667,290.18175851204046,1401.0
scanId=161652,2.694066666667,291.13406457224085,1094.0
scanId=161652,2.694066666667,291.14389027937904,1082.0
scanId=161652,2.694066666667,291.1537161629965,1046.0
scanId=161652,2.694066666667,291.1635422017451,1119.0
scanId=161652,2.694066666667,291.17336841695914,1043.0
scanId=161652,2.694066666667,292.1371412897361,1955.0
scanId=161652,2.694066666667,292.1469839090111,2684.0
scanId=161652,2.694066666667,292.1568267040502,2470.0
scanId=161652,2.694066666667,292.16666965493573,1767.0
scanId=161652,2.694066666667,292.1765127815714,1334.0
scanId=161652,2.694066666667,292.18635606406747,1018.0
scanId=161652,2.694066666667,294.13859344295327,1132.0
scanId=161652,2.694066666667,294.1484697292405,3417.0
scanId=161652,2.694066666667,294.1583461727894,5155.0
scanId=161652,2.694066666667,294.1682227906732,5201.0
scanId=161652,2.694066666667,294.17809956583255,3944.0
scanId=161652,2.694066666667,294.18797651531276,2595.0
scanId=161652,2.694066666667,294.1978536220828,1616.0
scanId=161652,2.694066666667,294.20773090315953,1030.0
scanId=161652,2.694066666667,306.14971163358297,1028.0
scanId=161652,2.694066666667,306.15978754103105,1415.0
scanId=161652,2.694066666667,306.1698636141177,1398.0
scanId=161652,2.694066666667,318.1751590113478,1067.0
scanId=161652,2.694066666667,368.4054846683426,1705.0
scanId=161652,2.694066666667,368.41653766604406,2321.0
scanId=161652,2.694066666667,368.4275907918437,2175.0
scanId=161652,2.694066666667,368.43864412115585,1738.0
scanId=161652,2.694066666667,368.44969757855444,1266.0
scanId=161652,2.694066666667,369.42305277127025,1168.0
scanId=161652,2.694066666667,369.434121023056,1050.0
scanId=161652,2.694066666667,536.1363856244848,1276.0
scanId=161652,2.694066666667,536.1497194393964,1540.0
scanId=161652,2.694066666667,536.1630533380871,1625.0
scanId=161652,2.694066666667,536.1763874846093,1444.0
scanId=161652,2.694066666667,536.1897217149098,1164.0
scanId=161652,2.694066666667,537.3103924296162,1187.0
scanId=161652,2.694066666667,537.323740835391,1223.0
scanId=161652,2.694066666667,537.3370893249227,1010.0
scanId=161652,2.694066666667,537.5239861622459,1111.0
scanId=161652,2.694066666667,537.5373372209052,1032.0
scanId=161652,2.694066666667,550.5929320037319,1325.0
scanId=161652,2.694066666667,550.6064443088574,2753.0
scanId=161652,2.694066666667,550.6199568618437,3333.0
scanId=161652,2.694066666667,550.6334694985801,2865.0
scanId=161652,2.694066666667,550.6469823831769,2279.0
scanId=161652,2.694066666667,550.6604953515243,1542.0
scanId=161652,2.694066666667,551.3228359634967,1287.0
scanId=161652,2.694066666667,551.3363572221187,1713.0
scanId=161652,2.694066666667,551.3498787285891,1815.0
scanId=161652,2.694066666667,551.3634003188224,1569.0
scanId=161652,2.694066666667,551.3769221569033,1130.0
scanId=161652,2.694066666667,559.3292122754339,1045.0
scanId=161652,2.694066666667,559.342831359382,1260.0
scanId=161652,2.694066666667,559.3564506909584,1212.0
scanId=161652,2.694066666667,559.8468555813724,1069.0
scanId=161652,2.694066666667,559.8604809659402,1226.0
scanId=161652,2.694066666667,559.8741065981163,1047.0
scanId=161652,2.694066666667,564.3522467404891,1017.0
scanId=161652,2.694066666667,604.3393457607261,3253.0
scanId=161652,2.694066666667,604.3535023013575,7322.0
scanId=161652,2.694066666667,604.3676589299223,10746.0
scanId=161652,2.694066666667,604.3818158021639,11301.0
scanId=161652,2.694066666667,604.3959727623434,9272.0
scanId=161652,2.694066666667,604.4101299661955,6506.0
scanId=161652,2.694066666667,604.4242872579892,4565.0
scanId=161652,2.694066666667,604.438444793452,3221.0
scanId=161652,2.694066666667,604.4526024168598,2241.0
scanId=161652,2.694066666667,604.4667602839332,1375.0
scanId=161652,2.694066666667,605.3590376834766,1887.0
scanId=161652,2.694066666667,605.3732061620868,3181.0
scanId=161652,2.694066666667,605.3873747287697,3919.0
scanId=161652,2.694066666667,605.4015435389904,3761.0
scanId=161652,2.694066666667,605.4157124372877,2803.0
scanId=161652,2.694066666667,605.4298815791188,1825.0
scanId=161652,2.694066666667,605.4440508090307,1154.0
scanId=161652,2.694066666667,606.3654089725676,1065.0
scanId=161652,2.694066666667,606.379589145756,1214.0
scanId=161652,2.694066666667,606.3937695623453,1305.0
scanId=161652,2.694066666667,606.4079500671482,1104.0
scanId=161652,2.694066666667,607.3442325423306,1226.0
scanId=161652,2.694066666667,607.3584242336776,1460.0
scanId=161652,2.694066666667,607.372616013374,1448.0
scanId=161652,2.694066666667,607.3868080363317,1217.0
scanId=161652,2.694066666667,608.3806589610206,1172.0
scanId=161652,2.694066666667,608.3948626788413,1059.0
scanId=161652,2.694066666667,609.2900336409218,1796.0
scanId=161652,2.694066666667,609.3042479704104,4540.0
scanId=161652,2.694066666667,609.3184625428839,7428.0
scanId=161652,2.694066666667,609.3326772039871,8973.0
scanId=161652,2.694066666667,609.3468921080712,8264.0
scanId=161652,2.694066666667,609.3611071007888,6413.0
scanId=161652,2.694066666667,609.3753223364835,4276.0
scanId=161652,2.694066666667,609.3895376608159,2762.0
scanId=161652,2.694066666667,609.403753228121,1849.0
scanId=161652,2.694066666667,609.4179688840682,1153.0
scanId=161652,2.694066666667,610.2996657645849,1069.0
scanId=161652,2.694066666667,610.313891943427,2138.0
scanId=161652,2.694066666667,610.3281182110438,3081.0
scanId=161652,2.694066666667,610.3423447214964,3371.0
scanId=161652,2.694066666667,610.356571320728,2989.0
scanId=161652,2.694066666667,610.3707981627911,2198.0
scanId=161652,2.694066666667,610.3850250936372,1650.0
scanId=161652,2.694066666667,610.3992522673109,1171.0
scanId=161652,2.694066666667,618.3638530121191,1158.0
scanId=161652,2.694066666667,618.3781727951484,1253.0
scanId=161652,2.694066666667,618.3924928197698,1208.0
scanId=161652,2.694066666667,618.4068129344142,1080.0
scanId=161652,2.694066666667,623.314030147332,1458.0
scanId=161652,2.694066666667,623.3284072089641,1602.0
scanId=161652,2.694066666667,623.3427843614415,1313.0
scanId=161652,2.694066666667,624.3208222606308,1091.0
scanId=161652,2.694066666667,624.3352109286316,1539.0
scanId=161652,2.694066666667,624.3495996876505,1358.0
scanId=161652,2.694066666667,624.3639886872616,1034.0
scanId=161652,2.694066666667,625.2996268491087,1076.0
scanId=161652,2.694066666667,625.3140267918673,1225.0
scanId=161652,2.694066666667,625.3284268258142,1178.0
scanId=161652,2.694066666667,647.437505647345,1052.0
scanId=161652,2.694066666667,660.4255137216513,1394.0
scanId=161652,2.694066666667,660.4403125918748,1764.0
scanId=161652,2.694066666667,660.4551115604432,2287.0
scanId=161652,2.694066666667,660.4699107622774,2324.0
scanId=161652,2.694066666667,660.4847100624634,2010.0
scanId=161652,2.694066666667,660.4995095959079,1437.0
scanId=161652,2.694066666667,660.5143092277114,1088.0
scanId=161652,2.694066666667,660.5291090927664,1050.0
scanId=161652,2.694066666667,661.4470224564197,1214.0
scanId=161652,2.694066666667,661.4618326999794,1395.0
scanId=161652,2.694066666667,661.4766431765713,1220.0
scanId=161652,2.694066666667,663.3885805791531,1875.0
scanId=161652,2.694066666667,663.4034126104293,6698.0
scanId=161652,2.694066666667,663.4182447407413,15187.0
scanId=161652,2.694066666667,663.4330771036281,25507.0
scanId=161652,2.694066666667,663.4479095655576,29446.0
scanId=161652,2.694066666667,663.462742260055,26457.0
scanId=161652,2.694066666667,663.4775750536019,19991.0
scanId=161652,2.694066666667,663.4924080797097,13556.0
scanId=161652,2.694066666667,663.5072412048743,9266.0
scanId=161652,2.694066666667,663.5220745625926,6408.0
scanId=161652,2.694066666667,663.5369080193746,3948.0
scanId=161652,2.694066666667,663.5517417087036,2382.0
scanId=161652,2.694066666667,663.566575497103,1554.0
scanId=161652,2.694066666667,663.5814095180426,1129.0
scanId=161652,2.694066666667,664.3975341440878,1908.0
scanId=161652,2.694066666667,664.4123774501221,4870.0
scanId=161652,2.694066666667,664.4272208554299,9422.0
scanId=161652,2.694066666667,664.4420644930748,12595.0
scanId=161652,2.694066666667,664.4569082300002,13450.0
scanId=161652,2.694066666667,664.4717521992554,11913.0
scanId=161652,2.694066666667,664.4865962677985,8798.0
scanId=161652,2.694066666667,664.5014405686643,6090.0
scanId=161652,2.694066666667,664.5162849688248,4101.0
scanId=161652,2.694066666667,664.5311296013012,2663.0
scanId=161652,2.694066666667,664.5459743330792,1807.0
scanId=161652,2.694066666667,664.5608192971661,1243.0
scanId=161652,2.694066666667,665.4221089814732,1404.0
scanId=161652,2.694066666667,665.4369636617787,1906.0
scanId=161652,2.694066666667,665.4518185741814,2363.0
scanId=161652,2.694066666667,665.4666735861043,2278.0
scanId=161652,2.694066666667,665.4815288301177,1695.0
scanId=161652,2.694066666667,665.4963841736583,1217.0
scanId=161652,2.694066666667,680.4798118796912,1012.0
scanId=161652,2.694066666667,681.4866421988937,1107.0
scanId=161652,2.694066666667,681.5016751861499,1078.0
scanId=161652,2.694066666667,685.4007935164914,1980.0
scanId=161652,2.694066666667,685.4158696131161,3295.0
scanId=161652,2.694066666667,685.4309458142773,3571.0
scanId=161652,2.694066666667,685.4460222425125,3174.0
scanId=161652,2.694066666667,685.4610987752919,2383.0
scanId=161652,2.694066666667,685.4761755351378,1717.0
scanId=161652,2.694066666667,685.4912523995358,1091.0
scanId=161652,2.694066666667,686.41125656812,1199.0
scanId=161652,2.694066666667,686.4263437126917,1247.0
scanId=161652,2.694066666667,686.4414310840745,1480.0
scanId=161652,2.694066666667,686.4565185602646,1593.0
scanId=161652,2.694066666667,686.471606263258,1289.0
scanId=161652,2.694066666667,686.4866940710666,1033.0
scanId=161652,2.694066666667,696.420046808328,1227.0
scanId=161652,2.694066666667,696.4352436111849,1187.0
scanId=161652,2.694066666667,696.450440521556,1174.0
scanId=161652,2.694066666667,708.4771727456094,1147.0
scanId=161652,2.694066666667,708.4925005346247,1450.0
scanId=161652,2.694066666667,708.507828434564,1498.0
scanId=161652,2.694066666667,708.5231565551901,1234.0
scanId=161652,2.694066666667,722.4630561431144,1697.0
scanId=161652,2.694066666667,722.4785344833093,2312.0
scanId=161652,2.694066666667,722.4940129385607,2582.0
scanId=161652,2.694066666667,722.5094916103661,2542.0
scanId=161652,2.694066666667,722.5249703972373,2192.0
scanId=161652,2.694066666667,722.5404494006534,1534.0
scanId=161652,2.694066666667,722.5559285191445,1233.0
scanId=161652,2.694066666667,722.571407854171,1153.0
scanId=161652,2.694066666667,723.4694915114103,1346.0
scanId=161652,2.694066666667,723.484980578498,1761.0
scanId=161652,2.694066666667,723.5004698618403,1645.0
scanId=161652,2.694066666667,723.5159592605478,1438.0
scanId=161652,2.694066666667,723.5314488755009,1112.0
scanId=161652,2.694066666667,734.5553009264263,1099.0
scanId=161652,2.694066666667,735.6482132737981,1368.0
scanId=161652,2.694066666667,735.663832216857,1216.0
scanId=161652,2.694066666667,736.4762445245176,5809.0
scanId=161652,2.694066666667,736.4918722088086,15394.0
scanId=161652,2.694066666667,736.5075001053515,28678.0
scanId=161652,2.694066666667,736.5231281212626,42863.0
scanId=161652,2.694066666667,736.5387563494161,48019.0
scanId=161652,2.694066666667,736.5543846969474,41730.0
scanId=161652,2.694066666667,736.5700132567116,32234.0
scanId=161652,2.694066666667,736.5856419358632,24257.0
scanId=161652,2.694066666667,736.6012708272378,16791.0
scanId=161652,2.694066666667,736.6168998380098,10955.0
scanId=161652,2.694066666667,736.6325290609949,7188.0
scanId=161652,2.694066666667,736.6481584033871,4760.0
scanId=161652,2.694066666667,736.6637879579829,3189.0
scanId=161652,2.694066666667,736.6794176319954,2399.0
scanId=161652,2.694066666667,736.6950475182018,1998.0
scanId=161652,2.694066666667,736.7106775238345,1727.0
scanId=161652,2.694066666667,736.7263077416512,1420.0
scanId=161652,2.694066666667,736.7419380789046,1261.0
scanId=161652,2.694066666667,736.7575686283317,1090.0
scanId=161652,2.694066666667,737.4767520736943,2355.0
scanId=161652,2.694066666667,737.4923903698352,7183.0
scanId=161652,2.694066666667,737.5080288779151,14331.0
scanId=161652,2.694066666667,737.5236675056763,19896.0
scanId=161652,2.694066666667,737.5393063453666,22313.0
scanId=161652,2.694066666667,737.554945304748,19925.0
scanId=161652,2.694066666667,737.5705844760491,15453.0
scanId=161652,2.694066666667,737.586223767051,11338.0
scanId=161652,2.694066666667,737.6018632699626,8198.0
scanId=161652,2.694066666667,737.6175028925846,5707.0
scanId=161652,2.694066666667,737.6331427271066,4163.0
scanId=161652,2.694066666667,737.6487826813493,3181.0
scanId=161652,2.694066666667,737.6644228474818,2404.0
scanId=161652,2.694066666667,737.6800631333443,1762.0
scanId=161652,2.694066666667,737.6957036310876,1108.0
scanId=161652,2.694066666667,738.4935876792596,2285.0
scanId=161652,2.694066666667,738.5092367988764,5096.0
scanId=161652,2.694066666667,738.5248860384886,8362.0
scanId=161652,2.694066666667,738.5405354897159,9614.0
scanId=161652,2.694066666667,738.5561850609486,8191.0
scanId=161652,2.694066666667,738.5718348437864,6251.0
scanId=161652,2.694066666667,738.5874847466392,4965.0
scanId=161652,2.694066666667,738.6031348610877,3992.0
scanId=161652,2.694066666667,738.6187850955608,3106.0
scanId=161652,2.694066666667,738.6344355416197,2289.0
scanId=161652,2.694066666667,738.6500861077135,1637.0
scanId=161652,2.694066666667,738.6657368853829,1210.0
scanId=161652,2.694066666667,739.5111238682651,1563.0
scanId=161652,2.694066666667,739.5267837197292,2580.0
scanId=161652,2.694066666667,739.5424437824934,2632.0
scanId=161652,2.694066666667,739.558103965578,2201.0
scanId=161652,2.694066666667,739.5737643599527,1663.0
scanId=161652,2.694066666667,739.5894248746574,1582.0
scanId=161652,2.694066666667,739.6050856006428,1373.0
scanId=161652,2.694066666667,739.620746446968,1112.0
scanId=161652,2.694066666667,747.424717597032,1005.0
scanId=161652,2.694066666667,747.4404610168611,1131.0
scanId=161652,2.694066666667,747.4562046454784,1053.0
scanId=161652,2.694066666667,764.4923992751714,1283.0
scanId=161652,2.694066666667,764.5083214386192,3422.0
scanId=161652,2.694066666667,764.5242438053109,6869.0
scanId=161652,2.694066666667,764.5401663003796,11515.0
scanId=161652,2.694066666667,764.556088998682,15861.0
scanId=161652,2.694066666667,764.5720118253716,16521.0
scanId=161652,2.694066666667,764.5879348552845,13767.0
scanId=161652,2.694066666667,764.6038580135952,10336.0
scanId=161652,2.694066666667,764.6197813751185,7024.0
scanId=161652,2.694066666667,764.6357048650505,4613.0
scanId=161652,2.694066666667,764.6516285581841,3168.0
scanId=161652,2.694066666667,764.667552379737,2109.0
scanId=161652,2.694066666667,764.6834764044814,1424.0
scanId=161652,2.694066666667,765.5117532024824,1108.0
scanId=161652,2.694066666667,765.5276859778028,2362.0
scanId=161652,2.694066666667,765.5436189560313,4376.0
scanId=161652,2.694066666667,765.559552062973,6174.0
scanId=161652,2.694066666667,765.5754853728121,7015.0
scanId=161652,2.694066666667,765.5914188113745,6116.0
scanId=161652,2.694066666667,765.6073524528243,4219.0
scanId=161652,2.694066666667,765.6232862230079,2957.0
scanId=161652,2.694066666667,765.639220196068,2277.0
scanId=161652,2.694066666667,765.6551542978727,1793.0
scanId=161652,2.694066666667,765.6710886025435,1225.0
scanId=161652,2.694066666667,766.5477296661063,1107.0
scanId=161652,2.694066666667,766.5636732558718,1781.0
scanId=161652,2.694066666667,766.5796169746869,1889.0
scanId=161652,2.694066666667,766.5955608960628,1729.0
scanId=161652,2.694066666667,766.6115049464988,1566.0
scanId=161652,2.694066666667,766.6274491994856,1260.0
scanId=161652,2.694066666667,766.6433935815426,1014.0
scanId=161652,2.694066666667,766.6593381661398,1072.0
scanId=161652,2.694066666667,766.6752828798179,1036.0
scanId=161652,2.694066666667,773.4347735406363,1501.0
scanId=161652,2.694066666667,773.4507885579936,1844.0
scanId=161652,2.694066666667,773.4668037756333,1675.0
scanId=161652,2.694066666667,773.4828191246118,1223.0
scanId=161652,2.694066666667,791.5241168871011,1209.0
scanId=161652,2.694066666667,791.5403181382466,1536.0
scanId=161652,2.694066666667,791.556519526806,1496.0
scanId=161652,2.694066666667,791.5727211095623,1566.0
scanId=161652,2.694066666667,791.5889228297432,1396.0
scanId=161652,2.694066666667,791.60512474411,1015.0
scanId=161652,2.694066666667,810.6913283055095,1034.0
scanId=161652,2.694066666667,810.7077245436453,2069.0
scanId=161652,2.694066666667,810.7241209257202,3124.0
scanId=161652,2.694066666667,810.7405174954665,3204.0
scanId=161652,2.694066666667,810.7569142091629,2962.0
scanId=161652,2.694066666667,810.7733111105201,2697.0
scanId=161652,2.694066666667,810.7897081558382,2373.0
scanId=161652,2.694066666667,810.8061053888056,1764.0
scanId=161652,2.694066666667,810.8225027657456,1142.0
scanId=161652,2.694066666667,811.7082079350408,1060.0
scanId=161652,2.694066666667,811.7246144531033,1174.0
scanId=161652,2.694066666667,811.7410211154516,1265.0
scanId=161652,2.694066666667,811.7574279651244,1418.0
scanId=161652,2.694066666667,811.7738349590949,1352.0
scanId=161652,2.694066666667,811.7902421403782,1255.0
scanId=161652,2.694066666667,815.6998644740313,1041.0
scanId=161652,2.694066666667,822.6881761111754,2850.0
scanId=161652,2.694066666667,822.704693203578,6704.0
scanId=161652,2.694066666667,822.7212104795566,11001.0
scanId=161652,2.694066666667,822.7377279035809,13422.0
scanId=161652,2.694066666667,822.7542455111701,13519.0
scanId=161652,2.694066666667,822.7707632668163,11747.0
scanId=161652,2.694066666667,822.7872812060159,8736.0
scanId=161652,2.694066666667,822.8037992932842,5729.0
scanId=161652,2.694066666667,822.8203175640944,3867.0
scanId=161652,2.694066666667,822.8368359829843,2859.0
scanId=161652,2.694066666667,822.8533545854049,1967.0
scanId=161652,2.694066666667,822.8698733359165,1210.0
scanId=161652,2.694066666667,823.6960227097422,1814.0
scanId=161652,2.694066666667,823.7125499340368,4282.0
scanId=161652,2.694066666667,823.729077306716,5943.0
scanId=161652,2.694066666667,823.7456048626209,6114.0
scanId=161652,2.694066666667,823.7621325669221,5902.0
scanId=161652,2.694066666667,823.7786604544375,5010.0
scanId=161652,2.694066666667,823.7951884903604,3671.0
scanId=161652,2.694066666667,823.8117167094864,2429.0
scanId=161652,2.694066666667,823.828245077031,1655.0
scanId=161652,2.694066666667,823.8447736277677,1060.0
scanId=161652,2.694066666667,824.7210236189724,1230.0
scanId=161652,2.694066666667,824.7375611231931,1903.0
scanId=161652,2.694066666667,824.7540987761491,2338.0
scanId=161652,2.694066666667,824.7706366119805,2233.0
scanId=161652,2.694066666667,824.7871745965584,1695.0
scanId=161652,2.694066666667,824.8037127640004,1209.0
scanId=161652,2.694066666667,824.8202510801999,1028.0
scanId=161652,2.694066666667,827.6507429899837,1644.0
scanId=161652,2.694066666667,827.6673098256617,2874.0
scanId=161652,2.694066666667,827.6838768432194,4047.0
scanId=161652,2.694066666667,827.7004440105196,4574.0
scanId=161652,2.694066666667,827.7170113596878,4273.0
scanId=161652,2.694066666667,827.7335788586098,3274.0
scanId=161652,2.694066666667,827.7501465393885,2298.0
scanId=161652,2.694066666667,827.7667143699323,1554.0
scanId=161652,2.694066666667,827.7832823823218,1092.0
scanId=161652,2.694066666667,828.6782008433544,1747.0
scanId=161652,2.694066666667,828.69477795931,2730.0
scanId=161652,2.694066666667,828.7113552567941,2828.0
scanId=161652,2.694066666667,828.7279327043716,2342.0
scanId=161652,2.694066666667,828.7445103334663,1661.0
scanId=161652,2.694066666667,828.7610881126656,1133.0
scanId=161652,2.694066666667,829.7228834592781,1136.0
scanId=161652,2.694066666667,829.7394710366885,1003.0
scanId=161652,2.694066666667,834.5901343354799,1146.0
scanId=161652,2.694066666667,834.6067704801278,1124.0
scanId=161652,2.694066666667,836.7042521999715,1289.0
scanId=161652,2.694066666667,836.7209094155927,2300.0
scanId=161652,2.694066666667,836.7375667840408,3401.0
scanId=161652,2.694066666667,836.7542243312729,3968.0
scanId=161652,2.694066666667,836.7708820313429,3522.0
scanId=161652,2.694066666667,836.7875399101854,2852.0
scanId=161652,2.694066666667,836.8041979418772,2307.0
scanId=161652,2.694066666667,836.8208561523301,1690.0
scanId=161652,2.694066666667,836.8375145156441,1039.0
scanId=161652,2.694066666667,837.7373127091975,1666.0
scanId=161652,2.694066666667,837.7539802047451,1687.0
scanId=161652,2.694066666667,837.7706478534718,1501.0
scanId=161652,2.694066666667,837.78731568063,1526.0
scanId=161652,2.694066666667,837.8039836609786,1371.0
scanId=161652,2.694066666667,841.7088514326214,1031.0
scanId=161652,2.694066666667,841.7255583898219,1175.0
scanId=161652,2.694066666667,843.6479637538537,1414.0
scanId=161652,2.694066666667,843.6646899444647,1481.0
scanId=161652,2.694066666667,843.6814162902658,1237.0
scanId=161652,2.694066666667,844.65182835232,1049.0
scanId=161652,2.694066666667,848.7068078592455,1066.0
scanId=161652,2.694066666667,848.7235841230464,2305.0
scanId=161652,2.694066666667,848.7403605437531,3920.0
scanId=161652,2.694066666667,848.7571371391643,5037.0
scanId=161652,2.694066666667,848.7739138914932,5420.0
scanId=161652,2.694066666667,848.7906908185149,4717.0
scanId=161652,2.694066666667,848.8074679024655,3307.0
scanId=161652,2.694066666667,848.8242451610981,2155.0
scanId=161652,2.694066666667,848.8410225766704,1485.0
scanId=161652,2.694066666667,849.7304631126922,2274.0
scanId=161652,2.694066666667,849.747249482056,3539.0
scanId=161652,2.694066666667,849.764036025783,3563.0
scanId=161652,2.694066666667,849.7808227267684,3069.0
scanId=161652,2.694066666667,849.7976096021061,2449.0
scanId=161652,2.694066666667,849.8143966347135,1761.0
scanId=161652,2.694066666667,849.8311838416616,1330.0
scanId=161652,2.694066666667,850.754735329535,1533.0
scanId=161652,2.694066666667,850.7715318215782,1825.0
scanId=161652,2.694066666667,850.7883284712202,1674.0
scanId=161652,2.694066666667,850.8051252948736,1163.0
scanId=161652,2.694066666667,853.6798198086068,1582.0
scanId=161652,2.694066666667,853.6966451507658,2242.0
scanId=161652,2.694066666667,853.713470651512,2238.0
scanId=161652,2.694066666667,853.7302963252814,1745.0
scanId=161652,2.694066666667,853.7471221576496,1291.0
scanId=161652,2.694066666667,853.7639481630296,1017.0
scanId=161652,2.694066666667,854.7064688923363,1210.0
scanId=161652,2.694066666667,854.7233043417392,1466.0
scanId=161652,2.694066666667,854.7401399638244,1330.0
scanId=161652,2.694066666667,855.7168895430756,1043.0
scanId=161652,2.694066666667,855.7337349411347,1133.0
scanId=161652,2.694066666667,860.7441566441245,1262.0
scanId=161652,2.694066666667,860.7610514538425,1398.0
scanId=161652,2.694066666667,860.7779464342121,1280.0
scanId=161652,2.694066666667,864.7528641087287,1115.0
scanId=161652,2.694066666667,864.7697982191407,1209.0
scanId=161652,2.694066666667,864.7867324918593,1140.0
scanId=161652,2.694066666667,865.7353164918591,1199.0
scanId=161652,2.694066666667,865.7522602189765,1154.0
scanId=161652,2.694066666667,868.5502456717408,1870.0
scanId=161652,2.694066666667,868.567216922532,3204.0
scanId=161652,2.694066666667,868.5841883368959,4265.0
scanId=161652,2.694066666667,868.6011599192974,4118.0
scanId=161652,2.694066666667,868.6181316652834,3197.0
scanId=161652,2.694066666667,868.6351035792956,2133.0
scanId=161652,2.694066666667,868.6520756569031,1356.0
scanId=161652,2.694066666667,869.5518331010695,1251.0
scanId=161652,2.694066666667,869.5688141324662,1543.0
scanId=161652,2.694066666667,869.5857953315731,1734.0
scanId=161652,2.694066666667,869.6027766945917,1535.0
scanId=161652,2.694066666667,869.6197582253092,1299.0
scanId=161652,2.694066666667,869.6367399199495,1038.0
scanId=161652,2.694066666667,870.520016573807,1068.0
scanId=161652,2.694066666667,870.5370070580088,1096.0
scanId=161652,2.694066666667,870.5879795023016,1011.0
scanId=161652,2.694066666667,870.6049706497242,1158.0
scanId=161652,2.694066666667,870.6219619613971,1004.0
scanId=161652,2.694066666667,872.730169718082,1451.0
scanId=161652,2.694066666667,872.7471817569683,2081.0
scanId=161652,2.694066666667,872.7641939608147,2322.0
scanId=161652,2.694066666667,872.7812063313112,2073.0
scanId=161652,2.694066666667,872.7982188667797,1606.0
scanId=161652,2.694066666667,872.8152315688868,1125.0
scanId=161652,2.694066666667,874.7217033918919,1114.0
scanId=161652,2.694066666667,874.738734829802,1743.0
scanId=161652,2.694066666667,874.7557664337091,2164.0
scanId=161652,2.694066666667,874.7727982032413,2232.0
scanId=161652,2.694066666667,874.7898301387589,2411.0
scanId=161652,2.694066666667,874.8068622399127,2217.0
scanId=161652,2.694066666667,874.8238945070411,1632.0
scanId=161652,2.694066666667,874.8409269398167,1126.0
scanId=161652,2.694066666667,875.7609245390316,1484.0
scanId=161652,2.694066666667,875.7779660912546,2074.0
scanId=161652,2.694066666667,875.7950078094398,2147.0
scanId=161652,2.694066666667,875.8120496932735,1701.0
scanId=161652,2.694066666667,875.8290917430805,1248.0
scanId=161652,2.694066666667,878.7457206189013,1475.0
scanId=161652,2.694066666667,878.7627911881796,2405.0
scanId=161652,2.694066666667,878.7798619221293,3294.0
scanId=161652,2.694066666667,878.7969328230292,3372.0
scanId=161652,2.694066666667,878.8140038885892,3148.0
scanId=161652,2.694066666667,878.8310751211113,2852.0
scanId=161652,2.694066666667,878.8481465182817,2265.0
scanId=161652,2.694066666667,878.8652180824254,1665.0
scanId=161652,2.694066666667,878.8822898112065,1263.0
scanId=161652,2.694066666667,879.719007665769,1580.0
scanId=161652,2.694066666667,879.7360876848134,1651.0
scanId=161652,2.694066666667,879.7531678711224,1370.0
scanId=161652,2.694066666667,879.7702482217773,1192.0
scanId=161652,2.694066666667,879.787328739708,1525.0
scanId=161652,2.694066666667,879.8044094219732,1953.0
scanId=161652,2.694066666667,879.8214902715258,1816.0
scanId=161652,2.694066666667,879.8385712854016,1397.0
scanId=161652,2.694066666667,880.7611922997612,1073.0
scanId=161652,2.694066666667,880.7782824347223,1014.0
scanId=161652,2.694066666667,896.7438879070161,1357.0
scanId=161652,2.694066666667,896.7611324048821,1429.0
scanId=161652,2.694066666667,896.7783770755294,1394.0
scanId=161652,2.694066666667,896.795621905006,1255.0
scanId=161652,2.694066666667,896.8128669072748,1031.0
scanId=161652,2.694066666667,898.7280924303245,2104.0
scanId=161652,2.694066666667,898.7453560033994,4166.0
scanId=161652,2.694066666667,898.7626197346759,5811.0
scanId=161652,2.694066666667,898.7798836393724,6308.0
scanId=161652,2.694066666667,898.7971477022595,5853.0
scanId=161652,2.694066666667,898.8144119385773,4801.0
scanId=161652,2.694066666667,898.8316763330752,3550.0
scanId=161652,2.694066666667,898.8489409010144,2623.0
scanId=161652,2.694066666667,898.8662056271226,1778.0
scanId=161652,2.694066666667,898.8834705266836,1089.0
scanId=161652,2.694066666667,899.7123805123564,1303.0
scanId=161652,2.694066666667,899.7296535287279,2277.0
scanId=161652,2.694066666667,899.7469267188266,3603.0
scanId=161652,2.694066666667,899.7642000668085,4327.0
scanId=161652,2.694066666667,899.7814735885289,4153.0
scanId=161652,2.694066666667,899.7987472681214,3244.0
scanId=161652,2.694066666667,899.816021121463,2151.0
scanId=161652,2.694066666667,899.8332951326662,1466.0
scanId=161652,2.694066666667,899.8505693176294,1172.0
scanId=161652,2.694066666667,900.7490552123954,1658.0
scanId=161652,2.694066666667,900.7663381770826,2296.0
scanId=161652,2.694066666667,900.7836213158265,2590.0
scanId=161652,2.694066666667,900.8009046121242,2725.0
scanId=161652,2.694066666667,900.8181880824894,2796.0
scanId=161652,2.694066666667,900.8354717103979,2409.0
scanId=161652,2.694066666667,900.8527555123845,1844.0
scanId=161652,2.694066666667,900.8700394719033,1300.0
scanId=161652,2.694066666667,901.7690340654863,1780.0
scanId=161652,2.694066666667,901.7863268212532,2171.0
scanId=161652,2.694066666667,901.8036197342561,1970.0
scanId=161652,2.694066666667,901.8209128216445,1443.0
scanId=161652,2.694066666667,903.6895417422957,1366.0
scanId=161652,2.694066666667,903.7068528938779,1932.0
scanId=161652,2.694066666667,903.7241642204466,2328.0
scanId=161652,2.694066666667,903.7414757036391,2326.0
scanId=161652,2.694066666667,903.7587873618296,2089.0
scanId=161652,2.694066666667,903.7760991766328,1767.0
scanId=161652,2.694066666667,903.7934111664443,1682.0
scanId=161652,2.694066666667,903.8107233128582,1534.0
scanId=161652,2.694066666667,903.8280356342913,1168.0
scanId=161652,2.694066666667,904.6938628808538,1495.0
scanId=161652,2.694066666667,904.7111836491414,1782.0
scanId=161652,2.694066666667,904.728504592732,1727.0
scanId=161652,2.694066666667,904.7458256926299,1665.0
scanId=161652,2.694066666667,904.763146967842,1540.0
scanId=161652,2.694066666667,904.7804683993504,1515.0
scanId=161652,2.694066666667,904.7977900061838,1501.0
scanId=161652,2.694066666667,904.8151117693029,1422.0
scanId=161652,2.694066666667,904.8324337077579,1237.0
scanId=161652,2.694066666667,905.6987417974921,1115.0
scanId=161652,2.694066666667,905.7160721824849,1020.0
scanId=161652,2.694066666667,905.8027266240022,1121.0
scanId=161652,2.694066666667,905.8200580038267,1001.0
scanId=161652,2.694066666667,919.6858990825099,1164.0
scanId=161652,2.694066666667,919.7033627749347,1191.0
scanId=161652,2.694066666667,927.5788529049145,1352.0
scanId=161652,2.694066666667,927.5963913920364,1313.0
scanId=161652,2.694066666667,928.5963587591771,1100.0
scanId=161652,2.694066666667,928.6139068633081,1100.0
scanId=161652,2.694066666667,940.7792833325688,1003.0
scanId=161652,2.694066666667,940.7969461775173,1221.0
scanId=161652,2.694066666667,940.8146091678695,1207.0
scanId=161652,2.694066666667,954.8023914416906,1409.0
scanId=161652,2.694066666667,954.8201854182012,1944.0
scanId=161652,2.694066666667,954.8379795848837,1817.0
scanId=161652,2.694066666667,954.8557738930048,1408.0
scanId=161652,2.694066666667,956.5648006430691,1732.0
scanId=161652,2.694066666667,956.5826110591474,2860.0
scanId=161652,2.694066666667,956.6004216161843,3806.0
scanId=161652,2.694066666667,956.6182323638834,4008.0
scanId=161652,2.694066666667,956.6360432525308,3265.0
scanId=161652,2.694066666667,956.6538543318499,2344.0
scanId=161652,2.694066666667,956.671665552108,1704.0
scanId=161652,2.694066666667,956.6894769630474,1200.0
scanId=161652,2.694066666667,957.5802582930004,1502.0
scanId=161652,2.694066666667,957.5980781351323,1821.0
scanId=161652,2.694066666667,957.615898168199,2027.0
scanId=161652,2.694066666667,957.6337183419413,1836.0
scanId=161652,2.694066666667,957.6515387066286,1406.0
scanId=161652,2.694066666667,957.6693592119813,1137.0
scanId=161652,2.694066666667,961.5403334638838,1945.0
scanId=161652,2.694066666667,961.5581901147843,3330.0
scanId=161652,2.694066666667,961.5760469576954,4549.0
scanId=161652,2.694066666667,961.5939039402065,5150.0
scanId=161652,2.694066666667,961.6117611147379,5600.0
scanId=161652,2.694066666667,961.6296184288592,4771.0
scanId=161652,2.694066666667,961.647475935011,3853.0
scanId=161652,2.694066666667,961.6653335807429,3235.0
scanId=161652,2.694066666667,961.6831914185145,2480.0
scanId=161652,2.694066666667,961.7010493958572,1623.0
scanId=161652,2.694066666667,961.718907565249,1103.0
scanId=161652,2.694066666667,962.5405619918075,1641.0
scanId=161652,2.694066666667,962.5584279278025,2430.0
scanId=161652,2.694066666667,962.5762940560779,2885.0
scanId=161652,2.694066666667,962.5941603236837,3451.0
scanId=161652,2.694066666667,962.6120267835792,3441.0
scanId=161652,2.694066666667,962.6298933827956,2687.0
scanId=161652,2.694066666667,962.6477601743111,1935.0
scanId=161652,2.694066666667,962.6656271051377,1297.0
scanId=161652,2.694066666667,963.5591857136594,1158.0
scanId=161652,2.694066666667,963.5770611272983,1686.0
scanId=161652,2.694066666667,963.5949366799987,1796.0
scanId=161652,2.694066666667,963.6128124252574,1472.0
scanId=161652,2.694066666667,963.6306883095685,1144.0
scanId=161652,2.694066666667,987.5342946205959,1447.0
scanId=161652,2.694066666667,987.5523910259078,1607.0
scanId=161652,2.694066666667,987.5704876299051,2106.0
scanId=161652,2.694066666667,987.5885843668275,2546.0
scanId=161652,2.694066666667,987.6066813024439,2461.0
scanId=161652,2.694066666667,987.6247783709769,2342.0
scanId=161652,2.694066666667,987.6428756382126,2038.0
scanId=161652,2.694066666667,987.6609730383562,1603.0
scanId=161652,2.694066666667,987.6790706372111,1117.0
scanId=161652,2.694066666667,988.5660552725368,1106.0
scanId=161652,2.694066666667,988.5841611618745,1443.0
scanId=161652,2.694066666667,988.6022671838916,1888.0
scanId=161652,2.694066666667,988.6203734048488,2127.0
scanId=161652,2.694066666667,988.6384797584766,1795.0
scanId=161652,2.694066666667,988.6565863110532,1367.0
scanId=161652,2.694066666667,988.6746929962914,1041.0
scanId=161652,2.694066666667,1015.5625678026357,1091.0
scanId=161652,2.694066666667,1015.5809192164435,1327.0
scanId=161652,2.694066666667,1015.5992708353067,1285.0
scanId=161652,2.694066666667,1015.617622580725,1048.0
scanId=161652,2.694066666667,1020.6154587617862,1118.0
scanId=161652,2.694066666667,1041.5656226568358,1632.0
scanId=161652,2.694066666667,1041.5842075244557,3032.0
scanId=161652,2.694066666667,1041.6027926021875,3912.0
scanId=161652,2.694066666667,1041.6213778014173,3881.0
scanId=161652,2.694066666667,1041.6399632107666,3013.0
scanId=161652,2.694066666667,1041.6585487416069,2338.0
scanId=161652,2.694066666667,1041.6771344825736,1768.0
scanId=161652,2.694066666667,1041.6957203450245,1397.0
scanId=161652,2.694066666667,1041.714306417608,1192.0
scanId=161652,2.694066666667,1042.5694439742297,1228.0
scanId=161652,2.694066666667,1042.588037795333,1734.0
scanId=161652,2.694066666667,1042.6066318267276,2100.0
scanId=161652,2.694066666667,1042.625225979442,2038.0
scanId=161652,2.694066666667,1042.6438203424527,1961.0
scanId=161652,2.694066666667,1042.6624148267774,1732.0
scanId=161652,2.694066666667,1042.6810095214057,1293.0
scanId=161652,2.694066666667,1056.2806443786915,1025.0
scanId=161652,2.694066666667,1117.6547998363446,1343.0
scanId=161652,2.694066666667,1117.6740515727358,1500.0
scanId=161652,2.694066666667,1117.6933035286925,1697.0
scanId=161652,2.694066666667,1117.7125555966938,1749.0
scanId=161652,2.694066666667,1117.7318078842636,1464.0
scanId=161652,2.694066666667,1118.6368511387857,1345.0
scanId=161652,2.694066666667,1118.6561113850703,1771.0
scanId=161652,2.694066666667,1118.6753717433348,2029.0
scanId=161652,2.694066666667,1118.6946323212326,2049.0
scanId=161652,2.694066666667,1118.7138930111075,2028.0
scanId=161652,2.694066666667,1118.7331539206182,1918.0
scanId=161652,2.694066666667,1118.7524149421042,1696.0
scanId=161652,2.694066666667,1118.771676183228,1266.0
scanId=161652,2.694066666667,1119.6964094529335,1053.0
scanId=161652,2.694066666667,1119.7156787646823,1365.0
scanId=161652,2.694066666667,1119.7349482961324,1345.0
scanId=161652,2.694066666667,1276.3155910733994,1078.0
scanId=161652,2.694066666667,1276.3361639461334,1186.0
scanId=161652,2.694066666667,1276.3567370288908,1246.0
scanId=161652,2.694066666667,1276.3773102332348,1200.0
scanId=161652,2.694066666667,1277.30327705203,1385.0
scanId=161652,2.694066666667,1277.323857883416,1713.0
scanId=161652,2.694066666667,1277.3444389246374,1795.0
scanId=161652,2.694066666667,1277.3650200876345,1628.0
scanId=161652,2.694066666667,1277.3856014604587,1364.0
scanId=161652,2.694066666667,1278.2913450414421,1096.0
scanId=161652,2.694066666667,1278.311933831481,1269.0
scanId=161652,2.694066666667,1278.3325228311646,1116.0
scanId=161652,2.694066666667,1278.353111952814,1208.0
scanId=161652,2.694066666667,1278.3737012841007,1376.0
scanId=161652,2.694066666667,1278.394290737361,1076.0
scanId=161652,2.694066666667,1279.3827805303945,1170.0
scanId=161652,2.694066666667,1279.403378151744,1007.0
scanId=161652,2.694066666667,1342.8919854130625,1053.0
scanId=161652,2.694066666667,1342.9130880616597,1022.0
scanId=161652,2.694066666667,1514.417395027123,1284.0
scanId=161652,2.694066666667,1514.439804814685,1264.0
scanId=161652,2.694066666667,1515.3811664847838,1055.0
scanId=161652,2.694066666667,1515.4035834436627,1151.0
scanId=161652,2.694066666667,1515.426000526165,1000.0
scanId=161652,2.694066666667,1516.3676685940568,1268.0
scanId=161652,2.694066666667,1516.3900928483677,1683.0
scanId=161652,2.694066666667,1516.4125172258086,1902.0
scanId=161652,2.694066666667,1516.4349418117292,1701.0
scanId=161652,2.694066666667,1516.4573665207586,1264.0
scanId=161652,2.694066666667,1517.3993549135962,1344.0
scanId=161652,2.694066666667,1517.4217867949485,1869.0
scanId=161652,2.694066666667,1517.444218798916,1729.0
scanId=161652,2.694066666667,1517.4666510118789,1693.0
scanId=161652,2.694066666667,1517.4890833474342,1448.0
scanId=161652,2.694066666667,1521.911491320763,1135.0
scanId=161652,2.694066666667,1521.9339564835284,1251.0
scanId=161652,2.694066666667,1521.956421857544,1631.0
scanId=161652,2.694066666667,1521.9788873518978,1880.0
scanId=161652,2.694066666667,1522.001353057524,1685.0
scanId=161652,2.694066666667,1522.0238188834655,1241.0
scanId=162651,2.710716666667,102.12527748278399,1269.0
scanId=162651,2.710716666667,102.13109700313582,1212.0
scanId=162651,2.710716666667,149.02530555614644,1206.0
scanId=162651,2.710716666667,149.03233545492475,1153.0
scanId=162651,2.710716666667,165.08457818992196,1581.0
scanId=162651,2.710716666667,165.0919771712177,1450.0
scanId=162651,2.710716666667,165.09937641681282,1094.0
scanId=162651,2.710716666667,169.07423145331143,1231.0
scanId=162651,2.710716666667,169.08171930622856,1629.0
scanId=162651,2.710716666667,169.08920742142695,1491.0
scanId=162651,2.710716666667,169.09669560595466,1054.0
scanId=162651,2.710716666667,181.08869118003543,1442.0
scanId=162651,2.710716666667,181.09644059761283,1280.0
scanId=162651,2.710716666667,206.14787658812693,1639.0
scanId=162651,2.710716666667,206.156144720616,1639.0
scanId=162651,2.710716666667,206.16441309231655,1317.0
scanId=162651,2.710716666667,216.09583026504714,1165.0
scanId=162651,2.710716666667,219.13700582808883,1169.0
scanId=162651,2.710716666667,244.08743532822794,1173.0
scanId=162651,2.710716666667,244.0964322204038,1053.0
scanId=162651,2.710716666667,248.10742179940004,1779.0
scanId=162651,2.710716666667,248.11649242936642,3278.0
scanId=162651,2.710716666667,248.1255632676533,3719.0
scanId=162651,2.710716666667,248.13463422923016,3112.0
scanId=162651,2.710716666667,248.14370539911383,2317.0
scanId=162651,2.710716666667,248.15277669230127,1619.0
scanId=162651,2.710716666667,248.16184819378185,1199.0
scanId=162651,2.710716666667,262.1141884031169,1081.0
scanId=162651,2.710716666667,264.11312501001044,1196.0
scanId=162651,2.710716666667,264.12248367420875,1130.0
scanId=162651,2.710716666667,265.1435703767237,1129.0
scanId=162651,2.710716666667,265.1529472787309,1148.0
scanId=162651,2.710716666667,273.15471473243576,1000.0
scanId=162651,2.710716666667,273.16423223135126,1689.0
scanId=162651,2.710716666667,273.17374987230903,1773.0
scanId=162651,2.710716666667,273.18326770282096,1229.0
scanId=162651,2.710716666667,277.1378878168327,1322.0
scanId=162651,2.710716666667,277.14747443278026,1026.0
scanId=162651,2.710716666667,278.1261812783355,1296.0
scanId=162651,2.710716666667,278.1357849923267,1799.0
scanId=162651,2.710716666667,278.1453888520217,1670.0
scanId=162651,2.710716666667,278.1549928976092,1132.0
scanId=162651,2.710716666667,290.11309575222555,1677.0
scanId=162651,2.710716666667,290.1229042156162,4096.0
scanId=162651,2.710716666667,290.132712856216,5862.0
scanId=162651,2.710716666667,290.1425216512173,5953.0
scanId=162651,2.710716666667,290.15233062341366,4731.0
scanId=162651,2.710716666667,290.16213975002535,3394.0
scanId=162651,2.710716666667,290.17194905381825,2173.0
scanId=162651,2.710716666667,290.18175851204046,1384.0
scanId=162651,2.710716666667,292.1371412897361,1698.0
scanId=162651,2.710716666667,292.1469839090111,2446.0
scanId=162651,2.710716666667,292.1568267040502,2063.0
scanId=162651,2.710716666667,292.16666965493573,1560.0
scanId=162651,2.710716666667,292.1765127815714,1187.0
scanId=162651,2.710716666667,294.1484697292405,2334.0
scanId=162651,2.710716666667,294.1583461727894,4437.0
scanId=162651,2.710716666667,294.1682227906732,5487.0
scanId=162651,2.710716666667,294.17809956583255,4795.0
scanId=162651,2.710716666667,294.18797651531276,3565.0
scanId=162651,2.710716666667,294.1978536220828,2550.0
scanId=162651,2.710716666667,294.20773090315953,1760.0
scanId=162651,2.710716666667,294.21760834154,1151.0
scanId=162651,2.710716666667,295.1567214513058,1038.0
scanId=162651,2.710716666667,295.1666148069916,1570.0
scanId=162651,2.710716666667,295.17650833629847,1459.0
scanId=162651,2.710716666667,295.1864020235949,1032.0
scanId=162651,2.710716666667,331.1968418989914,1169.0
scanId=162651,2.710716666667,331.20732187370083,1674.0
scanId=162651,2.710716666667,331.21780199791993,1622.0
scanId=162651,2.710716666667,331.22828230424,1220.0
scanId=162651,2.710716666667,368.4054846683426,1649.0
scanId=162651,2.710716666667,368.41653766604406,2316.0
scanId=162651,2.710716666667,368.4275907918437,2316.0
scanId=162651,2.710716666667,368.43864412115585,1808.0
scanId=162651,2.710716666667,368.44969757855444,1153.0
scanId=162651,2.710716666667,369.42305277127025,1226.0
scanId=162651,2.710716666667,369.434121023056,1179.0
scanId=162651,2.710716666667,481.29403414169934,1858.0
scanId=162651,2.710716666667,481.30666759517635,1885.0
scanId=162651,2.710716666667,481.3193011376267,1471.0
scanId=162651,2.710716666667,494.2918895514093,1102.0
scanId=162651,2.710716666667,494.30469245786617,1397.0
scanId=162651,2.710716666667,494.31749545130026,1161.0
scanId=162651,2.710716666667,494.80413356057454,1201.0
scanId=162651,2.710716666667,494.81694309924177,1256.0
scanId=162651,2.710716666667,494.829752724818,1157.0
scanId=162651,2.710716666667,520.3210117943338,1081.0
scanId=162651,2.710716666667,521.8195423538417,1024.0
scanId=162651,2.710716666667,536.1497194393964,1173.0
scanId=162651,2.710716666667,536.1630533380871,1453.0
scanId=162651,2.710716666667,536.1763874846093,1225.0
scanId=162651,2.710716666667,537.1635714015205,1058.0
scanId=162651,2.710716666667,537.1769179013918,1085.0
scanId=162651,2.710716666667,537.3637868834501,1195.0
scanId=162651,2.710716666667,537.377135952446,1117.0
scanId=162651,2.710716666667,550.5929320037319,1196.0
scanId=162651,2.710716666667,550.6064443088574,1631.0
scanId=162651,2.710716666667,550.6199568618437,1665.0
scanId=162651,2.710716666667,550.6334694985801,1443.0
scanId=162651,2.710716666667,550.6469823831769,1027.0
scanId=162651,2.710716666667,551.3363572221187,1114.0
scanId=162651,2.710716666667,551.6068180341241,1296.0
scanId=162651,2.710716666667,551.6203428567,1511.0
scanId=162651,2.710716666667,551.6338677630432,1159.0
scanId=162651,2.710716666667,559.342831359382,1112.0
scanId=162651,2.710716666667,559.3564506909584,1190.0
scanId=162651,2.710716666667,559.370070106518,1077.0
scanId=162651,2.710716666667,560.3647383104891,1078.0
scanId=162651,2.710716666667,562.3703812626036,1208.0
scanId=162651,2.710716666667,562.3840374029485,1119.0
scanId=162651,2.710716666667,563.3267086477473,1015.0
scanId=162651,2.710716666667,563.3403763944605,1418.0
scanId=162651,2.710716666667,563.3540442253243,1463.0
scanId=162651,2.710716666667,563.3677123036482,1417.0
scanId=162651,2.710716666667,563.3813804661238,1196.0
scanId=162651,2.710716666667,563.4087173701456,1139.0
scanId=162651,2.710716666667,564.3385667241865,1038.0
scanId=162651,2.710716666667,564.3522467404891,1340.0
scanId=162651,2.710716666667,564.3659268409909,1241.0
scanId=162651,2.710716666667,602.3590720307432,1010.0
scanId=162651,2.710716666667,602.3732053586374,1001.0
scanId=162651,2.710716666667,604.3251894637757,1229.0
scanId=162651,2.710716666667,604.3393457607261,3650.0
scanId=162651,2.710716666667,604.3535023013575,7031.0
scanId=162651,2.710716666667,604.3676589299223,10118.0
scanId=162651,2.710716666667,604.3818158021639,11116.0
scanId=162651,2.710716666667,604.3959727623434,9697.0
scanId=162651,2.710716666667,604.4101299661955,7603.0
scanId=162651,2.710716666667,604.4242872579892,5517.0
scanId=162651,2.710716666667,604.438444793452,3603.0
scanId=162651,2.710716666667,604.4526024168598,2173.0
scanId=162651,2.710716666667,604.4667602839332,1338.0
scanId=162651,2.710716666667,605.3448694484081,1997.0
scanId=162651,2.710716666667,605.3590376834766,3999.0
scanId=162651,2.710716666667,605.3732061620868,4965.0
scanId=162651,2.710716666667,605.3873747287697,5114.0
scanId=162651,2.710716666667,605.4015435389904,4274.0
scanId=162651,2.710716666667,605.4157124372877,3021.0
scanId=162651,2.710716666667,605.4298815791188,2062.0
scanId=162651,2.710716666667,605.4440508090307,1395.0
scanId=162651,2.710716666667,606.3654089725676,1078.0
scanId=162651,2.710716666667,606.379589145756,1732.0
scanId=162651,2.710716666667,606.3937695623453,1755.0
scanId=162651,2.710716666667,606.4079500671482,1273.0
scanId=162651,2.710716666667,609.2900336409218,2059.0
scanId=162651,2.710716666667,609.3042479704104,4619.0
scanId=162651,2.710716666667,609.3184625428839,7560.0
scanId=162651,2.710716666667,609.3326772039871,9038.0
scanId=162651,2.710716666667,609.3468921080712,8429.0
scanId=162651,2.710716666667,609.3611071007888,6831.0
scanId=162651,2.710716666667,609.3753223364835,4875.0
scanId=162651,2.710716666667,609.3895376608159,3278.0
scanId=162651,2.710716666667,609.403753228121,2108.0
scanId=162651,2.710716666667,609.4179688840682,1576.0
scanId=162651,2.710716666667,609.4321847829838,1285.0
scanId=162651,2.710716666667,610.2854398285829,1094.0
scanId=162651,2.710716666667,610.2996657645849,2175.0
scanId=162651,2.710716666667,610.313891943427,3441.0
scanId=162651,2.710716666667,610.3281182110438,4446.0
scanId=162651,2.710716666667,610.3423447214964,4509.0
scanId=162651,2.710716666667,610.356571320728,3402.0
scanId=162651,2.710716666667,610.3707981627911,2463.0
scanId=162651,2.710716666667,610.3850250936372,1673.0
scanId=162651,2.710716666667,610.3992522673109,1192.0
scanId=162651,2.710716666667,611.3243716690141,1590.0
scanId=162651,2.710716666667,611.3386097858353,2011.0
scanId=162651,2.710716666667,611.3528479915826,2001.0
scanId=162651,2.710716666667,611.3670864400141,1703.0
scanId=162651,2.710716666667,611.3813249773764,1452.0
scanId=162651,2.710716666667,611.3955637574184,1169.0
scanId=162651,2.710716666667,615.4460765560325,1050.0
scanId=162651,2.710716666667,615.4603625143232,1072.0
scanId=162651,2.710716666667,620.3558983320655,1028.0
scanId=162651,2.710716666667,620.3702412378133,1294.0
scanId=162651,2.710716666667,620.3845842339082,1419.0
scanId=162651,2.710716666667,620.3989274712666,1418.0
scanId=162651,2.710716666667,620.4132707989769,1206.0
scanId=162651,2.710716666667,623.314030147332,1203.0
scanId=162651,2.710716666667,623.3284072089641,1344.0
scanId=162651,2.710716666667,623.3427843614415,1366.0
scanId=162651,2.710716666667,623.3571617546842,1164.0
scanId=162651,2.710716666667,625.3140267918673,1024.0
scanId=162651,2.710716666667,637.4685135669838,1184.0
scanId=162651,2.710716666667,646.3829545611452,1397.0
scanId=162651,2.710716666667,646.397595253147,1639.0
scanId=162651,2.710716666667,646.4122360403966,1494.0
scanId=162651,2.710716666667,646.426877064009,1087.0
scanId=162651,2.710716666667,648.4782519440267,1031.0
scanId=162651,2.710716666667,660.4255137216513,1781.0
scanId=162651,2.710716666667,660.4403125918748,1869.0
scanId=162651,2.710716666667,660.4551115604432,1349.0
scanId=162651,2.710716666667,663.3885805791531,2251.0
scanId=162651,2.710716666667,663.4034126104293,7830.0
scanId=162651,2.710716666667,663.4182447407413,16893.0
scanId=162651,2.710716666667,663.4330771036281,24235.0
scanId=162651,2.710716666667,663.4479095655576,26324.0
scanId=162651,2.710716666667,663.462742260055,23264.0
scanId=162651,2.710716666667,663.4775750536019,17704.0
scanId=162651,2.710716666667,663.4924080797097,12117.0
scanId=162651,2.710716666667,663.5072412048743,8093.0
scanId=162651,2.710716666667,663.5220745625926,5415.0
scanId=162651,2.710716666667,663.5369080193746,3568.0
scanId=162651,2.710716666667,663.5517417087036,2195.0
scanId=162651,2.710716666667,663.566575497103,1383.0
scanId=162651,2.710716666667,664.3975341440878,2028.0
scanId=162651,2.710716666667,664.4123774501221,5159.0
scanId=162651,2.710716666667,664.4272208554299,9378.0
scanId=162651,2.710716666667,664.4420644930748,12461.0
scanId=162651,2.710716666667,664.4569082300002,12619.0
scanId=162651,2.710716666667,664.4717521992554,10660.0
scanId=162651,2.710716666667,664.4865962677985,7738.0
scanId=162651,2.710716666667,664.5014405686643,5173.0
scanId=162651,2.710716666667,664.5162849688248,3480.0
scanId=162651,2.710716666667,664.5311296013012,2330.0
scanId=162651,2.710716666667,664.5459743330792,1720.0
scanId=162651,2.710716666667,664.5608192971661,1207.0
scanId=162651,2.710716666667,665.4072544006812,1177.0
scanId=162651,2.710716666667,665.4221089814732,2251.0
scanId=162651,2.710716666667,665.4369636617787,3413.0
scanId=162651,2.710716666667,665.4518185741814,3767.0
scanId=162651,2.710716666667,665.4666735861043,3782.0
scanId=162651,2.710716666667,665.4815288301177,3185.0
scanId=162651,2.710716666667,665.4963841736583,2300.0
scanId=162651,2.710716666667,665.5112397492823,1487.0
scanId=162651,2.710716666667,666.4474731598418,1084.0
scanId=162651,2.710716666667,666.4623393470026,1130.0
scanId=162651,2.710716666667,680.4647901671929,1645.0
scanId=162651,2.710716666667,680.4798118796912,2092.0
scanId=162651,2.710716666667,680.494833695438,1840.0
scanId=162651,2.710716666667,680.5098557395468,1290.0
scanId=162651,2.710716666667,681.4415443565651,1312.0
scanId=162651,2.710716666667,681.4565767840975,2027.0
scanId=162651,2.710716666667,681.4716094397432,2166.0
scanId=162651,2.710716666667,681.4866421988937,2030.0
scanId=162651,2.710716666667,681.5016751861499,1554.0
scanId=162651,2.710716666667,681.516708276919,1233.0
scanId=162651,2.710716666667,681.5317415957857,1041.0
scanId=162651,2.710716666667,685.4007935164914,2055.0
scanId=162651,2.710716666667,685.4158696131161,3538.0
scanId=162651,2.710716666667,685.4309458142773,4096.0
scanId=162651,2.710716666667,685.4460222425125,3685.0
scanId=162651,2.710716666667,685.4610987752919,2723.0
scanId=162651,2.710716666667,685.4761755351378,1839.0
scanId=162651,2.710716666667,685.4912523995358,1309.0
scanId=162651,2.710716666667,686.4263437126917,1151.0
scanId=162651,2.710716666667,686.4414310840745,1071.0
scanId=162651,2.710716666667,709.4891606665145,1070.0
scanId=162651,2.710716666667,709.5044993986775,1520.0
scanId=162651,2.710716666667,709.5198382420571,1376.0
scanId=162651,2.710716666667,709.5351773058304,1092.0
scanId=162651,2.710716666667,722.4630561431144,1979.0
scanId=162651,2.710716666667,722.4785344833093,2872.0
scanId=162651,2.710716666667,722.4940129385607,3387.0
scanId=162651,2.710716666667,722.5094916103661,3159.0
scanId=162651,2.710716666667,722.5249703972373,2466.0
scanId=162651,2.710716666667,722.5404494006534,1655.0
scanId=162651,2.710716666667,722.5559285191445,1075.0
scanId=162651,2.710716666667,723.5004698618403,1128.0
scanId=162651,2.710716666667,723.5159592605478,1082.0
scanId=162651,2.710716666667,723.5314488755009,1063.0
scanId=162651,2.710716666667,736.4606169595852,1363.0
scanId=162651,2.710716666667,736.4762445245176,5545.0
scanId=162651,2.710716666667,736.4918722088086,15481.0
scanId=162651,2.710716666667,736.5075001053515,30448.0
scanId=162651,2.710716666667,736.5231281212626,43577.0
scanId=162651,2.710716666667,736.5387563494161,47421.0
scanId=162651,2.710716666667,736.5543846969474,42358.0
scanId=162651,2.710716666667,736.5700132567116,34556.0
scanId=162651,2.710716666667,736.5856419358632,25603.0
scanId=162651,2.710716666667,736.6012708272378,18283.0
scanId=162651,2.710716666667,736.6168998380098,13020.0
scanId=162651,2.710716666667,736.6325290609949,9025.0
scanId=162651,2.710716666667,736.6481584033871,6279.0
scanId=162651,2.710716666667,736.6637879579829,4188.0
scanId=162651,2.710716666667,736.6794176319954,2722.0
scanId=162651,2.710716666667,736.6950475182018,1927.0
scanId=162651,2.710716666667,736.7106775238345,1580.0
scanId=162651,2.710716666667,736.7263077416512,1349.0
scanId=162651,2.710716666667,736.7419380789046,1178.0
scanId=162651,2.710716666667,736.7575686283317,1117.0
scanId=162651,2.710716666667,737.4767520736943,2424.0
scanId=162651,2.710716666667,737.4923903698352,6406.0
scanId=162651,2.710716666667,737.5080288779151,14204.0
scanId=162651,2.710716666667,737.5236675056763,21791.0
scanId=162651,2.710716666667,737.5393063453666,25367.0
scanId=162651,2.710716666667,737.554945304748,23405.0
scanId=162651,2.710716666667,737.5705844760491,18610.0
scanId=162651,2.710716666667,737.586223767051,13445.0
scanId=162651,2.710716666667,737.6018632699626,9766.0
scanId=162651,2.710716666667,737.6175028925846,7233.0
scanId=162651,2.710716666667,737.6331427271066,4841.0
scanId=162651,2.710716666667,737.6487826813493,3115.0
scanId=162651,2.710716666667,737.6644228474818,2138.0
scanId=162651,2.710716666667,737.6800631333443,1598.0
scanId=162651,2.710716666667,737.6957036310876,1293.0
scanId=162651,2.710716666667,738.4779387712679,1154.0
scanId=162651,2.710716666667,738.4935876792596,2085.0
scanId=162651,2.710716666667,738.5092367988764,3909.0
scanId=162651,2.710716666667,738.5248860384886,6622.0
scanId=162651,2.710716666667,738.5405354897159,7832.0
scanId=162651,2.710716666667,738.5561850609486,6944.0
scanId=162651,2.710716666667,738.5718348437864,5599.0
scanId=162651,2.710716666667,738.5874847466392,4163.0
scanId=162651,2.710716666667,738.6031348610877,3164.0
scanId=162651,2.710716666667,738.6187850955608,2376.0
scanId=162651,2.710716666667,738.6344355416197,1686.0
scanId=162651,2.710716666667,738.6500861077135,1291.0
scanId=162651,2.710716666667,739.5424437824934,1043.0
scanId=162651,2.710716666667,739.558103965578,1120.0
scanId=162651,2.710716666667,739.5737643599527,1072.0
scanId=162651,2.710716666667,739.5894248746574,1102.0
scanId=162651,2.710716666667,747.424717597032,1388.0
scanId=162651,2.710716666667,747.4404610168611,1129.0
scanId=162651,2.710716666667,764.5083214386192,2275.0
scanId=162651,2.710716666667,764.5242438053109,5381.0
scanId=162651,2.710716666667,764.5401663003796,9255.0
scanId=162651,2.710716666667,764.556088998682,12641.0
scanId=162651,2.710716666667,764.5720118253716,13720.0
scanId=162651,2.710716666667,764.5879348552845,11879.0
scanId=162651,2.710716666667,764.6038580135952,9176.0
scanId=162651,2.710716666667,764.6197813751185,6764.0
scanId=162651,2.710716666667,764.6357048650505,4711.0
scanId=162651,2.710716666667,764.6516285581841,3083.0
scanId=162651,2.710716666667,764.667552379737,1941.0
scanId=162651,2.710716666667,764.6834764044814,1287.0
scanId=162651,2.710716666667,765.5117532024824,1845.0
scanId=162651,2.710716666667,765.5276859778028,3795.0
scanId=162651,2.710716666667,765.5436189560313,6700.0
scanId=162651,2.710716666667,765.559552062973,8438.0
scanId=162651,2.710716666667,765.5754853728121,8118.0
scanId=162651,2.710716666667,765.5914188113745,6908.0
scanId=162651,2.710716666667,765.6073524528243,5403.0
scanId=162651,2.710716666667,765.6232862230079,4136.0
scanId=162651,2.710716666667,765.639220196068,2809.0
scanId=162651,2.710716666667,765.6551542978727,1758.0
scanId=162651,2.710716666667,765.6710886025435,1098.0
scanId=162651,2.710716666667,766.5317862789125,1156.0
scanId=162651,2.710716666667,766.5477296661063,1630.0
scanId=162651,2.710716666667,766.5636732558718,2119.0
scanId=162651,2.710716666667,766.5796169746869,2242.0
scanId=162651,2.710716666667,766.5955608960628,1920.0
scanId=162651,2.710716666667,766.6115049464988,1720.0
scanId=162651,2.710716666667,766.6274491994856,1482.0
scanId=162651,2.710716666667,766.6433935815426,1083.0
scanId=162651,2.710716666667,773.4187586546072,1167.0
scanId=162651,2.710716666667,773.4347735406363,1281.0
scanId=162651,2.710716666667,773.4507885579936,1350.0
scanId=162651,2.710716666667,773.4668037756333,1652.0
scanId=162651,2.710716666667,773.4828191246118,1707.0
scanId=162651,2.710716666667,773.4988346738618,1403.0
scanId=162651,2.710716666667,791.5079158301628,1302.0
scanId=162651,2.710716666667,791.5241168871011,1789.0
scanId=162651,2.710716666667,791.5403181382466,1857.0
scanId=162651,2.710716666667,791.556519526806,1753.0
scanId=162651,2.710716666667,791.5727211095623,1422.0
scanId=162651,2.710716666667,791.5889228297432,1075.0
scanId=162651,2.710716666667,792.4964845841903,1044.0
scanId=162651,2.710716666667,792.5126957836519,1060.0
scanId=162651,2.710716666667,792.5289071208566,1394.0
scanId=162651,2.710716666667,792.5451186519286,1784.0
scanId=162651,2.710716666667,792.5613303207549,1672.0
scanId=162651,2.710716666667,792.5775421834373,1307.0
scanId=162651,2.710716666667,792.5937541838853,1087.0
scanId=162651,2.710716666667,792.6099663781782,1140.0
scanId=162651,2.710716666667,792.6261787102476,1247.0
scanId=162651,2.710716666667,792.6423912361512,1007.0
scanId=162651,2.710716666667,793.4856703378963,1021.0
scanId=162651,2.710716666667,793.5018916237469,1173.0
scanId=162651,2.710716666667,793.5181131031346,1195.0
scanId=162651,2.710716666667,793.5343347206068,1389.0
scanId=162651,2.710716666667,793.550556531605,1282.0
scanId=162651,2.710716666667,793.5667784806985,1131.0
scanId=162651,2.710716666667,793.5830006233075,1023.0
scanId=162651,2.710716666667,800.5250007945937,1043.0
scanId=162651,2.710716666667,810.6913283055095,1225.0
scanId=162651,2.710716666667,810.7077245436453,2295.0
scanId=162651,2.710716666667,810.7241209257202,3104.0
scanId=162651,2.710716666667,810.7405174954665,3045.0
scanId=162651,2.710716666667,810.7569142091629,2715.0
scanId=162651,2.710716666667,810.7733111105201,2240.0
scanId=162651,2.710716666667,810.7897081558382,1842.0
scanId=162651,2.710716666667,810.8061053888056,1343.0
scanId=162651,2.710716666667,811.7082079350408,1058.0
scanId=162651,2.710716666667,811.7246144531033,1314.0
scanId=162651,2.710716666667,811.7410211154516,1329.0
scanId=162651,2.710716666667,811.7574279651244,1386.0
scanId=162651,2.710716666667,811.7738349590949,1258.0
scanId=162651,2.710716666667,811.7902421403782,1180.0
scanId=162651,2.710716666667,811.80664946597,1149.0
scanId=162651,2.710716666667,822.6881761111754,2913.0
scanId=162651,2.710716666667,822.704693203578,6330.0
scanId=162651,2.710716666667,822.7212104795566,9874.0
scanId=162651,2.710716666667,822.7377279035809,12203.0
scanId=162651,2.710716666667,822.7542455111701,12081.0
scanId=162651,2.710716666667,822.7707632668163,9526.0
scanId=162651,2.710716666667,822.7872812060159,6974.0
scanId=162651,2.710716666667,822.8037992932842,4766.0
scanId=162651,2.710716666667,822.8203175640944,3334.0
scanId=162651,2.710716666667,822.8368359829843,2321.0
scanId=162651,2.710716666667,822.8533545854049,1673.0
scanId=162651,2.710716666667,822.8698733359165,1117.0
scanId=162651,2.710716666667,823.6960227097422,2022.0
scanId=162651,2.710716666667,823.7125499340368,3711.0
scanId=162651,2.710716666667,823.729077306716,5660.0
scanId=162651,2.710716666667,823.7456048626209,6602.0
scanId=162651,2.710716666667,823.7621325669221,6561.0
scanId=162651,2.710716666667,823.7786604544375,5905.0
scanId=162651,2.710716666667,823.7951884903604,4595.0
scanId=162651,2.710716666667,823.8117167094864,3433.0
scanId=162651,2.710716666667,823.828245077031,2406.0
scanId=162651,2.710716666667,823.8447736277677,1581.0
scanId=162651,2.710716666667,824.7044862976381,1011.0
scanId=162651,2.710716666667,824.7210236189724,1702.0
scanId=162651,2.710716666667,824.7375611231931,2841.0
scanId=162651,2.710716666667,824.7540987761491,3619.0
scanId=162651,2.710716666667,824.7706366119805,3778.0
scanId=162651,2.710716666667,824.7871745965584,3248.0
scanId=162651,2.710716666667,824.8037127640004,2450.0
scanId=162651,2.710716666667,824.8202510801999,1614.0
scanId=162651,2.710716666667,824.8367895792522,1086.0
scanId=162651,2.710716666667,825.7301142928919,1104.0
scanId=162651,2.710716666667,825.746661894503,1148.0
scanId=162651,2.710716666667,825.7632096786502,1122.0
scanId=162651,2.710716666667,825.7797576118832,1204.0
scanId=162651,2.710716666667,825.7963057276407,1062.0
scanId=162651,2.710716666667,827.6507429899837,1812.0
scanId=162651,2.710716666667,827.6673098256617,3784.0
scanId=162651,2.710716666667,827.6838768432194,4563.0
scanId=162651,2.710716666667,827.7004440105196,4334.0
scanId=162651,2.710716666667,827.7170113596878,4035.0
scanId=162651,2.710716666667,827.7335788586098,2915.0
scanId=162651,2.710716666667,827.7501465393885,1815.0
scanId=162651,2.710716666667,827.7667143699323,1172.0
scanId=162651,2.710716666667,828.6616238774808,1034.0
scanId=162651,2.710716666667,828.6782008433544,1653.0
scanId=162651,2.710716666667,828.69477795931,1801.0
scanId=162651,2.710716666667,828.7113552567941,1753.0
scanId=162651,2.710716666667,828.7279327043716,1554.0
scanId=162651,2.710716666667,828.7445103334663,1083.0
scanId=162651,2.710716666667,833.6255212462028,1036.0
scanId=162651,2.710716666667,833.6421477738163,1123.0
scanId=162651,2.710716666667,833.6587744812691,1064.0
scanId=162651,2.710716666667,834.623406804286,1113.0
scanId=162651,2.710716666667,834.6400432805557,1156.0
scanId=162651,2.710716666667,834.6566799363242,1016.0
scanId=162651,2.710716666667,836.7042521999715,1132.0
scanId=162651,2.710716666667,836.7209094155927,1752.0
scanId=162651,2.710716666667,836.7375667840408,2452.0
scanId=162651,2.710716666667,836.7542243312729,3131.0
scanId=162651,2.710716666667,836.7708820313429,3320.0
scanId=162651,2.710716666667,836.7875399101854,2917.0
scanId=162651,2.710716666667,836.8041979418772,2077.0
scanId=162651,2.710716666667,836.8208561523301,1325.0
scanId=162651,2.710716666667,837.7206453920929,1222.0
scanId=162651,2.710716666667,837.7373127091975,2036.0
scanId=162651,2.710716666667,837.7539802047451,2535.0
scanId=162651,2.710716666667,837.7706478534718,2548.0
scanId=162651,2.710716666667,837.78731568063,2317.0
scanId=162651,2.710716666667,837.8039836609786,1813.0
scanId=162651,2.710716666667,837.8206518197472,1131.0
scanId=162651,2.710716666667,841.692144652512,1328.0
scanId=162651,2.710716666667,841.7088514326214,1223.0
scanId=162651,2.710716666667,842.6614123068609,1055.0
scanId=162651,2.710716666667,842.678128704005,1246.0
scanId=162651,2.710716666667,842.6948452779108,1275.0
scanId=162651,2.710716666667,842.7115620066769,1160.0
scanId=162651,2.710716666667,843.6646899444647,1438.0
scanId=162651,2.710716666667,843.6814162902658,1562.0
scanId=162651,2.710716666667,843.6981428124874,1525.0
scanId=162651,2.710716666667,843.7148694899104,1200.0
scanId=162651,2.710716666667,848.7068078592455,1500.0
scanId=162651,2.710716666667,848.7235841230464,2593.0
scanId=162651,2.710716666667,848.7403605437531,3482.0
scanId=162651,2.710716666667,848.7571371391643,4378.0
scanId=162651,2.710716666667,848.7739138914932,4940.0
scanId=162651,2.710716666667,848.7906908185149,4815.0
scanId=162651,2.710716666667,848.8074679024655,3708.0
scanId=162651,2.710716666667,848.8242451610981,2559.0
scanId=162651,2.710716666667,848.8410225766704,1696.0
scanId=162651,2.710716666667,848.8578001669133,1186.0
scanId=162651,2.710716666667,849.7304631126922,1882.0
scanId=162651,2.710716666667,849.747249482056,3040.0
scanId=162651,2.710716666667,849.764036025783,3801.0
scanId=162651,2.710716666667,849.7808227267684,3494.0
scanId=162651,2.710716666667,849.7976096021061,3014.0
scanId=162651,2.710716666667,849.8143966347135,2829.0
scanId=162651,2.710716666667,849.8311838416616,2353.0
scanId=162651,2.710716666667,849.8479712058909,1668.0
scanId=162651,2.710716666667,849.8647587444495,1044.0
scanId=162651,2.710716666667,850.7379390115149,1273.0
scanId=162651,2.710716666667,850.754735329535,1803.0
scanId=162651,2.710716666667,850.7715318215782,1913.0
scanId=162651,2.710716666667,850.7883284712202,1816.0
scanId=162651,2.710716666667,850.8051252948736,1419.0
scanId=162651,2.710716666667,850.8219222761378,1115.0
scanId=162651,2.710716666667,851.7292057107645,1076.0
scanId=162651,2.710716666667,851.746011819513,1299.0
scanId=162651,2.710716666667,851.7628180861898,1404.0
scanId=162651,2.710716666667,851.7796245265486,1281.0
scanId=162651,2.710716666667,853.6798198086068,1716.0
scanId=162651,2.710716666667,853.6966451507658,2289.0
scanId=162651,2.710716666667,853.713470651512,2611.0
scanId=162651,2.710716666667,853.7302963252814,2435.0
scanId=162651,2.710716666667,853.7471221576496,1926.0
scanId=162651,2.710716666667,853.7639481630296,1477.0
scanId=162651,2.710716666667,853.7807743270196,1172.0
scanId=162651,2.710716666667,854.6896336018616,1283.0
scanId=162651,2.710716666667,854.7064688923363,1657.0
scanId=162651,2.710716666667,854.7233043417392,1815.0
scanId=162651,2.710716666667,854.7401399638244,1400.0
scanId=162651,2.710716666667,854.756975744849,1009.0
scanId=162651,2.710716666667,860.710367517269,1137.0
scanId=162651,2.710716666667,860.7272619953651,1418.0
scanId=162651,2.710716666667,860.7441566441245,1451.0
scanId=162651,2.710716666667,860.7610514538425,1515.0
scanId=162651,2.710716666667,860.7779464342121,1605.0
scanId=162651,2.710716666667,860.7948415755521,1402.0
scanId=162651,2.710716666667,860.8117368875323,1123.0
scanId=162651,2.710716666667,861.7412342557717,1024.0
scanId=162651,2.710716666667,861.7581388528466,1232.0
scanId=162651,2.710716666667,861.7750436112207,1148.0
scanId=162651,2.710716666667,861.7919485399061,1017.0
scanId=162651,2.710716666667,862.7219748361376,1003.0
scanId=162651,2.710716666667,862.7388890499179,1405.0
scanId=162651,2.710716666667,862.7558034253257,1756.0
scanId=162651,2.710716666667,862.7727179707165,1731.0
scanId=162651,2.710716666667,862.789632677746,1388.0
scanId=162651,2.710716666667,864.7359301676319,1005.0
scanId=162651,2.710716666667,866.7183266534101,1047.0
scanId=162651,2.710716666667,866.7352799972329,1182.0
scanId=162651,2.710716666667,866.752233504018,1261.0
scanId=162651,2.710716666667,866.7691871794511,1309.0
scanId=162651,2.710716666667,866.7861410178584,1290.0
scanId=162651,2.710716666667,866.803095024902,1254.0
scanId=162651,2.710716666667,866.8200491949309,1009.0
scanId=162651,2.710716666667,868.5163036698181,1079.0
scanId=162651,2.710716666667,868.5332745889987,1292.0
scanId=162651,2.710716666667,868.5502456717408,1637.0
scanId=162651,2.710716666667,868.567216922532,3046.0
scanId=162651,2.710716666667,868.5841883368959,4068.0
scanId=162651,2.710716666667,868.6011599192974,3746.0
scanId=162651,2.710716666667,868.6181316652834,2990.0
scanId=162651,2.710716666667,868.6351035792956,2153.0
scanId=162651,2.710716666667,868.6520756569031,1486.0
scanId=162651,2.710716666667,868.6690479025259,1072.0
scanId=162651,2.710716666667,869.5518331010695,1057.0
scanId=162651,2.710716666667,869.5688141324662,1392.0
scanId=162651,2.710716666667,869.5857953315731,1829.0
scanId=162651,2.710716666667,869.6027766945917,2220.0
scanId=162651,2.710716666667,869.6197582253092,2161.0
scanId=162651,2.710716666667,869.6367399199495,1629.0
scanId=162651,2.710716666667,869.6537217822777,1259.0
scanId=162651,2.710716666667,869.6707038085398,1228.0
scanId=162651,2.710716666667,869.6876860024785,1091.0
scanId=162651,2.710716666667,872.7471817569683,1429.0
scanId=162651,2.710716666667,872.7641939608147,1937.0
scanId=162651,2.710716666667,872.7812063313112,1973.0
scanId=162651,2.710716666667,872.7982188667797,1831.0
scanId=162651,2.710716666667,872.8152315688868,1360.0
scanId=162651,2.710716666667,873.7341636852412,1342.0
scanId=162651,2.710716666667,873.7511855061197,1732.0
scanId=162651,2.710716666667,873.7682074933215,1564.0
scanId=162651,2.710716666667,873.7852296458219,1382.0
scanId=162651,2.710716666667,873.8022519646343,1038.0
scanId=162651,2.710716666667,874.738734829802,1332.0
scanId=162651,2.710716666667,874.7557664337091,2091.0
scanId=162651,2.710716666667,874.7727982032413,2226.0
scanId=162651,2.710716666667,874.7898301387589,1976.0
scanId=162651,2.710716666667,874.8068622399127,1431.0
scanId=162651,2.710716666667,875.7609245390316,1133.0
scanId=162651,2.710716666667,875.7779660912546,1502.0
scanId=162651,2.710716666667,875.7950078094398,1362.0
scanId=162651,2.710716666667,875.8120496932735,1001.0
scanId=162651,2.710716666667,876.7496086531864,1090.0
scanId=162651,2.710716666667,876.7666598221147,1769.0
scanId=162651,2.710716666667,876.7837111573313,2059.0
scanId=162651,2.710716666667,876.8007626578703,1575.0
scanId=162651,2.710716666667,876.8178143247086,1043.0
scanId=162651,2.710716666667,877.70472947105,1087.0
scanId=162651,2.710716666667,878.7627911881796,1127.0
scanId=162651,2.710716666667,878.7798619221293,1462.0
scanId=162651,2.710716666667,878.7969328230292,1663.0
scanId=162651,2.710716666667,878.8140038885892,2018.0
scanId=162651,2.710716666667,878.8310751211113,1771.0
scanId=162651,2.710716666667,878.8481465182817,1185.0
scanId=162651,2.710716666667,879.719007665769,1279.0
scanId=162651,2.710716666667,879.7360876848134,1583.0
scanId=162651,2.710716666667,879.7531678711224,1584.0
scanId=162651,2.710716666667,879.7702482217773,1668.0
scanId=162651,2.710716666667,879.787328739708,2015.0
scanId=162651,2.710716666667,879.8044094219732,2344.0
scanId=162651,2.710716666667,879.8214902715258,2106.0
scanId=162651,2.710716666667,879.8385712854016,1718.0
scanId=162651,2.710716666667,879.8556524665756,1212.0
scanId=162651,2.710716666667,898.7108290306583,1408.0
scanId=162651,2.710716666667,898.7280924303245,2785.0
scanId=162651,2.710716666667,898.7453560033994,5142.0
scanId=162651,2.710716666667,898.7626197346759,7953.0
scanId=162651,2.710716666667,898.7798836393724,8344.0
scanId=162651,2.710716666667,898.7971477022595,6737.0
scanId=162651,2.710716666667,898.8144119385773,5029.0
scanId=162651,2.710716666667,898.8316763330752,3702.0
scanId=162651,2.710716666667,898.8489409010144,2628.0
scanId=162651,2.710716666667,898.8662056271226,1895.0
scanId=162651,2.710716666667,898.8834705266836,1346.0
scanId=162651,2.710716666667,899.7296535287279,1469.0
scanId=162651,2.710716666667,899.7469267188266,2544.0
scanId=162651,2.710716666667,899.7642000668085,3752.0
scanId=162651,2.710716666667,899.7814735885289,4159.0
scanId=162651,2.710716666667,899.7987472681214,3293.0
scanId=162651,2.710716666667,899.816021121463,2128.0
scanId=162651,2.710716666667,899.8332951326662,1572.0
scanId=162651,2.710716666667,899.8505693176294,1200.0
scanId=162651,2.710716666667,900.7490552123954,1589.0
scanId=162651,2.710716666667,900.7663381770826,2845.0
scanId=162651,2.710716666667,900.7836213158265,3563.0
scanId=162651,2.710716666667,900.8009046121242,3220.0
scanId=162651,2.710716666667,900.8181880824894,2488.0
scanId=162651,2.710716666667,900.8354717103979,1955.0
scanId=162651,2.710716666667,900.8527555123845,1580.0
scanId=162651,2.710716666667,900.8700394719033,1285.0
scanId=162651,2.710716666667,902.772287732007,1077.0
scanId=162651,2.710716666667,902.7895901047965,1216.0
scanId=162651,2.710716666667,902.8068926345051,1039.0
scanId=162651,2.710716666667,903.6895417422957,1192.0
scanId=162651,2.710716666667,903.7068528938779,1732.0
scanId=162651,2.710716666667,903.7241642204466,1823.0
scanId=162651,2.710716666667,903.7414757036391,1661.0
scanId=162651,2.710716666667,903.7587873618296,1502.0
scanId=162651,2.710716666667,903.7760991766328,1287.0
scanId=162651,2.710716666667,904.7111836491414,1277.0
scanId=162651,2.710716666667,904.728504592732,1614.0
scanId=162651,2.710716666667,904.7458256926299,1804.0
scanId=162651,2.710716666667,904.763146967842,1958.0
scanId=162651,2.710716666667,904.7804683993504,1730.0
scanId=162651,2.710716666667,904.7977900061838,1513.0
scanId=162651,2.710716666667,904.8151117693029,1293.0
scanId=162651,2.710716666667,904.8324337077579,1036.0
scanId=162651,2.710716666667,905.6987417974921,1552.0
scanId=162651,2.710716666667,905.7160721824849,2078.0
scanId=162651,2.710716666667,905.7334027430969,2161.0
scanId=162651,2.710716666667,905.7507334597001,1891.0
scanId=162651,2.710716666667,905.7680643519336,1574.0
scanId=162651,2.710716666667,905.7853954001473,1028.0
scanId=162651,2.710716666667,906.7388586715284,1086.0
scanId=162651,2.710716666667,906.756199004837,1386.0
scanId=162651,2.710716666667,906.7735395140913,1472.0
scanId=162651,2.710716666667,906.7908801790104,1221.0
scanId=162651,2.710716666667,955.6388881360922,1013.0
scanId=162651,2.710716666667,956.5648006430691,1532.0
scanId=162651,2.710716666667,956.5826110591474,1890.0
scanId=162651,2.710716666667,956.6004216161843,2173.0
scanId=162651,2.710716666667,956.6182323638834,2406.0
scanId=162651,2.710716666667,956.6360432525308,2189.0
scanId=162651,2.710716666667,956.6538543318499,1706.0
scanId=162651,2.710716666667,956.671665552108,1336.0
scanId=162651,2.710716666667,957.5802582930004,1466.0
scanId=162651,2.710716666667,957.5980781351323,1771.0
scanId=162651,2.710716666667,957.615898168199,1758.0
scanId=162651,2.710716666667,957.6337183419413,1481.0
scanId=162651,2.710716666667,957.6515387066286,1131.0
scanId=162651,2.710716666667,957.7941074926546,1117.0
scanId=162651,2.710716666667,957.8119293244495,1169.0
scanId=162651,2.710716666667,957.8297513472379,1292.0
scanId=162651,2.710716666667,957.8475735106435,1255.0
scanId=162651,2.710716666667,957.8653958650522,1019.0
scanId=162651,2.710716666667,958.6140839454646,1038.0
scanId=162651,2.710716666667,958.6319134043018,1152.0
scanId=162651,2.710716666667,961.5224769525927,1281.0
scanId=162651,2.710716666667,961.5403334638838,2200.0
scanId=162651,2.710716666667,961.5581901147843,3123.0
scanId=162651,2.710716666667,961.5760469576954,4684.0
scanId=162651,2.710716666667,961.5939039402065,6368.0
scanId=162651,2.710716666667,961.6117611147379,6466.0
scanId=162651,2.710716666667,961.6296184288592,5353.0
scanId=162651,2.710716666667,961.647475935011,3939.0
scanId=162651,2.710716666667,961.6653335807429,2868.0
scanId=162651,2.710716666667,961.6831914185145,2105.0
scanId=162651,2.710716666667,961.7010493958572,1471.0
scanId=162651,2.710716666667,962.5405619918075,1732.0
scanId=162651,2.710716666667,962.5584279278025,3055.0
scanId=162651,2.710716666667,962.5762940560779,4294.0
scanId=162651,2.710716666667,962.5941603236837,4429.0
scanId=162651,2.710716666667,962.6120267835792,4010.0
scanId=162651,2.710716666667,962.6298933827956,3310.0
scanId=162651,2.710716666667,962.6477601743111,2448.0
scanId=162651,2.710716666667,962.6656271051377,1675.0
scanId=162651,2.710716666667,962.6834942282737,1133.0
scanId=162651,2.710716666667,963.5770611272983,1127.0
scanId=162651,2.710716666667,987.5342946205959,1151.0
scanId=162651,2.710716666667,987.5523910259078,2164.0
scanId=162651,2.710716666667,987.5704876299051,3718.0
scanId=162651,2.710716666667,987.5885843668275,5114.0
scanId=162651,2.710716666667,987.6066813024439,5877.0
scanId=162651,2.710716666667,987.6247783709769,5357.0
scanId=162651,2.710716666667,987.6428756382126,4295.0
scanId=162651,2.710716666667,987.6609730383562,3285.0
scanId=162651,2.710716666667,987.6790706372111,2187.0
scanId=162651,2.710716666667,987.6971683689651,1418.0
scanId=162651,2.710716666667,988.54794958213,1023.0
scanId=162651,2.710716666667,988.5660552725368,1661.0
scanId=162651,2.710716666667,988.5841611618745,2813.0
scanId=162651,2.710716666667,988.6022671838916,3383.0
scanId=162651,2.710716666667,988.6203734048488,3102.0
scanId=162651,2.710716666667,988.6384797584766,2622.0
scanId=162651,2.710716666667,988.6565863110532,1974.0
scanId=162651,2.710716666667,988.6746929962914,1408.0
scanId=162651,2.710716666667,988.6927998804869,1098.0
scanId=162651,2.710716666667,989.5802394913454,1551.0
scanId=162651,2.710716666667,989.5983546660228,2088.0
scanId=162651,2.710716666667,989.616469973135,2120.0
scanId=162651,2.710716666667,989.6345854794316,1669.0
scanId=162651,2.710716666667,989.6527011181541,1169.0
scanId=162651,2.710716666667,1015.5992708353067,1202.0
scanId=162651,2.710716666667,1015.617622580725,1171.0
scanId=162651,2.710716666667,1041.547037910721,1391.0
scanId=162651,2.710716666667,1041.5656226568358,2910.0
scanId=162651,2.710716666667,1041.5842075244557,3951.0
scanId=162651,2.710716666667,1041.6027926021875,4258.0
scanId=162651,2.710716666667,1041.6213778014173,4296.0
scanId=162651,2.710716666667,1041.6399632107666,3956.0
scanId=162651,2.710716666667,1041.6585487416069,3035.0
scanId=162651,2.710716666667,1041.6771344825736,2202.0
scanId=162651,2.710716666667,1041.6957203450245,1662.0
scanId=162651,2.710716666667,1041.714306417608,1264.0
scanId=162651,2.710716666667,1042.5694439742297,1319.0
scanId=162651,2.710716666667,1042.588037795333,2352.0
scanId=162651,2.710716666667,1042.6066318267276,3167.0
scanId=162651,2.710716666667,1042.625225979442,3749.0
scanId=162651,2.710716666667,1042.6438203424527,3826.0
scanId=162651,2.710716666667,1042.6624148267774,3189.0
scanId=162651,2.710716666667,1042.6810095214057,2254.0
scanId=162651,2.710716666667,1042.6996043373408,1429.0
scanId=162651,2.710716666667,1042.7181993635866,1066.0
scanId=162651,2.710716666667,1043.6295576503976,1143.0
scanId=162651,2.710716666667,1043.6481609670695,1178.0
scanId=162651,2.710716666667,1073.6446659500234,1128.0
scanId=162651,2.710716666667,1117.6547998363446,1336.0
scanId=162651,2.710716666667,1117.6740515727358,1616.0
scanId=162651,2.710716666667,1117.6933035286925,2076.0
scanId=162651,2.710716666667,1117.7125555966938,2450.0
scanId=162651,2.710716666667,1117.7318078842636,2078.0
scanId=162651,2.710716666667,1117.7510602838754,1406.0
scanId=162651,2.710716666667,1118.6368511387857,1049.0
scanId=162651,2.710716666667,1118.6561113850703,1618.0
scanId=162651,2.710716666667,1118.6753717433348,1920.0
scanId=162651,2.710716666667,1118.6946323212326,2296.0
scanId=162651,2.710716666667,1118.7138930111075,2186.0
scanId=162651,2.710716666667,1118.7331539206182,1861.0
scanId=162651,2.710716666667,1118.7524149421042,1477.0
scanId=162651,2.710716666667,1118.771676183228,1064.0
scanId=162651,2.710716666667,1119.677140253096,1396.0
scanId=162651,2.710716666667,1119.6964094529335,1556.0
scanId=162651,2.710716666667,1119.7156787646823,1364.0
scanId=162651,2.710716666667,1276.2950183222447,1009.0
scanId=162651,2.710716666667,1276.3155910733994,1270.0
scanId=162651,2.710716666667,1276.3361639461334,1526.0
scanId=162651,2.710716666667,1276.3567370288908,1591.0
scanId=162651,2.710716666667,1276.3773102332348,1427.0
scanId=162651,2.710716666667,1276.3978836475949,1152.0
scanId=162651,2.710716666667,1277.30327705203,1183.0
scanId=162651,2.710716666667,1277.323857883416,1762.0
scanId=162651,2.710716666667,1277.3444389246374,1941.0
scanId=162651,2.710716666667,1277.3650200876345,1655.0
scanId=162651,2.710716666667,1277.3856014604587,1226.0
scanId=162651,2.710716666667,1278.2913450414421,1164.0
scanId=162651,2.710716666667,1278.311933831481,1604.0
scanId=162651,2.710716666667,1278.3325228311646,2049.0
scanId=162651,2.710716666667,1278.353111952814,2258.0
scanId=162651,2.710716666667,1278.3737012841007,1952.0
scanId=162651,2.710716666667,1278.394290737361,1440.0
scanId=162651,2.710716666667,1279.3003917902884,1050.0
scanId=162651,2.710716666667,1279.320988748433,1634.0
scanId=162651,2.710716666667,1279.3415858287349,1440.0
scanId=162651,2.710716666667,1342.8919854130625,1059.0
scanId=162651,2.710716666667,1342.9130880616597,1095.0
scanId=162651,2.710716666667,1342.9341908480167,1045.0
scanId=162651,2.710716666667,1342.9552938282118,1075.0
scanId=162651,2.710716666667,1516.3900928483677,1067.0
scanId=162651,2.710716666667,1516.4125172258086,1498.0
scanId=162651,2.710716666667,1516.4349418117292,1449.0
scanId=162651,2.710716666667,1516.4573665207586,1124.0
scanId=162651,2.710716666667,1518.4089527662916,1180.0
scanId=162651,2.710716666667,1518.431392065196,1276.0
scanId=162651,2.710716666667,1518.4538315735904,1128.0
scanId=162651,2.710716666667,1521.911491320763,1088.0
scanId=162651,2.710716666667,1521.9339564835284,1712.0
scanId=162651,2.710716666667,1521.956421857544,1993.0
scanId=162651,2.710716666667,1521.9788873518978,1800.0
scanId=162651,2.710716666667,1522.001353057524,1347.0
scanId=162651,2.710716666667,1522.9225887864818,1202.0
scanId=162651,2.710716666667,1522.9450614559291,1039.0
scanId=163649,2.72735,102.11945812823743,1295.0
scanId=163649,2.72735,102.12527748278399,1400.0
scanId=163649,2.72735,149.02530555614644,1014.0
scanId=163649,2.72735,206.14787658812693,1049.0
scanId=163649,2.72735,244.08743532822794,1081.0
scanId=163649,2.72735,244.0964322204038,1349.0
scanId=163649,2.72735,248.10742179940004,1808.0
scanId=163649,2.72735,248.11649242936642,3810.0
scanId=163649,2.72735,248.1255632676533,4065.0
scanId=163649,2.72735,248.13463422923016,3498.0
scanId=163649,2.72735,248.14370539911383,2383.0
scanId=163649,2.72735,248.15277669230127,1713.0
scanId=163649,2.72735,248.16184819378185,1083.0
scanId=163649,2.72735,273.15471473243576,1006.0
scanId=163649,2.72735,273.16423223135126,1418.0
scanId=163649,2.72735,273.17374987230903,1361.0
scanId=163649,2.72735,273.18326770282096,1189.0
scanId=163649,2.72735,273.19278567538936,1074.0
scanId=163649,2.72735,290.11309575222555,1202.0
scanId=163649,2.72735,290.1229042156162,3192.0
scanId=163649,2.72735,290.132712856216,4690.0
scanId=163649,2.72735,290.1425216512173,4611.0
scanId=163649,2.72735,290.15233062341366,3258.0
scanId=163649,2.72735,290.16213975002535,2222.0
scanId=163649,2.72735,290.17194905381825,1516.0
scanId=163649,2.72735,291.13406457224085,1147.0
scanId=163649,2.72735,291.14389027937904,1110.0
scanId=163649,2.72735,292.1371412897361,1519.0
scanId=163649,2.72735,292.1469839090111,2265.0
scanId=163649,2.72735,292.1568267040502,2225.0
scanId=163649,2.72735,292.16666965493573,1555.0
scanId=163649,2.72735,294.1484697292405,2630.0
scanId=163649,2.72735,294.1583461727894,5081.0
scanId=163649,2.72735,294.1682227906732,5142.0
scanId=163649,2.72735,294.17809956583255,3776.0
scanId=163649,2.72735,294.18797651531276,2436.0
scanId=163649,2.72735,294.1978536220828,1544.0
scanId=163649,2.72735,294.20773090315953,1020.0
scanId=163649,2.72735,306.11948490638986,1074.0
scanId=163649,2.72735,306.1295603162554,1188.0
scanId=163649,2.72735,306.13963589210675,1095.0
scanId=163649,2.72735,368.39443187414173,1694.0
scanId=163649,2.72735,368.4054846683426,2807.0
scanId=163649,2.72735,368.41653766604406,3578.0
scanId=163649,2.72735,368.4275907918437,3231.0
scanId=163649,2.72735,368.43864412115585,2263.0
scanId=163649,2.72735,368.44969757855444,1613.0
scanId=163649,2.72735,368.46075123947713,1174.0
scanId=163649,2.72735,369.41198472351476,1384.0
scanId=163649,2.72735,369.42305277127025,1462.0
scanId=163649,2.72735,369.434121023056,1000.0
scanId=163649,2.72735,494.2918895514093,1808.0
scanId=163649,2.72735,494.30469245786617,1965.0
scanId=163649,2.72735,494.31749545130026,1686.0
scanId=163649,2.72735,494.3302986893676,1264.0
scanId=163649,2.72735,494.80413356057454,1184.0
scanId=163649,2.72735,494.81694309924177,1021.0
scanId=163649,2.72735,550.6064443088574,1394.0
scanId=163649,2.72735,550.6199568618437,1600.0
scanId=163649,2.72735,550.6334694985801,1665.0
scanId=163649,2.72735,550.6469823831769,1668.0
scanId=163649,2.72735,550.6604953515243,1228.0
scanId=163649,2.72735,551.3228359634967,1070.0
scanId=163649,2.72735,551.3363572221187,1561.0
scanId=163649,2.72735,551.3498787285891,1653.0
scanId=163649,2.72735,551.3634003188224,1352.0
scanId=163649,2.72735,559.342831359382,1079.0
scanId=163649,2.72735,559.3564506909584,1107.0
scanId=163649,2.72735,563.3403763944605,1711.0
scanId=163649,2.72735,563.3540442253243,1671.0
scanId=163649,2.72735,563.3677123036482,1413.0
scanId=163649,2.72735,563.3813804661238,1398.0
scanId=163649,2.72735,563.3950488760582,1257.0
scanId=163649,2.72735,563.4087173701456,1130.0
scanId=163649,2.72735,563.8325242328559,1513.0
scanId=163649,2.72735,563.8461980327326,1846.0
scanId=163649,2.72735,563.8598720800458,1716.0
scanId=163649,2.72735,563.8735462115342,1520.0
scanId=163649,2.72735,563.8872205904581,1088.0
scanId=163649,2.72735,564.3385667241865,1540.0
scanId=163649,2.72735,564.3522467404891,1408.0
scanId=163649,2.72735,564.3659268409909,1180.0
scanId=163649,2.72735,565.5567338791636,1224.0
scanId=163649,2.72735,565.5704285705893,1132.0
scanId=163649,2.72735,604.3393457607261,3298.0
scanId=163649,2.72735,604.3535023013575,6912.0
scanId=163649,2.72735,604.3676589299223,9412.0
scanId=163649,2.72735,604.3818158021639,9745.0
scanId=163649,2.72735,604.3959727623434,8268.0
scanId=163649,2.72735,604.4101299661955,6183.0
scanId=163649,2.72735,604.4242872579892,4256.0
scanId=163649,2.72735,604.438444793452,2707.0
scanId=163649,2.72735,604.4526024168598,1586.0
scanId=163649,2.72735,605.3590376834766,1863.0
scanId=163649,2.72735,605.3732061620868,2920.0
scanId=163649,2.72735,605.3873747287697,3525.0
scanId=163649,2.72735,605.4015435389904,2982.0
scanId=163649,2.72735,605.4157124372877,2141.0
scanId=163649,2.72735,605.4298815791188,1667.0
scanId=163649,2.72735,605.4440508090307,1363.0
scanId=163649,2.72735,605.4582202824726,1019.0
scanId=163649,2.72735,606.3654089725676,1003.0
scanId=163649,2.72735,606.379589145756,1099.0
scanId=163649,2.72735,608.3238455931815,1256.0
scanId=163649,2.72735,608.3380486477729,1356.0
scanId=163649,2.72735,608.3522519454885,1307.0
scanId=163649,2.72735,608.3664553316945,1582.0
scanId=163649,2.72735,608.3806589610206,1651.0
scanId=163649,2.72735,608.3948626788413,1308.0
scanId=163649,2.72735,609.2900336409218,1181.0
scanId=163649,2.72735,609.3042479704104,4034.0
scanId=163649,2.72735,609.3184625428839,8373.0
scanId=163649,2.72735,609.3326772039871,10442.0
scanId=163649,2.72735,609.3468921080712,9545.0
scanId=163649,2.72735,609.3611071007888,7479.0
scanId=163649,2.72735,609.3753223364835,5532.0
scanId=163649,2.72735,609.3895376608159,3789.0
scanId=163649,2.72735,609.403753228121,2522.0
scanId=163649,2.72735,609.4179688840682,1733.0
scanId=163649,2.72735,609.4321847829838,1395.0
scanId=163649,2.72735,609.4464007705453,1042.0
scanId=163649,2.72735,610.2996657645849,1519.0
scanId=163649,2.72735,610.313891943427,1933.0
scanId=163649,2.72735,610.3281182110438,2023.0
scanId=163649,2.72735,610.3423447214964,2052.0
scanId=163649,2.72735,610.356571320728,2010.0
scanId=163649,2.72735,610.3707981627911,1668.0
scanId=163649,2.72735,610.3850250936372,1215.0
scanId=163649,2.72735,610.3992522673109,1015.0
scanId=163649,2.72735,611.3386097858353,1058.0
scanId=163649,2.72735,624.3352109286316,1046.0
scanId=163649,2.72735,624.3495996876505,1243.0
scanId=163649,2.72735,624.3639886872616,1007.0
scanId=163649,2.72735,646.3829545611452,1072.0
scanId=163649,2.72735,646.397595253147,1288.0
scanId=163649,2.72735,646.4122360403966,1225.0
scanId=163649,2.72735,646.426877064009,1006.0
scanId=163649,2.72735,660.4551115604432,1222.0
scanId=163649,2.72735,660.4699107622774,1194.0
scanId=163649,2.72735,663.3885805791531,1311.0
scanId=163649,2.72735,663.4034126104293,4913.0
scanId=163649,2.72735,663.4182447407413,11676.0
scanId=163649,2.72735,663.4330771036281,18012.0
scanId=163649,2.72735,663.4479095655576,19439.0
scanId=163649,2.72735,663.462742260055,16642.0
scanId=163649,2.72735,663.4775750536019,12799.0
scanId=163649,2.72735,663.4924080797097,9385.0
scanId=163649,2.72735,663.5072412048743,6425.0
scanId=163649,2.72735,663.5220745625926,4014.0
scanId=163649,2.72735,663.5369080193746,2357.0
scanId=163649,2.72735,663.5517417087036,1523.0
scanId=163649,2.72735,663.566575497103,1205.0
scanId=163649,2.72735,663.5814095180426,1019.0
scanId=163649,2.72735,664.3975341440878,2345.0
scanId=163649,2.72735,664.4123774501221,4804.0
scanId=163649,2.72735,664.4272208554299,7748.0
scanId=163649,2.72735,664.4420644930748,10347.0
scanId=163649,2.72735,664.4569082300002,10546.0
scanId=163649,2.72735,664.4717521992554,8370.0
scanId=163649,2.72735,664.4865962677985,5839.0
scanId=163649,2.72735,664.5014405686643,4088.0
scanId=163649,2.72735,664.5162849688248,2893.0
scanId=163649,2.72735,664.5311296013012,2021.0
scanId=163649,2.72735,664.5459743330792,1254.0
scanId=163649,2.72735,665.4221089814732,1551.0
scanId=163649,2.72735,665.4369636617787,2544.0
scanId=163649,2.72735,665.4518185741814,3009.0
scanId=163649,2.72735,665.4666735861043,2712.0
scanId=163649,2.72735,665.4815288301177,2289.0
scanId=163649,2.72735,665.4963841736583,1828.0
scanId=163649,2.72735,665.5112397492823,1273.0
scanId=163649,2.72735,667.4885043735155,1052.0
scanId=163649,2.72735,680.4497686830643,1284.0
scanId=163649,2.72735,680.4647901671929,1862.0
scanId=163649,2.72735,680.4798118796912,1844.0
scanId=163649,2.72735,680.494833695438,1315.0
scanId=163649,2.72735,685.3857176469489,1238.0
scanId=163649,2.72735,685.4007935164914,2459.0
scanId=163649,2.72735,685.4158696131161,2862.0
scanId=163649,2.72735,685.4309458142773,2796.0
scanId=163649,2.72735,685.4460222425125,2364.0
scanId=163649,2.72735,685.4610987752919,1757.0
scanId=163649,2.72735,685.4761755351378,1213.0
scanId=163649,2.72735,686.4414310840745,1070.0
scanId=163649,2.72735,708.4771727456094,1026.0
scanId=163649,2.72735,708.4925005346247,1367.0
scanId=163649,2.72735,708.507828434564,1179.0
scanId=163649,2.72735,722.4630561431144,1326.0
scanId=163649,2.72735,722.4785344833093,1968.0
scanId=163649,2.72735,722.4940129385607,2403.0
scanId=163649,2.72735,722.5094916103661,2858.0
scanId=163649,2.72735,722.5249703972373,2527.0
scanId=163649,2.72735,722.5404494006534,1801.0
scanId=163649,2.72735,722.5559285191445,1184.0
scanId=163649,2.72735,723.4694915114103,1356.0
scanId=163649,2.72735,723.484980578498,1595.0
scanId=163649,2.72735,723.5004698618403,1360.0
scanId=163649,2.72735,723.5159592605478,1191.0
scanId=163649,2.72735,723.5314488755009,1035.0
scanId=163649,2.72735,736.4606169595852,1493.0
scanId=163649,2.72735,736.4762445245176,5703.0
scanId=163649,2.72735,736.4918722088086,14318.0
scanId=163649,2.72735,736.5075001053515,26239.0
scanId=163649,2.72735,736.5231281212626,36993.0
scanId=163649,2.72735,736.5387563494161,39578.0
scanId=163649,2.72735,736.5543846969474,34895.0
scanId=163649,2.72735,736.5700132567116,27154.0
scanId=163649,2.72735,736.5856419358632,19765.0
scanId=163649,2.72735,736.6012708272378,14074.0
scanId=163649,2.72735,736.6168998380098,9807.0
scanId=163649,2.72735,736.6325290609949,6894.0
scanId=163649,2.72735,736.6481584033871,4788.0
scanId=163649,2.72735,736.6637879579829,3342.0
scanId=163649,2.72735,736.6794176319954,2335.0
scanId=163649,2.72735,736.6950475182018,1731.0
scanId=163649,2.72735,736.7106775238345,1433.0
scanId=163649,2.72735,736.7263077416512,1164.0
scanId=163649,2.72735,737.4767520736943,2328.0
scanId=163649,2.72735,737.4923903698352,7060.0
scanId=163649,2.72735,737.5080288779151,13918.0
scanId=163649,2.72735,737.5236675056763,19050.0
scanId=163649,2.72735,737.5393063453666,20271.0
scanId=163649,2.72735,737.554945304748,18263.0
scanId=163649,2.72735,737.5705844760491,14657.0
scanId=163649,2.72735,737.586223767051,11159.0
scanId=163649,2.72735,737.6018632699626,7829.0
scanId=163649,2.72735,737.6175028925846,5370.0
scanId=163649,2.72735,737.6331427271066,3921.0
scanId=163649,2.72735,737.6487826813493,2784.0
scanId=163649,2.72735,737.6644228474818,1862.0
scanId=163649,2.72735,737.6800631333443,1319.0
scanId=163649,2.72735,737.6957036310876,1058.0
scanId=163649,2.72735,738.4779387712679,1085.0
scanId=163649,2.72735,738.4935876792596,1967.0
scanId=163649,2.72735,738.5092367988764,3359.0
scanId=163649,2.72735,738.5248860384886,5082.0
scanId=163649,2.72735,738.5405354897159,6102.0
scanId=163649,2.72735,738.5561850609486,5527.0
scanId=163649,2.72735,738.5718348437864,4255.0
scanId=163649,2.72735,738.5874847466392,3053.0
scanId=163649,2.72735,738.6031348610877,2203.0
scanId=163649,2.72735,738.6187850955608,1642.0
scanId=163649,2.72735,738.6344355416197,1144.0
scanId=163649,2.72735,739.5111238682651,1145.0
scanId=163649,2.72735,739.5267837197292,1390.0
scanId=163649,2.72735,739.5424437824934,1618.0
scanId=163649,2.72735,739.558103965578,1485.0
scanId=163649,2.72735,739.5737643599527,1082.0
scanId=163649,2.72735,750.5451527275728,1072.0
scanId=163649,2.72735,764.5083214386192,2267.0
scanId=163649,2.72735,764.5242438053109,5240.0
scanId=163649,2.72735,764.5401663003796,8718.0
scanId=163649,2.72735,764.556088998682,10419.0
scanId=163649,2.72735,764.5720118253716,9649.0
scanId=163649,2.72735,764.5879348552845,8043.0
scanId=163649,2.72735,764.6038580135952,6194.0
scanId=163649,2.72735,764.6197813751185,4498.0
scanId=163649,2.72735,764.6357048650505,3148.0
scanId=163649,2.72735,764.6516285581841,2145.0
scanId=163649,2.72735,764.667552379737,1403.0
scanId=163649,2.72735,765.5276859778028,1961.0
scanId=163649,2.72735,765.5436189560313,4169.0
scanId=163649,2.72735,765.559552062973,6802.0
scanId=163649,2.72735,765.5754853728121,8051.0
scanId=163649,2.72735,765.5914188113745,7056.0
scanId=163649,2.72735,765.6073524528243,4900.0
scanId=163649,2.72735,765.6232862230079,3094.0
scanId=163649,2.72735,765.639220196068,2135.0
scanId=163649,2.72735,765.6551542978727,1419.0
scanId=163649,2.72735,766.5477296661063,1224.0
scanId=163649,2.72735,766.5636732558718,1719.0
scanId=163649,2.72735,766.5796169746869,1751.0
scanId=163649,2.72735,766.5955608960628,1603.0
scanId=163649,2.72735,766.6115049464988,1381.0
scanId=163649,2.72735,766.6274491994856,1198.0
scanId=163649,2.72735,766.6433935815426,1142.0
scanId=163649,2.72735,773.4347735406363,1093.0
scanId=163649,2.72735,773.4507885579936,1111.0
scanId=163649,2.72735,773.4668037756333,1124.0
scanId=163649,2.72735,773.4828191246118,1050.0
scanId=163649,2.72735,791.5403181382466,1015.0
scanId=163649,2.72735,791.556519526806,1139.0
scanId=163649,2.72735,792.4964845841903,1055.0
scanId=163649,2.72735,810.7077245436453,1080.0
scanId=163649,2.72735,810.7241209257202,1832.0
scanId=163649,2.72735,810.7405174954665,2010.0
scanId=163649,2.72735,810.7569142091629,1926.0
scanId=163649,2.72735,810.7733111105201,1665.0
scanId=163649,2.72735,810.7897081558382,1173.0
scanId=163649,2.72735,811.7574279651244,1497.0
scanId=163649,2.72735,811.7738349590949,1860.0
scanId=163649,2.72735,811.7902421403782,1624.0
scanId=163649,2.72735,811.80664946597,1116.0
scanId=163649,2.72735,815.5682960538429,1072.0
scanId=163649,2.72735,815.5847415159373,1097.0
scanId=163649,2.72735,815.6998644740313,1189.0
scanId=163649,2.72735,815.7163112626123,1071.0
scanId=163649,2.72735,822.6881761111754,1351.0
scanId=163649,2.72735,822.704693203578,4015.0
scanId=163649,2.72735,822.7212104795566,7346.0
scanId=163649,2.72735,822.7377279035809,9973.0
scanId=163649,2.72735,822.7542455111701,10485.0
scanId=163649,2.72735,822.7707632668163,9807.0
scanId=163649,2.72735,822.7872812060159,7670.0
scanId=163649,2.72735,822.8037992932842,5396.0
scanId=163649,2.72735,822.8203175640944,3618.0
scanId=163649,2.72735,822.8368359829843,2341.0
scanId=163649,2.72735,822.8533545854049,1506.0
scanId=163649,2.72735,822.8698733359165,1020.0
scanId=163649,2.72735,823.6960227097422,1417.0
scanId=163649,2.72735,823.7125499340368,2733.0
scanId=163649,2.72735,823.729077306716,4188.0
scanId=163649,2.72735,823.7456048626209,4654.0
scanId=163649,2.72735,823.7621325669221,4495.0
scanId=163649,2.72735,823.7786604544375,3993.0
scanId=163649,2.72735,823.7951884903604,3115.0
scanId=163649,2.72735,823.8117167094864,2316.0
scanId=163649,2.72735,823.828245077031,1540.0
scanId=163649,2.72735,823.8447736277677,1004.0
scanId=163649,2.72735,824.7210236189724,1674.0
scanId=163649,2.72735,824.7375611231931,3094.0
scanId=163649,2.72735,824.7540987761491,3447.0
scanId=163649,2.72735,824.7706366119805,2724.0
scanId=163649,2.72735,824.7871745965584,1867.0
scanId=163649,2.72735,824.8037127640004,1219.0
scanId=163649,2.72735,827.6507429899837,1073.0
scanId=163649,2.72735,827.6673098256617,1477.0
scanId=163649,2.72735,827.6838768432194,1689.0
scanId=163649,2.72735,827.7004440105196,1633.0
scanId=163649,2.72735,827.7170113596878,1972.0
scanId=163649,2.72735,827.7335788586098,1971.0
scanId=163649,2.72735,827.7501465393885,1608.0
scanId=163649,2.72735,827.7667143699323,1132.0
scanId=163649,2.72735,828.6616238774808,1108.0
scanId=163649,2.72735,828.6782008433544,1459.0
scanId=163649,2.72735,828.69477795931,1617.0
scanId=163649,2.72735,828.7113552567941,1853.0
scanId=163649,2.72735,828.7279327043716,1859.0
scanId=163649,2.72735,828.7445103334663,1490.0
scanId=163649,2.72735,828.7610881126656,1128.0
scanId=163649,2.72735,836.7375667840408,1235.0
scanId=163649,2.72735,836.7542243312729,1487.0
scanId=163649,2.72735,836.7708820313429,1587.0
scanId=163649,2.72735,836.7875399101854,1544.0
scanId=163649,2.72735,836.8041979418772,1192.0
scanId=163649,2.72735,843.6814162902658,1124.0
scanId=163649,2.72735,843.6981428124874,1306.0
scanId=163649,2.72735,843.7148694899104,1195.0
scanId=163649,2.72735,848.7235841230464,2096.0
scanId=163649,2.72735,848.7403605437531,3689.0
scanId=163649,2.72735,848.7571371391643,4498.0
scanId=163649,2.72735,848.7739138914932,4106.0
scanId=163649,2.72735,848.7906908185149,3527.0
scanId=163649,2.72735,848.8074679024655,2771.0
scanId=163649,2.72735,848.8242451610981,2059.0
scanId=163649,2.72735,848.8410225766704,1457.0
scanId=163649,2.72735,849.7304631126922,1290.0
scanId=163649,2.72735,849.747249482056,1832.0
scanId=163649,2.72735,849.764036025783,2084.0
scanId=163649,2.72735,849.7808227267684,2021.0
scanId=163649,2.72735,849.7976096021061,1643.0
scanId=163649,2.72735,849.8143966347135,1245.0
scanId=163649,2.72735,850.7715318215782,1178.0
scanId=163649,2.72735,850.7883284712202,1379.0
scanId=163649,2.72735,850.8051252948736,1262.0
scanId=163649,2.72735,853.6966451507658,1712.0
scanId=163649,2.72735,853.713470651512,1926.0
scanId=163649,2.72735,853.7302963252814,1817.0
scanId=163649,2.72735,853.7471221576496,1426.0
scanId=163649,2.72735,853.7639481630296,1104.0
scanId=163649,2.72735,854.6896336018616,1120.0
scanId=163649,2.72735,854.7064688923363,1401.0
scanId=163649,2.72735,854.7233043417392,1828.0
scanId=163649,2.72735,854.7401399638244,1756.0
scanId=163649,2.72735,854.756975744849,1437.0
scanId=163649,2.72735,854.7738116985449,1122.0
scanId=163649,2.72735,860.7272619953651,1185.0
scanId=163649,2.72735,860.7441566441245,1501.0
scanId=163649,2.72735,860.7610514538425,1642.0
scanId=163649,2.72735,860.7779464342121,1503.0
scanId=163649,2.72735,860.7948415755521,1223.0
scanId=163649,2.72735,861.7581388528466,1207.0
scanId=163649,2.72735,861.7750436112207,1195.0
scanId=163649,2.72735,862.7727179707165,1081.0
scanId=163649,2.72735,866.6844204660348,1143.0
scanId=163649,2.72735,866.7013734782468,1702.0
scanId=163649,2.72735,866.7183266534101,1605.0
scanId=163649,2.72735,866.7352799972329,1182.0
scanId=163649,2.72735,868.567216922532,1055.0
scanId=163649,2.72735,868.5841883368959,1968.0
scanId=163649,2.72735,868.6011599192974,2351.0
scanId=163649,2.72735,868.6181316652834,2461.0
scanId=163649,2.72735,868.6351035792956,2079.0
scanId=163649,2.72735,868.6520756569031,1430.0
scanId=163649,2.72735,869.5857953315731,1282.0
scanId=163649,2.72735,869.6027766945917,1203.0
scanId=163649,2.72735,869.6197582253092,1000.0
scanId=163649,2.72735,869.6367399199495,1015.0
scanId=163649,2.72735,872.7471817569683,1009.0
scanId=163649,2.72735,872.7641939608147,1155.0
scanId=163649,2.72735,872.7812063313112,1171.0
scanId=163649,2.72735,872.7982188667797,1125.0
scanId=163649,2.72735,874.738734829802,1179.0
scanId=163649,2.72735,874.7557664337091,1967.0
scanId=163649,2.72735,874.7727982032413,2116.0
scanId=163649,2.72735,874.7898301387589,1878.0
scanId=163649,2.72735,874.8068622399127,1560.0
scanId=163649,2.72735,874.8238945070411,1193.0
scanId=163649,2.72735,875.7609245390316,1009.0
scanId=163649,2.72735,875.7779660912546,1208.0
scanId=163649,2.72735,875.7950078094398,1191.0
scanId=163649,2.72735,876.7496086531864,1019.0
scanId=163649,2.72735,876.7666598221147,1199.0
scanId=163649,2.72735,876.7837111573313,1048.0
scanId=163649,2.72735,877.721789925073,1194.0
scanId=163649,2.72735,877.7388505456987,1044.0
scanId=163649,2.72735,878.7457206189013,1236.0
scanId=163649,2.72735,878.7627911881796,1556.0
scanId=163649,2.72735,878.7798619221293,1616.0
scanId=163649,2.72735,878.7969328230292,1295.0
scanId=163649,2.72735,878.8140038885892,1116.0
scanId=163649,2.72735,878.8310751211113,1085.0
scanId=163649,2.72735,879.701927811082,1195.0
scanId=163649,2.72735,879.719007665769,1450.0
scanId=163649,2.72735,879.7360876848134,1412.0
scanId=163649,2.72735,879.7531678711224,1488.0
scanId=163649,2.72735,879.7702482217773,1557.0
scanId=163649,2.72735,879.787328739708,1475.0
scanId=163649,2.72735,879.8044094219732,1387.0
scanId=163649,2.72735,879.8214902715258,1275.0
scanId=163649,2.72735,879.8385712854016,1270.0
scanId=163649,2.72735,879.8556524665756,1164.0
scanId=163649,2.72735,880.7099228933123,1108.0
scanId=163649,2.72735,892.8508837429164,1068.0
scanId=163649,2.72735,892.868090768793,1015.0
scanId=163649,2.72735,898.7108290306583,1239.0
scanId=163649,2.72735,898.7280924303245,2433.0
scanId=163649,2.72735,898.7453560033994,3697.0
scanId=163649,2.72735,898.7626197346759,4712.0
scanId=163649,2.72735,898.7798836393724,4716.0
scanId=163649,2.72735,898.7971477022595,4227.0
scanId=163649,2.72735,898.8144119385773,3544.0
scanId=163649,2.72735,898.8316763330752,2582.0
scanId=163649,2.72735,898.8489409010144,1673.0
scanId=163649,2.72735,898.8662056271226,1000.0
scanId=163649,2.72735,899.7469267188266,1934.0
scanId=163649,2.72735,899.7642000668085,3339.0
scanId=163649,2.72735,899.7814735885289,3825.0
scanId=163649,2.72735,899.7987472681214,3543.0
scanId=163649,2.72735,899.816021121463,2905.0
scanId=163649,2.72735,899.8332951326662,2246.0
scanId=163649,2.72735,899.8505693176294,1471.0
scanId=163649,2.72735,900.7490552123954,1131.0
scanId=163649,2.72735,900.7663381770826,1887.0
scanId=163649,2.72735,900.7836213158265,2106.0
scanId=163649,2.72735,900.8009046121242,1816.0
scanId=163649,2.72735,900.8181880824894,1689.0
scanId=163649,2.72735,900.8354717103979,1312.0
scanId=163649,2.72735,901.7690340654863,1493.0
scanId=163649,2.72735,901.7863268212532,1568.0
scanId=163649,2.72735,901.8036197342561,1284.0
scanId=163649,2.72735,901.8209128216445,1088.0
scanId=163649,2.72735,901.8382060662582,1023.0
scanId=163649,2.72735,902.7549855339092,1069.0
scanId=163649,2.72735,902.772287732007,1115.0
scanId=163649,2.72735,902.7895901047965,1128.0
scanId=163649,2.72735,902.8068926345051,1134.0
scanId=163649,2.72735,902.8241953389158,1025.0
scanId=163649,2.72735,903.7068528938779,1234.0
scanId=163649,2.72735,903.7241642204466,1372.0
scanId=163649,2.72735,903.7414757036391,1260.0
scanId=163649,2.72735,903.7587873618296,1207.0
scanId=163649,2.72735,903.7760991766328,1040.0
scanId=163649,2.72735,903.7934111664443,1031.0
scanId=163649,2.72735,903.8107233128582,1098.0
scanId=163649,2.72735,903.8280356342913,1034.0
scanId=163649,2.72735,904.763146967842,1389.0
scanId=163649,2.72735,904.7804683993504,1669.0
scanId=163649,2.72735,904.7977900061838,1469.0
scanId=163649,2.72735,904.8151117693029,1085.0
scanId=163649,2.72735,904.8324337077579,1017.0
scanId=163649,2.72735,904.8497558024876,1217.0
scanId=163649,2.72735,904.8670780725638,1284.0
scanId=163649,2.72735,905.7507334597001,1080.0
scanId=163649,2.72735,905.7680643519336,1239.0
scanId=163649,2.72735,905.7853954001473,1196.0
scanId=163649,2.72735,905.8027266240022,1080.0
scanId=163649,2.72735,905.8200580038267,1104.0
scanId=163649,2.72735,905.8373895593028,1088.0
scanId=163649,2.72735,927.5613146001206,1377.0
scanId=163649,2.72735,927.5788529049145,1884.0
scanId=163649,2.72735,927.5963913920364,1728.0
scanId=163649,2.72735,927.6139300284407,1426.0
scanId=163649,2.72735,956.5648006430691,1928.0
scanId=163649,2.72735,956.5826110591474,2682.0
scanId=163649,2.72735,956.6004216161843,2892.0
scanId=163649,2.72735,956.6182323638834,2684.0
scanId=163649,2.72735,956.6360432525308,2176.0
scanId=163649,2.72735,956.6538543318499,1601.0
scanId=163649,2.72735,956.671665552108,1088.0
scanId=163649,2.72735,957.5980781351323,1301.0
scanId=163649,2.72735,957.615898168199,1207.0
scanId=163649,2.72735,961.5403334638838,1393.0
scanId=163649,2.72735,961.5581901147843,2214.0
scanId=163649,2.72735,961.5760469576954,3253.0
scanId=163649,2.72735,961.5939039402065,3822.0
scanId=163649,2.72735,961.6117611147379,3628.0
scanId=163649,2.72735,961.6296184288592,2959.0
scanId=163649,2.72735,961.647475935011,2089.0
scanId=163649,2.72735,961.6653335807429,1443.0
scanId=163649,2.72735,961.6831914185145,1151.0
scanId=163649,2.72735,962.5405619918075,1012.0
scanId=163649,2.72735,962.5584279278025,1474.0
scanId=163649,2.72735,962.5762940560779,2205.0
scanId=163649,2.72735,962.5941603236837,3050.0
scanId=163649,2.72735,962.6120267835792,2961.0
scanId=163649,2.72735,962.6298933827956,2405.0
scanId=163649,2.72735,962.6477601743111,1960.0
scanId=163649,2.72735,962.6656271051377,1405.0
scanId=163649,2.72735,963.6306883095685,1080.0
scanId=163649,2.72735,963.6485643864474,1083.0
scanId=163649,2.72735,987.5342946205959,1388.0
scanId=163649,2.72735,987.5523910259078,2617.0
scanId=163649,2.72735,987.5704876299051,5200.0
scanId=163649,2.72735,987.5885843668275,8000.0
scanId=163649,2.72735,987.6066813024439,9001.0
scanId=163649,2.72735,987.6247783709769,8362.0
scanId=163649,2.72735,987.6428756382126,7120.0
scanId=163649,2.72735,987.6609730383562,5582.0
scanId=163649,2.72735,987.6790706372111,3857.0
scanId=163649,2.72735,987.6971683689651,2444.0
scanId=163649,2.72735,987.7152662994397,1625.0
scanId=163649,2.72735,987.7333643628042,1248.0
scanId=163649,2.72735,988.54794958213,1327.0
scanId=163649,2.72735,988.5660552725368,2581.0
scanId=163649,2.72735,988.5841611618745,4423.0
scanId=163649,2.72735,988.6022671838916,5897.0
scanId=163649,2.72735,988.6203734048488,6167.0
scanId=163649,2.72735,988.6384797584766,5425.0
scanId=163649,2.72735,988.6565863110532,4274.0
scanId=163649,2.72735,988.6746929962914,3114.0
scanId=163649,2.72735,988.6927998804869,2090.0
scanId=163649,2.72735,988.7109068973358,1492.0
scanId=163649,2.72735,988.7290141131507,1053.0
scanId=163649,2.72735,989.5802394913454,1345.0
scanId=163649,2.72735,989.5983546660228,2069.0
scanId=163649,2.72735,989.616469973135,2866.0
scanId=163649,2.72735,989.6345854794316,2782.0
scanId=163649,2.72735,989.6527011181541,2227.0
scanId=163649,2.72735,989.6708169560702,1507.0
scanId=163649,2.72735,1041.547037910721,1023.0
scanId=163649,2.72735,1041.5656226568358,2165.0
scanId=163649,2.72735,1041.5842075244557,3185.0
scanId=163649,2.72735,1041.6027926021875,3886.0
scanId=163649,2.72735,1041.6213778014173,4351.0
scanId=163649,2.72735,1041.6399632107666,3890.0
scanId=163649,2.72735,1041.6585487416069,2787.0
scanId=163649,2.72735,1041.6771344825736,1900.0
scanId=163649,2.72735,1041.6957203450245,1208.0
scanId=163649,2.72735,1042.5694439742297,2042.0
scanId=163649,2.72735,1042.588037795333,2812.0
scanId=163649,2.72735,1042.6066318267276,3122.0
scanId=163649,2.72735,1042.625225979442,2887.0
scanId=163649,2.72735,1042.6438203424527,2494.0
scanId=163649,2.72735,1042.6624148267774,1880.0
scanId=163649,2.72735,1042.6810095214057,1247.0
scanId=163649,2.72735,1043.5923515591442,1504.0
scanId=163649,2.72735,1043.6109545441989,1801.0
scanId=163649,2.72735,1043.6295576503976,1718.0
scanId=163649,2.72735,1043.6481609670695,1580.0
scanId=163649,2.72735,1043.6667644048784,1282.0
scanId=163649,2.72735,1047.6517192628564,1077.0
scanId=163649,2.72735,1047.6703583941585,1432.0
scanId=163649,2.72735,1047.6889976459045,1279.0
scanId=163649,2.72735,1061.6963851977994,1066.0
scanId=163649,2.72735,1074.3240514089491,1080.0
scanId=163649,2.72735,1117.635548212001,1236.0
scanId=163649,2.72735,1117.6547998363446,2508.0
scanId=163649,2.72735,1117.6740515727358,3078.0
scanId=163649,2.72735,1117.6933035286925,2734.0
scanId=163649,2.72735,1117.7125555966938,2072.0
scanId=163649,2.72735,1117.7318078842636,1442.0
scanId=163649,2.72735,1118.6561113850703,1484.0
scanId=163649,2.72735,1118.6753717433348,2006.0
scanId=163649,2.72735,1118.6946323212326,2280.0
scanId=163649,2.72735,1118.7138930111075,2236.0
scanId=163649,2.72735,1118.7331539206182,1850.0
scanId=163649,2.72735,1118.7524149421042,1591.0
scanId=163649,2.72735,1118.771676183228,1234.0
scanId=163649,2.72735,1129.2937073226149,1070.0
scanId=163649,2.72735,1276.3155910733994,1139.0
scanId=163649,2.72735,1276.3361639461334,1129.0
scanId=163649,2.72735,1277.30327705203,1061.0
scanId=163649,2.72735,1277.323857883416,1678.0
scanId=163649,2.72735,1277.3444389246374,1806.0
scanId=163649,2.72735,1277.3650200876345,1616.0
scanId=163649,2.72735,1277.3856014604587,1215.0
scanId=163649,2.72735,1278.2913450414421,1065.0
scanId=163649,2.72735,1278.311933831481,1407.0
scanId=163649,2.72735,1278.3325228311646,1605.0
scanId=163649,2.72735,1278.353111952814,1932.0
scanId=163649,2.72735,1278.3737012841007,1878.0
scanId=163649,2.72735,1278.394290737361,1314.0
scanId=163649,2.72735,1279.3415858287349,1062.0
scanId=163649,2.72735,1279.3621831184819,1250.0
scanId=163649,2.72735,1279.3827805303945,1137.0
scanId=163649,2.72735,1515.448417816654,1068.0
scanId=164648,2.744,102.13109700313582,1000.0
scanId=164648,2.744,135.07622463778605,1013.0
scanId=164648,2.744,149.01827571788218,1446.0
scanId=164648,2.744,149.02530555614644,1234.0
scanId=164648,2.744,165.08457818992196,1167.0
scanId=164648,2.744,165.0919771712177,1153.0
scanId=164648,2.744,244.07843864740929,1180.0
scanId=164648,2.744,244.08743532822794,1599.0
scanId=164648,2.744,244.0964322204038,1580.0
scanId=164648,2.744,244.105429232833,1305.0
scanId=164648,2.744,248.10742179940004,1301.0
scanId=164648,2.744,248.11649242936642,2810.0
scanId=164648,2.744,248.1255632676533,3391.0
scanId=164648,2.744,248.13463422923016,2606.0
scanId=164648,2.744,248.14370539911383,1840.0
scanId=164648,2.744,248.15277669230127,1137.0
scanId=164648,2.744,249.12436536093003,1221.0
scanId=164648,2.744,249.13345456108593,1117.0
scanId=164648,2.744,262.09554256576735,1393.0
scanId=164648,2.744,262.1048654175388,1733.0
scanId=164648,2.744,262.1141884031169,1325.0
scanId=164648,2.744,262.123511586485,1007.0
scanId=164648,2.744,263.1500722174261,1052.0
scanId=164648,2.744,263.15941377319365,1332.0
scanId=164648,2.744,263.16875552596866,1112.0
scanId=164648,2.744,264.11312501001044,1121.0
scanId=164648,2.744,264.12248367420875,1091.0
scanId=164648,2.744,273.15471473243576,1368.0
scanId=164648,2.744,273.16423223135126,1457.0
scanId=164648,2.744,273.17374987230903,1153.0
scanId=164648,2.744,280.1562361570418,1267.0
scanId=164648,2.744,280.1658748358422,1135.0
scanId=164648,2.744,290.11309575222555,1799.0
scanId=164648,2.744,290.1229042156162,4362.0
scanId=164648,2.744,290.132712856216,5672.0
scanId=164648,2.744,290.1425216512173,4960.0
scanId=164648,2.744,290.15233062341366,3636.0
scanId=164648,2.744,290.16213975002535,2411.0
scanId=164648,2.744,290.17194905381825,1552.0
scanId=164648,2.744,291.12423902021993,1075.0
scanId=164648,2.744,291.13406457224085,1034.0
scanId=164648,2.744,292.1272988262936,1354.0
scanId=164648,2.744,292.1371412897361,2600.0
scanId=164648,2.744,292.1469839090111,3190.0
scanId=164648,2.744,292.1568267040502,3022.0
scanId=164648,2.744,292.16666965493573,2398.0
scanId=164648,2.744,292.1765127815714,1717.0
scanId=164648,2.744,292.18635606406747,1102.0
scanId=164648,2.744,294.1484697292405,1760.0
scanId=164648,2.744,294.1583461727894,3400.0
scanId=164648,2.744,294.1682227906732,3772.0
scanId=164648,2.744,294.17809956583255,2981.0
scanId=164648,2.744,294.18797651531276,1972.0
scanId=164648,2.744,294.1978536220828,1176.0
scanId=164648,2.744,295.1567214513058,1635.0
scanId=164648,2.744,295.1666148069916,1965.0
scanId=164648,2.744,295.17650833629847,1954.0
scanId=164648,2.744,295.1864020235949,1702.0
scanId=164648,2.744,295.19629588449834,1411.0
scanId=164648,2.744,295.2061899034053,1022.0
scanId=164648,2.744,368.4054846683426,1915.0
scanId=164648,2.744,368.41653766604406,2515.0
scanId=164648,2.744,368.4275907918437,2168.0
scanId=164648,2.744,368.43864412115585,1411.0
scanId=164648,2.744,453.3377706004417,1060.0
scanId=164648,2.744,494.27908688958235,1154.0
scanId=164648,2.744,494.2918895514093,2840.0
scanId=164648,2.744,494.30469245786617,4142.0
scanId=164648,2.744,494.31749545130026,5146.0
scanId=164648,2.744,494.3302986893676,4540.0
scanId=164648,2.744,494.3431020144088,3122.0
scanId=164648,2.744,494.35590558408654,1829.0
scanId=164648,2.744,494.368709240735,1130.0
scanId=164648,2.744,494.79132426660567,1517.0
scanId=164648,2.744,494.80413356057454,1981.0
scanId=164648,2.744,494.81694309924177,2060.0
scanId=164648,2.744,494.829752724818,1953.0
scanId=164648,2.744,494.8425625950957,1566.0
scanId=164648,2.744,494.8553725522789,1113.0
scanId=164648,2.744,495.3038269306849,1453.0
scanId=164648,2.744,495.3166428567965,1774.0
scanId=164648,2.744,495.32945902767443,1676.0
scanId=164648,2.744,495.3422752853931,1227.0
scanId=164648,2.744,521.30664463209,1261.0
scanId=164648,2.744,521.3197927451062,1762.0
scanId=164648,2.744,521.3329409424902,1700.0
scanId=164648,2.744,521.3460893871168,1319.0
scanId=164648,2.744,550.6064443088574,1325.0
scanId=164648,2.744,550.6199568618437,1665.0
scanId=164648,2.744,550.6334694985801,1632.0
scanId=164648,2.744,550.6469823831769,1384.0
scanId=164648,2.744,550.6604953515243,1117.0
scanId=164648,2.744,551.6203428567,1101.0
scanId=164648,2.744,563.3267086477473,2281.0
scanId=164648,2.744,563.3403763944605,2834.0
scanId=164648,2.744,563.3540442253243,2970.0
scanId=164648,2.744,563.3677123036482,2459.0
scanId=164648,2.744,563.3813804661238,1837.0
scanId=164648,2.744,563.3950488760582,1267.0
scanId=164648,2.744,563.4087173701456,1074.0
scanId=164648,2.744,563.8325242328559,1199.0
scanId=164648,2.744,563.8461980327326,1373.0
scanId=164648,2.744,563.8598720800458,1226.0
scanId=164648,2.744,565.5567338791636,1133.0
scanId=164648,2.744,565.5704285705893,1137.0
scanId=164648,2.744,604.3251894637757,1030.0
scanId=164648,2.744,604.3393457607261,3303.0
scanId=164648,2.744,604.3535023013575,6960.0
scanId=164648,2.744,604.3676589299223,9839.0
scanId=164648,2.744,604.3818158021639,10272.0
scanId=164648,2.744,604.3959727623434,8886.0
scanId=164648,2.744,604.4101299661955,6893.0
scanId=164648,2.744,604.4242872579892,4884.0
scanId=164648,2.744,604.438444793452,3218.0
scanId=164648,2.744,604.4526024168598,2054.0
scanId=164648,2.744,604.4667602839332,1388.0
scanId=164648,2.744,605.3448694484081,1000.0
scanId=164648,2.744,605.3590376834766,2703.0
scanId=164648,2.744,605.3732061620868,4178.0
scanId=164648,2.744,605.3873747287697,4607.0
scanId=164648,2.744,605.4015435389904,4389.0
scanId=164648,2.744,605.4157124372877,3275.0
scanId=164648,2.744,605.4298815791188,2248.0
scanId=164648,2.744,605.4440508090307,1608.0
scanId=164648,2.744,605.4582202824726,1117.0
scanId=164648,2.744,606.3654089725676,1077.0
scanId=164648,2.744,606.379589145756,1286.0
scanId=164648,2.744,606.3937695623453,1338.0
scanId=164648,2.744,606.4079500671482,1101.0
scanId=164648,2.744,609.2900336409218,2014.0
scanId=164648,2.744,609.3042479704104,4139.0
scanId=164648,2.744,609.3184625428839,6982.0
scanId=164648,2.744,609.3326772039871,9300.0
scanId=164648,2.744,609.3468921080712,8936.0
scanId=164648,2.744,609.3611071007888,6622.0
scanId=164648,2.744,609.3753223364835,4450.0
scanId=164648,2.744,609.3895376608159,3250.0
scanId=164648,2.744,609.403753228121,2325.0
scanId=164648,2.744,609.4179688840682,1686.0
scanId=164648,2.744,609.4321847829838,1143.0
scanId=164648,2.744,610.313891943427,1918.0
scanId=164648,2.744,610.3281182110438,2748.0
scanId=164648,2.744,610.3423447214964,2873.0
scanId=164648,2.744,610.356571320728,2371.0
scanId=164648,2.744,610.3707981627911,2032.0
scanId=164648,2.744,610.3850250936372,1837.0
scanId=164648,2.744,610.3992522673109,1375.0
scanId=164648,2.744,615.4317906872953,1656.0
scanId=164648,2.744,615.4460765560325,1532.0
scanId=164648,2.744,615.4603625143232,1166.0
scanId=164648,2.744,616.4321992524666,1190.0
scanId=164648,2.744,616.446496727572,1190.0
scanId=164648,2.744,616.4607942923886,1055.0
scanId=164648,2.744,618.4068129344142,1068.0
scanId=164648,2.744,618.4211332906463,1116.0
scanId=164648,2.744,623.314030147332,1359.0
scanId=164648,2.744,623.3284072089641,1913.0
scanId=164648,2.744,623.3427843614415,1832.0
scanId=164648,2.744,623.3571617546842,1275.0
scanId=164648,2.744,626.3224322024577,1169.0
scanId=164648,2.744,626.33684384295,1313.0
scanId=164648,2.744,626.3512557236875,1127.0
scanId=164648,2.744,646.397595253147,1276.0
scanId=164648,2.744,646.4122360403966,1340.0
scanId=164648,2.744,646.426877064009,1309.0
scanId=164648,2.744,646.4415181828753,1027.0
scanId=164648,2.744,659.5230982704204,1047.0
scanId=164648,2.744,660.4107150847001,1310.0
scanId=164648,2.744,660.4255137216513,1824.0
scanId=164648,2.744,660.4403125918748,2175.0
scanId=164648,2.744,660.4551115604432,2168.0
scanId=164648,2.744,660.4699107622774,1841.0
scanId=164648,2.744,660.4847100624634,1322.0
scanId=164648,2.744,660.4995095959079,1003.0
scanId=164648,2.744,663.3885805791531,1883.0
scanId=164648,2.744,663.4034126104293,7252.0
scanId=164648,2.744,663.4182447407413,14783.0
scanId=164648,2.744,663.4330771036281,21004.0
scanId=164648,2.744,663.4479095655576,23117.0
scanId=164648,2.744,663.462742260055,19818.0
scanId=164648,2.744,663.4775750536019,14869.0
scanId=164648,2.744,663.4924080797097,10592.0
scanId=164648,2.744,663.5072412048743,7128.0
scanId=164648,2.744,663.5220745625926,4600.0
scanId=164648,2.744,663.5369080193746,2978.0
scanId=164648,2.744,663.5517417087036,2036.0
scanId=164648,2.744,663.566575497103,1403.0
scanId=164648,2.744,664.3975341440878,2351.0
scanId=164648,2.744,664.4123774501221,5798.0
scanId=164648,2.744,664.4272208554299,9645.0
scanId=164648,2.744,664.4420644930748,12151.0
scanId=164648,2.744,664.4569082300002,12639.0
scanId=164648,2.744,664.4717521992554,10658.0
scanId=164648,2.744,664.4865962677985,7528.0
scanId=164648,2.744,664.5014405686643,5159.0
scanId=164648,2.744,664.5162849688248,3556.0
scanId=164648,2.744,664.5311296013012,2381.0
scanId=164648,2.744,664.5459743330792,1826.0
scanId=164648,2.744,664.5608192971661,1437.0
scanId=164648,2.744,664.5756643605619,1008.0
scanId=164648,2.744,665.4072544006812,1078.0
scanId=164648,2.744,665.4221089814732,1650.0
scanId=164648,2.744,665.4369636617787,2127.0
scanId=164648,2.744,665.4518185741814,2890.0
scanId=164648,2.744,665.4666735861043,3160.0
scanId=164648,2.744,665.4815288301177,2855.0
scanId=164648,2.744,665.4963841736583,2241.0
scanId=164648,2.744,665.5112397492823,1519.0
scanId=164648,2.744,679.3986746352577,1019.0
scanId=164648,2.744,679.4136845127476,1034.0
scanId=164648,2.744,680.4497686830643,1403.0
scanId=164648,2.744,680.4647901671929,1677.0
scanId=164648,2.744,680.4798118796912,1736.0
scanId=164648,2.744,680.494833695438,1451.0
scanId=164648,2.744,685.4007935164914,1933.0
scanId=164648,2.744,685.4158696131161,3268.0
scanId=164648,2.744,685.4309458142773,3545.0
scanId=164648,2.744,685.4460222425125,3014.0
scanId=164648,2.744,685.4610987752919,2078.0
scanId=164648,2.744,685.4761755351378,1488.0
scanId=164648,2.744,685.4912523995358,1079.0
scanId=164648,2.744,686.4263437126917,1327.0
scanId=164648,2.744,686.4414310840745,1283.0
scanId=164648,2.744,686.4565185602646,1088.0
scanId=164648,2.744,722.4785344833093,1257.0
scanId=164648,2.744,722.4940129385607,1255.0
scanId=164648,2.744,722.5094916103661,1002.0
scanId=164648,2.744,723.484980578498,1414.0
scanId=164648,2.744,723.5004698618403,1857.0
scanId=164648,2.744,723.5159592605478,1710.0
scanId=164648,2.744,723.5314488755009,1597.0
scanId=164648,2.744,723.5469386058282,1483.0
scanId=164648,2.744,723.5624285523917,1393.0
scanId=164648,2.744,723.5779186143391,1189.0
scanId=164648,2.744,736.4606169595852,1054.0
scanId=164648,2.744,736.4762445245176,4838.0
scanId=164648,2.744,736.4918722088086,15036.0
scanId=164648,2.744,736.5075001053515,29946.0
scanId=164648,2.744,736.5231281212626,41030.0
scanId=164648,2.744,736.5387563494161,44397.0
scanId=164648,2.744,736.5543846969474,39388.0
scanId=164648,2.744,736.5700132567116,31230.0
scanId=164648,2.744,736.5856419358632,22765.0
scanId=164648,2.744,736.6012708272378,16178.0
scanId=164648,2.744,736.6168998380098,11640.0
scanId=164648,2.744,736.6325290609949,8172.0
scanId=164648,2.744,736.6481584033871,5582.0
scanId=164648,2.744,736.6637879579829,3734.0
scanId=164648,2.744,736.6794176319954,2647.0
scanId=164648,2.744,736.6950475182018,1798.0
scanId=164648,2.744,736.7106775238345,1170.0
scanId=164648,2.744,737.4767520736943,2287.0
scanId=164648,2.744,737.4923903698352,6826.0
scanId=164648,2.744,737.5080288779151,14201.0
scanId=164648,2.744,737.5236675056763,19890.0
scanId=164648,2.744,737.5393063453666,21104.0
scanId=164648,2.744,737.554945304748,18577.0
scanId=164648,2.744,737.5705844760491,14640.0
scanId=164648,2.744,737.586223767051,11270.0
scanId=164648,2.744,737.6018632699626,8638.0
scanId=164648,2.744,737.6175028925846,6362.0
scanId=164648,2.744,737.6331427271066,4606.0
scanId=164648,2.744,737.6487826813493,3354.0
scanId=164648,2.744,737.6644228474818,2434.0
scanId=164648,2.744,737.6800631333443,1678.0
scanId=164648,2.744,737.6957036310876,1102.0
scanId=164648,2.744,738.4466414068901,1252.0
scanId=164648,2.744,738.4622899832615,1361.0
scanId=164648,2.744,738.4779387712679,1265.0
scanId=164648,2.744,738.4935876792596,1898.0
scanId=164648,2.744,738.5092367988764,3681.0
scanId=164648,2.744,738.5248860384886,5298.0
scanId=164648,2.744,738.5405354897159,6025.0
scanId=164648,2.744,738.5561850609486,5814.0
scanId=164648,2.744,738.5718348437864,5133.0
scanId=164648,2.744,738.5874847466392,4230.0
scanId=164648,2.744,738.6031348610877,3309.0
scanId=164648,2.744,738.6187850955608,2612.0
scanId=164648,2.744,738.6344355416197,2019.0
scanId=164648,2.744,738.6500861077135,1441.0
scanId=164648,2.744,739.5111238682651,1328.0
scanId=164648,2.744,739.5267837197292,2092.0
scanId=164648,2.744,739.5424437824934,2382.0
scanId=164648,2.744,739.558103965578,2140.0
scanId=164648,2.744,739.5737643599527,1642.0
scanId=164648,2.744,739.5894248746574,1113.0
scanId=164648,2.744,764.5083214386192,1251.0
scanId=164648,2.744,764.5242438053109,3803.0
scanId=164648,2.744,764.5401663003796,8263.0
scanId=164648,2.744,764.556088998682,11151.0
scanId=164648,2.744,764.5720118253716,11487.0
scanId=164648,2.744,764.5879348552845,10510.0
scanId=164648,2.744,764.6038580135952,8614.0
scanId=164648,2.744,764.6197813751185,6404.0
scanId=164648,2.744,764.6357048650505,4294.0
scanId=164648,2.744,764.6516285581841,2691.0
scanId=164648,2.744,764.667552379737,1699.0
scanId=164648,2.744,764.6834764044814,1160.0
scanId=164648,2.744,765.5276859778028,1806.0
scanId=164648,2.744,765.5436189560313,4088.0
scanId=164648,2.744,765.559552062973,5807.0
scanId=164648,2.744,765.5754853728121,5792.0
scanId=164648,2.744,765.5914188113745,5236.0
scanId=164648,2.744,765.6073524528243,4164.0
scanId=164648,2.744,765.6232862230079,2774.0
scanId=164648,2.744,765.639220196068,1789.0
scanId=164648,2.744,765.6551542978727,1336.0
scanId=164648,2.744,766.5477296661063,1693.0
scanId=164648,2.744,766.5636732558718,2089.0
scanId=164648,2.744,766.5796169746869,2024.0
scanId=164648,2.744,766.5955608960628,1742.0
scanId=164648,2.744,766.6115049464988,1375.0
scanId=164648,2.744,766.6274491994856,1193.0
scanId=164648,2.744,773.4347735406363,1265.0
scanId=164648,2.744,773.4507885579936,1264.0
scanId=164648,2.744,773.4668037756333,1331.0
scanId=164648,2.744,773.4828191246118,1212.0
scanId=164648,2.744,780.6422003571205,1133.0
scanId=164648,2.744,791.5079158301628,1140.0
scanId=164648,2.744,791.5241168871011,1110.0
scanId=164648,2.744,791.556519526806,1054.0
scanId=164648,2.744,792.4964845841903,1236.0
scanId=164648,2.744,792.5126957836519,1356.0
scanId=164648,2.744,792.5289071208566,1218.0
scanId=164648,2.744,792.5451186519286,1116.0
scanId=164648,2.744,792.5613303207549,1117.0
scanId=164648,2.744,792.5775421834373,1159.0
scanId=164648,2.744,792.5937541838853,1170.0
scanId=164648,2.744,810.6913283055095,1101.0
scanId=164648,2.744,810.7077245436453,2266.0
scanId=164648,2.744,810.7241209257202,3235.0
scanId=164648,2.744,810.7405174954665,3856.0
scanId=164648,2.744,810.7569142091629,3682.0
scanId=164648,2.744,810.7733111105201,3074.0
scanId=164648,2.744,810.7897081558382,2425.0
scanId=164648,2.744,810.8061053888056,1710.0
scanId=164648,2.744,810.8225027657456,1111.0
scanId=164648,2.744,811.7246144531033,1161.0
scanId=164648,2.744,811.7410211154516,1772.0
scanId=164648,2.744,811.7574279651244,1992.0
scanId=164648,2.744,811.7738349590949,1820.0
scanId=164648,2.744,811.7902421403782,1306.0
scanId=164648,2.744,815.6834178310952,1221.0
scanId=164648,2.744,815.6998644740313,1354.0
scanId=164648,2.744,815.7163112626123,1205.0
scanId=164648,2.744,822.6881761111754,2434.0
scanId=164648,2.744,822.704693203578,6373.0
scanId=164648,2.744,822.7212104795566,10485.0
scanId=164648,2.744,822.7377279035809,12730.0
scanId=164648,2.744,822.7542455111701,11963.0
scanId=164648,2.744,822.7707632668163,9606.0
scanId=164648,2.744,822.7872812060159,6879.0
scanId=164648,2.744,822.8037992932842,4651.0
scanId=164648,2.744,822.8203175640944,3042.0
scanId=164648,2.744,822.8368359829843,1957.0
scanId=164648,2.744,822.8533545854049,1278.0
scanId=164648,2.744,823.6960227097422,1174.0
scanId=164648,2.744,823.7125499340368,2792.0
scanId=164648,2.744,823.729077306716,4564.0
scanId=164648,2.744,823.7456048626209,5281.0
scanId=164648,2.744,823.7621325669221,4771.0
scanId=164648,2.744,823.7786604544375,3970.0
scanId=164648,2.744,823.7951884903604,2956.0
scanId=164648,2.744,823.8117167094864,1965.0
scanId=164648,2.744,823.828245077031,1244.0
scanId=164648,2.744,824.7210236189724,1252.0
scanId=164648,2.744,824.7375611231931,2167.0
scanId=164648,2.744,824.7540987761491,2572.0
scanId=164648,2.744,824.7706366119805,2112.0
scanId=164648,2.744,824.7871745965584,1520.0
scanId=164648,2.744,824.8037127640004,1030.0
scanId=164648,2.744,825.7632096786502,1078.0
scanId=164648,2.744,825.7797576118832,1182.0
scanId=164648,2.744,826.0279966410818,1020.0
scanId=164648,2.744,826.0445472272897,1077.0
scanId=164648,2.744,827.6507429899837,1319.0
scanId=164648,2.744,827.6673098256617,2479.0
scanId=164648,2.744,827.6838768432194,3210.0
scanId=164648,2.744,827.7004440105196,3311.0
scanId=164648,2.744,827.7170113596878,2874.0
scanId=164648,2.744,827.7335788586098,2284.0
scanId=164648,2.744,827.7501465393885,1586.0
scanId=164648,2.744,827.7667143699323,1271.0
scanId=164648,2.744,827.7832823823218,1115.0
scanId=164648,2.744,828.6616238774808,1076.0
scanId=164648,2.744,828.6782008433544,1370.0
scanId=164648,2.744,828.69477795931,1476.0
scanId=164648,2.744,828.7113552567941,1285.0
scanId=164648,2.744,828.7279327043716,1042.0
scanId=164648,2.744,829.6897088172449,1153.0
scanId=164648,2.744,829.706296063045,1767.0
scanId=164648,2.744,829.7228834592781,1558.0
scanId=164648,2.744,829.7394710366885,1135.0
scanId=164648,2.744,836.7042521999715,1005.0
scanId=164648,2.744,836.7209094155927,1748.0
scanId=164648,2.744,836.7375667840408,2228.0
scanId=164648,2.744,836.7542243312729,2306.0
scanId=164648,2.744,836.7708820313429,1753.0
scanId=164648,2.744,836.7875399101854,1182.0
scanId=164648,2.744,837.7373127091975,1097.0
scanId=164648,2.744,837.7539802047451,1495.0
scanId=164648,2.744,837.7706478534718,2223.0
scanId=164648,2.744,837.78731568063,2232.0
scanId=164648,2.744,837.8039836609786,1532.0
scanId=164648,2.744,838.7376555435254,1114.0
scanId=164648,2.744,838.7543329873889,1300.0
scanId=164648,2.744,838.7710105847722,1189.0
scanId=164648,2.744,841.7422655015531,1122.0
scanId=164648,2.744,841.758972790364,1025.0
scanId=164648,2.744,842.7449959725815,1033.0
scanId=164648,2.744,844.6685644912469,1039.0
scanId=164648,2.744,848.7068078592455,1864.0
scanId=164648,2.744,848.7235841230464,3914.0
scanId=164648,2.744,848.7403605437531,5673.0
scanId=164648,2.744,848.7571371391643,6042.0
scanId=164648,2.744,848.7739138914932,5625.0
scanId=164648,2.744,848.7906908185149,4531.0
scanId=164648,2.744,848.8074679024655,3184.0
scanId=164648,2.744,848.8242451610981,2236.0
scanId=164648,2.744,848.8410225766704,1612.0
scanId=164648,2.744,848.8578001669133,1116.0
scanId=164648,2.744,849.7136769005757,1039.0
scanId=164648,2.744,849.7304631126922,2415.0
scanId=164648,2.744,849.747249482056,3856.0
scanId=164648,2.744,849.764036025783,4386.0
scanId=164648,2.744,849.7808227267684,3984.0
scanId=164648,2.744,849.7976096021061,3052.0
scanId=164648,2.744,849.8143966347135,2038.0
scanId=164648,2.744,849.8311838416616,1349.0
scanId=164648,2.744,850.7379390115149,1176.0
scanId=164648,2.744,850.754735329535,2049.0
scanId=164648,2.744,850.7715318215782,2477.0
scanId=164648,2.744,850.7883284712202,2163.0
scanId=164648,2.744,850.8051252948736,1859.0
scanId=164648,2.744,850.8219222761378,1590.0
scanId=164648,2.744,850.8387194314017,1344.0
scanId=164648,2.744,850.8555167442878,1086.0
scanId=164648,2.744,853.6629946394825,1081.0
scanId=164648,2.744,853.6798198086068,1613.0
scanId=164648,2.744,853.6966451507658,2154.0
scanId=164648,2.744,853.713470651512,2715.0
scanId=164648,2.744,853.7302963252814,2559.0
scanId=164648,2.744,853.7471221576496,1915.0
scanId=164648,2.744,853.7639481630296,1278.0
scanId=164648,2.744,855.7337349411347,1000.0
scanId=164648,2.744,860.710367517269,1177.0
scanId=164648,2.744,860.7272619953651,1657.0
scanId=164648,2.744,860.7441566441245,2058.0
scanId=164648,2.744,860.7610514538425,2501.0
scanId=164648,2.744,860.7779464342121,2485.0
scanId=164648,2.744,860.7948415755521,2053.0
scanId=164648,2.744,860.8117368875323,1479.0
scanId=164648,2.744,861.7581388528466,1095.0
scanId=164648,2.744,861.7750436112207,1371.0
scanId=164648,2.744,861.7919485399061,1336.0
scanId=164648,2.744,862.8065475547476,1020.0
scanId=164648,2.744,868.567216922532,1607.0
scanId=164648,2.744,868.5841883368959,2559.0
scanId=164648,2.744,868.6011599192974,2771.0
scanId=164648,2.744,868.6181316652834,2330.0
scanId=164648,2.744,868.6351035792956,1729.0
scanId=164648,2.744,868.6520756569031,1255.0
scanId=164648,2.744,869.5688141324662,1131.0
scanId=164648,2.744,869.5857953315731,1414.0
scanId=164648,2.744,869.6027766945917,1675.0
scanId=164648,2.744,869.6197582253092,1865.0
scanId=164648,2.744,869.6367399199495,1896.0
scanId=164648,2.744,869.6537217822777,1809.0
scanId=164648,2.744,869.6707038085398,1616.0
scanId=164648,2.744,869.6876860024785,1210.0
scanId=164648,2.744,870.6049706497242,1019.0
scanId=164648,2.744,870.6219619613971,1062.0
scanId=164648,2.744,872.730169718082,1345.0
scanId=164648,2.744,872.7471817569683,1748.0
scanId=164648,2.744,872.7641939608147,1840.0
scanId=164648,2.744,872.7812063313112,1751.0
scanId=164648,2.744,872.7982188667797,1499.0
scanId=164648,2.744,872.8152315688868,1132.0
scanId=164648,2.744,873.7682074933215,1018.0
scanId=164648,2.744,873.7852296458219,1217.0
scanId=164648,2.744,873.8022519646343,1061.0
scanId=164648,2.744,874.7217033918919,1463.0
scanId=164648,2.744,874.738734829802,2454.0
scanId=164648,2.744,874.7557664337091,2869.0
scanId=164648,2.744,874.7727982032413,3186.0
scanId=164648,2.744,874.7898301387589,2940.0
scanId=164648,2.744,874.8068622399127,2179.0
scanId=164648,2.744,874.8238945070411,1500.0
scanId=164648,2.744,876.7837111573313,1248.0
scanId=164648,2.744,876.8007626578703,1261.0
scanId=164648,2.744,876.8178143247086,1043.0
scanId=164648,2.744,878.7627911881796,1440.0
scanId=164648,2.744,878.7798619221293,1698.0
scanId=164648,2.744,878.7969328230292,1640.0
scanId=164648,2.744,878.8140038885892,1933.0
scanId=164648,2.744,878.8310751211113,2140.0
scanId=164648,2.744,878.8481465182817,1981.0
scanId=164648,2.744,878.8652180824254,1583.0
scanId=164648,2.744,879.7702482217773,1170.0
scanId=164648,2.744,879.787328739708,1476.0
scanId=164648,2.744,879.8044094219732,1734.0
scanId=164648,2.744,879.8214902715258,1720.0
scanId=164648,2.744,879.8385712854016,1387.0
scanId=164648,2.744,879.8556524665756,1036.0
scanId=164648,2.744,880.7441023324012,1251.0
scanId=164648,2.744,880.7611922997612,1317.0
scanId=164648,2.744,880.7782824347223,1234.0
scanId=164648,2.744,880.795372733693,1183.0
scanId=164648,2.744,880.8124632002757,1263.0
scanId=164648,2.744,880.8295538308569,1134.0
scanId=164648,2.744,893.7975165454717,1002.0
scanId=164648,2.744,898.7280924303245,1762.0
scanId=164648,2.744,898.7453560033994,3410.0
scanId=164648,2.744,898.7626197346759,5779.0
scanId=164648,2.744,898.7798836393724,6695.0
scanId=164648,2.744,898.7971477022595,5834.0
scanId=164648,2.744,898.8144119385773,4474.0
scanId=164648,2.744,898.8316763330752,2877.0
scanId=164648,2.744,898.8489409010144,1754.0
scanId=164648,2.744,898.8662056271226,1168.0
scanId=164648,2.744,899.7296535287279,1294.0
scanId=164648,2.744,899.7469267188266,2212.0
scanId=164648,2.744,899.7642000668085,3041.0
scanId=164648,2.744,899.7814735885289,3390.0
scanId=164648,2.744,899.7987472681214,3179.0
scanId=164648,2.744,899.816021121463,2461.0
scanId=164648,2.744,899.8332951326662,1842.0
scanId=164648,2.744,899.8505693176294,1169.0
scanId=164648,2.744,900.7490552123954,2199.0
scanId=164648,2.744,900.7663381770826,2817.0
scanId=164648,2.744,900.7836213158265,3065.0
scanId=164648,2.744,900.8009046121242,2882.0
scanId=164648,2.744,900.8181880824894,2522.0
scanId=164648,2.744,900.8354717103979,2128.0
scanId=164648,2.744,900.8527555123845,1494.0
scanId=164648,2.744,901.7690340654863,1022.0
scanId=164648,2.744,901.7863268212532,1096.0
scanId=164648,2.744,901.8036197342561,1033.0
scanId=164648,2.744,903.6895417422957,1445.0
scanId=164648,2.744,903.7068528938779,1964.0
scanId=164648,2.744,903.7241642204466,2104.0
scanId=164648,2.744,903.7414757036391,1968.0
scanId=164648,2.744,903.7587873618296,1880.0
scanId=164648,2.744,903.7760991766328,1799.0
scanId=164648,2.744,903.7934111664443,1594.0
scanId=164648,2.744,903.8107233128582,1483.0
scanId=164648,2.744,903.8280356342913,1168.0
scanId=164648,2.744,904.7111836491414,1213.0
scanId=164648,2.744,904.728504592732,1628.0
scanId=164648,2.744,904.7458256926299,1536.0
scanId=164648,2.744,904.763146967842,1198.0
scanId=164648,2.744,904.7804683993504,1141.0
scanId=164648,2.744,904.7977900061838,1364.0
scanId=164648,2.744,904.8151117693029,1669.0
scanId=164648,2.744,904.8324337077579,1731.0
scanId=164648,2.744,904.8497558024876,1310.0
scanId=164648,2.744,905.6987417974921,1106.0
scanId=164648,2.744,905.7160721824849,1644.0
scanId=164648,2.744,905.7334027430969,1626.0
scanId=164648,2.744,905.7507334597001,1289.0
scanId=164648,2.744,919.6858990825099,1010.0
scanId=164648,2.744,919.7033627749347,1077.0
scanId=164648,2.744,919.7208266473099,1139.0
scanId=164648,2.744,919.7382906713452,1079.0
scanId=164648,2.744,920.6990677337772,1270.0
scanId=164648,2.744,920.7165410429072,1261.0
scanId=164648,2.744,928.5963587591771,1076.0
scanId=164648,2.744,928.6139068633081,1114.0
scanId=164648,2.744,954.8735683913073,1019.0
scanId=164648,2.744,956.5648006430691,1445.0
scanId=164648,2.744,956.5826110591474,2175.0
scanId=164648,2.744,956.6004216161843,2537.0
scanId=164648,2.744,956.6182323638834,2507.0
scanId=164648,2.744,956.6360432525308,2248.0
scanId=164648,2.744,956.6538543318499,1952.0
scanId=164648,2.744,956.671665552108,1504.0
scanId=164648,2.744,957.5624385915538,1143.0
scanId=164648,2.744,957.5802582930004,1788.0
scanId=164648,2.744,957.5980781351323,2031.0
scanId=164648,2.744,957.615898168199,1952.0
scanId=164648,2.744,957.6337183419413,1648.0
scanId=164648,2.744,957.6515387066286,1257.0
scanId=164648,2.744,961.5403334638838,1780.0
scanId=164648,2.744,961.5581901147843,2818.0
scanId=164648,2.744,961.5760469576954,3636.0
scanId=164648,2.744,961.5939039402065,4070.0
scanId=164648,2.744,961.6117611147379,3755.0
scanId=164648,2.744,961.6296184288592,2920.0
scanId=164648,2.744,961.647475935011,1977.0
scanId=164648,2.744,961.6653335807429,1301.0
scanId=164648,2.744,962.5584279278025,1583.0
scanId=164648,2.744,962.5762940560779,2272.0
scanId=164648,2.744,962.5941603236837,2677.0
scanId=164648,2.744,962.6120267835792,2335.0
scanId=164648,2.744,962.6298933827956,1659.0
scanId=164648,2.744,962.6477601743111,1284.0
scanId=164648,2.744,987.5161983482183,1127.0
scanId=164648,2.744,987.5342946205959,3099.0
scanId=164648,2.744,987.5523910259078,6310.0
scanId=164648,2.744,987.5704876299051,10736.0
scanId=164648,2.744,987.5885843668275,17321.0
scanId=164648,2.744,987.6066813024439,22605.0
scanId=164648,2.744,987.6247783709769,22615.0
scanId=164648,2.744,987.6428756382126,18158.0
scanId=164648,2.744,987.6609730383562,12667.0
scanId=164648,2.744,987.6790706372111,8741.0
scanId=164648,2.744,987.6971683689651,6222.0
scanId=164648,2.744,987.7152662994397,4454.0
scanId=164648,2.744,987.7333643628042,2961.0
scanId=164648,2.744,987.7514626248978,2095.0
scanId=164648,2.744,987.7695610198731,1611.0
scanId=164648,2.744,987.787659613586,1171.0
scanId=164648,2.744,988.54794958213,2531.0
scanId=164648,2.744,988.5660552725368,5813.0
scanId=164648,2.744,988.5841611618745,10671.0
scanId=164648,2.744,988.6022671838916,15153.0
scanId=164648,2.744,988.6203734048488,17965.0
scanId=164648,2.744,988.6384797584766,16804.0
scanId=164648,2.744,988.6565863110532,12492.0
scanId=164648,2.744,988.6746929962914,8396.0
scanId=164648,2.744,988.6927998804869,5862.0
scanId=164648,2.744,988.7109068973358,3947.0
scanId=164648,2.744,988.7290141131507,2466.0
scanId=164648,2.744,988.74712146161,1614.0
scanId=164648,2.744,988.7652290090443,1074.0
scanId=164648,2.744,989.5440096727856,1061.0
scanId=164648,2.744,989.562124515844,1705.0
scanId=164648,2.744,989.5802394913454,2619.0
scanId=164648,2.744,989.5983546660228,3901.0
scanId=164648,2.744,989.616469973135,4508.0
scanId=164648,2.744,989.6345854794316,4165.0
scanId=164648,2.744,989.6527011181541,3389.0
scanId=164648,2.744,989.6708169560702,2582.0
scanId=164648,2.744,989.6889329264033,2020.0
scanId=164648,2.744,989.7070490959385,1818.0
scanId=164648,2.744,989.7251653978822,1495.0
scanId=164648,2.744,989.7432818990367,1028.0
scanId=164648,2.744,1013.544922378119,1085.0
scanId=164648,2.744,1020.5970619173361,1066.0
scanId=164648,2.744,1020.6154587617862,1224.0
scanId=164648,2.744,1020.6338558123374,1108.0
scanId=164648,2.744,1041.5656226568358,1534.0
scanId=164648,2.744,1041.5842075244557,2992.0
scanId=164648,2.744,1041.6027926021875,4365.0
scanId=164648,2.744,1041.6213778014173,4573.0
scanId=164648,2.744,1041.6399632107666,3944.0
scanId=164648,2.744,1041.6585487416069,3059.0
scanId=164648,2.744,1041.6771344825736,2223.0
scanId=164648,2.744,1041.6957203450245,1511.0
scanId=164648,2.744,1042.5694439742297,2183.0
scanId=164648,2.744,1042.588037795333,3635.0
scanId=164648,2.744,1042.6066318267276,4329.0
scanId=164648,2.744,1042.625225979442,3934.0
scanId=164648,2.744,1042.6438203424527,3368.0
scanId=164648,2.744,1042.6624148267774,2381.0
scanId=164648,2.744,1042.6810095214057,1576.0
scanId=164648,2.744,1042.6996043373408,1086.0
scanId=164648,2.744,1043.5923515591442,1272.0
scanId=164648,2.744,1043.6109545441989,1530.0
scanId=164648,2.744,1043.6295576503976,1459.0
scanId=164648,2.744,1043.6481609670695,1253.0
scanId=164648,2.744,1043.6667644048784,1093.0
scanId=164648,2.744,1046.6268236538635,1064.0
scanId=164648,2.744,1046.6454536205147,1167.0
scanId=164648,2.744,1046.664083798161,1324.0
scanId=164648,2.744,1046.6827140964226,1408.0
scanId=164648,2.744,1046.701344605686,1233.0
scanId=164648,2.744,1047.6330803427206,1079.0
scanId=164648,2.744,1047.6517192628564,1359.0
scanId=164648,2.744,1047.6703583941585,1604.0
scanId=164648,2.744,1047.6889976459045,1378.0
scanId=164648,2.744,1047.7076371088233,1077.0
scanId=164648,2.744,1060.6646408938825,1015.0
scanId=164648,2.744,1060.6833954277413,1523.0
scanId=164648,2.744,1060.702150079951,1749.0
scanId=164648,2.744,1060.7209049454254,2009.0
scanId=164648,2.744,1060.7396599292456,1642.0
scanId=164648,2.744,1060.7584151263363,1151.0
scanId=164648,2.744,1061.6588584362205,1460.0
scanId=164648,2.744,1061.6776217103036,1463.0
scanId=164648,2.744,1061.6963851977994,1244.0
scanId=164648,2.744,1061.715148803493,1535.0
scanId=164648,2.744,1061.7339126226057,1654.0
scanId=164648,2.744,1061.75267655991,1402.0
scanId=164648,2.744,1061.771440710638,1076.0
scanId=164648,2.744,1074.28630213492,1054.0
scanId=164648,2.744,1074.305176713728,1045.0
scanId=164648,2.744,1117.635548212001,1334.0
scanId=164648,2.744,1117.6547998363446,1887.0
scanId=164648,2.744,1117.6740515727358,2048.0
scanId=164648,2.744,1117.6933035286925,1977.0
scanId=164648,2.744,1117.7125555966938,1848.0
scanId=164648,2.744,1117.7318078842636,1579.0
scanId=164648,2.744,1117.7510602838754,1108.0
scanId=164648,2.744,1118.6561113850703,1568.0
scanId=164648,2.744,1118.6753717433348,2427.0
scanId=164648,2.744,1118.6946323212326,2708.0
scanId=164648,2.744,1118.7138930111075,2359.0
scanId=164648,2.744,1118.7331539206182,1824.0
scanId=164648,2.744,1118.7524149421042,1261.0
scanId=164648,2.744,1125.677845720464,1171.0
scanId=164648,2.744,1125.6971664318444,1177.0
scanId=164648,2.744,1276.3155910733994,1171.0
scanId=164648,2.744,1276.3361639461334,1536.0
scanId=164648,2.744,1276.3567370288908,1659.0
scanId=164648,2.744,1276.3773102332348,1635.0
scanId=164648,2.744,1276.3978836475949,1359.0
scanId=164648,2.744,1277.30327705203,1396.0
scanId=164648,2.744,1277.323857883416,1728.0
scanId=164648,2.744,1277.3444389246374,1884.0
scanId=164648,2.744,1277.3650200876345,1805.0
scanId=164648,2.744,1277.3856014604587,1486.0
scanId=164648,2.744,1277.406182955066,1104.0
scanId=164648,2.744,1278.2913450414421,1268.0
scanId=164648,2.744,1278.311933831481,2259.0
scanId=164648,2.744,1278.3325228311646,3115.0
scanId=164648,2.744,1278.353111952814,3289.0
scanId=164648,2.744,1278.3737012841007,2900.0
scanId=164648,2.744,1278.394290737361,2281.0
scanId=164648,2.744,1278.4148804002498,1869.0
scanId=164648,2.744,1278.4354701851203,1499.0
scanId=164648,2.744,1278.4560601796118,1035.0
scanId=164648,2.744,1279.2797950415963,1534.0
scanId=164648,2.744,1279.3003917902884,2340.0
scanId=164648,2.744,1279.320988748433,2839.0
scanId=164648,2.744,1279.3415858287349,2869.0
scanId=164648,2.744,1279.3621831184819,2622.0
scanId=164648,2.744,1279.3827805303945,2028.0
scanId=164648,2.744,1279.403378151744,1534.0
scanId=164648,2.744,1279.4239758952674,1127.0
scanId=164648,2.744,1280.3304417153563,1341.0
scanId=164648,2.744,1280.3510469635623,1469.0
scanId=164648,2.744,1280.3716523341277,1162.0
scanId=164648,2.744,1515.4035834436627,1212.0
scanId=164648,2.744,1515.426000526165,1433.0
scanId=164648,2.744,1515.448417816654,1369.0
scanId=164648,2.744,1515.4708352307443,1213.0
scanId=164648,2.744,1515.493252852844,1034.0
scanId=164648,2.744,1516.4125172258086,1125.0
scanId=164648,2.744,1516.4349418117292,1407.0
scanId=164648,2.744,1516.4573665207586,1301.0
scanId=164648,2.744,1521.9339564835284,1823.0
scanId=164648,2.744,1521.956421857544,2358.0
scanId=164648,2.744,1521.9788873518978,2082.0
scanId=164648,2.744,1522.001353057524,1583.0
scanId=164648,2.744,1522.0238188834655,1106.0
scanId=165647,2.76065,165.07717927593006,1135.0
scanId=165647,2.76065,165.08457818992196,1390.0
scanId=165647,2.76065,165.0919771712177,1016.0
scanId=165647,2.76065,206.1396085480254,1604.0
scanId=165647,2.76065,206.14787658812693,1861.0
scanId=165647,2.76065,206.156144720616,1395.0
scanId=165647,2.76065,244.07843864740929,1836.0
scanId=165647,2.76065,244.08743532822794,2284.0
scanId=165647,2.76065,244.0964322204038,1938.0
scanId=165647,2.76065,244.105429232833,1428.0
scanId=165647,2.76065,244.11442645660586,1047.0
scanId=165647,2.76065,248.11649242936642,1406.0
scanId=165647,2.76065,248.1255632676533,1995.0
scanId=165647,2.76065,248.13463422923016,2239.0
scanId=165647,2.76065,248.14370539911383,1872.0
scanId=165647,2.76065,248.15277669230127,1375.0
scanId=165647,2.76065,261.1268729229627,1080.0
scanId=165647,2.76065,261.13617853171286,1061.0
scanId=165647,2.76065,262.09554256576735,1028.0
scanId=165647,2.76065,262.1048654175388,1394.0
scanId=165647,2.76065,262.1141884031169,1175.0
scanId=165647,2.76065,265.1341936702401,1173.0
scanId=165647,2.76065,265.1435703767237,1413.0
scanId=165647,2.76065,265.1529472787309,1290.0
scanId=165647,2.76065,273.15471473243576,1202.0
scanId=165647,2.76065,273.16423223135126,1569.0
scanId=165647,2.76065,273.17374987230903,1288.0
scanId=165647,2.76065,280.13695927823454,1442.0
scanId=165647,2.76065,280.1465976254244,1769.0
scanId=165647,2.76065,280.1562361570418,1431.0
scanId=165647,2.76065,280.1658748358422,1085.0
scanId=165647,2.76065,290.11309575222555,1347.0
scanId=165647,2.76065,290.1229042156162,3080.0
scanId=165647,2.76065,290.132712856216,4397.0
scanId=165647,2.76065,290.1425216512173,3965.0
scanId=165647,2.76065,290.15233062341366,2674.0
scanId=165647,2.76065,290.16213975002535,1641.0
scanId=165647,2.76065,290.17194905381825,1103.0
scanId=165647,2.76065,291.12423902021993,1180.0
scanId=165647,2.76065,291.13406457224085,1155.0
scanId=165647,2.76065,292.1469839090111,1368.0
scanId=165647,2.76065,292.1568267040502,1687.0
scanId=165647,2.76065,292.16666965493573,1538.0
scanId=165647,2.76065,292.1765127815714,1090.0
scanId=165647,2.76065,294.1484697292405,2204.0
scanId=165647,2.76065,294.1583461727894,3315.0
scanId=165647,2.76065,294.1682227906732,3906.0
scanId=165647,2.76065,294.17809956583255,3735.0
scanId=165647,2.76065,294.18797651531276,2811.0
scanId=165647,2.76065,294.1978536220828,1991.0
scanId=165647,2.76065,294.20773090315953,1332.0
scanId=165647,2.76065,294.21760834154,1066.0
scanId=165647,2.76065,368.4054846683426,1236.0
scanId=165647,2.76065,368.41653766604406,1519.0
scanId=165647,2.76065,368.4275907918437,1407.0
scanId=165647,2.76065,368.43864412115585,1031.0
scanId=165647,2.76065,369.41198472351476,1456.0
scanId=165647,2.76065,369.42305277127025,1547.0
scanId=165647,2.76065,369.434121023056,1138.0
scanId=165647,2.76065,391.2072704427044,1501.0
scanId=165647,2.76065,391.21866035670223,1440.0
scanId=165647,2.76065,494.2662843147362,1009.0
scanId=165647,2.76065,494.27908688958235,2866.0
scanId=165647,2.76065,494.2918895514093,5350.0
scanId=165647,2.76065,494.30469245786617,6845.0
scanId=165647,2.76065,494.31749545130026,6756.0
scanId=165647,2.76065,494.3302986893676,5573.0
scanId=165647,2.76065,494.3431020144088,4399.0
scanId=165647,2.76065,494.35590558408654,3091.0
scanId=165647,2.76065,494.368709240735,2079.0
scanId=165647,2.76065,494.3815131420232,1333.0
scanId=165647,2.76065,494.7785150595488,1574.0
scanId=165647,2.76065,494.79132426660567,3229.0
scanId=165647,2.76065,494.80413356057454,4544.0
scanId=165647,2.76065,494.81694309924177,4748.0
scanId=165647,2.76065,494.829752724818,3572.0
scanId=165647,2.76065,494.8425625950957,2463.0
scanId=165647,2.76065,494.8553725522789,1566.0
scanId=165647,2.76065,494.8681827541673,1085.0
scanId=165647,2.76065,495.3038269306849,1524.0
scanId=165647,2.76065,495.3166428567965,1797.0
scanId=165647,2.76065,495.32945902767443,1720.0
scanId=165647,2.76065,495.3422752853931,1389.0
scanId=165647,2.76065,495.3550917878814,1075.0
scanId=165647,2.76065,537.323740835391,1254.0
scanId=165647,2.76065,537.3370893249227,1119.0
scanId=165647,2.76065,550.6064443088574,1485.0
scanId=165647,2.76065,550.6199568618437,1671.0
scanId=165647,2.76065,550.6334694985801,1422.0
scanId=165647,2.76065,550.6469823831769,1305.0
scanId=165647,2.76065,551.3363572221187,1301.0
scanId=165647,2.76065,551.3498787285891,1135.0
scanId=165647,2.76065,551.3634003188224,1049.0
scanId=165647,2.76065,551.3769221569033,1007.0
scanId=165647,2.76065,563.3540442253243,1084.0
scanId=165647,2.76065,563.3677123036482,1119.0
scanId=165647,2.76065,564.3522467404891,1450.0
scanId=165647,2.76065,564.3659268409909,1464.0
scanId=165647,2.76065,564.3796071889043,1064.0
scanId=165647,2.76065,604.3393457607261,2938.0
scanId=165647,2.76065,604.3535023013575,5852.0
scanId=165647,2.76065,604.3676589299223,8277.0
scanId=165647,2.76065,604.3818158021639,9000.0
scanId=165647,2.76065,604.3959727623434,8215.0
scanId=165647,2.76065,604.4101299661955,6084.0
scanId=165647,2.76065,604.4242872579892,3922.0
scanId=165647,2.76065,604.438444793452,2484.0
scanId=165647,2.76065,604.4526024168598,1568.0
scanId=165647,2.76065,604.4667602839332,1005.0
scanId=165647,2.76065,605.3590376834766,1737.0
scanId=165647,2.76065,605.3732061620868,2548.0
scanId=165647,2.76065,605.3873747287697,2619.0
scanId=165647,2.76065,605.4015435389904,2430.0
scanId=165647,2.76065,605.4157124372877,1999.0
scanId=165647,2.76065,605.4298815791188,1406.0
scanId=165647,2.76065,606.379589145756,1250.0
scanId=165647,2.76065,606.3937695623453,1394.0
scanId=165647,2.76065,606.4079500671482,1068.0
scanId=165647,2.76065,607.301658618045,1214.0
scanId=165647,2.76065,607.3158497345122,1526.0
scanId=165647,2.76065,607.3300410942489,1737.0
scanId=165647,2.76065,607.3442325423306,1508.0
scanId=165647,2.76065,607.3584242336776,1049.0
scanId=165647,2.76065,608.3806589610206,1243.0
scanId=165647,2.76065,608.3948626788413,1244.0
scanId=165647,2.76065,608.4090666397778,1107.0
scanId=165647,2.76065,609.2900336409218,1927.0
scanId=165647,2.76065,609.3042479704104,4990.0
scanId=165647,2.76065,609.3184625428839,7211.0
scanId=165647,2.76065,609.3326772039871,7731.0
scanId=165647,2.76065,609.3468921080712,6745.0
scanId=165647,2.76065,609.3611071007888,5279.0
scanId=165647,2.76065,609.3753223364835,4025.0
scanId=165647,2.76065,609.3895376608159,2792.0
scanId=165647,2.76065,609.403753228121,2034.0
scanId=165647,2.76065,609.4179688840682,1446.0
scanId=165647,2.76065,610.2996657645849,1221.0
scanId=165647,2.76065,610.313891943427,2205.0
scanId=165647,2.76065,610.3281182110438,3658.0
scanId=165647,2.76065,610.3423447214964,4265.0
scanId=165647,2.76065,610.356571320728,3429.0
scanId=165647,2.76065,610.3707981627911,2518.0
scanId=165647,2.76065,610.3850250936372,1854.0
scanId=165647,2.76065,610.3992522673109,1215.0
scanId=165647,2.76065,623.314030147332,1328.0
scanId=165647,2.76065,623.3284072089641,1882.0
scanId=165647,2.76065,623.3427843614415,1702.0
scanId=165647,2.76065,623.3571617546842,1272.0
scanId=165647,2.76065,623.3715392387771,1073.0
scanId=165647,2.76065,646.3829545611452,1060.0
scanId=165647,2.76065,646.397595253147,1226.0
scanId=165647,2.76065,646.4122360403966,1054.0
scanId=165647,2.76065,647.437505647345,1367.0
scanId=165647,2.76065,647.4521582773258,1647.0
scanId=165647,2.76065,647.4668110027767,1602.0
scanId=165647,2.76065,647.481463964368,1353.0
scanId=165647,2.76065,647.4961170214356,1011.0
scanId=165647,2.76065,660.4255137216513,1264.0
scanId=165647,2.76065,660.4403125918748,1449.0
scanId=165647,2.76065,660.4551115604432,1184.0
scanId=165647,2.76065,661.4322123114382,1851.0
scanId=165647,2.76065,661.4470224564197,2251.0
scanId=165647,2.76065,661.4618326999794,2152.0
scanId=165647,2.76065,661.4766431765713,1797.0
scanId=165647,2.76065,661.4914537517486,1172.0
scanId=165647,2.76065,663.3885805791531,1049.0
scanId=165647,2.76065,663.4034126104293,4884.0
scanId=165647,2.76065,663.4182447407413,11817.0
scanId=165647,2.76065,663.4330771036281,19559.0
scanId=165647,2.76065,663.4479095655576,22437.0
scanId=165647,2.76065,663.462742260055,19447.0
scanId=165647,2.76065,663.4775750536019,13980.0
scanId=165647,2.76065,663.4924080797097,9360.0
scanId=165647,2.76065,663.5072412048743,6092.0
scanId=165647,2.76065,663.5220745625926,4104.0
scanId=165647,2.76065,663.5369080193746,2702.0
scanId=165647,2.76065,663.5517417087036,1791.0
scanId=165647,2.76065,663.566575497103,1229.0
scanId=165647,2.76065,664.3975341440878,1512.0
scanId=165647,2.76065,664.4123774501221,4267.0
scanId=165647,2.76065,664.4272208554299,7276.0
scanId=165647,2.76065,664.4420644930748,9322.0
scanId=165647,2.76065,664.4569082300002,9519.0
scanId=165647,2.76065,664.4717521992554,7805.0
scanId=165647,2.76065,664.4865962677985,5771.0
scanId=165647,2.76065,664.5014405686643,4073.0
scanId=165647,2.76065,664.5162849688248,2855.0
scanId=165647,2.76065,664.5311296013012,1921.0
scanId=165647,2.76065,664.5459743330792,1453.0
scanId=165647,2.76065,664.5608192971661,1184.0
scanId=165647,2.76065,665.4221089814732,1219.0
scanId=165647,2.76065,665.4369636617787,1542.0
scanId=165647,2.76065,665.4518185741814,1618.0
scanId=165647,2.76065,665.4666735861043,1477.0
scanId=165647,2.76065,665.4815288301177,1243.0
scanId=165647,2.76065,665.4963841736583,1008.0
scanId=165647,2.76065,680.4497686830643,1063.0
scanId=165647,2.76065,680.4647901671929,1510.0
scanId=165647,2.76065,680.4798118796912,1707.0
scanId=165647,2.76065,680.494833695438,1312.0
scanId=165647,2.76065,681.4716094397432,1238.0
scanId=165647,2.76065,681.4866421988937,1196.0
scanId=165647,2.76065,685.4007935164914,1035.0
scanId=165647,2.76065,685.4158696131161,2060.0
scanId=165647,2.76065,685.4309458142773,2847.0
scanId=165647,2.76065,685.4460222425125,2641.0
scanId=165647,2.76065,685.4610987752919,1971.0
scanId=165647,2.76065,685.4761755351378,1226.0
scanId=165647,2.76065,722.4630561431144,1789.0
scanId=165647,2.76065,722.4785344833093,2368.0
scanId=165647,2.76065,722.4940129385607,2860.0
scanId=165647,2.76065,722.5094916103661,2942.0
scanId=165647,2.76065,722.5249703972373,2607.0
scanId=165647,2.76065,722.5404494006534,2014.0
scanId=165647,2.76065,722.5559285191445,1376.0
scanId=165647,2.76065,723.4540025596784,1140.0
scanId=165647,2.76065,723.4694915114103,1242.0
scanId=165647,2.76065,723.484980578498,1150.0
scanId=165647,2.76065,725.5154852691063,1025.0
scanId=165647,2.76065,736.4606169595852,1641.0
scanId=165647,2.76065,736.4762445245176,5878.0
scanId=165647,2.76065,736.4918722088086,14061.0
scanId=165647,2.76065,736.5075001053515,26725.0
scanId=165647,2.76065,736.5231281212626,35727.0
scanId=165647,2.76065,736.5387563494161,37752.0
scanId=165647,2.76065,736.5543846969474,34575.0
scanId=165647,2.76065,736.5700132567116,28296.0
scanId=165647,2.76065,736.5856419358632,22330.0
scanId=165647,2.76065,736.6012708272378,16577.0
scanId=165647,2.76065,736.6168998380098,11164.0
scanId=165647,2.76065,736.6325290609949,7690.0
scanId=165647,2.76065,736.6481584033871,5373.0
scanId=165647,2.76065,736.6637879579829,3594.0
scanId=165647,2.76065,736.6794176319954,2461.0
scanId=165647,2.76065,736.6950475182018,1723.0
scanId=165647,2.76065,736.7106775238345,1429.0
scanId=165647,2.76065,736.7263077416512,1308.0
scanId=165647,2.76065,736.7419380789046,1103.0
scanId=165647,2.76065,737.4767520736943,2158.0
scanId=165647,2.76065,737.4923903698352,6277.0
scanId=165647,2.76065,737.5080288779151,13444.0
scanId=165647,2.76065,737.5236675056763,18411.0
scanId=165647,2.76065,737.5393063453666,19916.0
scanId=165647,2.76065,737.554945304748,17551.0
scanId=165647,2.76065,737.5705844760491,13593.0
scanId=165647,2.76065,737.586223767051,10019.0
scanId=165647,2.76065,737.6018632699626,6883.0
scanId=165647,2.76065,737.6175028925846,4580.0
scanId=165647,2.76065,737.6331427271066,3201.0
scanId=165647,2.76065,737.6487826813493,2237.0
scanId=165647,2.76065,737.6644228474818,1484.0
scanId=165647,2.76065,737.6800631333443,1178.0
scanId=165647,2.76065,737.6957036310876,1063.0
scanId=165647,2.76065,737.8208333978199,1024.0
scanId=165647,2.76065,738.4935876792596,1977.0
scanId=165647,2.76065,738.5092367988764,3779.0
scanId=165647,2.76065,738.5248860384886,4802.0
scanId=165647,2.76065,738.5405354897159,5410.0
scanId=165647,2.76065,738.5561850609486,5333.0
scanId=165647,2.76065,738.5718348437864,4243.0
scanId=165647,2.76065,738.5874847466392,3249.0
scanId=165647,2.76065,738.6031348610877,2669.0
scanId=165647,2.76065,738.6187850955608,2253.0
scanId=165647,2.76065,738.6344355416197,1780.0
scanId=165647,2.76065,738.6500861077135,1230.0
scanId=165647,2.76065,739.5111238682651,1020.0
scanId=165647,2.76065,739.5267837197292,1100.0
scanId=165647,2.76065,740.4353401210974,1013.0
scanId=165647,2.76065,740.4510098005669,1155.0
scanId=165647,2.76065,747.4404610168611,1059.0
scanId=165647,2.76065,760.5805798715207,1087.0
scanId=165647,2.76065,760.5964612455895,1193.0
scanId=165647,2.76065,764.5083214386192,1165.0
scanId=165647,2.76065,764.5242438053109,4063.0
scanId=165647,2.76065,764.5401663003796,8044.0
scanId=165647,2.76065,764.556088998682,12216.0
scanId=165647,2.76065,764.5720118253716,13755.0
scanId=165647,2.76065,764.5879348552845,11701.0
scanId=165647,2.76065,764.6038580135952,8679.0
scanId=165647,2.76065,764.6197813751185,6037.0
scanId=165647,2.76065,764.6357048650505,3885.0
scanId=165647,2.76065,764.6516285581841,2360.0
scanId=165647,2.76065,764.667552379737,1370.0
scanId=165647,2.76065,765.5276859778028,1508.0
scanId=165647,2.76065,765.5436189560313,4078.0
scanId=165647,2.76065,765.559552062973,5833.0
scanId=165647,2.76065,765.5754853728121,5790.0
scanId=165647,2.76065,765.5914188113745,4974.0
scanId=165647,2.76065,765.6073524528243,3859.0
scanId=165647,2.76065,765.6232862230079,2840.0
scanId=165647,2.76065,765.639220196068,2010.0
scanId=165647,2.76065,765.6551542978727,1405.0
scanId=165647,2.76065,766.5477296661063,1826.0
scanId=165647,2.76065,766.5636732558718,2187.0
scanId=165647,2.76065,766.5796169746869,1909.0
scanId=165647,2.76065,766.5955608960628,1502.0
scanId=165647,2.76065,766.6115049464988,1152.0
scanId=165647,2.76065,773.4507885579936,1163.0
scanId=165647,2.76065,773.4668037756333,1099.0
scanId=165647,2.76065,774.4440445259095,1239.0
scanId=165647,2.76065,774.4600700234753,1325.0
scanId=165647,2.76065,774.4760956527113,1307.0
scanId=165647,2.76065,774.4921214818878,1018.0
scanId=165647,2.76065,780.5617554484595,1138.0
scanId=165647,2.76065,780.5778440857373,1547.0
scanId=165647,2.76065,780.593932920914,1643.0
scanId=165647,2.76065,780.610021889813,1272.0
scanId=165647,2.76065,780.6261110566003,1043.0
scanId=165647,2.76065,791.5403181382466,1047.0
scanId=165647,2.76065,805.5020815181911,1105.0
scanId=165647,2.76065,810.7077245436453,1412.0
scanId=165647,2.76065,810.7241209257202,1792.0
scanId=165647,2.76065,810.7405174954665,1957.0
scanId=165647,2.76065,810.7569142091629,1964.0
scanId=165647,2.76065,810.7733111105201,1766.0
scanId=165647,2.76065,810.7897081558382,1477.0
scanId=165647,2.76065,810.8061053888056,1130.0
scanId=165647,2.76065,811.7082079350408,1594.0
scanId=165647,2.76065,811.7246144531033,2643.0
scanId=165647,2.76065,811.7410211154516,2565.0
scanId=165647,2.76065,811.7574279651244,2147.0
scanId=165647,2.76065,811.7738349590949,1470.0
scanId=165647,2.76065,822.6881761111754,2550.0
scanId=165647,2.76065,822.704693203578,4875.0
scanId=165647,2.76065,822.7212104795566,6951.0
scanId=165647,2.76065,822.7377279035809,7696.0
scanId=165647,2.76065,822.7542455111701,7720.0
scanId=165647,2.76065,822.7707632668163,6635.0
scanId=165647,2.76065,822.7872812060159,4859.0
scanId=165647,2.76065,822.8037992932842,3443.0
scanId=165647,2.76065,822.8203175640944,2347.0
scanId=165647,2.76065,822.8368359829843,1475.0
scanId=165647,2.76065,823.6960227097422,1250.0
scanId=165647,2.76065,823.7125499340368,2738.0
scanId=165647,2.76065,823.729077306716,4348.0
scanId=165647,2.76065,823.7456048626209,5129.0
scanId=165647,2.76065,823.7621325669221,5137.0
scanId=165647,2.76065,823.7786604544375,4584.0
scanId=165647,2.76065,823.7951884903604,3504.0
scanId=165647,2.76065,823.8117167094864,2387.0
scanId=165647,2.76065,823.828245077031,1747.0
scanId=165647,2.76065,823.8447736277677,1436.0
scanId=165647,2.76065,823.8613023269342,1214.0
scanId=165647,2.76065,824.7210236189724,1327.0
scanId=165647,2.76065,824.7375611231931,2537.0
scanId=165647,2.76065,824.7540987761491,3268.0
scanId=165647,2.76065,824.7706366119805,3043.0
scanId=165647,2.76065,824.7871745965584,2249.0
scanId=165647,2.76065,824.8037127640004,1657.0
scanId=165647,2.76065,824.8202510801999,1235.0
scanId=165647,2.76065,826.5245866032252,1058.0
scanId=165647,2.76065,827.6507429899837,1335.0
scanId=165647,2.76065,827.6673098256617,2820.0
scanId=165647,2.76065,827.6838768432194,4345.0
scanId=165647,2.76065,827.7004440105196,4731.0
scanId=165647,2.76065,827.7170113596878,3851.0
scanId=165647,2.76065,827.7335788586098,2765.0
scanId=165647,2.76065,827.7501465393885,2088.0
scanId=165647,2.76065,827.7667143699323,1481.0
scanId=165647,2.76065,827.7832823823218,1001.0
scanId=165647,2.76065,828.6782008433544,1390.0
scanId=165647,2.76065,828.69477795931,2323.0
scanId=165647,2.76065,828.7113552567941,2629.0
scanId=165647,2.76065,828.7279327043716,2001.0
scanId=165647,2.76065,828.7445103334663,1357.0
scanId=165647,2.76065,829.7228834592781,1082.0
scanId=165647,2.76065,829.7394710366885,1026.0
scanId=165647,2.76065,836.7375667840408,1701.0
scanId=165647,2.76065,836.7542243312729,2220.0
scanId=165647,2.76065,836.7708820313429,2363.0
scanId=165647,2.76065,836.7875399101854,1912.0
scanId=165647,2.76065,836.8041979418772,1210.0
scanId=165647,2.76065,838.7710105847722,1121.0
scanId=165647,2.76065,838.7876883602461,1218.0
scanId=165647,2.76065,838.8043662892511,1147.0
scanId=165647,2.76065,841.7088514326214,1092.0
scanId=165647,2.76065,843.6145118806738,1014.0
scanId=165647,2.76065,843.6312377396746,1081.0
scanId=165647,2.76065,843.6479637538537,1006.0
scanId=165647,2.76065,844.65182835232,1014.0
scanId=165647,2.76065,844.6685644912469,1095.0
scanId=165647,2.76065,848.7068078592455,1415.0
scanId=165647,2.76065,848.7235841230464,2883.0
scanId=165647,2.76065,848.7403605437531,4132.0
scanId=165647,2.76065,848.7571371391643,4890.0
scanId=165647,2.76065,848.7739138914932,5040.0
scanId=165647,2.76065,848.7906908185149,4584.0
scanId=165647,2.76065,848.8074679024655,3743.0
scanId=165647,2.76065,848.8242451610981,2660.0
scanId=165647,2.76065,848.8410225766704,1834.0
scanId=165647,2.76065,848.8578001669133,1180.0
scanId=165647,2.76065,849.7304631126922,1133.0
scanId=165647,2.76065,849.747249482056,1969.0
scanId=165647,2.76065,849.764036025783,2477.0
scanId=165647,2.76065,849.7808227267684,2370.0
scanId=165647,2.76065,849.7976096021061,2037.0
scanId=165647,2.76065,849.8143966347135,1513.0
scanId=165647,2.76065,849.8311838416616,1075.0
scanId=165647,2.76065,853.6966451507658,1115.0
scanId=165647,2.76065,853.713470651512,1172.0
scanId=165647,2.76065,853.7302963252814,1334.0
scanId=165647,2.76065,853.7471221576496,1215.0
scanId=165647,2.76065,854.6727984840808,1000.0
scanId=165647,2.76065,854.6896336018616,1225.0
scanId=165647,2.76065,854.7064688923363,1449.0
scanId=165647,2.76065,854.7233043417392,1537.0
scanId=165647,2.76065,854.7401399638244,1395.0
scanId=165647,2.76065,854.756975744849,1215.0
scanId=165647,2.76065,854.7738116985449,1041.0
scanId=165647,2.76065,860.710367517269,1008.0
scanId=165647,2.76065,860.7272619953651,1576.0
scanId=165647,2.76065,860.7441566441245,2040.0
scanId=165647,2.76065,860.7610514538425,2206.0
scanId=165647,2.76065,860.7779464342121,1985.0
scanId=165647,2.76065,860.7948415755521,1698.0
scanId=165647,2.76065,860.8117368875323,1421.0
scanId=165647,2.76065,860.828632360494,1030.0
scanId=165647,2.76065,861.7412342557717,1052.0
scanId=165647,2.76065,861.7581388528466,1069.0
scanId=165647,2.76065,865.6844863117138,1038.0
scanId=165647,2.76065,865.7014295382222,1216.0
scanId=165647,2.76065,868.567216922532,1327.0
scanId=165647,2.76065,868.5841883368959,1463.0
scanId=165647,2.76065,868.6011599192974,1631.0
scanId=165647,2.76065,868.6181316652834,1433.0
scanId=165647,2.76065,868.6351035792956,1067.0
scanId=165647,2.76065,869.5518331010695,1113.0
scanId=165647,2.76065,869.5688141324662,1863.0
scanId=165647,2.76065,869.5857953315731,2353.0
scanId=165647,2.76065,869.6027766945917,2373.0
scanId=165647,2.76065,869.6197582253092,1953.0
scanId=165647,2.76065,869.6367399199495,1469.0
scanId=165647,2.76065,869.6537217822777,1158.0
scanId=165647,2.76065,872.7471817569683,1037.0
scanId=165647,2.76065,872.7641939608147,1163.0
scanId=165647,2.76065,872.7812063313112,1019.0
scanId=165647,2.76065,873.7511855061197,1043.0
scanId=165647,2.76065,873.7682074933215,1043.0
scanId=165647,2.76065,874.7557664337091,1019.0
scanId=165647,2.76065,874.7727982032413,1145.0
scanId=165647,2.76065,874.7898301387589,1050.0
scanId=165647,2.76065,875.7609245390316,1174.0
scanId=165647,2.76065,875.7779660912546,1056.0
scanId=165647,2.76065,878.7627911881796,1349.0
scanId=165647,2.76065,878.7798619221293,1730.0
scanId=165647,2.76065,878.7969328230292,2149.0
scanId=165647,2.76065,878.8140038885892,2016.0
scanId=165647,2.76065,878.8310751211113,1517.0
scanId=165647,2.76065,878.8481465182817,1075.0
scanId=165647,2.76065,879.7531678711224,1041.0
scanId=165647,2.76065,879.7702482217773,1350.0
scanId=165647,2.76065,879.787328739708,1364.0
scanId=165647,2.76065,879.8044094219732,1228.0
scanId=165647,2.76065,879.8214902715258,1048.0
scanId=165647,2.76065,896.7438879070161,1155.0
scanId=165647,2.76065,896.7611324048821,1061.0
scanId=165647,2.76065,898.7280924303245,1445.0
scanId=165647,2.76065,898.7453560033994,2501.0
scanId=165647,2.76065,898.7626197346759,3654.0
scanId=165647,2.76065,898.7798836393724,4744.0
scanId=165647,2.76065,898.7971477022595,4629.0
scanId=165647,2.76065,898.8144119385773,3798.0
scanId=165647,2.76065,898.8316763330752,2610.0
scanId=165647,2.76065,898.8489409010144,1806.0
scanId=165647,2.76065,898.8662056271226,1222.0
scanId=165647,2.76065,899.7469267188266,1050.0
scanId=165647,2.76065,899.7642000668085,1614.0
scanId=165647,2.76065,899.7814735885289,1656.0
scanId=165647,2.76065,899.7987472681214,1584.0
scanId=165647,2.76065,899.816021121463,1516.0
scanId=165647,2.76065,899.8332951326662,1239.0
scanId=165647,2.76065,900.7490552123954,1181.0
scanId=165647,2.76065,900.7663381770826,1910.0
scanId=165647,2.76065,900.7836213158265,2429.0
scanId=165647,2.76065,900.8009046121242,2609.0
scanId=165647,2.76065,900.8181880824894,2138.0
scanId=165647,2.76065,900.8354717103979,1480.0
scanId=165647,2.76065,900.8527555123845,1083.0
scanId=165647,2.76065,901.7690340654863,1445.0
scanId=165647,2.76065,901.7863268212532,2277.0
scanId=165647,2.76065,901.8036197342561,2436.0
scanId=165647,2.76065,901.8209128216445,1919.0
scanId=165647,2.76065,901.8382060662582,1291.0
scanId=165647,2.76065,903.6895417422957,1267.0
scanId=165647,2.76065,903.7068528938779,2087.0
scanId=165647,2.76065,903.7241642204466,2448.0
scanId=165647,2.76065,903.7414757036391,2532.0
scanId=165647,2.76065,903.7587873618296,1989.0
scanId=165647,2.76065,903.7760991766328,1365.0
scanId=165647,2.76065,903.7934111664443,1078.0
scanId=165647,2.76065,903.8107233128582,1044.0
scanId=165647,2.76065,904.6938628808538,1266.0
scanId=165647,2.76065,904.7111836491414,1579.0
scanId=165647,2.76065,904.728504592732,1876.0
scanId=165647,2.76065,904.7458256926299,1789.0
scanId=165647,2.76065,904.763146967842,1666.0
scanId=165647,2.76065,904.7804683993504,1565.0
scanId=165647,2.76065,904.7977900061838,1717.0
scanId=165647,2.76065,904.8151117693029,1739.0
scanId=165647,2.76065,904.8324337077579,1618.0
scanId=165647,2.76065,904.8497558024876,1499.0
scanId=165647,2.76065,904.8670780725638,1243.0
scanId=165647,2.76065,956.5826110591474,1592.0
scanId=165647,2.76065,956.6004216161843,2236.0
scanId=165647,2.76065,956.6182323638834,1956.0
scanId=165647,2.76065,956.6360432525308,1644.0
scanId=165647,2.76065,956.6538543318499,1252.0
scanId=165647,2.76065,957.615898168199,1070.0
scanId=165647,2.76065,957.6337183419413,1104.0
scanId=165647,2.76065,961.5403334638838,1182.0
scanId=165647,2.76065,961.5581901147843,1949.0
scanId=165647,2.76065,961.5760469576954,2477.0
scanId=165647,2.76065,961.5939039402065,2318.0
scanId=165647,2.76065,961.6117611147379,1910.0
scanId=165647,2.76065,961.6296184288592,1685.0
scanId=165647,2.76065,961.647475935011,1372.0
scanId=165647,2.76065,961.6653335807429,1019.0
scanId=165647,2.76065,962.5584279278025,1386.0
scanId=165647,2.76065,962.5762940560779,1767.0
scanId=165647,2.76065,962.5941603236837,1938.0
scanId=165647,2.76065,962.6120267835792,1766.0
scanId=165647,2.76065,962.6298933827956,1526.0
scanId=165647,2.76065,962.6477601743111,1188.0
scanId=165647,2.76065,987.5161983482183,1260.0
scanId=165647,2.76065,987.5342946205959,3837.0
scanId=165647,2.76065,987.5523910259078,8878.0
scanId=165647,2.76065,987.5704876299051,18668.0
scanId=165647,2.76065,987.5885843668275,30180.0
scanId=165647,2.76065,987.6066813024439,35640.0
scanId=165647,2.76065,987.6247783709769,32882.0
scanId=165647,2.76065,987.6428756382126,26010.0
scanId=165647,2.76065,987.6609730383562,19270.0
scanId=165647,2.76065,987.6790706372111,13516.0
scanId=165647,2.76065,987.6971683689651,8732.0
scanId=165647,2.76065,987.7152662994397,5808.0
scanId=165647,2.76065,987.7333643628042,4133.0
scanId=165647,2.76065,987.7514626248978,2907.0
scanId=165647,2.76065,987.7695610198731,2126.0
scanId=165647,2.76065,987.787659613586,1571.0
scanId=165647,2.76065,987.8057583401718,1120.0
scanId=165647,2.76065,988.5298440244115,1763.0
scanId=165647,2.76065,988.54794958213,4435.0
scanId=165647,2.76065,988.5660552725368,9443.0
scanId=165647,2.76065,988.5841611618745,16530.0
scanId=165647,2.76065,988.6022671838916,22471.0
scanId=165647,2.76065,988.6203734048488,23991.0
scanId=165647,2.76065,988.6384797584766,21145.0
scanId=165647,2.76065,988.6565863110532,16136.0
scanId=165647,2.76065,988.6746929962914,11083.0
scanId=165647,2.76065,988.6927998804869,7313.0
scanId=165647,2.76065,988.7109068973358,4927.0
scanId=165647,2.76065,988.7290141131507,3301.0
scanId=165647,2.76065,988.74712146161,2253.0
scanId=165647,2.76065,988.7652290090443,1656.0
scanId=165647,2.76065,988.7833366891142,1268.0
scanId=165647,2.76065,988.8014445681677,1194.0
scanId=165647,2.76065,988.8195525798482,1157.0
scanId=165647,2.76065,988.8376607905209,1109.0
scanId=165647,2.76065,989.5440096727856,1674.0
scanId=165647,2.76065,989.562124515844,3617.0
scanId=165647,2.76065,989.5802394913454,6834.0
scanId=165647,2.76065,989.5983546660228,8933.0
scanId=165647,2.76065,989.616469973135,8943.0
scanId=165647,2.76065,989.6345854794316,7860.0
scanId=165647,2.76065,989.6527011181541,6143.0
scanId=165647,2.76065,989.6708169560702,4768.0
scanId=165647,2.76065,989.6889329264033,3424.0
scanId=165647,2.76065,989.7070490959385,2579.0
scanId=165647,2.76065,989.7251653978822,2025.0
scanId=165647,2.76065,989.7432818990367,1541.0
scanId=165647,2.76065,989.761398532591,1158.0
scanId=165647,2.76065,990.5768194217097,1305.0
scanId=165647,2.76065,990.5949436823059,1314.0
scanId=165647,2.76065,990.6130681423222,1096.0
scanId=165647,2.76065,990.6311927345289,1186.0
scanId=165647,2.76065,990.6493175261643,1304.0
scanId=165647,2.76065,990.6674424499818,1136.0
scanId=165647,2.76065,990.6855675732363,1090.0
scanId=165647,2.76065,1014.5718366210103,1090.0
scanId=165647,2.76065,1014.5901790813338,1021.0
scanId=165647,2.76065,1015.5992708353067,1216.0
scanId=165647,2.76065,1015.617622580725,1381.0
scanId=165647,2.76065,1015.6359745312061,1251.0
scanId=165647,2.76065,1019.5854896874683,1797.0
scanId=165647,2.76065,1019.6038774527134,2147.0
scanId=165647,2.76065,1019.6222653436791,2001.0
scanId=165647,2.76065,1019.6406534405421,1696.0
scanId=165647,2.76065,1019.6590416631187,1543.0
scanId=165647,2.76065,1019.6774300915997,1315.0
scanId=165647,2.76065,1019.6958186457866,1069.0
scanId=165647,2.76065,1041.547037910721,1016.0
scanId=165647,2.76065,1041.5656226568358,1572.0
scanId=165647,2.76065,1041.5842075244557,2092.0
scanId=165647,2.76065,1041.6027926021875,2388.0
scanId=165647,2.76065,1041.6213778014173,2671.0
scanId=165647,2.76065,1041.6399632107666,2534.0
scanId=165647,2.76065,1041.6585487416069,2012.0
scanId=165647,2.76065,1041.6771344825736,1457.0
scanId=165647,2.76065,1042.5694439742297,1198.0
scanId=165647,2.76065,1042.588037795333,1822.0
scanId=165647,2.76065,1042.6066318267276,2463.0
scanId=165647,2.76065,1042.625225979442,3041.0
scanId=165647,2.76065,1042.6438203424527,2882.0
scanId=165647,2.76065,1042.6624148267774,2144.0
scanId=165647,2.76065,1042.6810095214057,1410.0
scanId=165647,2.76065,1043.6109545441989,1229.0
scanId=165647,2.76065,1043.6295576503976,1356.0
scanId=165647,2.76065,1043.6481609670695,1303.0
scanId=165647,2.76065,1043.6667644048784,1237.0
scanId=165647,2.76065,1045.639671470968,1006.0
scanId=165647,2.76065,1046.6268236538635,1536.0
scanId=165647,2.76065,1046.6454536205147,1949.0
scanId=165647,2.76065,1046.664083798161,2285.0
scanId=165647,2.76065,1046.6827140964226,2227.0
scanId=165647,2.76065,1046.701344605686,1887.0
scanId=165647,2.76065,1046.7199752355586,1327.0
scanId=165647,2.76065,1047.6144415430356,1113.0
scanId=165647,2.76065,1047.6330803427206,1861.0
scanId=165647,2.76065,1047.6517192628564,2382.0
scanId=165647,2.76065,1047.6703583941585,2381.0
scanId=165647,2.76065,1047.6889976459045,2416.0
scanId=165647,2.76065,1047.7076371088233,2115.0
scanId=165647,2.76065,1047.7262766921797,1646.0
scanId=165647,2.76065,1047.7449164867153,1181.0
scanId=165647,2.76065,1060.6646408938825,1310.0
scanId=165647,2.76065,1060.6833954277413,2363.0
scanId=165647,2.76065,1060.702150079951,3313.0
scanId=165647,2.76065,1060.7209049454254,3363.0
scanId=165647,2.76065,1060.7396599292456,2328.0
scanId=165647,2.76065,1060.7584151263363,1462.0
scanId=165647,2.76065,1061.6588584362205,1613.0
scanId=165647,2.76065,1061.6776217103036,2445.0
scanId=165647,2.76065,1061.6963851977994,2513.0
scanId=165647,2.76065,1061.715148803493,2404.0
scanId=165647,2.76065,1061.7339126226057,2209.0
scanId=165647,2.76065,1061.75267655991,1850.0
scanId=165647,2.76065,1061.771440710638,1373.0
scanId=165647,2.76065,1062.6910860189912,1035.0
scanId=165647,2.76065,1062.7098584601229,1425.0
scanId=165647,2.76065,1062.728631019301,1436.0
scanId=165647,2.76065,1062.7474037920485,1068.0
scanId=165647,2.76065,1073.2861880607943,1024.0
scanId=165647,2.76065,1074.26742777131,1047.0
scanId=165647,2.76065,1074.28630213492,1135.0
scanId=165647,2.76065,1074.305176713728,1112.0
scanId=165647,2.76065,1117.635548212001,1545.0
scanId=165647,2.76065,1117.6547998363446,2336.0
scanId=165647,2.76065,1117.6740515727358,2510.0
scanId=165647,2.76065,1117.6933035286925,2205.0
scanId=165647,2.76065,1117.7125555966938,1928.0
scanId=165647,2.76065,1117.7318078842636,1562.0
scanId=165647,2.76065,1117.7510602838754,1024.0
scanId=165647,2.76065,1118.6561113850703,1142.0
scanId=165647,2.76065,1118.6753717433348,1594.0
scanId=165647,2.76065,1118.6946323212326,2016.0
scanId=165647,2.76065,1118.7138930111075,1982.0
scanId=165647,2.76065,1118.7331539206182,1583.0
scanId=165647,2.76065,1118.7524149421042,1150.0
scanId=165647,2.76065,1125.6585251206345,1146.0
scanId=165647,2.76065,1125.677845720464,1349.0
scanId=165647,2.76065,1125.6971664318444,1273.0
scanId=165647,2.76065,1125.7164873632858,1092.0
scanId=165647,2.76065,1126.6634147596137,1269.0
scanId=165647,2.76065,1126.682743981371,1687.0
scanId=165647,2.76065,1126.7020733146253,1986.0
scanId=165647,2.76065,1126.7214028679953,1475.0
scanId=165647,2.76065,1203.2879247708643,1106.0
scanId=165647,2.76065,1203.3079004130377,1321.0
scanId=165647,2.76065,1203.3278762747498,1247.0
scanId=165647,2.76065,1276.3155910733994,1085.0
scanId=165647,2.76065,1276.3361639461334,1901.0
scanId=165647,2.76065,1276.3567370288908,2448.0
scanId=165647,2.76065,1276.3773102332348,2289.0
scanId=165647,2.76065,1276.3978836475949,1520.0
scanId=165647,2.76065,1277.2826963424109,1089.0
scanId=165647,2.76065,1277.30327705203,1572.0
scanId=165647,2.76065,1277.323857883416,1872.0
scanId=165647,2.76065,1277.3444389246374,1968.0
scanId=165647,2.76065,1277.3650200876345,2286.0
scanId=165647,2.76065,1277.3856014604587,2240.0
scanId=165647,2.76065,1277.406182955066,1729.0
scanId=165647,2.76065,1277.4267646594924,1147.0
scanId=165647,2.76065,1278.2913450414421,1566.0
scanId=165647,2.76065,1278.311933831481,2541.0
scanId=165647,2.76065,1278.3325228311646,3275.0
scanId=165647,2.76065,1278.353111952814,3112.0
scanId=165647,2.76065,1278.3737012841007,3072.0
scanId=165647,2.76065,1278.394290737361,2788.0
scanId=165647,2.76065,1278.4148804002498,1992.0
scanId=165647,2.76065,1278.4354701851203,1239.0
scanId=165647,2.76065,1279.2797950415963,1590.0
scanId=165647,2.76065,1279.3003917902884,2947.0
scanId=165647,2.76065,1279.320988748433,3499.0
scanId=165647,2.76065,1279.3415858287349,3405.0
scanId=165647,2.76065,1279.3621831184819,3175.0
scanId=165647,2.76065,1279.3827805303945,2889.0
scanId=165647,2.76065,1279.403378151744,2401.0
scanId=165647,2.76065,1279.4239758952674,1656.0
scanId=165647,2.76065,1280.3304417153563,1200.0
scanId=165647,2.76065,1280.3510469635623,1383.0
scanId=165647,2.76065,1280.3716523341277,1431.0
scanId=165647,2.76065,1280.3922579139362,1059.0
scanId=165647,2.76065,1281.3196796126385,1018.0
scanId=165647,2.76065,1281.340292819302,1247.0
scanId=165647,2.76065,1281.3609061485204,1263.0
scanId=165647,2.76065,1281.3815196867863,1044.0
scanId=165647,2.76065,1320.3653186843667,1014.0
scanId=165647,2.76065,1342.8919854130625,1096.0
scanId=165647,2.76065,1342.9130880616597,1084.0
scanId=165647,2.76065,1516.4349418117292,1003.0
scanId=165647,2.76065,1517.4217867949485,1081.0
scanId=165647,2.76065,1517.444218798916,1051.0
scanId=165647,2.76065,1521.911491320763,1804.0
scanId=165647,2.76065,1521.9339564835284,1920.0
scanId=165647,2.76065,1521.956421857544,1769.0
scanId=165647,2.76065,1521.9788873518978,1802.0
scanId=165647,2.76065,1522.001353057524,1568.0
scanId=165647,2.76065,1522.0238188834655,1097.0
scanId=166645,2.777283333333,165.08457818992196,1269.0
scanId=166645,2.777283333333,165.0919771712177,1335.0
scanId=166645,2.777283333333,165.09937641681282,1023.0
scanId=166645,2.777283333333,189.0871359689179,1339.0
scanId=166645,2.777283333333,244.0964322204038,1003.0
scanId=166645,2.777283333333,248.11649242936642,1398.0
scanId=166645,2.777283333333,248.1255632676533,1968.0
scanId=166645,2.777283333333,248.13463422923016,1841.0
scanId=166645,2.777283333333,248.14370539911383,1218.0
scanId=166645,2.777283333333,262.09554256576735,1207.0
scanId=166645,2.777283333333,262.1048654175388,1434.0
scanId=166645,2.777283333333,262.1141884031169,1461.0
scanId=166645,2.777283333333,262.123511586485,1153.0
scanId=166645,2.777283333333,273.1451974230885,1019.0
scanId=166645,2.777283333333,273.15471473243576,1430.0
scanId=166645,2.777283333333,273.16423223135126,1293.0
scanId=166645,2.777283333333,273.17374987230903,1074.0
scanId=166645,2.777283333333,290.1229042156162,1902.0
scanId=166645,2.777283333333,290.132712856216,2617.0
scanId=166645,2.777283333333,290.1425216512173,2183.0
scanId=166645,2.777283333333,290.15233062341366,1349.0
scanId=166645,2.777283333333,292.1371412897361,1746.0
scanId=166645,2.777283333333,292.1469839090111,2414.0
scanId=166645,2.777283333333,292.1568267040502,2108.0
scanId=166645,2.777283333333,292.16666965493573,1477.0
scanId=166645,2.777283333333,292.1765127815714,1082.0
scanId=166645,2.777283333333,294.13859344295327,1077.0
scanId=166645,2.777283333333,294.1484697292405,2517.0
scanId=166645,2.777283333333,294.1583461727894,4413.0
scanId=166645,2.777283333333,294.1682227906732,4392.0
scanId=166645,2.777283333333,294.17809956583255,3422.0
scanId=166645,2.777283333333,294.18797651531276,2520.0
scanId=166645,2.777283333333,294.1978536220828,1761.0
scanId=166645,2.777283333333,294.20773090315953,1242.0
scanId=166645,2.777283333333,320.1710087067571,1090.0
scanId=166645,2.777283333333,368.4054846683426,1741.0
scanId=166645,2.777283333333,368.41653766604406,2540.0
scanId=166645,2.777283333333,368.4275907918437,2704.0
scanId=166645,2.777283333333,368.43864412115585,2357.0
scanId=166645,2.777283333333,368.44969757855444,1656.0
scanId=166645,2.777283333333,391.19588074331597,1171.0
scanId=166645,2.777283333333,391.2072704427044,1239.0
scanId=166645,2.777283333333,494.2662843147362,1069.0
scanId=166645,2.777283333333,494.27908688958235,2714.0
scanId=166645,2.777283333333,494.2918895514093,5546.0
scanId=166645,2.777283333333,494.30469245786617,8817.0
scanId=166645,2.777283333333,494.31749545130026,9349.0
scanId=166645,2.777283333333,494.3302986893676,7617.0
scanId=166645,2.777283333333,494.3431020144088,5403.0
scanId=166645,2.777283333333,494.35590558408654,3800.0
scanId=166645,2.777283333333,494.368709240735,2726.0
scanId=166645,2.777283333333,494.3815131420232,1941.0
scanId=166645,2.777283333333,494.3943171302785,1296.0
scanId=166645,2.777283333333,494.7785150595488,1864.0
scanId=166645,2.777283333333,494.79132426660567,4850.0
scanId=166645,2.777283333333,494.80413356057454,7449.0
scanId=166645,2.777283333333,494.81694309924177,7519.0
scanId=166645,2.777283333333,494.829752724818,6481.0
scanId=166645,2.777283333333,494.8425625950957,4941.0
scanId=166645,2.777283333333,494.8553725522789,3429.0
scanId=166645,2.777283333333,494.8681827541673,2344.0
scanId=166645,2.777283333333,494.88099304295764,1528.0
scanId=166645,2.777283333333,495.29101109141766,1431.0
scanId=166645,2.777283333333,495.3038269306849,2044.0
scanId=166645,2.777283333333,495.3166428567965,1856.0
scanId=166645,2.777283333333,495.32945902767443,1481.0
scanId=166645,2.777283333333,495.3422752853931,1067.0
scanId=166645,2.777283333333,521.30664463209,1344.0
scanId=166645,2.777283333333,521.3197927451062,1468.0
scanId=166645,2.777283333333,521.3329409424902,1222.0
scanId=166645,2.777283333333,550.6064443088574,1271.0
scanId=166645,2.777283333333,550.6199568618437,1444.0
scanId=166645,2.777283333333,550.6334694985801,1137.0
scanId=166645,2.777283333333,551.3363572221187,1169.0
scanId=166645,2.777283333333,551.3498787285891,1262.0
scanId=166645,2.777283333333,551.3634003188224,1056.0
scanId=166645,2.777283333333,563.3403763944605,1065.0
scanId=166645,2.777283333333,563.3540442253243,1008.0
scanId=166645,2.777283333333,563.8325242328559,1311.0
scanId=166645,2.777283333333,563.8461980327326,1342.0
scanId=166645,2.777283333333,604.3393457607261,2820.0
scanId=166645,2.777283333333,604.3535023013575,6478.0
scanId=166645,2.777283333333,604.3676589299223,9501.0
scanId=166645,2.777283333333,604.3818158021639,9399.0
scanId=166645,2.777283333333,604.3959727623434,7755.0
scanId=166645,2.777283333333,604.4101299661955,6027.0
scanId=166645,2.777283333333,604.4242872579892,4314.0
scanId=166645,2.777283333333,604.438444793452,2875.0
scanId=166645,2.777283333333,604.4526024168598,1931.0
scanId=166645,2.777283333333,604.4667602839332,1379.0
scanId=166645,2.777283333333,605.3590376834766,2245.0
scanId=166645,2.777283333333,605.3732061620868,3506.0
scanId=166645,2.777283333333,605.3873747287697,3910.0
scanId=166645,2.777283333333,605.4015435389904,3567.0
scanId=166645,2.777283333333,605.4157124372877,2790.0
scanId=166645,2.777283333333,605.4298815791188,1956.0
scanId=166645,2.777283333333,605.4440508090307,1498.0
scanId=166645,2.777283333333,605.4582202824726,1097.0
scanId=166645,2.777283333333,606.3937695623453,1019.0
scanId=166645,2.777283333333,609.2900336409218,1361.0
scanId=166645,2.777283333333,609.3042479704104,3528.0
scanId=166645,2.777283333333,609.3184625428839,6836.0
scanId=166645,2.777283333333,609.3326772039871,9052.0
scanId=166645,2.777283333333,609.3468921080712,8195.0
scanId=166645,2.777283333333,609.3611071007888,5973.0
scanId=166645,2.777283333333,609.3753223364835,4112.0
scanId=166645,2.777283333333,609.3895376608159,2801.0
scanId=166645,2.777283333333,609.403753228121,1841.0
scanId=166645,2.777283333333,609.4179688840682,1253.0
scanId=166645,2.777283333333,610.313891943427,1846.0
scanId=166645,2.777283333333,610.3281182110438,2627.0
scanId=166645,2.777283333333,610.3423447214964,3150.0
scanId=166645,2.777283333333,610.356571320728,3065.0
scanId=166645,2.777283333333,610.3707981627911,2674.0
scanId=166645,2.777283333333,610.3850250936372,1891.0
scanId=166645,2.777283333333,610.3992522673109,1223.0
scanId=166645,2.777283333333,623.314030147332,1586.0
scanId=166645,2.777283333333,623.3284072089641,1695.0
scanId=166645,2.777283333333,623.3427843614415,1265.0
scanId=166645,2.777283333333,625.3140267918673,1270.0
scanId=166645,2.777283333333,625.3284268258142,1194.0
scanId=166645,2.777283333333,646.397595253147,1200.0
scanId=166645,2.777283333333,646.4122360403966,1067.0
scanId=166645,2.777283333333,660.4255137216513,1228.0
scanId=166645,2.777283333333,660.4403125918748,1288.0
scanId=166645,2.777283333333,660.4551115604432,1083.0
scanId=166645,2.777283333333,663.3885805791531,2401.0
scanId=166645,2.777283333333,663.4034126104293,6498.0
scanId=166645,2.777283333333,663.4182447407413,12392.0
scanId=166645,2.777283333333,663.4330771036281,17856.0
scanId=166645,2.777283333333,663.4479095655576,19305.0
scanId=166645,2.777283333333,663.462742260055,17046.0
scanId=166645,2.777283333333,663.4775750536019,12732.0
scanId=166645,2.777283333333,663.4924080797097,8819.0
scanId=166645,2.777283333333,663.5072412048743,5894.0
scanId=166645,2.777283333333,663.5220745625926,3936.0
scanId=166645,2.777283333333,663.5369080193746,2691.0
scanId=166645,2.777283333333,663.5517417087036,1864.0
scanId=166645,2.777283333333,663.566575497103,1412.0
scanId=166645,2.777283333333,664.3975341440878,1303.0
scanId=166645,2.777283333333,664.4123774501221,4041.0
scanId=166645,2.777283333333,664.4272208554299,6536.0
scanId=166645,2.777283333333,664.4420644930748,7870.0
scanId=166645,2.777283333333,664.4569082300002,8227.0
scanId=166645,2.777283333333,664.4717521992554,7683.0
scanId=166645,2.777283333333,664.4865962677985,5811.0
scanId=166645,2.777283333333,664.5014405686643,4169.0
scanId=166645,2.777283333333,664.5162849688248,3110.0
scanId=166645,2.777283333333,664.5311296013012,2086.0
scanId=166645,2.777283333333,664.5459743330792,1307.0
scanId=166645,2.777283333333,665.4221089814732,1009.0
scanId=166645,2.777283333333,665.4369636617787,1384.0
scanId=166645,2.777283333333,665.4518185741814,1478.0
scanId=166645,2.777283333333,665.4666735861043,1469.0
scanId=166645,2.777283333333,665.4815288301177,1305.0
scanId=166645,2.777283333333,680.4647901671929,1091.0
scanId=166645,2.777283333333,680.4798118796912,1193.0
scanId=166645,2.777283333333,681.5016751861499,1007.0
scanId=166645,2.777283333333,685.4007935164914,1784.0
scanId=166645,2.777283333333,685.4158696131161,2145.0
scanId=166645,2.777283333333,685.4309458142773,2164.0
scanId=166645,2.777283333333,685.4460222425125,1619.0
scanId=166645,2.777283333333,685.4610987752919,1234.0
scanId=166645,2.777283333333,686.4414310840745,1132.0
scanId=166645,2.777283333333,686.4565185602646,1187.0
scanId=166645,2.777283333333,686.471606263258,1046.0
scanId=166645,2.777283333333,722.4475780194828,1123.0
scanId=166645,2.777283333333,722.4630561431144,1826.0
scanId=166645,2.777283333333,722.4785344833093,2332.0
scanId=166645,2.777283333333,722.4940129385607,2229.0
scanId=166645,2.777283333333,722.5094916103661,1917.0
scanId=166645,2.777283333333,722.5249703972373,1410.0
scanId=166645,2.777283333333,723.5004698618403,1512.0
scanId=166645,2.777283333333,723.5159592605478,1728.0
scanId=166645,2.777283333333,723.5314488755009,1550.0
scanId=166645,2.777283333333,723.5469386058282,1147.0
scanId=166645,2.777283333333,736.4762445245176,3243.0
scanId=166645,2.777283333333,736.4918722088086,10205.0
scanId=166645,2.777283333333,736.5075001053515,21873.0
scanId=166645,2.777283333333,736.5231281212626,32156.0
scanId=166645,2.777283333333,736.5387563494161,35256.0
scanId=166645,2.777283333333,736.5543846969474,31707.0
scanId=166645,2.777283333333,736.5700132567116,25616.0
scanId=166645,2.777283333333,736.5856419358632,19442.0
scanId=166645,2.777283333333,736.6012708272378,13915.0
scanId=166645,2.777283333333,736.6168998380098,9924.0
scanId=166645,2.777283333333,736.6325290609949,6755.0
scanId=166645,2.777283333333,736.6481584033871,4519.0
scanId=166645,2.777283333333,736.6637879579829,3210.0
scanId=166645,2.777283333333,736.6794176319954,2318.0
scanId=166645,2.777283333333,736.6950475182018,1752.0
scanId=166645,2.777283333333,736.7106775238345,1272.0
scanId=166645,2.777283333333,737.4767520736943,2348.0
scanId=166645,2.777283333333,737.4923903698352,5447.0
scanId=166645,2.777283333333,737.5080288779151,9615.0
scanId=166645,2.777283333333,737.5236675056763,14054.0
scanId=166645,2.777283333333,737.5393063453666,16706.0
scanId=166645,2.777283333333,737.554945304748,15389.0
scanId=166645,2.777283333333,737.5705844760491,12605.0
scanId=166645,2.777283333333,737.586223767051,9807.0
scanId=166645,2.777283333333,737.6018632699626,7318.0
scanId=166645,2.777283333333,737.6175028925846,5237.0
scanId=166645,2.777283333333,737.6331427271066,3750.0
scanId=166645,2.777283333333,737.6487826813493,2506.0
scanId=166645,2.777283333333,737.6644228474818,1592.0
scanId=166645,2.777283333333,737.6800631333443,1116.0
scanId=166645,2.777283333333,738.4779387712679,1426.0
scanId=166645,2.777283333333,738.4935876792596,2513.0
scanId=166645,2.777283333333,738.5092367988764,3666.0
scanId=166645,2.777283333333,738.5248860384886,4649.0
scanId=166645,2.777283333333,738.5405354897159,6062.0
scanId=166645,2.777283333333,738.5561850609486,6122.0
scanId=166645,2.777283333333,738.5718348437864,4923.0
scanId=166645,2.777283333333,738.5874847466392,3923.0
scanId=166645,2.777283333333,738.6031348610877,3318.0
scanId=166645,2.777283333333,738.6187850955608,2557.0
scanId=166645,2.777283333333,738.6344355416197,1791.0
scanId=166645,2.777283333333,738.6500861077135,1273.0
scanId=166645,2.777283333333,739.5267837197292,1262.0
scanId=166645,2.777283333333,739.5424437824934,1382.0
scanId=166645,2.777283333333,739.558103965578,1171.0
scanId=166645,2.777283333333,747.4404610168611,1271.0
scanId=166645,2.777283333333,747.4562046454784,1216.0
scanId=166645,2.777283333333,764.5083214386192,1604.0
scanId=166645,2.777283333333,764.5242438053109,3866.0
scanId=166645,2.777283333333,764.5401663003796,6361.0
scanId=166645,2.777283333333,764.556088998682,8044.0
scanId=166645,2.777283333333,764.5720118253716,8043.0
scanId=166645,2.777283333333,764.5879348552845,6852.0
scanId=166645,2.777283333333,764.6038580135952,5096.0
scanId=166645,2.777283333333,764.6197813751185,3625.0
scanId=166645,2.777283333333,764.6357048650505,2534.0
scanId=166645,2.777283333333,764.6516285581841,1646.0
scanId=166645,2.777283333333,764.667552379737,1019.0
scanId=166645,2.777283333333,765.5117532024824,1260.0
scanId=166645,2.777283333333,765.5276859778028,2713.0
scanId=166645,2.777283333333,765.5436189560313,3994.0
scanId=166645,2.777283333333,765.559552062973,4648.0
scanId=166645,2.777283333333,765.5754853728121,4362.0
scanId=166645,2.777283333333,765.5914188113745,3797.0
scanId=166645,2.777283333333,765.6073524528243,2985.0
scanId=166645,2.777283333333,765.6232862230079,2170.0
scanId=166645,2.777283333333,765.639220196068,1525.0
scanId=166645,2.777283333333,766.5477296661063,1141.0
scanId=166645,2.777283333333,766.5636732558718,1371.0
scanId=166645,2.777283333333,766.5796169746869,1618.0
scanId=166645,2.777283333333,766.5955608960628,1761.0
scanId=166645,2.777283333333,766.6115049464988,1368.0
scanId=166645,2.777283333333,773.4347735406363,1009.0
scanId=166645,2.777283333333,791.556519526806,1085.0
scanId=166645,2.777283333333,791.5727211095623,1099.0
scanId=166645,2.777283333333,791.5889228297432,1040.0
scanId=166645,2.777283333333,810.7077245436453,1520.0
scanId=166645,2.777283333333,810.7241209257202,2357.0
scanId=166645,2.777283333333,810.7405174954665,2495.0
scanId=166645,2.777283333333,810.7569142091629,2428.0
scanId=166645,2.777283333333,810.7733111105201,2164.0
scanId=166645,2.777283333333,810.7897081558382,1732.0
scanId=166645,2.777283333333,810.8061053888056,1166.0
scanId=166645,2.777283333333,811.7410211154516,1056.0
scanId=166645,2.777283333333,822.6881761111754,1641.0
scanId=166645,2.777283333333,822.704693203578,3586.0
scanId=166645,2.777283333333,822.7212104795566,6355.0
scanId=166645,2.777283333333,822.7377279035809,8193.0
scanId=166645,2.777283333333,822.7542455111701,8304.0
scanId=166645,2.777283333333,822.7707632668163,6934.0
scanId=166645,2.777283333333,822.7872812060159,5092.0
scanId=166645,2.777283333333,822.8037992932842,3598.0
scanId=166645,2.777283333333,822.8203175640944,2358.0
scanId=166645,2.777283333333,822.8368359829843,1485.0
scanId=166645,2.777283333333,823.6960227097422,1549.0
scanId=166645,2.777283333333,823.7125499340368,3078.0
scanId=166645,2.777283333333,823.729077306716,4129.0
scanId=166645,2.777283333333,823.7456048626209,5330.0
scanId=166645,2.777283333333,823.7621325669221,5875.0
scanId=166645,2.777283333333,823.7786604544375,5080.0
scanId=166645,2.777283333333,823.7951884903604,3776.0
scanId=166645,2.777283333333,823.8117167094864,2503.0
scanId=166645,2.777283333333,823.828245077031,1696.0
scanId=166645,2.777283333333,823.8447736277677,1178.0
scanId=166645,2.777283333333,824.7375611231931,1559.0
scanId=166645,2.777283333333,824.7540987761491,1905.0
scanId=166645,2.777283333333,824.7706366119805,1869.0
scanId=166645,2.777283333333,824.7871745965584,1941.0
scanId=166645,2.777283333333,824.8037127640004,1848.0
scanId=166645,2.777283333333,824.8202510801999,1368.0
scanId=166645,2.777283333333,824.8367895792522,1012.0
scanId=166645,2.777283333333,825.9948959494646,1485.0
scanId=166645,2.777283333333,826.0114462040505,2197.0
scanId=166645,2.777283333333,826.0279966410818,2728.0
scanId=166645,2.777283333333,826.0445472272897,2694.0
scanId=166645,2.777283333333,826.0610979959315,2074.0
scanId=166645,2.777283333333,826.077648913761,1301.0
scanId=166645,2.777283333333,826.5245866032252,1011.0
scanId=166645,2.777283333333,826.5411421637606,1168.0
scanId=166645,2.777283333333,826.5576979065603,1047.0
scanId=166645,2.777283333333,827.6507429899837,1233.0
scanId=166645,2.777283333333,827.6673098256617,2222.0
scanId=166645,2.777283333333,827.6838768432194,2773.0
scanId=166645,2.777283333333,827.7004440105196,3235.0
scanId=166645,2.777283333333,827.7170113596878,3026.0
scanId=166645,2.777283333333,827.7335788586098,2476.0
scanId=166645,2.777283333333,827.7501465393885,2132.0
scanId=166645,2.777283333333,827.7667143699323,1702.0
scanId=166645,2.777283333333,827.7832823823218,1216.0
scanId=166645,2.777283333333,836.7209094155927,1035.0
scanId=166645,2.777283333333,836.7375667840408,1415.0
scanId=166645,2.777283333333,836.7542243312729,1900.0
scanId=166645,2.777283333333,836.7708820313429,2033.0
scanId=166645,2.777283333333,836.7875399101854,1433.0
scanId=166645,2.777283333333,848.7068078592455,1534.0
scanId=166645,2.777283333333,848.7235841230464,2734.0
scanId=166645,2.777283333333,848.7403605437531,3609.0
scanId=166645,2.777283333333,848.7571371391643,3748.0
scanId=166645,2.777283333333,848.7739138914932,3270.0
scanId=166645,2.777283333333,848.7906908185149,2743.0
scanId=166645,2.777283333333,848.8074679024655,2081.0
scanId=166645,2.777283333333,848.8242451610981,1425.0
scanId=166645,2.777283333333,849.7136769005757,1237.0
scanId=166645,2.777283333333,849.7304631126922,1744.0
scanId=166645,2.777283333333,849.747249482056,2029.0
scanId=166645,2.777283333333,849.764036025783,2424.0
scanId=166645,2.777283333333,849.7808227267684,2540.0
scanId=166645,2.777283333333,849.7976096021061,2096.0
scanId=166645,2.777283333333,849.8143966347135,1586.0
scanId=166645,2.777283333333,849.8311838416616,1207.0
scanId=166645,2.777283333333,850.7715318215782,1146.0
scanId=166645,2.777283333333,850.7883284712202,1063.0
scanId=166645,2.777283333333,853.6798198086068,1000.0
scanId=166645,2.777283333333,853.6966451507658,1362.0
scanId=166645,2.777283333333,853.713470651512,1295.0
scanId=166645,2.777283333333,853.7302963252814,1177.0
scanId=166645,2.777283333333,860.7272619953651,1065.0
scanId=166645,2.777283333333,860.7441566441245,1363.0
scanId=166645,2.777283333333,860.7610514538425,1632.0
scanId=166645,2.777283333333,860.7779464342121,1641.0
scanId=166645,2.777283333333,860.7948415755521,1202.0
scanId=166645,2.777283333333,861.7412342557717,1065.0
scanId=166645,2.777283333333,861.7581388528466,1097.0
scanId=166645,2.777283333333,861.7750436112207,1178.0
scanId=166645,2.777283333333,861.7919485399061,1128.0
scanId=166645,2.777283333333,862.7558034253257,1010.0
scanId=166645,2.777283333333,864.7697982191407,1203.0
scanId=166645,2.777283333333,864.7867324918593,1222.0
scanId=166645,2.777283333333,864.8036669338818,1051.0
scanId=166645,2.777283333333,866.752233504018,1327.0
scanId=166645,2.777283333333,866.7691871794511,1586.0
scanId=166645,2.777283333333,866.7861410178584,1256.0
scanId=166645,2.777283333333,868.5502456717408,1204.0
scanId=166645,2.777283333333,868.567216922532,2204.0
scanId=166645,2.777283333333,868.5841883368959,2890.0
scanId=166645,2.777283333333,868.6011599192974,2652.0
scanId=166645,2.777283333333,868.6181316652834,2061.0
scanId=166645,2.777283333333,868.6351035792956,1362.0
scanId=166645,2.777283333333,869.5518331010695,1229.0
scanId=166645,2.777283333333,869.5688141324662,1471.0
scanId=166645,2.777283333333,869.5857953315731,1265.0
scanId=166645,2.777283333333,872.7641939608147,1154.0
scanId=166645,2.777283333333,872.7812063313112,1031.0
scanId=166645,2.777283333333,874.738734829802,1236.0
scanId=166645,2.777283333333,874.7557664337091,1437.0
scanId=166645,2.777283333333,874.7727982032413,1265.0
scanId=166645,2.777283333333,875.743883152468,1101.0
scanId=166645,2.777283333333,875.7609245390316,1313.0
scanId=166645,2.777283333333,875.7779660912546,1153.0
scanId=166645,2.777283333333,878.7627911881796,1126.0
scanId=166645,2.777283333333,878.7798619221293,1912.0
scanId=166645,2.777283333333,878.7969328230292,2188.0
scanId=166645,2.777283333333,878.8140038885892,1928.0
scanId=166645,2.777283333333,878.8310751211113,1518.0
scanId=166645,2.777283333333,878.8481465182817,1057.0
scanId=166645,2.777283333333,879.7531678711224,1272.0
scanId=166645,2.777283333333,879.7702482217773,1540.0
scanId=166645,2.777283333333,879.787328739708,1815.0
scanId=166645,2.777283333333,879.8044094219732,2086.0
scanId=166645,2.777283333333,879.8214902715258,1845.0
scanId=166645,2.777283333333,879.8385712854016,1531.0
scanId=166645,2.777283333333,879.8556524665756,1263.0
scanId=166645,2.777283333333,898.7280924303245,1130.0
scanId=166645,2.777283333333,898.7453560033994,2225.0
scanId=166645,2.777283333333,898.7626197346759,3004.0
scanId=166645,2.777283333333,898.7798836393724,3008.0
scanId=166645,2.777283333333,898.7971477022595,2503.0
scanId=166645,2.777283333333,898.8144119385773,1851.0
scanId=166645,2.777283333333,898.8316763330752,1327.0
scanId=166645,2.777283333333,899.7469267188266,1428.0
scanId=166645,2.777283333333,899.7642000668085,1930.0
scanId=166645,2.777283333333,899.7814735885289,2184.0
scanId=166645,2.777283333333,899.7987472681214,1904.0
scanId=166645,2.777283333333,899.816021121463,1413.0
scanId=166645,2.777283333333,900.7663381770826,1436.0
scanId=166645,2.777283333333,900.7836213158265,1724.0
scanId=166645,2.777283333333,900.8009046121242,1902.0
scanId=166645,2.777283333333,900.8181880824894,1867.0
scanId=166645,2.777283333333,900.8354717103979,1594.0
scanId=166645,2.777283333333,900.8527555123845,1145.0
scanId=166645,2.777283333333,901.7690340654863,1097.0
scanId=166645,2.777283333333,901.7863268212532,1277.0
scanId=166645,2.777283333333,901.8036197342561,1214.0
scanId=166645,2.777283333333,902.772287732007,1149.0
scanId=166645,2.777283333333,902.7895901047965,1559.0
scanId=166645,2.777283333333,902.8068926345051,1283.0
scanId=166645,2.777283333333,903.7068528938779,1335.0
scanId=166645,2.777283333333,903.7241642204466,1255.0
scanId=166645,2.777283333333,903.7414757036391,1077.0
scanId=166645,2.777283333333,903.7587873618296,1126.0
scanId=166645,2.777283333333,903.7760991766328,1105.0
scanId=166645,2.777283333333,904.6938628808538,1034.0
scanId=166645,2.777283333333,904.7111836491414,1460.0
scanId=166645,2.777283333333,904.728504592732,1654.0
scanId=166645,2.777283333333,904.7458256926299,1515.0
scanId=166645,2.777283333333,904.763146967842,1268.0
scanId=166645,2.777283333333,904.7804683993504,1172.0
scanId=166645,2.777283333333,904.7977900061838,1075.0
scanId=166645,2.777283333333,904.8324337077579,1030.0
scanId=166645,2.777283333333,927.5788529049145,1458.0
scanId=166645,2.777283333333,927.5963913920364,1534.0
scanId=166645,2.777283333333,927.6139300284407,1157.0
scanId=166645,2.777283333333,957.5980781351323,1495.0
scanId=166645,2.777283333333,957.615898168199,1572.0
scanId=166645,2.777283333333,957.6337183419413,1445.0
scanId=166645,2.777283333333,957.6515387066286,1013.0
scanId=166645,2.777283333333,961.5403334638838,1022.0
scanId=166645,2.777283333333,961.5581901147843,1545.0
scanId=166645,2.777283333333,961.5760469576954,2122.0
scanId=166645,2.777283333333,961.5939039402065,2442.0
scanId=166645,2.777283333333,961.6117611147379,2227.0
scanId=166645,2.777283333333,961.6296184288592,1733.0
scanId=166645,2.777283333333,961.647475935011,1168.0
scanId=166645,2.777283333333,962.5941603236837,1131.0
scanId=166645,2.777283333333,962.6120267835792,1369.0
scanId=166645,2.777283333333,962.6298933827956,1315.0
scanId=166645,2.777283333333,962.6477601743111,1201.0
scanId=166645,2.777283333333,987.5161983482183,1989.0
scanId=166645,2.777283333333,987.5342946205959,6543.0
scanId=166645,2.777283333333,987.5523910259078,14908.0
scanId=166645,2.777283333333,987.5704876299051,26575.0
scanId=166645,2.777283333333,987.5885843668275,39699.0
scanId=166645,2.777283333333,987.6066813024439,47042.0
scanId=166645,2.777283333333,987.6247783709769,46873.0
scanId=166645,2.777283333333,987.6428756382126,39506.0
scanId=166645,2.777283333333,987.6609730383562,28995.0
scanId=166645,2.777283333333,987.6790706372111,19764.0
scanId=166645,2.777283333333,987.6971683689651,13468.0
scanId=166645,2.777283333333,987.7152662994397,9587.0
scanId=166645,2.777283333333,987.7333643628042,6734.0
scanId=166645,2.777283333333,987.7514626248978,4456.0
scanId=166645,2.777283333333,987.7695610198731,2933.0
scanId=166645,2.777283333333,987.787659613586,1915.0
scanId=166645,2.777283333333,987.8057583401718,1403.0
scanId=166645,2.777283333333,987.8238572655041,1197.0
scanId=166645,2.777283333333,987.8419563237002,1197.0
scanId=166645,2.777283333333,987.860055580652,1001.0
scanId=166645,2.777283333333,988.5117386656154,1110.0
scanId=166645,2.777283333333,988.5298440244115,2924.0
scanId=166645,2.777283333333,988.54794958213,7133.0
scanId=166645,2.777283333333,988.5660552725368,14280.0
scanId=166645,2.777283333333,988.5841611618745,24060.0
scanId=166645,2.777283333333,988.6022671838916,32417.0
scanId=166645,2.777283333333,988.6203734048488,33881.0
scanId=166645,2.777283333333,988.6384797584766,29778.0
scanId=166645,2.777283333333,988.6565863110532,23354.0
scanId=166645,2.777283333333,988.6746929962914,17359.0
scanId=166645,2.777283333333,988.6927998804869,12525.0
scanId=166645,2.777283333333,988.7109068973358,8430.0
scanId=166645,2.777283333333,988.7290141131507,5679.0
scanId=166645,2.777283333333,988.74712146161,4009.0
scanId=166645,2.777283333333,988.7652290090443,2773.0
scanId=166645,2.777283333333,988.7833366891142,2018.0
scanId=166645,2.777283333333,988.8014445681677,1692.0
scanId=166645,2.777283333333,988.8195525798482,1520.0
scanId=166645,2.777283333333,988.8376607905209,1398.0
scanId=166645,2.777283333333,988.8557691338117,1186.0
scanId=166645,2.777283333333,988.8738776761039,1003.0
scanId=166645,2.777283333333,988.9825323122319,1127.0
scanId=166645,2.777283333333,989.0006419819649,1048.0
scanId=166645,2.777283333333,989.5258950288948,1188.0
scanId=166645,2.777283333333,989.5440096727856,2377.0
scanId=166645,2.777283333333,989.562124515844,4806.0
scanId=166645,2.777283333333,989.5802394913454,9253.0
scanId=166645,2.777283333333,989.5983546660228,13492.0
scanId=166645,2.777283333333,989.616469973135,15437.0
scanId=166645,2.777283333333,989.6345854794316,14515.0
scanId=166645,2.777283333333,989.6527011181541,11468.0
scanId=166645,2.777283333333,989.6708169560702,8605.0
scanId=166645,2.777283333333,989.6889329264033,6426.0
scanId=166645,2.777283333333,989.7070490959385,4655.0
scanId=166645,2.777283333333,989.7251653978822,3221.0
scanId=166645,2.777283333333,989.7432818990367,2081.0
scanId=166645,2.777283333333,989.761398532591,1433.0
scanId=166645,2.777283333333,989.7795153653645,1144.0
scanId=166645,2.777283333333,989.7976323305292,1045.0
scanId=166645,2.777283333333,990.5586952933127,1286.0
scanId=166645,2.777283333333,990.5768194217097,1733.0
scanId=166645,2.777283333333,990.5949436823059,2144.0
scanId=166645,2.777283333333,990.6130681423222,3039.0
scanId=166645,2.777283333333,990.6311927345289,3836.0
scanId=166645,2.777283333333,990.6493175261643,3710.0
scanId=166645,2.777283333333,990.6674424499818,2802.0
scanId=166645,2.777283333333,990.6855675732363,2150.0
scanId=166645,2.777283333333,990.7036928286641,1614.0
scanId=166645,2.777283333333,990.721818283538,1157.0
scanId=166645,2.777283333333,1009.6071355556919,1194.0
scanId=166645,2.777283333333,1009.625433120758,1182.0
scanId=166645,2.777283333333,1015.5992708353067,1102.0
scanId=166645,2.777283333333,1015.617622580725,1122.0
scanId=166645,2.777283333333,1019.567102128113,1027.0
scanId=166645,2.777283333333,1019.5854896874683,1361.0
scanId=166645,2.777283333333,1019.6038774527134,1496.0
scanId=166645,2.777283333333,1019.6222653436791,1577.0
scanId=166645,2.777283333333,1019.6406534405421,1365.0
scanId=166645,2.777283333333,1020.5970619173361,1656.0
scanId=166645,2.777283333333,1020.6154587617862,1874.0
scanId=166645,2.777283333333,1020.6338558123374,1552.0
scanId=166645,2.777283333333,1041.5656226568358,2059.0
scanId=166645,2.777283333333,1041.5842075244557,3145.0
scanId=166645,2.777283333333,1041.6027926021875,4023.0
scanId=166645,2.777283333333,1041.6213778014173,3656.0
scanId=166645,2.777283333333,1041.6399632107666,2794.0
scanId=166645,2.777283333333,1041.6585487416069,2046.0
scanId=166645,2.777283333333,1041.6771344825736,1578.0
scanId=166645,2.777283333333,1041.6957203450245,1238.0
scanId=166645,2.777283333333,1042.588037795333,1462.0
scanId=166645,2.777283333333,1042.6066318267276,2039.0
scanId=166645,2.777283333333,1042.625225979442,2488.0
scanId=166645,2.777283333333,1042.6438203424527,2403.0
scanId=166645,2.777283333333,1042.6624148267774,1889.0
scanId=166645,2.777283333333,1042.6810095214057,1166.0
scanId=166645,2.777283333333,1046.6081938078337,1170.0
scanId=166645,2.777283333333,1046.6268236538635,2035.0
scanId=166645,2.777283333333,1046.6454536205147,3397.0
scanId=166645,2.777283333333,1046.664083798161,4629.0
scanId=166645,2.777283333333,1046.6827140964226,4433.0
scanId=166645,2.777283333333,1046.701344605686,3315.0
scanId=166645,2.777283333333,1046.7199752355586,2243.0
scanId=166645,2.777283333333,1046.7386060764386,1613.0
scanId=166645,2.777283333333,1046.7572370379214,1146.0
scanId=166645,2.777283333333,1047.6144415430356,1234.0
scanId=166645,2.777283333333,1047.6330803427206,2299.0
scanId=166645,2.777283333333,1047.6517192628564,3171.0
scanId=166645,2.777283333333,1047.6703583941585,3446.0
scanId=166645,2.777283333333,1047.6889976459045,3090.0
scanId=166645,2.777283333333,1047.7076371088233,2334.0
scanId=166645,2.777283333333,1047.7262766921797,1533.0
scanId=166645,2.777283333333,1047.7449164867153,1019.0
scanId=166645,2.777283333333,1048.6211727709992,1086.0
scanId=166645,2.777283333333,1048.6398205243388,1406.0
scanId=166645,2.777283333333,1048.6584683979584,1457.0
scanId=166645,2.777283333333,1048.6771164829154,1257.0
scanId=166645,2.777283333333,1048.6957646881456,1001.0
scanId=166645,2.777283333333,1060.6271323710414,1166.0
scanId=166645,2.777283333333,1060.6458865732836,1903.0
scanId=166645,2.777283333333,1060.6646408938825,2406.0
scanId=166645,2.777283333333,1060.6833954277413,3452.0
scanId=166645,2.777283333333,1060.702150079951,4676.0
scanId=166645,2.777283333333,1060.7209049454254,4792.0
scanId=166645,2.777283333333,1060.7396599292456,3943.0
scanId=166645,2.777283333333,1060.7584151263363,2762.0
scanId=166645,2.777283333333,1060.7771704417669,1823.0
scanId=166645,2.777283333333,1060.7959259704744,1276.0
scanId=166645,2.777283333333,1061.6400952803408,1373.0
scanId=166645,2.777283333333,1061.6588584362205,2136.0
scanId=166645,2.777283333333,1061.6776217103036,2683.0
scanId=166645,2.777283333333,1061.6963851977994,2988.0
scanId=166645,2.777283333333,1061.715148803493,2767.0
scanId=166645,2.777283333333,1061.7339126226057,2332.0
scanId=166645,2.777283333333,1061.75267655991,1890.0
scanId=166645,2.777283333333,1061.771440710638,1469.0
scanId=166645,2.777283333333,1062.6723137914237,1565.0
scanId=166645,2.777283333333,1062.6910860189912,1529.0
scanId=166645,2.777283333333,1062.7098584601229,1429.0
scanId=166645,2.777283333333,1062.728631019301,1392.0
scanId=166645,2.777283333333,1062.7474037920485,1175.0
scanId=166645,2.777283333333,1117.6547998363446,1035.0
scanId=166645,2.777283333333,1117.6740515727358,1835.0
scanId=166645,2.777283333333,1117.6933035286925,2649.0
scanId=166645,2.777283333333,1117.7125555966938,2690.0
scanId=166645,2.777283333333,1117.7318078842636,2063.0
scanId=166645,2.777283333333,1117.7510602838754,1387.0
scanId=166645,2.777283333333,1118.6561113850703,1444.0
scanId=166645,2.777283333333,1118.6753717433348,1793.0
scanId=166645,2.777283333333,1118.6946323212326,1933.0
scanId=166645,2.777283333333,1118.7138930111075,1668.0
scanId=166645,2.777283333333,1118.7331539206182,1215.0
scanId=166645,2.777283333333,1202.3492553266278,1009.0
scanId=166645,2.777283333333,1276.2950183222447,1088.0
scanId=166645,2.777283333333,1276.3155910733994,1563.0
scanId=166645,2.777283333333,1276.3361639461334,2304.0
scanId=166645,2.777283333333,1276.3567370288908,2386.0
scanId=166645,2.777283333333,1276.3773102332348,1837.0
scanId=166645,2.777283333333,1276.3978836475949,1456.0
scanId=166645,2.777283333333,1276.4184571835494,1292.0
scanId=166645,2.777283333333,1277.30327705203,1839.0
scanId=166645,2.777283333333,1277.323857883416,3026.0
scanId=166645,2.777283333333,1277.3444389246374,3666.0
scanId=166645,2.777283333333,1277.3650200876345,3303.0
scanId=166645,2.777283333333,1277.3856014604587,2436.0
scanId=166645,2.777283333333,1277.406182955066,1728.0
scanId=166645,2.777283333333,1277.4267646594924,1227.0
scanId=166645,2.777283333333,1278.2913450414421,1573.0
scanId=166645,2.777283333333,1278.311933831481,2479.0
scanId=166645,2.777283333333,1278.3325228311646,3170.0
scanId=166645,2.777283333333,1278.353111952814,3287.0
scanId=166645,2.777283333333,1278.3737012841007,2972.0
scanId=166645,2.777283333333,1278.394290737361,2574.0
scanId=166645,2.777283333333,1278.4148804002498,2267.0
scanId=166645,2.777283333333,1278.4354701851203,1808.0
scanId=166645,2.777283333333,1278.4560601796118,1229.0
scanId=166645,2.777283333333,1279.3003917902884,1508.0
scanId=166645,2.777283333333,1279.320988748433,2091.0
scanId=166645,2.777283333333,1279.3415858287349,2054.0
scanId=166645,2.777283333333,1279.3621831184819,1676.0
scanId=166645,2.777283333333,1279.3827805303945,1273.0
scanId=166645,2.777283333333,1280.2686270524537,1097.0
scanId=166645,2.777283333333,1280.2892317597978,1752.0
scanId=166645,2.777283333333,1280.3098366764011,2512.0
scanId=166645,2.777283333333,1280.3304417153563,3154.0
scanId=166645,2.777283333333,1280.3510469635623,2952.0
scanId=166645,2.777283333333,1280.3716523341277,2450.0
scanId=166645,2.777283333333,1280.3922579139362,1905.0
scanId=166645,2.777283333333,1280.412863616112,1435.0
scanId=166645,2.777283333333,1280.4334695275231,1043.0
scanId=166645,2.777283333333,1282.309299520543,1090.0
scanId=166645,2.777283333333,1335.389983570583,1100.0
scanId=166645,2.777283333333,1521.911491320763,1006.0
scanId=166645,2.777283333333,1521.9339564835284,1415.0
scanId=166645,2.777283333333,1521.956421857544,1614.0
scanId=166645,2.777283333333,1521.9788873518978,1844.0
scanId=166645,2.777283333333,1522.001353057524,1902.0
scanId=166645,2.777283333333,1522.0238188834655,1582.0
scanId=166645,2.777283333333,1522.0462849207022,1183.0
scanId=167644,2.793933333333,102.11945812823743,1710.0
scanId=167644,2.793933333333,102.12527748278399,1991.0
scanId=167644,2.793933333333,102.13109700313582,1591.0
scanId=167644,2.793933333333,102.13691668929287,1089.0
scanId=167644,2.793933333333,169.08171930622856,1011.0
scanId=167644,2.793933333333,169.08920742142695,1006.0
scanId=167644,2.793933333333,177.11213066554265,1199.0
scanId=167644,2.793933333333,177.1197945299267,1359.0
scanId=167644,2.793933333333,177.12745846803415,1155.0
scanId=167644,2.793933333333,244.07843864740929,1169.0
scanId=167644,2.793933333333,244.08743532822794,1941.0
scanId=167644,2.793933333333,244.0964322204038,1973.0
scanId=167644,2.793933333333,244.105429232833,1398.0
scanId=167644,2.793933333333,248.10742179940004,1442.0
scanId=167644,2.793933333333,248.11649242936642,2988.0
scanId=167644,2.793933333333,248.1255632676533,3365.0
scanId=167644,2.793933333333,248.13463422923016,2941.0
scanId=167644,2.793933333333,248.14370539911383,2295.0
scanId=167644,2.793933333333,248.15277669230127,1877.0
scanId=167644,2.793933333333,248.16184819378185,1470.0
scanId=167644,2.793933333333,248.17091981857973,1127.0
scanId=167644,2.793933333333,249.11527628481713,1038.0
scanId=167644,2.793933333333,249.12436536093003,1084.0
scanId=167644,2.793933333333,264.12248367420875,1019.0
scanId=167644,2.793933333333,265.1529472787309,1024.0
scanId=167644,2.793933333333,273.1451974230885,1014.0
scanId=167644,2.793933333333,273.15471473243576,1715.0
scanId=167644,2.793933333333,273.16423223135126,2070.0
scanId=167644,2.793933333333,273.17374987230903,1888.0
scanId=167644,2.793933333333,273.18326770282096,1414.0
scanId=167644,2.793933333333,290.11309575222555,1250.0
scanId=167644,2.793933333333,290.1229042156162,3204.0
scanId=167644,2.793933333333,290.132712856216,3972.0
scanId=167644,2.793933333333,290.1425216512173,3270.0
scanId=167644,2.793933333333,290.15233062341366,2264.0
scanId=167644,2.793933333333,290.16213975002535,1380.0
scanId=167644,2.793933333333,291.13406457224085,1251.0
scanId=167644,2.793933333333,291.14389027937904,1213.0
scanId=167644,2.793933333333,292.1272988262936,1353.0
scanId=167644,2.793933333333,292.1371412897361,2508.0
scanId=167644,2.793933333333,292.1469839090111,2998.0
scanId=167644,2.793933333333,292.1568267040502,2482.0
scanId=167644,2.793933333333,292.16666965493573,1743.0
scanId=167644,2.793933333333,292.1765127815714,1307.0
scanId=167644,2.793933333333,292.18635606406747,1026.0
scanId=167644,2.793933333333,294.1484697292405,2047.0
scanId=167644,2.793933333333,294.1583461727894,3339.0
scanId=167644,2.793933333333,294.1682227906732,3541.0
scanId=167644,2.793933333333,294.17809956583255,3033.0
scanId=167644,2.793933333333,294.18797651531276,2259.0
scanId=167644,2.793933333333,294.1978536220828,1485.0
scanId=167644,2.793933333333,295.1666148069916,1561.0
scanId=167644,2.793933333333,295.17650833629847,1488.0
scanId=167644,2.793933333333,295.1864020235949,1218.0
scanId=167644,2.793933333333,320.1813127528535,1052.0
scanId=167644,2.793933333333,368.4054846683426,1804.0
scanId=167644,2.793933333333,368.41653766604406,2560.0
scanId=167644,2.793933333333,368.4275907918437,2400.0
scanId=167644,2.793933333333,368.43864412115585,1741.0
scanId=167644,2.793933333333,368.44969757855444,1121.0
scanId=167644,2.793933333333,369.40091680333944,1177.0
scanId=167644,2.793933333333,369.41198472351476,1293.0
scanId=167644,2.793933333333,369.42305277127025,1324.0
scanId=167644,2.793933333333,369.434121023056,1049.0
scanId=167644,2.793933333333,391.19588074331597,1050.0
scanId=167644,2.793933333333,391.2072704427044,1342.0
scanId=167644,2.793933333333,391.21866035670223,1471.0
scanId=167644,2.793933333333,391.2300503876908,1178.0
scanId=167644,2.793933333333,453.32550978221957,1043.0
scanId=167644,2.793933333333,453.3377706004417,1044.0
scanId=167644,2.793933333333,494.2662843147362,1335.0
scanId=167644,2.793933333333,494.27908688958235,5300.0
scanId=167644,2.793933333333,494.2918895514093,10790.0
scanId=167644,2.793933333333,494.30469245786617,14118.0
scanId=167644,2.793933333333,494.31749545130026,14012.0
scanId=167644,2.793933333333,494.3302986893676,11225.0
scanId=167644,2.793933333333,494.3431020144088,8215.0
scanId=167644,2.793933333333,494.35590558408654,5756.0
scanId=167644,2.793933333333,494.368709240735,3665.0
scanId=167644,2.793933333333,494.3815131420232,2337.0
scanId=167644,2.793933333333,494.3943171302785,1604.0
scanId=167644,2.793933333333,494.40712136317745,1084.0
scanId=167644,2.793933333333,494.7785150595488,3108.0
scanId=167644,2.793933333333,494.79132426660567,6861.0
scanId=167644,2.793933333333,494.80413356057454,10722.0
scanId=167644,2.793933333333,494.81694309924177,11236.0
scanId=167644,2.793933333333,494.829752724818,9765.0
scanId=167644,2.793933333333,494.8425625950957,7507.0
scanId=167644,2.793933333333,494.8553725522789,5292.0
scanId=167644,2.793933333333,494.8681827541673,3548.0
scanId=167644,2.793933333333,494.88099304295764,2460.0
scanId=167644,2.793933333333,494.89380357645643,1806.0
scanId=167644,2.793933333333,494.906614196854,1176.0
scanId=167644,2.793933333333,495.29101109141766,2140.0
scanId=167644,2.793933333333,495.3038269306849,3470.0
scanId=167644,2.793933333333,495.3166428567965,3851.0
scanId=167644,2.793933333333,495.32945902767443,3206.0
scanId=167644,2.793933333333,495.3422752853931,2142.0
scanId=167644,2.793933333333,495.3550917878814,1407.0
scanId=167644,2.793933333333,495.36790837720747,1093.0
scanId=167644,2.793933333333,495.803772410357,1719.0
scanId=167644,2.793933333333,495.81659488183476,1943.0
scanId=167644,2.793933333333,495.82941744008986,1659.0
scanId=167644,2.793933333333,495.8422402431782,1358.0
scanId=167644,2.793933333333,495.85506313304046,1146.0
scanId=167644,2.793933333333,510.2948123818536,1150.0
scanId=167644,2.793933333333,510.3078208868375,1552.0
scanId=167644,2.793933333333,510.32082947700775,1894.0
scanId=167644,2.793933333333,510.3338383136023,1695.0
scanId=167644,2.793933333333,510.3468472353808,1306.0
scanId=167644,2.793933333333,520.3210117943338,1032.0
scanId=167644,2.793933333333,520.3341473905782,1080.0
scanId=167644,2.793933333333,522.5827796732337,1607.0
scanId=167644,2.793933333333,522.59594378785,1628.0
scanId=167644,2.793933333333,522.6091081497822,1365.0
scanId=167644,2.793933333333,525.3376920406457,1054.0
scanId=167644,2.793933333333,550.6064443088574,1528.0
scanId=167644,2.793933333333,550.6199568618437,1848.0
scanId=167644,2.793933333333,550.6334694985801,1578.0
scanId=167644,2.793933333333,550.6469823831769,1157.0
scanId=167644,2.793933333333,551.3363572221187,1052.0
scanId=167644,2.793933333333,551.3498787285891,1322.0
scanId=167644,2.793933333333,551.3634003188224,1341.0
scanId=167644,2.793933333333,551.3769221569033,1019.0
scanId=167644,2.793933333333,557.3833845130811,1072.0
scanId=167644,2.793933333333,557.3969799686994,1081.0
scanId=167644,2.793933333333,563.3403763944605,1450.0
scanId=167644,2.793933333333,563.3540442253243,1635.0
scanId=167644,2.793933333333,563.3677123036482,1334.0
scanId=167644,2.793933333333,563.3813804661238,1132.0
scanId=167644,2.793933333333,563.8461980327326,1264.0
scanId=167644,2.793933333333,563.8598720800458,1270.0
scanId=167644,2.793933333333,563.8735462115342,1359.0
scanId=167644,2.793933333333,563.8872205904581,1067.0
scanId=167644,2.793933333333,564.3385667241865,1779.0
scanId=167644,2.793933333333,564.3522467404891,2676.0
scanId=167644,2.793933333333,564.3659268409909,2497.0
scanId=167644,2.793933333333,564.3796071889043,1904.0
scanId=167644,2.793933333333,564.3932876210179,1295.0
scanId=167644,2.793933333333,565.5430392719976,1088.0
scanId=167644,2.793933333333,565.5567338791636,1149.0
scanId=167644,2.793933333333,604.3393457607261,2251.0
scanId=167644,2.793933333333,604.3535023013575,5848.0
scanId=167644,2.793933333333,604.3676589299223,9354.0
scanId=167644,2.793933333333,604.3818158021639,10810.0
scanId=167644,2.793933333333,604.3959727623434,9431.0
scanId=167644,2.793933333333,604.4101299661955,7140.0
scanId=167644,2.793933333333,604.4242872579892,4666.0
scanId=167644,2.793933333333,604.438444793452,3024.0
scanId=167644,2.793933333333,604.4526024168598,2282.0
scanId=167644,2.793933333333,604.4667602839332,1615.0
scanId=167644,2.793933333333,604.4809182389556,1008.0
scanId=167644,2.793933333333,605.3448694484081,2351.0
scanId=167644,2.793933333333,605.3590376834766,4118.0
scanId=167644,2.793933333333,605.3732061620868,5326.0
scanId=167644,2.793933333333,605.3873747287697,4893.0
scanId=167644,2.793933333333,605.4015435389904,3813.0
scanId=167644,2.793933333333,605.4157124372877,2905.0
scanId=167644,2.793933333333,605.4298815791188,2100.0
scanId=167644,2.793933333333,605.4440508090307,1449.0
scanId=167644,2.793933333333,605.4582202824726,1015.0
scanId=167644,2.793933333333,606.3654089725676,1632.0
scanId=167644,2.793933333333,606.379589145756,2056.0
scanId=167644,2.793933333333,606.3937695623453,1899.0
scanId=167644,2.793933333333,606.4079500671482,1450.0
scanId=167644,2.793933333333,606.4221308153479,1024.0
scanId=167644,2.793933333333,607.301658618045,1053.0
scanId=167644,2.793933333333,607.3158497345122,1325.0
scanId=167644,2.793933333333,607.3300410942489,1102.0
scanId=167644,2.793933333333,609.2900336409218,2660.0
scanId=167644,2.793933333333,609.3042479704104,5563.0
scanId=167644,2.793933333333,609.3184625428839,8225.0
scanId=167644,2.793933333333,609.3326772039871,9420.0
scanId=167644,2.793933333333,609.3468921080712,8695.0
scanId=167644,2.793933333333,609.3611071007888,6856.0
scanId=167644,2.793933333333,609.3753223364835,5281.0
scanId=167644,2.793933333333,609.3895376608159,3833.0
scanId=167644,2.793933333333,609.403753228121,2663.0
scanId=167644,2.793933333333,609.4179688840682,2031.0
scanId=167644,2.793933333333,609.4321847829838,1454.0
scanId=167644,2.793933333333,610.313891943427,1958.0
scanId=167644,2.793933333333,610.3281182110438,2793.0
scanId=167644,2.793933333333,610.3423447214964,3306.0
scanId=167644,2.793933333333,610.356571320728,3253.0
scanId=167644,2.793933333333,610.3707981627911,2462.0
scanId=167644,2.793933333333,610.3850250936372,1612.0
scanId=167644,2.793933333333,610.3992522673109,1056.0
scanId=167644,2.793933333333,623.4290509831261,1198.0
scanId=167644,2.793933333333,623.4434293712003,1170.0
scanId=167644,2.793933333333,625.2996268491087,1200.0
scanId=167644,2.793933333333,625.3140267918673,1516.0
scanId=167644,2.793933333333,625.3284268258142,1721.0
scanId=167644,2.793933333333,625.3428271001833,1573.0
scanId=167644,2.793933333333,625.3572274657457,1282.0
scanId=167644,2.793933333333,646.397595253147,1015.0
scanId=167644,2.793933333333,660.4107150847001,1176.0
scanId=167644,2.793933333333,660.4255137216513,1314.0
scanId=167644,2.793933333333,660.4403125918748,1663.0
scanId=167644,2.793933333333,660.4551115604432,1716.0
scanId=167644,2.793933333333,660.4699107622774,1208.0
scanId=167644,2.793933333333,663.3885805791531,2099.0
scanId=167644,2.793933333333,663.4034126104293,5270.0
scanId=167644,2.793933333333,663.4182447407413,11516.0
scanId=167644,2.793933333333,663.4330771036281,17793.0
scanId=167644,2.793933333333,663.4479095655576,20362.0
scanId=167644,2.793933333333,663.462742260055,18614.0
scanId=167644,2.793933333333,663.4775750536019,14245.0
scanId=167644,2.793933333333,663.4924080797097,10020.0
scanId=167644,2.793933333333,663.5072412048743,6719.0
scanId=167644,2.793933333333,663.5220745625926,4287.0
scanId=167644,2.793933333333,663.5369080193746,2663.0
scanId=167644,2.793933333333,663.5517417087036,1761.0
scanId=167644,2.793933333333,663.566575497103,1105.0
scanId=167644,2.793933333333,664.3975341440878,1936.0
scanId=167644,2.793933333333,664.4123774501221,5264.0
scanId=167644,2.793933333333,664.4272208554299,8364.0
scanId=167644,2.793933333333,664.4420644930748,9401.0
scanId=167644,2.793933333333,664.4569082300002,8715.0
scanId=167644,2.793933333333,664.4717521992554,6855.0
scanId=167644,2.793933333333,664.4865962677985,5353.0
scanId=167644,2.793933333333,664.5014405686643,3860.0
scanId=167644,2.793933333333,664.5162849688248,2897.0
scanId=167644,2.793933333333,664.5311296013012,2140.0
scanId=167644,2.793933333333,664.5459743330792,1596.0
scanId=167644,2.793933333333,664.5608192971661,1245.0
scanId=167644,2.793933333333,664.5756643605619,1033.0
scanId=167644,2.793933333333,665.4221089814732,1414.0
scanId=167644,2.793933333333,665.4369636617787,2124.0
scanId=167644,2.793933333333,665.4518185741814,2221.0
scanId=167644,2.793933333333,665.4666735861043,1789.0
scanId=167644,2.793933333333,665.4815288301177,1255.0
scanId=167644,2.793933333333,680.4798118796912,1212.0
scanId=167644,2.793933333333,680.494833695438,1163.0
scanId=167644,2.793933333333,681.4565767840975,1007.0
scanId=167644,2.793933333333,681.4716094397432,1340.0
scanId=167644,2.793933333333,681.4866421988937,1497.0
scanId=167644,2.793933333333,681.5016751861499,1414.0
scanId=167644,2.793933333333,681.516708276919,1167.0
scanId=167644,2.793933333333,685.3857176469489,1441.0
scanId=167644,2.793933333333,685.4007935164914,2912.0
scanId=167644,2.793933333333,685.4158696131161,4165.0
scanId=167644,2.793933333333,685.4309458142773,4114.0
scanId=167644,2.793933333333,685.4460222425125,3009.0
scanId=167644,2.793933333333,685.4610987752919,2152.0
scanId=167644,2.793933333333,685.4761755351378,1623.0
scanId=167644,2.793933333333,685.4912523995358,1330.0
scanId=167644,2.793933333333,686.41125656812,1106.0
scanId=167644,2.793933333333,686.4263437126917,1459.0
scanId=167644,2.793933333333,686.4414310840745,1432.0
scanId=167644,2.793933333333,686.4565185602646,1196.0
scanId=167644,2.793933333333,708.507828434564,1136.0
scanId=167644,2.793933333333,708.5231565551901,1047.0
scanId=167644,2.793933333333,722.4630561431144,1534.0
scanId=167644,2.793933333333,722.4785344833093,2270.0
scanId=167644,2.793933333333,722.4940129385607,2657.0
scanId=167644,2.793933333333,722.5094916103661,2384.0
scanId=167644,2.793933333333,722.5249703972373,1860.0
scanId=167644,2.793933333333,722.5404494006534,1354.0
scanId=167644,2.793933333333,723.5004698618403,1149.0
scanId=167644,2.793933333333,723.5159592605478,1330.0
scanId=167644,2.793933333333,723.5314488755009,1325.0
scanId=167644,2.793933333333,723.5469386058282,1044.0
scanId=167644,2.793933333333,725.4999744310796,1018.0
scanId=167644,2.793933333333,725.5154852691063,1131.0
scanId=167644,2.793933333333,736.4606169595852,1159.0
scanId=167644,2.793933333333,736.4762445245176,4752.0
scanId=167644,2.793933333333,736.4918722088086,13459.0
scanId=167644,2.793933333333,736.5075001053515,26433.0
scanId=167644,2.793933333333,736.5231281212626,35699.0
scanId=167644,2.793933333333,736.5387563494161,37886.0
scanId=167644,2.793933333333,736.5543846969474,33601.0
scanId=167644,2.793933333333,736.5700132567116,27383.0
scanId=167644,2.793933333333,736.5856419358632,20220.0
scanId=167644,2.793933333333,736.6012708272378,14012.0
scanId=167644,2.793933333333,736.6168998380098,9859.0
scanId=167644,2.793933333333,736.6325290609949,7107.0
scanId=167644,2.793933333333,736.6481584033871,5032.0
scanId=167644,2.793933333333,736.6637879579829,3591.0
scanId=167644,2.793933333333,736.6794176319954,2479.0
scanId=167644,2.793933333333,736.6950475182018,1765.0
scanId=167644,2.793933333333,736.7106775238345,1300.0
scanId=167644,2.793933333333,737.4767520736943,1977.0
scanId=167644,2.793933333333,737.4923903698352,6148.0
scanId=167644,2.793933333333,737.5080288779151,11981.0
scanId=167644,2.793933333333,737.5236675056763,17619.0
scanId=167644,2.793933333333,737.5393063453666,21040.0
scanId=167644,2.793933333333,737.554945304748,19656.0
scanId=167644,2.793933333333,737.5705844760491,15889.0
scanId=167644,2.793933333333,737.586223767051,12413.0
scanId=167644,2.793933333333,737.6018632699626,8982.0
scanId=167644,2.793933333333,737.6175028925846,5965.0
scanId=167644,2.793933333333,737.6331427271066,3889.0
scanId=167644,2.793933333333,737.6487826813493,2618.0
scanId=167644,2.793933333333,737.6644228474818,1930.0
scanId=167644,2.793933333333,737.6800631333443,1400.0
scanId=167644,2.793933333333,737.6957036310876,1030.0
scanId=167644,2.793933333333,737.7739084687157,1017.0
scanId=167644,2.793933333333,738.4935876792596,1397.0
scanId=167644,2.793933333333,738.5092367988764,2794.0
scanId=167644,2.793933333333,738.5248860384886,4821.0
scanId=167644,2.793933333333,738.5405354897159,6404.0
scanId=167644,2.793933333333,738.5561850609486,6449.0
scanId=167644,2.793933333333,738.5718348437864,5038.0
scanId=167644,2.793933333333,738.5874847466392,3794.0
scanId=167644,2.793933333333,738.6031348610877,2957.0
scanId=167644,2.793933333333,738.6187850955608,2137.0
scanId=167644,2.793933333333,738.6344355416197,1775.0
scanId=167644,2.793933333333,738.6500861077135,1363.0
scanId=167644,2.793933333333,738.6657368853829,1040.0
scanId=167644,2.793933333333,739.5267837197292,1109.0
scanId=167644,2.793933333333,739.5424437824934,1196.0
scanId=167644,2.793933333333,739.558103965578,1245.0
scanId=167644,2.793933333333,739.5737643599527,1202.0
scanId=167644,2.793933333333,739.5894248746574,1184.0
scanId=167644,2.793933333333,739.6050856006428,1172.0
scanId=167644,2.793933333333,747.4562046454784,1026.0
scanId=167644,2.793933333333,747.4876923571558,1012.0
scanId=167644,2.793933333333,764.5083214386192,1810.0
scanId=167644,2.793933333333,764.5242438053109,4990.0
scanId=167644,2.793933333333,764.5401663003796,8372.0
scanId=167644,2.793933333333,764.556088998682,10816.0
scanId=167644,2.793933333333,764.5720118253716,11499.0
scanId=167644,2.793933333333,764.5879348552845,9614.0
scanId=167644,2.793933333333,764.6038580135952,6967.0
scanId=167644,2.793933333333,764.6197813751185,4969.0
scanId=167644,2.793933333333,764.6357048650505,3696.0
scanId=167644,2.793933333333,764.6516285581841,2630.0
scanId=167644,2.793933333333,764.667552379737,1671.0
scanId=167644,2.793933333333,764.6834764044814,1056.0
scanId=167644,2.793933333333,765.5276859778028,2192.0
scanId=167644,2.793933333333,765.5436189560313,4301.0
scanId=167644,2.793933333333,765.559552062973,5677.0
scanId=167644,2.793933333333,765.5754853728121,6081.0
scanId=167644,2.793933333333,765.5914188113745,5404.0
scanId=167644,2.793933333333,765.6073524528243,4191.0
scanId=167644,2.793933333333,765.6232862230079,2967.0
scanId=167644,2.793933333333,765.639220196068,1994.0
scanId=167644,2.793933333333,765.6551542978727,1269.0
scanId=167644,2.793933333333,765.6710886025435,1043.0
scanId=167644,2.793933333333,766.5477296661063,1163.0
scanId=167644,2.793933333333,766.5636732558718,1657.0
scanId=167644,2.793933333333,766.5796169746869,1812.0
scanId=167644,2.793933333333,766.5955608960628,1485.0
scanId=167644,2.793933333333,773.4668037756333,1279.0
scanId=167644,2.793933333333,773.4828191246118,1441.0
scanId=167644,2.793933333333,773.4988346738618,1237.0
scanId=167644,2.793933333333,780.5295786392372,1162.0
scanId=167644,2.793933333333,780.5456669448935,1417.0
scanId=167644,2.793933333333,780.5617554484595,1382.0
scanId=167644,2.793933333333,780.5778440857373,1299.0
scanId=167644,2.793933333333,780.593932920914,1186.0
scanId=167644,2.793933333333,780.610021889813,1027.0
scanId=167644,2.793933333333,810.7077245436453,1314.0
scanId=167644,2.793933333333,810.7241209257202,2197.0
scanId=167644,2.793933333333,810.7405174954665,2864.0
scanId=167644,2.793933333333,810.7569142091629,3026.0
scanId=167644,2.793933333333,810.7733111105201,2598.0
scanId=167644,2.793933333333,810.7897081558382,1890.0
scanId=167644,2.793933333333,810.8061053888056,1182.0
scanId=167644,2.793933333333,811.7246144531033,1122.0
scanId=167644,2.793933333333,811.7410211154516,1279.0
scanId=167644,2.793933333333,811.7574279651244,1149.0
scanId=167644,2.793933333333,815.6998644740313,1002.0
scanId=167644,2.793933333333,822.6716591668073,1052.0
scanId=167644,2.793933333333,822.6881761111754,2327.0
scanId=167644,2.793933333333,822.704693203578,4393.0
scanId=167644,2.793933333333,822.7212104795566,7840.0
scanId=167644,2.793933333333,822.7377279035809,10276.0
scanId=167644,2.793933333333,822.7542455111701,9853.0
scanId=167644,2.793933333333,822.7707632668163,7877.0
scanId=167644,2.793933333333,822.7872812060159,5823.0
scanId=167644,2.793933333333,822.8037992932842,3941.0
scanId=167644,2.793933333333,822.8203175640944,2478.0
scanId=167644,2.793933333333,822.8368359829843,1472.0
scanId=167644,2.793933333333,823.6960227097422,1507.0
scanId=167644,2.793933333333,823.7125499340368,3201.0
scanId=167644,2.793933333333,823.729077306716,4655.0
scanId=167644,2.793933333333,823.7456048626209,5019.0
scanId=167644,2.793933333333,823.7621325669221,4573.0
scanId=167644,2.793933333333,823.7786604544375,3536.0
scanId=167644,2.793933333333,823.7951884903604,2374.0
scanId=167644,2.793933333333,823.8117167094864,1583.0
scanId=167644,2.793933333333,824.7210236189724,1613.0
scanId=167644,2.793933333333,824.7375611231931,2363.0
scanId=167644,2.793933333333,824.7540987761491,2519.0
scanId=167644,2.793933333333,824.7706366119805,2265.0
scanId=167644,2.793933333333,824.7871745965584,1965.0
scanId=167644,2.793933333333,824.8037127640004,1468.0
scanId=167644,2.793933333333,825.49846516309,1612.0
scanId=167644,2.793933333333,825.5150104433483,2375.0
scanId=167644,2.793933333333,825.5315559062217,2784.0
scanId=167644,2.793933333333,825.5481015181019,2713.0
scanId=167644,2.793933333333,825.5646473125859,2238.0
scanId=167644,2.793933333333,825.5811932560879,1630.0
scanId=167644,2.793933333333,825.5977393821823,1244.0
scanId=167644,2.793933333333,825.9948959494646,1088.0
scanId=167644,2.793933333333,826.0114462040505,1550.0
scanId=167644,2.793933333333,826.0279966410818,2062.0
scanId=167644,2.793933333333,826.0445472272897,1891.0
scanId=167644,2.793933333333,826.0610979959315,1507.0
scanId=167644,2.793933333333,826.077648913761,1442.0
scanId=167644,2.793933333333,826.0942000140135,1325.0
scanId=167644,2.793933333333,826.5576979065603,1024.0
scanId=167644,2.793933333333,827.6673098256617,2059.0
scanId=167644,2.793933333333,827.6838768432194,3102.0
scanId=167644,2.793933333333,827.7004440105196,3570.0
scanId=167644,2.793933333333,827.7170113596878,3186.0
scanId=167644,2.793933333333,827.7335788586098,2315.0
scanId=167644,2.793933333333,827.7501465393885,1560.0
scanId=167644,2.793933333333,827.7667143699323,1043.0
scanId=167644,2.793933333333,828.6782008433544,1707.0
scanId=167644,2.793933333333,828.69477795931,2674.0
scanId=167644,2.793933333333,828.7113552567941,2760.0
scanId=167644,2.793933333333,828.7279327043716,2342.0
scanId=167644,2.793933333333,828.7445103334663,1631.0
scanId=167644,2.793933333333,828.7610881126656,1087.0
scanId=167644,2.793933333333,829.706296063045,1228.0
scanId=167644,2.793933333333,829.7228834592781,1051.0
scanId=167644,2.793933333333,836.7209094155927,1120.0
scanId=167644,2.793933333333,836.7375667840408,1676.0
scanId=167644,2.793933333333,836.7542243312729,1931.0
scanId=167644,2.793933333333,836.7708820313429,2077.0
scanId=167644,2.793933333333,836.7875399101854,1869.0
scanId=167644,2.793933333333,836.8041979418772,1396.0
scanId=167644,2.793933333333,841.692144652512,1193.0
scanId=167644,2.793933333333,841.7088514326214,1257.0
scanId=167644,2.793933333333,841.7255583898219,1092.0
scanId=167644,2.793933333333,843.6646899444647,1008.0
scanId=167644,2.793933333333,848.7068078592455,1584.0
scanId=167644,2.793933333333,848.7235841230464,3164.0
scanId=167644,2.793933333333,848.7403605437531,4464.0
scanId=167644,2.793933333333,848.7571371391643,5221.0
scanId=167644,2.793933333333,848.7739138914932,5007.0
scanId=167644,2.793933333333,848.7906908185149,3835.0
scanId=167644,2.793933333333,848.8074679024655,2935.0
scanId=167644,2.793933333333,848.8242451610981,2641.0
scanId=167644,2.793933333333,848.8410225766704,2117.0
scanId=167644,2.793933333333,848.8578001669133,1641.0
scanId=167644,2.793933333333,848.8745779141078,1250.0
scanId=167644,2.793933333333,849.7304631126922,1241.0
scanId=167644,2.793933333333,849.747249482056,2000.0
scanId=167644,2.793933333333,849.764036025783,2629.0
scanId=167644,2.793933333333,849.7808227267684,2738.0
scanId=167644,2.793933333333,849.7976096021061,1972.0
scanId=167644,2.793933333333,849.8143966347135,1401.0
scanId=167644,2.793933333333,849.8311838416616,1162.0
scanId=167644,2.793933333333,850.7379390115149,1131.0
scanId=167644,2.793933333333,850.754735329535,1468.0
scanId=167644,2.793933333333,850.7715318215782,1699.0
scanId=167644,2.793933333333,850.7883284712202,1746.0
scanId=167644,2.793933333333,850.8051252948736,1533.0
scanId=167644,2.793933333333,850.8219222761378,1185.0
scanId=167644,2.793933333333,853.6798198086068,1032.0
scanId=167644,2.793933333333,853.6966451507658,1602.0
scanId=167644,2.793933333333,853.713470651512,1871.0
scanId=167644,2.793933333333,853.7302963252814,1776.0
scanId=167644,2.793933333333,853.7471221576496,1467.0
scanId=167644,2.793933333333,853.7639481630296,1024.0
scanId=167644,2.793933333333,854.6896336018616,1388.0
scanId=167644,2.793933333333,854.7064688923363,1538.0
scanId=167644,2.793933333333,854.7233043417392,1155.0
scanId=167644,2.793933333333,861.7412342557717,1041.0
scanId=167644,2.793933333333,861.7581388528466,1076.0
scanId=167644,2.793933333333,861.7750436112207,1094.0
scanId=167644,2.793933333333,861.7919485399061,1040.0
scanId=167644,2.793933333333,862.7727179707165,1113.0
scanId=167644,2.793933333333,865.7014295382222,1135.0
scanId=167644,2.793933333333,865.7183729337289,1118.0
scanId=167644,2.793933333333,865.7353164918591,1031.0
scanId=167644,2.793933333333,868.5332745889987,1270.0
scanId=167644,2.793933333333,868.5502456717408,1935.0
scanId=167644,2.793933333333,868.567216922532,2897.0
scanId=167644,2.793933333333,868.5841883368959,3541.0
scanId=167644,2.793933333333,868.6011599192974,3555.0
scanId=167644,2.793933333333,868.6181316652834,3251.0
scanId=167644,2.793933333333,868.6351035792956,2585.0
scanId=167644,2.793933333333,868.6520756569031,1793.0
scanId=167644,2.793933333333,868.6690479025259,1203.0
scanId=167644,2.793933333333,869.5857953315731,1274.0
scanId=167644,2.793933333333,869.6027766945917,1297.0
scanId=167644,2.793933333333,869.6197582253092,1065.0
scanId=167644,2.793933333333,870.553997706438,1092.0
scanId=167644,2.793933333333,870.5709885222502,1055.0
scanId=167644,2.793933333333,872.7471817569683,1350.0
scanId=167644,2.793933333333,872.7641939608147,1700.0
scanId=167644,2.793933333333,872.7812063313112,1534.0
scanId=167644,2.793933333333,872.7982188667797,1084.0
scanId=167644,2.793933333333,873.7511855061197,1262.0
scanId=167644,2.793933333333,873.7682074933215,1244.0
scanId=167644,2.793933333333,873.7852296458219,1139.0
scanId=167644,2.793933333333,874.738734829802,1146.0
scanId=167644,2.793933333333,874.7557664337091,1349.0
scanId=167644,2.793933333333,874.7727982032413,1583.0
scanId=167644,2.793933333333,874.7898301387589,1404.0
scanId=167644,2.793933333333,874.8068622399127,1144.0
scanId=167644,2.793933333333,875.7779660912546,1061.0
scanId=167644,2.793933333333,875.7950078094398,1186.0
scanId=167644,2.793933333333,878.7457206189013,1102.0
scanId=167644,2.793933333333,878.7627911881796,1137.0
scanId=167644,2.793933333333,878.7798619221293,1305.0
scanId=167644,2.793933333333,878.7969328230292,1420.0
scanId=167644,2.793933333333,878.8140038885892,1379.0
scanId=167644,2.793933333333,878.8310751211113,1351.0
scanId=167644,2.793933333333,878.8481465182817,1234.0
scanId=167644,2.793933333333,879.719007665769,1186.0
scanId=167644,2.793933333333,879.7360876848134,1118.0
scanId=167644,2.793933333333,879.7531678711224,1024.0
scanId=167644,2.793933333333,879.7702482217773,1006.0
scanId=167644,2.793933333333,890.7872440605685,1026.0
scanId=167644,2.793933333333,892.7992636486963,1016.0
scanId=167644,2.793933333333,895.5716508006494,1058.0
scanId=167644,2.793933333333,895.5888840237577,1199.0
scanId=167644,2.793933333333,896.7093994017347,1111.0
scanId=167644,2.793933333333,896.7266435679903,1175.0
scanId=167644,2.793933333333,896.7438879070161,1133.0
scanId=167644,2.793933333333,896.7611324048821,1110.0
scanId=167644,2.793933333333,896.7783770755294,1087.0
scanId=167644,2.793933333333,896.795621905006,1028.0
scanId=167644,2.793933333333,898.7280924303245,1968.0
scanId=167644,2.793933333333,898.7453560033994,2885.0
scanId=167644,2.793933333333,898.7626197346759,4272.0
scanId=167644,2.793933333333,898.7798836393724,4715.0
scanId=167644,2.793933333333,898.7971477022595,3830.0
scanId=167644,2.793933333333,898.8144119385773,3256.0
scanId=167644,2.793933333333,898.8316763330752,2786.0
scanId=167644,2.793933333333,898.8489409010144,2194.0
scanId=167644,2.793933333333,898.8662056271226,1507.0
scanId=167644,2.793933333333,899.7469267188266,1177.0
scanId=167644,2.793933333333,899.7642000668085,1284.0
scanId=167644,2.793933333333,899.7814735885289,1608.0
scanId=167644,2.793933333333,899.7987472681214,1545.0
scanId=167644,2.793933333333,899.816021121463,1330.0
scanId=167644,2.793933333333,900.7490552123954,1337.0
scanId=167644,2.793933333333,900.7663381770826,1812.0
scanId=167644,2.793933333333,900.7836213158265,2225.0
scanId=167644,2.793933333333,900.8009046121242,2323.0
scanId=167644,2.793933333333,900.8181880824894,1857.0
scanId=167644,2.793933333333,900.8354717103979,1214.0
scanId=167644,2.793933333333,903.6895417422957,1548.0
scanId=167644,2.793933333333,903.7068528938779,2316.0
scanId=167644,2.793933333333,903.7241642204466,2764.0
scanId=167644,2.793933333333,903.7414757036391,2666.0
scanId=167644,2.793933333333,903.7587873618296,2139.0
scanId=167644,2.793933333333,903.7760991766328,1839.0
scanId=167644,2.793933333333,903.7934111664443,1595.0
scanId=167644,2.793933333333,903.8107233128582,1404.0
scanId=167644,2.793933333333,903.8280356342913,1352.0
scanId=167644,2.793933333333,903.8453481123156,1119.0
scanId=167644,2.793933333333,904.7111836491414,1058.0
scanId=167644,2.793933333333,904.728504592732,1140.0
scanId=167644,2.793933333333,904.7458256926299,1628.0
scanId=167644,2.793933333333,904.763146967842,1986.0
scanId=167644,2.793933333333,904.7804683993504,1923.0
scanId=167644,2.793933333333,904.7977900061838,1737.0
scanId=167644,2.793933333333,904.8151117693029,1647.0
scanId=167644,2.793933333333,904.8324337077579,1429.0
scanId=167644,2.793933333333,905.7160721824849,1348.0
scanId=167644,2.793933333333,905.7334027430969,1770.0
scanId=167644,2.793933333333,905.7507334597001,1977.0
scanId=167644,2.793933333333,905.7680643519336,1748.0
scanId=167644,2.793933333333,905.7853954001473,1440.0
scanId=167644,2.793933333333,905.8027266240022,1083.0
scanId=167644,2.793933333333,905.8200580038267,1001.0
scanId=167644,2.793933333333,956.5648006430691,1960.0
scanId=167644,2.793933333333,956.5826110591474,2768.0
scanId=167644,2.793933333333,956.6004216161843,3490.0
scanId=167644,2.793933333333,956.6182323638834,3631.0
scanId=167644,2.793933333333,956.6360432525308,3000.0
scanId=167644,2.793933333333,956.6538543318499,2195.0
scanId=167644,2.793933333333,956.671665552108,1641.0
scanId=167644,2.793933333333,956.6894769630474,1205.0
scanId=167644,2.793933333333,957.5802582930004,1124.0
scanId=167644,2.793933333333,957.5980781351323,1471.0
scanId=167644,2.793933333333,957.615898168199,1630.0
scanId=167644,2.793933333333,957.6337183419413,1656.0
scanId=167644,2.793933333333,957.6515387066286,1304.0
scanId=167644,2.793933333333,961.5403334638838,1373.0
scanId=167644,2.793933333333,961.5581901147843,2319.0
scanId=167644,2.793933333333,961.5760469576954,3210.0
scanId=167644,2.793933333333,961.5939039402065,3385.0
scanId=167644,2.793933333333,961.6117611147379,3111.0
scanId=167644,2.793933333333,961.6296184288592,2408.0
scanId=167644,2.793933333333,961.647475935011,1875.0
scanId=167644,2.793933333333,961.6653335807429,1534.0
scanId=167644,2.793933333333,961.6831914185145,1251.0
scanId=167644,2.793933333333,962.5584279278025,1107.0
scanId=167644,2.793933333333,962.5762940560779,1277.0
scanId=167644,2.793933333333,962.5941603236837,1167.0
scanId=167644,2.793933333333,962.6120267835792,1159.0
scanId=167644,2.793933333333,962.6298933827956,1330.0
scanId=167644,2.793933333333,962.6477601743111,1077.0
scanId=167644,2.793933333333,987.4981022745167,1127.0
scanId=167644,2.793933333333,987.5161983482183,3439.0
scanId=167644,2.793933333333,987.5342946205959,10956.0
scanId=167644,2.793933333333,987.5523910259078,26826.0
scanId=167644,2.793933333333,987.5704876299051,50793.0
scanId=167644,2.793933333333,987.5885843668275,76459.0
scanId=167644,2.793933333333,987.6066813024439,91714.0
scanId=167644,2.793933333333,987.6247783709769,89411.0
scanId=167644,2.793933333333,987.6428756382126,75270.0
scanId=167644,2.793933333333,987.6609730383562,56341.0
scanId=167644,2.793933333333,987.6790706372111,39946.0
scanId=167644,2.793933333333,987.6971683689651,27813.0
scanId=167644,2.793933333333,987.7152662994397,18967.0
scanId=167644,2.793933333333,987.7333643628042,12506.0
scanId=167644,2.793933333333,987.7514626248978,8085.0
scanId=167644,2.793933333333,987.7695610198731,5415.0
scanId=167644,2.793933333333,987.787659613586,3936.0
scanId=167644,2.793933333333,987.8057583401718,3127.0
scanId=167644,2.793933333333,987.8238572655041,2511.0
scanId=167644,2.793933333333,987.8419563237002,1902.0
scanId=167644,2.793933333333,987.860055580652,1593.0
scanId=167644,2.793933333333,987.8781549704586,1713.0
scanId=167644,2.793933333333,987.8962545590294,1691.0
scanId=167644,2.793933333333,987.9143542804468,1548.0
scanId=167644,2.793933333333,987.932454200637,1381.0
scanId=167644,2.793933333333,987.9505542536648,1151.0
scanId=167644,2.793933333333,987.9686545054745,1074.0
scanId=167644,2.793933333333,988.2220752097716,1007.0
scanId=167644,2.793933333333,988.2401779156835,1155.0
scanId=167644,2.793933333333,988.2582808204478,1148.0
scanId=167644,2.793933333333,988.2763838579702,1139.0
scanId=167644,2.793933333333,988.2944870943535,1157.0
scanId=167644,2.793933333333,988.3125904634867,1236.0
scanId=167644,2.793933333333,988.3306940314892,1237.0
scanId=167644,2.793933333333,988.3487977322327,1191.0
scanId=167644,2.793933333333,988.3669016318548,1083.0
scanId=167644,2.793933333333,988.3850056642088,1079.0
scanId=167644,2.793933333333,988.4031098954501,1091.0
scanId=167644,2.793933333333,988.4574235178507,1007.0
scanId=167644,2.793933333333,988.4755284123305,1123.0
scanId=167644,2.793933333333,988.4936334395161,1543.0
scanId=167644,2.793933333333,988.5117386656154,2979.0
scanId=167644,2.793933333333,988.5298440244115,6637.0
scanId=167644,2.793933333333,988.54794958213,14887.0
scanId=167644,2.793933333333,988.5660552725368,30000.0
scanId=167644,2.793933333333,988.5841611618745,50427.0
scanId=167644,2.793933333333,988.6022671838916,67163.0
scanId=167644,2.793933333333,988.6203734048488,73310.0
scanId=167644,2.793933333333,988.6384797584766,67349.0
scanId=167644,2.793933333333,988.6565863110532,52175.0
scanId=167644,2.793933333333,988.6746929962914,37254.0
scanId=167644,2.793933333333,988.6927998804869,26051.0
scanId=167644,2.793933333333,988.7109068973358,17719.0
scanId=167644,2.793933333333,988.7290141131507,11987.0
scanId=167644,2.793933333333,988.74712146161,8490.0
scanId=167644,2.793933333333,988.7652290090443,6052.0
scanId=167644,2.793933333333,988.7833366891142,4277.0
scanId=167644,2.793933333333,988.8014445681677,3309.0
scanId=167644,2.793933333333,988.8195525798482,2837.0
scanId=167644,2.793933333333,988.8376607905209,2659.0
scanId=167644,2.793933333333,988.8557691338117,2783.0
scanId=167644,2.793933333333,988.8738776761039,2575.0
scanId=167644,2.793933333333,988.8919863510054,2141.0
scanId=167644,2.793933333333,988.9100952249169,1880.0
scanId=167644,2.793933333333,988.9282042314288,1666.0
scanId=167644,2.793933333333,988.9463134369594,1457.0
scanId=167644,2.793933333333,988.964422775082,1496.0
scanId=167644,2.793933333333,988.9825323122319,1481.0
scanId=167644,2.793933333333,989.0006419819649,1165.0
scanId=167644,2.793933333333,989.054972052466,1387.0
scanId=167644,2.793933333333,989.0730823854203,1877.0
scanId=167644,2.793933333333,989.0911929174281,2215.0
scanId=167644,2.793933333333,989.1093035819929,2084.0
scanId=167644,2.793933333333,989.1274144456198,1620.0
scanId=167644,2.793933333333,989.1455254417949,1431.0
scanId=167644,2.793933333333,989.1636366370413,1428.0
scanId=167644,2.793933333333,989.181747964827,1292.0
scanId=167644,2.793933333333,989.1998594916925,1161.0
scanId=167644,2.793933333333,989.2179711510888,1098.0
scanId=167644,2.793933333333,989.2360830095736,1100.0
scanId=167644,2.793933333333,989.2541950005802,1191.0
scanId=167644,2.793933333333,989.2723071906845,1176.0
scanId=167644,2.793933333333,989.2904195133017,1191.0
scanId=167644,2.793933333333,989.3085320350252,1283.0
scanId=167644,2.793933333333,989.3266446892529,1364.0
scanId=167644,2.793933333333,989.3447575425955,1366.0
scanId=167644,2.793933333333,989.3628705284341,1300.0
scanId=167644,2.793933333333,989.3809837133957,1157.0
scanId=167644,2.793933333333,989.3990970308446,1033.0
scanId=167644,2.793933333333,989.417210547426,1056.0
scanId=167644,2.793933333333,989.4353241964852,1053.0
scanId=167644,2.793933333333,989.4896662051752,1021.0
scanId=167644,2.793933333333,989.5077805174558,1021.0
scanId=167644,2.793933333333,989.5258950288948,1709.0
scanId=167644,2.793933333333,989.5440096727856,4208.0
scanId=167644,2.793933333333,989.562124515844,9273.0
scanId=167644,2.793933333333,989.5802394913454,16329.0
scanId=167644,2.793933333333,989.5983546660228,22845.0
scanId=167644,2.793933333333,989.616469973135,26260.0
scanId=167644,2.793933333333,989.6345854794316,25566.0
scanId=167644,2.793933333333,989.6527011181541,21668.0
scanId=167644,2.793933333333,989.6708169560702,16271.0
scanId=167644,2.793933333333,989.6889329264033,12172.0
scanId=167644,2.793933333333,989.7070490959385,9203.0
scanId=167644,2.793933333333,989.7251653978822,6642.0
scanId=167644,2.793933333333,989.7432818990367,4639.0
scanId=167644,2.793933333333,989.761398532591,3145.0
scanId=167644,2.793933333333,989.7795153653645,2442.0
scanId=167644,2.793933333333,989.7976323305292,1975.0
scanId=167644,2.793933333333,989.8157494949223,1584.0
scanId=167644,2.793933333333,989.8338667916975,1539.0
scanId=167644,2.793933333333,989.8519842877096,1304.0
scanId=167644,2.793933333333,989.8701019160955,1107.0
scanId=167644,2.793933333333,989.906337703723,1108.0
scanId=167644,2.793933333333,989.924455862974,1352.0
scanId=167644,2.793933333333,989.9425741545807,1286.0
scanId=167644,2.793933333333,989.9606926454508,1225.0
scanId=167644,2.793933333333,989.978811268668,1135.0
scanId=167644,2.793933333333,989.9969300911572,1042.0
scanId=167644,2.793933333333,990.0150490459852,1226.0
scanId=167644,2.793933333333,990.0331682000935,1522.0
scanId=167644,2.793933333333,990.0512874865318,1545.0
scanId=167644,2.793933333333,990.0694069722597,1835.0
scanId=167644,2.793933333333,990.0875265903085,2044.0
scanId=167644,2.793933333333,990.1056464076553,1957.0
scanId=167644,2.793933333333,990.1237663573148,1653.0
scanId=167644,2.793933333333,990.1418865062809,1404.0
scanId=167644,2.793933333333,990.1600067875511,1533.0
scanId=167644,2.793933333333,990.1781272681364,1661.0
scanId=167644,2.793933333333,990.1962478810168,1399.0
scanId=167644,2.793933333333,990.2143686932216,1126.0
scanId=167644,2.793933333333,990.2687320576381,1150.0
scanId=167644,2.793933333333,990.2868535330812,1108.0
scanId=167644,2.793933333333,990.4318311715574,1197.0
scanId=167644,2.793933333333,990.4499541057115,1426.0
scanId=167644,2.793933333333,990.4680772392509,1301.0
scanId=167644,2.793933333333,990.4862005050155,1039.0
scanId=167644,2.793933333333,990.5224475675493,1090.0
scanId=167644,2.793933333333,990.540571364327,1678.0
scanId=167644,2.793933333333,990.5586952933127,2516.0
scanId=167644,2.793933333333,990.5768194217097,3490.0
scanId=167644,2.793933333333,990.5949436823059,5649.0
scanId=167644,2.793933333333,990.6130681423222,7123.0
scanId=167644,2.793933333333,990.6311927345289,7040.0
scanId=167644,2.793933333333,990.6493175261643,5824.0
scanId=167644,2.793933333333,990.6674424499818,4366.0
scanId=167644,2.793933333333,990.6855675732363,3325.0
scanId=167644,2.793933333333,990.7036928286641,2560.0
scanId=167644,2.793933333333,990.721818283538,1874.0
scanId=167644,2.793933333333,990.7399438705763,1621.0
scanId=167644,2.793933333333,990.7580696570693,1419.0
scanId=167644,2.793933333333,990.7761955757184,1103.0
scanId=167644,2.793933333333,990.8124479440902,1072.0
scanId=167644,2.793933333333,990.8305743938215,1106.0
scanId=167644,2.793933333333,991.5557676718837,1114.0
scanId=167644,2.793933333333,991.5739008859643,1127.0
scanId=167644,2.793933333333,991.592034299699,1330.0
scanId=167644,2.793933333333,991.6101678453899,1588.0
scanId=167644,2.793933333333,991.6283015907438,1871.0
scanId=167644,2.793933333333,991.6464354680454,1883.0
scanId=167644,2.793933333333,991.6645695450186,1535.0
scanId=167644,2.793933333333,991.6827037539306,1074.0
scanId=167644,2.793933333333,1009.5522439312708,1105.0
scanId=167644,2.793933333333,1009.5705409609523,1064.0
scanId=167644,2.793933333333,1009.6071355556919,1154.0
scanId=167644,2.793933333333,1009.625433120758,1299.0
scanId=167644,2.793933333333,1009.6437308136602,1185.0
scanId=167644,2.793933333333,1010.5954403142296,1112.0
scanId=167644,2.793933333333,1010.6137468329948,1234.0
scanId=167644,2.793933333333,1019.567102128113,1558.0
scanId=167644,2.793933333333,1019.5854896874683,2563.0
scanId=167644,2.793933333333,1019.6038774527134,3507.0
scanId=167644,2.793933333333,1019.6222653436791,3602.0
scanId=167644,2.793933333333,1019.6406534405421,2925.0
scanId=167644,2.793933333333,1019.6590416631187,2143.0
scanId=167644,2.793933333333,1019.6774300915997,1486.0
scanId=167644,2.793933333333,1019.6958186457866,1056.0
scanId=167644,2.793933333333,1020.5602686855634,1291.0
scanId=167644,2.793933333333,1020.5786651984032,2456.0
scanId=167644,2.793933333333,1020.5970619173361,3639.0
scanId=167644,2.793933333333,1020.6154587617862,3516.0
scanId=167644,2.793933333333,1020.6338558123374,2682.0
scanId=167644,2.793933333333,1020.652252988398,1827.0
scanId=167644,2.793933333333,1020.6706503705672,1467.0
scanId=167644,2.793933333333,1020.6890478782383,1343.0
scanId=167644,2.793933333333,1020.7074455920255,1106.0
scanId=167644,2.793933333333,1021.6091356735316,1109.0
scanId=167644,2.793933333333,1021.6275416777694,1283.0
scanId=167644,2.793933333333,1021.6459478073145,1052.0
scanId=167644,2.793933333333,1041.547037910721,1533.0
scanId=167644,2.793933333333,1041.5656226568358,2995.0
scanId=167644,2.793933333333,1041.5842075244557,4272.0
scanId=167644,2.793933333333,1041.6027926021875,4581.0
scanId=167644,2.793933333333,1041.6213778014173,4446.0
scanId=167644,2.793933333333,1041.6399632107666,4056.0
scanId=167644,2.793933333333,1041.6585487416069,3226.0
scanId=167644,2.793933333333,1041.6771344825736,2284.0
scanId=167644,2.793933333333,1041.6957203450245,1581.0
scanId=167644,2.793933333333,1041.714306417608,1047.0
scanId=167644,2.793933333333,1042.5694439742297,2059.0
scanId=167644,2.793933333333,1042.588037795333,3579.0
scanId=167644,2.793933333333,1042.6066318267276,4380.0
scanId=167644,2.793933333333,1042.625225979442,4047.0
scanId=167644,2.793933333333,1042.6438203424527,3186.0
scanId=167644,2.793933333333,1042.6624148267774,2247.0
scanId=167644,2.793933333333,1042.6810095214057,1473.0
scanId=167644,2.793933333333,1043.5737487845563,1173.0
scanId=167644,2.793933333333,1043.5923515591442,1379.0
scanId=167644,2.793933333333,1043.6109545441989,1556.0
scanId=167644,2.793933333333,1043.6295576503976,1600.0
scanId=167644,2.793933333333,1043.6481609670695,1551.0
scanId=167644,2.793933333333,1043.6667644048784,1263.0
scanId=167644,2.793933333333,1045.6582926949575,1146.0
scanId=167644,2.793933333333,1045.6769140397348,1326.0
scanId=167644,2.793933333333,1045.6955355953417,1075.0
scanId=167644,2.793933333333,1046.5895641727932,1575.0
scanId=167644,2.793933333333,1046.6081938078337,3086.0
scanId=167644,2.793933333333,1046.6268236538635,5433.0
scanId=167644,2.793933333333,1046.6454536205147,8258.0
scanId=167644,2.793933333333,1046.664083798161,9466.0
scanId=167644,2.793933333333,1046.6827140964226,8466.0
scanId=167644,2.793933333333,1046.701344605686,6421.0
scanId=167644,2.793933333333,1046.7199752355586,4445.0
scanId=167644,2.793933333333,1046.7386060764386,3028.0
scanId=167644,2.793933333333,1046.7572370379214,1940.0
scanId=167644,2.793933333333,1046.7758682104184,1273.0
scanId=167644,2.793933333333,1047.5958029545106,1407.0
scanId=167644,2.793933333333,1047.6144415430356,2133.0
scanId=167644,2.793933333333,1047.6330803427206,3305.0
scanId=167644,2.793933333333,1047.6517192628564,5032.0
scanId=167644,2.793933333333,1047.6703583941585,5203.0
scanId=167644,2.793933333333,1047.6889976459045,4282.0
scanId=167644,2.793933333333,1047.7076371088233,3297.0
scanId=167644,2.793933333333,1047.7262766921797,2283.0
scanId=167644,2.793933333333,1047.7449164867153,1532.0
scanId=167644,2.793933333333,1047.7635564016828,1173.0
scanId=167644,2.793933333333,1048.6398205243388,1320.0
scanId=167644,2.793933333333,1048.6584683979584,1417.0
scanId=167644,2.793933333333,1048.6771164829154,1486.0
scanId=167644,2.793933333333,1048.6957646881456,1516.0
scanId=167644,2.793933333333,1048.7144131047187,1420.0
scanId=167644,2.793933333333,1048.7330616415593,1238.0
scanId=167644,2.793933333333,1060.6271323710414,1149.0
scanId=167644,2.793933333333,1060.6458865732836,3073.0
scanId=167644,2.793933333333,1060.6646408938825,6073.0
scanId=167644,2.793933333333,1060.6833954277413,8098.0
scanId=167644,2.793933333333,1060.702150079951,8416.0
scanId=167644,2.793933333333,1060.7209049454254,7057.0
scanId=167644,2.793933333333,1060.7396599292456,5329.0
scanId=167644,2.793933333333,1060.7584151263363,3962.0
scanId=167644,2.793933333333,1060.7771704417669,2748.0
scanId=167644,2.793933333333,1060.7959259704744,1830.0
scanId=167644,2.793933333333,1060.8146816175156,1212.0
scanId=167644,2.793933333333,1061.6400952803408,1102.0
scanId=167644,2.793933333333,1061.6588584362205,2589.0
scanId=167644,2.793933333333,1061.6776217103036,4250.0
scanId=167644,2.793933333333,1061.6963851977994,5538.0
scanId=167644,2.793933333333,1061.715148803493,5994.0
scanId=167644,2.793933333333,1061.7339126226057,5506.0
scanId=167644,2.793933333333,1061.75267655991,4193.0
scanId=167644,2.793933333333,1061.771440710638,3042.0
scanId=167644,2.793933333333,1061.7902049795528,2246.0
scanId=167644,2.793933333333,1061.8089694618968,1570.0
scanId=167644,2.793933333333,1061.8277340624227,1025.0
scanId=167644,2.793933333333,1062.653541681908,1233.0
scanId=167644,2.793933333333,1062.6723137914237,2186.0
scanId=167644,2.793933333333,1062.6910860189912,2892.0
scanId=167644,2.793933333333,1062.7098584601229,2753.0
scanId=167644,2.793933333333,1062.728631019301,2190.0
scanId=167644,2.793933333333,1062.7474037920485,1805.0
scanId=167644,2.793933333333,1062.7661766828376,1431.0
scanId=167644,2.793933333333,1062.7849497872016,1094.0
scanId=167644,2.793933333333,1063.6862526388559,1140.0
scanId=167644,2.793933333333,1063.705033819908,1525.0
scanId=167644,2.793933333333,1063.7238152146747,1478.0
scanId=167644,2.793933333333,1088.7547884193498,1002.0
scanId=167644,2.793933333333,1117.6547998363446,1678.0
scanId=167644,2.793933333333,1117.6740515727358,2433.0
scanId=167644,2.793933333333,1117.6933035286925,2530.0
scanId=167644,2.793933333333,1117.7125555966938,2243.0
scanId=167644,2.793933333333,1117.7318078842636,1853.0
scanId=167644,2.793933333333,1117.7510602838754,1617.0
scanId=167644,2.793933333333,1117.7703129030585,1175.0
scanId=167644,2.793933333333,1118.6561113850703,1273.0
scanId=167644,2.793933333333,1118.6753717433348,1771.0
scanId=167644,2.793933333333,1118.6946323212326,2292.0
scanId=167644,2.793933333333,1118.7138930111075,2193.0
scanId=167644,2.793933333333,1118.7331539206182,1711.0
scanId=167644,2.793933333333,1118.7524149421042,1150.0
scanId=167644,2.793933333333,1125.6392047408647,1046.0
scanId=167644,2.793933333333,1125.6585251206345,1569.0
scanId=167644,2.793933333333,1125.677845720464,1745.0
scanId=167644,2.793933333333,1125.6971664318444,1804.0
scanId=167644,2.793933333333,1125.7164873632858,1720.0
scanId=167644,2.793933333333,1125.7358084062766,1296.0
scanId=167644,2.793933333333,1125.755129669331,1022.0
scanId=167644,2.793933333333,1125.7744510439325,1065.0
scanId=167644,2.793933333333,1125.7937726385996,1292.0
scanId=167644,2.793933333333,1125.8130943448116,1159.0
scanId=167644,2.793933333333,1276.2744457811218,1114.0
scanId=167644,2.793933333333,1276.2950183222447,2310.0
scanId=167644,2.793933333333,1276.3155910733994,3048.0
scanId=167644,2.793933333333,1276.3361639461334,3476.0
scanId=167644,2.793933333333,1276.3567370288908,3891.0
scanId=167644,2.793933333333,1276.3773102332348,3915.0
scanId=167644,2.793933333333,1276.3978836475949,3005.0
scanId=167644,2.793933333333,1276.4184571835494,1975.0
scanId=167644,2.793933333333,1276.4390309295122,1380.0
scanId=167644,2.793933333333,1276.4596047970779,1054.0
scanId=167644,2.793933333333,1277.2826963424109,1750.0
scanId=167644,2.793933333333,1277.30327705203,3145.0
scanId=167644,2.793933333333,1277.323857883416,4211.0
scanId=167644,2.793933333333,1277.3444389246374,4495.0
scanId=167644,2.793933333333,1277.3650200876345,4334.0
scanId=167644,2.793933333333,1277.3856014604587,3582.0
scanId=167644,2.793933333333,1277.406182955066,2838.0
scanId=167644,2.793933333333,1277.4267646594924,2161.0
scanId=167644,2.793933333333,1277.44734648571,1348.0
scanId=167644,2.793933333333,1278.2707563733609,1128.0
scanId=167644,2.793933333333,1278.2913450414421,2191.0
scanId=167644,2.793933333333,1278.311933831481,3978.0
scanId=167644,2.793933333333,1278.3325228311646,5539.0
scanId=167644,2.793933333333,1278.353111952814,5508.0
scanId=167644,2.793933333333,1278.3737012841007,4483.0
scanId=167644,2.793933333333,1278.394290737361,3219.0
scanId=167644,2.793933333333,1278.4148804002498,2305.0
scanId=167644,2.793933333333,1278.4354701851203,1641.0
scanId=167644,2.793933333333,1278.4560601796118,1067.0
scanId=167644,2.793933333333,1279.2591984150542,1288.0
scanId=167644,2.793933333333,1279.2797950415963,2052.0
scanId=167644,2.793933333333,1279.3003917902884,3021.0
scanId=167644,2.793933333333,1279.320988748433,3796.0
scanId=167644,2.793933333333,1279.3415858287349,4246.0
scanId=167644,2.793933333333,1279.3621831184819,4067.0
scanId=167644,2.793933333333,1279.3827805303945,3018.0
scanId=167644,2.793933333333,1279.403378151744,1987.0
scanId=167644,2.793933333333,1279.4239758952674,1303.0
scanId=167644,2.793933333333,1280.2892317597978,1635.0
scanId=167644,2.793933333333,1280.3098366764011,2550.0
scanId=167644,2.793933333333,1280.3304417153563,3739.0
scanId=167644,2.793933333333,1280.3510469635623,4093.0
scanId=167644,2.793933333333,1280.3716523341277,3437.0
scanId=167644,2.793933333333,1280.3922579139362,2393.0
scanId=167644,2.793933333333,1280.412863616112,1567.0
scanId=167644,2.793933333333,1280.4334695275231,1007.0
scanId=167644,2.793933333333,1281.2990666150313,1137.0
scanId=167644,2.793933333333,1281.3196796126385,1363.0
scanId=167644,2.793933333333,1281.340292819302,1466.0
scanId=167644,2.793933333333,1281.3609061485204,1561.0
scanId=167644,2.793933333333,1281.3815196867863,1316.0
scanId=167644,2.793933333333,1300.7692474351347,1221.0
scanId=167644,2.793933333333,1300.7900164945868,1215.0
scanId=167644,2.793933333333,1318.357300793163,1085.0
scanId=167644,2.793933333333,1318.3782097879796,1148.0
scanId=167644,2.793933333333,1318.3991189137882,1094.0
scanId=167644,2.793933333333,1319.3820356874264,1069.0
scanId=167644,2.793933333333,1320.3443939728631,1145.0
scanId=167644,2.793933333333,1320.3653186843667,1224.0
scanId=167644,2.793933333333,1320.3862435959695,1016.0
scanId=167644,2.793933333333,1321.3489679734203,1115.0
scanId=167644,2.793933333333,1321.3699006435766,1351.0
scanId=167644,2.793933333333,1321.39083351357,1234.0
scanId=167644,2.793933333333,1321.4117665153367,1106.0
scanId=167644,2.793933333333,1333.3915967908313,1124.0
scanId=167644,2.793933333333,1333.412624633209,1345.0
scanId=167644,2.793933333333,1333.4336526721615,1391.0
scanId=167644,2.793933333333,1333.4546808461498,1118.0
scanId=167644,2.793933333333,1335.389983570583,1032.0
scanId=167644,2.793933333333,1335.4110271946734,1104.0
scanId=167644,2.793933333333,1335.4320709543563,1248.0
scanId=167644,2.793933333333,1335.4531149100446,1148.0
scanId=167644,2.793933333333,1342.9130880616597,1000.0
scanId=167644,2.793933333333,1521.9339564835284,1227.0
scanId=167644,2.793933333333,1521.956421857544,1624.0
scanId=167644,2.793933333333,1521.9788873518978,1982.0
scanId=167644,2.793933333333,1522.001353057524,1950.0
scanId=167644,2.793933333333,1522.0238188834655,1669.0
scanId=167644,2.793933333333,1522.0462849207022,1268.0
scanId=168643,2.810583333333,102.11945812823743,1066.0
scanId=168643,2.810583333333,102.12527748278399,1722.0
scanId=168643,2.810583333333,102.13109700313582,1576.0
scanId=168643,2.810583333333,102.13691668929287,1081.0
scanId=168643,2.810583333333,121.05727402126676,1113.0
scanId=168643,2.810583333333,121.06361013525675,1081.0
scanId=168643,2.810583333333,149.01827571788218,1080.0
scanId=168643,2.810583333333,149.02530555614644,1017.0
scanId=168643,2.810583333333,189.0871359689179,1050.0
scanId=168643,2.810583333333,203.09182713965538,1503.0
scanId=168643,2.810583333333,203.10003383392424,1977.0
scanId=168643,2.810583333333,203.1082406184657,1807.0
scanId=168643,2.810583333333,203.11644764433376,1304.0
scanId=168643,2.810583333333,206.1396085480254,1156.0
scanId=168643,2.810583333333,206.14787658812693,1462.0
scanId=168643,2.810583333333,206.156144720616,1202.0
scanId=168643,2.810583333333,216.08736515590454,1128.0
scanId=168643,2.810583333333,216.09583026504714,1323.0
scanId=168643,2.810583333333,244.08743532822794,1763.0
scanId=168643,2.810583333333,244.0964322204038,1918.0
scanId=168643,2.810583333333,244.105429232833,1424.0
scanId=168643,2.810583333333,248.11649242936642,1573.0
scanId=168643,2.810583333333,248.1255632676533,2200.0
scanId=168643,2.810583333333,248.13463422923016,2362.0
scanId=168643,2.810583333333,248.14370539911383,2082.0
scanId=168643,2.810583333333,248.15277669230127,1549.0
scanId=168643,2.810583333333,249.12436536093003,1241.0
scanId=168643,2.810583333333,249.13345456108593,1146.0
scanId=168643,2.810583333333,249.14254396879574,1000.0
scanId=168643,2.810583333333,262.1048654175388,1096.0
scanId=168643,2.810583333333,273.15471473243576,1338.0
scanId=168643,2.810583333333,273.16423223135126,1923.0
scanId=168643,2.810583333333,273.17374987230903,1942.0
scanId=168643,2.810583333333,273.18326770282096,1540.0
scanId=168643,2.810583333333,273.19278567538936,1035.0
scanId=168643,2.810583333333,290.1229042156162,1849.0
scanId=168643,2.810583333333,290.132712856216,2191.0
scanId=168643,2.810583333333,290.1425216512173,1690.0
scanId=168643,2.810583333333,290.15233062341366,1107.0
scanId=168643,2.810583333333,292.1371412897361,1039.0
scanId=168643,2.810583333333,292.1469839090111,1754.0
scanId=168643,2.810583333333,292.1568267040502,1847.0
scanId=168643,2.810583333333,292.16666965493573,1523.0
scanId=168643,2.810583333333,292.1765127815714,1082.0
scanId=168643,2.810583333333,293.15180254013893,1008.0
scanId=168643,2.810583333333,293.16166224660003,1060.0
scanId=168643,2.810583333333,294.1484697292405,2371.0
scanId=168643,2.810583333333,294.1583461727894,3766.0
scanId=168643,2.810583333333,294.1682227906732,3936.0
scanId=168643,2.810583333333,294.17809956583255,3225.0
scanId=168643,2.810583333333,294.18797651531276,2217.0
scanId=168643,2.810583333333,294.1978536220828,1483.0
scanId=168643,2.810583333333,295.1666148069916,1089.0
scanId=168643,2.810583333333,295.17650833629847,1078.0
scanId=168643,2.810583333333,368.4054846683426,1385.0
scanId=168643,2.810583333333,368.41653766604406,1832.0
scanId=168643,2.810583333333,368.4275907918437,1592.0
scanId=168643,2.810583333333,368.43864412115585,1024.0
scanId=168643,2.810583333333,391.2072704427044,1077.0
scanId=168643,2.810583333333,391.21866035670223,1012.0
scanId=168643,2.810583333333,494.2662843147362,1628.0
scanId=168643,2.810583333333,494.27908688958235,5584.0
scanId=168643,2.810583333333,494.2918895514093,11820.0
scanId=168643,2.810583333333,494.30469245786617,16456.0
scanId=168643,2.810583333333,494.31749545130026,17426.0
scanId=168643,2.810583333333,494.3302986893676,15092.0
scanId=168643,2.810583333333,494.3431020144088,10953.0
scanId=168643,2.810583333333,494.35590558408654,7034.0
scanId=168643,2.810583333333,494.368709240735,4528.0
scanId=168643,2.810583333333,494.3815131420232,3044.0
scanId=168643,2.810583333333,494.3943171302785,1953.0
scanId=168643,2.810583333333,494.40712136317745,1299.0
scanId=168643,2.810583333333,494.7657060971869,1016.0
scanId=168643,2.810583333333,494.7785150595488,3255.0
scanId=168643,2.810583333333,494.79132426660567,7346.0
scanId=168643,2.810583333333,494.80413356057454,11241.0
scanId=168643,2.810583333333,494.81694309924177,12070.0
scanId=168643,2.810583333333,494.829752724818,11099.0
scanId=168643,2.810583333333,494.8425625950957,8964.0
scanId=168643,2.810583333333,494.8553725522789,6374.0
scanId=168643,2.810583333333,494.8681827541673,4460.0
scanId=168643,2.810583333333,494.88099304295764,3059.0
scanId=168643,2.810583333333,494.89380357645643,1881.0
scanId=168643,2.810583333333,494.906614196854,1209.0
scanId=168643,2.810583333333,495.2781954969131,1253.0
scanId=168643,2.810583333333,495.29101109141766,2221.0
scanId=168643,2.810583333333,495.3038269306849,2981.0
scanId=168643,2.810583333333,495.3166428567965,4095.0
scanId=168643,2.810583333333,495.32945902767443,4115.0
scanId=168643,2.810583333333,495.3422752853931,3117.0
scanId=168643,2.810583333333,495.3550917878814,1881.0
scanId=168643,2.810583333333,495.36790837720747,1249.0
scanId=168643,2.810583333333,495.81659488183476,1024.0
scanId=168643,2.810583333333,511.30997053796455,1119.0
scanId=168643,2.810583333333,511.322991975759,1034.0
scanId=168643,2.810583333333,539.2610087308366,1221.0
scanId=168643,2.810583333333,539.2743813441801,1410.0
scanId=168643,2.810583333333,539.2877540412514,1158.0
scanId=168643,2.810583333333,550.6064443088574,1715.0
scanId=168643,2.810583333333,550.6199568618437,1826.0
scanId=168643,2.810583333333,550.6334694985801,1279.0
scanId=168643,2.810583333333,564.3522467404891,1280.0
scanId=168643,2.810583333333,564.3659268409909,1107.0
scanId=168643,2.810583333333,583.3607901143733,1226.0
scanId=168643,2.810583333333,583.3746986958724,1236.0
scanId=168643,2.810583333333,583.3886075234394,1021.0
scanId=168643,2.810583333333,604.3393457607261,2534.0
scanId=168643,2.810583333333,604.3535023013575,5353.0
scanId=168643,2.810583333333,604.3676589299223,8567.0
scanId=168643,2.810583333333,604.3818158021639,9312.0
scanId=168643,2.810583333333,604.3959727623434,8156.0
scanId=168643,2.810583333333,604.4101299661955,5939.0
scanId=168643,2.810583333333,604.4242872579892,3841.0
scanId=168643,2.810583333333,604.438444793452,2403.0
scanId=168643,2.810583333333,604.4526024168598,1625.0
scanId=168643,2.810583333333,604.4667602839332,1173.0
scanId=168643,2.810583333333,605.3448694484081,1592.0
scanId=168643,2.810583333333,605.3590376834766,3284.0
scanId=168643,2.810583333333,605.3732061620868,4113.0
scanId=168643,2.810583333333,605.3873747287697,4242.0
scanId=168643,2.810583333333,605.4015435389904,3894.0
scanId=168643,2.810583333333,605.4157124372877,3115.0
scanId=168643,2.810583333333,605.4298815791188,2056.0
scanId=168643,2.810583333333,605.4440508090307,1261.0
scanId=168643,2.810583333333,606.4079500671482,1039.0
scanId=168643,2.810583333333,606.4221308153479,1016.0
scanId=168643,2.810583333333,609.2900336409218,1097.0
scanId=168643,2.810583333333,609.3042479704104,3570.0
scanId=168643,2.810583333333,609.3184625428839,7800.0
scanId=168643,2.810583333333,609.3326772039871,9799.0
scanId=168643,2.810583333333,609.3468921080712,8466.0
scanId=168643,2.810583333333,609.3611071007888,6073.0
scanId=168643,2.810583333333,609.3753223364835,4209.0
scanId=168643,2.810583333333,609.3895376608159,3051.0
scanId=168643,2.810583333333,609.403753228121,2145.0
scanId=168643,2.810583333333,609.4179688840682,1442.0
scanId=168643,2.810583333333,609.4321847829838,1017.0
scanId=168643,2.810583333333,610.2996657645849,1719.0
scanId=168643,2.810583333333,610.313891943427,2189.0
scanId=168643,2.810583333333,610.3281182110438,2140.0
scanId=168643,2.810583333333,610.3423447214964,2108.0
scanId=168643,2.810583333333,610.356571320728,1903.0
scanId=168643,2.810583333333,610.3707981627911,1539.0
scanId=168643,2.810583333333,610.3850250936372,1209.0
scanId=168643,2.810583333333,611.3243716690141,1241.0
scanId=168643,2.810583333333,611.3386097858353,1460.0
scanId=168643,2.810583333333,611.3528479915826,1320.0
scanId=168643,2.810583333333,618.3781727951484,1500.0
scanId=168643,2.810583333333,618.3924928197698,1380.0
scanId=168643,2.810583333333,618.4068129344142,1072.0
scanId=168643,2.810583333333,623.314030147332,1114.0
scanId=168643,2.810583333333,660.4403125918748,1206.0
scanId=168643,2.810583333333,660.4551115604432,1173.0
scanId=168643,2.810583333333,661.4322123114382,1070.0
scanId=168643,2.810583333333,661.4470224564197,1130.0
scanId=168643,2.810583333333,663.3885805791531,1787.0
scanId=168643,2.810583333333,663.4034126104293,6230.0
scanId=168643,2.810583333333,663.4182447407413,13234.0
scanId=168643,2.810583333333,663.4330771036281,18944.0
scanId=168643,2.810583333333,663.4479095655576,19132.0
scanId=168643,2.810583333333,663.462742260055,16219.0
scanId=168643,2.810583333333,663.4775750536019,12733.0
scanId=168643,2.810583333333,663.4924080797097,9212.0
scanId=168643,2.810583333333,663.5072412048743,6070.0
scanId=168643,2.810583333333,663.5220745625926,3829.0
scanId=168643,2.810583333333,663.5369080193746,2344.0
scanId=168643,2.810583333333,663.5517417087036,1494.0
scanId=168643,2.810583333333,663.566575497103,1074.0
scanId=168643,2.810583333333,664.3975341440878,1408.0
scanId=168643,2.810583333333,664.4123774501221,3530.0
scanId=168643,2.810583333333,664.4272208554299,6225.0
scanId=168643,2.810583333333,664.4420644930748,8178.0
scanId=168643,2.810583333333,664.4569082300002,8584.0
scanId=168643,2.810583333333,664.4717521992554,7082.0
scanId=168643,2.810583333333,664.4865962677985,4772.0
scanId=168643,2.810583333333,664.5014405686643,3279.0
scanId=168643,2.810583333333,664.5162849688248,2621.0
scanId=168643,2.810583333333,664.5311296013012,2023.0
scanId=168643,2.810583333333,664.5459743330792,1369.0
scanId=168643,2.810583333333,665.4221089814732,1229.0
scanId=168643,2.810583333333,665.4369636617787,1846.0
scanId=168643,2.810583333333,665.4518185741814,2295.0
scanId=168643,2.810583333333,665.4666735861043,2458.0
scanId=168643,2.810583333333,665.4815288301177,2261.0
scanId=168643,2.810583333333,665.4963841736583,1610.0
scanId=168643,2.810583333333,665.5112397492823,1040.0
scanId=168643,2.810583333333,680.4497686830643,1372.0
scanId=168643,2.810583333333,680.4647901671929,1501.0
scanId=168643,2.810583333333,680.4798118796912,1305.0
scanId=168643,2.810583333333,685.3857176469489,1070.0
scanId=168643,2.810583333333,685.4007935164914,2403.0
scanId=168643,2.810583333333,685.4158696131161,3157.0
scanId=168643,2.810583333333,685.4309458142773,3013.0
scanId=168643,2.810583333333,685.4460222425125,2382.0
scanId=168643,2.810583333333,685.4610987752919,1671.0
scanId=168643,2.810583333333,685.4761755351378,1250.0
scanId=168643,2.810583333333,685.4912523995358,1146.0
scanId=168643,2.810583333333,686.3961695283479,1066.0
scanId=168643,2.810583333333,686.41125656812,1531.0
scanId=168643,2.810583333333,686.4263437126917,1874.0
scanId=168643,2.810583333333,686.4414310840745,1894.0
scanId=168643,2.810583333333,686.4565185602646,1464.0
scanId=168643,2.810583333333,686.471606263258,1065.0
scanId=168643,2.810583333333,722.4785344833093,1191.0
scanId=168643,2.810583333333,722.4940129385607,1815.0
scanId=168643,2.810583333333,722.5094916103661,2041.0
scanId=168643,2.810583333333,722.5249703972373,1605.0
scanId=168643,2.810583333333,723.5004698618403,1128.0
scanId=168643,2.810583333333,730.2384592961617,1167.0
scanId=168643,2.810583333333,730.254020656411,1193.0
scanId=168643,2.810583333333,730.2695822308485,1042.0
scanId=168643,2.810583333333,736.4606169595852,1214.0
scanId=168643,2.810583333333,736.4762445245176,5208.0
scanId=168643,2.810583333333,736.4918722088086,14190.0
scanId=168643,2.810583333333,736.5075001053515,25547.0
scanId=168643,2.810583333333,736.5231281212626,33450.0
scanId=168643,2.810583333333,736.5387563494161,36086.0
scanId=168643,2.810583333333,736.5543846969474,32698.0
scanId=168643,2.810583333333,736.5700132567116,25597.0
scanId=168643,2.810583333333,736.5856419358632,19396.0
scanId=168643,2.810583333333,736.6012708272378,14302.0
scanId=168643,2.810583333333,736.6168998380098,9964.0
scanId=168643,2.810583333333,736.6325290609949,6564.0
scanId=168643,2.810583333333,736.6481584033871,4382.0
scanId=168643,2.810583333333,736.6637879579829,3058.0
scanId=168643,2.810583333333,736.6794176319954,2233.0
scanId=168643,2.810583333333,736.6950475182018,1443.0
scanId=168643,2.810583333333,736.7106775238345,1046.0
scanId=168643,2.810583333333,737.4767520736943,1514.0
scanId=168643,2.810583333333,737.4923903698352,5885.0
scanId=168643,2.810583333333,737.5080288779151,12601.0
scanId=168643,2.810583333333,737.5236675056763,18397.0
scanId=168643,2.810583333333,737.5393063453666,20314.0
scanId=168643,2.810583333333,737.554945304748,18129.0
scanId=168643,2.810583333333,737.5705844760491,13501.0
scanId=168643,2.810583333333,737.586223767051,9407.0
scanId=168643,2.810583333333,737.6018632699626,6729.0
scanId=168643,2.810583333333,737.6175028925846,5300.0
scanId=168643,2.810583333333,737.6331427271066,4106.0
scanId=168643,2.810583333333,737.6487826813493,2982.0
scanId=168643,2.810583333333,737.6644228474818,2180.0
scanId=168643,2.810583333333,737.6800631333443,1658.0
scanId=168643,2.810583333333,737.6957036310876,1254.0
scanId=168643,2.810583333333,737.7113442485708,1104.0
scanId=168643,2.810583333333,738.4935876792596,1481.0
scanId=168643,2.810583333333,738.5092367988764,2537.0
scanId=168643,2.810583333333,738.5248860384886,3935.0
scanId=168643,2.810583333333,738.5405354897159,4919.0
scanId=168643,2.810583333333,738.5561850609486,4971.0
scanId=168643,2.810583333333,738.5718348437864,4287.0
scanId=168643,2.810583333333,738.5874847466392,3167.0
scanId=168643,2.810583333333,738.6031348610877,2667.0
scanId=168643,2.810583333333,738.6187850955608,2421.0
scanId=168643,2.810583333333,738.6344355416197,2056.0
scanId=168643,2.810583333333,738.6500861077135,1638.0
scanId=168643,2.810583333333,738.6657368853829,1301.0
scanId=168643,2.810583333333,738.7283415626017,1068.0
scanId=168643,2.810583333333,738.7439931235564,1025.0
scanId=168643,2.810583333333,739.5111238682651,1043.0
scanId=168643,2.810583333333,739.5267837197292,1052.0
scanId=168643,2.810583333333,739.5424437824934,1158.0
scanId=168643,2.810583333333,739.558103965578,1099.0
scanId=168643,2.810583333333,764.5083214386192,1279.0
scanId=168643,2.810583333333,764.5242438053109,2997.0
scanId=168643,2.810583333333,764.5401663003796,5984.0
scanId=168643,2.810583333333,764.556088998682,8631.0
scanId=168643,2.810583333333,764.5720118253716,9039.0
scanId=168643,2.810583333333,764.5879348552845,7373.0
scanId=168643,2.810583333333,764.6038580135952,5355.0
scanId=168643,2.810583333333,764.6197813751185,3965.0
scanId=168643,2.810583333333,764.6357048650505,2794.0
scanId=168643,2.810583333333,764.6516285581841,1855.0
scanId=168643,2.810583333333,764.667552379737,1154.0
scanId=168643,2.810583333333,765.5276859778028,2198.0
scanId=168643,2.810583333333,765.5436189560313,3900.0
scanId=168643,2.810583333333,765.559552062973,5463.0
scanId=168643,2.810583333333,765.5754853728121,5914.0
scanId=168643,2.810583333333,765.5914188113745,5477.0
scanId=168643,2.810583333333,765.6073524528243,4382.0
scanId=168643,2.810583333333,765.6232862230079,2927.0
scanId=168643,2.810583333333,765.639220196068,1914.0
scanId=168643,2.810583333333,765.6551542978727,1437.0
scanId=168643,2.810583333333,765.6710886025435,1122.0
scanId=168643,2.810583333333,766.5317862789125,1208.0
scanId=168643,2.810583333333,766.5477296661063,1795.0
scanId=168643,2.810583333333,766.5636732558718,2707.0
scanId=168643,2.810583333333,766.5796169746869,2973.0
scanId=168643,2.810583333333,766.5955608960628,2346.0
scanId=168643,2.810583333333,766.6115049464988,1691.0
scanId=168643,2.810583333333,766.6274491994856,1415.0
scanId=168643,2.810583333333,766.6433935815426,1011.0
scanId=168643,2.810583333333,791.60512474411,1001.0
scanId=168643,2.810583333333,792.5775421834373,1069.0
scanId=168643,2.810583333333,810.7077245436453,1575.0
scanId=168643,2.810583333333,810.7241209257202,2910.0
scanId=168643,2.810583333333,810.7405174954665,3208.0
scanId=168643,2.810583333333,810.7569142091629,2669.0
scanId=168643,2.810583333333,810.7733111105201,1983.0
scanId=168643,2.810583333333,810.7897081558382,1446.0
scanId=168643,2.810583333333,810.8061053888056,1018.0
scanId=168643,2.810583333333,822.6881761111754,1419.0
scanId=168643,2.810583333333,822.704693203578,2751.0
scanId=168643,2.810583333333,822.7212104795566,5251.0
scanId=168643,2.810583333333,822.7377279035809,7448.0
scanId=168643,2.810583333333,822.7542455111701,7979.0
scanId=168643,2.810583333333,822.7707632668163,7018.0
scanId=168643,2.810583333333,822.7872812060159,5283.0
scanId=168643,2.810583333333,822.8037992932842,3841.0
scanId=168643,2.810583333333,822.8203175640944,2679.0
scanId=168643,2.810583333333,822.8368359829843,1804.0
scanId=168643,2.810583333333,822.8533545854049,1161.0
scanId=168643,2.810583333333,823.6960227097422,1587.0
scanId=168643,2.810583333333,823.7125499340368,2929.0
scanId=168643,2.810583333333,823.729077306716,4073.0
scanId=168643,2.810583333333,823.7456048626209,4750.0
scanId=168643,2.810583333333,823.7621325669221,4020.0
scanId=168643,2.810583333333,823.7786604544375,2765.0
scanId=168643,2.810583333333,823.7951884903604,1935.0
scanId=168643,2.810583333333,823.8117167094864,1422.0
scanId=168643,2.810583333333,823.828245077031,1109.0
scanId=168643,2.810583333333,824.7044862976381,1269.0
scanId=168643,2.810583333333,824.7210236189724,1955.0
scanId=168643,2.810583333333,824.7375611231931,2478.0
scanId=168643,2.810583333333,824.7540987761491,2583.0
scanId=168643,2.810583333333,824.7706366119805,2151.0
scanId=168643,2.810583333333,824.7871745965584,1495.0
scanId=168643,2.810583333333,824.8037127640004,1010.0
scanId=168643,2.810583333333,825.49846516309,1051.0
scanId=168643,2.810583333333,825.5150104433483,1810.0
scanId=168643,2.810583333333,825.5315559062217,2729.0
scanId=168643,2.810583333333,825.5481015181019,2939.0
scanId=168643,2.810583333333,825.5646473125859,2540.0
scanId=168643,2.810583333333,825.5811932560879,1824.0
scanId=168643,2.810583333333,825.5977393821823,1333.0
scanId=168643,2.810583333333,825.614285657306,1140.0
scanId=168643,2.810583333333,825.9948959494646,1256.0
scanId=168643,2.810583333333,826.0114462040505,2105.0
scanId=168643,2.810583333333,826.0279966410818,2963.0
scanId=168643,2.810583333333,826.0445472272897,2973.0
scanId=168643,2.810583333333,826.0610979959315,2523.0
scanId=168643,2.810583333333,826.077648913761,1914.0
scanId=168643,2.810583333333,826.0942000140135,1491.0
scanId=168643,2.810583333333,826.1107512634649,1263.0
scanId=168643,2.810583333333,826.4914759631223,1217.0
scanId=168643,2.810583333333,826.5080311920359,2056.0
scanId=168643,2.810583333333,826.5245866032252,2593.0
scanId=168643,2.810583333333,826.5411421637606,2686.0
scanId=168643,2.810583333333,826.5576979065603,2474.0
scanId=168643,2.810583333333,826.5742537987175,1908.0
scanId=168643,2.810583333333,826.5908098731279,1307.0
scanId=168643,2.810583333333,827.0378863275151,1034.0
scanId=168643,2.810583333333,827.054447044473,1003.0
scanId=168643,2.810583333333,827.071007910958,1039.0
scanId=168643,2.810583333333,827.6507429899837,1026.0
scanId=168643,2.810583333333,827.6673098256617,2006.0
scanId=168643,2.810583333333,827.6838768432194,2780.0
scanId=168643,2.810583333333,827.7004440105196,2755.0
scanId=168643,2.810583333333,827.7170113596878,2485.0
scanId=168643,2.810583333333,827.7335788586098,2066.0
scanId=168643,2.810583333333,827.7501465393885,1535.0
scanId=168643,2.810583333333,827.7667143699323,1136.0
scanId=168643,2.810583333333,828.69477795931,1180.0
scanId=168643,2.810583333333,828.7113552567941,1525.0
scanId=168643,2.810583333333,828.7279327043716,1298.0
scanId=168643,2.810583333333,829.706296063045,1156.0
scanId=168643,2.810583333333,836.7209094155927,1187.0
scanId=168643,2.810583333333,836.7375667840408,1873.0
scanId=168643,2.810583333333,836.7542243312729,1803.0
scanId=168643,2.810583333333,836.7708820313429,1284.0
scanId=168643,2.810583333333,837.7539802047451,1118.0
scanId=168643,2.810583333333,841.7088514326214,1229.0
scanId=168643,2.810583333333,841.7255583898219,1028.0
scanId=168643,2.810583333333,848.7068078592455,1543.0
scanId=168643,2.810583333333,848.7235841230464,2710.0
scanId=168643,2.810583333333,848.7403605437531,3031.0
scanId=168643,2.810583333333,848.7571371391643,2845.0
scanId=168643,2.810583333333,848.7739138914932,2521.0
scanId=168643,2.810583333333,848.7906908185149,1913.0
scanId=168643,2.810583333333,848.8074679024655,1318.0
scanId=168643,2.810583333333,849.7136769005757,1437.0
scanId=168643,2.810583333333,849.7304631126922,2086.0
scanId=168643,2.810583333333,849.747249482056,2478.0
scanId=168643,2.810583333333,849.764036025783,2246.0
scanId=168643,2.810583333333,849.7808227267684,1626.0
scanId=168643,2.810583333333,849.7976096021061,1352.0
scanId=168643,2.810583333333,849.8143966347135,1209.0
scanId=168643,2.810583333333,853.6966451507658,1713.0
scanId=168643,2.810583333333,853.713470651512,2032.0
scanId=168643,2.810583333333,853.7302963252814,1832.0
scanId=168643,2.810583333333,853.7471221576496,1515.0
scanId=168643,2.810583333333,853.7639481630296,1205.0
scanId=168643,2.810583333333,854.6896336018616,1021.0
scanId=168643,2.810583333333,854.7064688923363,1495.0
scanId=168643,2.810583333333,854.7233043417392,1426.0
scanId=168643,2.810583333333,854.7401399638244,1285.0
scanId=168643,2.810583333333,860.7610514538425,1206.0
scanId=168643,2.810583333333,860.7779464342121,1175.0
scanId=168643,2.810583333333,861.7581388528466,1008.0
scanId=168643,2.810583333333,865.7522602189765,1129.0
scanId=168643,2.810583333333,868.5332745889987,1050.0
scanId=168643,2.810583333333,868.5502456717408,1761.0
scanId=168643,2.810583333333,868.567216922532,2643.0
scanId=168643,2.810583333333,868.5841883368959,2622.0
scanId=168643,2.810583333333,868.6011599192974,2227.0
scanId=168643,2.810583333333,868.6181316652834,1876.0
scanId=168643,2.810583333333,868.6351035792956,1510.0
scanId=168643,2.810583333333,868.6520756569031,1103.0
scanId=168643,2.810583333333,869.5688141324662,1356.0
scanId=168643,2.810583333333,869.5857953315731,1684.0
scanId=168643,2.810583333333,869.6027766945917,1385.0
scanId=168643,2.810583333333,869.6537217822777,1072.0
scanId=168643,2.810583333333,869.6707038085398,1140.0
scanId=168643,2.810583333333,869.6876860024785,1094.0
scanId=168643,2.810583333333,872.730169718082,1077.0
scanId=168643,2.810583333333,872.7471817569683,1286.0
scanId=168643,2.810583333333,872.7641939608147,1274.0
scanId=168643,2.810583333333,872.7812063313112,1340.0
scanId=168643,2.810583333333,872.7982188667797,1176.0
scanId=168643,2.810583333333,872.8152315688868,1126.0
scanId=168643,2.810583333333,873.7341636852412,1074.0
scanId=168643,2.810583333333,874.7557664337091,1013.0
scanId=168643,2.810583333333,874.7727982032413,1885.0
scanId=168643,2.810583333333,874.7898301387589,2084.0
scanId=168643,2.810583333333,874.8068622399127,1698.0
scanId=168643,2.810583333333,874.8238945070411,1173.0
scanId=168643,2.810583333333,875.7609245390316,1043.0
scanId=168643,2.810583333333,875.7779660912546,1274.0
scanId=168643,2.810583333333,875.7950078094398,1102.0
scanId=168643,2.810583333333,877.7388505456987,1046.0
scanId=168643,2.810583333333,877.7559113313325,1221.0
scanId=168643,2.810583333333,877.7729722835802,1134.0
scanId=168643,2.810583333333,878.7798619221293,1595.0
scanId=168643,2.810583333333,878.7969328230292,2291.0
scanId=168643,2.810583333333,878.8140038885892,2459.0
scanId=168643,2.810583333333,878.8310751211113,2245.0
scanId=168643,2.810583333333,878.8481465182817,1661.0
scanId=168643,2.810583333333,878.8652180824254,1062.0
scanId=168643,2.810583333333,879.7702482217773,1031.0
scanId=168643,2.810583333333,879.787328739708,1018.0
scanId=168643,2.810583333333,879.8044094219732,1080.0
scanId=168643,2.810583333333,879.8214902715258,1036.0
scanId=168643,2.810583333333,898.7280924303245,1071.0
scanId=168643,2.810583333333,898.7453560033994,2286.0
scanId=168643,2.810583333333,898.7626197346759,3137.0
scanId=168643,2.810583333333,898.7798836393724,3447.0
scanId=168643,2.810583333333,898.7971477022595,3222.0
scanId=168643,2.810583333333,898.8144119385773,2526.0
scanId=168643,2.810583333333,898.8316763330752,1737.0
scanId=168643,2.810583333333,898.8489409010144,1076.0
scanId=168643,2.810583333333,899.7469267188266,1142.0
scanId=168643,2.810583333333,899.7642000668085,1653.0
scanId=168643,2.810583333333,899.7814735885289,1752.0
scanId=168643,2.810583333333,899.7987472681214,1442.0
scanId=168643,2.810583333333,900.7490552123954,1236.0
scanId=168643,2.810583333333,900.7663381770826,2085.0
scanId=168643,2.810583333333,900.7836213158265,2598.0
scanId=168643,2.810583333333,900.8009046121242,2446.0
scanId=168643,2.810583333333,900.8181880824894,2072.0
scanId=168643,2.810583333333,900.8354717103979,1703.0
scanId=168643,2.810583333333,900.8527555123845,1319.0
scanId=168643,2.810583333333,903.6895417422957,1242.0
scanId=168643,2.810583333333,903.7068528938779,1760.0
scanId=168643,2.810583333333,903.7241642204466,2165.0
scanId=168643,2.810583333333,903.7414757036391,2201.0
scanId=168643,2.810583333333,903.7587873618296,1882.0
scanId=168643,2.810583333333,903.7760991766328,1427.0
scanId=168643,2.810583333333,903.7934111664443,1064.0
scanId=168643,2.810583333333,904.6938628808538,1241.0
scanId=168643,2.810583333333,904.7111836491414,1504.0
scanId=168643,2.810583333333,904.728504592732,1516.0
scanId=168643,2.810583333333,904.7458256926299,1585.0
scanId=168643,2.810583333333,904.763146967842,1254.0
scanId=168643,2.810583333333,904.7804683993504,1205.0
scanId=168643,2.810583333333,904.7977900061838,1480.0
scanId=168643,2.810583333333,904.8151117693029,1482.0
scanId=168643,2.810583333333,904.8324337077579,1147.0
scanId=168643,2.810583333333,956.5648006430691,1805.0
scanId=168643,2.810583333333,956.5826110591474,2495.0
scanId=168643,2.810583333333,956.6004216161843,2651.0
scanId=168643,2.810583333333,956.6182323638834,2274.0
scanId=168643,2.810583333333,956.6360432525308,1689.0
scanId=168643,2.810583333333,956.6538543318499,1237.0
scanId=168643,2.810583333333,957.5802582930004,1100.0
scanId=168643,2.810583333333,957.5980781351323,1650.0
scanId=168643,2.810583333333,957.615898168199,1816.0
scanId=168643,2.810583333333,957.6337183419413,1366.0
scanId=168643,2.810583333333,958.5962546270305,1116.0
scanId=168643,2.810583333333,958.6140839454646,1269.0
scanId=168643,2.810583333333,958.6319134043018,1015.0
scanId=168643,2.810583333333,961.5581901147843,1454.0
scanId=168643,2.810583333333,961.5760469576954,2030.0
scanId=168643,2.810583333333,961.5939039402065,1946.0
scanId=168643,2.810583333333,961.6117611147379,1632.0
scanId=168643,2.810583333333,961.6296184288592,1331.0
scanId=168643,2.810583333333,961.647475935011,1268.0
scanId=168643,2.810583333333,961.6653335807429,1036.0
scanId=168643,2.810583333333,962.5941603236837,1229.0
scanId=168643,2.810583333333,962.6120267835792,1363.0
scanId=168643,2.810583333333,962.6298933827956,1261.0
scanId=168643,2.810583333333,987.5161983482183,3770.0
scanId=168643,2.810583333333,987.5342946205959,13524.0
scanId=168643,2.810583333333,987.5523910259078,34240.0
scanId=168643,2.810583333333,987.5704876299051,69267.0
scanId=168643,2.810583333333,987.5885843668275,107327.0
scanId=168643,2.810583333333,987.6066813024439,129011.0
scanId=168643,2.810583333333,987.6247783709769,128377.0
scanId=168643,2.810583333333,987.6428756382126,108345.0
scanId=168643,2.810583333333,987.6609730383562,80070.0
scanId=168643,2.810583333333,987.6790706372111,56239.0
scanId=168643,2.810583333333,987.6971683689651,39081.0
scanId=168643,2.810583333333,987.7152662994397,27265.0
scanId=168643,2.810583333333,987.7333643628042,18493.0
scanId=168643,2.810583333333,987.7514626248978,12125.0
scanId=168643,2.810583333333,987.7695610198731,8140.0
scanId=168643,2.810583333333,987.787659613586,5629.0
scanId=168643,2.810583333333,987.8057583401718,4089.0
scanId=168643,2.810583333333,987.8238572655041,3323.0
scanId=168643,2.810583333333,987.8419563237002,2699.0
scanId=168643,2.810583333333,987.860055580652,2213.0
scanId=168643,2.810583333333,987.8781549704586,2054.0
scanId=168643,2.810583333333,987.8962545590294,1848.0
scanId=168643,2.810583333333,987.9143542804468,1780.0
scanId=168643,2.810583333333,987.932454200637,1664.0
scanId=168643,2.810583333333,987.9505542536648,1719.0
scanId=168643,2.810583333333,987.9686545054745,1914.0
scanId=168643,2.810583333333,987.9867548901127,1809.0
scanId=168643,2.810583333333,988.0048554735417,1737.0
scanId=168643,2.810583333333,988.0229561897905,1565.0
scanId=168643,2.810583333333,988.0410571048387,1414.0
scanId=168643,2.810583333333,988.0591581526983,1449.0
scanId=168643,2.810583333333,988.0772593993656,1370.0
scanId=168643,2.810583333333,988.0953607788354,1452.0
scanId=168643,2.810583333333,988.1134623571223,1409.0
scanId=168643,2.810583333333,988.1315640682027,1444.0
scanId=168643,2.810583333333,988.1496659781088,1639.0
scanId=168643,2.810583333333,988.1677680207999,1546.0
scanId=168643,2.810583333333,988.1858702623252,1447.0
scanId=168643,2.810583333333,988.2039726366266,1234.0
scanId=168643,2.810583333333,988.2220752097716,1096.0
scanId=168643,2.810583333333,988.2401779156835,1313.0
scanId=168643,2.810583333333,988.2582808204478,1418.0
scanId=168643,2.810583333333,988.2763838579702,1767.0
scanId=168643,2.810583333333,988.2944870943535,2087.0
scanId=168643,2.810583333333,988.3125904634867,2055.0
scanId=168643,2.810583333333,988.3306940314892,1765.0
scanId=168643,2.810583333333,988.3487977322327,1519.0
scanId=168643,2.810583333333,988.3669016318548,1584.0
scanId=168643,2.810583333333,988.3850056642088,1995.0
scanId=168643,2.810583333333,988.4031098954501,2204.0
scanId=168643,2.810583333333,988.4212142594149,2214.0
scanId=168643,2.810583333333,988.4393188222754,2020.0
scanId=168643,2.810583333333,988.4574235178507,1619.0
scanId=168643,2.810583333333,988.4755284123305,1323.0
scanId=168643,2.810583333333,988.4936334395161,1522.0
scanId=168643,2.810583333333,988.5117386656154,2685.0
scanId=168643,2.810583333333,988.5298440244115,7490.0
scanId=168643,2.810583333333,988.54794958213,19471.0
scanId=168643,2.810583333333,988.5660552725368,41985.0
scanId=168643,2.810583333333,988.5841611618745,69011.0
scanId=168643,2.810583333333,988.6022671838916,92368.0
scanId=168643,2.810583333333,988.6203734048488,98788.0
scanId=168643,2.810583333333,988.6384797584766,88836.0
scanId=168643,2.810583333333,988.6565863110532,70727.0
scanId=168643,2.810583333333,988.6746929962914,51499.0
scanId=168643,2.810583333333,988.6927998804869,35776.0
scanId=168643,2.810583333333,988.7109068973358,24598.0
scanId=168643,2.810583333333,988.7290141131507,16787.0
scanId=168643,2.810583333333,988.74712146161,11410.0
scanId=168643,2.810583333333,988.7652290090443,8093.0
scanId=168643,2.810583333333,988.7833366891142,5634.0
scanId=168643,2.810583333333,988.8014445681677,4385.0
scanId=168643,2.810583333333,988.8195525798482,4002.0
scanId=168643,2.810583333333,988.8376607905209,3647.0
scanId=168643,2.810583333333,988.8557691338117,3328.0
scanId=168643,2.810583333333,988.8738776761039,3076.0
scanId=168643,2.810583333333,988.8919863510054,2715.0
scanId=168643,2.810583333333,988.9100952249169,2364.0
scanId=168643,2.810583333333,988.9282042314288,2282.0
scanId=168643,2.810583333333,988.9463134369594,2447.0
scanId=168643,2.810583333333,988.964422775082,2489.0
scanId=168643,2.810583333333,988.9825323122319,2417.0
scanId=168643,2.810583333333,989.0006419819649,2568.0
scanId=168643,2.810583333333,989.0187518507342,2876.0
scanId=168643,2.810583333333,989.0368618520778,2674.0
scanId=168643,2.810583333333,989.054972052466,2505.0
scanId=168643,2.810583333333,989.0730823854203,2413.0
scanId=168643,2.810583333333,989.0911929174281,2390.0
scanId=168643,2.810583333333,989.1093035819929,2352.0
scanId=168643,2.810583333333,989.1274144456198,1925.0
scanId=168643,2.810583333333,989.1455254417949,1605.0
scanId=168643,2.810583333333,989.1636366370413,1637.0
scanId=168643,2.810583333333,989.181747964827,1728.0
scanId=168643,2.810583333333,989.1998594916925,1782.0
scanId=168643,2.810583333333,989.2179711510888,1724.0
scanId=168643,2.810583333333,989.2360830095736,1721.0
scanId=168643,2.810583333333,989.2541950005802,1606.0
scanId=168643,2.810583333333,989.2723071906845,1576.0
scanId=168643,2.810583333333,989.2904195133017,1396.0
scanId=168643,2.810583333333,989.3085320350252,1504.0
scanId=168643,2.810583333333,989.3266446892529,1930.0
scanId=168643,2.810583333333,989.3447575425955,2310.0
scanId=168643,2.810583333333,989.3628705284341,2377.0
scanId=168643,2.810583333333,989.3809837133957,2414.0
scanId=168643,2.810583333333,989.3990970308446,2237.0
scanId=168643,2.810583333333,989.417210547426,1824.0
scanId=168643,2.810583333333,989.4353241964852,1605.0
scanId=168643,2.810583333333,989.4534380446855,1628.0
scanId=168643,2.810583333333,989.4715520253557,1532.0
scanId=168643,2.810583333333,989.4896662051752,1367.0
scanId=168643,2.810583333333,989.5077805174558,1467.0
scanId=168643,2.810583333333,989.5258950288948,2511.0
scanId=168643,2.810583333333,989.5440096727856,5671.0
scanId=168643,2.810583333333,989.562124515844,11765.0
scanId=168643,2.810583333333,989.5802394913454,21757.0
scanId=168643,2.810583333333,989.5983546660228,33636.0
scanId=168643,2.810583333333,989.616469973135,39365.0
scanId=168643,2.810583333333,989.6345854794316,36744.0
scanId=168643,2.810583333333,989.6527011181541,29371.0
scanId=168643,2.810583333333,989.6708169560702,21427.0
scanId=168643,2.810583333333,989.6889329264033,14869.0
scanId=168643,2.810583333333,989.7070490959385,10208.0
scanId=168643,2.810583333333,989.7251653978822,7357.0
scanId=168643,2.810583333333,989.7432818990367,5301.0
scanId=168643,2.810583333333,989.761398532591,3874.0
scanId=168643,2.810583333333,989.7795153653645,2923.0
scanId=168643,2.810583333333,989.7976323305292,2617.0
scanId=168643,2.810583333333,989.8157494949223,2518.0
scanId=168643,2.810583333333,989.8338667916975,2430.0
scanId=168643,2.810583333333,989.8519842877096,2362.0
scanId=168643,2.810583333333,989.8701019160955,2011.0
scanId=168643,2.810583333333,989.8882197437268,1597.0
scanId=168643,2.810583333333,989.906337703723,1539.0
scanId=168643,2.810583333333,989.924455862974,1703.0
scanId=168643,2.810583333333,989.9425741545807,1849.0
scanId=168643,2.810583333333,989.9606926454508,1668.0
scanId=168643,2.810583333333,989.978811268668,1589.0
scanId=168643,2.810583333333,989.9969300911572,1641.0
scanId=168643,2.810583333333,990.0150490459852,1567.0
scanId=168643,2.810583333333,990.0331682000935,1554.0
scanId=168643,2.810583333333,990.0512874865318,1600.0
scanId=168643,2.810583333333,990.0694069722597,1588.0
scanId=168643,2.810583333333,990.0875265903085,1353.0
scanId=168643,2.810583333333,990.1056464076553,1332.0
scanId=168643,2.810583333333,990.1237663573148,1334.0
scanId=168643,2.810583333333,990.1418865062809,1333.0
scanId=168643,2.810583333333,990.1600067875511,1241.0
scanId=168643,2.810583333333,990.1781272681364,1052.0
scanId=168643,2.810583333333,990.2143686932216,1112.0
scanId=168643,2.810583333333,990.2324896377125,1429.0
scanId=168643,2.810583333333,990.2506107815364,1770.0
scanId=168643,2.810583333333,990.2687320576381,2046.0
scanId=168643,2.810583333333,990.2868535330812,2178.0
scanId=168643,2.810583333333,990.3049751407932,2030.0
scanId=168643,2.810583333333,990.3230969478556,1829.0
scanId=168643,2.810583333333,990.3412188871781,1656.0
scanId=168643,2.810583333333,990.3593410258596,1336.0
scanId=168643,2.810583333333,990.3774632967929,1142.0
scanId=168643,2.810583333333,990.3955857670936,1146.0
scanId=168643,2.810583333333,990.4137083696374,1181.0
scanId=168643,2.810583333333,990.4318311715574,1307.0
scanId=168643,2.810583333333,990.4499541057115,1421.0
scanId=168643,2.810583333333,990.4680772392509,1361.0
scanId=168643,2.810583333333,990.4862005050155,1309.0
scanId=168643,2.810583333333,990.5043239701739,1313.0
scanId=168643,2.810583333333,990.5224475675493,1689.0
scanId=168643,2.810583333333,990.540571364327,2340.0
scanId=168643,2.810583333333,990.5586952933127,3663.0
scanId=168643,2.810583333333,990.5768194217097,6216.0
scanId=168643,2.810583333333,990.5949436823059,8365.0
scanId=168643,2.810583333333,990.6130681423222,9442.0
scanId=168643,2.810583333333,990.6311927345289,9379.0
scanId=168643,2.810583333333,990.6493175261643,7866.0
scanId=168643,2.810583333333,990.6674424499818,5989.0
scanId=168643,2.810583333333,990.6855675732363,4389.0
scanId=168643,2.810583333333,990.7036928286641,3035.0
scanId=168643,2.810583333333,990.721818283538,2223.0
scanId=168643,2.810583333333,990.7399438705763,1755.0
scanId=168643,2.810583333333,990.7580696570693,1584.0
scanId=168643,2.810583333333,990.7761955757184,1782.0
scanId=168643,2.810583333333,990.7943216938305,1929.0
scanId=168643,2.810583333333,990.8124479440902,1749.0
scanId=168643,2.810583333333,990.8305743938215,1470.0
scanId=168643,2.810583333333,990.8487009756915,1257.0
scanId=168643,2.810583333333,990.8668277570423,1071.0
scanId=168643,2.810583333333,990.9030817834924,1107.0
scanId=168643,2.810583333333,990.9212090285837,1063.0
scanId=168643,2.810583333333,991.1568785390779,1000.0
scanId=168643,2.810583333333,991.1750081054428,1053.0
scanId=168643,2.810583333333,991.1931378713663,1003.0
scanId=168643,2.810583333333,991.2112677693414,1044.0
scanId=168643,2.810583333333,991.2293978668844,1165.0
scanId=168643,2.810583333333,991.2475280964701,1242.0
scanId=168643,2.810583333333,991.265658525632,1179.0
scanId=168643,2.810583333333,991.2837890868283,1066.0
scanId=168643,2.810583333333,991.5739008859643,1130.0
scanId=168643,2.810583333333,991.592034299699,1567.0
scanId=168643,2.810583333333,991.6101678453899,2069.0
scanId=168643,2.810583333333,991.6283015907438,2055.0
scanId=168643,2.810583333333,991.6464354680454,1855.0
scanId=168643,2.810583333333,991.6645695450186,1476.0
scanId=168643,2.810583333333,991.6827037539306,1161.0
scanId=168643,2.810583333333,991.7008381625227,1025.0
scanId=168643,2.810583333333,1009.5522439312708,1024.0
scanId=168643,2.810583333333,1009.5705409609523,1736.0
scanId=168643,2.810583333333,1009.5888381944,2183.0
scanId=168643,2.810583333333,1009.6071355556919,2510.0
scanId=168643,2.810583333333,1009.625433120758,2389.0
scanId=168643,2.810583333333,1009.6437308136602,1830.0
scanId=168643,2.810583333333,1009.6620287103452,1419.0
scanId=168643,2.810583333333,1009.680326734858,1015.0
scanId=168643,2.810583333333,1010.5771339994535,1094.0
scanId=168643,2.810583333333,1010.5954403142296,1685.0
scanId=168643,2.810583333333,1010.6137468329948,1572.0
scanId=168643,2.810583333333,1010.6320534793815,1168.0
scanId=168643,2.810583333333,1019.5303274667414,1568.0
scanId=168643,2.810583333333,1019.5487146944861,2604.0
scanId=168643,2.810583333333,1019.567102128113,3588.0
scanId=168643,2.810583333333,1019.5854896874683,5053.0
scanId=168643,2.810583333333,1019.6038774527134,5522.0
scanId=168643,2.810583333333,1019.6222653436791,4802.0
scanId=168643,2.810583333333,1019.6406534405421,3673.0
scanId=168643,2.810583333333,1019.6590416631187,2809.0
scanId=168643,2.810583333333,1019.6774300915997,2054.0
scanId=168643,2.810583333333,1019.6958186457866,1326.0
scanId=168643,2.810583333333,1020.5418722982486,1456.0
scanId=168643,2.810583333333,1020.5602686855634,2232.0
scanId=168643,2.810583333333,1020.5786651984032,3171.0
scanId=168643,2.810583333333,1020.5970619173361,3411.0
scanId=168643,2.810583333333,1020.6154587617862,3202.0
scanId=168643,2.810583333333,1020.6338558123374,2707.0
scanId=168643,2.810583333333,1020.652252988398,2347.0
scanId=168643,2.810583333333,1020.6706503705672,1957.0
scanId=168643,2.810583333333,1020.6890478782383,1551.0
scanId=168643,2.810583333333,1020.7074455920255,1169.0
scanId=168643,2.810583333333,1021.5907298755972,1126.0
scanId=168643,2.810583333333,1021.6091356735316,1398.0
scanId=168643,2.810583333333,1021.6275416777694,1535.0
scanId=168643,2.810583333333,1021.6459478073145,1535.0
scanId=168643,2.810583333333,1021.6643541431705,1312.0
scanId=168643,2.810583333333,1021.6827606043258,1053.0
scanId=168643,2.810583333333,1041.547037910721,1263.0
scanId=168643,2.810583333333,1041.5656226568358,3020.0
scanId=168643,2.810583333333,1041.5842075244557,4779.0
scanId=168643,2.810583333333,1041.6027926021875,5771.0
scanId=168643,2.810583333333,1041.6213778014173,5691.0
scanId=168643,2.810583333333,1041.6399632107666,4946.0
scanId=168643,2.810583333333,1041.6585487416069,3744.0
scanId=168643,2.810583333333,1041.6771344825736,2709.0
scanId=168643,2.810583333333,1041.6957203450245,1968.0
scanId=168643,2.810583333333,1041.714306417608,1319.0
scanId=168643,2.810583333333,1042.5508502744526,1340.0
scanId=168643,2.810583333333,1042.5694439742297,2041.0
scanId=168643,2.810583333333,1042.588037795333,3401.0
scanId=168643,2.810583333333,1042.6066318267276,4665.0
scanId=168643,2.810583333333,1042.625225979442,4874.0
scanId=168643,2.810583333333,1042.6438203424527,4288.0
scanId=168643,2.810583333333,1042.6624148267774,3371.0
scanId=168643,2.810583333333,1042.6810095214057,2601.0
scanId=168643,2.810583333333,1042.6996043373408,1995.0
scanId=168643,2.810583333333,1042.7181993635866,1402.0
scanId=168643,2.810583333333,1042.736794511132,1093.0
scanId=168643,2.810583333333,1043.5737487845563,1238.0
scanId=168643,2.810583333333,1043.5923515591442,2050.0
scanId=168643,2.810583333333,1043.6109545441989,2583.0
scanId=168643,2.810583333333,1043.6295576503976,2353.0
scanId=168643,2.810583333333,1043.6481609670695,1932.0
scanId=168643,2.810583333333,1043.6667644048784,1690.0
scanId=168643,2.810583333333,1043.6853680531672,1590.0
scanId=168643,2.810583333333,1043.7039718225865,1304.0
scanId=168643,2.810583333333,1045.639671470968,1226.0
scanId=168643,2.810583333333,1045.6582926949575,1551.0
scanId=168643,2.810583333333,1045.6769140397348,1563.0
scanId=168643,2.810583333333,1045.6955355953417,1309.0
scanId=168643,2.810583333333,1046.5895641727932,1807.0
scanId=168643,2.810583333333,1046.6081938078337,3038.0
scanId=168643,2.810583333333,1046.6268236538635,4676.0
scanId=168643,2.810583333333,1046.6454536205147,6628.0
scanId=168643,2.810583333333,1046.664083798161,8255.0
scanId=168643,2.810583333333,1046.6827140964226,8738.0
scanId=168643,2.810583333333,1046.701344605686,7185.0
scanId=168643,2.810583333333,1046.7199752355586,4851.0
scanId=168643,2.810583333333,1046.7386060764386,3433.0
scanId=168643,2.810583333333,1046.7572370379214,2581.0
scanId=168643,2.810583333333,1046.7758682104184,1832.0
scanId=168643,2.810583333333,1046.7944995035116,1188.0
scanId=168643,2.810583333333,1047.5958029545106,1470.0
scanId=168643,2.810583333333,1047.6144415430356,3655.0
scanId=168643,2.810583333333,1047.6330803427206,6599.0
scanId=168643,2.810583333333,1047.6517192628564,8563.0
scanId=168643,2.810583333333,1047.6703583941585,8488.0
scanId=168643,2.810583333333,1047.6889976459045,6933.0
scanId=168643,2.810583333333,1047.7076371088233,5220.0
scanId=168643,2.810583333333,1047.7262766921797,3738.0
scanId=168643,2.810583333333,1047.7449164867153,2556.0
scanId=168643,2.810583333333,1047.7635564016828,1759.0
scanId=168643,2.810583333333,1047.7821965278354,1228.0
scanId=168643,2.810583333333,1048.60252522899,1173.0
scanId=168643,2.810583333333,1048.6211727709992,1675.0
scanId=168643,2.810583333333,1048.6398205243388,2319.0
scanId=168643,2.810583333333,1048.6584683979584,2527.0
scanId=168643,2.810583333333,1048.6771164829154,2599.0
scanId=168643,2.810583333333,1048.6957646881456,2496.0
scanId=168643,2.810583333333,1048.7144131047187,2103.0
scanId=168643,2.810583333333,1048.7330616415593,1790.0
scanId=168643,2.810583333333,1048.7517103897492,1377.0
scanId=168643,2.810583333333,1060.6271323710414,2253.0
scanId=168643,2.810583333333,1060.6458865732836,4326.0
scanId=168643,2.810583333333,1060.6646408938825,7234.0
scanId=168643,2.810583333333,1060.6833954277413,10244.0
scanId=168643,2.810583333333,1060.702150079951,11317.0
scanId=168643,2.810583333333,1060.7209049454254,9894.0
scanId=168643,2.810583333333,1060.7396599292456,7488.0
scanId=168643,2.810583333333,1060.7584151263363,5335.0
scanId=168643,2.810583333333,1060.7771704417669,3739.0
scanId=168643,2.810583333333,1060.7959259704744,2401.0
scanId=168643,2.810583333333,1060.8146816175156,1526.0
scanId=168643,2.810583333333,1060.8334374778387,1055.0
scanId=168643,2.810583333333,1061.6213323378681,2198.0
scanId=168643,2.810583333333,1061.6400952803408,4787.0
scanId=168643,2.810583333333,1061.6588584362205,7581.0
scanId=168643,2.810583333333,1061.6776217103036,9986.0
scanId=168643,2.810583333333,1061.6963851977994,10857.0
scanId=168643,2.810583333333,1061.715148803493,10492.0
scanId=168643,2.810583333333,1061.7339126226057,8927.0
scanId=168643,2.810583333333,1061.75267655991,6839.0
scanId=168643,2.810583333333,1061.771440710638,4900.0
scanId=168643,2.810583333333,1061.7902049795528,3564.0
scanId=168643,2.810583333333,1061.8089694618968,2555.0
scanId=168643,2.810583333333,1061.8277340624227,1709.0
scanId=168643,2.810583333333,1061.846498876383,1220.0
scanId=168643,2.810583333333,1062.6347697859505,1250.0
scanId=168643,2.810583333333,1062.653541681908,1900.0
scanId=168643,2.810583333333,1062.6723137914237,2459.0
scanId=168643,2.810583333333,1062.6910860189912,3340.0
scanId=168643,2.810583333333,1062.7098584601229,3961.0
scanId=168643,2.810583333333,1062.728631019301,3652.0
scanId=168643,2.810583333333,1062.7474037920485,2668.0
scanId=168643,2.810583333333,1062.7661766828376,1783.0
scanId=168643,2.810583333333,1062.7849497872016,1308.0
scanId=168643,2.810583333333,1062.8037230096006,1082.0
scanId=168643,2.810583333333,1063.6674715757058,1147.0
scanId=168643,2.810583333333,1063.6862526388559,1577.0
scanId=168643,2.810583333333,1063.705033819908,1518.0
scanId=168643,2.810583333333,1063.7238152146747,1322.0
scanId=168643,2.810583333333,1063.7425967273368,1151.0
scanId=168643,2.810583333333,1117.6547998363446,1197.0
scanId=168643,2.810583333333,1117.6740515727358,1889.0
scanId=168643,2.810583333333,1117.6933035286925,2541.0
scanId=168643,2.810583333333,1117.7125555966938,2698.0
scanId=168643,2.810583333333,1117.7318078842636,2525.0
scanId=168643,2.810583333333,1117.7510602838754,2090.0
scanId=168643,2.810583333333,1117.7703129030585,1495.0
scanId=168643,2.810583333333,1117.7895656342812,1016.0
scanId=168643,2.810583333333,1118.6561113850703,1542.0
scanId=168643,2.810583333333,1118.6753717433348,1937.0
scanId=168643,2.810583333333,1118.6946323212326,1803.0
scanId=168643,2.810583333333,1118.7138930111075,1778.0
scanId=168643,2.810583333333,1118.7331539206182,1682.0
scanId=168643,2.810583333333,1118.7524149421042,1360.0
scanId=168643,2.810583333333,1119.677140253096,1059.0
scanId=168643,2.810583333333,1119.6964094529335,1230.0
scanId=168643,2.810583333333,1119.7156787646823,1166.0
scanId=168643,2.810583333333,1276.2744457811218,1751.0
scanId=168643,2.810583333333,1276.2950183222447,2463.0
scanId=168643,2.810583333333,1276.3155910733994,3000.0
scanId=168643,2.810583333333,1276.3361639461334,3497.0
scanId=168643,2.810583333333,1276.3567370288908,3255.0
scanId=168643,2.810583333333,1276.3773102332348,2571.0
scanId=168643,2.810583333333,1276.3978836475949,2004.0
scanId=168643,2.810583333333,1276.4184571835494,1520.0
scanId=168643,2.810583333333,1276.4390309295122,1123.0
scanId=168643,2.810583333333,1277.2826963424109,1825.0
scanId=168643,2.810583333333,1277.30327705203,3574.0
scanId=168643,2.810583333333,1277.323857883416,4958.0
scanId=168643,2.810583333333,1277.3444389246374,5308.0
scanId=168643,2.810583333333,1277.3650200876345,4733.0
scanId=168643,2.810583333333,1277.3856014604587,3484.0
scanId=168643,2.810583333333,1277.406182955066,2524.0
scanId=168643,2.810583333333,1277.4267646594924,1716.0
scanId=168643,2.810583333333,1277.44734648571,1384.0
scanId=168643,2.810583333333,1277.4679285217396,1138.0
scanId=168643,2.810583333333,1278.2707563733609,1624.0
scanId=168643,2.810583333333,1278.2913450414421,3826.0
scanId=168643,2.810583333333,1278.311933831481,5664.0
scanId=168643,2.810583333333,1278.3325228311646,6158.0
scanId=168643,2.810583333333,1278.353111952814,6162.0
scanId=168643,2.810583333333,1278.3737012841007,5818.0
scanId=168643,2.810583333333,1278.394290737361,4598.0
scanId=168643,2.810583333333,1278.4148804002498,3221.0
scanId=168643,2.810583333333,1278.4354701851203,2174.0
scanId=168643,2.810583333333,1278.4560601796118,1320.0
scanId=168643,2.810583333333,1279.2797950415963,1466.0
scanId=168643,2.810583333333,1279.3003917902884,2567.0
scanId=168643,2.810583333333,1279.320988748433,3578.0
scanId=168643,2.810583333333,1279.3415858287349,3824.0
scanId=168643,2.810583333333,1279.3621831184819,3637.0
scanId=168643,2.810583333333,1279.3827805303945,3221.0
scanId=168643,2.810583333333,1279.403378151744,2718.0
scanId=168643,2.810583333333,1279.4239758952674,2081.0
scanId=168643,2.810583333333,1279.4445738482195,1479.0
scanId=168643,2.810583333333,1280.2686270524537,1152.0
scanId=168643,2.810583333333,1280.2892317597978,2023.0
scanId=168643,2.810583333333,1280.3098366764011,2615.0
scanId=168643,2.810583333333,1280.3304417153563,2850.0
scanId=168643,2.810583333333,1280.3510469635623,2795.0
scanId=168643,2.810583333333,1280.3716523341277,2532.0
scanId=168643,2.810583333333,1280.3922579139362,1975.0
scanId=168643,2.810583333333,1280.412863616112,1545.0
scanId=168643,2.810583333333,1280.4334695275231,1169.0
scanId=168643,2.810583333333,1281.2990666150313,1712.0
scanId=168643,2.810583333333,1281.3196796126385,2694.0
scanId=168643,2.810583333333,1281.340292819302,2920.0
scanId=168643,2.810583333333,1281.3609061485204,2450.0
scanId=168643,2.810583333333,1281.3815196867863,1635.0
scanId=168643,2.810583333333,1281.4021333476148,1086.0
scanId=168643,2.810583333333,1282.309299520543,1019.0
scanId=168643,2.810583333333,1282.329920685662,1084.0
scanId=168643,2.810583333333,1282.3505419735327,1109.0
scanId=168643,2.810583333333,1299.7725285037632,1298.0
scanId=168643,2.810583333333,1299.793289604791,1285.0
scanId=168643,2.810583333333,1299.8140508323042,1015.0
scanId=168643,2.810583333333,1313.8031015914053,1349.0
scanId=168643,2.810583333333,1313.8239744418288,1413.0
scanId=168643,2.810583333333,1313.8448474220904,1198.0
scanId=168643,2.810583333333,1319.3192853597534,1154.0
scanId=168643,2.810583333333,1319.3402019813643,1528.0
scanId=168643,2.810583333333,1319.361118734215,1349.0
scanId=168643,2.810583333333,1320.3443939728631,1507.0
scanId=168643,2.810583333333,1320.3653186843667,1651.0
scanId=168643,2.810583333333,1320.3862435959695,1463.0
scanId=168643,2.810583333333,1320.4071686390835,1230.0
scanId=168643,2.810583333333,1322.3539239829959,1150.0
scanId=168643,2.810583333333,1322.3748646118047,1061.0
scanId=168643,2.810583333333,1334.422156789531,1020.0
scanId=168643,2.810583333333,1342.8919854130625,1059.0
scanId=168643,2.810583333333,1521.911491320763,1048.0
scanId=168643,2.810583333333,1521.9339564835284,1348.0
scanId=168643,2.810583333333,1521.956421857544,1242.0
scanId=169641,2.827216666667,102.11945812823743,1692.0
scanId=169641,2.827216666667,102.12527748278399,2088.0
scanId=169641,2.827216666667,102.13109700313582,1743.0
scanId=169641,2.827216666667,102.13691668929287,1307.0
scanId=169641,2.827216666667,169.07423145331143,1059.0
scanId=169641,2.827216666667,169.08171930622856,1197.0
scanId=169641,2.827216666667,181.09644059761283,1023.0
scanId=169641,2.827216666667,206.14787658812693,1387.0
scanId=169641,2.827216666667,206.156144720616,1315.0
scanId=169641,2.827216666667,244.07843864740929,1151.0
scanId=169641,2.827216666667,244.08743532822794,1383.0
scanId=169641,2.827216666667,244.0964322204038,1317.0
scanId=169641,2.827216666667,248.11649242936642,1703.0
scanId=169641,2.827216666667,248.1255632676533,2058.0
scanId=169641,2.827216666667,248.13463422923016,1993.0
scanId=169641,2.827216666667,248.14370539911383,1380.0
scanId=169641,2.827216666667,262.09554256576735,1014.0
scanId=169641,2.827216666667,290.11309575222555,1840.0
scanId=169641,2.827216666667,290.1229042156162,3853.0
scanId=169641,2.827216666667,290.132712856216,4543.0
scanId=169641,2.827216666667,290.1425216512173,4040.0
scanId=169641,2.827216666667,290.15233062341366,3304.0
scanId=169641,2.827216666667,290.16213975002535,2311.0
scanId=169641,2.827216666667,290.17194905381825,1500.0
scanId=169641,2.827216666667,291.13406457224085,1197.0
scanId=169641,2.827216666667,291.14389027937904,1229.0
scanId=169641,2.827216666667,291.1537161629965,1012.0
scanId=169641,2.827216666667,292.1371412897361,1794.0
scanId=169641,2.827216666667,292.1469839090111,2068.0
scanId=169641,2.827216666667,292.1568267040502,1658.0
scanId=169641,2.827216666667,292.16666965493573,1320.0
scanId=169641,2.827216666667,292.1765127815714,1006.0
scanId=169641,2.827216666667,294.1484697292405,1485.0
scanId=169641,2.827216666667,294.1583461727894,3413.0
scanId=169641,2.827216666667,294.1682227906732,3934.0
scanId=169641,2.827216666667,294.17809956583255,3116.0
scanId=169641,2.827216666667,294.18797651531276,2095.0
scanId=169641,2.827216666667,294.1978536220828,1392.0
scanId=169641,2.827216666667,322.1937711206421,1216.0
scanId=169641,2.827216666667,322.20410766325244,1276.0
scanId=169641,2.827216666667,331.1968418989914,1556.0
scanId=169641,2.827216666667,331.20732187370083,1718.0
scanId=169641,2.827216666667,331.21780199791993,1212.0
scanId=169641,2.827216666667,368.4054846683426,1219.0
scanId=169641,2.827216666667,368.41653766604406,2304.0
scanId=169641,2.827216666667,368.4275907918437,2468.0
scanId=169641,2.827216666667,368.43864412115585,1920.0
scanId=169641,2.827216666667,368.44969757855444,1292.0
scanId=169641,2.827216666667,391.2072704427044,1342.0
scanId=169641,2.827216666667,391.21866035670223,1334.0
scanId=169641,2.827216666667,391.2300503876908,1125.0
scanId=169641,2.827216666667,453.3377706004417,1248.0
scanId=169641,2.827216666667,453.35003165529605,1042.0
scanId=169641,2.827216666667,476.29166742502525,1115.0
scanId=169641,2.827216666667,476.3042349778833,1241.0
scanId=169641,2.827216666667,481.2814009308552,1020.0
scanId=169641,2.827216666667,494.27908688958235,3221.0
scanId=169641,2.827216666667,494.2918895514093,10187.0
scanId=169641,2.827216666667,494.30469245786617,15854.0
scanId=169641,2.827216666667,494.31749545130026,18112.0
scanId=169641,2.827216666667,494.3302986893676,16135.0
scanId=169641,2.827216666667,494.3431020144088,12251.0
scanId=169641,2.827216666667,494.35590558408654,8597.0
scanId=169641,2.827216666667,494.368709240735,5743.0
scanId=169641,2.827216666667,494.3815131420232,3773.0
scanId=169641,2.827216666667,494.3943171302785,2397.0
scanId=169641,2.827216666667,494.40712136317745,1697.0
scanId=169641,2.827216666667,494.4199256830399,1312.0
scanId=169641,2.827216666667,494.4327302475492,1034.0
scanId=169641,2.827216666667,494.7657060971869,1631.0
scanId=169641,2.827216666667,494.7785150595488,4297.0
scanId=169641,2.827216666667,494.79132426660567,9114.0
scanId=169641,2.827216666667,494.80413356057454,14953.0
scanId=169641,2.827216666667,494.81694309924177,16325.0
scanId=169641,2.827216666667,494.829752724818,14081.0
scanId=169641,2.827216666667,494.8425625950957,10422.0
scanId=169641,2.827216666667,494.8553725522789,6782.0
scanId=169641,2.827216666667,494.8681827541673,4385.0
scanId=169641,2.827216666667,494.88099304295764,2931.0
scanId=169641,2.827216666667,494.89380357645643,1865.0
scanId=169641,2.827216666667,494.906614196854,1127.0
scanId=169641,2.827216666667,495.2781954969131,2073.0
scanId=169641,2.827216666667,495.29101109141766,3569.0
scanId=169641,2.827216666667,495.3038269306849,4057.0
scanId=169641,2.827216666667,495.3166428567965,4025.0
scanId=169641,2.827216666667,495.32945902767443,4041.0
scanId=169641,2.827216666667,495.3422752853931,3466.0
scanId=169641,2.827216666667,495.3550917878814,2819.0
scanId=169641,2.827216666667,495.36790837720747,2400.0
scanId=169641,2.827216666667,495.3807252113063,1812.0
scanId=169641,2.827216666667,495.3935421322395,1252.0
scanId=169641,2.827216666667,495.8422402431782,1052.0
scanId=169641,2.827216666667,510.2948123818536,1033.0
scanId=169641,2.827216666667,510.3078208868375,1103.0
scanId=169641,2.827216666667,510.8152802964993,1129.0
scanId=169641,2.827216666667,539.2877540412514,1180.0
scanId=169641,2.827216666667,550.6064443088574,1019.0
scanId=169641,2.827216666667,550.6199568618437,1547.0
scanId=169641,2.827216666667,550.6334694985801,1876.0
scanId=169641,2.827216666667,550.6469823831769,1482.0
scanId=169641,2.827216666667,550.6604953515243,1070.0
scanId=169641,2.827216666667,551.6203428567,1129.0
scanId=169641,2.827216666667,564.3522467404891,1256.0
scanId=169641,2.827216666667,564.3659268409909,1066.0
scanId=169641,2.827216666667,604.3393457607261,1751.0
scanId=169641,2.827216666667,604.3535023013575,4344.0
scanId=169641,2.827216666667,604.3676589299223,6994.0
scanId=169641,2.827216666667,604.3818158021639,7620.0
scanId=169641,2.827216666667,604.3959727623434,6576.0
scanId=169641,2.827216666667,604.4101299661955,5223.0
scanId=169641,2.827216666667,604.4242872579892,3678.0
scanId=169641,2.827216666667,604.438444793452,2763.0
scanId=169641,2.827216666667,604.4526024168598,2175.0
scanId=169641,2.827216666667,604.4667602839332,1738.0
scanId=169641,2.827216666667,604.4809182389556,1321.0
scanId=169641,2.827216666667,605.3590376834766,1481.0
scanId=169641,2.827216666667,605.3732061620868,2120.0
scanId=169641,2.827216666667,605.3873747287697,2598.0
scanId=169641,2.827216666667,605.4015435389904,2468.0
scanId=169641,2.827216666667,605.4157124372877,1708.0
scanId=169641,2.827216666667,605.4298815791188,1191.0
scanId=169641,2.827216666667,605.4440508090307,1045.0
scanId=169641,2.827216666667,606.379589145756,1087.0
scanId=169641,2.827216666667,606.3937695623453,1014.0
scanId=169641,2.827216666667,607.301658618045,1072.0
scanId=169641,2.827216666667,607.3158497345122,1036.0
scanId=169641,2.827216666667,609.2900336409218,1531.0
scanId=169641,2.827216666667,609.3042479704104,3499.0
scanId=169641,2.827216666667,609.3184625428839,6808.0
scanId=169641,2.827216666667,609.3326772039871,9099.0
scanId=169641,2.827216666667,609.3468921080712,8682.0
scanId=169641,2.827216666667,609.3611071007888,6920.0
scanId=169641,2.827216666667,609.3753223364835,5162.0
scanId=169641,2.827216666667,609.3895376608159,3429.0
scanId=169641,2.827216666667,609.403753228121,2114.0
scanId=169641,2.827216666667,609.4179688840682,1329.0
scanId=169641,2.827216666667,610.2996657645849,1464.0
scanId=169641,2.827216666667,610.313891943427,2535.0
scanId=169641,2.827216666667,610.3281182110438,3082.0
scanId=169641,2.827216666667,610.3423447214964,2866.0
scanId=169641,2.827216666667,610.356571320728,2194.0
scanId=169641,2.827216666667,610.3707981627911,1647.0
scanId=169641,2.827216666667,610.3850250936372,1171.0
scanId=169641,2.827216666667,623.314030147332,1098.0
scanId=169641,2.827216666667,623.3284072089641,1149.0
scanId=169641,2.827216666667,623.3427843614415,1110.0
scanId=169641,2.827216666667,637.4539743478035,1240.0
scanId=169641,2.827216666667,637.4685135669838,1671.0
scanId=169641,2.827216666667,637.4830528796022,1359.0
scanId=169641,2.827216666667,637.4975924303931,1068.0
scanId=169641,2.827216666667,647.4228532535109,1295.0
scanId=169641,2.827216666667,647.437505647345,1384.0
scanId=169641,2.827216666667,647.4521582773258,1130.0
scanId=169641,2.827216666667,660.4107150847001,1024.0
scanId=169641,2.827216666667,660.4255137216513,1693.0
scanId=169641,2.827216666667,660.4403125918748,1858.0
scanId=169641,2.827216666667,660.4551115604432,1798.0
scanId=169641,2.827216666667,660.4699107622774,1787.0
scanId=169641,2.827216666667,660.4847100624634,1491.0
scanId=169641,2.827216666667,660.4995095959079,1155.0
scanId=169641,2.827216666667,662.4544990124613,1029.0
scanId=169641,2.827216666667,663.3885805791531,1040.0
scanId=169641,2.827216666667,663.4034126104293,3851.0
scanId=169641,2.827216666667,663.4182447407413,8553.0
scanId=169641,2.827216666667,663.4330771036281,13344.0
scanId=169641,2.827216666667,663.4479095655576,14315.0
scanId=169641,2.827216666667,663.462742260055,12340.0
scanId=169641,2.827216666667,663.4775750536019,9725.0
scanId=169641,2.827216666667,663.4924080797097,6800.0
scanId=169641,2.827216666667,663.5072412048743,4392.0
scanId=169641,2.827216666667,663.5220745625926,2947.0
scanId=169641,2.827216666667,663.5369080193746,1985.0
scanId=169641,2.827216666667,663.5517417087036,1171.0
scanId=169641,2.827216666667,664.3975341440878,1001.0
scanId=169641,2.827216666667,664.4123774501221,2350.0
scanId=169641,2.827216666667,664.4272208554299,4301.0
scanId=169641,2.827216666667,664.4420644930748,6159.0
scanId=169641,2.827216666667,664.4569082300002,6345.0
scanId=169641,2.827216666667,664.4717521992554,4979.0
scanId=169641,2.827216666667,664.4865962677985,3520.0
scanId=169641,2.827216666667,664.5014405686643,2639.0
scanId=169641,2.827216666667,664.5162849688248,1898.0
scanId=169641,2.827216666667,664.5311296013012,1320.0
scanId=169641,2.827216666667,665.4221089814732,1085.0
scanId=169641,2.827216666667,665.4369636617787,1555.0
scanId=169641,2.827216666667,665.4518185741814,1510.0
scanId=169641,2.827216666667,665.4666735861043,1223.0
scanId=169641,2.827216666667,685.4007935164914,1519.0
scanId=169641,2.827216666667,685.4158696131161,2735.0
scanId=169641,2.827216666667,685.4309458142773,2983.0
scanId=169641,2.827216666667,685.4460222425125,2337.0
scanId=169641,2.827216666667,685.4610987752919,1599.0
scanId=169641,2.827216666667,685.4761755351378,1228.0
scanId=169641,2.827216666667,686.41125656812,1101.0
scanId=169641,2.827216666667,686.4263437126917,1265.0
scanId=169641,2.827216666667,686.4414310840745,1315.0
scanId=169641,2.827216666667,686.4565185602646,1150.0
scanId=169641,2.827216666667,722.4785344833093,1149.0
scanId=169641,2.827216666667,722.4940129385607,1469.0
scanId=169641,2.827216666667,722.5094916103661,1618.0
scanId=169641,2.827216666667,722.5249703972373,1681.0
scanId=169641,2.827216666667,722.5404494006534,1384.0
scanId=169641,2.827216666667,722.5559285191445,1046.0
scanId=169641,2.827216666667,723.484980578498,1173.0
scanId=169641,2.827216666667,723.5004698618403,1071.0
scanId=169641,2.827216666667,736.4762445245176,3962.0
scanId=169641,2.827216666667,736.4918722088086,10696.0
scanId=169641,2.827216666667,736.5075001053515,21195.0
scanId=169641,2.827216666667,736.5231281212626,29833.0
scanId=169641,2.827216666667,736.5387563494161,32900.0
scanId=169641,2.827216666667,736.5543846969474,30450.0
scanId=169641,2.827216666667,736.5700132567116,23967.0
scanId=169641,2.827216666667,736.5856419358632,17518.0
scanId=169641,2.827216666667,736.6012708272378,12445.0
scanId=169641,2.827216666667,736.6168998380098,8470.0
scanId=169641,2.827216666667,736.6325290609949,5497.0
scanId=169641,2.827216666667,736.6481584033871,3474.0
scanId=169641,2.827216666667,736.6637879579829,2246.0
scanId=169641,2.827216666667,736.6794176319954,1548.0
scanId=169641,2.827216666667,736.6950475182018,1146.0
scanId=169641,2.827216666667,737.4767520736943,1188.0
scanId=169641,2.827216666667,737.4923903698352,3902.0
scanId=169641,2.827216666667,737.5080288779151,10095.0
scanId=169641,2.827216666667,737.5236675056763,15760.0
scanId=169641,2.827216666667,737.5393063453666,18066.0
scanId=169641,2.827216666667,737.554945304748,16534.0
scanId=169641,2.827216666667,737.5705844760491,12567.0
scanId=169641,2.827216666667,737.586223767051,8901.0
scanId=169641,2.827216666667,737.6018632699626,6413.0
scanId=169641,2.827216666667,737.6175028925846,4330.0
scanId=169641,2.827216666667,737.6331427271066,2829.0
scanId=169641,2.827216666667,737.6487826813493,1971.0
scanId=169641,2.827216666667,737.6644228474818,1381.0
scanId=169641,2.827216666667,737.6800631333443,1088.0
scanId=169641,2.827216666667,737.6957036310876,1034.0
scanId=169641,2.827216666667,738.4935876792596,1603.0
scanId=169641,2.827216666667,738.5092367988764,4026.0
scanId=169641,2.827216666667,738.5248860384886,5731.0
scanId=169641,2.827216666667,738.5405354897159,5654.0
scanId=169641,2.827216666667,738.5561850609486,4481.0
scanId=169641,2.827216666667,738.5718348437864,3020.0
scanId=169641,2.827216666667,738.5874847466392,2006.0
scanId=169641,2.827216666667,738.6031348610877,1627.0
scanId=169641,2.827216666667,738.6187850955608,1536.0
scanId=169641,2.827216666667,738.6344355416197,1221.0
scanId=169641,2.827216666667,739.5267837197292,1023.0
scanId=169641,2.827216666667,739.5424437824934,1127.0
scanId=169641,2.827216666667,764.5242438053109,3041.0
scanId=169641,2.827216666667,764.5401663003796,6408.0
scanId=169641,2.827216666667,764.556088998682,9962.0
scanId=169641,2.827216666667,764.5720118253716,11123.0
scanId=169641,2.827216666667,764.5879348552845,9748.0
scanId=169641,2.827216666667,764.6038580135952,7326.0
scanId=169641,2.827216666667,764.6197813751185,4821.0
scanId=169641,2.827216666667,764.6357048650505,3192.0
scanId=169641,2.827216666667,764.6516285581841,2207.0
scanId=169641,2.827216666667,764.667552379737,1450.0
scanId=169641,2.827216666667,765.5276859778028,1673.0
scanId=169641,2.827216666667,765.5436189560313,3189.0
scanId=169641,2.827216666667,765.559552062973,4804.0
scanId=169641,2.827216666667,765.5754853728121,5618.0
scanId=169641,2.827216666667,765.5914188113745,5541.0
scanId=169641,2.827216666667,765.6073524528243,4504.0
scanId=169641,2.827216666667,765.6232862230079,3294.0
scanId=169641,2.827216666667,765.639220196068,2328.0
scanId=169641,2.827216666667,765.6551542978727,1528.0
scanId=169641,2.827216666667,766.5477296661063,1131.0
scanId=169641,2.827216666667,766.5636732558718,1247.0
scanId=169641,2.827216666667,766.5796169746869,1188.0
scanId=169641,2.827216666667,766.5955608960628,1050.0
scanId=169641,2.827216666667,780.5456669448935,1030.0
scanId=169641,2.827216666667,780.5617554484595,1000.0
scanId=169641,2.827216666667,791.5241168871011,1074.0
scanId=169641,2.827216666667,791.5403181382466,1132.0
scanId=169641,2.827216666667,792.5451186519286,1025.0
scanId=169641,2.827216666667,792.5613303207549,1196.0
scanId=169641,2.827216666667,792.5775421834373,1189.0
scanId=169641,2.827216666667,792.5937541838853,1440.0
scanId=169641,2.827216666667,792.6099663781782,1451.0
scanId=169641,2.827216666667,792.6261787102476,1139.0
scanId=169641,2.827216666667,810.7077245436453,1074.0
scanId=169641,2.827216666667,810.7241209257202,1662.0
scanId=169641,2.827216666667,810.7405174954665,2126.0
scanId=169641,2.827216666667,810.7569142091629,2371.0
scanId=169641,2.827216666667,810.7733111105201,1811.0
scanId=169641,2.827216666667,810.7897081558382,1292.0
scanId=169641,2.827216666667,815.6669713741356,1105.0
scanId=169641,2.827216666667,815.6834178310952,1284.0
scanId=169641,2.827216666667,815.6998644740313,1150.0
scanId=169641,2.827216666667,822.6881761111754,1785.0
scanId=169641,2.827216666667,822.704693203578,3855.0
scanId=169641,2.827216666667,822.7212104795566,6412.0
scanId=169641,2.827216666667,822.7377279035809,7713.0
scanId=169641,2.827216666667,822.7542455111701,7798.0
scanId=169641,2.827216666667,822.7707632668163,6664.0
scanId=169641,2.827216666667,822.7872812060159,4968.0
scanId=169641,2.827216666667,822.8037992932842,3238.0
scanId=169641,2.827216666667,822.8203175640944,2011.0
scanId=169641,2.827216666667,822.8368359829843,1294.0
scanId=169641,2.827216666667,823.7125499340368,1067.0
scanId=169641,2.827216666667,823.729077306716,2030.0
scanId=169641,2.827216666667,823.7456048626209,2841.0
scanId=169641,2.827216666667,823.7621325669221,2949.0
scanId=169641,2.827216666667,823.7786604544375,2392.0
scanId=169641,2.827216666667,823.7951884903604,1669.0
scanId=169641,2.827216666667,823.8117167094864,1228.0
scanId=169641,2.827216666667,824.7210236189724,1014.0
scanId=169641,2.827216666667,824.7375611231931,1828.0
scanId=169641,2.827216666667,824.7540987761491,2145.0
scanId=169641,2.827216666667,824.7706366119805,1984.0
scanId=169641,2.827216666667,824.7871745965584,1644.0
scanId=169641,2.827216666667,824.8037127640004,1212.0
scanId=169641,2.827216666667,825.49846516309,1393.0
scanId=169641,2.827216666667,825.5150104433483,2510.0
scanId=169641,2.827216666667,825.5315559062217,3335.0
scanId=169641,2.827216666667,825.5481015181019,3342.0
scanId=169641,2.827216666667,825.5646473125859,2831.0
scanId=169641,2.827216666667,825.5811932560879,2010.0
scanId=169641,2.827216666667,825.5977393821823,1249.0
scanId=169641,2.827216666667,826.0114462040505,1704.0
scanId=169641,2.827216666667,826.0279966410818,2403.0
scanId=169641,2.827216666667,826.0445472272897,3241.0
scanId=169641,2.827216666667,826.0610979959315,3273.0
scanId=169641,2.827216666667,826.077648913761,2755.0
scanId=169641,2.827216666667,826.0942000140135,1919.0
scanId=169641,2.827216666667,826.1107512634649,1242.0
scanId=169641,2.827216666667,826.5245866032252,1124.0
scanId=169641,2.827216666667,826.5411421637606,1033.0
scanId=169641,2.827216666667,827.6507429899837,1001.0
scanId=169641,2.827216666667,827.6673098256617,2030.0
scanId=169641,2.827216666667,827.6838768432194,2835.0
scanId=169641,2.827216666667,827.7004440105196,2775.0
scanId=169641,2.827216666667,827.7170113596878,2432.0
scanId=169641,2.827216666667,827.7335788586098,1971.0
scanId=169641,2.827216666667,827.7501465393885,1505.0
scanId=169641,2.827216666667,827.7667143699323,1094.0
scanId=169641,2.827216666667,828.6782008433544,1476.0
scanId=169641,2.827216666667,828.69477795931,1783.0
scanId=169641,2.827216666667,828.7113552567941,1579.0
scanId=169641,2.827216666667,828.7279327043716,1231.0
scanId=169641,2.827216666667,829.6897088172449,1136.0
scanId=169641,2.827216666667,829.706296063045,1247.0
scanId=169641,2.827216666667,829.7228834592781,1015.0
scanId=169641,2.827216666667,836.7375667840408,1589.0
scanId=169641,2.827216666667,836.7542243312729,2036.0
scanId=169641,2.827216666667,836.7708820313429,2096.0
scanId=169641,2.827216666667,836.7875399101854,1752.0
scanId=169641,2.827216666667,836.8041979418772,1315.0
scanId=169641,2.827216666667,848.7068078592455,1009.0
scanId=169641,2.827216666667,848.7235841230464,1888.0
scanId=169641,2.827216666667,848.7403605437531,2774.0
scanId=169641,2.827216666667,848.7571371391643,3007.0
scanId=169641,2.827216666667,848.7739138914932,2826.0
scanId=169641,2.827216666667,848.7906908185149,2296.0
scanId=169641,2.827216666667,848.8074679024655,1732.0
scanId=169641,2.827216666667,848.8242451610981,1193.0
scanId=169641,2.827216666667,849.7304631126922,1008.0
scanId=169641,2.827216666667,849.747249482056,1524.0
scanId=169641,2.827216666667,849.764036025783,1521.0
scanId=169641,2.827216666667,849.7808227267684,1172.0
scanId=169641,2.827216666667,850.7379390115149,1098.0
scanId=169641,2.827216666667,850.754735329535,1692.0
scanId=169641,2.827216666667,850.7715318215782,1789.0
scanId=169641,2.827216666667,850.7883284712202,1532.0
scanId=169641,2.827216666667,850.8051252948736,1125.0
scanId=169641,2.827216666667,851.7796245265486,1232.0
scanId=169641,2.827216666667,851.7964311248475,1262.0
scanId=169641,2.827216666667,853.7471221576496,1054.0
scanId=169641,2.827216666667,868.5502456717408,1272.0
scanId=169641,2.827216666667,868.567216922532,2072.0
scanId=169641,2.827216666667,868.5841883368959,2436.0
scanId=169641,2.827216666667,868.6011599192974,2269.0
scanId=169641,2.827216666667,868.6181316652834,2007.0
scanId=169641,2.827216666667,868.6351035792956,1570.0
scanId=169641,2.827216666667,869.5688141324662,1111.0
scanId=169641,2.827216666667,869.5857953315731,1347.0
scanId=169641,2.827216666667,869.6027766945917,1411.0
scanId=169641,2.827216666667,869.6197582253092,1197.0
scanId=169641,2.827216666667,872.7812063313112,1037.0
scanId=169641,2.827216666667,872.7982188667797,1085.0
scanId=169641,2.827216666667,873.7511855061197,1056.0
scanId=169641,2.827216666667,873.7682074933215,1103.0
scanId=169641,2.827216666667,874.7727982032413,1641.0
scanId=169641,2.827216666667,874.7898301387589,1722.0
scanId=169641,2.827216666667,874.8068622399127,1265.0
scanId=169641,2.827216666667,878.7627911881796,1263.0
scanId=169641,2.827216666667,878.7798619221293,1829.0
scanId=169641,2.827216666667,878.7969328230292,1887.0
scanId=169641,2.827216666667,878.8140038885892,1908.0
scanId=169641,2.827216666667,878.8310751211113,1814.0
scanId=169641,2.827216666667,878.8481465182817,1461.0
scanId=169641,2.827216666667,878.8652180824254,1039.0
scanId=169641,2.827216666667,879.7360876848134,1127.0
scanId=169641,2.827216666667,879.7531678711224,1191.0
scanId=169641,2.827216666667,879.7702482217773,1193.0
scanId=169641,2.827216666667,879.787328739708,1197.0
scanId=169641,2.827216666667,879.8044094219732,1256.0
scanId=169641,2.827216666667,879.8214902715258,1219.0
scanId=169641,2.827216666667,880.8295538308569,1041.0
scanId=169641,2.827216666667,896.7611324048821,1030.0
scanId=169641,2.827216666667,898.7453560033994,1027.0
scanId=169641,2.827216666667,898.7626197346759,1678.0
scanId=169641,2.827216666667,898.7798836393724,1745.0
scanId=169641,2.827216666667,898.7971477022595,1723.0
scanId=169641,2.827216666667,898.8144119385773,1502.0
scanId=169641,2.827216666667,898.8316763330752,1116.0
scanId=169641,2.827216666667,899.7642000668085,1047.0
scanId=169641,2.827216666667,899.7814735885289,1126.0
scanId=169641,2.827216666667,900.7490552123954,1334.0
scanId=169641,2.827216666667,900.7663381770826,1689.0
scanId=169641,2.827216666667,900.7836213158265,1589.0
scanId=169641,2.827216666667,900.8009046121242,1301.0
scanId=169641,2.827216666667,904.7111836491414,1214.0
scanId=169641,2.827216666667,904.728504592732,1280.0
scanId=169641,2.827216666667,904.7458256926299,1007.0
scanId=169641,2.827216666667,906.7215184938957,1133.0
scanId=169641,2.827216666667,906.7388586715284,1075.0
scanId=169641,2.827216666667,956.5648006430691,1164.0
scanId=169641,2.827216666667,956.5826110591474,1374.0
scanId=169641,2.827216666667,956.6004216161843,1639.0
scanId=169641,2.827216666667,956.6182323638834,1777.0
scanId=169641,2.827216666667,956.6360432525308,1472.0
scanId=169641,2.827216666667,957.5980781351323,1071.0
scanId=169641,2.827216666667,957.615898168199,1128.0
scanId=169641,2.827216666667,961.5581901147843,1160.0
scanId=169641,2.827216666667,961.5760469576954,1611.0
scanId=169641,2.827216666667,961.5939039402065,2004.0
scanId=169641,2.827216666667,961.6117611147379,2030.0
scanId=169641,2.827216666667,961.6296184288592,1712.0
scanId=169641,2.827216666667,961.647475935011,1235.0
scanId=169641,2.827216666667,962.5941603236837,1174.0
scanId=169641,2.827216666667,962.6120267835792,1165.0
scanId=169641,2.827216666667,987.4981022745167,1207.0
scanId=169641,2.827216666667,987.5161983482183,4009.0
scanId=169641,2.827216666667,987.5342946205959,16247.0
scanId=169641,2.827216666667,987.5523910259078,45125.0
scanId=169641,2.827216666667,987.5704876299051,91255.0
scanId=169641,2.827216666667,987.5885843668275,141463.0
scanId=169641,2.827216666667,987.6066813024439,172032.0
scanId=169641,2.827216666667,987.6247783709769,168357.0
scanId=169641,2.827216666667,987.6428756382126,141947.0
scanId=169641,2.827216666667,987.6609730383562,106485.0
scanId=169641,2.827216666667,987.6790706372111,74275.0
scanId=169641,2.827216666667,987.6971683689651,50056.0
scanId=169641,2.827216666667,987.7152662994397,32751.0
scanId=169641,2.827216666667,987.7333643628042,21284.0
scanId=169641,2.827216666667,987.7514626248978,14084.0
scanId=169641,2.827216666667,987.7695610198731,9663.0
scanId=169641,2.827216666667,987.787659613586,6738.0
scanId=169641,2.827216666667,987.8057583401718,4927.0
scanId=169641,2.827216666667,987.8238572655041,3798.0
scanId=169641,2.827216666667,987.8419563237002,3100.0
scanId=169641,2.827216666667,987.860055580652,2539.0
scanId=169641,2.827216666667,987.8781549704586,2138.0
scanId=169641,2.827216666667,987.8962545590294,1925.0
scanId=169641,2.827216666667,987.9143542804468,1731.0
scanId=169641,2.827216666667,987.932454200637,1670.0
scanId=169641,2.827216666667,987.9505542536648,1864.0
scanId=169641,2.827216666667,987.9686545054745,2209.0
scanId=169641,2.827216666667,987.9867548901127,2474.0
scanId=169641,2.827216666667,988.0048554735417,2712.0
scanId=169641,2.827216666667,988.0229561897905,2462.0
scanId=169641,2.827216666667,988.0410571048387,2074.0
scanId=169641,2.827216666667,988.0591581526983,2100.0
scanId=169641,2.827216666667,988.0772593993656,2030.0
scanId=169641,2.827216666667,988.0953607788354,2132.0
scanId=169641,2.827216666667,988.1134623571223,2147.0
scanId=169641,2.827216666667,988.1315640682027,2098.0
scanId=169641,2.827216666667,988.1496659781088,2018.0
scanId=169641,2.827216666667,988.1677680207999,2029.0
scanId=169641,2.827216666667,988.1858702623252,2152.0
scanId=169641,2.827216666667,988.2039726366266,2038.0
scanId=169641,2.827216666667,988.2220752097716,1788.0
scanId=169641,2.827216666667,988.2401779156835,1531.0
scanId=169641,2.827216666667,988.2582808204478,1455.0
scanId=169641,2.827216666667,988.2763838579702,1485.0
scanId=169641,2.827216666667,988.2944870943535,1419.0
scanId=169641,2.827216666667,988.3125904634867,1246.0
scanId=169641,2.827216666667,988.3306940314892,1232.0
scanId=169641,2.827216666667,988.3487977322327,1378.0
scanId=169641,2.827216666667,988.3669016318548,1533.0
scanId=169641,2.827216666667,988.3850056642088,1473.0
scanId=169641,2.827216666667,988.4031098954501,1457.0
scanId=169641,2.827216666667,988.4212142594149,1365.0
scanId=169641,2.827216666667,988.4393188222754,1100.0
scanId=169641,2.827216666667,988.4574235178507,1129.0
scanId=169641,2.827216666667,988.4755284123305,1413.0
scanId=169641,2.827216666667,988.4936334395161,1970.0
scanId=169641,2.827216666667,988.5117386656154,3348.0
scanId=169641,2.827216666667,988.5298440244115,8785.0
scanId=169641,2.827216666667,988.54794958213,23684.0
scanId=169641,2.827216666667,988.5660552725368,51572.0
scanId=169641,2.827216666667,988.5841611618745,86602.0
scanId=169641,2.827216666667,988.6022671838916,112337.0
scanId=169641,2.827216666667,988.6203734048488,118775.0
scanId=169641,2.827216666667,988.6384797584766,108042.0
scanId=169641,2.827216666667,988.6565863110532,87990.0
scanId=169641,2.827216666667,988.6746929962914,64984.0
scanId=169641,2.827216666667,988.6927998804869,44663.0
scanId=169641,2.827216666667,988.7109068973358,30007.0
scanId=169641,2.827216666667,988.7290141131507,20269.0
scanId=169641,2.827216666667,988.74712146161,13802.0
scanId=169641,2.827216666667,988.7652290090443,9348.0
scanId=169641,2.827216666667,988.7833366891142,6408.0
scanId=169641,2.827216666667,988.8014445681677,5146.0
scanId=169641,2.827216666667,988.8195525798482,4707.0
scanId=169641,2.827216666667,988.8376607905209,4349.0
scanId=169641,2.827216666667,988.8557691338117,4020.0
scanId=169641,2.827216666667,988.8738776761039,3674.0
scanId=169641,2.827216666667,988.8919863510054,3342.0
scanId=169641,2.827216666667,988.9100952249169,3187.0
scanId=169641,2.827216666667,988.9282042314288,3502.0
scanId=169641,2.827216666667,988.9463134369594,3435.0
scanId=169641,2.827216666667,988.964422775082,3128.0
scanId=169641,2.827216666667,988.9825323122319,2940.0
scanId=169641,2.827216666667,989.0006419819649,2813.0
scanId=169641,2.827216666667,989.0187518507342,2634.0
scanId=169641,2.827216666667,989.0368618520778,2331.0
scanId=169641,2.827216666667,989.054972052466,2396.0
scanId=169641,2.827216666667,989.0730823854203,2713.0
scanId=169641,2.827216666667,989.0911929174281,2958.0
scanId=169641,2.827216666667,989.1093035819929,3074.0
scanId=169641,2.827216666667,989.1274144456198,2837.0
scanId=169641,2.827216666667,989.1455254417949,2618.0
scanId=169641,2.827216666667,989.1636366370413,2483.0
scanId=169641,2.827216666667,989.181747964827,2472.0
scanId=169641,2.827216666667,989.1998594916925,2493.0
scanId=169641,2.827216666667,989.2179711510888,2473.0
scanId=169641,2.827216666667,989.2360830095736,2619.0
scanId=169641,2.827216666667,989.2541950005802,2571.0
scanId=169641,2.827216666667,989.2723071906845,2306.0
scanId=169641,2.827216666667,989.2904195133017,2002.0
scanId=169641,2.827216666667,989.3085320350252,2040.0
scanId=169641,2.827216666667,989.3266446892529,2127.0
scanId=169641,2.827216666667,989.3447575425955,2226.0
scanId=169641,2.827216666667,989.3628705284341,2061.0
scanId=169641,2.827216666667,989.3809837133957,2014.0
scanId=169641,2.827216666667,989.3990970308446,2310.0
scanId=169641,2.827216666667,989.417210547426,2497.0
scanId=169641,2.827216666667,989.4353241964852,2464.0
scanId=169641,2.827216666667,989.4534380446855,2391.0
scanId=169641,2.827216666667,989.4715520253557,2225.0
scanId=169641,2.827216666667,989.4896662051752,2306.0
scanId=169641,2.827216666667,989.5077805174558,2846.0
scanId=169641,2.827216666667,989.5258950288948,4183.0
scanId=169641,2.827216666667,989.5440096727856,7805.0
scanId=169641,2.827216666667,989.562124515844,15328.0
scanId=169641,2.827216666667,989.5802394913454,27803.0
scanId=169641,2.827216666667,989.5983546660228,39423.0
scanId=169641,2.827216666667,989.616469973135,43768.0
scanId=169641,2.827216666667,989.6345854794316,41657.0
scanId=169641,2.827216666667,989.6527011181541,34231.0
scanId=169641,2.827216666667,989.6708169560702,26508.0
scanId=169641,2.827216666667,989.6889329264033,19591.0
scanId=169641,2.827216666667,989.7070490959385,13445.0
scanId=169641,2.827216666667,989.7251653978822,9135.0
scanId=169641,2.827216666667,989.7432818990367,6304.0
scanId=169641,2.827216666667,989.761398532591,4498.0
scanId=169641,2.827216666667,989.7795153653645,3380.0
scanId=169641,2.827216666667,989.7976323305292,2977.0
scanId=169641,2.827216666667,989.8157494949223,2792.0
scanId=169641,2.827216666667,989.8338667916975,2311.0
scanId=169641,2.827216666667,989.8519842877096,2112.0
scanId=169641,2.827216666667,989.8701019160955,1903.0
scanId=169641,2.827216666667,989.8882197437268,1527.0
scanId=169641,2.827216666667,989.906337703723,1298.0
scanId=169641,2.827216666667,989.924455862974,1455.0
scanId=169641,2.827216666667,989.9425741545807,1613.0
scanId=169641,2.827216666667,989.9606926454508,1714.0
scanId=169641,2.827216666667,989.978811268668,1887.0
scanId=169641,2.827216666667,989.9969300911572,1639.0
scanId=169641,2.827216666667,990.0150490459852,1196.0
scanId=169641,2.827216666667,990.0331682000935,1255.0
scanId=169641,2.827216666667,990.0512874865318,1695.0
scanId=169641,2.827216666667,990.0694069722597,1741.0
scanId=169641,2.827216666667,990.0875265903085,1761.0
scanId=169641,2.827216666667,990.1056464076553,1738.0
scanId=169641,2.827216666667,990.1237663573148,1510.0
scanId=169641,2.827216666667,990.1418865062809,1291.0
scanId=169641,2.827216666667,990.1600067875511,1603.0
scanId=169641,2.827216666667,990.1781272681364,1953.0
scanId=169641,2.827216666667,990.1962478810168,1944.0
scanId=169641,2.827216666667,990.2143686932216,1897.0
scanId=169641,2.827216666667,990.2324896377125,1924.0
scanId=169641,2.827216666667,990.2506107815364,2265.0
scanId=169641,2.827216666667,990.2687320576381,2610.0
scanId=169641,2.827216666667,990.2868535330812,2489.0
scanId=169641,2.827216666667,990.3049751407932,2126.0
scanId=169641,2.827216666667,990.3230969478556,1712.0
scanId=169641,2.827216666667,990.3412188871781,1398.0
scanId=169641,2.827216666667,990.3593410258596,1345.0
scanId=169641,2.827216666667,990.3774632967929,1586.0
scanId=169641,2.827216666667,990.3955857670936,1677.0
scanId=169641,2.827216666667,990.4137083696374,1750.0
scanId=169641,2.827216666667,990.4318311715574,1694.0
scanId=169641,2.827216666667,990.4499541057115,1576.0
scanId=169641,2.827216666667,990.4680772392509,1583.0
scanId=169641,2.827216666667,990.4862005050155,1506.0
scanId=169641,2.827216666667,990.5043239701739,1293.0
scanId=169641,2.827216666667,990.5224475675493,1347.0
scanId=169641,2.827216666667,990.540571364327,2187.0
scanId=169641,2.827216666667,990.5586952933127,3975.0
scanId=169641,2.827216666667,990.5768194217097,6926.0
scanId=169641,2.827216666667,990.5949436823059,10780.0
scanId=169641,2.827216666667,990.6130681423222,14300.0
scanId=169641,2.827216666667,990.6311927345289,15030.0
scanId=169641,2.827216666667,990.6493175261643,12406.0
scanId=169641,2.827216666667,990.6674424499818,9210.0
scanId=169641,2.827216666667,990.6855675732363,6438.0
scanId=169641,2.827216666667,990.7036928286641,4627.0
scanId=169641,2.827216666667,990.721818283538,3418.0
scanId=169641,2.827216666667,990.7399438705763,2447.0
scanId=169641,2.827216666667,990.7580696570693,1811.0
scanId=169641,2.827216666667,990.7761955757184,1809.0
scanId=169641,2.827216666667,990.7943216938305,1763.0
scanId=169641,2.827216666667,990.8124479440902,1491.0
scanId=169641,2.827216666667,990.8305743938215,1175.0
scanId=169641,2.827216666667,990.8487009756915,1138.0
scanId=169641,2.827216666667,990.8668277570423,1153.0
scanId=169641,2.827216666667,990.8849546705227,1464.0
scanId=169641,2.827216666667,990.9030817834924,1536.0
scanId=169641,2.827216666667,990.9212090285837,1236.0
scanId=169641,2.827216666667,990.9393364731727,1215.0
scanId=169641,2.827216666667,990.9574640498741,1340.0
scanId=169641,2.827216666667,990.9755918260826,1425.0
scanId=169641,2.827216666667,990.9937197343946,1404.0
scanId=169641,2.827216666667,991.0118478422223,1386.0
scanId=169641,2.827216666667,991.0299760821449,1187.0
scanId=169641,2.827216666667,991.0481045215915,1141.0
scanId=169641,2.827216666667,991.0662330931249,1217.0
scanId=169641,2.827216666667,991.0843618641907,1121.0
scanId=169641,2.827216666667,991.1750081054428,1019.0
scanId=169641,2.827216666667,991.1931378713663,1273.0
scanId=169641,2.827216666667,991.2112677693414,1213.0
scanId=169641,2.827216666667,991.2293978668844,1150.0
scanId=169641,2.827216666667,991.3563130572339,1049.0
scanId=169641,2.827216666667,991.3744444812535,1110.0
scanId=169641,2.827216666667,991.4288396805586,1040.0
scanId=169641,2.827216666667,991.4469717678164,1001.0
scanId=169641,2.827216666667,991.5376345897683,1042.0
scanId=169641,2.827216666667,991.5557676718837,1408.0
scanId=169641,2.827216666667,991.5739008859643,1610.0
scanId=169641,2.827216666667,991.592034299699,2057.0
scanId=169641,2.827216666667,991.6101678453899,2801.0
scanId=169641,2.827216666667,991.6283015907438,3119.0
scanId=169641,2.827216666667,991.6464354680454,2591.0
scanId=169641,2.827216666667,991.6645695450186,1875.0
scanId=169641,2.827216666667,991.6827037539306,1750.0
scanId=169641,2.827216666667,991.7008381625227,1707.0
scanId=169641,2.827216666667,991.7189727030456,1434.0
scanId=169641,2.827216666667,991.7371074432568,1117.0
scanId=169641,2.827216666667,991.75524231539,1058.0
scanId=169641,2.827216666667,991.9728739172814,1021.0
scanId=169641,2.827216666667,991.9910109788269,1159.0
scanId=169641,2.827216666667,1009.5705409609523,1346.0
scanId=169641,2.827216666667,1009.5888381944,1727.0
scanId=169641,2.827216666667,1009.6071355556919,1844.0
scanId=169641,2.827216666667,1009.625433120758,1607.0
scanId=169641,2.827216666667,1009.6437308136602,1124.0
scanId=169641,2.827216666667,1010.5588278123066,1231.0
scanId=169641,2.827216666667,1010.5771339994535,1779.0
scanId=169641,2.827216666667,1010.5954403142296,2177.0
scanId=169641,2.827216666667,1010.6137468329948,2189.0
scanId=169641,2.827216666667,1010.6320534793815,1849.0
scanId=169641,2.827216666667,1010.6503603297652,1635.0
scanId=169641,2.827216666667,1010.6686673077625,1431.0
scanId=169641,2.827216666667,1010.6869744897647,1133.0
scanId=169641,2.827216666667,1013.5815889332041,1305.0
scanId=169641,2.827216666667,1013.5999224400433,1213.0
scanId=169641,2.827216666667,1019.5487146944861,2233.0
scanId=169641,2.827216666667,1019.567102128113,3844.0
scanId=169641,2.827216666667,1019.5854896874683,5556.0
scanId=169641,2.827216666667,1019.6038774527134,6540.0
scanId=169641,2.827216666667,1019.6222653436791,6339.0
scanId=169641,2.827216666667,1019.6406534405421,5506.0
scanId=169641,2.827216666667,1019.6590416631187,4426.0
scanId=169641,2.827216666667,1019.6774300915997,3218.0
scanId=169641,2.827216666667,1019.6958186457866,2268.0
scanId=169641,2.827216666667,1019.7142074058859,1536.0
scanId=169641,2.827216666667,1019.7325962916833,1035.0
scanId=169641,2.827216666667,1020.5602686855634,1619.0
scanId=169641,2.827216666667,1020.5786651984032,2790.0
scanId=169641,2.827216666667,1020.5970619173361,4231.0
scanId=169641,2.827216666667,1020.6154587617862,4935.0
scanId=169641,2.827216666667,1020.6338558123374,4741.0
scanId=169641,2.827216666667,1020.652252988398,4102.0
scanId=169641,2.827216666667,1020.6706503705672,3052.0
scanId=169641,2.827216666667,1020.6890478782383,2148.0
scanId=169641,2.827216666667,1020.7074455920255,1459.0
scanId=169641,2.827216666667,1020.7258434313073,1080.0
scanId=169641,2.827216666667,1021.572324202977,1068.0
scanId=169641,2.827216666667,1021.5907298755972,1525.0
scanId=169641,2.827216666667,1021.6091356735316,1721.0
scanId=169641,2.827216666667,1021.6275416777694,1435.0
scanId=169641,2.827216666667,1041.547037910721,1843.0
scanId=169641,2.827216666667,1041.5656226568358,4020.0
scanId=169641,2.827216666667,1041.5842075244557,5864.0
scanId=169641,2.827216666667,1041.6027926021875,6838.0
scanId=169641,2.827216666667,1041.6213778014173,7426.0
scanId=169641,2.827216666667,1041.6399632107666,6683.0
scanId=169641,2.827216666667,1041.6585487416069,5096.0
scanId=169641,2.827216666667,1041.6771344825736,3434.0
scanId=169641,2.827216666667,1041.6957203450245,2347.0
scanId=169641,2.827216666667,1041.714306417608,1719.0
scanId=169641,2.827216666667,1041.7328926116693,1131.0
scanId=169641,2.827216666667,1042.5508502744526,1466.0
scanId=169641,2.827216666667,1042.5694439742297,3161.0
scanId=169641,2.827216666667,1042.588037795333,4972.0
scanId=169641,2.827216666667,1042.6066318267276,6261.0
scanId=169641,2.827216666667,1042.625225979442,6434.0
scanId=169641,2.827216666667,1042.6438203424527,5289.0
scanId=169641,2.827216666667,1042.6624148267774,3810.0
scanId=169641,2.827216666667,1042.6810095214057,2432.0
scanId=169641,2.827216666667,1042.6996043373408,1494.0
scanId=169641,2.827216666667,1042.7181993635866,1004.0
scanId=169641,2.827216666667,1043.5737487845563,1046.0
scanId=169641,2.827216666667,1043.5923515591442,1850.0
scanId=169641,2.827216666667,1043.6109545441989,2697.0
scanId=169641,2.827216666667,1043.6295576503976,3052.0
scanId=169641,2.827216666667,1043.6481609670695,2371.0
scanId=169641,2.827216666667,1043.6667644048784,1503.0
scanId=169641,2.827216666667,1044.6343728142508,1080.0
scanId=169641,2.827216666667,1045.639671470968,1201.0
scanId=169641,2.827216666667,1045.6582926949575,1215.0
scanId=169641,2.827216666667,1046.5895641727932,2039.0
scanId=169641,2.827216666667,1046.6081938078337,4433.0
scanId=169641,2.827216666667,1046.6268236538635,7630.0
scanId=169641,2.827216666667,1046.6454536205147,10561.0
scanId=169641,2.827216666667,1046.664083798161,11502.0
scanId=169641,2.827216666667,1046.6827140964226,10260.0
scanId=169641,2.827216666667,1046.701344605686,7828.0
scanId=169641,2.827216666667,1046.7199752355586,5515.0
scanId=169641,2.827216666667,1046.7386060764386,3685.0
scanId=169641,2.827216666667,1046.7572370379214,2488.0
scanId=169641,2.827216666667,1046.7758682104184,1636.0
scanId=169641,2.827216666667,1047.5958029545106,2138.0
scanId=169641,2.827216666667,1047.6144415430356,3616.0
scanId=169641,2.827216666667,1047.6330803427206,5361.0
scanId=169641,2.827216666667,1047.6517192628564,7457.0
scanId=169641,2.827216666667,1047.6703583941585,8100.0
scanId=169641,2.827216666667,1047.6889976459045,6932.0
scanId=169641,2.827216666667,1047.7076371088233,5348.0
scanId=169641,2.827216666667,1047.7262766921797,3777.0
scanId=169641,2.827216666667,1047.7449164867153,2597.0
scanId=169641,2.827216666667,1047.7635564016828,1712.0
scanId=169641,2.827216666667,1047.7821965278354,1177.0
scanId=169641,2.827216666667,1048.6398205243388,1968.0
scanId=169641,2.827216666667,1048.6584683979584,2875.0
scanId=169641,2.827216666667,1048.6771164829154,3502.0
scanId=169641,2.827216666667,1048.6957646881456,3613.0
scanId=169641,2.827216666667,1048.7144131047187,2989.0
scanId=169641,2.827216666667,1048.7330616415593,2117.0
scanId=169641,2.827216666667,1048.7517103897492,1381.0
scanId=169641,2.827216666667,1049.6283874916905,1136.0
scanId=169641,2.827216666667,1049.6470441986833,1238.0
scanId=169641,2.827216666667,1060.6271323710414,2511.0
scanId=169641,2.827216666667,1060.6458865732836,5878.0
scanId=169641,2.827216666667,1060.6646408938825,10538.0
scanId=169641,2.827216666667,1060.6833954277413,14615.0
scanId=169641,2.827216666667,1060.702150079951,16709.0
scanId=169641,2.827216666667,1060.7209049454254,16333.0
scanId=169641,2.827216666667,1060.7396599292456,13565.0
scanId=169641,2.827216666667,1060.7584151263363,9793.0
scanId=169641,2.827216666667,1060.7771704417669,6400.0
scanId=169641,2.827216666667,1060.7959259704744,3968.0
scanId=169641,2.827216666667,1060.8146816175156,2486.0
scanId=169641,2.827216666667,1060.8334374778387,1653.0
scanId=169641,2.827216666667,1060.8521934564903,1033.0
scanId=169641,2.827216666667,1061.6400952803408,2391.0
scanId=169641,2.827216666667,1061.6588584362205,5701.0
scanId=169641,2.827216666667,1061.6776217103036,9708.0
scanId=169641,2.827216666667,1061.6963851977994,12844.0
scanId=169641,2.827216666667,1061.715148803493,12394.0
scanId=169641,2.827216666667,1061.7339126226057,10444.0
scanId=169641,2.827216666667,1061.75267655991,7724.0
scanId=169641,2.827216666667,1061.771440710638,5366.0
scanId=169641,2.827216666667,1061.7902049795528,3720.0
scanId=169641,2.827216666667,1061.8089694618968,2637.0
scanId=169641,2.827216666667,1061.8277340624227,1874.0
scanId=169641,2.827216666667,1061.846498876383,1197.0
scanId=169641,2.827216666667,1062.6347697859505,1114.0
scanId=169641,2.827216666667,1062.653541681908,2083.0
scanId=169641,2.827216666667,1062.6723137914237,4077.0
scanId=169641,2.827216666667,1062.6910860189912,5575.0
scanId=169641,2.827216666667,1062.7098584601229,5742.0
scanId=169641,2.827216666667,1062.728631019301,4709.0
scanId=169641,2.827216666667,1062.7474037920485,3337.0
scanId=169641,2.827216666667,1062.7661766828376,2474.0
scanId=169641,2.827216666667,1062.7849497872016,1845.0
scanId=169641,2.827216666667,1062.8037230096006,1269.0
scanId=169641,2.827216666667,1063.6674715757058,1384.0
scanId=169641,2.827216666667,1063.6862526388559,1756.0
scanId=169641,2.827216666667,1063.705033819908,1737.0
scanId=169641,2.827216666667,1063.7238152146747,1684.0
scanId=169641,2.827216666667,1063.7425967273368,1614.0
scanId=169641,2.827216666667,1063.7613784537193,1321.0
scanId=169641,2.827216666667,1064.681884961698,1118.0
scanId=169641,2.827216666667,1064.7006749784814,1101.0
scanId=169641,2.827216666667,1081.678894732865,1103.0
scanId=169641,2.827216666667,1089.7430722497947,1018.0
scanId=169641,2.827216666667,1100.643784834147,1162.0
scanId=169641,2.827216666667,1100.6628895536508,1291.0
scanId=169641,2.827216666667,1100.6819943865776,1068.0
scanId=169641,2.827216666667,1104.6785485845055,1223.0
scanId=169641,2.827216666667,1104.6976882365377,1419.0
scanId=169641,2.827216666667,1104.716828107126,1237.0
scanId=169641,2.827216666667,1105.6740317205663,1029.0
scanId=169641,2.827216666667,1105.6931799944723,1174.0
scanId=169641,2.827216666667,1105.7123284870206,1098.0
scanId=169641,2.827216666667,1115.7112257855058,1025.0
scanId=169641,2.827216666667,1117.6547998363446,1345.0
scanId=169641,2.827216666667,1117.6740515727358,2021.0
scanId=169641,2.827216666667,1117.6933035286925,1966.0
scanId=169641,2.827216666667,1117.7125555966938,1511.0
scanId=169641,2.827216666667,1117.7318078842636,1054.0
scanId=169641,2.827216666667,1118.6368511387857,1083.0
scanId=169641,2.827216666667,1118.6561113850703,1826.0
scanId=169641,2.827216666667,1118.6753717433348,1952.0
scanId=169641,2.827216666667,1118.6946323212326,1917.0
scanId=169641,2.827216666667,1118.7138930111075,1816.0
scanId=169641,2.827216666667,1118.7331539206182,1469.0
scanId=169641,2.827216666667,1118.7524149421042,1010.0
scanId=169641,2.827216666667,1119.657871272958,1053.0
scanId=169641,2.827216666667,1119.677140253096,1308.0
scanId=169641,2.827216666667,1119.6964094529335,1104.0
scanId=169641,2.827216666667,1276.2744457811218,1944.0
scanId=169641,2.827216666667,1276.2950183222447,3936.0
scanId=169641,2.827216666667,1276.3155910733994,5984.0
scanId=169641,2.827216666667,1276.3361639461334,6352.0
scanId=169641,2.827216666667,1276.3567370288908,5309.0
scanId=169641,2.827216666667,1276.3773102332348,3963.0
scanId=169641,2.827216666667,1276.3978836475949,2850.0
scanId=169641,2.827216666667,1276.4184571835494,1940.0
scanId=169641,2.827216666667,1276.4390309295122,1309.0
scanId=169641,2.827216666667,1277.2621158426355,1054.0
scanId=169641,2.827216666667,1277.2826963424109,2295.0
scanId=169641,2.827216666667,1277.30327705203,3603.0
scanId=169641,2.827216666667,1277.323857883416,4164.0
scanId=169641,2.827216666667,1277.3444389246374,4462.0
scanId=169641,2.827216666667,1277.3650200876345,4881.0
scanId=169641,2.827216666667,1277.3856014604587,4453.0
scanId=169641,2.827216666667,1277.406182955066,3275.0
scanId=169641,2.827216666667,1277.4267646594924,2277.0
scanId=169641,2.827216666667,1277.44734648571,1630.0
scanId=169641,2.827216666667,1277.4679285217396,1098.0
scanId=169641,2.827216666667,1278.2707563733609,1310.0
scanId=169641,2.827216666667,1278.2913450414421,2948.0
scanId=169641,2.827216666667,1278.311933831481,5139.0
scanId=169641,2.827216666667,1278.3325228311646,6520.0
scanId=169641,2.827216666667,1278.353111952814,6655.0
scanId=169641,2.827216666667,1278.3737012841007,6011.0
scanId=169641,2.827216666667,1278.394290737361,4922.0
scanId=169641,2.827216666667,1278.4148804002498,3320.0
scanId=169641,2.827216666667,1278.4354701851203,2072.0
scanId=169641,2.827216666667,1278.4560601796118,1227.0
scanId=169641,2.827216666667,1279.2591984150542,1093.0
scanId=169641,2.827216666667,1279.2797950415963,1784.0
scanId=169641,2.827216666667,1279.3003917902884,3084.0
scanId=169641,2.827216666667,1279.320988748433,3978.0
scanId=169641,2.827216666667,1279.3415858287349,4295.0
scanId=169641,2.827216666667,1279.3621831184819,4218.0
scanId=169641,2.827216666667,1279.3827805303945,3880.0
scanId=169641,2.827216666667,1279.403378151744,2876.0
scanId=169641,2.827216666667,1279.4239758952674,1957.0
scanId=169641,2.827216666667,1279.4445738482195,1422.0
scanId=169641,2.827216666667,1279.4651719233532,1171.0
scanId=169641,2.827216666667,1280.2892317597978,1880.0
scanId=169641,2.827216666667,1280.3098366764011,3258.0
scanId=169641,2.827216666667,1280.3304417153563,4343.0
scanId=169641,2.827216666667,1280.3510469635623,5036.0
scanId=169641,2.827216666667,1280.3716523341277,4927.0
scanId=169641,2.827216666667,1280.3922579139362,3852.0
scanId=169641,2.827216666667,1280.412863616112,2570.0
scanId=169641,2.827216666667,1280.4334695275231,1764.0
scanId=169641,2.827216666667,1280.4540755613095,1352.0
scanId=169641,2.827216666667,1281.2784537399705,1367.0
scanId=169641,2.827216666667,1281.2990666150313,2177.0
scanId=169641,2.827216666667,1281.3196796126385,2687.0
scanId=169641,2.827216666667,1281.340292819302,2594.0
scanId=169641,2.827216666667,1281.3609061485204,2172.0
scanId=169641,2.827216666667,1281.3815196867863,1767.0
scanId=169641,2.827216666667,1281.4021333476148,1499.0
scanId=169641,2.827216666667,1281.4227472174828,1246.0
scanId=169641,2.827216666667,1282.309299520543,1213.0
scanId=169641,2.827216666667,1282.329920685662,1579.0
scanId=169641,2.827216666667,1282.3505419735327,1438.0
scanId=169641,2.827216666667,1282.3711634702538,1143.0
scanId=169641,2.827216666667,1299.7725285037632,1121.0
scanId=169641,2.827216666667,1299.793289604791,1282.0
scanId=169641,2.827216666667,1299.8140508323042,1308.0
scanId=169641,2.827216666667,1299.8348122649327,1261.0
scanId=169641,2.827216666667,1299.8555738240564,1018.0
scanId=169641,2.827216666667,1300.7692474351347,1295.0
scanId=169641,2.827216666667,1300.7900164945868,1406.0
scanId=169641,2.827216666667,1313.7822289427547,1178.0
scanId=169641,2.827216666667,1313.8031015914053,1238.0
scanId=169641,2.827216666667,1313.8239744418288,1088.0
scanId=169641,2.827216666667,1314.8051845739665,1040.0
scanId=169641,2.827216666667,1319.361118734215,1039.0
scanId=169641,2.827216666667,1320.32346939286,1076.0
scanId=169641,2.827216666667,1320.3443939728631,1223.0
scanId=169641,2.827216666667,1320.3653186843667,1105.0
scanId=169641,2.827216666667,1333.3915967908313,1389.0
scanId=169641,2.827216666667,1333.412624633209,1622.0
scanId=169641,2.827216666667,1333.4336526721615,1371.0
scanId=169641,2.827216666667,1334.401120988501,1274.0
scanId=169641,2.827216666667,1334.422156789531,1240.0
scanId=169641,2.827216666667,1334.4431927868523,1198.0
scanId=169641,2.827216666667,1521.956421857544,1070.0
scanId=169641,2.827216666667,1521.9788873518978,1374.0
scanId=169641,2.827216666667,1522.001353057524,1498.0
scanId=169641,2.827216666667,1522.0238188834655,1199.0
scanId=170640,2.843866666667,102.12527748278399,1066.0
scanId=170640,2.843866666667,203.10003383392424,1005.0
scanId=170640,2.843866666667,206.1396085480254,1820.0
scanId=170640,2.843866666667,206.14787658812693,2757.0
scanId=170640,2.843866666667,206.156144720616,2612.0
scanId=170640,2.843866666667,206.16441309231655,1941.0
scanId=170640,2.843866666667,206.17268155641617,1245.0
scanId=170640,2.843866666667,244.0964322204038,1072.0
scanId=170640,2.843866666667,248.11649242936642,2190.0
scanId=170640,2.843866666667,248.1255632676533,2546.0
scanId=170640,2.843866666667,248.13463422923016,2091.0
scanId=170640,2.843866666667,248.14370539911383,1348.0
scanId=170640,2.843866666667,262.1048654175388,1274.0
scanId=170640,2.843866666667,262.1141884031169,1210.0
scanId=170640,2.843866666667,273.15471473243576,1446.0
scanId=170640,2.843866666667,273.16423223135126,1620.0
scanId=170640,2.843866666667,273.17374987230903,1195.0
scanId=170640,2.843866666667,277.1378878168327,1208.0
scanId=170640,2.843866666667,277.14747443278026,1294.0
scanId=170640,2.843866666667,290.11309575222555,1625.0
scanId=170640,2.843866666667,290.1229042156162,3684.0
scanId=170640,2.843866666667,290.132712856216,4903.0
scanId=170640,2.843866666667,290.1425216512173,4127.0
scanId=170640,2.843866666667,290.15233062341366,3108.0
scanId=170640,2.843866666667,290.16213975002535,2099.0
scanId=170640,2.843866666667,290.17194905381825,1420.0
scanId=170640,2.843866666667,290.18175851204046,1005.0
scanId=170640,2.843866666667,291.12423902021993,1095.0
scanId=170640,2.843866666667,291.13406457224085,1488.0
scanId=170640,2.843866666667,291.14389027937904,1452.0
scanId=170640,2.843866666667,291.1537161629965,1214.0
scanId=170640,2.843866666667,291.1635422017451,1192.0
scanId=170640,2.843866666667,291.17336841695914,1044.0
scanId=170640,2.843866666667,292.1272988262936,1312.0
scanId=170640,2.843866666667,292.1371412897361,1734.0
scanId=170640,2.843866666667,292.1469839090111,1874.0
scanId=170640,2.843866666667,292.1568267040502,1495.0
scanId=170640,2.843866666667,292.16666965493573,1017.0
scanId=170640,2.843866666667,294.1484697292405,2508.0
scanId=170640,2.843866666667,294.1583461727894,4583.0
scanId=170640,2.843866666667,294.1682227906732,4747.0
scanId=170640,2.843866666667,294.17809956583255,3668.0
scanId=170640,2.843866666667,294.18797651531276,2534.0
scanId=170640,2.843866666667,294.1978536220828,1705.0
scanId=170640,2.843866666667,294.20773090315953,1222.0
scanId=170640,2.843866666667,295.17650833629847,1107.0
scanId=170640,2.843866666667,331.18636210636953,1179.0
scanId=170640,2.843866666667,331.1968418989914,1642.0
scanId=170640,2.843866666667,331.20732187370083,1525.0
scanId=170640,2.843866666667,331.21780199791993,1225.0
scanId=170640,2.843866666667,368.39443187414173,1509.0
scanId=170640,2.843866666667,368.4054846683426,2777.0
scanId=170640,2.843866666667,368.41653766604406,3013.0
scanId=170640,2.843866666667,368.4275907918437,2531.0
scanId=170640,2.843866666667,368.43864412115585,1765.0
scanId=170640,2.843866666667,368.44969757855444,1132.0
scanId=170640,2.843866666667,494.2662843147362,1985.0
scanId=170640,2.843866666667,494.27908688958235,6747.0
scanId=170640,2.843866666667,494.2918895514093,15370.0
scanId=170640,2.843866666667,494.30469245786617,22805.0
scanId=170640,2.843866666667,494.31749545130026,24889.0
scanId=170640,2.843866666667,494.3302986893676,21415.0
scanId=170640,2.843866666667,494.3431020144088,16079.0
scanId=170640,2.843866666667,494.35590558408654,11340.0
scanId=170640,2.843866666667,494.368709240735,7321.0
scanId=170640,2.843866666667,494.3815131420232,4896.0
scanId=170640,2.843866666667,494.3943171302785,3339.0
scanId=170640,2.843866666667,494.40712136317745,2121.0
scanId=170640,2.843866666667,494.4199256830399,1363.0
scanId=170640,2.843866666667,494.4327302475492,1027.0
scanId=170640,2.843866666667,494.7657060971869,2250.0
scanId=170640,2.843866666667,494.7785150595488,5243.0
scanId=170640,2.843866666667,494.79132426660567,10004.0
scanId=170640,2.843866666667,494.80413356057454,14948.0
scanId=170640,2.843866666667,494.81694309924177,16523.0
scanId=170640,2.843866666667,494.829752724818,14281.0
scanId=170640,2.843866666667,494.8425625950957,10376.0
scanId=170640,2.843866666667,494.8553725522789,7369.0
scanId=170640,2.843866666667,494.8681827541673,5109.0
scanId=170640,2.843866666667,494.88099304295764,3421.0
scanId=170640,2.843866666667,494.89380357645643,2174.0
scanId=170640,2.843866666667,494.906614196854,1514.0
scanId=170640,2.843866666667,494.9194250619633,1034.0
scanId=170640,2.843866666667,495.2781954969131,1551.0
scanId=170640,2.843866666667,495.29101109141766,3212.0
scanId=170640,2.843866666667,495.3038269306849,4761.0
scanId=170640,2.843866666667,495.3166428567965,5356.0
scanId=170640,2.843866666667,495.32945902767443,4315.0
scanId=170640,2.843866666667,495.3422752853931,2977.0
scanId=170640,2.843866666667,495.3550917878814,2029.0
scanId=170640,2.843866666667,495.36790837720747,1342.0
scanId=170640,2.843866666667,495.803772410357,1420.0
scanId=170640,2.843866666667,495.81659488183476,1598.0
scanId=170640,2.843866666667,495.82941744008986,1352.0
scanId=170640,2.843866666667,510.2948123818536,1114.0
scanId=170640,2.843866666667,510.3078208868375,1235.0
scanId=170640,2.843866666667,510.32082947700775,1337.0
scanId=170640,2.843866666667,510.3338383136023,1040.0
scanId=170640,2.843866666667,521.30664463209,1419.0
scanId=170640,2.843866666667,521.3197927451062,1684.0
scanId=170640,2.843866666667,521.3329409424902,1831.0
scanId=170640,2.843866666667,521.3460893871168,1507.0
scanId=170640,2.843866666667,521.3592379161094,1015.0
scanId=170640,2.843866666667,539.2610087308366,1343.0
scanId=170640,2.843866666667,539.2743813441801,1191.0
scanId=170640,2.843866666667,550.5929320037319,1276.0
scanId=170640,2.843866666667,550.6064443088574,2256.0
scanId=170640,2.843866666667,550.6199568618437,2336.0
scanId=170640,2.843866666667,550.6334694985801,2005.0
scanId=170640,2.843866666667,550.6469823831769,1451.0
scanId=170640,2.843866666667,593.389859394758,1048.0
scanId=170640,2.843866666667,604.3251894637757,1156.0
scanId=170640,2.843866666667,604.3393457607261,3235.0
scanId=170640,2.843866666667,604.3535023013575,6931.0
scanId=170640,2.843866666667,604.3676589299223,9682.0
scanId=170640,2.843866666667,604.3818158021639,10058.0
scanId=170640,2.843866666667,604.3959727623434,8199.0
scanId=170640,2.843866666667,604.4101299661955,6403.0
scanId=170640,2.843866666667,604.4242872579892,4537.0
scanId=170640,2.843866666667,604.438444793452,2864.0
scanId=170640,2.843866666667,604.4526024168598,1810.0
scanId=170640,2.843866666667,604.4667602839332,1279.0
scanId=170640,2.843866666667,605.3590376834766,1593.0
scanId=170640,2.843866666667,605.3732061620868,3040.0
scanId=170640,2.843866666667,605.3873747287697,3700.0
scanId=170640,2.843866666667,605.4015435389904,3143.0
scanId=170640,2.843866666667,605.4157124372877,2188.0
scanId=170640,2.843866666667,605.4298815791188,1501.0
scanId=170640,2.843866666667,605.4440508090307,1122.0
scanId=170640,2.843866666667,606.379589145756,1085.0
scanId=170640,2.843866666667,609.2900336409218,1970.0
scanId=170640,2.843866666667,609.3042479704104,4573.0
scanId=170640,2.843866666667,609.3184625428839,6755.0
scanId=170640,2.843866666667,609.3326772039871,7979.0
scanId=170640,2.843866666667,609.3468921080712,7226.0
scanId=170640,2.843866666667,609.3611071007888,5480.0
scanId=170640,2.843866666667,609.3753223364835,3981.0
scanId=170640,2.843866666667,609.3895376608159,2638.0
scanId=170640,2.843866666667,609.403753228121,1635.0
scanId=170640,2.843866666667,609.4179688840682,1097.0
scanId=170640,2.843866666667,610.2996657645849,1091.0
scanId=170640,2.843866666667,610.313891943427,2255.0
scanId=170640,2.843866666667,610.3281182110438,3285.0
scanId=170640,2.843866666667,610.3423447214964,3116.0
scanId=170640,2.843866666667,610.356571320728,2281.0
scanId=170640,2.843866666667,610.3707981627911,1590.0
scanId=170640,2.843866666667,610.3850250936372,1196.0
scanId=170640,2.843866666667,611.3243716690141,1022.0
scanId=170640,2.843866666667,611.3386097858353,1345.0
scanId=170640,2.843866666667,611.3528479915826,1480.0
scanId=170640,2.843866666667,611.3670864400141,1165.0
scanId=170640,2.843866666667,623.2996533264701,1016.0
scanId=170640,2.843866666667,623.314030147332,1378.0
scanId=170640,2.843866666667,623.3284072089641,1599.0
scanId=170640,2.843866666667,623.3427843614415,1417.0
scanId=170640,2.843866666667,623.3571617546842,1163.0
scanId=170640,2.843866666667,625.2852271467774,1025.0
scanId=170640,2.843866666667,625.2996268491087,1315.0
scanId=170640,2.843866666667,625.3140267918673,1508.0
scanId=170640,2.843866666667,625.3284268258142,1337.0
scanId=170640,2.843866666667,625.3428271001833,1026.0
scanId=170640,2.843866666667,646.397595253147,1003.0
scanId=170640,2.843866666667,660.4107150847001,1197.0
scanId=170640,2.843866666667,660.4255137216513,1874.0
scanId=170640,2.843866666667,660.4403125918748,1814.0
scanId=170640,2.843866666667,660.4551115604432,1420.0
scanId=170640,2.843866666667,660.4699107622774,1167.0
scanId=170640,2.843866666667,663.3885805791531,1369.0
scanId=170640,2.843866666667,663.4034126104293,4257.0
scanId=170640,2.843866666667,663.4182447407413,9418.0
scanId=170640,2.843866666667,663.4330771036281,14564.0
scanId=170640,2.843866666667,663.4479095655576,16116.0
scanId=170640,2.843866666667,663.462742260055,14486.0
scanId=170640,2.843866666667,663.4775750536019,11667.0
scanId=170640,2.843866666667,663.4924080797097,8625.0
scanId=170640,2.843866666667,663.5072412048743,5572.0
scanId=170640,2.843866666667,663.5220745625926,3581.0
scanId=170640,2.843866666667,663.5369080193746,2546.0
scanId=170640,2.843866666667,663.5517417087036,1891.0
scanId=170640,2.843866666667,663.566575497103,1269.0
scanId=170640,2.843866666667,664.3975341440878,1364.0
scanId=170640,2.843866666667,664.4123774501221,3821.0
scanId=170640,2.843866666667,664.4272208554299,6320.0
scanId=170640,2.843866666667,664.4420644930748,8047.0
scanId=170640,2.843866666667,664.4569082300002,7756.0
scanId=170640,2.843866666667,664.4717521992554,6266.0
scanId=170640,2.843866666667,664.4865962677985,4460.0
scanId=170640,2.843866666667,664.5014405686643,3092.0
scanId=170640,2.843866666667,664.5162849688248,2161.0
scanId=170640,2.843866666667,664.5311296013012,1460.0
scanId=170640,2.843866666667,664.5459743330792,1091.0
scanId=170640,2.843866666667,665.4221089814732,1023.0
scanId=170640,2.843866666667,665.4369636617787,1454.0
scanId=170640,2.843866666667,665.4518185741814,1746.0
scanId=170640,2.843866666667,665.4666735861043,1755.0
scanId=170640,2.843866666667,665.4815288301177,1385.0
scanId=170640,2.843866666667,665.4963841736583,1109.0
scanId=170640,2.843866666667,680.4798118796912,1081.0
scanId=170640,2.843866666667,685.3857176469489,1283.0
scanId=170640,2.843866666667,685.4007935164914,2143.0
scanId=170640,2.843866666667,685.4158696131161,2806.0
scanId=170640,2.843866666667,685.4309458142773,3086.0
scanId=170640,2.843866666667,685.4460222425125,2569.0
scanId=170640,2.843866666667,685.4610987752919,1990.0
scanId=170640,2.843866666667,685.4761755351378,1394.0
scanId=170640,2.843866666667,696.420046808328,1276.0
scanId=170640,2.843866666667,696.4352436111849,1093.0
scanId=170640,2.843866666667,722.4630561431144,1131.0
scanId=170640,2.843866666667,722.4785344833093,1850.0
scanId=170640,2.843866666667,722.4940129385607,2306.0
scanId=170640,2.843866666667,722.5094916103661,2660.0
scanId=170640,2.843866666667,722.5249703972373,2281.0
scanId=170640,2.843866666667,722.5404494006534,1852.0
scanId=170640,2.843866666667,722.5559285191445,1617.0
scanId=170640,2.843866666667,722.571407854171,1364.0
scanId=170640,2.843866666667,723.4694915114103,1255.0
scanId=170640,2.843866666667,723.484980578498,1532.0
scanId=170640,2.843866666667,723.5004698618403,1396.0
scanId=170640,2.843866666667,723.5159592605478,1205.0
scanId=170640,2.843866666667,723.5314488755009,1121.0
scanId=170640,2.843866666667,723.5469386058282,1013.0
scanId=170640,2.843866666667,725.4999744310796,1046.0
scanId=170640,2.843866666667,725.5154852691063,1009.0
scanId=170640,2.843866666667,736.4762445245176,3038.0
scanId=170640,2.843866666667,736.4918722088086,9848.0
scanId=170640,2.843866666667,736.5075001053515,19440.0
scanId=170640,2.843866666667,736.5231281212626,27750.0
scanId=170640,2.843866666667,736.5387563494161,31297.0
scanId=170640,2.843866666667,736.5543846969474,28284.0
scanId=170640,2.843866666667,736.5700132567116,21443.0
scanId=170640,2.843866666667,736.5856419358632,14857.0
scanId=170640,2.843866666667,736.6012708272378,10463.0
scanId=170640,2.843866666667,736.6168998380098,7461.0
scanId=170640,2.843866666667,736.6325290609949,5365.0
scanId=170640,2.843866666667,736.6481584033871,3685.0
scanId=170640,2.843866666667,736.6637879579829,2772.0
scanId=170640,2.843866666667,736.6794176319954,1983.0
scanId=170640,2.843866666667,736.6950475182018,1408.0
scanId=170640,2.843866666667,736.7106775238345,1085.0
scanId=170640,2.843866666667,737.4767520736943,2112.0
scanId=170640,2.843866666667,737.4923903698352,5544.0
scanId=170640,2.843866666667,737.5080288779151,10812.0
scanId=170640,2.843866666667,737.5236675056763,16263.0
scanId=170640,2.843866666667,737.5393063453666,18095.0
scanId=170640,2.843866666667,737.554945304748,15688.0
scanId=170640,2.843866666667,737.5705844760491,11810.0
scanId=170640,2.843866666667,737.586223767051,8696.0
scanId=170640,2.843866666667,737.6018632699626,6282.0
scanId=170640,2.843866666667,737.6175028925846,4512.0
scanId=170640,2.843866666667,737.6331427271066,3157.0
scanId=170640,2.843866666667,737.6487826813493,2132.0
scanId=170640,2.843866666667,737.6644228474818,1524.0
scanId=170640,2.843866666667,737.6800631333443,1155.0
scanId=170640,2.843866666667,738.4935876792596,1670.0
scanId=170640,2.843866666667,738.5092367988764,3112.0
scanId=170640,2.843866666667,738.5248860384886,3587.0
scanId=170640,2.843866666667,738.5405354897159,3962.0
scanId=170640,2.843866666667,738.5561850609486,3985.0
scanId=170640,2.843866666667,738.5718348437864,3556.0
scanId=170640,2.843866666667,738.5874847466392,3168.0
scanId=170640,2.843866666667,738.6031348610877,2869.0
scanId=170640,2.843866666667,738.6187850955608,2256.0
scanId=170640,2.843866666667,738.6344355416197,1561.0
scanId=170640,2.843866666667,764.5083214386192,1880.0
scanId=170640,2.843866666667,764.5242438053109,3246.0
scanId=170640,2.843866666667,764.5401663003796,5975.0
scanId=170640,2.843866666667,764.556088998682,8090.0
scanId=170640,2.843866666667,764.5720118253716,8198.0
scanId=170640,2.843866666667,764.5879348552845,7254.0
scanId=170640,2.843866666667,764.6038580135952,5713.0
scanId=170640,2.843866666667,764.6197813751185,4395.0
scanId=170640,2.843866666667,764.6357048650505,3346.0
scanId=170640,2.843866666667,764.6516285581841,2313.0
scanId=170640,2.843866666667,764.667552379737,1449.0
scanId=170640,2.843866666667,764.6834764044814,1025.0
scanId=170640,2.843866666667,765.5276859778028,1999.0
scanId=170640,2.843866666667,765.5436189560313,4687.0
scanId=170640,2.843866666667,765.559552062973,6458.0
scanId=170640,2.843866666667,765.5754853728121,5773.0
scanId=170640,2.843866666667,765.5914188113745,4374.0
scanId=170640,2.843866666667,765.6073524528243,3065.0
scanId=170640,2.843866666667,765.6232862230079,1981.0
scanId=170640,2.843866666667,765.639220196068,1297.0
scanId=170640,2.843866666667,766.5317862789125,1196.0
scanId=170640,2.843866666667,766.5477296661063,1897.0
scanId=170640,2.843866666667,766.5636732558718,2411.0
scanId=170640,2.843866666667,766.5796169746869,2437.0
scanId=170640,2.843866666667,766.5955608960628,2079.0
scanId=170640,2.843866666667,766.6115049464988,1641.0
scanId=170640,2.843866666667,766.6274491994856,1188.0
scanId=170640,2.843866666667,773.4347735406363,1011.0
scanId=170640,2.843866666667,773.4507885579936,1215.0
scanId=170640,2.843866666667,773.4668037756333,1037.0
scanId=170640,2.843866666667,780.5617554484595,1042.0
scanId=170640,2.843866666667,780.5778440857373,1158.0
scanId=170640,2.843866666667,781.5595654973599,1134.0
scanId=170640,2.843866666667,792.5451186519286,1079.0
scanId=170640,2.843866666667,810.7077245436453,1549.0
scanId=170640,2.843866666667,810.7241209257202,1875.0
scanId=170640,2.843866666667,810.7405174954665,2369.0
scanId=170640,2.843866666667,810.7569142091629,2612.0
scanId=170640,2.843866666667,810.7733111105201,2478.0
scanId=170640,2.843866666667,810.7897081558382,1995.0
scanId=170640,2.843866666667,810.8061053888056,1425.0
scanId=170640,2.843866666667,815.6834178310952,1099.0
scanId=170640,2.843866666667,822.6881761111754,1011.0
scanId=170640,2.843866666667,822.704693203578,2350.0
scanId=170640,2.843866666667,822.7212104795566,4425.0
scanId=170640,2.843866666667,822.7377279035809,6031.0
scanId=170640,2.843866666667,822.7542455111701,6594.0
scanId=170640,2.843866666667,822.7707632668163,5637.0
scanId=170640,2.843866666667,822.7872812060159,4039.0
scanId=170640,2.843866666667,822.8037992932842,2671.0
scanId=170640,2.843866666667,822.8203175640944,1771.0
scanId=170640,2.843866666667,822.8368359829843,1292.0
scanId=170640,2.843866666667,823.6960227097422,1409.0
scanId=170640,2.843866666667,823.7125499340368,2485.0
scanId=170640,2.843866666667,823.729077306716,3300.0
scanId=170640,2.843866666667,823.7456048626209,4102.0
scanId=170640,2.843866666667,823.7621325669221,3884.0
scanId=170640,2.843866666667,823.7786604544375,2766.0
scanId=170640,2.843866666667,823.7951884903604,1693.0
scanId=170640,2.843866666667,823.8117167094864,1074.0
scanId=170640,2.843866666667,824.7210236189724,1665.0
scanId=170640,2.843866666667,824.7375611231931,2638.0
scanId=170640,2.843866666667,824.7540987761491,3069.0
scanId=170640,2.843866666667,824.7706366119805,2795.0
scanId=170640,2.843866666667,824.7871745965584,2035.0
scanId=170640,2.843866666667,824.8037127640004,1411.0
scanId=170640,2.843866666667,825.49846516309,1610.0
scanId=170640,2.843866666667,825.5150104433483,2970.0
scanId=170640,2.843866666667,825.5315559062217,3907.0
scanId=170640,2.843866666667,825.5481015181019,3879.0
scanId=170640,2.843866666667,825.5646473125859,3008.0
scanId=170640,2.843866666667,825.5811932560879,2142.0
scanId=170640,2.843866666667,825.5977393821823,1655.0
scanId=170640,2.843866666667,825.614285657306,1221.0
scanId=170640,2.843866666667,825.9948959494646,1059.0
scanId=170640,2.843866666667,826.0114462040505,1567.0
scanId=170640,2.843866666667,826.0279966410818,2177.0
scanId=170640,2.843866666667,826.0445472272897,3057.0
scanId=170640,2.843866666667,826.0610979959315,3032.0
scanId=170640,2.843866666667,826.077648913761,2398.0
scanId=170640,2.843866666667,826.0942000140135,1804.0
scanId=170640,2.843866666667,826.1107512634649,1301.0
scanId=170640,2.843866666667,826.1273026953277,1014.0
scanId=170640,2.843866666667,826.4914759631223,1245.0
scanId=170640,2.843866666667,826.5080311920359,1995.0
scanId=170640,2.843866666667,826.5245866032252,1934.0
scanId=170640,2.843866666667,826.5411421637606,1762.0
scanId=170640,2.843866666667,826.5576979065603,1776.0
scanId=170640,2.843866666667,826.5742537987175,1464.0
scanId=170640,2.843866666667,826.5908098731279,1090.0
scanId=170640,2.843866666667,827.0213257926522,1829.0
scanId=170640,2.843866666667,827.0378863275151,2107.0
scanId=170640,2.843866666667,827.054447044473,2028.0
scanId=170640,2.843866666667,827.071007910958,1489.0
scanId=170640,2.843866666667,827.0875689595262,1070.0
scanId=170640,2.843866666667,827.6673098256617,1737.0
scanId=170640,2.843866666667,827.6838768432194,2225.0
scanId=170640,2.843866666667,827.7004440105196,2532.0
scanId=170640,2.843866666667,827.7170113596878,2279.0
scanId=170640,2.843866666667,827.7335788586098,1930.0
scanId=170640,2.843866666667,827.7501465393885,1830.0
scanId=170640,2.843866666667,827.7667143699323,1510.0
scanId=170640,2.843866666667,827.7832823823218,1101.0
scanId=170640,2.843866666667,828.6782008433544,1377.0
scanId=170640,2.843866666667,828.69477795931,1723.0
scanId=170640,2.843866666667,828.7113552567941,1656.0
scanId=170640,2.843866666667,828.7279327043716,1480.0
scanId=170640,2.843866666667,828.7445103334663,1314.0
scanId=170640,2.843866666667,828.7610881126656,1058.0
scanId=170640,2.843866666667,836.7375667840408,1179.0
scanId=170640,2.843866666667,836.7542243312729,1526.0
scanId=170640,2.843866666667,836.7708820313429,1444.0
scanId=170640,2.843866666667,836.7875399101854,1249.0
scanId=170640,2.843866666667,843.6981428124874,1189.0
scanId=170640,2.843866666667,843.7148694899104,1115.0
scanId=170640,2.843866666667,848.7068078592455,1288.0
scanId=170640,2.843866666667,848.7235841230464,2214.0
scanId=170640,2.843866666667,848.7403605437531,3147.0
scanId=170640,2.843866666667,848.7571371391643,3816.0
scanId=170640,2.843866666667,848.7739138914932,3812.0
scanId=170640,2.843866666667,848.7906908185149,3236.0
scanId=170640,2.843866666667,848.8074679024655,2378.0
scanId=170640,2.843866666667,848.8242451610981,1871.0
scanId=170640,2.843866666667,848.8410225766704,1377.0
scanId=170640,2.843866666667,849.6968908628342,1187.0
scanId=170640,2.843866666667,849.7136769005757,1571.0
scanId=170640,2.843866666667,849.7304631126922,1750.0
scanId=170640,2.843866666667,849.747249482056,1843.0
scanId=170640,2.843866666667,849.764036025783,1912.0
scanId=170640,2.843866666667,849.7808227267684,1865.0
scanId=170640,2.843866666667,849.7976096021061,1603.0
scanId=170640,2.843866666667,849.8143966347135,1124.0
scanId=170640,2.843866666667,850.7379390115149,1338.0
scanId=170640,2.843866666667,850.754735329535,1671.0
scanId=170640,2.843866666667,850.7715318215782,1593.0
scanId=170640,2.843866666667,850.7883284712202,1364.0
scanId=170640,2.843866666667,854.7064688923363,1071.0
scanId=170640,2.843866666667,854.7233043417392,1089.0
scanId=170640,2.843866666667,860.7610514538425,1079.0
scanId=170640,2.843866666667,868.5502456717408,1146.0
scanId=170640,2.843866666667,868.567216922532,2396.0
scanId=170640,2.843866666667,868.5841883368959,2837.0
scanId=170640,2.843866666667,868.6011599192974,2472.0
scanId=170640,2.843866666667,868.6181316652834,1904.0
scanId=170640,2.843866666667,868.6351035792956,1413.0
scanId=170640,2.843866666667,868.6520756569031,1142.0
scanId=170640,2.843866666667,869.5688141324662,1006.0
scanId=170640,2.843866666667,869.5857953315731,1221.0
scanId=170640,2.843866666667,869.6027766945917,1409.0
scanId=170640,2.843866666667,869.6197582253092,1224.0
scanId=170640,2.843866666667,869.6876860024785,1111.0
scanId=170640,2.843866666667,869.7046683603625,1393.0
scanId=170640,2.843866666667,869.7216508859115,1030.0
scanId=170640,2.843866666667,879.7360876848134,1016.0
scanId=170640,2.843866666667,879.7531678711224,1143.0
scanId=170640,2.843866666667,879.7702482217773,1018.0
scanId=170640,2.843866666667,898.7280924303245,1042.0
scanId=170640,2.843866666667,898.7453560033994,1770.0
scanId=170640,2.843866666667,898.7626197346759,1997.0
scanId=170640,2.843866666667,898.7798836393724,1757.0
scanId=170640,2.843866666667,898.7971477022595,1262.0
scanId=170640,2.843866666667,900.7663381770826,1770.0
scanId=170640,2.843866666667,900.7836213158265,2336.0
scanId=170640,2.843866666667,900.8009046121242,2037.0
scanId=170640,2.843866666667,900.8181880824894,1318.0
scanId=170640,2.843866666667,903.7068528938779,1210.0
scanId=170640,2.843866666667,903.7241642204466,1673.0
scanId=170640,2.843866666667,903.7414757036391,2012.0
scanId=170640,2.843866666667,903.7587873618296,1809.0
scanId=170640,2.843866666667,903.7760991766328,1582.0
scanId=170640,2.843866666667,903.7934111664443,1586.0
scanId=170640,2.843866666667,903.8107233128582,1205.0
scanId=170640,2.843866666667,905.7160721824849,1366.0
scanId=170640,2.843866666667,905.7334027430969,1612.0
scanId=170640,2.843866666667,905.7507334597001,1559.0
scanId=170640,2.843866666667,905.7680643519336,1260.0
scanId=170640,2.843866666667,927.5963913920364,1046.0
scanId=170640,2.843866666667,954.8201854182012,1086.0
scanId=170640,2.843866666667,954.8379795848837,1037.0
scanId=170640,2.843866666667,956.5826110591474,1552.0
scanId=170640,2.843866666667,956.6004216161843,2231.0
scanId=170640,2.843866666667,956.6182323638834,2288.0
scanId=170640,2.843866666667,956.6360432525308,1745.0
scanId=170640,2.843866666667,956.6538543318499,1347.0
scanId=170640,2.843866666667,956.671665552108,1118.0
scanId=170640,2.843866666667,957.5624385915538,1144.0
scanId=170640,2.843866666667,957.5802582930004,1407.0
scanId=170640,2.843866666667,957.5980781351323,1661.0
scanId=170640,2.843866666667,957.615898168199,1878.0
scanId=170640,2.843866666667,957.6337183419413,1999.0
scanId=170640,2.843866666667,957.6515387066286,1761.0
scanId=170640,2.843866666667,957.6693592119813,1257.0
scanId=170640,2.843866666667,961.5403334638838,1209.0
scanId=170640,2.843866666667,961.5581901147843,1495.0
scanId=170640,2.843866666667,961.5760469576954,1512.0
scanId=170640,2.843866666667,961.5939039402065,1668.0
scanId=170640,2.843866666667,961.6117611147379,2106.0
scanId=170640,2.843866666667,961.6296184288592,2039.0
scanId=170640,2.843866666667,961.647475935011,1414.0
scanId=170640,2.843866666667,961.6653335807429,1134.0
scanId=170640,2.843866666667,961.6831914185145,1069.0
scanId=170640,2.843866666667,962.5762940560779,1122.0
scanId=170640,2.843866666667,962.5941603236837,1661.0
scanId=170640,2.843866666667,962.6120267835792,1692.0
scanId=170640,2.843866666667,962.6298933827956,1366.0
scanId=170640,2.843866666667,987.4981022745167,1414.0
scanId=170640,2.843866666667,987.5161983482183,6808.0
scanId=170640,2.843866666667,987.5342946205959,22673.0
scanId=170640,2.843866666667,987.5523910259078,57338.0
scanId=170640,2.843866666667,987.5704876299051,112997.0
scanId=170640,2.843866666667,987.5885843668275,175462.0
scanId=170640,2.843866666667,987.6066813024439,214898.0
scanId=170640,2.843866666667,987.6247783709769,214799.0
scanId=170640,2.843866666667,987.6428756382126,184667.0
scanId=170640,2.843866666667,987.6609730383562,140739.0
scanId=170640,2.843866666667,987.6790706372111,98274.0
scanId=170640,2.843866666667,987.6971683689651,65088.0
scanId=170640,2.843866666667,987.7152662994397,42741.0
scanId=170640,2.843866666667,987.7333643628042,28368.0
scanId=170640,2.843866666667,987.7514626248978,18966.0
scanId=170640,2.843866666667,987.7695610198731,12706.0
scanId=170640,2.843866666667,987.787659613586,8977.0
scanId=170640,2.843866666667,987.8057583401718,6572.0
scanId=170640,2.843866666667,987.8238572655041,5097.0
scanId=170640,2.843866666667,987.8419563237002,4212.0
scanId=170640,2.843866666667,987.860055580652,3574.0
scanId=170640,2.843866666667,987.8781549704586,3232.0
scanId=170640,2.843866666667,987.8962545590294,2987.0
scanId=170640,2.843866666667,987.9143542804468,3208.0
scanId=170640,2.843866666667,987.932454200637,3210.0
scanId=170640,2.843866666667,987.9505542536648,3319.0
scanId=170640,2.843866666667,987.9686545054745,3249.0
scanId=170640,2.843866666667,987.9867548901127,3119.0
scanId=170640,2.843866666667,988.0048554735417,3273.0
scanId=170640,2.843866666667,988.0229561897905,3177.0
scanId=170640,2.843866666667,988.0410571048387,2864.0
scanId=170640,2.843866666667,988.0591581526983,2613.0
scanId=170640,2.843866666667,988.0772593993656,2634.0
scanId=170640,2.843866666667,988.0953607788354,2969.0
scanId=170640,2.843866666667,988.1134623571223,3196.0
scanId=170640,2.843866666667,988.1315640682027,3329.0
scanId=170640,2.843866666667,988.1496659781088,3335.0
scanId=170640,2.843866666667,988.1677680207999,3108.0
scanId=170640,2.843866666667,988.1858702623252,2701.0
scanId=170640,2.843866666667,988.2039726366266,2512.0
scanId=170640,2.843866666667,988.2220752097716,2699.0
scanId=170640,2.843866666667,988.2401779156835,2899.0
scanId=170640,2.843866666667,988.2582808204478,3120.0
scanId=170640,2.843866666667,988.2763838579702,3374.0
scanId=170640,2.843866666667,988.2944870943535,3289.0
scanId=170640,2.843866666667,988.3125904634867,2811.0
scanId=170640,2.843866666667,988.3306940314892,2479.0
scanId=170640,2.843866666667,988.3487977322327,2359.0
scanId=170640,2.843866666667,988.3669016318548,2119.0
scanId=170640,2.843866666667,988.3850056642088,2066.0
scanId=170640,2.843866666667,988.4031098954501,2026.0
scanId=170640,2.843866666667,988.4212142594149,1986.0
scanId=170640,2.843866666667,988.4393188222754,2217.0
scanId=170640,2.843866666667,988.4574235178507,2224.0
scanId=170640,2.843866666667,988.4755284123305,2109.0
scanId=170640,2.843866666667,988.4936334395161,2556.0
scanId=170640,2.843866666667,988.5117386656154,4852.0
scanId=170640,2.843866666667,988.5298440244115,11996.0
scanId=170640,2.843866666667,988.54794958213,31290.0
scanId=170640,2.843866666667,988.5660552725368,69979.0
scanId=170640,2.843866666667,988.5841611618745,119885.0
scanId=170640,2.843866666667,988.6022671838916,157371.0
scanId=170640,2.843866666667,988.6203734048488,167554.0
scanId=170640,2.843866666667,988.6384797584766,151236.0
scanId=170640,2.843866666667,988.6565863110532,119650.0
scanId=170640,2.843866666667,988.6746929962914,85964.0
scanId=170640,2.843866666667,988.6927998804869,59397.0
scanId=170640,2.843866666667,988.7109068973358,39953.0
scanId=170640,2.843866666667,988.7290141131507,26843.0
scanId=170640,2.843866666667,988.74712146161,18489.0
scanId=170640,2.843866666667,988.7652290090443,12740.0
scanId=170640,2.843866666667,988.7833366891142,9123.0
scanId=170640,2.843866666667,988.8014445681677,7306.0
scanId=170640,2.843866666667,988.8195525798482,5812.0
scanId=170640,2.843866666667,988.8376607905209,4987.0
scanId=170640,2.843866666667,988.8557691338117,5225.0
scanId=170640,2.843866666667,988.8738776761039,5035.0
scanId=170640,2.843866666667,988.8919863510054,4827.0
scanId=170640,2.843866666667,988.9100952249169,4434.0
scanId=170640,2.843866666667,988.9282042314288,3749.0
scanId=170640,2.843866666667,988.9463134369594,3132.0
scanId=170640,2.843866666667,988.964422775082,3040.0
scanId=170640,2.843866666667,988.9825323122319,3174.0
scanId=170640,2.843866666667,989.0006419819649,3319.0
scanId=170640,2.843866666667,989.0187518507342,3432.0
scanId=170640,2.843866666667,989.0368618520778,3399.0
scanId=170640,2.843866666667,989.054972052466,3294.0
scanId=170640,2.843866666667,989.0730823854203,3503.0
scanId=170640,2.843866666667,989.0911929174281,3481.0
scanId=170640,2.843866666667,989.1093035819929,2920.0
scanId=170640,2.843866666667,989.1274144456198,2492.0
scanId=170640,2.843866666667,989.1455254417949,2402.0
scanId=170640,2.843866666667,989.1636366370413,2338.0
scanId=170640,2.843866666667,989.181747964827,2090.0
scanId=170640,2.843866666667,989.1998594916925,1903.0
scanId=170640,2.843866666667,989.2179711510888,1826.0
scanId=170640,2.843866666667,989.2360830095736,1914.0
scanId=170640,2.843866666667,989.2541950005802,2187.0
scanId=170640,2.843866666667,989.2723071906845,2560.0
scanId=170640,2.843866666667,989.2904195133017,2803.0
scanId=170640,2.843866666667,989.3085320350252,3274.0
scanId=170640,2.843866666667,989.3266446892529,3746.0
scanId=170640,2.843866666667,989.3447575425955,3656.0
scanId=170640,2.843866666667,989.3628705284341,3531.0
scanId=170640,2.843866666667,989.3809837133957,3028.0
scanId=170640,2.843866666667,989.3990970308446,2536.0
scanId=170640,2.843866666667,989.417210547426,2512.0
scanId=170640,2.843866666667,989.4353241964852,2568.0
scanId=170640,2.843866666667,989.4534380446855,2506.0
scanId=170640,2.843866666667,989.4715520253557,2588.0
scanId=170640,2.843866666667,989.4896662051752,2451.0
scanId=170640,2.843866666667,989.5077805174558,2768.0
scanId=170640,2.843866666667,989.5258950288948,4965.0
scanId=170640,2.843866666667,989.5440096727856,9869.0
scanId=170640,2.843866666667,989.562124515844,20203.0
scanId=170640,2.843866666667,989.5802394913454,36858.0
scanId=170640,2.843866666667,989.5983546660228,53155.0
scanId=170640,2.843866666667,989.616469973135,61384.0
scanId=170640,2.843866666667,989.6345854794316,58459.0
scanId=170640,2.843866666667,989.6527011181541,49583.0
scanId=170640,2.843866666667,989.6708169560702,37784.0
scanId=170640,2.843866666667,989.6889329264033,27106.0
scanId=170640,2.843866666667,989.7070490959385,18836.0
scanId=170640,2.843866666667,989.7251653978822,13120.0
scanId=170640,2.843866666667,989.7432818990367,9588.0
scanId=170640,2.843866666667,989.761398532591,7305.0
scanId=170640,2.843866666667,989.7795153653645,5699.0
scanId=170640,2.843866666667,989.7976323305292,4855.0
scanId=170640,2.843866666667,989.8157494949223,4316.0
scanId=170640,2.843866666667,989.8338667916975,3740.0
scanId=170640,2.843866666667,989.8519842877096,3472.0
scanId=170640,2.843866666667,989.8701019160955,3519.0
scanId=170640,2.843866666667,989.8882197437268,3515.0
scanId=170640,2.843866666667,989.906337703723,3126.0
scanId=170640,2.843866666667,989.924455862974,2559.0
scanId=170640,2.843866666667,989.9425741545807,2407.0
scanId=170640,2.843866666667,989.9606926454508,2614.0
scanId=170640,2.843866666667,989.978811268668,2786.0
scanId=170640,2.843866666667,989.9969300911572,2700.0
scanId=170640,2.843866666667,990.0150490459852,2712.0
scanId=170640,2.843866666667,990.0331682000935,2779.0
scanId=170640,2.843866666667,990.0512874865318,2692.0
scanId=170640,2.843866666667,990.0694069722597,2524.0
scanId=170640,2.843866666667,990.0875265903085,2497.0
scanId=170640,2.843866666667,990.1056464076553,2709.0
scanId=170640,2.843866666667,990.1237663573148,2526.0
scanId=170640,2.843866666667,990.1418865062809,2231.0
scanId=170640,2.843866666667,990.1600067875511,2009.0
scanId=170640,2.843866666667,990.1781272681364,2054.0
scanId=170640,2.843866666667,990.1962478810168,1841.0
scanId=170640,2.843866666667,990.2143686932216,1660.0
scanId=170640,2.843866666667,990.2324896377125,1666.0
scanId=170640,2.843866666667,990.2506107815364,1792.0
scanId=170640,2.843866666667,990.2687320576381,2083.0
scanId=170640,2.843866666667,990.2868535330812,2281.0
scanId=170640,2.843866666667,990.3049751407932,2049.0
scanId=170640,2.843866666667,990.3230969478556,1841.0
scanId=170640,2.843866666667,990.3412188871781,1880.0
scanId=170640,2.843866666667,990.3593410258596,1903.0
scanId=170640,2.843866666667,990.3774632967929,2103.0
scanId=170640,2.843866666667,990.3955857670936,2128.0
scanId=170640,2.843866666667,990.4137083696374,1823.0
scanId=170640,2.843866666667,990.4318311715574,1624.0
scanId=170640,2.843866666667,990.4499541057115,1611.0
scanId=170640,2.843866666667,990.4680772392509,1770.0
scanId=170640,2.843866666667,990.4862005050155,1839.0
scanId=170640,2.843866666667,990.5043239701739,1879.0
scanId=170640,2.843866666667,990.5224475675493,1963.0
scanId=170640,2.843866666667,990.540571364327,2372.0
scanId=170640,2.843866666667,990.5586952933127,4977.0
scanId=170640,2.843866666667,990.5768194217097,9528.0
scanId=170640,2.843866666667,990.5949436823059,14058.0
scanId=170640,2.843866666667,990.6130681423222,16893.0
scanId=170640,2.843866666667,990.6311927345289,16873.0
scanId=170640,2.843866666667,990.6493175261643,14378.0
scanId=170640,2.843866666667,990.6674424499818,11240.0
scanId=170640,2.843866666667,990.6855675732363,8501.0
scanId=170640,2.843866666667,990.7036928286641,6517.0
scanId=170640,2.843866666667,990.721818283538,4911.0
scanId=170640,2.843866666667,990.7399438705763,3982.0
scanId=170640,2.843866666667,990.7580696570693,3019.0
scanId=170640,2.843866666667,990.7761955757184,2223.0
scanId=170640,2.843866666667,990.7943216938305,1863.0
scanId=170640,2.843866666667,990.8124479440902,2035.0
scanId=170640,2.843866666667,990.8305743938215,2070.0
scanId=170640,2.843866666667,990.8487009756915,1836.0
scanId=170640,2.843866666667,990.8668277570423,1630.0
scanId=170640,2.843866666667,990.8849546705227,1520.0
scanId=170640,2.843866666667,990.9030817834924,1672.0
scanId=170640,2.843866666667,990.9212090285837,1965.0
scanId=170640,2.843866666667,990.9393364731727,1926.0
scanId=170640,2.843866666667,990.9574640498741,1566.0
scanId=170640,2.843866666667,990.9755918260826,1311.0
scanId=170640,2.843866666667,990.9937197343946,1127.0
scanId=170640,2.843866666667,991.0662330931249,1004.0
scanId=170640,2.843866666667,991.0843618641907,1140.0
scanId=170640,2.843866666667,991.1024907673343,1231.0
scanId=170640,2.843866666667,991.1206198700195,1387.0
scanId=170640,2.843866666667,991.1387491047736,1410.0
scanId=170640,2.843866666667,991.1568785390779,1607.0
scanId=170640,2.843866666667,991.1750081054428,1630.0
scanId=170640,2.843866666667,991.1931378713663,1358.0
scanId=170640,2.843866666667,991.2112677693414,1125.0
scanId=170640,2.843866666667,991.2293978668844,1231.0
scanId=170640,2.843866666667,991.2475280964701,1409.0
scanId=170640,2.843866666667,991.265658525632,1428.0
scanId=170640,2.843866666667,991.2837890868283,1399.0
scanId=170640,2.843866666667,991.3019198476094,1524.0
scanId=170640,2.843866666667,991.3200507404164,1472.0
scanId=170640,2.843866666667,991.3381818328166,1153.0
scanId=170640,2.843866666667,991.3744444812535,1069.0
scanId=170640,2.843866666667,991.3925760372813,1181.0
scanId=170640,2.843866666667,991.5557676718837,1368.0
scanId=170640,2.843866666667,991.5739008859643,2591.0
scanId=170640,2.843866666667,991.592034299699,3745.0
scanId=170640,2.843866666667,991.6101678453899,4299.0
scanId=170640,2.843866666667,991.6283015907438,4362.0
scanId=170640,2.843866666667,991.6464354680454,3786.0
scanId=170640,2.843866666667,991.6645695450186,2908.0
scanId=170640,2.843866666667,991.6827037539306,2052.0
scanId=170640,2.843866666667,991.7008381625227,1679.0
scanId=170640,2.843866666667,991.7189727030456,1339.0
scanId=170640,2.843866666667,991.7371074432568,1033.0
scanId=170640,2.843866666667,991.9728739172814,1090.0
scanId=170640,2.843866666667,991.9910109788269,1316.0
scanId=170640,2.843866666667,992.0091481722337,1189.0
scanId=170640,2.843866666667,992.0272855653986,1060.0
scanId=170640,2.843866666667,992.045423090416,1053.0
scanId=170640,2.843866666667,992.0635608151998,1076.0
scanId=170640,2.843866666667,992.0816986718279,1081.0
scanId=170640,2.843866666667,1009.5339470294417,1275.0
scanId=170640,2.843866666667,1009.5522439312708,2203.0
scanId=170640,2.843866666667,1009.5705409609523,2996.0
scanId=170640,2.843866666667,1009.5888381944,3818.0
scanId=170640,2.843866666667,1009.6071355556919,3933.0
scanId=170640,2.843866666667,1009.625433120758,3174.0
scanId=170640,2.843866666667,1009.6437308136602,2230.0
scanId=170640,2.843866666667,1009.6620287103452,1763.0
scanId=170640,2.843866666667,1009.680326734858,1317.0
scanId=170640,2.843866666667,1010.5771339994535,1840.0
scanId=170640,2.843866666667,1010.5954403142296,2480.0
scanId=170640,2.843866666667,1010.6137468329948,2570.0
scanId=170640,2.843866666667,1010.6320534793815,1984.0
scanId=170640,2.843866666667,1010.6503603297652,1410.0
scanId=170640,2.843866666667,1015.617622580725,1305.0
scanId=170640,2.843866666667,1015.6359745312061,1150.0
scanId=170640,2.843866666667,1019.5487146944861,2002.0
scanId=170640,2.843866666667,1019.567102128113,5079.0
scanId=170640,2.843866666667,1019.5854896874683,8590.0
scanId=170640,2.843866666667,1019.6038774527134,9203.0
scanId=170640,2.843866666667,1019.6222653436791,8381.0
scanId=170640,2.843866666667,1019.6406534405421,7291.0
scanId=170640,2.843866666667,1019.6590416631187,5565.0
scanId=170640,2.843866666667,1019.6774300915997,4009.0
scanId=170640,2.843866666667,1019.6958186457866,2817.0
scanId=170640,2.843866666667,1019.7142074058859,2112.0
scanId=170640,2.843866666667,1019.7325962916833,1623.0
scanId=170640,2.843866666667,1019.7509853834005,1163.0
scanId=170640,2.843866666667,1020.5418722982486,1552.0
scanId=170640,2.843866666667,1020.5602686855634,2981.0
scanId=170640,2.843866666667,1020.5786651984032,4354.0
scanId=170640,2.843866666667,1020.5970619173361,5751.0
scanId=170640,2.843866666667,1020.6154587617862,6533.0
scanId=170640,2.843866666667,1020.6338558123374,6339.0
scanId=170640,2.843866666667,1020.652252988398,5227.0
scanId=170640,2.843866666667,1020.6706503705672,3803.0
scanId=170640,2.843866666667,1020.6890478782383,2707.0
scanId=170640,2.843866666667,1020.7074455920255,1934.0
scanId=170640,2.843866666667,1020.7258434313073,1274.0
scanId=170640,2.843866666667,1021.572324202977,1520.0
scanId=170640,2.843866666667,1021.5907298755972,2169.0
scanId=170640,2.843866666667,1021.6091356735316,2498.0
scanId=170640,2.843866666667,1021.6275416777694,2399.0
scanId=170640,2.843866666667,1021.6459478073145,2143.0
scanId=170640,2.843866666667,1021.6643541431705,1708.0
scanId=170640,2.843866666667,1021.6827606043258,1169.0
scanId=170640,2.843866666667,1022.5848813274658,1127.0
scanId=170640,2.843866666667,1022.6032960788843,1022.0
scanId=170640,2.843866666667,1041.5284533747122,1720.0
scanId=170640,2.843866666667,1041.547037910721,3443.0
scanId=170640,2.843866666667,1041.5656226568358,5637.0
scanId=170640,2.843866666667,1041.5842075244557,8126.0
scanId=170640,2.843866666667,1041.6027926021875,9565.0
scanId=170640,2.843866666667,1041.6213778014173,9230.0
scanId=170640,2.843866666667,1041.6399632107666,7871.0
scanId=170640,2.843866666667,1041.6585487416069,6153.0
scanId=170640,2.843866666667,1041.6771344825736,4412.0
scanId=170640,2.843866666667,1041.6957203450245,3024.0
scanId=170640,2.843866666667,1041.714306417608,1968.0
scanId=170640,2.843866666667,1041.7328926116693,1237.0
scanId=170640,2.843866666667,1042.5508502744526,1960.0
scanId=170640,2.843866666667,1042.5694439742297,3718.0
scanId=170640,2.843866666667,1042.588037795333,6040.0
scanId=170640,2.843866666667,1042.6066318267276,8055.0
scanId=170640,2.843866666667,1042.625225979442,8254.0
scanId=170640,2.843866666667,1042.6438203424527,6836.0
scanId=170640,2.843866666667,1042.6624148267774,4902.0
scanId=170640,2.843866666667,1042.6810095214057,3459.0
scanId=170640,2.843866666667,1042.6996043373408,2492.0
scanId=170640,2.843866666667,1042.7181993635866,1683.0
scanId=170640,2.843866666667,1042.736794511132,1106.0
scanId=170640,2.843866666667,1043.5737487845563,1685.0
scanId=170640,2.843866666667,1043.5923515591442,2301.0
scanId=170640,2.843866666667,1043.6109545441989,3017.0
scanId=170640,2.843866666667,1043.6295576503976,3387.0
scanId=170640,2.843866666667,1043.6481609670695,2911.0
scanId=170640,2.843866666667,1043.6667644048784,2172.0
scanId=170640,2.843866666667,1043.6853680531672,1533.0
scanId=170640,2.843866666667,1043.7039718225865,1039.0
scanId=170640,2.843866666667,1044.615760754568,1149.0
scanId=170640,2.843866666667,1044.6343728142508,1122.0
scanId=170640,2.843866666667,1045.639671470968,1632.0
scanId=170640,2.843866666667,1045.6582926949575,2223.0
scanId=170640,2.843866666667,1045.6769140397348,2140.0
scanId=170640,2.843866666667,1045.6955355953417,1875.0
scanId=170640,2.843866666667,1045.7141572717296,1459.0
scanId=170640,2.843866666667,1045.7327791589528,1041.0
scanId=170640,2.843866666667,1046.5895641727932,2463.0
scanId=170640,2.843866666667,1046.6081938078337,6100.0
scanId=170640,2.843866666667,1046.6268236538635,10623.0
scanId=170640,2.843866666667,1046.6454536205147,14002.0
scanId=170640,2.843866666667,1046.664083798161,16220.0
scanId=170640,2.843866666667,1046.6827140964226,15903.0
scanId=170640,2.843866666667,1046.701344605686,12530.0
scanId=170640,2.843866666667,1046.7199752355586,8705.0
scanId=170640,2.843866666667,1046.7386060764386,6105.0
scanId=170640,2.843866666667,1046.7572370379214,4098.0
scanId=170640,2.843866666667,1046.7758682104184,2560.0
scanId=170640,2.843866666667,1046.7944995035116,1735.0
scanId=170640,2.843866666667,1046.8131310076258,1253.0
scanId=170640,2.843866666667,1047.5771644864424,1294.0
scanId=170640,2.843866666667,1047.5958029545106,2675.0
scanId=170640,2.843866666667,1047.6144415430356,5678.0
scanId=170640,2.843866666667,1047.6330803427206,10239.0
scanId=170640,2.843866666667,1047.6517192628564,13342.0
scanId=170640,2.843866666667,1047.6703583941585,13247.0
scanId=170640,2.843866666667,1047.6889976459045,11218.0
scanId=170640,2.843866666667,1047.7076371088233,8339.0
scanId=170640,2.843866666667,1047.7262766921797,5722.0
scanId=170640,2.843866666667,1047.7449164867153,3750.0
scanId=170640,2.843866666667,1047.7635564016828,2530.0
scanId=170640,2.843866666667,1047.7821965278354,1761.0
scanId=170640,2.843866666667,1047.8008367744128,1180.0
scanId=170640,2.843866666667,1048.60252522899,1407.0
scanId=170640,2.843866666667,1048.6211727709992,3395.0
scanId=170640,2.843866666667,1048.6398205243388,5684.0
scanId=170640,2.843866666667,1048.6584683979584,5931.0
scanId=170640,2.843866666667,1048.6771164829154,5187.0
scanId=170640,2.843866666667,1048.6957646881456,4214.0
scanId=170640,2.843866666667,1048.7144131047187,3317.0
scanId=170640,2.843866666667,1048.7330616415593,2452.0
scanId=170640,2.843866666667,1048.7517103897492,1804.0
scanId=170640,2.843866666667,1048.7703592582004,1437.0
scanId=170640,2.843866666667,1048.7890083380078,1073.0
scanId=170640,2.843866666667,1049.6470441986833,1716.0
scanId=170640,2.843866666667,1049.665701025787,2196.0
scanId=170640,2.843866666667,1049.6843580643967,1940.0
scanId=170640,2.843866666667,1049.7030152231112,1311.0
scanId=170640,2.843866666667,1060.6271323710414,3417.0
scanId=170640,2.843866666667,1060.6458865732836,8269.0
scanId=170640,2.843866666667,1060.6646408938825,14718.0
scanId=170640,2.843866666667,1060.6833954277413,20168.0
scanId=170640,2.843866666667,1060.702150079951,20992.0
scanId=170640,2.843866666667,1060.7209049454254,18397.0
scanId=170640,2.843866666667,1060.7396599292456,14878.0
scanId=170640,2.843866666667,1060.7584151263363,10674.0
scanId=170640,2.843866666667,1060.7771704417669,7211.0
scanId=170640,2.843866666667,1060.7959259704744,5177.0
scanId=170640,2.843866666667,1060.8146816175156,3517.0
scanId=170640,2.843866666667,1060.8334374778387,2239.0
scanId=170640,2.843866666667,1060.8521934564903,1539.0
scanId=170640,2.843866666667,1060.8709496484298,1128.0
scanId=170640,2.843866666667,1061.6213323378681,2477.0
scanId=170640,2.843866666667,1061.6400952803408,5830.0
scanId=170640,2.843866666667,1061.6588584362205,11026.0
scanId=170640,2.843866666667,1061.6776217103036,15114.0
scanId=170640,2.843866666667,1061.6963851977994,17515.0
scanId=170640,2.843866666667,1061.715148803493,17418.0
scanId=170640,2.843866666667,1061.7339126226057,14711.0
scanId=170640,2.843866666667,1061.75267655991,10952.0
scanId=170640,2.843866666667,1061.771440710638,7732.0
scanId=170640,2.843866666667,1061.7902049795528,5766.0
scanId=170640,2.843866666667,1061.8089694618968,4451.0
scanId=170640,2.843866666667,1061.8277340624227,3272.0
scanId=170640,2.843866666667,1061.846498876383,2260.0
scanId=170640,2.843866666667,1061.865263808519,1459.0
scanId=170640,2.843866666667,1062.6347697859505,1803.0
scanId=170640,2.843866666667,1062.653541681908,2967.0
scanId=170640,2.843866666667,1062.6723137914237,4075.0
scanId=170640,2.843866666667,1062.6910860189912,4960.0
scanId=170640,2.843866666667,1062.7098584601229,5292.0
scanId=170640,2.843866666667,1062.728631019301,5503.0
scanId=170640,2.843866666667,1062.7474037920485,4606.0
scanId=170640,2.843866666667,1062.7661766828376,3264.0
scanId=170640,2.843866666667,1062.7849497872016,2250.0
scanId=170640,2.843866666667,1062.8037230096006,1651.0
scanId=170640,2.843866666667,1062.8224964455808,1155.0
scanId=170640,2.843866666667,1063.6486907262645,1323.0
scanId=170640,2.843866666667,1063.6674715757058,1973.0
scanId=170640,2.843866666667,1063.6862526388559,2659.0
scanId=170640,2.843866666667,1063.705033819908,2865.0
scanId=170640,2.843866666667,1063.7238152146747,2420.0
scanId=170640,2.843866666667,1063.7425967273368,1987.0
scanId=170640,2.843866666667,1063.7613784537193,1705.0
scanId=170640,2.843866666667,1063.7801602979923,1564.0
scanId=170640,2.843866666667,1063.7989423559911,1172.0
scanId=170640,2.843866666667,1081.6978340921387,1157.0
scanId=170640,2.843866666667,1088.678785156547,1130.0
scanId=170640,2.843866666667,1088.6977857491145,1398.0
scanId=170640,2.843866666667,1088.7167864563357,1528.0
scanId=170640,2.843866666667,1088.735787380518,1597.0
scanId=170640,2.843866666667,1088.7547884193498,1468.0
scanId=170640,2.843866666667,1088.7737896751469,1103.0
scanId=170640,2.843866666667,1089.6670344992772,1329.0
scanId=170640,2.843866666667,1089.6860437138282,1608.0
scanId=170640,2.843866666667,1089.705053042923,1356.0
scanId=170640,2.843866666667,1089.7240625890888,1305.0
scanId=170640,2.843866666667,1089.7430722497947,1198.0
scanId=170640,2.843866666667,1100.643784834147,1012.0
scanId=170640,2.843866666667,1100.6628895536508,1002.0
scanId=170640,2.843866666667,1104.6976882365377,1011.0
scanId=170640,2.843866666667,1105.7123284870206,1122.0
scanId=170640,2.843866666667,1105.731477092537,1085.0
scanId=170640,2.843866666667,1115.6727562491817,1065.0
scanId=170640,2.843866666667,1115.691990961252,1349.0
scanId=170640,2.843866666667,1115.7112257855058,1128.0
scanId=170640,2.843866666667,1117.6547998363446,1222.0
scanId=170640,2.843866666667,1117.6740515727358,1892.0
scanId=170640,2.843866666667,1117.6933035286925,2501.0
scanId=170640,2.843866666667,1117.7125555966938,2477.0
scanId=170640,2.843866666667,1117.7318078842636,2043.0
scanId=170640,2.843866666667,1117.7510602838754,1475.0
scanId=170640,2.843866666667,1117.7703129030585,1054.0
scanId=170640,2.843866666667,1118.6368511387857,1224.0
scanId=170640,2.843866666667,1118.6561113850703,1657.0
scanId=170640,2.843866666667,1118.6753717433348,1846.0
scanId=170640,2.843866666667,1118.6946323212326,1834.0
scanId=170640,2.843866666667,1118.7138930111075,1881.0
scanId=170640,2.843866666667,1118.7331539206182,1823.0
scanId=170640,2.843866666667,1118.7524149421042,1372.0
scanId=170640,2.843866666667,1254.7443422439828,1083.0
scanId=170640,2.843866666667,1254.7647405717187,1020.0
scanId=170640,2.843866666667,1276.2744457811218,1692.0
scanId=170640,2.843866666667,1276.2950183222447,3008.0
scanId=170640,2.843866666667,1276.3155910733994,4268.0
scanId=170640,2.843866666667,1276.3361639461334,4892.0
scanId=170640,2.843866666667,1276.3567370288908,4810.0
scanId=170640,2.843866666667,1276.3773102332348,4241.0
scanId=170640,2.843866666667,1276.3978836475949,3526.0
scanId=170640,2.843866666667,1276.4184571835494,2732.0
scanId=170640,2.843866666667,1276.4390309295122,1927.0
scanId=170640,2.843866666667,1276.4596047970779,1167.0
scanId=170640,2.843866666667,1277.2621158426355,1157.0
scanId=170640,2.843866666667,1277.2826963424109,2711.0
scanId=170640,2.843866666667,1277.30327705203,4483.0
scanId=170640,2.843866666667,1277.323857883416,6584.0
scanId=170640,2.843866666667,1277.3444389246374,8303.0
scanId=170640,2.843866666667,1277.3650200876345,8186.0
scanId=170640,2.843866666667,1277.3856014604587,6893.0
scanId=170640,2.843866666667,1277.406182955066,5312.0
scanId=170640,2.843866666667,1277.4267646594924,3764.0
scanId=170640,2.843866666667,1277.44734648571,2492.0
scanId=170640,2.843866666667,1277.4679285217396,1715.0
scanId=170640,2.843866666667,1277.4885106795682,1212.0
scanId=170640,2.843866666667,1278.2707563733609,1889.0
scanId=170640,2.843866666667,1278.2913450414421,3770.0
scanId=170640,2.843866666667,1278.311933831481,6201.0
scanId=170640,2.843866666667,1278.3325228311646,7821.0
scanId=170640,2.843866666667,1278.353111952814,7780.0
scanId=170640,2.843866666667,1278.3737012841007,6762.0
scanId=170640,2.843866666667,1278.394290737361,5803.0
scanId=170640,2.843866666667,1278.4148804002498,4335.0
scanId=170640,2.843866666667,1278.4354701851203,2921.0
scanId=170640,2.843866666667,1278.4560601796118,1889.0
scanId=170640,2.843866666667,1278.4766502960927,1229.0
scanId=170640,2.843866666667,1279.2591984150542,1168.0
scanId=170640,2.843866666667,1279.2797950415963,2320.0
scanId=170640,2.843866666667,1279.3003917902884,3945.0
scanId=170640,2.843866666667,1279.320988748433,5738.0
scanId=170640,2.843866666667,1279.3415858287349,6646.0
scanId=170640,2.843866666667,1279.3621831184819,6094.0
scanId=170640,2.843866666667,1279.3827805303945,4751.0
scanId=170640,2.843866666667,1279.403378151744,3459.0
scanId=170640,2.843866666667,1279.4239758952674,2606.0
scanId=170640,2.843866666667,1279.4445738482195,1752.0
scanId=170640,2.843866666667,1279.4651719233532,1110.0
scanId=170640,2.843866666667,1280.2892317597978,1895.0
scanId=170640,2.843866666667,1280.3098366764011,3289.0
scanId=170640,2.843866666667,1280.3304417153563,4268.0
scanId=170640,2.843866666667,1280.3510469635623,4364.0
scanId=170640,2.843866666667,1280.3716523341277,3796.0
scanId=170640,2.843866666667,1280.3922579139362,2701.0
scanId=170640,2.843866666667,1280.412863616112,1906.0
scanId=170640,2.843866666667,1280.4334695275231,1419.0
scanId=170640,2.843866666667,1280.4540755613095,1023.0
scanId=170640,2.843866666667,1281.2784537399705,1196.0
scanId=170640,2.843866666667,1281.2990666150313,1882.0
scanId=170640,2.843866666667,1281.3196796126385,2991.0
scanId=170640,2.843866666667,1281.340292819302,3620.0
scanId=170640,2.843866666667,1281.3609061485204,3325.0
scanId=170640,2.843866666667,1281.3815196867863,2544.0
scanId=170640,2.843866666667,1281.4021333476148,1884.0
scanId=170640,2.843866666667,1281.4227472174828,1480.0
scanId=170640,2.843866666667,1282.309299520543,1248.0
scanId=170640,2.843866666667,1282.329920685662,1524.0
scanId=170640,2.843866666667,1282.3505419735327,1508.0
scanId=170640,2.843866666667,1282.3711634702538,1465.0
scanId=170640,2.843866666667,1282.3917850897355,1397.0
scanId=170640,2.843866666667,1282.412406918059,1126.0
scanId=170640,2.843866666667,1299.7517676078605,1420.0
scanId=170640,2.843866666667,1299.7725285037632,1600.0
scanId=170640,2.843866666667,1299.793289604791,1560.0
scanId=170640,2.843866666667,1299.8140508323042,1421.0
scanId=170640,2.843866666667,1299.8348122649327,1104.0
scanId=170640,2.843866666667,1300.7484785805793,1225.0
scanId=170640,2.843866666667,1300.7692474351347,1443.0
scanId=170640,2.843866666667,1300.7900164945868,1633.0
scanId=170640,2.843866666667,1300.8107856807533,1545.0
scanId=170640,2.843866666667,1300.8315550718064,1421.0
scanId=170640,2.843866666667,1300.8523245895828,1089.0
scanId=170640,2.843866666667,1313.7613564239314,1008.0
scanId=170640,2.843866666667,1313.7822289427547,1318.0
scanId=170640,2.843866666667,1313.8031015914053,1710.0
scanId=170640,2.843866666667,1313.8239744418288,1942.0
scanId=170640,2.843866666667,1313.8448474220904,1772.0
scanId=170640,2.843866666667,1313.865720604114,1303.0
scanId=170640,2.843866666667,1320.32346939286,1052.0
scanId=170640,2.843866666667,1320.3443939728631,1347.0
scanId=170640,2.843866666667,1320.3653186843667,1280.0
scanId=170640,2.843866666667,1320.3862435959695,1235.0
scanId=170640,2.843866666667,1320.4071686390835,1191.0
scanId=170640,2.843866666667,1321.3699006435766,1146.0
scanId=170640,2.843866666667,1321.39083351357,1222.0
scanId=170640,2.843866666667,1321.4117665153367,1085.0
scanId=170640,2.843866666667,1322.3748646118047,1096.0
scanId=170640,2.843866666667,1322.3958054401876,1194.0
scanId=170640,2.843866666667,1322.416746400607,1115.0
scanId=170640,2.843866666667,1327.8040744329383,1233.0
scanId=170640,2.843866666667,1327.8250581711156,1438.0
scanId=170640,2.843866666667,1327.8460421074096,1186.0
scanId=170640,2.843866666667,1327.8670261771977,1029.0
scanId=170640,2.843866666667,1328.811481666102,1366.0
scanId=170640,2.843866666667,1328.8324733629322,1466.0
scanId=170640,2.843866666667,1328.8534652576038,1487.0
scanId=170640,2.843866666667,1328.8744572860444,1400.0
scanId=170640,2.843866666667,1328.8954495123155,1227.0
scanId=170640,2.843866666667,1328.9164418723667,1044.0
scanId=170640,2.843866666667,1333.370569083478,1161.0
scanId=170640,2.843866666667,1333.3915967908313,1186.0
scanId=170640,2.843866666667,1333.412624633209,1124.0
scanId=170640,2.843866666667,1333.4336526721615,1249.0
scanId=170640,2.843866666667,1333.4546808461498,1265.0
scanId=170640,2.843866666667,1333.4757092167004,1193.0
scanId=170640,2.843866666667,1333.496737722299,1080.0
scanId=170640,2.843866666667,1334.3800853227785,1049.0
scanId=170640,2.843866666667,1334.401120988501,1082.0
scanId=170640,2.843866666667,1334.422156789531,1155.0
scanId=170640,2.843866666667,1334.4431927868523,1223.0
scanId=170640,2.843866666667,1335.3689401425104,1089.0
scanId=170640,2.843866666667,1335.389983570583,1367.0
scanId=170640,2.843866666667,1335.4110271946734,1660.0
scanId=170640,2.843866666667,1335.4320709543563,1704.0
scanId=170640,2.843866666667,1335.4531149100446,1510.0
scanId=170640,2.843866666667,1335.4741590013382,1050.0
scanId=170640,2.843866666667,1343.9262095044883,1108.0
scanId=170640,2.843866666667,1521.9339564835284,1353.0
scanId=170640,2.843866666667,1521.956421857544,1664.0
scanId=170640,2.843866666667,1521.9788873518978,1766.0
scanId=170640,2.843866666667,1522.001353057524,1625.0
scanId=170640,2.843866666667,1522.0238188834655,1188.0
scanId=171639,2.860516666667,165.08457818992196,1600.0
scanId=171639,2.860516666667,165.0919771712177,1387.0
scanId=171639,2.860516666667,165.09937641681282,1129.0
scanId=171639,2.860516666667,206.1396085480254,1008.0
scanId=171639,2.860516666667,206.14787658812693,1604.0
scanId=171639,2.860516666667,206.156144720616,1502.0
scanId=171639,2.860516666667,206.16441309231655,1091.0
scanId=171639,2.860516666667,244.08743532822794,1071.0
scanId=171639,2.860516666667,244.0964322204038,1130.0
scanId=171639,2.860516666667,262.09554256576735,1119.0
scanId=171639,2.860516666667,262.1048654175388,1102.0
scanId=171639,2.860516666667,265.1529472787309,1081.0
scanId=171639,2.860516666667,273.15471473243576,1511.0
scanId=171639,2.860516666667,273.16423223135126,1840.0
scanId=171639,2.860516666667,273.17374987230903,1576.0
scanId=171639,2.860516666667,273.18326770282096,1104.0
scanId=171639,2.860516666667,277.1378878168327,1495.0
scanId=171639,2.860516666667,277.14747443278026,1747.0
scanId=171639,2.860516666667,277.157061235353,1411.0
scanId=171639,2.860516666667,277.1666481829111,1141.0
scanId=171639,2.860516666667,290.11309575222555,1242.0
scanId=171639,2.860516666667,290.1229042156162,2885.0
scanId=171639,2.860516666667,290.132712856216,4396.0
scanId=171639,2.860516666667,290.1425216512173,4188.0
scanId=171639,2.860516666667,290.15233062341366,3212.0
scanId=171639,2.860516666667,290.16213975002535,2327.0
scanId=171639,2.860516666667,290.17194905381825,1584.0
scanId=171639,2.860516666667,291.13406457224085,1140.0
scanId=171639,2.860516666667,291.14389027937904,1029.0
scanId=171639,2.860516666667,292.1371412897361,1619.0
scanId=171639,2.860516666667,292.1469839090111,2479.0
scanId=171639,2.860516666667,292.1568267040502,2742.0
scanId=171639,2.860516666667,292.16666965493573,2297.0
scanId=171639,2.860516666667,292.1765127815714,1550.0
scanId=171639,2.860516666667,292.18635606406747,1043.0
scanId=171639,2.860516666667,294.1484697292405,1408.0
scanId=171639,2.860516666667,294.1583461727894,2711.0
scanId=171639,2.860516666667,294.1682227906732,3087.0
scanId=171639,2.860516666667,294.17809956583255,2598.0
scanId=171639,2.860516666667,294.18797651531276,1725.0
scanId=171639,2.860516666667,294.1978536220828,1145.0
scanId=171639,2.860516666667,306.1295603162554,1672.0
scanId=171639,2.860516666667,306.13963589210675,1817.0
scanId=171639,2.860516666667,306.14971163358297,1556.0
scanId=171639,2.860516666667,306.15978754103105,1255.0
scanId=171639,2.860516666667,368.4054846683426,2259.0
scanId=171639,2.860516666667,368.41653766604406,2891.0
scanId=171639,2.860516666667,368.4275907918437,2723.0
scanId=171639,2.860516666667,368.43864412115585,2074.0
scanId=171639,2.860516666667,368.44969757855444,1293.0
scanId=171639,2.860516666667,494.2662843147362,1073.0
scanId=171639,2.860516666667,494.27908688958235,6576.0
scanId=171639,2.860516666667,494.2918895514093,15985.0
scanId=171639,2.860516666667,494.30469245786617,23176.0
scanId=171639,2.860516666667,494.31749545130026,22781.0
scanId=171639,2.860516666667,494.3302986893676,18655.0
scanId=171639,2.860516666667,494.3431020144088,13207.0
scanId=171639,2.860516666667,494.35590558408654,8862.0
scanId=171639,2.860516666667,494.368709240735,5807.0
scanId=171639,2.860516666667,494.3815131420232,3824.0
scanId=171639,2.860516666667,494.3943171302785,2616.0
scanId=171639,2.860516666667,494.40712136317745,1682.0
scanId=171639,2.860516666667,494.4199256830399,1173.0
scanId=171639,2.860516666667,494.7657060971869,1110.0
scanId=171639,2.860516666667,494.7785150595488,3646.0
scanId=171639,2.860516666667,494.79132426660567,9247.0
scanId=171639,2.860516666667,494.80413356057454,14611.0
scanId=171639,2.860516666667,494.81694309924177,16778.0
scanId=171639,2.860516666667,494.829752724818,14148.0
scanId=171639,2.860516666667,494.8425625950957,9848.0
scanId=171639,2.860516666667,494.8553725522789,6585.0
scanId=171639,2.860516666667,494.8681827541673,4442.0
scanId=171639,2.860516666667,494.88099304295764,3070.0
scanId=171639,2.860516666667,494.89380357645643,2053.0
scanId=171639,2.860516666667,494.906614196854,1346.0
scanId=171639,2.860516666667,495.2781954969131,1248.0
scanId=171639,2.860516666667,495.29101109141766,3466.0
scanId=171639,2.860516666667,495.3038269306849,6023.0
scanId=171639,2.860516666667,495.3166428567965,6837.0
scanId=171639,2.860516666667,495.32945902767443,5904.0
scanId=171639,2.860516666667,495.3422752853931,4191.0
scanId=171639,2.860516666667,495.3550917878814,2751.0
scanId=171639,2.860516666667,495.36790837720747,1849.0
scanId=171639,2.860516666667,495.3807252113063,1228.0
scanId=171639,2.860516666667,495.803772410357,1256.0
scanId=171639,2.860516666667,495.81659488183476,1579.0
scanId=171639,2.860516666667,495.82941744008986,1554.0
scanId=171639,2.860516666667,495.8422402431782,1183.0
scanId=171639,2.860516666667,510.2818041232914,1218.0
scanId=171639,2.860516666667,510.2948123818536,1429.0
scanId=171639,2.860516666667,510.3078208868375,1598.0
scanId=171639,2.860516666667,510.32082947700775,1296.0
scanId=171639,2.860516666667,510.8022654057729,1190.0
scanId=171639,2.860516666667,510.8152802964993,1544.0
scanId=171639,2.860516666667,510.8282954336937,1389.0
scanId=171639,2.860516666667,604.3393457607261,2036.0
scanId=171639,2.860516666667,604.3535023013575,4233.0
scanId=171639,2.860516666667,604.3676589299223,5895.0
scanId=171639,2.860516666667,604.3818158021639,6340.0
scanId=171639,2.860516666667,604.3959727623434,5813.0
scanId=171639,2.860516666667,604.4101299661955,4425.0
scanId=171639,2.860516666667,604.4242872579892,3031.0
scanId=171639,2.860516666667,604.438444793452,2192.0
scanId=171639,2.860516666667,604.4526024168598,1527.0
scanId=171639,2.860516666667,605.3448694484081,1026.0
scanId=171639,2.860516666667,605.3590376834766,2429.0
scanId=171639,2.860516666667,605.3732061620868,3401.0
scanId=171639,2.860516666667,605.3873747287697,3397.0
scanId=171639,2.860516666667,605.4015435389904,3142.0
scanId=171639,2.860516666667,605.4157124372877,2287.0
scanId=171639,2.860516666667,605.4298815791188,1565.0
scanId=171639,2.860516666667,609.3042479704104,2547.0
scanId=171639,2.860516666667,609.3184625428839,4274.0
scanId=171639,2.860516666667,609.3326772039871,4949.0
scanId=171639,2.860516666667,609.3468921080712,4200.0
scanId=171639,2.860516666667,609.3611071007888,3053.0
scanId=171639,2.860516666667,609.3753223364835,2251.0
scanId=171639,2.860516666667,609.3895376608159,1838.0
scanId=171639,2.860516666667,609.403753228121,1338.0
scanId=171639,2.860516666667,610.313891943427,1631.0
scanId=171639,2.860516666667,610.3281182110438,2547.0
scanId=171639,2.860516666667,610.3423447214964,2592.0
scanId=171639,2.860516666667,610.356571320728,2090.0
scanId=171639,2.860516666667,610.3707981627911,1707.0
scanId=171639,2.860516666667,610.3850250936372,1274.0
scanId=171639,2.860516666667,611.3386097858353,1093.0
scanId=171639,2.860516666667,660.4107150847001,1252.0
scanId=171639,2.860516666667,660.4255137216513,2211.0
scanId=171639,2.860516666667,660.4403125918748,2394.0
scanId=171639,2.860516666667,660.4551115604432,2100.0
scanId=171639,2.860516666667,660.4699107622774,1588.0
scanId=171639,2.860516666667,660.4847100624634,1176.0
scanId=171639,2.860516666667,663.3885805791531,1426.0
scanId=171639,2.860516666667,663.4034126104293,4142.0
scanId=171639,2.860516666667,663.4182447407413,8689.0
scanId=171639,2.860516666667,663.4330771036281,12543.0
scanId=171639,2.860516666667,663.4479095655576,14317.0
scanId=171639,2.860516666667,663.462742260055,12997.0
scanId=171639,2.860516666667,663.4775750536019,9500.0
scanId=171639,2.860516666667,663.4924080797097,6370.0
scanId=171639,2.860516666667,663.5072412048743,4348.0
scanId=171639,2.860516666667,663.5220745625926,2926.0
scanId=171639,2.860516666667,663.5369080193746,1871.0
scanId=171639,2.860516666667,663.5517417087036,1319.0
scanId=171639,2.860516666667,664.3975341440878,1135.0
scanId=171639,2.860516666667,664.4123774501221,2688.0
scanId=171639,2.860516666667,664.4272208554299,4444.0
scanId=171639,2.860516666667,664.4420644930748,5170.0
scanId=171639,2.860516666667,664.4569082300002,4949.0
scanId=171639,2.860516666667,664.4717521992554,3969.0
scanId=171639,2.860516666667,664.4865962677985,2970.0
scanId=171639,2.860516666667,664.5014405686643,2450.0
scanId=171639,2.860516666667,664.5162849688248,1868.0
scanId=171639,2.860516666667,664.5311296013012,1313.0
scanId=171639,2.860516666667,664.5459743330792,1015.0
scanId=171639,2.860516666667,665.4369636617787,1035.0
scanId=171639,2.860516666667,685.4007935164914,1151.0
scanId=171639,2.860516666667,685.4158696131161,1711.0
scanId=171639,2.860516666667,685.4309458142773,2027.0
scanId=171639,2.860516666667,685.4460222425125,1968.0
scanId=171639,2.860516666667,685.4610987752919,1804.0
scanId=171639,2.860516666667,685.4761755351378,1343.0
scanId=171639,2.860516666667,686.41125656812,1231.0
scanId=171639,2.860516666667,686.4263437126917,1414.0
scanId=171639,2.860516666667,686.4414310840745,1178.0
scanId=171639,2.860516666667,722.4785344833093,1692.0
scanId=171639,2.860516666667,722.4940129385607,2443.0
scanId=171639,2.860516666667,722.5094916103661,2475.0
scanId=171639,2.860516666667,722.5249703972373,1999.0
scanId=171639,2.860516666667,722.5404494006534,1775.0
scanId=171639,2.860516666667,722.5559285191445,1508.0
scanId=171639,2.860516666667,722.571407854171,1201.0
scanId=171639,2.860516666667,723.5004698618403,1092.0
scanId=171639,2.860516666667,723.5159592605478,1329.0
scanId=171639,2.860516666667,723.5314488755009,1261.0
scanId=171639,2.860516666667,736.4762445245176,3333.0
scanId=171639,2.860516666667,736.4918722088086,9246.0
scanId=171639,2.860516666667,736.5075001053515,18416.0
scanId=171639,2.860516666667,736.5231281212626,26751.0
scanId=171639,2.860516666667,736.5387563494161,29771.0
scanId=171639,2.860516666667,736.5543846969474,26809.0
scanId=171639,2.860516666667,736.5700132567116,21192.0
scanId=171639,2.860516666667,736.5856419358632,15208.0
scanId=171639,2.860516666667,736.6012708272378,10875.0
scanId=171639,2.860516666667,736.6168998380098,7730.0
scanId=171639,2.860516666667,736.6325290609949,5343.0
scanId=171639,2.860516666667,736.6481584033871,3597.0
scanId=171639,2.860516666667,736.6637879579829,2634.0
scanId=171639,2.860516666667,736.6794176319954,2003.0
scanId=171639,2.860516666667,736.6950475182018,1440.0
scanId=171639,2.860516666667,737.4767520736943,1730.0
scanId=171639,2.860516666667,737.4923903698352,4685.0
scanId=171639,2.860516666667,737.5080288779151,8636.0
scanId=171639,2.860516666667,737.5236675056763,12123.0
scanId=171639,2.860516666667,737.5393063453666,14239.0
scanId=171639,2.860516666667,737.554945304748,13278.0
scanId=171639,2.860516666667,737.5705844760491,10429.0
scanId=171639,2.860516666667,737.586223767051,7648.0
scanId=171639,2.860516666667,737.6018632699626,5721.0
scanId=171639,2.860516666667,737.6175028925846,3954.0
scanId=171639,2.860516666667,737.6331427271066,2758.0
scanId=171639,2.860516666667,737.6487826813493,1802.0
scanId=171639,2.860516666667,737.6644228474818,1202.0
scanId=171639,2.860516666667,738.4935876792596,1792.0
scanId=171639,2.860516666667,738.5092367988764,3101.0
scanId=171639,2.860516666667,738.5248860384886,4015.0
scanId=171639,2.860516666667,738.5405354897159,4161.0
scanId=171639,2.860516666667,738.5561850609486,3616.0
scanId=171639,2.860516666667,738.5718348437864,2857.0
scanId=171639,2.860516666667,738.5874847466392,2395.0
scanId=171639,2.860516666667,738.6031348610877,1975.0
scanId=171639,2.860516666667,738.6187850955608,1532.0
scanId=171639,2.860516666667,738.6344355416197,1233.0
scanId=171639,2.860516666667,738.6500861077135,1094.0
scanId=171639,2.860516666667,764.5083214386192,1642.0
scanId=171639,2.860516666667,764.5242438053109,4305.0
scanId=171639,2.860516666667,764.5401663003796,7181.0
scanId=171639,2.860516666667,764.556088998682,8724.0
scanId=171639,2.860516666667,764.5720118253716,9398.0
scanId=171639,2.860516666667,764.5879348552845,8452.0
scanId=171639,2.860516666667,764.6038580135952,6456.0
scanId=171639,2.860516666667,764.6197813751185,4367.0
scanId=171639,2.860516666667,764.6357048650505,2905.0
scanId=171639,2.860516666667,764.6516285581841,1932.0
scanId=171639,2.860516666667,764.667552379737,1268.0
scanId=171639,2.860516666667,765.5276859778028,2425.0
scanId=171639,2.860516666667,765.5436189560313,4169.0
scanId=171639,2.860516666667,765.559552062973,5394.0
scanId=171639,2.860516666667,765.5754853728121,5682.0
scanId=171639,2.860516666667,765.5914188113745,4765.0
scanId=171639,2.860516666667,765.6073524528243,3385.0
scanId=171639,2.860516666667,765.6232862230079,2353.0
scanId=171639,2.860516666667,765.639220196068,1538.0
scanId=171639,2.860516666667,765.6551542978727,1144.0
scanId=171639,2.860516666667,766.5636732558718,1548.0
scanId=171639,2.860516666667,766.5796169746869,1707.0
scanId=171639,2.860516666667,766.5955608960628,1484.0
scanId=171639,2.860516666667,766.6115049464988,1273.0
scanId=171639,2.860516666667,800.4598300743012,1070.0
scanId=171639,2.860516666667,810.7077245436453,1507.0
scanId=171639,2.860516666667,810.7241209257202,2129.0
scanId=171639,2.860516666667,810.7405174954665,2371.0
scanId=171639,2.860516666667,810.7569142091629,1977.0
scanId=171639,2.860516666667,810.7733111105201,1248.0
scanId=171639,2.860516666667,811.7246144531033,1143.0
scanId=171639,2.860516666667,811.7410211154516,1269.0
scanId=171639,2.860516666667,811.7574279651244,1092.0
scanId=171639,2.860516666667,815.6834178310952,1124.0
scanId=171639,2.860516666667,815.6998644740313,1311.0
scanId=171639,2.860516666667,815.7163112626123,1322.0
scanId=171639,2.860516666667,815.7327582371591,1118.0
scanId=171639,2.860516666667,822.6881761111754,1686.0
scanId=171639,2.860516666667,822.704693203578,4003.0
scanId=171639,2.860516666667,822.7212104795566,6641.0
scanId=171639,2.860516666667,822.7377279035809,8186.0
scanId=171639,2.860516666667,822.7542455111701,8223.0
scanId=171639,2.860516666667,822.7707632668163,6788.0
scanId=171639,2.860516666667,822.7872812060159,5058.0
scanId=171639,2.860516666667,822.8037992932842,3525.0
scanId=171639,2.860516666667,822.8203175640944,2606.0
scanId=171639,2.860516666667,822.8368359829843,1848.0
scanId=171639,2.860516666667,822.8533545854049,1154.0
scanId=171639,2.860516666667,823.7125499340368,1916.0
scanId=171639,2.860516666667,823.729077306716,3336.0
scanId=171639,2.860516666667,823.7456048626209,4257.0
scanId=171639,2.860516666667,823.7621325669221,3971.0
scanId=171639,2.860516666667,823.7786604544375,3090.0
scanId=171639,2.860516666667,823.7951884903604,2151.0
scanId=171639,2.860516666667,823.8117167094864,1479.0
scanId=171639,2.860516666667,823.828245077031,1097.0
scanId=171639,2.860516666667,824.7210236189724,1395.0
scanId=171639,2.860516666667,824.7375611231931,2091.0
scanId=171639,2.860516666667,824.7540987761491,2086.0
scanId=171639,2.860516666667,824.7706366119805,1903.0
scanId=171639,2.860516666667,824.7871745965584,1382.0
scanId=171639,2.860516666667,825.49846516309,2532.0
scanId=171639,2.860516666667,825.5150104433483,4341.0
scanId=171639,2.860516666667,825.5315559062217,4942.0
scanId=171639,2.860516666667,825.5481015181019,4134.0
scanId=171639,2.860516666667,825.5646473125859,2921.0
scanId=171639,2.860516666667,825.5811932560879,2312.0
scanId=171639,2.860516666667,825.5977393821823,1725.0
scanId=171639,2.860516666667,825.614285657306,1176.0
scanId=171639,2.860516666667,825.9948959494646,1671.0
scanId=171639,2.860516666667,826.0114462040505,2683.0
scanId=171639,2.860516666667,826.0279966410818,3347.0
scanId=171639,2.860516666667,826.0445472272897,3310.0
scanId=171639,2.860516666667,826.0610979959315,2782.0
scanId=171639,2.860516666667,826.077648913761,1911.0
scanId=171639,2.860516666667,826.0942000140135,1175.0
scanId=171639,2.860516666667,826.4914759631223,1256.0
scanId=171639,2.860516666667,826.5080311920359,2303.0
scanId=171639,2.860516666667,826.5245866032252,2759.0
scanId=171639,2.860516666667,826.5411421637606,2720.0
scanId=171639,2.860516666667,826.5576979065603,2660.0
scanId=171639,2.860516666667,826.5742537987175,2080.0
scanId=171639,2.860516666667,826.5908098731279,1554.0
scanId=171639,2.860516666667,826.607366096907,1144.0
scanId=171639,2.860516666667,827.6673098256617,1301.0
scanId=171639,2.860516666667,827.6838768432194,2093.0
scanId=171639,2.860516666667,827.7004440105196,2651.0
scanId=171639,2.860516666667,827.7170113596878,2452.0
scanId=171639,2.860516666667,827.7335788586098,1755.0
scanId=171639,2.860516666667,827.7501465393885,1109.0
scanId=171639,2.860516666667,828.6782008433544,1359.0
scanId=171639,2.860516666667,828.69477795931,2020.0
scanId=171639,2.860516666667,828.7113552567941,1985.0
scanId=171639,2.860516666667,828.7279327043716,1567.0
scanId=171639,2.860516666667,828.7445103334663,1090.0
scanId=171639,2.860516666667,833.6255212462028,1186.0
scanId=171639,2.860516666667,833.6421477738163,1146.0
scanId=171639,2.860516666667,836.7542243312729,1072.0
scanId=171639,2.860516666667,836.7708820313429,1233.0
scanId=171639,2.860516666667,836.7875399101854,1253.0
scanId=171639,2.860516666667,836.8041979418772,1009.0
scanId=171639,2.860516666667,837.7539802047451,1298.0
scanId=171639,2.860516666667,837.7706478534718,1311.0
scanId=171639,2.860516666667,837.78731568063,1075.0
scanId=171639,2.860516666667,843.6646899444647,1052.0
scanId=171639,2.860516666667,848.7235841230464,1685.0
scanId=171639,2.860516666667,848.7403605437531,2557.0
scanId=171639,2.860516666667,848.7571371391643,3068.0
scanId=171639,2.860516666667,848.7739138914932,3035.0
scanId=171639,2.860516666667,848.7906908185149,2704.0
scanId=171639,2.860516666667,848.8074679024655,1970.0
scanId=171639,2.860516666667,848.8242451610981,1299.0
scanId=171639,2.860516666667,849.747249482056,1412.0
scanId=171639,2.860516666667,849.764036025783,1901.0
scanId=171639,2.860516666667,849.7808227267684,1946.0
scanId=171639,2.860516666667,849.7976096021061,1418.0
scanId=171639,2.860516666667,850.754735329535,1294.0
scanId=171639,2.860516666667,850.7715318215782,1269.0
scanId=171639,2.860516666667,853.6798198086068,1369.0
scanId=171639,2.860516666667,853.6966451507658,1795.0
scanId=171639,2.860516666667,853.713470651512,1657.0
scanId=171639,2.860516666667,853.7302963252814,1432.0
scanId=171639,2.860516666667,853.7471221576496,1225.0
scanId=171639,2.860516666667,853.7639481630296,1017.0
scanId=171639,2.860516666667,862.7727179707165,1189.0
scanId=171639,2.860516666667,862.789632677746,1028.0
scanId=171639,2.860516666667,868.567216922532,1249.0
scanId=171639,2.860516666667,868.5841883368959,1570.0
scanId=171639,2.860516666667,868.6011599192974,1610.0
scanId=171639,2.860516666667,868.6181316652834,1437.0
scanId=171639,2.860516666667,868.6351035792956,1131.0
scanId=171639,2.860516666667,869.5688141324662,1086.0
scanId=171639,2.860516666667,869.5857953315731,1228.0
scanId=171639,2.860516666667,869.6027766945917,1274.0
scanId=171639,2.860516666667,869.6197582253092,1134.0
scanId=171639,2.860516666667,872.7471817569683,1130.0
scanId=171639,2.860516666667,872.7641939608147,1303.0
scanId=171639,2.860516666667,872.7812063313112,1173.0
scanId=171639,2.860516666667,872.7982188667797,1020.0
scanId=171639,2.860516666667,878.7969328230292,1075.0
scanId=171639,2.860516666667,878.8140038885892,1162.0
scanId=171639,2.860516666667,878.8310751211113,1189.0
scanId=171639,2.860516666667,898.7453560033994,1205.0
scanId=171639,2.860516666667,898.7626197346759,1390.0
scanId=171639,2.860516666667,898.7798836393724,1317.0
scanId=171639,2.860516666667,898.7971477022595,1396.0
scanId=171639,2.860516666667,898.8144119385773,1397.0
scanId=171639,2.860516666667,898.8316763330752,1065.0
scanId=171639,2.860516666667,899.7642000668085,1000.0
scanId=171639,2.860516666667,899.7814735885289,1166.0
scanId=171639,2.860516666667,899.7987472681214,1130.0
scanId=171639,2.860516666667,899.816021121463,1027.0
scanId=171639,2.860516666667,900.7490552123954,1189.0
scanId=171639,2.860516666667,900.7663381770826,1937.0
scanId=171639,2.860516666667,900.7836213158265,2216.0
scanId=171639,2.860516666667,900.8009046121242,1999.0
scanId=171639,2.860516666667,900.8181880824894,1491.0
scanId=171639,2.860516666667,901.7690340654863,1382.0
scanId=171639,2.860516666667,901.7863268212532,1580.0
scanId=171639,2.860516666667,901.8036197342561,1409.0
scanId=171639,2.860516666667,905.7160721824849,1009.0
scanId=171639,2.860516666667,905.7334027430969,1162.0
scanId=171639,2.860516666667,905.7507334597001,1111.0
scanId=171639,2.860516666667,956.5826110591474,1671.0
scanId=171639,2.860516666667,956.6004216161843,2694.0
scanId=171639,2.860516666667,956.6182323638834,2631.0
scanId=171639,2.860516666667,956.6360432525308,2207.0
scanId=171639,2.860516666667,956.6538543318499,1620.0
scanId=171639,2.860516666667,956.671665552108,1015.0
scanId=171639,2.860516666667,957.5802582930004,1155.0
scanId=171639,2.860516666667,957.5980781351323,1857.0
scanId=171639,2.860516666667,957.615898168199,2287.0
scanId=171639,2.860516666667,957.6337183419413,2076.0
scanId=171639,2.860516666667,957.6515387066286,1594.0
scanId=171639,2.860516666667,957.6693592119813,1071.0
scanId=171639,2.860516666667,961.5760469576954,1228.0
scanId=171639,2.860516666667,961.5939039402065,1309.0
scanId=171639,2.860516666667,961.6117611147379,1227.0
scanId=171639,2.860516666667,961.6296184288592,1078.0
scanId=171639,2.860516666667,962.5762940560779,1143.0
scanId=171639,2.860516666667,962.5941603236837,1429.0
scanId=171639,2.860516666667,962.6120267835792,1323.0
scanId=171639,2.860516666667,962.6298933827956,1094.0
scanId=171639,2.860516666667,987.5161983482183,5571.0
scanId=171639,2.860516666667,987.5342946205959,20873.0
scanId=171639,2.860516666667,987.5523910259078,57560.0
scanId=171639,2.860516666667,987.5704876299051,118332.0
scanId=171639,2.860516666667,987.5885843668275,184312.0
scanId=171639,2.860516666667,987.6066813024439,226255.0
scanId=171639,2.860516666667,987.6247783709769,225306.0
scanId=171639,2.860516666667,987.6428756382126,190892.0
scanId=171639,2.860516666667,987.6609730383562,144474.0
scanId=171639,2.860516666667,987.6790706372111,103021.0
scanId=171639,2.860516666667,987.6971683689651,70943.0
scanId=171639,2.860516666667,987.7152662994397,48328.0
scanId=171639,2.860516666667,987.7333643628042,32413.0
scanId=171639,2.860516666667,987.7514626248978,20906.0
scanId=171639,2.860516666667,987.7695610198731,13748.0
scanId=171639,2.860516666667,987.787659613586,9672.0
scanId=171639,2.860516666667,987.8057583401718,7488.0
scanId=171639,2.860516666667,987.8238572655041,6153.0
scanId=171639,2.860516666667,987.8419563237002,5824.0
scanId=171639,2.860516666667,987.860055580652,5153.0
scanId=171639,2.860516666667,987.8781549704586,4385.0
scanId=171639,2.860516666667,987.8962545590294,4021.0
scanId=171639,2.860516666667,987.9143542804468,3452.0
scanId=171639,2.860516666667,987.932454200637,3074.0
scanId=171639,2.860516666667,987.9505542536648,3098.0
scanId=171639,2.860516666667,987.9686545054745,3044.0
scanId=171639,2.860516666667,987.9867548901127,3226.0
scanId=171639,2.860516666667,988.0048554735417,3611.0
scanId=171639,2.860516666667,988.0229561897905,3517.0
scanId=171639,2.860516666667,988.0410571048387,3030.0
scanId=171639,2.860516666667,988.0591581526983,2709.0
scanId=171639,2.860516666667,988.0772593993656,2602.0
scanId=171639,2.860516666667,988.0953607788354,2974.0
scanId=171639,2.860516666667,988.1134623571223,3276.0
scanId=171639,2.860516666667,988.1315640682027,3159.0
scanId=171639,2.860516666667,988.1496659781088,2997.0
scanId=171639,2.860516666667,988.1677680207999,2964.0
scanId=171639,2.860516666667,988.1858702623252,2896.0
scanId=171639,2.860516666667,988.2039726366266,2824.0
scanId=171639,2.860516666667,988.2220752097716,2802.0
scanId=171639,2.860516666667,988.2401779156835,2692.0
scanId=171639,2.860516666667,988.2582808204478,2428.0
scanId=171639,2.860516666667,988.2763838579702,2481.0
scanId=171639,2.860516666667,988.2944870943535,2393.0
scanId=171639,2.860516666667,988.3125904634867,2621.0
scanId=171639,2.860516666667,988.3306940314892,3208.0
scanId=171639,2.860516666667,988.3487977322327,3088.0
scanId=171639,2.860516666667,988.3669016318548,2490.0
scanId=171639,2.860516666667,988.3850056642088,2187.0
scanId=171639,2.860516666667,988.4031098954501,2088.0
scanId=171639,2.860516666667,988.4212142594149,2350.0
scanId=171639,2.860516666667,988.4393188222754,2520.0
scanId=171639,2.860516666667,988.4574235178507,2497.0
scanId=171639,2.860516666667,988.4755284123305,2446.0
scanId=171639,2.860516666667,988.4936334395161,2651.0
scanId=171639,2.860516666667,988.5117386656154,4494.0
scanId=171639,2.860516666667,988.5298440244115,12472.0
scanId=171639,2.860516666667,988.54794958213,33093.0
scanId=171639,2.860516666667,988.5660552725368,69781.0
scanId=171639,2.860516666667,988.5841611618745,117729.0
scanId=171639,2.860516666667,988.6022671838916,154817.0
scanId=171639,2.860516666667,988.6203734048488,165823.0
scanId=171639,2.860516666667,988.6384797584766,149912.0
scanId=171639,2.860516666667,988.6565863110532,118087.0
scanId=171639,2.860516666667,988.6746929962914,85128.0
scanId=171639,2.860516666667,988.6927998804869,58834.0
scanId=171639,2.860516666667,988.7109068973358,39685.0
scanId=171639,2.860516666667,988.7290141131507,27251.0
scanId=171639,2.860516666667,988.74712146161,18659.0
scanId=171639,2.860516666667,988.7652290090443,12719.0
scanId=171639,2.860516666667,988.7833366891142,9274.0
scanId=171639,2.860516666667,988.8014445681677,7624.0
scanId=171639,2.860516666667,988.8195525798482,6780.0
scanId=171639,2.860516666667,988.8376607905209,6381.0
scanId=171639,2.860516666667,988.8557691338117,5960.0
scanId=171639,2.860516666667,988.8738776761039,5795.0
scanId=171639,2.860516666667,988.8919863510054,5761.0
scanId=171639,2.860516666667,988.9100952249169,5408.0
scanId=171639,2.860516666667,988.9282042314288,4892.0
scanId=171639,2.860516666667,988.9463134369594,4734.0
scanId=171639,2.860516666667,988.964422775082,4519.0
scanId=171639,2.860516666667,988.9825323122319,4167.0
scanId=171639,2.860516666667,989.0006419819649,4016.0
scanId=171639,2.860516666667,989.0187518507342,3791.0
scanId=171639,2.860516666667,989.0368618520778,3704.0
scanId=171639,2.860516666667,989.054972052466,3614.0
scanId=171639,2.860516666667,989.0730823854203,3512.0
scanId=171639,2.860516666667,989.0911929174281,3338.0
scanId=171639,2.860516666667,989.1093035819929,3382.0
scanId=171639,2.860516666667,989.1274144456198,3439.0
scanId=171639,2.860516666667,989.1455254417949,3297.0
scanId=171639,2.860516666667,989.1636366370413,3693.0
scanId=171639,2.860516666667,989.181747964827,4329.0
scanId=171639,2.860516666667,989.1998594916925,4525.0
scanId=171639,2.860516666667,989.2179711510888,4208.0
scanId=171639,2.860516666667,989.2360830095736,3502.0
scanId=171639,2.860516666667,989.2541950005802,3086.0
scanId=171639,2.860516666667,989.2723071906845,3268.0
scanId=171639,2.860516666667,989.2904195133017,3484.0
scanId=171639,2.860516666667,989.3085320350252,3599.0
scanId=171639,2.860516666667,989.3266446892529,3884.0
scanId=171639,2.860516666667,989.3447575425955,3551.0
scanId=171639,2.860516666667,989.3628705284341,3245.0
scanId=171639,2.860516666667,989.3809837133957,2870.0
scanId=171639,2.860516666667,989.3990970308446,2575.0
scanId=171639,2.860516666667,989.417210547426,2378.0
scanId=171639,2.860516666667,989.4353241964852,2328.0
scanId=171639,2.860516666667,989.4534380446855,2625.0
scanId=171639,2.860516666667,989.4715520253557,3026.0
scanId=171639,2.860516666667,989.4896662051752,2964.0
scanId=171639,2.860516666667,989.5077805174558,3134.0
scanId=171639,2.860516666667,989.5258950288948,4923.0
scanId=171639,2.860516666667,989.5440096727856,9967.0
scanId=171639,2.860516666667,989.562124515844,21274.0
scanId=171639,2.860516666667,989.5802394913454,37976.0
scanId=171639,2.860516666667,989.5983546660228,52129.0
scanId=171639,2.860516666667,989.616469973135,58160.0
scanId=171639,2.860516666667,989.6345854794316,56053.0
scanId=171639,2.860516666667,989.6527011181541,46871.0
scanId=171639,2.860516666667,989.6708169560702,35812.0
scanId=171639,2.860516666667,989.6889329264033,26571.0
scanId=171639,2.860516666667,989.7070490959385,19131.0
scanId=171639,2.860516666667,989.7251653978822,13442.0
scanId=171639,2.860516666667,989.7432818990367,9627.0
scanId=171639,2.860516666667,989.761398532591,7023.0
scanId=171639,2.860516666667,989.7795153653645,5492.0
scanId=171639,2.860516666667,989.7976323305292,4836.0
scanId=171639,2.860516666667,989.8157494949223,4326.0
scanId=171639,2.860516666667,989.8338667916975,3804.0
scanId=171639,2.860516666667,989.8519842877096,3381.0
scanId=171639,2.860516666667,989.8701019160955,2974.0
scanId=171639,2.860516666667,989.8882197437268,2952.0
scanId=171639,2.860516666667,989.906337703723,3014.0
scanId=171639,2.860516666667,989.924455862974,2699.0
scanId=171639,2.860516666667,989.9425741545807,2418.0
scanId=171639,2.860516666667,989.9606926454508,2532.0
scanId=171639,2.860516666667,989.978811268668,2665.0
scanId=171639,2.860516666667,989.9969300911572,2728.0
scanId=171639,2.860516666667,990.0150490459852,2756.0
scanId=171639,2.860516666667,990.0331682000935,2445.0
scanId=171639,2.860516666667,990.0512874865318,1924.0
scanId=171639,2.860516666667,990.0694069722597,1689.0
scanId=171639,2.860516666667,990.0875265903085,1893.0
scanId=171639,2.860516666667,990.1056464076553,2182.0
scanId=171639,2.860516666667,990.1237663573148,2373.0
scanId=171639,2.860516666667,990.1418865062809,2250.0
scanId=171639,2.860516666667,990.1600067875511,2497.0
scanId=171639,2.860516666667,990.1781272681364,2842.0
scanId=171639,2.860516666667,990.1962478810168,2754.0
scanId=171639,2.860516666667,990.2143686932216,2468.0
scanId=171639,2.860516666667,990.2324896377125,2388.0
scanId=171639,2.860516666667,990.2506107815364,2561.0
scanId=171639,2.860516666667,990.2687320576381,2973.0
scanId=171639,2.860516666667,990.2868535330812,3337.0
scanId=171639,2.860516666667,990.3049751407932,3077.0
scanId=171639,2.860516666667,990.3230969478556,2596.0
scanId=171639,2.860516666667,990.3412188871781,2142.0
scanId=171639,2.860516666667,990.3593410258596,1904.0
scanId=171639,2.860516666667,990.3774632967929,1652.0
scanId=171639,2.860516666667,990.3955857670936,1522.0
scanId=171639,2.860516666667,990.4137083696374,1591.0
scanId=171639,2.860516666667,990.4318311715574,1404.0
scanId=171639,2.860516666667,990.4499541057115,1239.0
scanId=171639,2.860516666667,990.4680772392509,1366.0
scanId=171639,2.860516666667,990.4862005050155,1728.0
scanId=171639,2.860516666667,990.5043239701739,2098.0
scanId=171639,2.860516666667,990.5224475675493,2372.0
scanId=171639,2.860516666667,990.540571364327,3098.0
scanId=171639,2.860516666667,990.5586952933127,4848.0
scanId=171639,2.860516666667,990.5768194217097,7933.0
scanId=171639,2.860516666667,990.5949436823059,12207.0
scanId=171639,2.860516666667,990.6130681423222,15118.0
scanId=171639,2.860516666667,990.6311927345289,14975.0
scanId=171639,2.860516666667,990.6493175261643,13020.0
scanId=171639,2.860516666667,990.6674424499818,10270.0
scanId=171639,2.860516666667,990.6855675732363,7646.0
scanId=171639,2.860516666667,990.7036928286641,5844.0
scanId=171639,2.860516666667,990.721818283538,4424.0
scanId=171639,2.860516666667,990.7399438705763,3230.0
scanId=171639,2.860516666667,990.7580696570693,2725.0
scanId=171639,2.860516666667,990.7761955757184,2430.0
scanId=171639,2.860516666667,990.7943216938305,1695.0
scanId=171639,2.860516666667,990.8124479440902,1255.0
scanId=171639,2.860516666667,990.8305743938215,1283.0
scanId=171639,2.860516666667,990.8487009756915,1473.0
scanId=171639,2.860516666667,990.8668277570423,1609.0
scanId=171639,2.860516666667,990.8849546705227,1713.0
scanId=171639,2.860516666667,990.9030817834924,1677.0
scanId=171639,2.860516666667,990.9212090285837,1466.0
scanId=171639,2.860516666667,990.9393364731727,1339.0
scanId=171639,2.860516666667,990.9574640498741,1252.0
scanId=171639,2.860516666667,990.9755918260826,1443.0
scanId=171639,2.860516666667,990.9937197343946,1595.0
scanId=171639,2.860516666667,991.0118478422223,1615.0
scanId=171639,2.860516666667,991.0299760821449,1525.0
scanId=171639,2.860516666667,991.0481045215915,1319.0
scanId=171639,2.860516666667,991.0662330931249,1149.0
scanId=171639,2.860516666667,991.0843618641907,1284.0
scanId=171639,2.860516666667,991.1024907673343,1482.0
scanId=171639,2.860516666667,991.1206198700195,1512.0
scanId=171639,2.860516666667,991.1387491047736,1574.0
scanId=171639,2.860516666667,991.1568785390779,1491.0
scanId=171639,2.860516666667,991.1750081054428,1242.0
scanId=171639,2.860516666667,991.1931378713663,1185.0
scanId=171639,2.860516666667,991.2112677693414,1129.0
scanId=171639,2.860516666667,991.2293978668844,1201.0
scanId=171639,2.860516666667,991.2475280964701,1214.0
scanId=171639,2.860516666667,991.265658525632,1107.0
scanId=171639,2.860516666667,991.2837890868283,1083.0
scanId=171639,2.860516666667,991.3019198476094,1015.0
scanId=171639,2.860516666667,991.3563130572339,1160.0
scanId=171639,2.860516666667,991.3744444812535,1483.0
scanId=171639,2.860516666667,991.3925760372813,1599.0
scanId=171639,2.860516666667,991.41070779292,1555.0
scanId=171639,2.860516666667,991.4288396805586,1380.0
scanId=171639,2.860516666667,991.4469717678164,1334.0
scanId=171639,2.860516666667,991.4651039870655,1332.0
scanId=171639,2.860516666667,991.4832364059425,1160.0
scanId=171639,2.860516666667,991.5013689568019,1004.0
scanId=171639,2.860516666667,991.5739008859643,1890.0
scanId=171639,2.860516666667,991.592034299699,3078.0
scanId=171639,2.860516666667,991.6101678453899,3647.0
scanId=171639,2.860516666667,991.6283015907438,3366.0
scanId=171639,2.860516666667,991.6464354680454,2884.0
scanId=171639,2.860516666667,991.6645695450186,2587.0
scanId=171639,2.860516666667,991.6827037539306,2133.0
scanId=171639,2.860516666667,991.7008381625227,1571.0
scanId=171639,2.860516666667,991.7189727030456,1226.0
scanId=171639,2.860516666667,991.7371074432568,1108.0
scanId=171639,2.860516666667,991.75524231539,1002.0
scanId=171639,2.860516666667,991.7915125909643,1003.0
scanId=171639,2.860516666667,992.7166287239013,1080.0
scanId=171639,2.860516666667,992.7347725495189,1122.0
scanId=171639,2.860516666667,1009.5522439312708,1893.0
scanId=171639,2.860516666667,1009.5705409609523,2959.0
scanId=171639,2.860516666667,1009.5888381944,3105.0
scanId=171639,2.860516666667,1009.6071355556919,3065.0
scanId=171639,2.860516666667,1009.625433120758,2368.0
scanId=171639,2.860516666667,1009.6437308136602,1679.0
scanId=171639,2.860516666667,1009.6620287103452,1175.0
scanId=171639,2.860516666667,1010.5405218291411,1246.0
scanId=171639,2.860516666667,1010.5588278123066,2396.0
scanId=171639,2.860516666667,1010.5771339994535,2923.0
scanId=171639,2.860516666667,1010.5954403142296,2700.0
scanId=171639,2.860516666667,1010.6137468329948,2278.0
scanId=171639,2.860516666667,1010.6320534793815,1933.0
scanId=171639,2.860516666667,1010.6503603297652,1481.0
scanId=171639,2.860516666667,1010.6686673077625,1241.0
scanId=171639,2.860516666667,1010.6869744897647,1069.0
scanId=171639,2.860516666667,1019.5303274667414,1364.0
scanId=171639,2.860516666667,1019.5487146944861,3177.0
scanId=171639,2.860516666667,1019.567102128113,6059.0
scanId=171639,2.860516666667,1019.5854896874683,9259.0
scanId=171639,2.860516666667,1019.6038774527134,10173.0
scanId=171639,2.860516666667,1019.6222653436791,8965.0
scanId=171639,2.860516666667,1019.6406534405421,7112.0
scanId=171639,2.860516666667,1019.6590416631187,5393.0
scanId=171639,2.860516666667,1019.6774300915997,3920.0
scanId=171639,2.860516666667,1019.6958186457866,2577.0
scanId=171639,2.860516666667,1019.7142074058859,1582.0
scanId=171639,2.860516666667,1020.5418722982486,1735.0
scanId=171639,2.860516666667,1020.5602686855634,2722.0
scanId=171639,2.860516666667,1020.5786651984032,4470.0
scanId=171639,2.860516666667,1020.5970619173361,5984.0
scanId=171639,2.860516666667,1020.6154587617862,6312.0
scanId=171639,2.860516666667,1020.6338558123374,5648.0
scanId=171639,2.860516666667,1020.652252988398,4505.0
scanId=171639,2.860516666667,1020.6706503705672,3532.0
scanId=171639,2.860516666667,1020.6890478782383,2467.0
scanId=171639,2.860516666667,1020.7074455920255,1543.0
scanId=171639,2.860516666667,1021.572324202977,1515.0
scanId=171639,2.860516666667,1021.5907298755972,2623.0
scanId=171639,2.860516666667,1021.6091356735316,2908.0
scanId=171639,2.860516666667,1021.6275416777694,2194.0
scanId=171639,2.860516666667,1021.6459478073145,1548.0
scanId=171639,2.860516666667,1021.6643541431705,1370.0
scanId=171639,2.860516666667,1021.6827606043258,1151.0
scanId=171639,2.860516666667,1022.6032960788843,1115.0
scanId=171639,2.860516666667,1022.6217110368084,1119.0
scanId=171639,2.860516666667,1022.6401261198374,1076.0
scanId=171639,2.860516666667,1022.6585414093794,1061.0
scanId=171639,2.860516666667,1041.5284533747122,1275.0
scanId=171639,2.860516666667,1041.547037910721,2213.0
scanId=171639,2.860516666667,1041.5656226568358,3781.0
scanId=171639,2.860516666667,1041.5842075244557,6326.0
scanId=171639,2.860516666667,1041.6027926021875,7934.0
scanId=171639,2.860516666667,1041.6213778014173,7931.0
scanId=171639,2.860516666667,1041.6399632107666,6753.0
scanId=171639,2.860516666667,1041.6585487416069,5191.0
scanId=171639,2.860516666667,1041.6771344825736,3806.0
scanId=171639,2.860516666667,1041.6957203450245,2666.0
scanId=171639,2.860516666667,1041.714306417608,1710.0
scanId=171639,2.860516666667,1041.7328926116693,1086.0
scanId=171639,2.860516666667,1042.5694439742297,3337.0
scanId=171639,2.860516666667,1042.588037795333,6230.0
scanId=171639,2.860516666667,1042.6066318267276,7077.0
scanId=171639,2.860516666667,1042.625225979442,6247.0
scanId=171639,2.860516666667,1042.6438203424527,5423.0
scanId=171639,2.860516666667,1042.6624148267774,4281.0
scanId=171639,2.860516666667,1042.6810095214057,3046.0
scanId=171639,2.860516666667,1042.6996043373408,1990.0
scanId=171639,2.860516666667,1042.7181993635866,1349.0
scanId=171639,2.860516666667,1043.5551461311186,1060.0
scanId=171639,2.860516666667,1043.5737487845563,1969.0
scanId=171639,2.860516666667,1043.5923515591442,2723.0
scanId=171639,2.860516666667,1043.6109545441989,3173.0
scanId=171639,2.860516666667,1043.6295576503976,3210.0
scanId=171639,2.860516666667,1043.6481609670695,2629.0
scanId=171639,2.860516666667,1043.6667644048784,1798.0
scanId=171639,2.860516666667,1043.6853680531672,1272.0
scanId=171639,2.860516666667,1043.7039718225865,1049.0
scanId=171639,2.860516666667,1045.6210504578012,1713.0
scanId=171639,2.860516666667,1045.639671470968,2039.0
scanId=171639,2.860516666667,1045.6582926949575,2069.0
scanId=171639,2.860516666667,1045.6769140397348,2033.0
scanId=171639,2.860516666667,1045.6955355953417,1804.0
scanId=171639,2.860516666667,1045.7141572717296,1435.0
scanId=171639,2.860516666667,1046.5895641727932,2255.0
scanId=171639,2.860516666667,1046.6081938078337,6259.0
scanId=171639,2.860516666667,1046.6268236538635,12820.0
scanId=171639,2.860516666667,1046.6454536205147,18099.0
scanId=171639,2.860516666667,1046.664083798161,19106.0
scanId=171639,2.860516666667,1046.6827140964226,16228.0
scanId=171639,2.860516666667,1046.701344605686,12092.0
scanId=171639,2.860516666667,1046.7199752355586,8841.0
scanId=171639,2.860516666667,1046.7386060764386,6572.0
scanId=171639,2.860516666667,1046.7572370379214,4598.0
scanId=171639,2.860516666667,1046.7758682104184,3171.0
scanId=171639,2.860516666667,1046.7944995035116,2075.0
scanId=171639,2.860516666667,1046.8131310076258,1310.0
scanId=171639,2.860516666667,1047.5771644864424,1248.0
scanId=171639,2.860516666667,1047.5958029545106,3206.0
scanId=171639,2.860516666667,1047.6144415430356,6620.0
scanId=171639,2.860516666667,1047.6330803427206,10282.0
scanId=171639,2.860516666667,1047.6517192628564,12392.0
scanId=171639,2.860516666667,1047.6703583941585,11938.0
scanId=171639,2.860516666667,1047.6889976459045,11003.0
scanId=171639,2.860516666667,1047.7076371088233,9307.0
scanId=171639,2.860516666667,1047.7262766921797,6888.0
scanId=171639,2.860516666667,1047.7449164867153,4697.0
scanId=171639,2.860516666667,1047.7635564016828,3156.0
scanId=171639,2.860516666667,1047.7821965278354,2082.0
scanId=171639,2.860516666667,1047.8008367744128,1396.0
scanId=171639,2.860516666667,1048.60252522899,1211.0
scanId=171639,2.860516666667,1048.6211727709992,2277.0
scanId=171639,2.860516666667,1048.6398205243388,3493.0
scanId=171639,2.860516666667,1048.6584683979584,4637.0
scanId=171639,2.860516666667,1048.6771164829154,4825.0
scanId=171639,2.860516666667,1048.6957646881456,4559.0
scanId=171639,2.860516666667,1048.7144131047187,3763.0
scanId=171639,2.860516666667,1048.7330616415593,2699.0
scanId=171639,2.860516666667,1048.7517103897492,2031.0
scanId=171639,2.860516666667,1048.7703592582004,1661.0
scanId=171639,2.860516666667,1048.7890083380078,1302.0
scanId=171639,2.860516666667,1049.6283874916905,1020.0
scanId=171639,2.860516666667,1049.6470441986833,1115.0
scanId=171639,2.860516666667,1049.665701025787,1218.0
scanId=171639,2.860516666667,1049.6843580643967,1085.0
scanId=171639,2.860516666667,1060.608378382053,1031.0
scanId=171639,2.860516666667,1060.6271323710414,2890.0
scanId=171639,2.860516666667,1060.6458865732836,5880.0
scanId=171639,2.860516666667,1060.6646408938825,10823.0
scanId=171639,2.860516666667,1060.6833954277413,15284.0
scanId=171639,2.860516666667,1060.702150079951,18802.0
scanId=171639,2.860516666667,1060.7209049454254,19353.0
scanId=171639,2.860516666667,1060.7396599292456,16105.0
scanId=171639,2.860516666667,1060.7584151263363,11824.0
scanId=171639,2.860516666667,1060.7771704417669,7965.0
scanId=171639,2.860516666667,1060.7959259704744,5072.0
scanId=171639,2.860516666667,1060.8146816175156,3230.0
scanId=171639,2.860516666667,1060.8334374778387,2121.0
scanId=171639,2.860516666667,1060.8521934564903,1420.0
scanId=171639,2.860516666667,1060.8709496484298,1074.0
scanId=171639,2.860516666667,1061.6213323378681,1941.0
scanId=171639,2.860516666667,1061.6400952803408,4188.0
scanId=171639,2.860516666667,1061.6588584362205,7584.0
scanId=171639,2.860516666667,1061.6776217103036,12211.0
scanId=171639,2.860516666667,1061.6963851977994,15570.0
scanId=171639,2.860516666667,1061.715148803493,15430.0
scanId=171639,2.860516666667,1061.7339126226057,13562.0
scanId=171639,2.860516666667,1061.75267655991,10989.0
scanId=171639,2.860516666667,1061.771440710638,7829.0
scanId=171639,2.860516666667,1061.7902049795528,4873.0
scanId=171639,2.860516666667,1061.8089694618968,3077.0
scanId=171639,2.860516666667,1061.8277340624227,1937.0
scanId=171639,2.860516666667,1061.846498876383,1238.0
scanId=171639,2.860516666667,1062.653541681908,1978.0
scanId=171639,2.860516666667,1062.6723137914237,3660.0
scanId=171639,2.860516666667,1062.6910860189912,5100.0
scanId=171639,2.860516666667,1062.7098584601229,5651.0
scanId=171639,2.860516666667,1062.728631019301,5323.0
scanId=171639,2.860516666667,1062.7474037920485,4389.0
scanId=171639,2.860516666667,1062.7661766828376,3348.0
scanId=171639,2.860516666667,1062.7849497872016,2395.0
scanId=171639,2.860516666667,1062.8037230096006,1648.0
scanId=171639,2.860516666667,1062.8224964455808,1226.0
scanId=171639,2.860516666667,1063.6486907262645,1101.0
scanId=171639,2.860516666667,1063.6674715757058,1462.0
scanId=171639,2.860516666667,1063.6862526388559,2179.0
scanId=171639,2.860516666667,1063.705033819908,2512.0
scanId=171639,2.860516666667,1063.7238152146747,2150.0
scanId=171639,2.860516666667,1063.7425967273368,1751.0
scanId=171639,2.860516666667,1063.7613784537193,1339.0
scanId=171639,2.860516666667,1064.6067266487378,1191.0
scanId=171639,2.860516666667,1064.6255160022893,1200.0
scanId=171639,2.860516666667,1064.6443054736048,1024.0
scanId=171639,2.860516666667,1088.7167864563357,1125.0
scanId=171639,2.860516666667,1088.735787380518,1261.0
scanId=171639,2.860516666667,1089.705053042923,1346.0
scanId=171639,2.860516666667,1089.7240625890888,1577.0
scanId=171639,2.860516666667,1089.7430722497947,1491.0
scanId=171639,2.860516666667,1089.7620821275752,1266.0
scanId=171639,2.860516666667,1100.6628895536508,1006.0
scanId=171639,2.860516666667,1100.6819943865776,1072.0
scanId=171639,2.860516666667,1100.701099437696,1124.0
scanId=171639,2.860516666667,1104.6976882365377,1130.0
scanId=171639,2.860516666667,1104.716828107126,1285.0
scanId=171639,2.860516666667,1104.735968090769,1189.0
scanId=171639,2.860516666667,1105.6931799944723,1102.0
scanId=171639,2.860516666667,1105.7123284870206,1181.0
scanId=171639,2.860516666667,1105.731477092537,1139.0
scanId=171639,2.860516666667,1105.7506259166992,1172.0
scanId=171639,2.860516666667,1105.7697748538262,1001.0
scanId=171639,2.860516666667,1117.635548212001,1636.0
scanId=171639,2.860516666667,1117.6547998363446,2485.0
scanId=171639,2.860516666667,1117.6740515727358,2825.0
scanId=171639,2.860516666667,1117.6933035286925,2997.0
scanId=171639,2.860516666667,1117.7125555966938,2741.0
scanId=171639,2.860516666667,1117.7318078842636,2337.0
scanId=171639,2.860516666667,1117.7510602838754,1940.0
scanId=171639,2.860516666667,1117.7703129030585,1381.0
scanId=171639,2.860516666667,1118.6753717433348,1389.0
scanId=171639,2.860516666667,1118.6946323212326,1749.0
scanId=171639,2.860516666667,1118.7138930111075,1808.0
scanId=171639,2.860516666667,1118.7331539206182,1580.0
scanId=171639,2.860516666667,1118.7524149421042,1320.0
scanId=171639,2.860516666667,1118.771676183228,1054.0
scanId=171639,2.860516666667,1203.3278762747498,1052.0
scanId=171639,2.860516666667,1253.7654186484433,1047.0
scanId=171639,2.860516666667,1276.25387336157,1234.0
scanId=171639,2.860516666667,1276.2744457811218,2512.0
scanId=171639,2.860516666667,1276.2950183222447,3899.0
scanId=171639,2.860516666667,1276.3155910733994,5259.0
scanId=171639,2.860516666667,1276.3361639461334,6081.0
scanId=171639,2.860516666667,1276.3567370288908,6177.0
scanId=171639,2.860516666667,1276.3773102332348,5750.0
scanId=171639,2.860516666667,1276.3978836475949,4765.0
scanId=171639,2.860516666667,1276.4184571835494,3764.0
scanId=171639,2.860516666667,1276.4390309295122,3041.0
scanId=171639,2.860516666667,1276.4596047970779,2062.0
scanId=171639,2.860516666667,1276.4801788746431,1242.0
scanId=171639,2.860516666667,1277.2826963424109,1967.0
scanId=171639,2.860516666667,1277.30327705203,4127.0
scanId=171639,2.860516666667,1277.323857883416,6751.0
scanId=171639,2.860516666667,1277.3444389246374,8548.0
scanId=171639,2.860516666667,1277.3650200876345,8470.0
scanId=171639,2.860516666667,1277.3856014604587,7029.0
scanId=171639,2.860516666667,1277.406182955066,5173.0
scanId=171639,2.860516666667,1277.4267646594924,3617.0
scanId=171639,2.860516666667,1277.44734648571,2612.0
scanId=171639,2.860516666667,1277.4679285217396,1760.0
scanId=171639,2.860516666667,1277.4885106795682,1189.0
scanId=171639,2.860516666667,1278.2707563733609,2709.0
scanId=171639,2.860516666667,1278.2913450414421,5207.0
scanId=171639,2.860516666667,1278.311933831481,7165.0
scanId=171639,2.860516666667,1278.3325228311646,9244.0
scanId=171639,2.860516666667,1278.353111952814,10178.0
scanId=171639,2.860516666667,1278.3737012841007,9175.0
scanId=171639,2.860516666667,1278.394290737361,7365.0
scanId=171639,2.860516666667,1278.4148804002498,5425.0
scanId=171639,2.860516666667,1278.4354701851203,3948.0
scanId=171639,2.860516666667,1278.4560601796118,2695.0
scanId=171639,2.860516666667,1278.4766502960927,1685.0
scanId=171639,2.860516666667,1278.4972406221873,1153.0
scanId=171639,2.860516666667,1278.5178310702786,1068.0
scanId=171639,2.860516666667,1279.2591984150542,1407.0
scanId=171639,2.860516666667,1279.2797950415963,3110.0
scanId=171639,2.860516666667,1279.3003917902884,5098.0
scanId=171639,2.860516666667,1279.320988748433,6499.0
scanId=171639,2.860516666667,1279.3415858287349,7396.0
scanId=171639,2.860516666667,1279.3621831184819,7649.0
scanId=171639,2.860516666667,1279.3827805303945,6917.0
scanId=171639,2.860516666667,1279.403378151744,4968.0
scanId=171639,2.860516666667,1279.4239758952674,2944.0
scanId=171639,2.860516666667,1279.4445738482195,1751.0
scanId=171639,2.860516666667,1279.4651719233532,1128.0
scanId=171639,2.860516666667,1280.2686270524537,1181.0
scanId=171639,2.860516666667,1280.2892317597978,2370.0
scanId=171639,2.860516666667,1280.3098366764011,4065.0
scanId=171639,2.860516666667,1280.3304417153563,5136.0
scanId=171639,2.860516666667,1280.3510469635623,5364.0
scanId=171639,2.860516666667,1280.3716523341277,4425.0
scanId=171639,2.860516666667,1280.3922579139362,3175.0
scanId=171639,2.860516666667,1280.412863616112,2315.0
scanId=171639,2.860516666667,1280.4334695275231,1661.0
scanId=171639,2.860516666667,1280.4540755613095,1138.0
scanId=171639,2.860516666667,1281.2578410739736,1246.0
scanId=171639,2.860516666667,1281.2784537399705,1937.0
scanId=171639,2.860516666667,1281.2990666150313,2222.0
scanId=171639,2.860516666667,1281.3196796126385,2069.0
scanId=171639,2.860516666667,1281.340292819302,2103.0
scanId=171639,2.860516666667,1281.3609061485204,1959.0
scanId=171639,2.860516666667,1281.3815196867863,1543.0
scanId=171639,2.860516666667,1281.4021333476148,1048.0
scanId=171639,2.860516666667,1282.309299520543,1359.0
scanId=171639,2.860516666667,1282.329920685662,1805.0
scanId=171639,2.860516666667,1282.3505419735327,1681.0
scanId=171639,2.860516666667,1282.3711634702538,1383.0
scanId=171639,2.860516666667,1282.3917850897355,1111.0
scanId=171639,2.860516666667,1283.319930562602,1122.0
scanId=171639,2.860516666667,1283.3405598091251,1165.0
scanId=171639,2.860516666667,1283.3611892643005,1066.0
scanId=171639,2.860516666667,1299.7517676078605,1481.0
scanId=171639,2.860516666667,1299.7725285037632,1908.0
scanId=171639,2.860516666667,1299.793289604791,1779.0
scanId=171639,2.860516666667,1299.8140508323042,1260.0
scanId=171639,2.860516666667,1301.766348376347,1044.0
scanId=171639,2.860516666667,1301.787125394222,1152.0
scanId=171639,2.860516666667,1313.7822289427547,1199.0
scanId=171639,2.860516666667,1313.8031015914053,1275.0
scanId=171639,2.860516666667,1313.8239744418288,1259.0
scanId=171639,2.860516666667,1313.8448474220904,1291.0
scanId=171639,2.860516666667,1313.865720604114,1147.0
scanId=171639,2.860516666667,1314.7634234894385,1311.0
scanId=171639,2.860516666667,1314.7843039666632,1694.0
scanId=171639,2.860516666667,1314.8051845739665,1665.0
scanId=171639,2.860516666667,1314.8260653827915,1334.0
scanId=171639,2.860516666667,1314.8469463217054,1128.0
scanId=171639,2.860516666667,1319.3192853597534,1849.0
scanId=171639,2.860516666667,1319.3402019813643,2413.0
scanId=171639,2.860516666667,1319.361118734215,2413.0
scanId=171639,2.860516666667,1319.3820356874264,2118.0
scanId=171639,2.860516666667,1319.4029527718876,1638.0
scanId=171639,2.860516666667,1319.423870056698,1249.0
scanId=171639,2.860516666667,1320.3443939728631,1298.0
scanId=171639,2.860516666667,1320.3653186843667,1470.0
scanId=171639,2.860516666667,1320.3862435959695,1272.0
scanId=171639,2.860516666667,1321.3489679734203,1009.0
scanId=171639,2.860516666667,1321.3699006435766,1002.0
scanId=171639,2.860516666667,1322.332983486213,1182.0
scanId=171639,2.860516666667,1322.3539239829959,1195.0
scanId=171639,2.860516666667,1327.7830908282442,1305.0
scanId=171639,2.860516666667,1327.8040744329383,1667.0
scanId=171639,2.860516666667,1327.8250581711156,1583.0
scanId=171639,2.860516666667,1327.8460421074096,1542.0
scanId=171639,2.860516666667,1327.8670261771977,1358.0
scanId=171639,2.860516666667,1327.8880104450902,1036.0
scanId=171639,2.860516666667,1328.811481666102,1111.0
scanId=171639,2.860516666667,1328.8324733629322,1266.0
scanId=171639,2.860516666667,1328.8534652576038,1073.0
scanId=171639,2.860516666667,1332.3614348527215,1263.0
scanId=171639,2.860516666667,1332.3824546017045,1932.0
scanId=171639,2.860516666667,1332.4034744854293,2001.0
scanId=171639,2.860516666667,1332.424494566011,1769.0
scanId=171639,2.860516666667,1332.4455147813462,1380.0
scanId=171639,2.860516666667,1333.349541572711,1182.0
scanId=171639,2.860516666667,1333.370569083478,1824.0
scanId=171639,2.860516666667,1333.3915967908313,1692.0
scanId=171639,2.860516666667,1333.412624633209,1328.0
scanId=171639,2.860516666667,1333.4336526721615,1037.0
scanId=171639,2.860516666667,1334.3590498533588,1439.0
scanId=171639,2.860516666667,1334.3800853227785,1759.0
scanId=171639,2.860516666667,1334.401120988501,1859.0
scanId=171639,2.860516666667,1334.422156789531,2137.0
scanId=171639,2.860516666667,1334.4431927868523,1952.0
scanId=171639,2.860516666667,1334.464228919493,1686.0
scanId=171639,2.860516666667,1334.4852652484135,1201.0
scanId=171639,2.860516666667,1335.389983570583,1182.0
scanId=171639,2.860516666667,1335.4110271946734,1149.0
scanId=171639,2.860516666667,1336.3792124401268,1317.0
scanId=171639,2.860516666667,1336.4002638268519,1269.0
scanId=171639,2.860516666667,1336.4213154093077,1092.0
scanId=171639,2.860516666667,1521.9788873518978,1139.0
scanId=171639,2.860516666667,1522.001353057524,1211.0
scanId=171639,2.860516666667,1522.0238188834655,1175.0
scanId=171639,2.860516666667,1522.0462849207022,1141.0
scanId=172638,2.877166666667,102.11945812823743,1504.0
scanId=172638,2.877166666667,102.12527748278399,1967.0
scanId=172638,2.877166666667,102.13109700313582,1908.0
scanId=172638,2.877166666667,102.13691668929287,1526.0
scanId=172638,2.877166666667,102.14273654125522,1183.0
scanId=172638,2.877166666667,129.10023619722594,1123.0
scanId=172638,2.877166666667,206.1396085480254,1121.0
scanId=172638,2.877166666667,206.14787658812693,1347.0
scanId=172638,2.877166666667,206.156144720616,1097.0
scanId=172638,2.877166666667,248.10742179940004,1170.0
scanId=172638,2.877166666667,248.11649242936642,1868.0
scanId=172638,2.877166666667,248.1255632676533,2221.0
scanId=172638,2.877166666667,248.13463422923016,2035.0
scanId=172638,2.877166666667,248.14370539911383,1410.0
scanId=172638,2.877166666667,262.09554256576735,1043.0
scanId=172638,2.877166666667,262.1048654175388,1408.0
scanId=172638,2.877166666667,262.1141884031169,1543.0
scanId=172638,2.877166666667,262.123511586485,1160.0
scanId=172638,2.877166666667,273.16423223135126,1091.0
scanId=172638,2.877166666667,273.17374987230903,1536.0
scanId=172638,2.877166666667,273.18326770282096,1402.0
scanId=172638,2.877166666667,278.1357849923267,1184.0
scanId=172638,2.877166666667,278.1453888520217,1073.0
scanId=172638,2.877166666667,290.11309575222555,1088.0
scanId=172638,2.877166666667,290.1229042156162,2415.0
scanId=172638,2.877166666667,290.132712856216,3175.0
scanId=172638,2.877166666667,290.1425216512173,2743.0
scanId=172638,2.877166666667,290.15233062341366,2035.0
scanId=172638,2.877166666667,290.16213975002535,1521.0
scanId=172638,2.877166666667,290.17194905381825,1080.0
scanId=172638,2.877166666667,292.1371412897361,1080.0
scanId=172638,2.877166666667,292.1469839090111,1890.0
scanId=172638,2.877166666667,292.1568267040502,1912.0
scanId=172638,2.877166666667,292.16666965493573,1340.0
scanId=172638,2.877166666667,294.1484697292405,1487.0
scanId=172638,2.877166666667,294.1583461727894,2574.0
scanId=172638,2.877166666667,294.1682227906732,2818.0
scanId=172638,2.877166666667,294.17809956583255,2573.0
scanId=172638,2.877166666667,294.18797651531276,1830.0
scanId=172638,2.877166666667,294.1978536220828,1191.0
scanId=172638,2.877166666667,368.4054846683426,1551.0
scanId=172638,2.877166666667,368.41653766604406,2740.0
scanId=172638,2.877166666667,368.4275907918437,2796.0
scanId=172638,2.877166666667,368.43864412115585,2251.0
scanId=172638,2.877166666667,368.44969757855444,1489.0
scanId=172638,2.877166666667,494.2662843147362,1252.0
scanId=172638,2.877166666667,494.27908688958235,4872.0
scanId=172638,2.877166666667,494.2918895514093,13127.0
scanId=172638,2.877166666667,494.30469245786617,20663.0
scanId=172638,2.877166666667,494.31749545130026,21870.0
scanId=172638,2.877166666667,494.3302986893676,17829.0
scanId=172638,2.877166666667,494.3431020144088,12615.0
scanId=172638,2.877166666667,494.35590558408654,8295.0
scanId=172638,2.877166666667,494.368709240735,5735.0
scanId=172638,2.877166666667,494.3815131420232,3994.0
scanId=172638,2.877166666667,494.3943171302785,2600.0
scanId=172638,2.877166666667,494.40712136317745,1628.0
scanId=172638,2.877166666667,494.4199256830399,1120.0
scanId=172638,2.877166666667,494.7785150595488,5320.0
scanId=172638,2.877166666667,494.79132426660567,11564.0
scanId=172638,2.877166666667,494.80413356057454,17134.0
scanId=172638,2.877166666667,494.81694309924177,17874.0
scanId=172638,2.877166666667,494.829752724818,15419.0
scanId=172638,2.877166666667,494.8425625950957,11526.0
scanId=172638,2.877166666667,494.8553725522789,8054.0
scanId=172638,2.877166666667,494.8681827541673,5410.0
scanId=172638,2.877166666667,494.88099304295764,3691.0
scanId=172638,2.877166666667,494.89380357645643,2433.0
scanId=172638,2.877166666667,494.906614196854,1662.0
scanId=172638,2.877166666667,494.9194250619633,1190.0
scanId=172638,2.877166666667,495.2781954969131,1237.0
scanId=172638,2.877166666667,495.29101109141766,3093.0
scanId=172638,2.877166666667,495.3038269306849,4136.0
scanId=172638,2.877166666667,495.3166428567965,4303.0
scanId=172638,2.877166666667,495.32945902767443,3676.0
scanId=172638,2.877166666667,495.3422752853931,2694.0
scanId=172638,2.877166666667,495.3550917878814,1997.0
scanId=172638,2.877166666667,495.36790837720747,1536.0
scanId=172638,2.877166666667,495.3807252113063,1071.0
scanId=172638,2.877166666667,495.803772410357,1097.0
scanId=172638,2.877166666667,495.81659488183476,1302.0
scanId=172638,2.877166666667,495.82941744008986,1364.0
scanId=172638,2.877166666667,495.8422402431782,1177.0
scanId=172638,2.877166666667,510.3078208868375,1022.0
scanId=172638,2.877166666667,510.32082947700775,1245.0
scanId=172638,2.877166666667,510.3338383136023,1034.0
scanId=172638,2.877166666667,510.8022654057729,1384.0
scanId=172638,2.877166666667,510.8152802964993,1737.0
scanId=172638,2.877166666667,510.8282954336937,1729.0
scanId=172638,2.877166666667,510.84131065602855,1410.0
scanId=172638,2.877166666667,510.8543261248335,1033.0
scanId=172638,2.877166666667,550.6199568618437,1087.0
scanId=172638,2.877166666667,550.6334694985801,1137.0
scanId=172638,2.877166666667,550.6469823831769,1164.0
scanId=172638,2.877166666667,604.3393457607261,1888.0
scanId=172638,2.877166666667,604.3535023013575,4621.0
scanId=172638,2.877166666667,604.3676589299223,6492.0
scanId=172638,2.877166666667,604.3818158021639,6785.0
scanId=172638,2.877166666667,604.3959727623434,5565.0
scanId=172638,2.877166666667,604.4101299661955,3772.0
scanId=172638,2.877166666667,604.4242872579892,2601.0
scanId=172638,2.877166666667,604.438444793452,1731.0
scanId=172638,2.877166666667,604.4526024168598,1154.0
scanId=172638,2.877166666667,605.3590376834766,1774.0
scanId=172638,2.877166666667,605.3732061620868,2951.0
scanId=172638,2.877166666667,605.3873747287697,3168.0
scanId=172638,2.877166666667,605.4015435389904,2632.0
scanId=172638,2.877166666667,605.4157124372877,1727.0
scanId=172638,2.877166666667,605.4298815791188,1277.0
scanId=172638,2.877166666667,607.2874675899191,1031.0
scanId=172638,2.877166666667,607.301658618045,1240.0
scanId=172638,2.877166666667,607.3158497345122,1215.0
scanId=172638,2.877166666667,607.3300410942489,1110.0
scanId=172638,2.877166666667,608.3806589610206,1291.0
scanId=172638,2.877166666667,608.3948626788413,1090.0
scanId=172638,2.877166666667,609.2900336409218,1112.0
scanId=172638,2.877166666667,609.3042479704104,2734.0
scanId=172638,2.877166666667,609.3184625428839,4141.0
scanId=172638,2.877166666667,609.3326772039871,4723.0
scanId=172638,2.877166666667,609.3468921080712,4515.0
scanId=172638,2.877166666667,609.3611071007888,3531.0
scanId=172638,2.877166666667,609.3753223364835,2329.0
scanId=172638,2.877166666667,609.3895376608159,1434.0
scanId=172638,2.877166666667,610.313891943427,1472.0
scanId=172638,2.877166666667,610.3281182110438,2267.0
scanId=172638,2.877166666667,610.3423447214964,2836.0
scanId=172638,2.877166666667,610.356571320728,2281.0
scanId=172638,2.877166666667,610.3707981627911,1650.0
scanId=172638,2.877166666667,610.3850250936372,1202.0
scanId=172638,2.877166666667,623.314030147332,1095.0
scanId=172638,2.877166666667,623.3284072089641,1370.0
scanId=172638,2.877166666667,623.3427843614415,1388.0
scanId=172638,2.877166666667,623.3571617546842,1171.0
scanId=172638,2.877166666667,663.4034126104293,2556.0
scanId=172638,2.877166666667,663.4182447407413,5653.0
scanId=172638,2.877166666667,663.4330771036281,9097.0
scanId=172638,2.877166666667,663.4479095655576,10773.0
scanId=172638,2.877166666667,663.462742260055,9735.0
scanId=172638,2.877166666667,663.4775750536019,7460.0
scanId=172638,2.877166666667,663.4924080797097,5128.0
scanId=172638,2.877166666667,663.5072412048743,3260.0
scanId=172638,2.877166666667,663.5220745625926,2134.0
scanId=172638,2.877166666667,663.5369080193746,1468.0
scanId=172638,2.877166666667,664.4123774501221,1544.0
scanId=172638,2.877166666667,664.4272208554299,2892.0
scanId=172638,2.877166666667,664.4420644930748,4247.0
scanId=172638,2.877166666667,664.4569082300002,4405.0
scanId=172638,2.877166666667,664.4717521992554,3974.0
scanId=172638,2.877166666667,664.4865962677985,3230.0
scanId=172638,2.877166666667,664.5014405686643,2542.0
scanId=172638,2.877166666667,664.5162849688248,1656.0
scanId=172638,2.877166666667,664.5311296013012,1127.0
scanId=172638,2.877166666667,665.4369636617787,1093.0
scanId=172638,2.877166666667,665.4518185741814,1305.0
scanId=172638,2.877166666667,665.4666735861043,1157.0
scanId=172638,2.877166666667,665.4815288301177,1021.0
scanId=172638,2.877166666667,685.4007935164914,1061.0
scanId=172638,2.877166666667,685.4158696131161,1973.0
scanId=172638,2.877166666667,685.4309458142773,2587.0
scanId=172638,2.877166666667,685.4460222425125,2620.0
scanId=172638,2.877166666667,685.4610987752919,1965.0
scanId=172638,2.877166666667,685.4761755351378,1280.0
scanId=172638,2.877166666667,701.3829786838546,1036.0
scanId=172638,2.877166666667,722.4630561431144,1310.0
scanId=172638,2.877166666667,722.4785344833093,2046.0
scanId=172638,2.877166666667,722.4940129385607,2504.0
scanId=172638,2.877166666667,722.5094916103661,2145.0
scanId=172638,2.877166666667,722.5249703972373,1511.0
scanId=172638,2.877166666667,722.5404494006534,1151.0
scanId=172638,2.877166666667,722.5559285191445,1055.0
scanId=172638,2.877166666667,723.4694915114103,1173.0
scanId=172638,2.877166666667,723.484980578498,1471.0
scanId=172638,2.877166666667,723.5004698618403,1444.0
scanId=172638,2.877166666667,723.5159592605478,1487.0
scanId=172638,2.877166666667,723.5314488755009,1285.0
scanId=172638,2.877166666667,736.4762445245176,3883.0
scanId=172638,2.877166666667,736.4918722088086,8711.0
scanId=172638,2.877166666667,736.5075001053515,16803.0
scanId=172638,2.877166666667,736.5231281212626,24548.0
scanId=172638,2.877166666667,736.5387563494161,27706.0
scanId=172638,2.877166666667,736.5543846969474,24961.0
scanId=172638,2.877166666667,736.5700132567116,19262.0
scanId=172638,2.877166666667,736.5856419358632,13855.0
scanId=172638,2.877166666667,736.6012708272378,9347.0
scanId=172638,2.877166666667,736.6168998380098,6312.0
scanId=172638,2.877166666667,736.6325290609949,4200.0
scanId=172638,2.877166666667,736.6481584033871,2746.0
scanId=172638,2.877166666667,736.6637879579829,1732.0
scanId=172638,2.877166666667,736.6794176319954,1199.0
scanId=172638,2.877166666667,736.6950475182018,1053.0
scanId=172638,2.877166666667,737.4767520736943,1756.0
scanId=172638,2.877166666667,737.4923903698352,4579.0
scanId=172638,2.877166666667,737.5080288779151,8851.0
scanId=172638,2.877166666667,737.5236675056763,12489.0
scanId=172638,2.877166666667,737.5393063453666,13276.0
scanId=172638,2.877166666667,737.554945304748,11425.0
scanId=172638,2.877166666667,737.5705844760491,8904.0
scanId=172638,2.877166666667,737.586223767051,6524.0
scanId=172638,2.877166666667,737.6018632699626,5008.0
scanId=172638,2.877166666667,737.6175028925846,3899.0
scanId=172638,2.877166666667,737.6331427271066,2681.0
scanId=172638,2.877166666667,737.6487826813493,1782.0
scanId=172638,2.877166666667,737.6644228474818,1215.0
scanId=172638,2.877166666667,738.4935876792596,1775.0
scanId=172638,2.877166666667,738.5092367988764,2860.0
scanId=172638,2.877166666667,738.5248860384886,3602.0
scanId=172638,2.877166666667,738.5405354897159,3948.0
scanId=172638,2.877166666667,738.5561850609486,3920.0
scanId=172638,2.877166666667,738.5718348437864,3702.0
scanId=172638,2.877166666667,738.5874847466392,3018.0
scanId=172638,2.877166666667,738.6031348610877,2270.0
scanId=172638,2.877166666667,738.6187850955608,1842.0
scanId=172638,2.877166666667,738.6344355416197,1550.0
scanId=172638,2.877166666667,738.6500861077135,1140.0
scanId=172638,2.877166666667,764.5083214386192,1333.0
scanId=172638,2.877166666667,764.5242438053109,2723.0
scanId=172638,2.877166666667,764.5401663003796,4426.0
scanId=172638,2.877166666667,764.556088998682,6217.0
scanId=172638,2.877166666667,764.5720118253716,6385.0
scanId=172638,2.877166666667,764.5879348552845,5167.0
scanId=172638,2.877166666667,764.6038580135952,3931.0
scanId=172638,2.877166666667,764.6197813751185,3109.0
scanId=172638,2.877166666667,764.6357048650505,2500.0
scanId=172638,2.877166666667,764.6516285581841,1914.0
scanId=172638,2.877166666667,764.667552379737,1182.0
scanId=172638,2.877166666667,765.5276859778028,1864.0
scanId=172638,2.877166666667,765.5436189560313,3301.0
scanId=172638,2.877166666667,765.559552062973,4436.0
scanId=172638,2.877166666667,765.5754853728121,4494.0
scanId=172638,2.877166666667,765.5914188113745,4174.0
scanId=172638,2.877166666667,765.6073524528243,3400.0
scanId=172638,2.877166666667,765.6232862230079,2537.0
scanId=172638,2.877166666667,765.639220196068,1910.0
scanId=172638,2.877166666667,765.6551542978727,1224.0
scanId=172638,2.877166666667,766.5636732558718,1094.0
scanId=172638,2.877166666667,766.5796169746869,1078.0
scanId=172638,2.877166666667,791.556519526806,1320.0
scanId=172638,2.877166666667,791.5727211095623,1215.0
scanId=172638,2.877166666667,792.5451186519286,1125.0
scanId=172638,2.877166666667,792.5613303207549,1043.0
scanId=172638,2.877166666667,822.704693203578,1962.0
scanId=172638,2.877166666667,822.7212104795566,3621.0
scanId=172638,2.877166666667,822.7377279035809,4862.0
scanId=172638,2.877166666667,822.7542455111701,4662.0
scanId=172638,2.877166666667,822.7707632668163,3855.0
scanId=172638,2.877166666667,822.7872812060159,3027.0
scanId=172638,2.877166666667,822.8037992932842,2169.0
scanId=172638,2.877166666667,822.8203175640944,1368.0
scanId=172638,2.877166666667,823.7125499340368,1799.0
scanId=172638,2.877166666667,823.729077306716,2447.0
scanId=172638,2.877166666667,823.7456048626209,2392.0
scanId=172638,2.877166666667,823.7621325669221,2582.0
scanId=172638,2.877166666667,823.7786604544375,2496.0
scanId=172638,2.877166666667,823.7951884903604,2010.0
scanId=172638,2.877166666667,823.8117167094864,1437.0
scanId=172638,2.877166666667,823.828245077031,1040.0
scanId=172638,2.877166666667,824.7375611231931,1116.0
scanId=172638,2.877166666667,824.7540987761491,1414.0
scanId=172638,2.877166666667,824.7706366119805,1299.0
scanId=172638,2.877166666667,824.7871745965584,1219.0
scanId=172638,2.877166666667,825.481920031827,1040.0
scanId=172638,2.877166666667,825.49846516309,1733.0
scanId=172638,2.877166666667,825.5150104433483,2125.0
scanId=172638,2.877166666667,825.5315559062217,2638.0
scanId=172638,2.877166666667,825.5481015181019,2779.0
scanId=172638,2.877166666667,825.5646473125859,2305.0
scanId=172638,2.877166666667,825.5811932560879,1512.0
scanId=172638,2.877166666667,825.9948959494646,1215.0
scanId=172638,2.877166666667,826.0114462040505,1966.0
scanId=172638,2.877166666667,826.0279966410818,2722.0
scanId=172638,2.877166666667,826.0445472272897,2938.0
scanId=172638,2.877166666667,826.0610979959315,2512.0
scanId=172638,2.877166666667,826.077648913761,1790.0
scanId=172638,2.877166666667,826.0942000140135,1155.0
scanId=172638,2.877166666667,826.5080311920359,2095.0
scanId=172638,2.877166666667,826.5245866032252,2771.0
scanId=172638,2.877166666667,826.5411421637606,2667.0
scanId=172638,2.877166666667,826.5576979065603,2131.0
scanId=172638,2.877166666667,826.5742537987175,1488.0
scanId=172638,2.877166666667,826.5908098731279,1000.0
scanId=172638,2.877166666667,827.6673098256617,1229.0
scanId=172638,2.877166666667,827.6838768432194,1568.0
scanId=172638,2.877166666667,827.7004440105196,1864.0
scanId=172638,2.877166666667,827.7170113596878,2079.0
scanId=172638,2.877166666667,827.7335788586098,1865.0
scanId=172638,2.877166666667,827.7501465393885,1371.0
scanId=172638,2.877166666667,827.7667143699323,1010.0
scanId=172638,2.877166666667,828.6782008433544,1013.0
scanId=172638,2.877166666667,828.69477795931,1341.0
scanId=172638,2.877166666667,828.7113552567941,1399.0
scanId=172638,2.877166666667,828.7279327043716,1069.0
scanId=172638,2.877166666667,836.7375667840408,1176.0
scanId=172638,2.877166666667,836.7542243312729,1708.0
scanId=172638,2.877166666667,836.7708820313429,2080.0
scanId=172638,2.877166666667,836.7875399101854,1791.0
scanId=172638,2.877166666667,836.8041979418772,1222.0
scanId=172638,2.877166666667,841.7088514326214,1011.0
scanId=172638,2.877166666667,841.7255583898219,1166.0
scanId=172638,2.877166666667,843.6814162902658,1271.0
scanId=172638,2.877166666667,843.6981428124874,1049.0
scanId=172638,2.877166666667,848.7235841230464,1255.0
scanId=172638,2.877166666667,848.7403605437531,1933.0
scanId=172638,2.877166666667,848.7571371391643,2143.0
scanId=172638,2.877166666667,848.7739138914932,1962.0
scanId=172638,2.877166666667,848.7906908185149,1376.0
scanId=172638,2.877166666667,849.747249482056,1987.0
scanId=172638,2.877166666667,849.764036025783,2520.0
scanId=172638,2.877166666667,849.7808227267684,2384.0
scanId=172638,2.877166666667,849.7976096021061,1873.0
scanId=172638,2.877166666667,849.8143966347135,1338.0
scanId=172638,2.877166666667,864.7528641087287,1208.0
scanId=172638,2.877166666667,864.7697982191407,1092.0
scanId=172638,2.877166666667,868.5841883368959,1131.0
scanId=172638,2.877166666667,868.6011599192974,1182.0
scanId=172638,2.877166666667,868.6181316652834,1201.0
scanId=172638,2.877166666667,868.6351035792956,1155.0
scanId=172638,2.877166666667,869.5688141324662,1091.0
scanId=172638,2.877166666667,878.8140038885892,1015.0
scanId=172638,2.877166666667,898.7798836393724,1121.0
scanId=172638,2.877166666667,898.7971477022595,1253.0
scanId=172638,2.877166666667,898.8144119385773,1037.0
scanId=172638,2.877166666667,899.7469267188266,1270.0
scanId=172638,2.877166666667,899.7642000668085,1118.0
scanId=172638,2.877166666667,899.7814735885289,1007.0
scanId=172638,2.877166666667,900.8009046121242,1209.0
scanId=172638,2.877166666667,900.8181880824894,1137.0
scanId=172638,2.877166666667,904.763146967842,1107.0
scanId=172638,2.877166666667,904.7804683993504,1137.0
scanId=172638,2.877166666667,956.5648006430691,2347.0
scanId=172638,2.877166666667,956.5826110591474,3039.0
scanId=172638,2.877166666667,956.6004216161843,2719.0
scanId=172638,2.877166666667,956.6182323638834,2129.0
scanId=172638,2.877166666667,956.6360432525308,1777.0
scanId=172638,2.877166666667,956.6538543318499,1249.0
scanId=172638,2.877166666667,957.615898168199,1093.0
scanId=172638,2.877166666667,957.6337183419413,1116.0
scanId=172638,2.877166666667,961.5581901147843,1137.0
scanId=172638,2.877166666667,961.5760469576954,1479.0
scanId=172638,2.877166666667,961.5939039402065,1502.0
scanId=172638,2.877166666667,961.6117611147379,1408.0
scanId=172638,2.877166666667,961.6296184288592,1548.0
scanId=172638,2.877166666667,961.647475935011,1344.0
scanId=172638,2.877166666667,987.4981022745167,1311.0
scanId=172638,2.877166666667,987.5161983482183,4723.0
scanId=172638,2.877166666667,987.5342946205959,17933.0
scanId=172638,2.877166666667,987.5523910259078,50421.0
scanId=172638,2.877166666667,987.5704876299051,102470.0
scanId=172638,2.877166666667,987.5885843668275,155856.0
scanId=172638,2.877166666667,987.6066813024439,184772.0
scanId=172638,2.877166666667,987.6247783709769,181989.0
scanId=172638,2.877166666667,987.6428756382126,152772.0
scanId=172638,2.877166666667,987.6609730383562,114231.0
scanId=172638,2.877166666667,987.6790706372111,82004.0
scanId=172638,2.877166666667,987.6971683689651,56950.0
scanId=172638,2.877166666667,987.7152662994397,37933.0
scanId=172638,2.877166666667,987.7333643628042,25215.0
scanId=172638,2.877166666667,987.7514626248978,17104.0
scanId=172638,2.877166666667,987.7695610198731,11515.0
scanId=172638,2.877166666667,987.787659613586,8146.0
scanId=172638,2.877166666667,987.8057583401718,6493.0
scanId=172638,2.877166666667,987.8238572655041,5566.0
scanId=172638,2.877166666667,987.8419563237002,4481.0
scanId=172638,2.877166666667,987.860055580652,3587.0
scanId=172638,2.877166666667,987.8781549704586,3006.0
scanId=172638,2.877166666667,987.8962545590294,2890.0
scanId=172638,2.877166666667,987.9143542804468,2810.0
scanId=172638,2.877166666667,987.932454200637,2527.0
scanId=172638,2.877166666667,987.9505542536648,2468.0
scanId=172638,2.877166666667,987.9686545054745,2540.0
scanId=172638,2.877166666667,987.9867548901127,2454.0
scanId=172638,2.877166666667,988.0048554735417,2207.0
scanId=172638,2.877166666667,988.0229561897905,2302.0
scanId=172638,2.877166666667,988.0410571048387,2406.0
scanId=172638,2.877166666667,988.0591581526983,2222.0
scanId=172638,2.877166666667,988.0772593993656,1941.0
scanId=172638,2.877166666667,988.0953607788354,2228.0
scanId=172638,2.877166666667,988.1134623571223,2693.0
scanId=172638,2.877166666667,988.1315640682027,2739.0
scanId=172638,2.877166666667,988.1496659781088,2463.0
scanId=172638,2.877166666667,988.1677680207999,2323.0
scanId=172638,2.877166666667,988.1858702623252,2229.0
scanId=172638,2.877166666667,988.2039726366266,2149.0
scanId=172638,2.877166666667,988.2220752097716,2169.0
scanId=172638,2.877166666667,988.2401779156835,2247.0
scanId=172638,2.877166666667,988.2582808204478,2108.0
scanId=172638,2.877166666667,988.2763838579702,1961.0
scanId=172638,2.877166666667,988.2944870943535,1770.0
scanId=172638,2.877166666667,988.3125904634867,1532.0
scanId=172638,2.877166666667,988.3306940314892,1399.0
scanId=172638,2.877166666667,988.3487977322327,1469.0
scanId=172638,2.877166666667,988.3669016318548,1652.0
scanId=172638,2.877166666667,988.3850056642088,1837.0
scanId=172638,2.877166666667,988.4031098954501,1869.0
scanId=172638,2.877166666667,988.4212142594149,1860.0
scanId=172638,2.877166666667,988.4393188222754,1845.0
scanId=172638,2.877166666667,988.4574235178507,1835.0
scanId=172638,2.877166666667,988.4755284123305,1766.0
scanId=172638,2.877166666667,988.4936334395161,1929.0
scanId=172638,2.877166666667,988.5117386656154,3031.0
scanId=172638,2.877166666667,988.5298440244115,9429.0
scanId=172638,2.877166666667,988.54794958213,27278.0
scanId=172638,2.877166666667,988.5660552725368,59257.0
scanId=172638,2.877166666667,988.5841611618745,100537.0
scanId=172638,2.877166666667,988.6022671838916,130211.0
scanId=172638,2.877166666667,988.6203734048488,137235.0
scanId=172638,2.877166666667,988.6384797584766,122355.0
scanId=172638,2.877166666667,988.6565863110532,96235.0
scanId=172638,2.877166666667,988.6746929962914,69217.0
scanId=172638,2.877166666667,988.6927998804869,47956.0
scanId=172638,2.877166666667,988.7109068973358,32794.0
scanId=172638,2.877166666667,988.7290141131507,22411.0
scanId=172638,2.877166666667,988.74712146161,15709.0
scanId=172638,2.877166666667,988.7652290090443,11096.0
scanId=172638,2.877166666667,988.7833366891142,8112.0
scanId=172638,2.877166666667,988.8014445681677,6060.0
scanId=172638,2.877166666667,988.8195525798482,5124.0
scanId=172638,2.877166666667,988.8376607905209,4505.0
scanId=172638,2.877166666667,988.8557691338117,3824.0
scanId=172638,2.877166666667,988.8738776761039,3282.0
scanId=172638,2.877166666667,988.8919863510054,3135.0
scanId=172638,2.877166666667,988.9100952249169,3217.0
scanId=172638,2.877166666667,988.9282042314288,3301.0
scanId=172638,2.877166666667,988.9463134369594,3480.0
scanId=172638,2.877166666667,988.964422775082,3114.0
scanId=172638,2.877166666667,988.9825323122319,2767.0
scanId=172638,2.877166666667,989.0006419819649,3011.0
scanId=172638,2.877166666667,989.0187518507342,3170.0
scanId=172638,2.877166666667,989.0368618520778,3389.0
scanId=172638,2.877166666667,989.054972052466,3513.0
scanId=172638,2.877166666667,989.0730823854203,3360.0
scanId=172638,2.877166666667,989.0911929174281,2940.0
scanId=172638,2.877166666667,989.1093035819929,2638.0
scanId=172638,2.877166666667,989.1274144456198,2445.0
scanId=172638,2.877166666667,989.1455254417949,2127.0
scanId=172638,2.877166666667,989.1636366370413,1975.0
scanId=172638,2.877166666667,989.181747964827,1873.0
scanId=172638,2.877166666667,989.1998594916925,1789.0
scanId=172638,2.877166666667,989.2179711510888,1946.0
scanId=172638,2.877166666667,989.2360830095736,2453.0
scanId=172638,2.877166666667,989.2541950005802,2977.0
scanId=172638,2.877166666667,989.2723071906845,3036.0
scanId=172638,2.877166666667,989.2904195133017,2897.0
scanId=172638,2.877166666667,989.3085320350252,2776.0
scanId=172638,2.877166666667,989.3266446892529,2671.0
scanId=172638,2.877166666667,989.3447575425955,2623.0
scanId=172638,2.877166666667,989.3628705284341,2901.0
scanId=172638,2.877166666667,989.3809837133957,3360.0
scanId=172638,2.877166666667,989.3990970308446,3177.0
scanId=172638,2.877166666667,989.417210547426,2590.0
scanId=172638,2.877166666667,989.4353241964852,2309.0
scanId=172638,2.877166666667,989.4534380446855,2258.0
scanId=172638,2.877166666667,989.4715520253557,2340.0
scanId=172638,2.877166666667,989.4896662051752,2435.0
scanId=172638,2.877166666667,989.5077805174558,2483.0
scanId=172638,2.877166666667,989.5258950288948,3411.0
scanId=172638,2.877166666667,989.5440096727856,7336.0
scanId=172638,2.877166666667,989.562124515844,17382.0
scanId=172638,2.877166666667,989.5802394913454,33980.0
scanId=172638,2.877166666667,989.5983546660228,50430.0
scanId=172638,2.877166666667,989.616469973135,56879.0
scanId=172638,2.877166666667,989.6345854794316,51763.0
scanId=172638,2.877166666667,989.6527011181541,40803.0
scanId=172638,2.877166666667,989.6708169560702,29994.0
scanId=172638,2.877166666667,989.6889329264033,21468.0
scanId=172638,2.877166666667,989.7070490959385,15259.0
scanId=172638,2.877166666667,989.7251653978822,11033.0
scanId=172638,2.877166666667,989.7432818990367,8098.0
scanId=172638,2.877166666667,989.761398532591,6184.0
scanId=172638,2.877166666667,989.7795153653645,4680.0
scanId=172638,2.877166666667,989.7976323305292,3430.0
scanId=172638,2.877166666667,989.8157494949223,2728.0
scanId=172638,2.877166666667,989.8338667916975,2395.0
scanId=172638,2.877166666667,989.8519842877096,2390.0
scanId=172638,2.877166666667,989.8701019160955,2439.0
scanId=172638,2.877166666667,989.8882197437268,2523.0
scanId=172638,2.877166666667,989.906337703723,2616.0
scanId=172638,2.877166666667,989.924455862974,2507.0
scanId=172638,2.877166666667,989.9425741545807,2412.0
scanId=172638,2.877166666667,989.9606926454508,2455.0
scanId=172638,2.877166666667,989.978811268668,2723.0
scanId=172638,2.877166666667,989.9969300911572,3086.0
scanId=172638,2.877166666667,990.0150490459852,2986.0
scanId=172638,2.877166666667,990.0331682000935,2745.0
scanId=172638,2.877166666667,990.0512874865318,2625.0
scanId=172638,2.877166666667,990.0694069722597,2498.0
scanId=172638,2.877166666667,990.0875265903085,2475.0
scanId=172638,2.877166666667,990.1056464076553,2565.0
scanId=172638,2.877166666667,990.1237663573148,2327.0
scanId=172638,2.877166666667,990.1418865062809,2128.0
scanId=172638,2.877166666667,990.1600067875511,1902.0
scanId=172638,2.877166666667,990.1781272681364,1757.0
scanId=172638,2.877166666667,990.1962478810168,1634.0
scanId=172638,2.877166666667,990.2143686932216,1572.0
scanId=172638,2.877166666667,990.2324896377125,1503.0
scanId=172638,2.877166666667,990.2506107815364,1718.0
scanId=172638,2.877166666667,990.2687320576381,1793.0
scanId=172638,2.877166666667,990.2868535330812,1761.0
scanId=172638,2.877166666667,990.3049751407932,1685.0
scanId=172638,2.877166666667,990.3230969478556,1590.0
scanId=172638,2.877166666667,990.3412188871781,1420.0
scanId=172638,2.877166666667,990.3593410258596,1351.0
scanId=172638,2.877166666667,990.3774632967929,1309.0
scanId=172638,2.877166666667,990.3955857670936,1314.0
scanId=172638,2.877166666667,990.4137083696374,1700.0
scanId=172638,2.877166666667,990.4318311715574,1853.0
scanId=172638,2.877166666667,990.4499541057115,1890.0
scanId=172638,2.877166666667,990.4680772392509,1826.0
scanId=172638,2.877166666667,990.4862005050155,1776.0
scanId=172638,2.877166666667,990.5043239701739,1816.0
scanId=172638,2.877166666667,990.5224475675493,1712.0
scanId=172638,2.877166666667,990.540571364327,1674.0
scanId=172638,2.877166666667,990.5586952933127,2767.0
scanId=172638,2.877166666667,990.5768194217097,5812.0
scanId=172638,2.877166666667,990.5949436823059,9904.0
scanId=172638,2.877166666667,990.6130681423222,12456.0
scanId=172638,2.877166666667,990.6311927345289,13125.0
scanId=172638,2.877166666667,990.6493175261643,11486.0
scanId=172638,2.877166666667,990.6674424499818,8419.0
scanId=172638,2.877166666667,990.6855675732363,5751.0
scanId=172638,2.877166666667,990.7036928286641,4181.0
scanId=172638,2.877166666667,990.721818283538,3323.0
scanId=172638,2.877166666667,990.7399438705763,2773.0
scanId=172638,2.877166666667,990.7580696570693,2316.0
scanId=172638,2.877166666667,990.7761955757184,1737.0
scanId=172638,2.877166666667,990.7943216938305,1512.0
scanId=172638,2.877166666667,990.8124479440902,1441.0
scanId=172638,2.877166666667,990.8305743938215,1249.0
scanId=172638,2.877166666667,990.8487009756915,1169.0
scanId=172638,2.877166666667,990.8668277570423,1383.0
scanId=172638,2.877166666667,990.8849546705227,1501.0
scanId=172638,2.877166666667,990.9030817834924,1244.0
scanId=172638,2.877166666667,990.9212090285837,1055.0
scanId=172638,2.877166666667,990.9393364731727,1172.0
scanId=172638,2.877166666667,990.9574640498741,1158.0
scanId=172638,2.877166666667,991.0118478422223,1023.0
scanId=172638,2.877166666667,991.1568785390779,1365.0
scanId=172638,2.877166666667,991.1750081054428,1534.0
scanId=172638,2.877166666667,991.1931378713663,1684.0
scanId=172638,2.877166666667,991.2112677693414,1631.0
scanId=172638,2.877166666667,991.2293978668844,1567.0
scanId=172638,2.877166666667,991.2475280964701,1583.0
scanId=172638,2.877166666667,991.265658525632,1403.0
scanId=172638,2.877166666667,991.2837890868283,1283.0
scanId=172638,2.877166666667,991.3019198476094,1131.0
scanId=172638,2.877166666667,991.3200507404164,1008.0
scanId=172638,2.877166666667,991.5195017072983,1038.0
scanId=172638,2.877166666667,991.5376345897683,1041.0
scanId=172638,2.877166666667,991.5557676718837,1151.0
scanId=172638,2.877166666667,991.5739008859643,1544.0
scanId=172638,2.877166666667,991.592034299699,1929.0
scanId=172638,2.877166666667,991.6101678453899,2415.0
scanId=172638,2.877166666667,991.6283015907438,3268.0
scanId=172638,2.877166666667,991.6464354680454,3449.0
scanId=172638,2.877166666667,991.6645695450186,2710.0
scanId=172638,2.877166666667,991.6827037539306,2059.0
scanId=172638,2.877166666667,991.7008381625227,1616.0
scanId=172638,2.877166666667,991.7189727030456,1149.0
scanId=172638,2.877166666667,1009.5522439312708,1687.0
scanId=172638,2.877166666667,1009.5705409609523,2929.0
scanId=172638,2.877166666667,1009.5888381944,3404.0
scanId=172638,2.877166666667,1009.6071355556919,3504.0
scanId=172638,2.877166666667,1009.625433120758,3063.0
scanId=172638,2.877166666667,1009.6437308136602,2231.0
scanId=172638,2.877166666667,1009.6620287103452,1560.0
scanId=172638,2.877166666667,1009.680326734858,1126.0
scanId=172638,2.877166666667,1010.5588278123066,1228.0
scanId=172638,2.877166666667,1010.5771339994535,1811.0
scanId=172638,2.877166666667,1010.5954403142296,2090.0
scanId=172638,2.877166666667,1010.6137468329948,1898.0
scanId=172638,2.877166666667,1010.6320534793815,1587.0
scanId=172638,2.877166666667,1010.6503603297652,1157.0
scanId=172638,2.877166666667,1019.5487146944861,1404.0
scanId=172638,2.877166666667,1019.567102128113,3166.0
scanId=172638,2.877166666667,1019.5854896874683,5332.0
scanId=172638,2.877166666667,1019.6038774527134,6889.0
scanId=172638,2.877166666667,1019.6222653436791,6774.0
scanId=172638,2.877166666667,1019.6406534405421,5757.0
scanId=172638,2.877166666667,1019.6590416631187,4565.0
scanId=172638,2.877166666667,1019.6774300915997,3272.0
scanId=172638,2.877166666667,1019.6958186457866,2122.0
scanId=172638,2.877166666667,1019.7142074058859,1384.0
scanId=172638,2.877166666667,1020.5418722982486,1283.0
scanId=172638,2.877166666667,1020.5602686855634,2182.0
scanId=172638,2.877166666667,1020.5786651984032,3353.0
scanId=172638,2.877166666667,1020.5970619173361,4248.0
scanId=172638,2.877166666667,1020.6154587617862,4774.0
scanId=172638,2.877166666667,1020.6338558123374,4699.0
scanId=172638,2.877166666667,1020.652252988398,3953.0
scanId=172638,2.877166666667,1020.6706503705672,2873.0
scanId=172638,2.877166666667,1020.6890478782383,1945.0
scanId=172638,2.877166666667,1020.7074455920255,1413.0
scanId=172638,2.877166666667,1021.5907298755972,1101.0
scanId=172638,2.877166666667,1021.6091356735316,1386.0
scanId=172638,2.877166666667,1021.6275416777694,1501.0
scanId=172638,2.877166666667,1021.6459478073145,1436.0
scanId=172638,2.877166666667,1021.6643541431705,1348.0
scanId=172638,2.877166666667,1021.6827606043258,1136.0
scanId=172638,2.877166666667,1022.6217110368084,1071.0
scanId=172638,2.877166666667,1041.5656226568358,1926.0
scanId=172638,2.877166666667,1041.5842075244557,3828.0
scanId=172638,2.877166666667,1041.6027926021875,5887.0
scanId=172638,2.877166666667,1041.6213778014173,6272.0
scanId=172638,2.877166666667,1041.6399632107666,5333.0
scanId=172638,2.877166666667,1041.6585487416069,3978.0
scanId=172638,2.877166666667,1041.6771344825736,2768.0
scanId=172638,2.877166666667,1041.6957203450245,1815.0
scanId=172638,2.877166666667,1041.714306417608,1083.0
scanId=172638,2.877166666667,1042.5508502744526,1292.0
scanId=172638,2.877166666667,1042.5694439742297,2301.0
scanId=172638,2.877166666667,1042.588037795333,3378.0
scanId=172638,2.877166666667,1042.6066318267276,4664.0
scanId=172638,2.877166666667,1042.625225979442,4798.0
scanId=172638,2.877166666667,1042.6438203424527,3785.0
scanId=172638,2.877166666667,1042.6624148267774,2827.0
scanId=172638,2.877166666667,1042.6810095214057,2012.0
scanId=172638,2.877166666667,1042.6996043373408,1373.0
scanId=172638,2.877166666667,1043.5923515591442,1160.0
scanId=172638,2.877166666667,1043.6109545441989,1751.0
scanId=172638,2.877166666667,1043.6295576503976,1957.0
scanId=172638,2.877166666667,1043.6481609670695,1757.0
scanId=172638,2.877166666667,1043.6667644048784,1376.0
scanId=172638,2.877166666667,1043.6853680531672,1217.0
scanId=172638,2.877166666667,1043.7039718225865,1009.0
scanId=172638,2.877166666667,1045.6210504578012,1271.0
scanId=172638,2.877166666667,1045.639671470968,1873.0
scanId=172638,2.877166666667,1045.6582926949575,1941.0
scanId=172638,2.877166666667,1045.6769140397348,2022.0
scanId=172638,2.877166666667,1045.6955355953417,2168.0
scanId=172638,2.877166666667,1045.7141572717296,1715.0
scanId=172638,2.877166666667,1045.7327791589528,1095.0
scanId=172638,2.877166666667,1046.5895641727932,1499.0
scanId=172638,2.877166666667,1046.6081938078337,4398.0
scanId=172638,2.877166666667,1046.6268236538635,9278.0
scanId=172638,2.877166666667,1046.6454536205147,14497.0
scanId=172638,2.877166666667,1046.664083798161,16977.0
scanId=172638,2.877166666667,1046.6827140964226,15532.0
scanId=172638,2.877166666667,1046.701344605686,12418.0
scanId=172638,2.877166666667,1046.7199752355586,8864.0
scanId=172638,2.877166666667,1046.7386060764386,6307.0
scanId=172638,2.877166666667,1046.7572370379214,4426.0
scanId=172638,2.877166666667,1046.7758682104184,3008.0
scanId=172638,2.877166666667,1046.7944995035116,2011.0
scanId=172638,2.877166666667,1046.8131310076258,1322.0
scanId=172638,2.877166666667,1047.5958029545106,1277.0
scanId=172638,2.877166666667,1047.6144415430356,4040.0
scanId=172638,2.877166666667,1047.6330803427206,7762.0
scanId=172638,2.877166666667,1047.6517192628564,10120.0
scanId=172638,2.877166666667,1047.6703583941585,10182.0
scanId=172638,2.877166666667,1047.6889976459045,9286.0
scanId=172638,2.877166666667,1047.7076371088233,7685.0
scanId=172638,2.877166666667,1047.7262766921797,5584.0
scanId=172638,2.877166666667,1047.7449164867153,3644.0
scanId=172638,2.877166666667,1047.7635564016828,2465.0
scanId=172638,2.877166666667,1047.7821965278354,1632.0
scanId=172638,2.877166666667,1047.8008367744128,1035.0
scanId=172638,2.877166666667,1048.60252522899,1066.0
scanId=172638,2.877166666667,1048.6211727709992,1990.0
scanId=172638,2.877166666667,1048.6398205243388,2872.0
scanId=172638,2.877166666667,1048.6584683979584,3719.0
scanId=172638,2.877166666667,1048.6771164829154,3802.0
scanId=172638,2.877166666667,1048.6957646881456,3208.0
scanId=172638,2.877166666667,1048.7144131047187,2452.0
scanId=172638,2.877166666667,1048.7330616415593,1617.0
scanId=172638,2.877166666667,1049.6283874916905,1275.0
scanId=172638,2.877166666667,1049.6470441986833,1704.0
scanId=172638,2.877166666667,1049.665701025787,1688.0
scanId=172638,2.877166666667,1049.6843580643967,1531.0
scanId=172638,2.877166666667,1049.7030152231112,1209.0
scanId=172638,2.877166666667,1060.6271323710414,2209.0
scanId=172638,2.877166666667,1060.6458865732836,5047.0
scanId=172638,2.877166666667,1060.6646408938825,10032.0
scanId=172638,2.877166666667,1060.6833954277413,13568.0
scanId=172638,2.877166666667,1060.702150079951,15097.0
scanId=172638,2.877166666667,1060.7209049454254,14667.0
scanId=172638,2.877166666667,1060.7396599292456,11800.0
scanId=172638,2.877166666667,1060.7584151263363,9062.0
scanId=172638,2.877166666667,1060.7771704417669,6873.0
scanId=172638,2.877166666667,1060.7959259704744,4621.0
scanId=172638,2.877166666667,1060.8146816175156,2934.0
scanId=172638,2.877166666667,1060.8334374778387,1829.0
scanId=172638,2.877166666667,1060.8521934564903,1217.0
scanId=172638,2.877166666667,1061.6213323378681,2269.0
scanId=172638,2.877166666667,1061.6400952803408,4903.0
scanId=172638,2.877166666667,1061.6588584362205,8197.0
scanId=172638,2.877166666667,1061.6776217103036,10770.0
scanId=172638,2.877166666667,1061.6963851977994,12921.0
scanId=172638,2.877166666667,1061.715148803493,13153.0
scanId=172638,2.877166666667,1061.7339126226057,11138.0
scanId=172638,2.877166666667,1061.75267655991,8208.0
scanId=172638,2.877166666667,1061.771440710638,5644.0
scanId=172638,2.877166666667,1061.7902049795528,3968.0
scanId=172638,2.877166666667,1061.8089694618968,2732.0
scanId=172638,2.877166666667,1061.8277340624227,1678.0
scanId=172638,2.877166666667,1061.846498876383,1071.0
scanId=172638,2.877166666667,1062.6347697859505,1323.0
scanId=172638,2.877166666667,1062.653541681908,2556.0
scanId=172638,2.877166666667,1062.6723137914237,4143.0
scanId=172638,2.877166666667,1062.6910860189912,5564.0
scanId=172638,2.877166666667,1062.7098584601229,6211.0
scanId=172638,2.877166666667,1062.728631019301,6101.0
scanId=172638,2.877166666667,1062.7474037920485,4828.0
scanId=172638,2.877166666667,1062.7661766828376,3403.0
scanId=172638,2.877166666667,1062.7849497872016,2124.0
scanId=172638,2.877166666667,1062.8037230096006,1299.0
scanId=172638,2.877166666667,1063.6674715757058,1128.0
scanId=172638,2.877166666667,1063.6862526388559,1765.0
scanId=172638,2.877166666667,1063.705033819908,2324.0
scanId=172638,2.877166666667,1063.7238152146747,2098.0
scanId=172638,2.877166666667,1063.7425967273368,1803.0
scanId=172638,2.877166666667,1063.7613784537193,1412.0
scanId=172638,2.877166666667,1063.7801602979923,1123.0
scanId=172638,2.877166666667,1078.7074678478125,1187.0
scanId=172638,2.877166666667,1078.7263812256251,1154.0
scanId=172638,2.877166666667,1086.6846483601714,1018.0
scanId=172638,2.877166666667,1089.6860437138282,1022.0
scanId=172638,2.877166666667,1089.705053042923,1143.0
scanId=172638,2.877166666667,1117.6547998363446,1536.0
scanId=172638,2.877166666667,1117.6740515727358,1763.0
scanId=172638,2.877166666667,1117.6933035286925,2016.0
scanId=172638,2.877166666667,1117.7125555966938,2371.0
scanId=172638,2.877166666667,1117.7318078842636,2073.0
scanId=172638,2.877166666667,1117.7510602838754,1566.0
scanId=172638,2.877166666667,1118.6561113850703,1069.0
scanId=172638,2.877166666667,1118.6753717433348,1387.0
scanId=172638,2.877166666667,1118.6946323212326,1419.0
scanId=172638,2.877166666667,1118.7138930111075,1349.0
scanId=172638,2.877166666667,1118.7331539206182,1270.0
scanId=172638,2.877166666667,1276.2744457811218,1655.0
scanId=172638,2.877166666667,1276.2950183222447,2842.0
scanId=172638,2.877166666667,1276.3155910733994,4234.0
scanId=172638,2.877166666667,1276.3361639461334,5053.0
scanId=172638,2.877166666667,1276.3567370288908,5071.0
scanId=172638,2.877166666667,1276.3773102332348,4480.0
scanId=172638,2.877166666667,1276.3978836475949,3444.0
scanId=172638,2.877166666667,1276.4184571835494,2350.0
scanId=172638,2.877166666667,1276.4390309295122,1594.0
scanId=172638,2.877166666667,1276.4596047970779,1050.0
scanId=172638,2.877166666667,1277.2621158426355,1350.0
scanId=172638,2.877166666667,1277.2826963424109,2920.0
scanId=172638,2.877166666667,1277.30327705203,5223.0
scanId=172638,2.877166666667,1277.323857883416,7014.0
scanId=172638,2.877166666667,1277.3444389246374,7721.0
scanId=172638,2.877166666667,1277.3650200876345,7138.0
scanId=172638,2.877166666667,1277.3856014604587,5733.0
scanId=172638,2.877166666667,1277.406182955066,4330.0
scanId=172638,2.877166666667,1277.4267646594924,3130.0
scanId=172638,2.877166666667,1277.44734648571,2157.0
scanId=172638,2.877166666667,1277.4679285217396,1490.0
scanId=172638,2.877166666667,1278.2707563733609,2089.0
scanId=172638,2.877166666667,1278.2913450414421,4814.0
scanId=172638,2.877166666667,1278.311933831481,7226.0
scanId=172638,2.877166666667,1278.3325228311646,8746.0
scanId=172638,2.877166666667,1278.353111952814,9678.0
scanId=172638,2.877166666667,1278.3737012841007,9206.0
scanId=172638,2.877166666667,1278.394290737361,7572.0
scanId=172638,2.877166666667,1278.4148804002498,5670.0
scanId=172638,2.877166666667,1278.4354701851203,4001.0
scanId=172638,2.877166666667,1278.4560601796118,2746.0
scanId=172638,2.877166666667,1278.4766502960927,1876.0
scanId=172638,2.877166666667,1278.4972406221873,1512.0
scanId=172638,2.877166666667,1278.5178310702786,1091.0
scanId=172638,2.877166666667,1279.2797950415963,1313.0
scanId=172638,2.877166666667,1279.3003917902884,3214.0
scanId=172638,2.877166666667,1279.320988748433,5407.0
scanId=172638,2.877166666667,1279.3415858287349,6165.0
scanId=172638,2.877166666667,1279.3621831184819,5751.0
scanId=172638,2.877166666667,1279.3827805303945,4591.0
scanId=172638,2.877166666667,1279.403378151744,3295.0
scanId=172638,2.877166666667,1279.4239758952674,2442.0
scanId=172638,2.877166666667,1279.4445738482195,1772.0
scanId=172638,2.877166666667,1279.4651719233532,1254.0
scanId=172638,2.877166666667,1280.2686270524537,1107.0
scanId=172638,2.877166666667,1280.2892317597978,2105.0
scanId=172638,2.877166666667,1280.3098366764011,3097.0
scanId=172638,2.877166666667,1280.3304417153563,3679.0
scanId=172638,2.877166666667,1280.3510469635623,4156.0
scanId=172638,2.877166666667,1280.3716523341277,4103.0
scanId=172638,2.877166666667,1280.3922579139362,3394.0
scanId=172638,2.877166666667,1280.412863616112,2718.0
scanId=172638,2.877166666667,1280.4334695275231,2010.0
scanId=172638,2.877166666667,1280.4540755613095,1684.0
scanId=172638,2.877166666667,1280.4746818043227,1534.0
scanId=172638,2.877166666667,1280.4952881697195,1131.0
scanId=172638,2.877166666667,1281.2784537399705,1493.0
scanId=172638,2.877166666667,1281.2990666150313,2240.0
scanId=172638,2.877166666667,1281.3196796126385,2825.0
scanId=172638,2.877166666667,1281.340292819302,2897.0
scanId=172638,2.877166666667,1281.3609061485204,2583.0
scanId=172638,2.877166666667,1281.3815196867863,2174.0
scanId=172638,2.877166666667,1281.4021333476148,1608.0
scanId=172638,2.877166666667,1281.4227472174828,1097.0
scanId=172638,2.877166666667,1282.288678564283,1522.0
scanId=172638,2.877166666667,1282.309299520543,1742.0
scanId=172638,2.877166666667,1282.329920685662,1848.0
scanId=172638,2.877166666667,1282.3505419735327,1652.0
scanId=172638,2.877166666667,1282.3711634702538,1269.0
scanId=172638,2.877166666667,1283.319930562602,1053.0
scanId=172638,2.877166666667,1283.3405598091251,1053.0
scanId=172638,2.877166666667,1299.7517676078605,1208.0
scanId=172638,2.877166666667,1299.7725285037632,1589.0
scanId=172638,2.877166666667,1299.793289604791,1392.0
scanId=172638,2.877166666667,1299.8140508323042,1017.0
scanId=172638,2.877166666667,1300.7692474351347,1148.0
scanId=172638,2.877166666667,1313.7822289427547,1230.0
scanId=172638,2.877166666667,1313.8031015914053,1389.0
scanId=172638,2.877166666667,1313.8239744418288,1349.0
scanId=172638,2.877166666667,1314.7634234894385,1053.0
scanId=172638,2.877166666667,1314.7843039666632,1173.0
scanId=172638,2.877166666667,1314.8051845739665,1150.0
scanId=172638,2.877166666667,1314.8260653827915,1083.0
scanId=172638,2.877166666667,1315.7658725642266,1086.0
scanId=172638,2.877166666667,1315.8076495658079,1016.0
scanId=172638,2.877166666667,1319.3402019813643,1095.0
scanId=172638,2.877166666667,1319.361118734215,1438.0
scanId=172638,2.877166666667,1319.3820356874264,1508.0
scanId=172638,2.877166666667,1319.4029527718876,1559.0
scanId=172638,2.877166666667,1319.423870056698,1315.0
scanId=172638,2.877166666667,1319.4447874727698,1062.0
scanId=172638,2.877166666667,1320.32346939286,1108.0
scanId=172638,2.877166666667,1320.3443939728631,1222.0
scanId=172638,2.877166666667,1320.3653186843667,1120.0
scanId=172638,2.877166666667,1321.3699006435766,1059.0
scanId=172638,2.877166666667,1332.4034744854293,1230.0
scanId=172638,2.877166666667,1332.424494566011,1395.0
scanId=172638,2.877166666667,1332.4455147813462,1272.0
scanId=172638,2.877166666667,1333.3285141969563,1172.0
scanId=172638,2.877166666667,1333.349541572711,1308.0
scanId=172638,2.877166666667,1333.370569083478,1378.0
scanId=172638,2.877166666667,1333.3915967908313,1693.0
scanId=172638,2.877166666667,1333.412624633209,1958.0
scanId=172638,2.877166666667,1333.4336526721615,1713.0
scanId=172638,2.877166666667,1333.4546808461498,1365.0
scanId=172638,2.877166666667,1333.4757092167004,1053.0
scanId=172638,2.877166666667,1334.3800853227785,1541.0
scanId=172638,2.877166666667,1334.401120988501,1645.0
scanId=172638,2.877166666667,1334.422156789531,1601.0
scanId=172638,2.877166666667,1334.4431927868523,1871.0
scanId=172638,2.877166666667,1334.464228919493,1818.0
scanId=172638,2.877166666667,1334.4852652484135,1549.0
scanId=172638,2.877166666667,1334.5063017126647,1101.0
scanId=172638,2.877166666667,1335.389983570583,1035.0
scanId=172638,2.877166666667,1521.956421857544,1025.0
scanId=172638,2.877166666667,1521.9788873518978,1098.0
scanId=173636,2.8938,102.12527748278399,1108.0
scanId=173636,2.8938,129.09369315859675,1002.0
scanId=173636,2.8938,165.08457818992196,1185.0
scanId=173636,2.8938,165.0919771712177,1240.0
scanId=173636,2.8938,206.14787658812693,1224.0
scanId=173636,2.8938,206.156144720616,1271.0
scanId=173636,2.8938,244.08743532822794,1599.0
scanId=173636,2.8938,244.0964322204038,2018.0
scanId=173636,2.8938,244.105429232833,1893.0
scanId=173636,2.8938,244.11442645660586,1485.0
scanId=173636,2.8938,248.11649242936642,1570.0
scanId=173636,2.8938,248.1255632676533,2074.0
scanId=173636,2.8938,248.13463422923016,1882.0
scanId=173636,2.8938,248.14370539911383,1364.0
scanId=173636,2.8938,248.15277669230127,1000.0
scanId=173636,2.8938,262.09554256576735,1436.0
scanId=173636,2.8938,262.1048654175388,1614.0
scanId=173636,2.8938,262.1141884031169,1288.0
scanId=173636,2.8938,273.15471473243576,1988.0
scanId=173636,2.8938,273.16423223135126,2451.0
scanId=173636,2.8938,273.17374987230903,1926.0
scanId=173636,2.8938,273.18326770282096,1318.0
scanId=173636,2.8938,273.19278567538936,1027.0
scanId=173636,2.8938,277.12830134585647,1397.0
scanId=173636,2.8938,277.1378878168327,1439.0
scanId=173636,2.8938,277.14747443278026,1012.0
scanId=173636,2.8938,280.1755136990559,1007.0
scanId=173636,2.8938,290.11309575222555,1367.0
scanId=173636,2.8938,290.1229042156162,3240.0
scanId=173636,2.8938,290.132712856216,4163.0
scanId=173636,2.8938,290.1425216512173,3689.0
scanId=173636,2.8938,290.15233062341366,2536.0
scanId=173636,2.8938,290.16213975002535,1744.0
scanId=173636,2.8938,290.17194905381825,1120.0
scanId=173636,2.8938,291.12423902021993,1422.0
scanId=173636,2.8938,291.13406457224085,1616.0
scanId=173636,2.8938,291.14389027937904,1487.0
scanId=173636,2.8938,291.1537161629965,1115.0
scanId=173636,2.8938,292.1371412897361,1666.0
scanId=173636,2.8938,292.1469839090111,2279.0
scanId=173636,2.8938,292.1568267040502,2030.0
scanId=173636,2.8938,292.16666965493573,1344.0
scanId=173636,2.8938,294.1484697292405,2394.0
scanId=173636,2.8938,294.1583461727894,3897.0
scanId=173636,2.8938,294.1682227906732,3896.0
scanId=173636,2.8938,294.17809956583255,3363.0
scanId=173636,2.8938,294.18797651531276,2329.0
scanId=173636,2.8938,294.1978536220828,1542.0
scanId=173636,2.8938,294.20773090315953,1037.0
scanId=173636,2.8938,306.1698636141177,1173.0
scanId=173636,2.8938,306.1799398531626,1065.0
scanId=173636,2.8938,322.1937711206421,1175.0
scanId=173636,2.8938,322.20410766325244,1092.0
scanId=173636,2.8938,322.21444438221397,1033.0
scanId=173636,2.8938,368.4054846683426,1684.0
scanId=173636,2.8938,368.41653766604406,1796.0
scanId=173636,2.8938,368.4275907918437,1374.0
scanId=173636,2.8938,475.3244608034126,1104.0
scanId=173636,2.8938,475.3370156651945,1138.0
scanId=173636,2.8938,494.2662843147362,1160.0
scanId=173636,2.8938,494.27908688958235,4350.0
scanId=173636,2.8938,494.2918895514093,12094.0
scanId=173636,2.8938,494.30469245786617,18830.0
scanId=173636,2.8938,494.31749545130026,20522.0
scanId=173636,2.8938,494.3302986893676,17464.0
scanId=173636,2.8938,494.3431020144088,12649.0
scanId=173636,2.8938,494.35590558408654,8526.0
scanId=173636,2.8938,494.368709240735,5726.0
scanId=173636,2.8938,494.3815131420232,3841.0
scanId=173636,2.8938,494.3943171302785,2928.0
scanId=173636,2.8938,494.40712136317745,2291.0
scanId=173636,2.8938,494.4199256830399,1629.0
scanId=173636,2.8938,494.4327302475492,1215.0
scanId=173636,2.8938,494.7785150595488,3403.0
scanId=173636,2.8938,494.79132426660567,10011.0
scanId=173636,2.8938,494.80413356057454,16546.0
scanId=173636,2.8938,494.81694309924177,18347.0
scanId=173636,2.8938,494.829752724818,16800.0
scanId=173636,2.8938,494.8425625950957,12748.0
scanId=173636,2.8938,494.8553725522789,8644.0
scanId=173636,2.8938,494.8681827541673,5676.0
scanId=173636,2.8938,494.88099304295764,3688.0
scanId=173636,2.8938,494.89380357645643,2415.0
scanId=173636,2.8938,494.906614196854,1580.0
scanId=173636,2.8938,494.9194250619633,1105.0
scanId=173636,2.8938,495.2781954969131,1357.0
scanId=173636,2.8938,495.29101109141766,4305.0
scanId=173636,2.8938,495.3038269306849,6667.0
scanId=173636,2.8938,495.3166428567965,6869.0
scanId=173636,2.8938,495.32945902767443,5334.0
scanId=173636,2.8938,495.3422752853931,3519.0
scanId=173636,2.8938,495.3550917878814,2440.0
scanId=173636,2.8938,495.36790837720747,1745.0
scanId=173636,2.8938,495.3807252113063,1249.0
scanId=173636,2.8938,495.803772410357,1811.0
scanId=173636,2.8938,495.81659488183476,2240.0
scanId=173636,2.8938,495.82941744008986,2158.0
scanId=173636,2.8938,495.8422402431782,1618.0
scanId=173636,2.8938,495.85506313304046,1030.0
scanId=173636,2.8938,510.2948123818536,1005.0
scanId=173636,2.8938,510.3078208868375,1316.0
scanId=173636,2.8938,510.32082947700775,1265.0
scanId=173636,2.8938,510.3338383136023,1212.0
scanId=173636,2.8938,510.8282954336937,1089.0
scanId=173636,2.8938,510.84131065602855,1049.0
scanId=173636,2.8938,511.29694934668123,1473.0
scanId=173636,2.8938,511.30997053796455,1679.0
scanId=173636,2.8938,511.322991975759,1600.0
scanId=173636,2.8938,511.3360134986507,1273.0
scanId=173636,2.8938,511.3490352680557,1030.0
scanId=173636,2.8938,550.6064443088574,1013.0
scanId=173636,2.8938,550.6199568618437,1575.0
scanId=173636,2.8938,550.6334694985801,1477.0
scanId=173636,2.8938,550.6469823831769,1072.0
scanId=173636,2.8938,551.3363572221187,1058.0
scanId=173636,2.8938,604.3393457607261,2040.0
scanId=173636,2.8938,604.3535023013575,4327.0
scanId=173636,2.8938,604.3676589299223,6328.0
scanId=173636,2.8938,604.3818158021639,6813.0
scanId=173636,2.8938,604.3959727623434,6000.0
scanId=173636,2.8938,604.4101299661955,4596.0
scanId=173636,2.8938,604.4242872579892,3073.0
scanId=173636,2.8938,604.438444793452,1965.0
scanId=173636,2.8938,604.4526024168598,1300.0
scanId=173636,2.8938,605.3448694484081,1244.0
scanId=173636,2.8938,605.3590376834766,1750.0
scanId=173636,2.8938,605.3732061620868,2710.0
scanId=173636,2.8938,605.3873747287697,3520.0
scanId=173636,2.8938,605.4015435389904,3011.0
scanId=173636,2.8938,605.4157124372877,1884.0
scanId=173636,2.8938,605.4298815791188,1091.0
scanId=173636,2.8938,606.379589145756,1030.0
scanId=173636,2.8938,606.3937695623453,1025.0
scanId=173636,2.8938,606.4079500671482,1022.0
scanId=173636,2.8938,609.2900336409218,1132.0
scanId=173636,2.8938,609.3042479704104,3156.0
scanId=173636,2.8938,609.3184625428839,5821.0
scanId=173636,2.8938,609.3326772039871,6706.0
scanId=173636,2.8938,609.3468921080712,5902.0
scanId=173636,2.8938,609.3611071007888,4441.0
scanId=173636,2.8938,609.3753223364835,3109.0
scanId=173636,2.8938,609.3895376608159,2137.0
scanId=173636,2.8938,609.403753228121,1563.0
scanId=173636,2.8938,609.4179688840682,1218.0
scanId=173636,2.8938,610.313891943427,1536.0
scanId=173636,2.8938,610.3281182110438,2632.0
scanId=173636,2.8938,610.3423447214964,2830.0
scanId=173636,2.8938,610.356571320728,2219.0
scanId=173636,2.8938,610.3707981627911,1535.0
scanId=173636,2.8938,610.3850250936372,1142.0
scanId=173636,2.8938,623.2996533264701,1305.0
scanId=173636,2.8938,623.314030147332,1196.0
scanId=173636,2.8938,623.3284072089641,1060.0
scanId=173636,2.8938,625.2996268491087,1078.0
scanId=173636,2.8938,647.4521582773258,1132.0
scanId=173636,2.8938,647.4668110027767,1024.0
scanId=173636,2.8938,663.3885805791531,1338.0
scanId=173636,2.8938,663.4034126104293,3464.0
scanId=173636,2.8938,663.4182447407413,8050.0
scanId=173636,2.8938,663.4330771036281,12392.0
scanId=173636,2.8938,663.4479095655576,13235.0
scanId=173636,2.8938,663.462742260055,11882.0
scanId=173636,2.8938,663.4775750536019,9503.0
scanId=173636,2.8938,663.4924080797097,7200.0
scanId=173636,2.8938,663.5072412048743,4953.0
scanId=173636,2.8938,663.5220745625926,3307.0
scanId=173636,2.8938,663.5369080193746,2242.0
scanId=173636,2.8938,663.5517417087036,1463.0
scanId=173636,2.8938,664.4123774501221,2002.0
scanId=173636,2.8938,664.4272208554299,3998.0
scanId=173636,2.8938,664.4420644930748,5647.0
scanId=173636,2.8938,664.4569082300002,6099.0
scanId=173636,2.8938,664.4717521992554,5113.0
scanId=173636,2.8938,664.4865962677985,3527.0
scanId=173636,2.8938,664.5014405686643,2281.0
scanId=173636,2.8938,664.5162849688248,1474.0
scanId=173636,2.8938,665.4369636617787,1138.0
scanId=173636,2.8938,665.4518185741814,1739.0
scanId=173636,2.8938,665.4666735861043,1691.0
scanId=173636,2.8938,665.4815288301177,1331.0
scanId=173636,2.8938,665.4963841736583,1039.0
scanId=173636,2.8938,681.4716094397432,1009.0
scanId=173636,2.8938,681.4866421988937,1043.0
scanId=173636,2.8938,681.5016751861499,1085.0
scanId=173636,2.8938,685.4007935164914,1726.0
scanId=173636,2.8938,685.4158696131161,2131.0
scanId=173636,2.8938,685.4309458142773,2313.0
scanId=173636,2.8938,685.4460222425125,2183.0
scanId=173636,2.8938,685.4610987752919,1951.0
scanId=173636,2.8938,685.4761755351378,1537.0
scanId=173636,2.8938,685.4912523995358,1055.0
scanId=173636,2.8938,702.405150715929,1119.0
scanId=173636,2.8938,702.420412623633,1104.0
scanId=173636,2.8938,722.4630561431144,1093.0
scanId=173636,2.8938,722.4785344833093,2069.0
scanId=173636,2.8938,722.4940129385607,2836.0
scanId=173636,2.8938,722.5094916103661,2767.0
scanId=173636,2.8938,722.5249703972373,2202.0
scanId=173636,2.8938,722.5404494006534,1661.0
scanId=173636,2.8938,722.5559285191445,1163.0
scanId=173636,2.8938,723.4694915114103,1057.0
scanId=173636,2.8938,723.484980578498,1268.0
scanId=173636,2.8938,723.5004698618403,1385.0
scanId=173636,2.8938,723.5159592605478,1440.0
scanId=173636,2.8938,723.5314488755009,1243.0
scanId=173636,2.8938,736.4762445245176,3423.0
scanId=173636,2.8938,736.4918722088086,9894.0
scanId=173636,2.8938,736.5075001053515,20377.0
scanId=173636,2.8938,736.5231281212626,28704.0
scanId=173636,2.8938,736.5387563494161,30411.0
scanId=173636,2.8938,736.5543846969474,26892.0
scanId=173636,2.8938,736.5700132567116,20609.0
scanId=173636,2.8938,736.5856419358632,14751.0
scanId=173636,2.8938,736.6012708272378,10889.0
scanId=173636,2.8938,736.6168998380098,7849.0
scanId=173636,2.8938,736.6325290609949,5522.0
scanId=173636,2.8938,736.6481584033871,3740.0
scanId=173636,2.8938,736.6637879579829,2371.0
scanId=173636,2.8938,736.6794176319954,1550.0
scanId=173636,2.8938,736.6950475182018,1122.0
scanId=173636,2.8938,737.4767520736943,1867.0
scanId=173636,2.8938,737.4923903698352,5375.0
scanId=173636,2.8938,737.5080288779151,10625.0
scanId=173636,2.8938,737.5236675056763,15971.0
scanId=173636,2.8938,737.5393063453666,17887.0
scanId=173636,2.8938,737.554945304748,16062.0
scanId=173636,2.8938,737.5705844760491,12353.0
scanId=173636,2.8938,737.586223767051,8873.0
scanId=173636,2.8938,737.6018632699626,6458.0
scanId=173636,2.8938,737.6175028925846,4742.0
scanId=173636,2.8938,737.6331427271066,3389.0
scanId=173636,2.8938,737.6487826813493,2193.0
scanId=173636,2.8938,737.6644228474818,1348.0
scanId=173636,2.8938,738.4779387712679,1085.0
scanId=173636,2.8938,738.4935876792596,2062.0
scanId=173636,2.8938,738.5092367988764,2869.0
scanId=173636,2.8938,738.5248860384886,3751.0
scanId=173636,2.8938,738.5405354897159,4945.0
scanId=173636,2.8938,738.5561850609486,5297.0
scanId=173636,2.8938,738.5718348437864,4698.0
scanId=173636,2.8938,738.5874847466392,3913.0
scanId=173636,2.8938,738.6031348610877,3219.0
scanId=173636,2.8938,738.6187850955608,2336.0
scanId=173636,2.8938,738.6344355416197,1577.0
scanId=173636,2.8938,738.6500861077135,1044.0
scanId=173636,2.8938,748.4326321099624,1074.0
scanId=173636,2.8938,764.5083214386192,1823.0
scanId=173636,2.8938,764.5242438053109,4419.0
scanId=173636,2.8938,764.5401663003796,8507.0
scanId=173636,2.8938,764.556088998682,12152.0
scanId=173636,2.8938,764.5720118253716,12349.0
scanId=173636,2.8938,764.5879348552845,10379.0
scanId=173636,2.8938,764.6038580135952,7598.0
scanId=173636,2.8938,764.6197813751185,5346.0
scanId=173636,2.8938,764.6357048650505,3615.0
scanId=173636,2.8938,764.6516285581841,2358.0
scanId=173636,2.8938,764.667552379737,1439.0
scanId=173636,2.8938,765.5117532024824,1023.0
scanId=173636,2.8938,765.5276859778028,2263.0
scanId=173636,2.8938,765.5436189560313,3358.0
scanId=173636,2.8938,765.559552062973,4343.0
scanId=173636,2.8938,765.5754853728121,4677.0
scanId=173636,2.8938,765.5914188113745,3700.0
scanId=173636,2.8938,765.6073524528243,2708.0
scanId=173636,2.8938,765.6232862230079,1872.0
scanId=173636,2.8938,765.639220196068,1167.0
scanId=173636,2.8938,766.5317862789125,1146.0
scanId=173636,2.8938,766.5477296661063,1201.0
scanId=173636,2.8938,766.5636732558718,1334.0
scanId=173636,2.8938,766.5796169746869,1821.0
scanId=173636,2.8938,766.5955608960628,1772.0
scanId=173636,2.8938,766.6115049464988,1246.0
scanId=173636,2.8938,780.593932920914,1121.0
scanId=173636,2.8938,810.7077245436453,1416.0
scanId=173636,2.8938,810.7241209257202,2047.0
scanId=173636,2.8938,810.7405174954665,2188.0
scanId=173636,2.8938,810.7569142091629,1989.0
scanId=173636,2.8938,810.7733111105201,1779.0
scanId=173636,2.8938,810.7897081558382,1322.0
scanId=173636,2.8938,815.7163112626123,1225.0
scanId=173636,2.8938,815.7327582371591,1021.0
scanId=173636,2.8938,822.6881761111754,1336.0
scanId=173636,2.8938,822.704693203578,2394.0
scanId=173636,2.8938,822.7212104795566,4030.0
scanId=173636,2.8938,822.7377279035809,5395.0
scanId=173636,2.8938,822.7542455111701,5441.0
scanId=173636,2.8938,822.7707632668163,4362.0
scanId=173636,2.8938,822.7872812060159,3146.0
scanId=173636,2.8938,822.8037992932842,2098.0
scanId=173636,2.8938,822.8203175640944,1341.0
scanId=173636,2.8938,823.6960227097422,1043.0
scanId=173636,2.8938,823.7125499340368,1532.0
scanId=173636,2.8938,823.729077306716,2725.0
scanId=173636,2.8938,823.7456048626209,3482.0
scanId=173636,2.8938,823.7621325669221,3293.0
scanId=173636,2.8938,823.7786604544375,2820.0
scanId=173636,2.8938,823.7951884903604,2116.0
scanId=173636,2.8938,823.8117167094864,1436.0
scanId=173636,2.8938,823.828245077031,1007.0
scanId=173636,2.8938,825.49846516309,1382.0
scanId=173636,2.8938,825.5150104433483,2053.0
scanId=173636,2.8938,825.5315559062217,2338.0
scanId=173636,2.8938,825.5481015181019,2204.0
scanId=173636,2.8938,825.5646473125859,2039.0
scanId=173636,2.8938,825.5811932560879,1587.0
scanId=173636,2.8938,825.5977393821823,1118.0
scanId=173636,2.8938,825.9948959494646,1765.0
scanId=173636,2.8938,826.0114462040505,3473.0
scanId=173636,2.8938,826.0279966410818,4851.0
scanId=173636,2.8938,826.0445472272897,4575.0
scanId=173636,2.8938,826.0610979959315,3340.0
scanId=173636,2.8938,826.077648913761,2310.0
scanId=173636,2.8938,826.0942000140135,1513.0
scanId=173636,2.8938,826.1107512634649,1001.0
scanId=173636,2.8938,826.5080311920359,1481.0
scanId=173636,2.8938,826.5245866032252,1494.0
scanId=173636,2.8938,826.5411421637606,1307.0
scanId=173636,2.8938,826.5576979065603,1178.0
scanId=173636,2.8938,827.6507429899837,1084.0
scanId=173636,2.8938,827.6673098256617,1958.0
scanId=173636,2.8938,827.6838768432194,2549.0
scanId=173636,2.8938,827.7004440105196,3024.0
scanId=173636,2.8938,827.7170113596878,2970.0
scanId=173636,2.8938,827.7335788586098,2243.0
scanId=173636,2.8938,827.7501465393885,1659.0
scanId=173636,2.8938,827.7667143699323,1343.0
scanId=173636,2.8938,828.6782008433544,1038.0
scanId=173636,2.8938,828.69477795931,1146.0
scanId=173636,2.8938,828.7113552567941,1205.0
scanId=173636,2.8938,828.7279327043716,1150.0
scanId=173636,2.8938,829.6897088172449,1007.0
scanId=173636,2.8938,836.7542243312729,1381.0
scanId=173636,2.8938,836.7708820313429,1493.0
scanId=173636,2.8938,836.7875399101854,1074.0
scanId=173636,2.8938,837.7539802047451,1139.0
scanId=173636,2.8938,837.7706478534718,1255.0
scanId=173636,2.8938,837.78731568063,1118.0
scanId=173636,2.8938,843.6646899444647,1135.0
scanId=173636,2.8938,843.6814162902658,1299.0
scanId=173636,2.8938,843.6981428124874,1261.0
scanId=173636,2.8938,843.7148694899104,1053.0
scanId=173636,2.8938,843.7315963437425,1037.0
scanId=173636,2.8938,844.6685644912469,1046.0
scanId=173636,2.8938,844.6853007857046,1056.0
scanId=173636,2.8938,848.7235841230464,1101.0
scanId=173636,2.8938,848.7403605437531,2398.0
scanId=173636,2.8938,848.7571371391643,3389.0
scanId=173636,2.8938,848.7739138914932,3572.0
scanId=173636,2.8938,848.7906908185149,2916.0
scanId=173636,2.8938,848.8074679024655,1879.0
scanId=173636,2.8938,848.8242451610981,1335.0
scanId=173636,2.8938,848.8410225766704,1120.0
scanId=173636,2.8938,849.7304631126922,1318.0
scanId=173636,2.8938,849.747249482056,1699.0
scanId=173636,2.8938,849.764036025783,2055.0
scanId=173636,2.8938,849.7808227267684,1740.0
scanId=173636,2.8938,849.7976096021061,1187.0
scanId=173636,2.8938,850.7715318215782,1542.0
scanId=173636,2.8938,850.7883284712202,1378.0
scanId=173636,2.8938,850.8051252948736,1044.0
scanId=173636,2.8938,853.6798198086068,1386.0
scanId=173636,2.8938,853.6966451507658,1611.0
scanId=173636,2.8938,853.713470651512,1614.0
scanId=173636,2.8938,853.7302963252814,1478.0
scanId=173636,2.8938,853.7471221576496,1034.0
scanId=173636,2.8938,854.7064688923363,1229.0
scanId=173636,2.8938,854.7233043417392,1196.0
scanId=173636,2.8938,860.7610514538425,1075.0
scanId=173636,2.8938,860.7779464342121,1144.0
scanId=173636,2.8938,864.7697982191407,1080.0
scanId=173636,2.8938,868.567216922532,1634.0
scanId=173636,2.8938,868.5841883368959,2463.0
scanId=173636,2.8938,868.6011599192974,2493.0
scanId=173636,2.8938,868.6181316652834,2393.0
scanId=173636,2.8938,868.6351035792956,1970.0
scanId=173636,2.8938,868.6520756569031,1414.0
scanId=173636,2.8938,868.6690479025259,1010.0
scanId=173636,2.8938,869.5688141324662,1110.0
scanId=173636,2.8938,869.5857953315731,1065.0
scanId=173636,2.8938,872.730169718082,1453.0
scanId=173636,2.8938,872.7471817569683,1501.0
scanId=173636,2.8938,872.7641939608147,1555.0
scanId=173636,2.8938,872.7812063313112,1476.0
scanId=173636,2.8938,872.7982188667797,1032.0
scanId=173636,2.8938,874.738734829802,1300.0
scanId=173636,2.8938,874.7557664337091,2197.0
scanId=173636,2.8938,874.7727982032413,2275.0
scanId=173636,2.8938,874.7898301387589,1941.0
scanId=173636,2.8938,874.8068622399127,1553.0
scanId=173636,2.8938,874.8238945070411,1096.0
scanId=173636,2.8938,878.7457206189013,1193.0
scanId=173636,2.8938,878.7627911881796,1364.0
scanId=173636,2.8938,878.7798619221293,1413.0
scanId=173636,2.8938,878.7969328230292,1328.0
scanId=173636,2.8938,878.8140038885892,1002.0
scanId=173636,2.8938,879.719007665769,1013.0
scanId=173636,2.8938,898.7453560033994,1594.0
scanId=173636,2.8938,898.7626197346759,2084.0
scanId=173636,2.8938,898.7798836393724,1938.0
scanId=173636,2.8938,898.7971477022595,1490.0
scanId=173636,2.8938,899.7469267188266,1309.0
scanId=173636,2.8938,899.7642000668085,1399.0
scanId=173636,2.8938,899.7814735885289,1367.0
scanId=173636,2.8938,899.7987472681214,1182.0
scanId=173636,2.8938,900.7663381770826,1619.0
scanId=173636,2.8938,900.7836213158265,2188.0
scanId=173636,2.8938,900.8009046121242,2056.0
scanId=173636,2.8938,900.8181880824894,1556.0
scanId=173636,2.8938,901.7690340654863,1576.0
scanId=173636,2.8938,901.7863268212532,2080.0
scanId=173636,2.8938,901.8036197342561,1889.0
scanId=173636,2.8938,901.8209128216445,1402.0
scanId=173636,2.8938,901.8382060662582,1076.0
scanId=173636,2.8938,903.7241642204466,1379.0
scanId=173636,2.8938,903.7414757036391,1326.0
scanId=173636,2.8938,906.756199004837,1030.0
scanId=173636,2.8938,906.7908801790104,1093.0
scanId=173636,2.8938,906.808221019886,1248.0
scanId=173636,2.8938,906.8255620164158,1129.0
scanId=173636,2.8938,956.5648006430691,1316.0
scanId=173636,2.8938,956.5826110591474,1887.0
scanId=173636,2.8938,956.6004216161843,2218.0
scanId=173636,2.8938,956.6182323638834,2080.0
scanId=173636,2.8938,956.6360432525308,1590.0
scanId=173636,2.8938,956.6538543318499,1118.0
scanId=173636,2.8938,957.5802582930004,1176.0
scanId=173636,2.8938,957.5980781351323,1117.0
scanId=173636,2.8938,958.5784254998038,1054.0
scanId=173636,2.8938,961.5760469576954,1040.0
scanId=173636,2.8938,961.5939039402065,1476.0
scanId=173636,2.8938,961.6117611147379,1380.0
scanId=173636,2.8938,961.6296184288592,1007.0
scanId=173636,2.8938,962.5762940560779,1053.0
scanId=173636,2.8938,962.5941603236837,1156.0
scanId=173636,2.8938,962.6120267835792,1168.0
scanId=173636,2.8938,962.6298933827956,1042.0
scanId=173636,2.8938,987.5161983482183,4458.0
scanId=173636,2.8938,987.5342946205959,20022.0
scanId=173636,2.8938,987.5523910259078,56387.0
scanId=173636,2.8938,987.5704876299051,114221.0
scanId=173636,2.8938,987.5885843668275,173349.0
scanId=173636,2.8938,987.6066813024439,206309.0
scanId=173636,2.8938,987.6247783709769,203372.0
scanId=173636,2.8938,987.6428756382126,174082.0
scanId=173636,2.8938,987.6609730383562,132038.0
scanId=173636,2.8938,987.6790706372111,92819.0
scanId=173636,2.8938,987.6971683689651,63240.0
scanId=173636,2.8938,987.7152662994397,41405.0
scanId=173636,2.8938,987.7333643628042,26789.0
scanId=173636,2.8938,987.7514626248978,17650.0
scanId=173636,2.8938,987.7695610198731,11612.0
scanId=173636,2.8938,987.787659613586,8657.0
scanId=173636,2.8938,987.8057583401718,7140.0
scanId=173636,2.8938,987.8238572655041,5990.0
scanId=173636,2.8938,987.8419563237002,5307.0
scanId=173636,2.8938,987.860055580652,4412.0
scanId=173636,2.8938,987.8781549704586,3523.0
scanId=173636,2.8938,987.8962545590294,3054.0
scanId=173636,2.8938,987.9143542804468,2680.0
scanId=173636,2.8938,987.932454200637,2371.0
scanId=173636,2.8938,987.9505542536648,2538.0
scanId=173636,2.8938,987.9686545054745,2810.0
scanId=173636,2.8938,987.9867548901127,2749.0
scanId=173636,2.8938,988.0048554735417,2721.0
scanId=173636,2.8938,988.0229561897905,2597.0
scanId=173636,2.8938,988.0410571048387,2572.0
scanId=173636,2.8938,988.0591581526983,2911.0
scanId=173636,2.8938,988.0772593993656,3134.0
scanId=173636,2.8938,988.0953607788354,3163.0
scanId=173636,2.8938,988.1134623571223,3706.0
scanId=173636,2.8938,988.1315640682027,4061.0
scanId=173636,2.8938,988.1496659781088,3811.0
scanId=173636,2.8938,988.1677680207999,3268.0
scanId=173636,2.8938,988.1858702623252,2776.0
scanId=173636,2.8938,988.2039726366266,2726.0
scanId=173636,2.8938,988.2220752097716,2730.0
scanId=173636,2.8938,988.2401779156835,2560.0
scanId=173636,2.8938,988.2582808204478,2295.0
scanId=173636,2.8938,988.2763838579702,2079.0
scanId=173636,2.8938,988.2944870943535,2107.0
scanId=173636,2.8938,988.3125904634867,2120.0
scanId=173636,2.8938,988.3306940314892,1909.0
scanId=173636,2.8938,988.3487977322327,1738.0
scanId=173636,2.8938,988.3669016318548,1699.0
scanId=173636,2.8938,988.3850056642088,1896.0
scanId=173636,2.8938,988.4031098954501,2058.0
scanId=173636,2.8938,988.4212142594149,1911.0
scanId=173636,2.8938,988.4393188222754,1898.0
scanId=173636,2.8938,988.4574235178507,1951.0
scanId=173636,2.8938,988.4755284123305,2068.0
scanId=173636,2.8938,988.4936334395161,2301.0
scanId=173636,2.8938,988.5117386656154,3929.0
scanId=173636,2.8938,988.5298440244115,11571.0
scanId=173636,2.8938,988.54794958213,31700.0
scanId=173636,2.8938,988.5660552725368,67640.0
scanId=173636,2.8938,988.5841611618745,115327.0
scanId=173636,2.8938,988.6022671838916,151576.0
scanId=173636,2.8938,988.6203734048488,160139.0
scanId=173636,2.8938,988.6384797584766,144031.0
scanId=173636,2.8938,988.6565863110532,114526.0
scanId=173636,2.8938,988.6746929962914,84063.0
scanId=173636,2.8938,988.6927998804869,59093.0
scanId=173636,2.8938,988.7109068973358,41214.0
scanId=173636,2.8938,988.7290141131507,27924.0
scanId=173636,2.8938,988.74712146161,19079.0
scanId=173636,2.8938,988.7652290090443,13161.0
scanId=173636,2.8938,988.7833366891142,9396.0
scanId=173636,2.8938,988.8014445681677,7257.0
scanId=173636,2.8938,988.8195525798482,5871.0
scanId=173636,2.8938,988.8376607905209,5115.0
scanId=173636,2.8938,988.8557691338117,4696.0
scanId=173636,2.8938,988.8738776761039,4600.0
scanId=173636,2.8938,988.8919863510054,4428.0
scanId=173636,2.8938,988.9100952249169,3984.0
scanId=173636,2.8938,988.9282042314288,3667.0
scanId=173636,2.8938,988.9463134369594,3569.0
scanId=173636,2.8938,988.964422775082,3636.0
scanId=173636,2.8938,988.9825323122319,3794.0
scanId=173636,2.8938,989.0006419819649,3701.0
scanId=173636,2.8938,989.0187518507342,3462.0
scanId=173636,2.8938,989.0368618520778,3347.0
scanId=173636,2.8938,989.054972052466,3527.0
scanId=173636,2.8938,989.0730823854203,3399.0
scanId=173636,2.8938,989.0911929174281,2995.0
scanId=173636,2.8938,989.1093035819929,2826.0
scanId=173636,2.8938,989.1274144456198,2908.0
scanId=173636,2.8938,989.1455254417949,2978.0
scanId=173636,2.8938,989.1636366370413,2771.0
scanId=173636,2.8938,989.181747964827,2821.0
scanId=173636,2.8938,989.1998594916925,3166.0
scanId=173636,2.8938,989.2179711510888,3063.0
scanId=173636,2.8938,989.2360830095736,2571.0
scanId=173636,2.8938,989.2541950005802,2424.0
scanId=173636,2.8938,989.2723071906845,2712.0
scanId=173636,2.8938,989.2904195133017,3010.0
scanId=173636,2.8938,989.3085320350252,2942.0
scanId=173636,2.8938,989.3266446892529,2715.0
scanId=173636,2.8938,989.3447575425955,2741.0
scanId=173636,2.8938,989.3628705284341,3050.0
scanId=173636,2.8938,989.3809837133957,3317.0
scanId=173636,2.8938,989.3990970308446,3042.0
scanId=173636,2.8938,989.417210547426,2609.0
scanId=173636,2.8938,989.4353241964852,2351.0
scanId=173636,2.8938,989.4534380446855,2428.0
scanId=173636,2.8938,989.4715520253557,2816.0
scanId=173636,2.8938,989.4896662051752,2711.0
scanId=173636,2.8938,989.5077805174558,2645.0
scanId=173636,2.8938,989.5258950288948,4084.0
scanId=173636,2.8938,989.5440096727856,9241.0
scanId=173636,2.8938,989.562124515844,19293.0
scanId=173636,2.8938,989.5802394913454,33707.0
scanId=173636,2.8938,989.5983546660228,47828.0
scanId=173636,2.8938,989.616469973135,54676.0
scanId=173636,2.8938,989.6345854794316,54050.0
scanId=173636,2.8938,989.6527011181541,45889.0
scanId=173636,2.8938,989.6708169560702,34420.0
scanId=173636,2.8938,989.6889329264033,24134.0
scanId=173636,2.8938,989.7070490959385,16582.0
scanId=173636,2.8938,989.7251653978822,11722.0
scanId=173636,2.8938,989.7432818990367,8505.0
scanId=173636,2.8938,989.761398532591,6208.0
scanId=173636,2.8938,989.7795153653645,4914.0
scanId=173636,2.8938,989.7976323305292,4473.0
scanId=173636,2.8938,989.8157494949223,4024.0
scanId=173636,2.8938,989.8338667916975,3666.0
scanId=173636,2.8938,989.8519842877096,3577.0
scanId=173636,2.8938,989.8701019160955,3388.0
scanId=173636,2.8938,989.8882197437268,3234.0
scanId=173636,2.8938,989.906337703723,2972.0
scanId=173636,2.8938,989.924455862974,2753.0
scanId=173636,2.8938,989.9425741545807,2974.0
scanId=173636,2.8938,989.9606926454508,3411.0
scanId=173636,2.8938,989.978811268668,3413.0
scanId=173636,2.8938,989.9969300911572,2933.0
scanId=173636,2.8938,990.0150490459852,2596.0
scanId=173636,2.8938,990.0331682000935,2537.0
scanId=173636,2.8938,990.0512874865318,2767.0
scanId=173636,2.8938,990.0694069722597,2831.0
scanId=173636,2.8938,990.0875265903085,2608.0
scanId=173636,2.8938,990.1056464076553,2181.0
scanId=173636,2.8938,990.1237663573148,1983.0
scanId=173636,2.8938,990.1418865062809,1945.0
scanId=173636,2.8938,990.1600067875511,2209.0
scanId=173636,2.8938,990.1781272681364,2375.0
scanId=173636,2.8938,990.1962478810168,2377.0
scanId=173636,2.8938,990.2143686932216,2808.0
scanId=173636,2.8938,990.2324896377125,2990.0
scanId=173636,2.8938,990.2506107815364,2813.0
scanId=173636,2.8938,990.2687320576381,2574.0
scanId=173636,2.8938,990.2868535330812,2280.0
scanId=173636,2.8938,990.3049751407932,2016.0
scanId=173636,2.8938,990.3230969478556,1764.0
scanId=173636,2.8938,990.3412188871781,1744.0
scanId=173636,2.8938,990.3593410258596,1702.0
scanId=173636,2.8938,990.3774632967929,1697.0
scanId=173636,2.8938,990.3955857670936,1879.0
scanId=173636,2.8938,990.4137083696374,2211.0
scanId=173636,2.8938,990.4318311715574,2319.0
scanId=173636,2.8938,990.4499541057115,1964.0
scanId=173636,2.8938,990.4680772392509,1702.0
scanId=173636,2.8938,990.4862005050155,1518.0
scanId=173636,2.8938,990.5043239701739,1548.0
scanId=173636,2.8938,990.5224475675493,2093.0
scanId=173636,2.8938,990.540571364327,3508.0
scanId=173636,2.8938,990.5586952933127,5897.0
scanId=173636,2.8938,990.5768194217097,10643.0
scanId=173636,2.8938,990.5949436823059,15254.0
scanId=173636,2.8938,990.6130681423222,17144.0
scanId=173636,2.8938,990.6311927345289,16372.0
scanId=173636,2.8938,990.6493175261643,13741.0
scanId=173636,2.8938,990.6674424499818,10082.0
scanId=173636,2.8938,990.6855675732363,6807.0
scanId=173636,2.8938,990.7036928286641,4921.0
scanId=173636,2.8938,990.721818283538,3734.0
scanId=173636,2.8938,990.7399438705763,2851.0
scanId=173636,2.8938,990.7580696570693,2161.0
scanId=173636,2.8938,990.7761955757184,1693.0
scanId=173636,2.8938,990.7943216938305,1380.0
scanId=173636,2.8938,990.8124479440902,1372.0
scanId=173636,2.8938,990.8305743938215,1362.0
scanId=173636,2.8938,990.8487009756915,1240.0
scanId=173636,2.8938,990.8668277570423,1085.0
scanId=173636,2.8938,990.8849546705227,1100.0
scanId=173636,2.8938,990.9030817834924,1259.0
scanId=173636,2.8938,990.9212090285837,1167.0
scanId=173636,2.8938,990.9393364731727,1061.0
scanId=173636,2.8938,990.9574640498741,1291.0
scanId=173636,2.8938,990.9755918260826,1470.0
scanId=173636,2.8938,990.9937197343946,1476.0
scanId=173636,2.8938,991.0118478422223,1631.0
scanId=173636,2.8938,991.0299760821449,1804.0
scanId=173636,2.8938,991.0481045215915,1978.0
scanId=173636,2.8938,991.0662330931249,1989.0
scanId=173636,2.8938,991.0843618641907,1766.0
scanId=173636,2.8938,991.1024907673343,1387.0
scanId=173636,2.8938,991.1206198700195,1154.0
scanId=173636,2.8938,991.1387491047736,1130.0
scanId=173636,2.8938,991.1568785390779,1243.0
scanId=173636,2.8938,991.1750081054428,1404.0
scanId=173636,2.8938,991.1931378713663,1479.0
scanId=173636,2.8938,991.2112677693414,1511.0
scanId=173636,2.8938,991.2293978668844,1547.0
scanId=173636,2.8938,991.2475280964701,1696.0
scanId=173636,2.8938,991.265658525632,1689.0
scanId=173636,2.8938,991.2837890868283,1482.0
scanId=173636,2.8938,991.3019198476094,1269.0
scanId=173636,2.8938,991.3200507404164,1343.0
scanId=173636,2.8938,991.3381818328166,1383.0
scanId=173636,2.8938,991.3563130572339,1422.0
scanId=173636,2.8938,991.3744444812535,1385.0
scanId=173636,2.8938,991.3925760372813,1528.0
scanId=173636,2.8938,991.41070779292,1767.0
scanId=173636,2.8938,991.4288396805586,1648.0
scanId=173636,2.8938,991.4469717678164,1304.0
scanId=173636,2.8938,991.4651039870655,1060.0
scanId=173636,2.8938,991.4832364059425,1149.0
scanId=173636,2.8938,991.5013689568019,1144.0
scanId=173636,2.8938,991.5739008859643,1448.0
scanId=173636,2.8938,991.592034299699,2160.0
scanId=173636,2.8938,991.6101678453899,2831.0
scanId=173636,2.8938,991.6283015907438,3035.0
scanId=173636,2.8938,991.6464354680454,2695.0
scanId=173636,2.8938,991.6645695450186,2415.0
scanId=173636,2.8938,991.6827037539306,2037.0
scanId=173636,2.8938,991.7008381625227,1587.0
scanId=173636,2.8938,991.7189727030456,1251.0
scanId=173636,2.8938,991.7371074432568,1109.0
scanId=173636,2.8938,991.75524231539,1026.0
scanId=173636,2.8938,991.8821911984901,1003.0
scanId=173636,2.8938,991.9003273970653,1111.0
scanId=173636,2.8938,991.9184637953728,1014.0
scanId=173636,2.8938,1009.5522439312708,1907.0
scanId=173636,2.8938,1009.5705409609523,2690.0
scanId=173636,2.8938,1009.5888381944,3120.0
scanId=173636,2.8938,1009.6071355556919,3000.0
scanId=173636,2.8938,1009.625433120758,2538.0
scanId=173636,2.8938,1009.6437308136602,2075.0
scanId=173636,2.8938,1009.6620287103452,1517.0
scanId=173636,2.8938,1009.680326734858,1008.0
scanId=173636,2.8938,1010.5588278123066,1264.0
scanId=173636,2.8938,1010.5771339994535,2572.0
scanId=173636,2.8938,1010.5954403142296,3041.0
scanId=173636,2.8938,1010.6137468329948,2816.0
scanId=173636,2.8938,1010.6320534793815,2087.0
scanId=173636,2.8938,1010.6503603297652,1487.0
scanId=173636,2.8938,1010.6686673077625,1093.0
scanId=173636,2.8938,1011.5659132984437,1056.0
scanId=173636,2.8938,1011.5842285667042,1216.0
scanId=173636,2.8938,1011.6025440391674,1191.0
scanId=173636,2.8938,1011.6208596390381,1122.0
scanId=173636,2.8938,1019.5487146944861,1775.0
scanId=173636,2.8938,1019.567102128113,4578.0
scanId=173636,2.8938,1019.5854896874683,7219.0
scanId=173636,2.8938,1019.6038774527134,8032.0
scanId=173636,2.8938,1019.6222653436791,7356.0
scanId=173636,2.8938,1019.6406534405421,6214.0
scanId=173636,2.8938,1019.6590416631187,5394.0
scanId=173636,2.8938,1019.6774300915997,4620.0
scanId=173636,2.8938,1019.6958186457866,3414.0
scanId=173636,2.8938,1019.7142074058859,2271.0
scanId=173636,2.8938,1019.7325962916833,1360.0
scanId=173636,2.8938,1020.5418722982486,1127.0
scanId=173636,2.8938,1020.5602686855634,2600.0
scanId=173636,2.8938,1020.5786651984032,4382.0
scanId=173636,2.8938,1020.5970619173361,5727.0
scanId=173636,2.8938,1020.6154587617862,6299.0
scanId=173636,2.8938,1020.6338558123374,5866.0
scanId=173636,2.8938,1020.652252988398,4945.0
scanId=173636,2.8938,1020.6706503705672,3815.0
scanId=173636,2.8938,1020.6890478782383,2603.0
scanId=173636,2.8938,1020.7074455920255,1815.0
scanId=173636,2.8938,1020.7258434313073,1616.0
scanId=173636,2.8938,1020.7442414767124,1282.0
scanId=173636,2.8938,1021.572324202977,1391.0
scanId=173636,2.8938,1021.5907298755972,1618.0
scanId=173636,2.8938,1021.6091356735316,1781.0
scanId=173636,2.8938,1021.6275416777694,1707.0
scanId=173636,2.8938,1021.6459478073145,1490.0
scanId=173636,2.8938,1021.6643541431705,1182.0
scanId=173636,2.8938,1041.5284533747122,1062.0
scanId=173636,2.8938,1041.547037910721,1945.0
scanId=173636,2.8938,1041.5656226568358,3128.0
scanId=173636,2.8938,1041.5842075244557,4166.0
scanId=173636,2.8938,1041.6027926021875,5343.0
scanId=173636,2.8938,1041.6213778014173,5941.0
scanId=173636,2.8938,1041.6399632107666,5162.0
scanId=173636,2.8938,1041.6585487416069,3725.0
scanId=173636,2.8938,1041.6771344825736,2441.0
scanId=173636,2.8938,1041.6957203450245,1661.0
scanId=173636,2.8938,1041.714306417608,1110.0
scanId=173636,2.8938,1042.5508502744526,1329.0
scanId=173636,2.8938,1042.5694439742297,2528.0
scanId=173636,2.8938,1042.588037795333,3179.0
scanId=173636,2.8938,1042.6066318267276,3634.0
scanId=173636,2.8938,1042.625225979442,4011.0
scanId=173636,2.8938,1042.6438203424527,4023.0
scanId=173636,2.8938,1042.6624148267774,3225.0
scanId=173636,2.8938,1042.6810095214057,2313.0
scanId=173636,2.8938,1042.6996043373408,1648.0
scanId=173636,2.8938,1042.7181993635866,1022.0
scanId=173636,2.8938,1043.6295576503976,1290.0
scanId=173636,2.8938,1043.6481609670695,1677.0
scanId=173636,2.8938,1043.6667644048784,1676.0
scanId=173636,2.8938,1043.6853680531672,1487.0
scanId=173636,2.8938,1043.7039718225865,1073.0
scanId=173636,2.8938,1045.639671470968,1959.0
scanId=173636,2.8938,1045.6582926949575,2697.0
scanId=173636,2.8938,1045.6769140397348,2686.0
scanId=173636,2.8938,1045.6955355953417,2177.0
scanId=173636,2.8938,1045.7141572717296,1526.0
scanId=173636,2.8938,1045.7327791589528,1178.0
scanId=173636,2.8938,1046.5709346583806,1139.0
scanId=173636,2.8938,1046.5895641727932,2996.0
scanId=173636,2.8938,1046.6081938078337,6644.0
scanId=173636,2.8938,1046.6268236538635,11761.0
scanId=173636,2.8938,1046.6454536205147,15410.0
scanId=173636,2.8938,1046.664083798161,16742.0
scanId=173636,2.8938,1046.6827140964226,15848.0
scanId=173636,2.8938,1046.701344605686,12838.0
scanId=173636,2.8938,1046.7199752355586,9330.0
scanId=173636,2.8938,1046.7386060764386,6409.0
scanId=173636,2.8938,1046.7572370379214,4451.0
scanId=173636,2.8938,1046.7758682104184,2979.0
scanId=173636,2.8938,1046.7944995035116,1862.0
scanId=173636,2.8938,1046.8131310076258,1235.0
scanId=173636,2.8938,1047.5771644864424,1395.0
scanId=173636,2.8938,1047.5958029545106,2605.0
scanId=173636,2.8938,1047.6144415430356,4899.0
scanId=173636,2.8938,1047.6330803427206,7954.0
scanId=173636,2.8938,1047.6517192628564,11256.0
scanId=173636,2.8938,1047.6703583941585,12607.0
scanId=173636,2.8938,1047.6889976459045,11766.0
scanId=173636,2.8938,1047.7076371088233,9553.0
scanId=173636,2.8938,1047.7262766921797,7045.0
scanId=173636,2.8938,1047.7449164867153,4813.0
scanId=173636,2.8938,1047.7635564016828,3163.0
scanId=173636,2.8938,1047.7821965278354,2157.0
scanId=173636,2.8938,1047.8008367744128,1638.0
scanId=173636,2.8938,1047.8194772321822,1166.0
scanId=173636,2.8938,1048.60252522899,1558.0
scanId=173636,2.8938,1048.6211727709992,2778.0
scanId=173636,2.8938,1048.6398205243388,4361.0
scanId=173636,2.8938,1048.6584683979584,4933.0
scanId=173636,2.8938,1048.6771164829154,4356.0
scanId=173636,2.8938,1048.6957646881456,3555.0
scanId=173636,2.8938,1048.7144131047187,2732.0
scanId=173636,2.8938,1048.7330616415593,1984.0
scanId=173636,2.8938,1048.7517103897492,1381.0
scanId=173636,2.8938,1049.665701025787,1157.0
scanId=173636,2.8938,1049.6843580643967,1272.0
scanId=173636,2.8938,1060.6271323710414,3075.0
scanId=173636,2.8938,1060.6458865732836,7480.0
scanId=173636,2.8938,1060.6646408938825,12962.0
scanId=173636,2.8938,1060.6833954277413,17532.0
scanId=173636,2.8938,1060.702150079951,20379.0
scanId=173636,2.8938,1060.7209049454254,19251.0
scanId=173636,2.8938,1060.7396599292456,15664.0
scanId=173636,2.8938,1060.7584151263363,11447.0
scanId=173636,2.8938,1060.7771704417669,7733.0
scanId=173636,2.8938,1060.7959259704744,4889.0
scanId=173636,2.8938,1060.8146816175156,3080.0
scanId=173636,2.8938,1060.8334374778387,2011.0
scanId=173636,2.8938,1060.8521934564903,1341.0
scanId=173636,2.8938,1061.6025695136043,1141.0
scanId=173636,2.8938,1061.6213323378681,2299.0
scanId=173636,2.8938,1061.6400952803408,3967.0
scanId=173636,2.8938,1061.6588584362205,7623.0
scanId=173636,2.8938,1061.6776217103036,12319.0
scanId=173636,2.8938,1061.6963851977994,14963.0
scanId=173636,2.8938,1061.715148803493,15036.0
scanId=173636,2.8938,1061.7339126226057,13052.0
scanId=173636,2.8938,1061.75267655991,10013.0
scanId=173636,2.8938,1061.771440710638,6978.0
scanId=173636,2.8938,1061.7902049795528,4890.0
scanId=173636,2.8938,1061.8089694618968,3480.0
scanId=173636,2.8938,1061.8277340624227,2428.0
scanId=173636,2.8938,1061.846498876383,1490.0
scanId=173636,2.8938,1062.6347697859505,1462.0
scanId=173636,2.8938,1062.653541681908,2835.0
scanId=173636,2.8938,1062.6723137914237,4978.0
scanId=173636,2.8938,1062.6910860189912,6976.0
scanId=173636,2.8938,1062.7098584601229,7164.0
scanId=173636,2.8938,1062.728631019301,6191.0
scanId=173636,2.8938,1062.7474037920485,4813.0
scanId=173636,2.8938,1062.7661766828376,3416.0
scanId=173636,2.8938,1062.7849497872016,2554.0
scanId=173636,2.8938,1062.8037230096006,1964.0
scanId=173636,2.8938,1062.8224964455808,1217.0
scanId=173636,2.8938,1063.6299099947303,1073.0
scanId=173636,2.8938,1063.6486907262645,1486.0
scanId=173636,2.8938,1063.6674715757058,2403.0
scanId=173636,2.8938,1063.6862526388559,3017.0
scanId=173636,2.8938,1063.705033819908,2834.0
scanId=173636,2.8938,1063.7238152146747,2439.0
scanId=173636,2.8938,1063.7425967273368,1849.0
scanId=173636,2.8938,1063.7613784537193,1401.0
scanId=173636,2.8938,1063.7801602979923,1067.0
scanId=173636,2.8938,1074.663824720379,1059.0
scanId=173636,2.8938,1074.682702615342,1021.0
scanId=173636,2.8938,1078.7263812256251,1057.0
scanId=173636,2.8938,1080.675344601376,1013.0
scanId=173636,2.8938,1086.6656653431892,1004.0
scanId=173636,2.8938,1086.6846483601714,1125.0
scanId=173636,2.8938,1086.7036314920347,1113.0
scanId=173636,2.8938,1088.6977857491145,1441.0
scanId=173636,2.8938,1088.7167864563357,1604.0
scanId=173636,2.8938,1088.735787380518,1517.0
scanId=173636,2.8938,1088.7547884193498,1301.0
scanId=173636,2.8938,1088.7737896751469,1073.0
scanId=173636,2.8938,1100.6628895536508,1245.0
scanId=173636,2.8938,1100.6819943865776,1442.0
scanId=173636,2.8938,1100.701099437696,1150.0
scanId=173636,2.8938,1104.6976882365377,1199.0
scanId=173636,2.8938,1104.716828107126,1102.0
scanId=173636,2.8938,1117.6547998363446,1242.0
scanId=173636,2.8938,1117.6740515727358,1644.0
scanId=173636,2.8938,1117.6933035286925,2143.0
scanId=173636,2.8938,1117.7125555966938,1934.0
scanId=173636,2.8938,1117.7318078842636,1397.0
scanId=173636,2.8938,1117.7510602838754,1077.0
scanId=173636,2.8938,1118.6561113850703,1320.0
scanId=173636,2.8938,1118.6753717433348,1474.0
scanId=173636,2.8938,1118.6946323212326,1573.0
scanId=173636,2.8938,1118.7138930111075,1495.0
scanId=173636,2.8938,1118.7331539206182,1354.0
scanId=173636,2.8938,1118.7524149421042,1189.0
scanId=173636,2.8938,1118.771676183228,1014.0
scanId=173636,2.8938,1119.6964094529335,1042.0
scanId=173636,2.8938,1276.2744457811218,1798.0
scanId=173636,2.8938,1276.2950183222447,3526.0
scanId=173636,2.8938,1276.3155910733994,6295.0
scanId=173636,2.8938,1276.3361639461334,8960.0
scanId=173636,2.8938,1276.3567370288908,9881.0
scanId=173636,2.8938,1276.3773102332348,8830.0
scanId=173636,2.8938,1276.3978836475949,7149.0
scanId=173636,2.8938,1276.4184571835494,5214.0
scanId=173636,2.8938,1276.4390309295122,3562.0
scanId=173636,2.8938,1276.4596047970779,2448.0
scanId=173636,2.8938,1276.4801788746431,1584.0
scanId=173636,2.8938,1276.5007530738187,1015.0
scanId=173636,2.8938,1277.241535464619,1142.0
scanId=173636,2.8938,1277.2621158426355,1947.0
scanId=173636,2.8938,1277.2826963424109,3628.0
scanId=173636,2.8938,1277.30327705203,7510.0
scanId=173636,2.8938,1277.323857883416,10842.0
scanId=173636,2.8938,1277.3444389246374,12151.0
scanId=173636,2.8938,1277.3650200876345,11332.0
scanId=173636,2.8938,1277.3856014604587,9013.0
scanId=173636,2.8938,1277.406182955066,6501.0
scanId=173636,2.8938,1277.4267646594924,4540.0
scanId=173636,2.8938,1277.44734648571,2999.0
scanId=173636,2.8938,1277.4679285217396,2065.0
scanId=173636,2.8938,1277.4885106795682,1418.0
scanId=173636,2.8938,1278.2501679149323,1443.0
scanId=173636,2.8938,1278.2707563733609,3222.0
scanId=173636,2.8938,1278.2913450414421,6648.0
scanId=173636,2.8938,1278.311933831481,11278.0
scanId=173636,2.8938,1278.3325228311646,14727.0
scanId=173636,2.8938,1278.353111952814,15248.0
scanId=173636,2.8938,1278.3737012841007,13361.0
scanId=173636,2.8938,1278.394290737361,10307.0
scanId=173636,2.8938,1278.4148804002498,7189.0
scanId=173636,2.8938,1278.4354701851203,4688.0
scanId=173636,2.8938,1278.4560601796118,2998.0
scanId=173636,2.8938,1278.4766502960927,1993.0
scanId=173636,2.8938,1278.4972406221873,1418.0
scanId=173636,2.8938,1278.5178310702786,1114.0
scanId=173636,2.8938,1279.2591984150542,2042.0
scanId=173636,2.8938,1279.2797950415963,3892.0
scanId=173636,2.8938,1279.3003917902884,6484.0
scanId=173636,2.8938,1279.320988748433,8533.0
scanId=173636,2.8938,1279.3415858287349,9193.0
scanId=173636,2.8938,1279.3621831184819,8645.0
scanId=173636,2.8938,1279.3827805303945,7094.0
scanId=173636,2.8938,1279.403378151744,5109.0
scanId=173636,2.8938,1279.4239758952674,3365.0
scanId=173636,2.8938,1279.4445738482195,2293.0
scanId=173636,2.8938,1279.4651719233532,1603.0
scanId=173636,2.8938,1279.4857702079078,1120.0
scanId=173636,2.8938,1280.2686270524537,1420.0
scanId=173636,2.8938,1280.2892317597978,2664.0
scanId=173636,2.8938,1280.3098366764011,4273.0
scanId=173636,2.8938,1280.3304417153563,6117.0
scanId=173636,2.8938,1280.3510469635623,6788.0
scanId=173636,2.8938,1280.3716523341277,5970.0
scanId=173636,2.8938,1280.3922579139362,4672.0
scanId=173636,2.8938,1280.412863616112,3217.0
scanId=173636,2.8938,1280.4334695275231,2169.0
scanId=173636,2.8938,1280.4540755613095,1340.0
scanId=173636,2.8938,1281.2578410739736,1142.0
scanId=173636,2.8938,1281.2784537399705,1678.0
scanId=173636,2.8938,1281.2990666150313,2369.0
scanId=173636,2.8938,1281.3196796126385,3049.0
scanId=173636,2.8938,1281.340292819302,3488.0
scanId=173636,2.8938,1281.3609061485204,3536.0
scanId=173636,2.8938,1281.3815196867863,2938.0
scanId=173636,2.8938,1281.4021333476148,2068.0
scanId=173636,2.8938,1281.4227472174828,1343.0
scanId=173636,2.8938,1281.4433612099217,1017.0
scanId=173636,2.8938,1282.268057730766,1389.0
scanId=173636,2.8938,1282.288678564283,1673.0
scanId=173636,2.8938,1282.309299520543,2000.0
scanId=173636,2.8938,1282.329920685662,2260.0
scanId=173636,2.8938,1282.3505419735327,2192.0
scanId=173636,2.8938,1282.3711634702538,2038.0
scanId=173636,2.8938,1282.3917850897355,1654.0
scanId=173636,2.8938,1282.412406918059,1316.0
scanId=173636,2.8938,1282.4330288691506,1093.0
scanId=173636,2.8938,1283.2786725241158,1454.0
scanId=173636,2.8938,1283.2993014390288,1897.0
scanId=173636,2.8938,1283.319930562602,2118.0
scanId=173636,2.8938,1283.3405598091251,2080.0
scanId=173636,2.8938,1283.3611892643005,1685.0
scanId=173636,2.8938,1283.381818842434,1209.0
scanId=173636,2.8938,1286.8292878761933,1182.0
scanId=173636,2.8938,1286.8499453096113,1006.0
scanId=173636,2.8938,1313.7613564239314,1075.0
scanId=173636,2.8938,1313.7822289427547,2067.0
scanId=173636,2.8938,1313.8031015914053,2284.0
scanId=173636,2.8938,1313.8239744418288,1902.0
scanId=173636,2.8938,1313.8448474220904,1274.0
scanId=173636,2.8938,1314.8051845739665,1081.0
scanId=173636,2.8938,1314.8260653827915,1114.0
scanId=173636,2.8938,1318.3154833357473,1206.0
scanId=173636,2.8938,1318.3363919989647,1438.0
scanId=173636,2.8938,1318.357300793163,1276.0
scanId=173636,2.8938,1318.3782097879796,1042.0
scanId=173636,2.8938,1319.3192853597534,1756.0
scanId=173636,2.8938,1319.3402019813643,2787.0
scanId=173636,2.8938,1319.361118734215,3060.0
scanId=173636,2.8938,1319.3820356874264,2667.0
scanId=173636,2.8938,1319.4029527718876,2158.0
scanId=173636,2.8938,1319.423870056698,1725.0
scanId=173636,2.8938,1319.4447874727698,1199.0
scanId=173636,2.8938,1320.32346939286,1018.0
scanId=173636,2.8938,1320.3443939728631,1533.0
scanId=173636,2.8938,1320.3653186843667,1789.0
scanId=173636,2.8938,1320.3862435959695,1662.0
scanId=173636,2.8938,1320.4071686390835,1298.0
scanId=173636,2.8938,1321.3071030964804,1035.0
scanId=173636,2.8938,1321.328035435026,1373.0
scanId=173636,2.8938,1321.3489679734203,1445.0
scanId=173636,2.8938,1321.3699006435766,1335.0
scanId=173636,2.8938,1321.39083351357,1158.0
scanId=173636,2.8938,1322.3539239829959,1005.0
scanId=173636,2.8938,1323.3383135463807,1011.0
scanId=173636,2.8938,1332.3614348527215,1310.0
scanId=173636,2.8938,1332.3824546017045,2173.0
scanId=173636,2.8938,1332.4034744854293,2608.0
scanId=173636,2.8938,1332.424494566011,2442.0
scanId=173636,2.8938,1332.4455147813462,1846.0
scanId=173636,2.8938,1332.4665351935262,1289.0
scanId=173636,2.8938,1333.370569083478,1725.0
scanId=173636,2.8938,1333.3915967908313,2330.0
scanId=173636,2.8938,1333.412624633209,2381.0
scanId=173636,2.8938,1333.4336526721615,2104.0
scanId=173636,2.8938,1333.4546808461498,1641.0
scanId=173636,2.8938,1333.4757092167004,1147.0
scanId=173636,2.8938,1334.3590498533588,1652.0
scanId=173636,2.8938,1334.3800853227785,2564.0
scanId=173636,2.8938,1334.401120988501,3132.0
scanId=173636,2.8938,1334.422156789531,2983.0
scanId=173636,2.8938,1334.4431927868523,2308.0
scanId=173636,2.8938,1334.464228919493,1651.0
scanId=173636,2.8938,1334.4852652484135,1070.0
scanId=173636,2.8938,1335.3478968500192,1018.0
scanId=173636,2.8938,1335.3689401425104,1668.0
scanId=173636,2.8938,1335.389983570583,2361.0
scanId=173636,2.8938,1335.4110271946734,2357.0
scanId=173636,2.8938,1335.4320709543563,2059.0
scanId=173636,2.8938,1335.4531149100446,1557.0
scanId=173636,2.8938,1335.4741590013382,1009.0
scanId=173636,2.8938,1336.3581611892696,1496.0
scanId=173636,2.8938,1336.3792124401268,1700.0
scanId=173636,2.8938,1336.4002638268519,1569.0
scanId=173636,2.8938,1336.4213154093077,1283.0
scanId=173636,2.8938,1336.4423671276431,1145.0
scanId=173636,2.8938,1521.9788873518978,1332.0
scanId=173636,2.8938,1522.001353057524,1238.0
scanId=174635,2.91045,102.12527748278399,1385.0
scanId=174635,2.91045,102.13109700313582,1391.0
scanId=174635,2.91045,169.08171930622856,1220.0
scanId=174635,2.91045,169.08920742142695,1119.0
scanId=174635,2.91045,203.09182713965538,1019.0
scanId=174635,2.91045,203.10003383392424,1050.0
scanId=174635,2.91045,206.1396085480254,1029.0
scanId=174635,2.91045,206.14787658812693,1102.0
scanId=174635,2.91045,248.11649242936642,1346.0
scanId=174635,2.91045,248.1255632676533,1636.0
scanId=174635,2.91045,248.13463422923016,1392.0
scanId=174635,2.91045,248.14370539911383,1016.0
scanId=174635,2.91045,273.16423223135126,1072.0
scanId=174635,2.91045,290.11309575222555,1083.0
scanId=174635,2.91045,290.1229042156162,3066.0
scanId=174635,2.91045,290.132712856216,4358.0
scanId=174635,2.91045,290.1425216512173,3950.0
scanId=174635,2.91045,290.15233062341366,2841.0
scanId=174635,2.91045,290.16213975002535,2059.0
scanId=174635,2.91045,290.17194905381825,1437.0
scanId=174635,2.91045,291.1930213341287,1042.0
scanId=174635,2.91045,292.1469839090111,1507.0
scanId=174635,2.91045,292.1568267040502,2074.0
scanId=174635,2.91045,292.16666965493573,1822.0
scanId=174635,2.91045,292.1765127815714,1276.0
scanId=174635,2.91045,294.1484697292405,2019.0
scanId=174635,2.91045,294.1583461727894,3141.0
scanId=174635,2.91045,294.1682227906732,3516.0
scanId=174635,2.91045,294.17809956583255,3028.0
scanId=174635,2.91045,294.18797651531276,2172.0
scanId=174635,2.91045,294.1978536220828,1500.0
scanId=174635,2.91045,294.20773090315953,1065.0
scanId=174635,2.91045,295.1567214513058,1025.0
scanId=174635,2.91045,331.1968418989914,1016.0
scanId=174635,2.91045,331.20732187370083,1239.0
scanId=174635,2.91045,331.21780199791993,1161.0
scanId=174635,2.91045,368.4054846683426,1404.0
scanId=174635,2.91045,368.41653766604406,2200.0
scanId=174635,2.91045,368.4275907918437,2052.0
scanId=174635,2.91045,368.43864412115585,1314.0
scanId=174635,2.91045,494.2662843147362,1191.0
scanId=174635,2.91045,494.27908688958235,6115.0
scanId=174635,2.91045,494.2918895514093,13485.0
scanId=174635,2.91045,494.30469245786617,19900.0
scanId=174635,2.91045,494.31749545130026,20704.0
scanId=174635,2.91045,494.3302986893676,17365.0
scanId=174635,2.91045,494.3431020144088,12374.0
scanId=174635,2.91045,494.35590558408654,8302.0
scanId=174635,2.91045,494.368709240735,5380.0
scanId=174635,2.91045,494.3815131420232,3443.0
scanId=174635,2.91045,494.3943171302785,2340.0
scanId=174635,2.91045,494.40712136317745,1428.0
scanId=174635,2.91045,494.7657060971869,1021.0
scanId=174635,2.91045,494.7785150595488,3363.0
scanId=174635,2.91045,494.79132426660567,8075.0
scanId=174635,2.91045,494.80413356057454,12202.0
scanId=174635,2.91045,494.81694309924177,13081.0
scanId=174635,2.91045,494.829752724818,10570.0
scanId=174635,2.91045,494.8425625950957,7445.0
scanId=174635,2.91045,494.8553725522789,5114.0
scanId=174635,2.91045,494.8681827541673,3422.0
scanId=174635,2.91045,494.88099304295764,2162.0
scanId=174635,2.91045,494.89380357645643,1369.0
scanId=174635,2.91045,494.906614196854,1010.0
scanId=174635,2.91045,495.2781954969131,1680.0
scanId=174635,2.91045,495.29101109141766,3425.0
scanId=174635,2.91045,495.3038269306849,4667.0
scanId=174635,2.91045,495.3166428567965,4942.0
scanId=174635,2.91045,495.32945902767443,4286.0
scanId=174635,2.91045,495.3422752853931,3241.0
scanId=174635,2.91045,495.3550917878814,2099.0
scanId=174635,2.91045,495.36790837720747,1239.0
scanId=174635,2.91045,510.3078208868375,1214.0
scanId=174635,2.91045,510.32082947700775,1224.0
scanId=174635,2.91045,510.3338383136023,1212.0
scanId=174635,2.91045,521.2934967663152,1149.0
scanId=174635,2.91045,521.30664463209,1661.0
scanId=174635,2.91045,521.3197927451062,1742.0
scanId=174635,2.91045,521.3329409424902,1272.0
scanId=174635,2.91045,550.6199568618437,1128.0
scanId=174635,2.91045,550.6334694985801,1199.0
scanId=174635,2.91045,550.6469823831769,1095.0
scanId=174635,2.91045,551.3363572221187,1095.0
scanId=174635,2.91045,551.3498787285891,1011.0
scanId=174635,2.91045,564.3522467404891,1027.0
scanId=174635,2.91045,564.3659268409909,1044.0
scanId=174635,2.91045,604.3393457607261,2626.0
scanId=174635,2.91045,604.3535023013575,5000.0
scanId=174635,2.91045,604.3676589299223,7434.0
scanId=174635,2.91045,604.3818158021639,7853.0
scanId=174635,2.91045,604.3959727623434,6679.0
scanId=174635,2.91045,604.4101299661955,5293.0
scanId=174635,2.91045,604.4242872579892,4027.0
scanId=174635,2.91045,604.438444793452,2672.0
scanId=174635,2.91045,604.4526024168598,1816.0
scanId=174635,2.91045,604.4667602839332,1308.0
scanId=174635,2.91045,605.3448694484081,1007.0
scanId=174635,2.91045,605.3590376834766,1683.0
scanId=174635,2.91045,605.3732061620868,2387.0
scanId=174635,2.91045,605.3873747287697,2602.0
scanId=174635,2.91045,605.4015435389904,2212.0
scanId=174635,2.91045,605.4157124372877,1757.0
scanId=174635,2.91045,605.4298815791188,1254.0
scanId=174635,2.91045,608.3522519454885,1189.0
scanId=174635,2.91045,608.3664553316945,1464.0
scanId=174635,2.91045,608.3806589610206,1392.0
scanId=174635,2.91045,608.3948626788413,1255.0
scanId=174635,2.91045,609.2900336409218,1237.0
scanId=174635,2.91045,609.3042479704104,2708.0
scanId=174635,2.91045,609.3184625428839,5037.0
scanId=174635,2.91045,609.3326772039871,6563.0
scanId=174635,2.91045,609.3468921080712,5915.0
scanId=174635,2.91045,609.3611071007888,4223.0
scanId=174635,2.91045,609.3753223364835,2971.0
scanId=174635,2.91045,609.3895376608159,1904.0
scanId=174635,2.91045,609.403753228121,1131.0
scanId=174635,2.91045,610.313891943427,1925.0
scanId=174635,2.91045,610.3281182110438,2957.0
scanId=174635,2.91045,610.3423447214964,2487.0
scanId=174635,2.91045,610.356571320728,1845.0
scanId=174635,2.91045,610.3707981627911,1459.0
scanId=174635,2.91045,623.314030147332,1257.0
scanId=174635,2.91045,623.3284072089641,1665.0
scanId=174635,2.91045,623.3427843614415,1594.0
scanId=174635,2.91045,623.3571617546842,1344.0
scanId=174635,2.91045,623.3715392387771,1013.0
scanId=174635,2.91045,660.4107150847001,1200.0
scanId=174635,2.91045,660.4255137216513,1462.0
scanId=174635,2.91045,660.4403125918748,1538.0
scanId=174635,2.91045,660.4551115604432,1348.0
scanId=174635,2.91045,660.4699107622774,1044.0
scanId=174635,2.91045,663.3885805791531,1575.0
scanId=174635,2.91045,663.4034126104293,4209.0
scanId=174635,2.91045,663.4182447407413,7713.0
scanId=174635,2.91045,663.4330771036281,10964.0
scanId=174635,2.91045,663.4479095655576,12370.0
scanId=174635,2.91045,663.462742260055,11882.0
scanId=174635,2.91045,663.4775750536019,9126.0
scanId=174635,2.91045,663.4924080797097,6416.0
scanId=174635,2.91045,663.5072412048743,4095.0
scanId=174635,2.91045,663.5220745625926,2689.0
scanId=174635,2.91045,663.5369080193746,1899.0
scanId=174635,2.91045,663.5517417087036,1190.0
scanId=174635,2.91045,664.4123774501221,2100.0
scanId=174635,2.91045,664.4272208554299,4613.0
scanId=174635,2.91045,664.4420644930748,6579.0
scanId=174635,2.91045,664.4569082300002,7048.0
scanId=174635,2.91045,664.4717521992554,6288.0
scanId=174635,2.91045,664.4865962677985,5071.0
scanId=174635,2.91045,664.5014405686643,3793.0
scanId=174635,2.91045,664.5162849688248,2654.0
scanId=174635,2.91045,664.5311296013012,1741.0
scanId=174635,2.91045,664.5459743330792,1346.0
scanId=174635,2.91045,664.5608192971661,1077.0
scanId=174635,2.91045,665.4221089814732,1017.0
scanId=174635,2.91045,665.4369636617787,1981.0
scanId=174635,2.91045,665.4518185741814,2489.0
scanId=174635,2.91045,665.4666735861043,2366.0
scanId=174635,2.91045,665.4815288301177,1996.0
scanId=174635,2.91045,665.4963841736583,1692.0
scanId=174635,2.91045,665.5112397492823,1282.0
scanId=174635,2.91045,685.4007935164914,1008.0
scanId=174635,2.91045,685.4158696131161,1767.0
scanId=174635,2.91045,685.4309458142773,1999.0
scanId=174635,2.91045,685.4460222425125,1598.0
scanId=174635,2.91045,685.4610987752919,1046.0
scanId=174635,2.91045,722.4785344833093,1504.0
scanId=174635,2.91045,722.4940129385607,1801.0
scanId=174635,2.91045,722.5094916103661,1787.0
scanId=174635,2.91045,722.5249703972373,1365.0
scanId=174635,2.91045,736.4762445245176,3345.0
scanId=174635,2.91045,736.4918722088086,9310.0
scanId=174635,2.91045,736.5075001053515,18348.0
scanId=174635,2.91045,736.5231281212626,25499.0
scanId=174635,2.91045,736.5387563494161,26200.0
scanId=174635,2.91045,736.5543846969474,22652.0
scanId=174635,2.91045,736.5700132567116,18267.0
scanId=174635,2.91045,736.5856419358632,13709.0
scanId=174635,2.91045,736.6012708272378,9755.0
scanId=174635,2.91045,736.6168998380098,6908.0
scanId=174635,2.91045,736.6325290609949,4579.0
scanId=174635,2.91045,736.6481584033871,3025.0
scanId=174635,2.91045,736.6637879579829,2197.0
scanId=174635,2.91045,736.6794176319954,1582.0
scanId=174635,2.91045,736.6950475182018,1134.0
scanId=174635,2.91045,737.4767520736943,1629.0
scanId=174635,2.91045,737.4923903698352,4880.0
scanId=174635,2.91045,737.5080288779151,9802.0
scanId=174635,2.91045,737.5236675056763,14353.0
scanId=174635,2.91045,737.5393063453666,16057.0
scanId=174635,2.91045,737.554945304748,13979.0
scanId=174635,2.91045,737.5705844760491,10530.0
scanId=174635,2.91045,737.586223767051,7696.0
scanId=174635,2.91045,737.6018632699626,6311.0
scanId=174635,2.91045,737.6175028925846,5096.0
scanId=174635,2.91045,737.6331427271066,3754.0
scanId=174635,2.91045,737.6487826813493,2751.0
scanId=174635,2.91045,737.6644228474818,1972.0
scanId=174635,2.91045,737.6800631333443,1335.0
scanId=174635,2.91045,738.5092367988764,1682.0
scanId=174635,2.91045,738.5248860384886,2840.0
scanId=174635,2.91045,738.5405354897159,3753.0
scanId=174635,2.91045,738.5561850609486,3516.0
scanId=174635,2.91045,738.5718348437864,2859.0
scanId=174635,2.91045,738.5874847466392,2583.0
scanId=174635,2.91045,738.6031348610877,2196.0
scanId=174635,2.91045,738.6187850955608,1734.0
scanId=174635,2.91045,738.6344355416197,1453.0
scanId=174635,2.91045,738.6500861077135,1130.0
scanId=174635,2.91045,764.5083214386192,1107.0
scanId=174635,2.91045,764.5242438053109,2699.0
scanId=174635,2.91045,764.5401663003796,4677.0
scanId=174635,2.91045,764.556088998682,6573.0
scanId=174635,2.91045,764.5720118253716,7369.0
scanId=174635,2.91045,764.5879348552845,6690.0
scanId=174635,2.91045,764.6038580135952,5156.0
scanId=174635,2.91045,764.6197813751185,3518.0
scanId=174635,2.91045,764.6357048650505,2468.0
scanId=174635,2.91045,764.6516285581841,1778.0
scanId=174635,2.91045,764.667552379737,1255.0
scanId=174635,2.91045,765.5276859778028,2161.0
scanId=174635,2.91045,765.5436189560313,3580.0
scanId=174635,2.91045,765.559552062973,4719.0
scanId=174635,2.91045,765.5754853728121,4584.0
scanId=174635,2.91045,765.5914188113745,3911.0
scanId=174635,2.91045,765.6073524528243,3004.0
scanId=174635,2.91045,765.6232862230079,2216.0
scanId=174635,2.91045,765.639220196068,1635.0
scanId=174635,2.91045,765.6551542978727,1284.0
scanId=174635,2.91045,780.5295786392372,1068.0
scanId=174635,2.91045,780.5456669448935,1182.0
scanId=174635,2.91045,780.5617554484595,1084.0
scanId=174635,2.91045,793.550556531605,1061.0
scanId=174635,2.91045,810.7077245436453,1616.0
scanId=174635,2.91045,810.7241209257202,2549.0
scanId=174635,2.91045,810.7405174954665,2824.0
scanId=174635,2.91045,810.7569142091629,2369.0
scanId=174635,2.91045,810.7733111105201,1807.0
scanId=174635,2.91045,810.7897081558382,1221.0
scanId=174635,2.91045,811.7246144531033,1507.0
scanId=174635,2.91045,811.7410211154516,1973.0
scanId=174635,2.91045,811.7574279651244,1766.0
scanId=174635,2.91045,811.7738349590949,1310.0
scanId=174635,2.91045,811.7902421403782,1091.0
scanId=174635,2.91045,815.6669713741356,1115.0
scanId=174635,2.91045,815.6834178310952,1307.0
scanId=174635,2.91045,815.6998644740313,1312.0
scanId=174635,2.91045,815.7163112626123,1178.0
scanId=174635,2.91045,822.6881761111754,1224.0
scanId=174635,2.91045,822.704693203578,2570.0
scanId=174635,2.91045,822.7212104795566,4033.0
scanId=174635,2.91045,822.7377279035809,4538.0
scanId=174635,2.91045,822.7542455111701,4035.0
scanId=174635,2.91045,822.7707632668163,3091.0
scanId=174635,2.91045,822.7872812060159,2188.0
scanId=174635,2.91045,822.8037992932842,1523.0
scanId=174635,2.91045,823.7125499340368,1608.0
scanId=174635,2.91045,823.729077306716,2609.0
scanId=174635,2.91045,823.7456048626209,3509.0
scanId=174635,2.91045,823.7621325669221,3205.0
scanId=174635,2.91045,823.7786604544375,2372.0
scanId=174635,2.91045,823.7951884903604,1598.0
scanId=174635,2.91045,823.8117167094864,1115.0
scanId=174635,2.91045,824.7210236189724,1162.0
scanId=174635,2.91045,824.7375611231931,1349.0
scanId=174635,2.91045,824.7540987761491,1124.0
scanId=174635,2.91045,825.49846516309,1128.0
scanId=174635,2.91045,825.5150104433483,2270.0
scanId=174635,2.91045,825.5315559062217,2753.0
scanId=174635,2.91045,825.5481015181019,2743.0
scanId=174635,2.91045,825.5646473125859,2623.0
scanId=174635,2.91045,825.5811932560879,2303.0
scanId=174635,2.91045,825.5977393821823,1766.0
scanId=174635,2.91045,825.614285657306,1154.0
scanId=174635,2.91045,825.9948959494646,1899.0
scanId=174635,2.91045,826.0114462040505,3103.0
scanId=174635,2.91045,826.0279966410818,3405.0
scanId=174635,2.91045,826.0445472272897,3030.0
scanId=174635,2.91045,826.0610979959315,2516.0
scanId=174635,2.91045,826.077648913761,1700.0
scanId=174635,2.91045,826.0942000140135,1116.0
scanId=174635,2.91045,826.5080311920359,1852.0
scanId=174635,2.91045,826.5245866032252,2468.0
scanId=174635,2.91045,826.5411421637606,2545.0
scanId=174635,2.91045,826.5576979065603,2209.0
scanId=174635,2.91045,826.5742537987175,1655.0
scanId=174635,2.91045,826.5908098731279,1209.0
scanId=174635,2.91045,827.0213257926522,1325.0
scanId=174635,2.91045,827.0378863275151,1103.0
scanId=174635,2.91045,827.6507429899837,1093.0
scanId=174635,2.91045,827.6673098256617,1981.0
scanId=174635,2.91045,827.6838768432194,2575.0
scanId=174635,2.91045,827.7004440105196,2718.0
scanId=174635,2.91045,827.7170113596878,2398.0
scanId=174635,2.91045,827.7335788586098,1814.0
scanId=174635,2.91045,827.7501465393885,1224.0
scanId=174635,2.91045,828.69477795931,1165.0
scanId=174635,2.91045,828.7113552567941,1365.0
scanId=174635,2.91045,828.7279327043716,1160.0
scanId=174635,2.91045,836.7375667840408,1121.0
scanId=174635,2.91045,836.7542243312729,1571.0
scanId=174635,2.91045,836.7708820313429,2064.0
scanId=174635,2.91045,836.7875399101854,1855.0
scanId=174635,2.91045,836.8041979418772,1321.0
scanId=174635,2.91045,848.7068078592455,1654.0
scanId=174635,2.91045,848.7235841230464,2928.0
scanId=174635,2.91045,848.7403605437531,3869.0
scanId=174635,2.91045,848.7571371391643,4090.0
scanId=174635,2.91045,848.7739138914932,3184.0
scanId=174635,2.91045,848.7906908185149,2397.0
scanId=174635,2.91045,848.8074679024655,2044.0
scanId=174635,2.91045,848.8242451610981,1656.0
scanId=174635,2.91045,848.8410225766704,1338.0
scanId=174635,2.91045,848.8578001669133,1074.0
scanId=174635,2.91045,849.7304631126922,1024.0
scanId=174635,2.91045,849.747249482056,1397.0
scanId=174635,2.91045,849.764036025783,1749.0
scanId=174635,2.91045,849.7808227267684,1859.0
scanId=174635,2.91045,849.7976096021061,1761.0
scanId=174635,2.91045,849.8143966347135,1304.0
scanId=174635,2.91045,850.7379390115149,1206.0
scanId=174635,2.91045,850.754735329535,1568.0
scanId=174635,2.91045,850.7715318215782,1749.0
scanId=174635,2.91045,850.7883284712202,1771.0
scanId=174635,2.91045,850.8051252948736,1490.0
scanId=174635,2.91045,850.8219222761378,1258.0
scanId=174635,2.91045,853.6966451507658,1568.0
scanId=174635,2.91045,853.713470651512,1842.0
scanId=174635,2.91045,853.7302963252814,1743.0
scanId=174635,2.91045,853.7471221576496,1466.0
scanId=174635,2.91045,854.7064688923363,1353.0
scanId=174635,2.91045,854.7233043417392,1277.0
scanId=174635,2.91045,868.567216922532,1493.0
scanId=174635,2.91045,868.5841883368959,1891.0
scanId=174635,2.91045,868.6011599192974,2029.0
scanId=174635,2.91045,868.6181316652834,2324.0
scanId=174635,2.91045,868.6351035792956,2378.0
scanId=174635,2.91045,868.6520756569031,2030.0
scanId=174635,2.91045,868.6690479025259,1579.0
scanId=174635,2.91045,868.6860203117553,1120.0
scanId=174635,2.91045,869.5857953315731,1116.0
scanId=174635,2.91045,869.6027766945917,1034.0
scanId=174635,2.91045,869.6197582253092,1071.0
scanId=174635,2.91045,869.6367399199495,1122.0
scanId=174635,2.91045,870.6049706497242,1153.0
scanId=174635,2.91045,870.6219619613971,1013.0
scanId=174635,2.91045,874.738734829802,1144.0
scanId=174635,2.91045,874.7557664337091,1657.0
scanId=174635,2.91045,874.7727982032413,1743.0
scanId=174635,2.91045,874.7898301387589,1607.0
scanId=174635,2.91045,874.8068622399127,1360.0
scanId=174635,2.91045,875.7779660912546,1192.0
scanId=174635,2.91045,875.7950078094398,1305.0
scanId=174635,2.91045,875.8120496932735,1234.0
scanId=174635,2.91045,879.787328739708,1016.0
scanId=174635,2.91045,879.8044094219732,1033.0
scanId=174635,2.91045,898.7280924303245,1311.0
scanId=174635,2.91045,898.7453560033994,1679.0
scanId=174635,2.91045,898.7626197346759,1588.0
scanId=174635,2.91045,898.7798836393724,1383.0
scanId=174635,2.91045,898.7971477022595,1031.0
scanId=174635,2.91045,899.7814735885289,1094.0
scanId=174635,2.91045,899.7987472681214,1241.0
scanId=174635,2.91045,900.7490552123954,1164.0
scanId=174635,2.91045,900.7663381770826,1969.0
scanId=174635,2.91045,900.7836213158265,2491.0
scanId=174635,2.91045,900.8009046121242,2260.0
scanId=174635,2.91045,900.8181880824894,1747.0
scanId=174635,2.91045,900.8354717103979,1381.0
scanId=174635,2.91045,902.7895901047965,1020.0
scanId=174635,2.91045,903.7068528938779,1057.0
scanId=174635,2.91045,903.7241642204466,1137.0
scanId=174635,2.91045,903.7414757036391,1056.0
scanId=174635,2.91045,903.7760991766328,1025.0
scanId=174635,2.91045,905.7160721824849,1068.0
scanId=174635,2.91045,956.5291803331844,1137.0
scanId=174635,2.91045,956.5469904176425,1557.0
scanId=174635,2.91045,956.5648006430691,2226.0
scanId=174635,2.91045,956.5826110591474,2796.0
scanId=174635,2.91045,956.6004216161843,2787.0
scanId=174635,2.91045,956.6182323638834,2390.0
scanId=174635,2.91045,956.6360432525308,1800.0
scanId=174635,2.91045,956.6538543318499,1148.0
scanId=174635,2.91045,957.5802582930004,1102.0
scanId=174635,2.91045,957.5980781351323,1302.0
scanId=174635,2.91045,957.615898168199,1435.0
scanId=174635,2.91045,957.6337183419413,1291.0
scanId=174635,2.91045,961.5224769525927,1010.0
scanId=174635,2.91045,961.5403334638838,1316.0
scanId=174635,2.91045,961.5581901147843,1819.0
scanId=174635,2.91045,961.5760469576954,2347.0
scanId=174635,2.91045,961.5939039402065,2283.0
scanId=174635,2.91045,961.6117611147379,2077.0
scanId=174635,2.91045,961.6296184288592,1495.0
scanId=174635,2.91045,962.5941603236837,1292.0
scanId=174635,2.91045,962.6120267835792,1364.0
scanId=174635,2.91045,962.6298933827956,1169.0
scanId=174635,2.91045,987.5161983482183,3699.0
scanId=174635,2.91045,987.5342946205959,15183.0
scanId=174635,2.91045,987.5523910259078,42096.0
scanId=174635,2.91045,987.5704876299051,84458.0
scanId=174635,2.91045,987.5885843668275,130720.0
scanId=174635,2.91045,987.6066813024439,158065.0
scanId=174635,2.91045,987.6247783709769,156194.0
scanId=174635,2.91045,987.6428756382126,132975.0
scanId=174635,2.91045,987.6609730383562,101148.0
scanId=174635,2.91045,987.6790706372111,71965.0
scanId=174635,2.91045,987.6971683689651,49068.0
scanId=174635,2.91045,987.7152662994397,32764.0
scanId=174635,2.91045,987.7333643628042,21941.0
scanId=174635,2.91045,987.7514626248978,14525.0
scanId=174635,2.91045,987.7695610198731,9779.0
scanId=174635,2.91045,987.787659613586,6591.0
scanId=174635,2.91045,987.8057583401718,4878.0
scanId=174635,2.91045,987.8238572655041,3853.0
scanId=174635,2.91045,987.8419563237002,3057.0
scanId=174635,2.91045,987.860055580652,2596.0
scanId=174635,2.91045,987.8781549704586,2290.0
scanId=174635,2.91045,987.8962545590294,1924.0
scanId=174635,2.91045,987.9143542804468,1756.0
scanId=174635,2.91045,987.932454200637,1833.0
scanId=174635,2.91045,987.9505542536648,2085.0
scanId=174635,2.91045,987.9686545054745,2081.0
scanId=174635,2.91045,987.9867548901127,1969.0
scanId=174635,2.91045,988.0048554735417,1916.0
scanId=174635,2.91045,988.0229561897905,1925.0
scanId=174635,2.91045,988.0410571048387,2024.0
scanId=174635,2.91045,988.0591581526983,2186.0
scanId=174635,2.91045,988.0772593993656,2181.0
scanId=174635,2.91045,988.0953607788354,2112.0
scanId=174635,2.91045,988.1134623571223,2175.0
scanId=174635,2.91045,988.1315640682027,1979.0
scanId=174635,2.91045,988.1496659781088,1817.0
scanId=174635,2.91045,988.1677680207999,1953.0
scanId=174635,2.91045,988.1858702623252,2041.0
scanId=174635,2.91045,988.2039726366266,1794.0
scanId=174635,2.91045,988.2220752097716,1622.0
scanId=174635,2.91045,988.2401779156835,1691.0
scanId=174635,2.91045,988.2582808204478,1782.0
scanId=174635,2.91045,988.2763838579702,1915.0
scanId=174635,2.91045,988.2944870943535,1948.0
scanId=174635,2.91045,988.3125904634867,1606.0
scanId=174635,2.91045,988.3306940314892,1293.0
scanId=174635,2.91045,988.3487977322327,1235.0
scanId=174635,2.91045,988.3669016318548,1379.0
scanId=174635,2.91045,988.3850056642088,1591.0
scanId=174635,2.91045,988.4031098954501,1493.0
scanId=174635,2.91045,988.4212142594149,1250.0
scanId=174635,2.91045,988.4393188222754,1195.0
scanId=174635,2.91045,988.4574235178507,1353.0
scanId=174635,2.91045,988.4755284123305,1697.0
scanId=174635,2.91045,988.4936334395161,2339.0
scanId=174635,2.91045,988.5117386656154,3478.0
scanId=174635,2.91045,988.5298440244115,7723.0
scanId=174635,2.91045,988.54794958213,22817.0
scanId=174635,2.91045,988.5660552725368,50401.0
scanId=174635,2.91045,988.5841611618745,84429.0
scanId=174635,2.91045,988.6022671838916,109846.0
scanId=174635,2.91045,988.6203734048488,116778.0
scanId=174635,2.91045,988.6384797584766,105734.0
scanId=174635,2.91045,988.6565863110532,84584.0
scanId=174635,2.91045,988.6746929962914,62397.0
scanId=174635,2.91045,988.6927998804869,43679.0
scanId=174635,2.91045,988.7109068973358,28994.0
scanId=174635,2.91045,988.7290141131507,19435.0
scanId=174635,2.91045,988.74712146161,13144.0
scanId=174635,2.91045,988.7652290090443,8898.0
scanId=174635,2.91045,988.7833366891142,6149.0
scanId=174635,2.91045,988.8014445681677,4470.0
scanId=174635,2.91045,988.8195525798482,3461.0
scanId=174635,2.91045,988.8376607905209,2929.0
scanId=174635,2.91045,988.8557691338117,2507.0
scanId=174635,2.91045,988.8738776761039,2452.0
scanId=174635,2.91045,988.8919863510054,2340.0
scanId=174635,2.91045,988.9100952249169,2202.0
scanId=174635,2.91045,988.9282042314288,2302.0
scanId=174635,2.91045,988.9463134369594,2697.0
scanId=174635,2.91045,988.964422775082,2856.0
scanId=174635,2.91045,988.9825323122319,2733.0
scanId=174635,2.91045,989.0006419819649,2463.0
scanId=174635,2.91045,989.0187518507342,2288.0
scanId=174635,2.91045,989.0368618520778,2026.0
scanId=174635,2.91045,989.054972052466,2105.0
scanId=174635,2.91045,989.0730823854203,2437.0
scanId=174635,2.91045,989.0911929174281,2651.0
scanId=174635,2.91045,989.1093035819929,2674.0
scanId=174635,2.91045,989.1274144456198,2270.0
scanId=174635,2.91045,989.1455254417949,1841.0
scanId=174635,2.91045,989.1636366370413,1817.0
scanId=174635,2.91045,989.181747964827,1965.0
scanId=174635,2.91045,989.1998594916925,1765.0
scanId=174635,2.91045,989.2179711510888,1733.0
scanId=174635,2.91045,989.2360830095736,1853.0
scanId=174635,2.91045,989.2541950005802,2047.0
scanId=174635,2.91045,989.2723071906845,2209.0
scanId=174635,2.91045,989.2904195133017,2358.0
scanId=174635,2.91045,989.3085320350252,2418.0
scanId=174635,2.91045,989.3266446892529,2351.0
scanId=174635,2.91045,989.3447575425955,2256.0
scanId=174635,2.91045,989.3628705284341,2231.0
scanId=174635,2.91045,989.3809837133957,2526.0
scanId=174635,2.91045,989.3990970308446,2721.0
scanId=174635,2.91045,989.417210547426,2989.0
scanId=174635,2.91045,989.4353241964852,3107.0
scanId=174635,2.91045,989.4534380446855,2713.0
scanId=174635,2.91045,989.4715520253557,2471.0
scanId=174635,2.91045,989.4896662051752,2342.0
scanId=174635,2.91045,989.5077805174558,2330.0
scanId=174635,2.91045,989.5258950288948,2861.0
scanId=174635,2.91045,989.5440096727856,5428.0
scanId=174635,2.91045,989.562124515844,12332.0
scanId=174635,2.91045,989.5802394913454,24386.0
scanId=174635,2.91045,989.5983546660228,37527.0
scanId=174635,2.91045,989.616469973135,45303.0
scanId=174635,2.91045,989.6345854794316,43746.0
scanId=174635,2.91045,989.6527011181541,35758.0
scanId=174635,2.91045,989.6708169560702,27498.0
scanId=174635,2.91045,989.6889329264033,19885.0
scanId=174635,2.91045,989.7070490959385,13570.0
scanId=174635,2.91045,989.7251653978822,9295.0
scanId=174635,2.91045,989.7432818990367,6525.0
scanId=174635,2.91045,989.761398532591,4724.0
scanId=174635,2.91045,989.7795153653645,3869.0
scanId=174635,2.91045,989.7976323305292,3459.0
scanId=174635,2.91045,989.8157494949223,2951.0
scanId=174635,2.91045,989.8338667916975,2433.0
scanId=174635,2.91045,989.8519842877096,2121.0
scanId=174635,2.91045,989.8701019160955,2130.0
scanId=174635,2.91045,989.8882197437268,2063.0
scanId=174635,2.91045,989.906337703723,1866.0
scanId=174635,2.91045,989.924455862974,1715.0
scanId=174635,2.91045,989.9425741545807,1662.0
scanId=174635,2.91045,989.9606926454508,1946.0
scanId=174635,2.91045,989.978811268668,1968.0
scanId=174635,2.91045,989.9969300911572,1872.0
scanId=174635,2.91045,990.0150490459852,1758.0
scanId=174635,2.91045,990.0331682000935,1822.0
scanId=174635,2.91045,990.0512874865318,1876.0
scanId=174635,2.91045,990.0694069722597,1944.0
scanId=174635,2.91045,990.0875265903085,1935.0
scanId=174635,2.91045,990.1056464076553,1975.0
scanId=174635,2.91045,990.1237663573148,1865.0
scanId=174635,2.91045,990.1418865062809,1623.0
scanId=174635,2.91045,990.1600067875511,1541.0
scanId=174635,2.91045,990.1781272681364,1611.0
scanId=174635,2.91045,990.1962478810168,1520.0
scanId=174635,2.91045,990.2143686932216,1399.0
scanId=174635,2.91045,990.2324896377125,1226.0
scanId=174635,2.91045,990.2506107815364,1308.0
scanId=174635,2.91045,990.2687320576381,1308.0
scanId=174635,2.91045,990.2868535330812,1331.0
scanId=174635,2.91045,990.3049751407932,1339.0
scanId=174635,2.91045,990.3230969478556,1381.0
scanId=174635,2.91045,990.3412188871781,1524.0
scanId=174635,2.91045,990.3593410258596,1803.0
scanId=174635,2.91045,990.3774632967929,1821.0
scanId=174635,2.91045,990.3955857670936,1650.0
scanId=174635,2.91045,990.4137083696374,1683.0
scanId=174635,2.91045,990.4318311715574,1814.0
scanId=174635,2.91045,990.4499541057115,1765.0
scanId=174635,2.91045,990.4680772392509,1651.0
scanId=174635,2.91045,990.4862005050155,1445.0
scanId=174635,2.91045,990.5043239701739,1561.0
scanId=174635,2.91045,990.5224475675493,1722.0
scanId=174635,2.91045,990.540571364327,2220.0
scanId=174635,2.91045,990.5586952933127,4054.0
scanId=174635,2.91045,990.5768194217097,7121.0
scanId=174635,2.91045,990.5949436823059,10421.0
scanId=174635,2.91045,990.6130681423222,12196.0
scanId=174635,2.91045,990.6311927345289,11858.0
scanId=174635,2.91045,990.6493175261643,9971.0
scanId=174635,2.91045,990.6674424499818,7864.0
scanId=174635,2.91045,990.6855675732363,6085.0
scanId=174635,2.91045,990.7036928286641,4542.0
scanId=174635,2.91045,990.721818283538,3228.0
scanId=174635,2.91045,990.7399438705763,2379.0
scanId=174635,2.91045,990.7580696570693,1902.0
scanId=174635,2.91045,990.7761955757184,1586.0
scanId=174635,2.91045,990.7943216938305,1268.0
scanId=174635,2.91045,990.8124479440902,1138.0
scanId=174635,2.91045,990.8305743938215,1053.0
scanId=174635,2.91045,990.8487009756915,1081.0
scanId=174635,2.91045,990.8668277570423,1172.0
scanId=174635,2.91045,990.8849546705227,1154.0
scanId=174635,2.91045,990.9030817834924,1116.0
scanId=174635,2.91045,990.9574640498741,1232.0
scanId=174635,2.91045,990.9755918260826,1245.0
scanId=174635,2.91045,991.0662330931249,1004.0
scanId=174635,2.91045,991.3200507404164,1159.0
scanId=174635,2.91045,991.3381818328166,1023.0
scanId=174635,2.91045,991.5739008859643,1452.0
scanId=174635,2.91045,991.592034299699,1848.0
scanId=174635,2.91045,991.6101678453899,1768.0
scanId=174635,2.91045,991.6283015907438,1659.0
scanId=174635,2.91045,991.6464354680454,1530.0
scanId=174635,2.91045,991.6645695450186,1397.0
scanId=174635,2.91045,991.6827037539306,1333.0
scanId=174635,2.91045,991.7008381625227,1137.0
scanId=174635,2.91045,991.7189727030456,1074.0
scanId=174635,2.91045,991.7371074432568,1089.0
scanId=174635,2.91045,991.9728739172814,1000.0
scanId=174635,2.91045,991.9910109788269,1090.0
scanId=174635,2.91045,992.6259119805693,1043.0
scanId=174635,2.91045,992.7166287239013,1087.0
scanId=174635,2.91045,992.7347725495189,1219.0
scanId=174635,2.91045,992.7529165750667,1078.0
scanId=174635,2.91045,1009.5705409609523,1993.0
scanId=174635,2.91045,1009.5888381944,2510.0
scanId=174635,2.91045,1009.6071355556919,2626.0
scanId=174635,2.91045,1009.625433120758,2721.0
scanId=174635,2.91045,1009.6437308136602,2435.0
scanId=174635,2.91045,1009.6620287103452,2126.0
scanId=174635,2.91045,1009.680326734858,1712.0
scanId=174635,2.91045,1009.6986249631613,1364.0
scanId=174635,2.91045,1009.7169233192848,1013.0
scanId=174635,2.91045,1010.5588278123066,1216.0
scanId=174635,2.91045,1010.5771339994535,1529.0
scanId=174635,2.91045,1010.5954403142296,1934.0
scanId=174635,2.91045,1010.6137468329948,2363.0
scanId=174635,2.91045,1010.6320534793815,2274.0
scanId=174635,2.91045,1010.6503603297652,1664.0
scanId=174635,2.91045,1010.6686673077625,1068.0
scanId=174635,2.91045,1011.6025440391674,1096.0
scanId=174635,2.91045,1011.6208596390381,1303.0
scanId=174635,2.91045,1011.63917544312,1158.0
scanId=174635,2.91045,1013.618256151518,1070.0
scanId=174635,2.91045,1013.6365899899679,1060.0
scanId=174635,2.91045,1019.5487146944861,1514.0
scanId=174635,2.91045,1019.567102128113,3514.0
scanId=174635,2.91045,1019.5854896874683,5344.0
scanId=174635,2.91045,1019.6038774527134,5570.0
scanId=174635,2.91045,1019.6222653436791,5076.0
scanId=174635,2.91045,1019.6406534405421,3966.0
scanId=174635,2.91045,1019.6590416631187,2926.0
scanId=174635,2.91045,1019.6774300915997,2143.0
scanId=174635,2.91045,1019.6958186457866,1398.0
scanId=174635,2.91045,1020.5602686855634,1619.0
scanId=174635,2.91045,1020.5786651984032,2783.0
scanId=174635,2.91045,1020.5970619173361,4020.0
scanId=174635,2.91045,1020.6154587617862,4729.0
scanId=174635,2.91045,1020.6338558123374,4136.0
scanId=174635,2.91045,1020.652252988398,3134.0
scanId=174635,2.91045,1020.6706503705672,2206.0
scanId=174635,2.91045,1020.6890478782383,1505.0
scanId=174635,2.91045,1021.6091356735316,1411.0
scanId=174635,2.91045,1021.6275416777694,1695.0
scanId=174635,2.91045,1021.6459478073145,1632.0
scanId=174635,2.91045,1021.6643541431705,1677.0
scanId=174635,2.91045,1021.6827606043258,1382.0
scanId=174635,2.91045,1041.5656226568358,1808.0
scanId=174635,2.91045,1041.5842075244557,2672.0
scanId=174635,2.91045,1041.6027926021875,3601.0
scanId=174635,2.91045,1041.6213778014173,4150.0
scanId=174635,2.91045,1041.6399632107666,3683.0
scanId=174635,2.91045,1041.6585487416069,2621.0
scanId=174635,2.91045,1041.6771344825736,1744.0
scanId=174635,2.91045,1041.6957203450245,1212.0
scanId=174635,2.91045,1042.5694439742297,1124.0
scanId=174635,2.91045,1042.588037795333,1835.0
scanId=174635,2.91045,1042.6066318267276,2434.0
scanId=174635,2.91045,1042.625225979442,2433.0
scanId=174635,2.91045,1042.6438203424527,2030.0
scanId=174635,2.91045,1042.6624148267774,1788.0
scanId=174635,2.91045,1042.6810095214057,1502.0
scanId=174635,2.91045,1042.6996043373408,1039.0
scanId=174635,2.91045,1043.5923515591442,1004.0
scanId=174635,2.91045,1043.6109545441989,1283.0
scanId=174635,2.91045,1043.6295576503976,1254.0
scanId=174635,2.91045,1043.6481609670695,1021.0
scanId=174635,2.91045,1044.615760754568,1232.0
scanId=174635,2.91045,1044.6343728142508,1253.0
scanId=174635,2.91045,1044.6529850845823,1054.0
scanId=174635,2.91045,1045.639671470968,1543.0
scanId=174635,2.91045,1045.6582926949575,2237.0
scanId=174635,2.91045,1045.6769140397348,2077.0
scanId=174635,2.91045,1045.6955355953417,1563.0
scanId=174635,2.91045,1045.7141572717296,1353.0
scanId=174635,2.91045,1045.7327791589528,1101.0
scanId=174635,2.91045,1046.5895641727932,2891.0
scanId=174635,2.91045,1046.6081938078337,6350.0
scanId=174635,2.91045,1046.6268236538635,10748.0
scanId=174635,2.91045,1046.6454536205147,13884.0
scanId=174635,2.91045,1046.664083798161,15314.0
scanId=174635,2.91045,1046.6827140964226,13734.0
scanId=174635,2.91045,1046.701344605686,10547.0
scanId=174635,2.91045,1046.7199752355586,7372.0
scanId=174635,2.91045,1046.7386060764386,5075.0
scanId=174635,2.91045,1046.7572370379214,3580.0
scanId=174635,2.91045,1046.7758682104184,2490.0
scanId=174635,2.91045,1046.7944995035116,1705.0
scanId=174635,2.91045,1046.8131310076258,1083.0
scanId=174635,2.91045,1047.5958029545106,1841.0
scanId=174635,2.91045,1047.6144415430356,3510.0
scanId=174635,2.91045,1047.6330803427206,6212.0
scanId=174635,2.91045,1047.6517192628564,8555.0
scanId=174635,2.91045,1047.6703583941585,9101.0
scanId=174635,2.91045,1047.6889976459045,8015.0
scanId=174635,2.91045,1047.7076371088233,6150.0
scanId=174635,2.91045,1047.7262766921797,4164.0
scanId=174635,2.91045,1047.7449164867153,2654.0
scanId=174635,2.91045,1047.7635564016828,1830.0
scanId=174635,2.91045,1047.7821965278354,1251.0
scanId=174635,2.91045,1048.6211727709992,1741.0
scanId=174635,2.91045,1048.6398205243388,2483.0
scanId=174635,2.91045,1048.6584683979584,3175.0
scanId=174635,2.91045,1048.6771164829154,3640.0
scanId=174635,2.91045,1048.6957646881456,3536.0
scanId=174635,2.91045,1048.7144131047187,2790.0
scanId=174635,2.91045,1048.7330616415593,1946.0
scanId=174635,2.91045,1048.7517103897492,1285.0
scanId=174635,2.91045,1049.665701025787,1022.0
scanId=174635,2.91045,1049.6843580643967,1000.0
scanId=174635,2.91045,1060.6271323710414,2920.0
scanId=174635,2.91045,1060.6458865732836,5736.0
scanId=174635,2.91045,1060.6646408938825,9669.0
scanId=174635,2.91045,1060.6833954277413,13503.0
scanId=174635,2.91045,1060.702150079951,15358.0
scanId=174635,2.91045,1060.7209049454254,14319.0
scanId=174635,2.91045,1060.7396599292456,11303.0
scanId=174635,2.91045,1060.7584151263363,8159.0
scanId=174635,2.91045,1060.7771704417669,5469.0
scanId=174635,2.91045,1060.7959259704744,3489.0
scanId=174635,2.91045,1060.8146816175156,2252.0
scanId=174635,2.91045,1060.8334374778387,1530.0
scanId=174635,2.91045,1060.8521934564903,1025.0
scanId=174635,2.91045,1061.6213323378681,1579.0
scanId=174635,2.91045,1061.6400952803408,3235.0
scanId=174635,2.91045,1061.6588584362205,5666.0
scanId=174635,2.91045,1061.6776217103036,9260.0
scanId=174635,2.91045,1061.6963851977994,11681.0
scanId=174635,2.91045,1061.715148803493,12110.0
scanId=174635,2.91045,1061.7339126226057,10898.0
scanId=174635,2.91045,1061.75267655991,8846.0
scanId=174635,2.91045,1061.771440710638,6342.0
scanId=174635,2.91045,1061.7902049795528,4274.0
scanId=174635,2.91045,1061.8089694618968,2760.0
scanId=174635,2.91045,1061.8277340624227,1928.0
scanId=174635,2.91045,1061.846498876383,1531.0
scanId=174635,2.91045,1061.865263808519,1307.0
scanId=174635,2.91045,1061.8840289540956,1057.0
scanId=174635,2.91045,1062.6347697859505,1277.0
scanId=174635,2.91045,1062.653541681908,2765.0
scanId=174635,2.91045,1062.6723137914237,4421.0
scanId=174635,2.91045,1062.6910860189912,5123.0
scanId=174635,2.91045,1062.7098584601229,5168.0
scanId=174635,2.91045,1062.728631019301,4892.0
scanId=174635,2.91045,1062.7474037920485,4081.0
scanId=174635,2.91045,1062.7661766828376,3013.0
scanId=174635,2.91045,1062.7849497872016,1980.0
scanId=174635,2.91045,1062.8037230096006,1359.0
scanId=174635,2.91045,1063.6862526388559,1567.0
scanId=174635,2.91045,1063.705033819908,1812.0
scanId=174635,2.91045,1063.7238152146747,1632.0
scanId=174635,2.91045,1063.7425967273368,1439.0
scanId=174635,2.91045,1063.7613784537193,1116.0
scanId=174635,2.91045,1081.6599554890654,1043.0
scanId=174635,2.91045,1086.6846483601714,1003.0
scanId=174635,2.91045,1087.6719924003835,1013.0
scanId=174635,2.91045,1087.6909841541205,1001.0
scanId=174635,2.91045,1087.7099761247032,1041.0
scanId=174635,2.91045,1088.6977857491145,1182.0
scanId=174635,2.91045,1088.7167864563357,1151.0
scanId=174635,2.91045,1089.705053042923,1173.0
scanId=174635,2.91045,1089.7240625890888,1316.0
scanId=174635,2.91045,1089.7430722497947,1199.0
scanId=174635,2.91045,1117.635548212001,1279.0
scanId=174635,2.91045,1117.6547998363446,1980.0
scanId=174635,2.91045,1117.6740515727358,2255.0
scanId=174635,2.91045,1117.6933035286925,2224.0
scanId=174635,2.91045,1117.7125555966938,2184.0
scanId=174635,2.91045,1117.7318078842636,1768.0
scanId=174635,2.91045,1117.7510602838754,1249.0
scanId=174635,2.91045,1118.6561113850703,1091.0
scanId=174635,2.91045,1118.6753717433348,1572.0
scanId=174635,2.91045,1118.6946323212326,1612.0
scanId=174635,2.91045,1118.7138930111075,1333.0
scanId=174635,2.91045,1118.7331539206182,1080.0
scanId=174635,2.91045,1276.2744457811218,2432.0
scanId=174635,2.91045,1276.2950183222447,4801.0
scanId=174635,2.91045,1276.3155910733994,7184.0
scanId=174635,2.91045,1276.3361639461334,8845.0
scanId=174635,2.91045,1276.3567370288908,9172.0
scanId=174635,2.91045,1276.3773102332348,8148.0
scanId=174635,2.91045,1276.3978836475949,6908.0
scanId=174635,2.91045,1276.4184571835494,5407.0
scanId=174635,2.91045,1276.4390309295122,4048.0
scanId=174635,2.91045,1276.4596047970779,2900.0
scanId=174635,2.91045,1276.4801788746431,1973.0
scanId=174635,2.91045,1276.5007530738187,1266.0
scanId=174635,2.91045,1277.2621158426355,1727.0
scanId=174635,2.91045,1277.2826963424109,4425.0
scanId=174635,2.91045,1277.30327705203,7734.0
scanId=174635,2.91045,1277.323857883416,9735.0
scanId=174635,2.91045,1277.3444389246374,10955.0
scanId=174635,2.91045,1277.3650200876345,11074.0
scanId=174635,2.91045,1277.3856014604587,9144.0
scanId=174635,2.91045,1277.406182955066,6770.0
scanId=174635,2.91045,1277.4267646594924,5014.0
scanId=174635,2.91045,1277.44734648571,3428.0
scanId=174635,2.91045,1277.4679285217396,2158.0
scanId=174635,2.91045,1277.4885106795682,1384.0
scanId=174635,2.91045,1278.2295795784535,1115.0
scanId=174635,2.91045,1278.2501679149323,1455.0
scanId=174635,2.91045,1278.2707563733609,2449.0
scanId=174635,2.91045,1278.2913450414421,5051.0
scanId=174635,2.91045,1278.311933831481,8169.0
scanId=174635,2.91045,1278.3325228311646,9752.0
scanId=174635,2.91045,1278.353111952814,10137.0
scanId=174635,2.91045,1278.3737012841007,9470.0
scanId=174635,2.91045,1278.394290737361,7604.0
scanId=174635,2.91045,1278.4148804002498,5570.0
scanId=174635,2.91045,1278.4354701851203,3865.0
scanId=174635,2.91045,1278.4560601796118,2777.0
scanId=174635,2.91045,1278.4766502960927,2086.0
scanId=174635,2.91045,1278.4972406221873,1423.0
scanId=174635,2.91045,1279.2591984150542,1561.0
scanId=174635,2.91045,1279.2797950415963,3480.0
scanId=174635,2.91045,1279.3003917902884,5889.0
scanId=174635,2.91045,1279.320988748433,8107.0
scanId=174635,2.91045,1279.3415858287349,9268.0
scanId=174635,2.91045,1279.3621831184819,8652.0
scanId=174635,2.91045,1279.3827805303945,7109.0
scanId=174635,2.91045,1279.403378151744,5189.0
scanId=174635,2.91045,1279.4239758952674,3591.0
scanId=174635,2.91045,1279.4445738482195,2576.0
scanId=174635,2.91045,1279.4651719233532,1922.0
scanId=174635,2.91045,1279.4857702079078,1463.0
scanId=174635,2.91045,1279.5063686146518,1113.0
scanId=174635,2.91045,1280.2892317597978,2607.0
scanId=174635,2.91045,1280.3098366764011,4545.0
scanId=174635,2.91045,1280.3304417153563,5687.0
scanId=174635,2.91045,1280.3510469635623,5829.0
scanId=174635,2.91045,1280.3716523341277,4987.0
scanId=174635,2.91045,1280.3922579139362,3713.0
scanId=174635,2.91045,1280.412863616112,2674.0
scanId=174635,2.91045,1280.4334695275231,1934.0
scanId=174635,2.91045,1280.4540755613095,1300.0
scanId=174635,2.91045,1280.4746818043227,1040.0
scanId=174635,2.91045,1281.2784537399705,1438.0
scanId=174635,2.91045,1281.2990666150313,1996.0
scanId=174635,2.91045,1281.3196796126385,2511.0
scanId=174635,2.91045,1281.340292819302,3049.0
scanId=174635,2.91045,1281.3609061485204,2971.0
scanId=174635,2.91045,1281.3815196867863,2483.0
scanId=174635,2.91045,1281.4021333476148,1892.0
scanId=174635,2.91045,1281.4227472174828,1466.0
scanId=174635,2.91045,1281.4433612099217,1108.0
scanId=174635,2.91045,1282.288678564283,1226.0
scanId=174635,2.91045,1282.309299520543,1885.0
scanId=174635,2.91045,1282.329920685662,2317.0
scanId=174635,2.91045,1282.3505419735327,1939.0
scanId=174635,2.91045,1282.3711634702538,1439.0
scanId=174635,2.91045,1282.3917850897355,1153.0
scanId=174635,2.91045,1283.2993014390288,1078.0
scanId=174635,2.91045,1283.319930562602,1058.0
scanId=174635,2.91045,1283.3405598091251,1034.0
scanId=174635,2.91045,1299.7310068384345,1008.0
scanId=174635,2.91045,1299.7517676078605,1544.0
scanId=174635,2.91045,1299.7725285037632,1739.0
scanId=174635,2.91045,1299.793289604791,1890.0
scanId=174635,2.91045,1299.8140508323042,1804.0
scanId=174635,2.91045,1299.8348122649327,1403.0
scanId=174635,2.91045,1300.7900164945868,1015.0
scanId=174635,2.91045,1313.7822289427547,1120.0
scanId=174635,2.91045,1313.8031015914053,1012.0
scanId=174635,2.91045,1314.7634234894385,1170.0
scanId=174635,2.91045,1314.7843039666632,1582.0
scanId=174635,2.91045,1314.8051845739665,1707.0
scanId=174635,2.91045,1314.8260653827915,1490.0
scanId=174635,2.91045,1318.3363919989647,1028.0
scanId=174635,2.91045,1319.3192853597534,1475.0
scanId=174635,2.91045,1319.3402019813643,1910.0
scanId=174635,2.91045,1319.361118734215,2254.0
scanId=174635,2.91045,1319.3820356874264,2274.0
scanId=174635,2.91045,1319.4029527718876,1901.0
scanId=174635,2.91045,1319.423870056698,1462.0
scanId=174635,2.91045,1319.4447874727698,1071.0
scanId=174635,2.91045,1320.302545012967,1269.0
scanId=174635,2.91045,1320.32346939286,2022.0
scanId=174635,2.91045,1320.3443939728631,2577.0
scanId=174635,2.91045,1320.3653186843667,2543.0
scanId=174635,2.91045,1320.3862435959695,2108.0
scanId=174635,2.91045,1320.4071686390835,1668.0
scanId=174635,2.91045,1320.4280938822862,1290.0
scanId=174635,2.91045,1321.328035435026,1353.0
scanId=174635,2.91045,1321.3489679734203,1677.0
scanId=174635,2.91045,1321.3699006435766,1810.0
scanId=174635,2.91045,1321.39083351357,1763.0
scanId=174635,2.91045,1321.4117665153367,1438.0
scanId=174635,2.91045,1321.4326997169296,1052.0
scanId=174635,2.91045,1323.3592620015509,1263.0
scanId=174635,2.91045,1323.3802105890122,1195.0
scanId=174635,2.91045,1332.3614348527215,1557.0
scanId=174635,2.91045,1332.3824546017045,1952.0
scanId=174635,2.91045,1332.4034744854293,2043.0
scanId=174635,2.91045,1332.424494566011,1883.0
scanId=174635,2.91045,1332.4455147813462,1572.0
scanId=174635,2.91045,1332.4665351935262,1253.0
scanId=174635,2.91045,1333.370569083478,1711.0
scanId=174635,2.91045,1333.3915967908313,2227.0
scanId=174635,2.91045,1333.412624633209,2353.0
scanId=174635,2.91045,1333.4336526721615,2532.0
scanId=174635,2.91045,1333.4546808461498,2182.0
scanId=174635,2.91045,1333.4757092167004,1569.0
scanId=174635,2.91045,1333.496737722299,1135.0
scanId=174635,2.91045,1334.3590498533588,1705.0
scanId=174635,2.91045,1334.3800853227785,2370.0
scanId=174635,2.91045,1334.401120988501,2466.0
scanId=174635,2.91045,1334.422156789531,2094.0
scanId=174635,2.91045,1334.4431927868523,1732.0
scanId=174635,2.91045,1334.464228919493,1407.0
scanId=174635,2.91045,1335.3478968500192,1013.0
scanId=174635,2.91045,1335.3689401425104,1893.0
scanId=174635,2.91045,1335.389983570583,2788.0
scanId=174635,2.91045,1335.4110271946734,3145.0
scanId=174635,2.91045,1335.4320709543563,2640.0
scanId=174635,2.91045,1335.4531149100446,1948.0
scanId=174635,2.91045,1335.4741590013382,1424.0
scanId=174635,2.91045,1335.4952032886254,1048.0
scanId=174635,2.91045,1336.3581611892696,1090.0
scanId=174635,2.91045,1336.3792124401268,1316.0
scanId=174635,2.91045,1336.4002638268519,1767.0
scanId=174635,2.91045,1336.4213154093077,1903.0
scanId=174635,2.91045,1336.4423671276431,1777.0
scanId=174635,2.91045,1336.4634190416982,1280.0
scanId=174635,2.91045,1337.389866746168,1039.0
scanId=174635,2.91045,1337.410926091546,1081.0
scanId=174635,2.91045,1522.001353057524,1126.0
scanId=175634,2.9271,102.11363893949614,1075.0
scanId=175634,2.9271,102.11945812823743,2290.0
scanId=175634,2.9271,102.12527748278399,2863.0
scanId=175634,2.9271,102.13109700313582,2672.0
scanId=175634,2.9271,102.13691668929287,2099.0
scanId=175634,2.9271,102.14273654125522,1506.0
scanId=175634,2.9271,102.14855655902284,1009.0
scanId=175634,2.9271,149.01827571788218,1362.0
scanId=175634,2.9271,149.02530555614644,1136.0
scanId=175634,2.9271,203.09182713965538,1118.0
scanId=175634,2.9271,203.10003383392424,1417.0
scanId=175634,2.9271,203.1082406184657,1455.0
scanId=175634,2.9271,203.11644764433376,1286.0
scanId=175634,2.9271,206.14787658812693,1035.0
scanId=175634,2.9271,244.07843864740929,1017.0
scanId=175634,2.9271,244.08743532822794,1055.0
scanId=175634,2.9271,248.11649242936642,1221.0
scanId=175634,2.9271,248.1255632676533,1303.0
scanId=175634,2.9271,248.13463422923016,1044.0
scanId=175634,2.9271,265.1529472787309,1277.0
scanId=175634,2.9271,265.162324316825,1070.0
scanId=175634,2.9271,273.15471473243576,1474.0
scanId=175634,2.9271,273.16423223135126,1770.0
scanId=175634,2.9271,273.17374987230903,1388.0
scanId=175634,2.9271,290.11309575222555,1036.0
scanId=175634,2.9271,290.1229042156162,2602.0
scanId=175634,2.9271,290.132712856216,3049.0
scanId=175634,2.9271,290.1425216512173,2718.0
scanId=175634,2.9271,290.15233062341366,2220.0
scanId=175634,2.9271,290.16213975002535,1578.0
scanId=175634,2.9271,292.1272988262936,1035.0
scanId=175634,2.9271,292.1371412897361,1754.0
scanId=175634,2.9271,292.1469839090111,1760.0
scanId=175634,2.9271,292.1568267040502,1423.0
scanId=175634,2.9271,294.1484697292405,1782.0
scanId=175634,2.9271,294.1583461727894,3063.0
scanId=175634,2.9271,294.1682227906732,3536.0
scanId=175634,2.9271,294.17809956583255,3153.0
scanId=175634,2.9271,294.18797651531276,2141.0
scanId=175634,2.9271,294.1978536220828,1335.0
scanId=175634,2.9271,295.1666148069916,1132.0
scanId=175634,2.9271,295.17650833629847,1332.0
scanId=175634,2.9271,368.4054846683426,1571.0
scanId=175634,2.9271,368.41653766604406,2500.0
scanId=175634,2.9271,368.4275907918437,2414.0
scanId=175634,2.9271,368.43864412115585,1767.0
scanId=175634,2.9271,368.44969757855444,1188.0
scanId=175634,2.9271,494.2662843147362,1664.0
scanId=175634,2.9271,494.27908688958235,6140.0
scanId=175634,2.9271,494.2918895514093,13349.0
scanId=175634,2.9271,494.30469245786617,17815.0
scanId=175634,2.9271,494.31749545130026,17773.0
scanId=175634,2.9271,494.3302986893676,15105.0
scanId=175634,2.9271,494.3431020144088,11026.0
scanId=175634,2.9271,494.35590558408654,7450.0
scanId=175634,2.9271,494.368709240735,4886.0
scanId=175634,2.9271,494.3815131420232,3160.0
scanId=175634,2.9271,494.3943171302785,1951.0
scanId=175634,2.9271,494.40712136317745,1231.0
scanId=175634,2.9271,494.7785150595488,3649.0
scanId=175634,2.9271,494.79132426660567,9123.0
scanId=175634,2.9271,494.80413356057454,13598.0
scanId=175634,2.9271,494.81694309924177,14009.0
scanId=175634,2.9271,494.829752724818,12019.0
scanId=175634,2.9271,494.8425625950957,8817.0
scanId=175634,2.9271,494.8553725522789,5880.0
scanId=175634,2.9271,494.8681827541673,3889.0
scanId=175634,2.9271,494.88099304295764,2573.0
scanId=175634,2.9271,494.89380357645643,1789.0
scanId=175634,2.9271,494.906614196854,1223.0
scanId=175634,2.9271,495.29101109141766,2197.0
scanId=175634,2.9271,495.3038269306849,3133.0
scanId=175634,2.9271,495.3166428567965,3718.0
scanId=175634,2.9271,495.32945902767443,3260.0
scanId=175634,2.9271,495.3422752853931,2496.0
scanId=175634,2.9271,495.3550917878814,1713.0
scanId=175634,2.9271,495.36790837720747,1121.0
scanId=175634,2.9271,510.3078208868375,1014.0
scanId=175634,2.9271,510.8152802964993,1065.0
scanId=175634,2.9271,521.8195423538417,1104.0
scanId=175634,2.9271,521.8326968517962,1007.0
scanId=175634,2.9271,579.431313227933,1135.0
scanId=175634,2.9271,579.4451749668049,1193.0
scanId=175634,2.9271,602.4156061808842,1177.0
scanId=175634,2.9271,602.4297401719997,1101.0
scanId=175634,2.9271,604.3393457607261,2313.0
scanId=175634,2.9271,604.3535023013575,4592.0
scanId=175634,2.9271,604.3676589299223,6495.0
scanId=175634,2.9271,604.3818158021639,7778.0
scanId=175634,2.9271,604.3959727623434,7198.0
scanId=175634,2.9271,604.4101299661955,5327.0
scanId=175634,2.9271,604.4242872579892,3609.0
scanId=175634,2.9271,604.438444793452,2439.0
scanId=175634,2.9271,604.4526024168598,1580.0
scanId=175634,2.9271,605.3448694484081,1430.0
scanId=175634,2.9271,605.3590376834766,2290.0
scanId=175634,2.9271,605.3732061620868,3118.0
scanId=175634,2.9271,605.3873747287697,3254.0
scanId=175634,2.9271,605.4015435389904,2509.0
scanId=175634,2.9271,605.4157124372877,1748.0
scanId=175634,2.9271,605.4298815791188,1194.0
scanId=175634,2.9271,606.3654089725676,1114.0
scanId=175634,2.9271,606.379589145756,1234.0
scanId=175634,2.9271,609.2900336409218,1773.0
scanId=175634,2.9271,609.3042479704104,3301.0
scanId=175634,2.9271,609.3184625428839,4941.0
scanId=175634,2.9271,609.3326772039871,5911.0
scanId=175634,2.9271,609.3468921080712,5353.0
scanId=175634,2.9271,609.3611071007888,4098.0
scanId=175634,2.9271,609.3753223364835,2745.0
scanId=175634,2.9271,609.3895376608159,1960.0
scanId=175634,2.9271,609.403753228121,1441.0
scanId=175634,2.9271,609.4179688840682,1057.0
scanId=175634,2.9271,610.313891943427,1490.0
scanId=175634,2.9271,610.3281182110438,2637.0
scanId=175634,2.9271,610.3423447214964,2845.0
scanId=175634,2.9271,610.356571320728,2340.0
scanId=175634,2.9271,610.3707981627911,1696.0
scanId=175634,2.9271,610.3850250936372,1105.0
scanId=175634,2.9271,625.3140267918673,1232.0
scanId=175634,2.9271,625.3284268258142,1300.0
scanId=175634,2.9271,625.3428271001833,1226.0
scanId=175634,2.9271,639.3017772436446,1112.0
scanId=175634,2.9271,639.3163374480872,1174.0
scanId=175634,2.9271,646.397595253147,1428.0
scanId=175634,2.9271,646.4122360403966,1720.0
scanId=175634,2.9271,646.426877064009,1214.0
scanId=175634,2.9271,659.4935213233096,1028.0
scanId=175634,2.9271,660.4107150847001,1313.0
scanId=175634,2.9271,660.4255137216513,1849.0
scanId=175634,2.9271,660.4403125918748,1747.0
scanId=175634,2.9271,660.4551115604432,1520.0
scanId=175634,2.9271,660.4699107622774,1075.0
scanId=175634,2.9271,663.3885805791531,1244.0
scanId=175634,2.9271,663.4034126104293,4449.0
scanId=175634,2.9271,663.4182447407413,9124.0
scanId=175634,2.9271,663.4330771036281,12034.0
scanId=175634,2.9271,663.4479095655576,11961.0
scanId=175634,2.9271,663.462742260055,10154.0
scanId=175634,2.9271,663.4775750536019,7672.0
scanId=175634,2.9271,663.4924080797097,5243.0
scanId=175634,2.9271,663.5072412048743,3495.0
scanId=175634,2.9271,663.5220745625926,2273.0
scanId=175634,2.9271,663.5369080193746,1623.0
scanId=175634,2.9271,663.5517417087036,1084.0
scanId=175634,2.9271,664.4123774501221,2301.0
scanId=175634,2.9271,664.4272208554299,4460.0
scanId=175634,2.9271,664.4420644930748,5947.0
scanId=175634,2.9271,664.4569082300002,6784.0
scanId=175634,2.9271,664.4717521992554,6005.0
scanId=175634,2.9271,664.4865962677985,4659.0
scanId=175634,2.9271,664.5014405686643,3813.0
scanId=175634,2.9271,664.5162849688248,2927.0
scanId=175634,2.9271,664.5311296013012,2091.0
scanId=175634,2.9271,664.5459743330792,1411.0
scanId=175634,2.9271,665.4072544006812,1076.0
scanId=175634,2.9271,665.4221089814732,1268.0
scanId=175634,2.9271,665.4369636617787,1433.0
scanId=175634,2.9271,665.4518185741814,1362.0
scanId=175634,2.9271,680.4497686830643,1202.0
scanId=175634,2.9271,680.4647901671929,1424.0
scanId=175634,2.9271,680.4798118796912,1223.0
scanId=175634,2.9271,685.4007935164914,1840.0
scanId=175634,2.9271,685.4158696131161,2328.0
scanId=175634,2.9271,685.4309458142773,2064.0
scanId=175634,2.9271,685.4460222425125,1722.0
scanId=175634,2.9271,685.4610987752919,1442.0
scanId=175634,2.9271,685.4761755351378,1014.0
scanId=175634,2.9271,686.41125656812,1289.0
scanId=175634,2.9271,686.4263437126917,1323.0
scanId=175634,2.9271,686.4414310840745,1212.0
scanId=175634,2.9271,686.4565185602646,1123.0
scanId=175634,2.9271,722.4630561431144,1279.0
scanId=175634,2.9271,722.4785344833093,1899.0
scanId=175634,2.9271,722.4940129385607,2071.0
scanId=175634,2.9271,722.5094916103661,1842.0
scanId=175634,2.9271,722.5249703972373,1487.0
scanId=175634,2.9271,722.5404494006534,1358.0
scanId=175634,2.9271,722.5559285191445,1366.0
scanId=175634,2.9271,722.571407854171,1186.0
scanId=175634,2.9271,722.5868873042821,1151.0
scanId=175634,2.9271,722.6023669709192,1146.0
scanId=175634,2.9271,723.484980578498,1087.0
scanId=175634,2.9271,723.5004698618403,1086.0
scanId=175634,2.9271,728.5898928407886,1004.0
scanId=175634,2.9271,728.6054366251732,1000.0
scanId=175634,2.9271,736.4762445245176,4252.0
scanId=175634,2.9271,736.4918722088086,11759.0
scanId=175634,2.9271,736.5075001053515,21859.0
scanId=175634,2.9271,736.5231281212626,29076.0
scanId=175634,2.9271,736.5387563494161,29650.0
scanId=175634,2.9271,736.5543846969474,25218.0
scanId=175634,2.9271,736.5700132567116,19713.0
scanId=175634,2.9271,736.5856419358632,15340.0
scanId=175634,2.9271,736.6012708272378,11363.0
scanId=175634,2.9271,736.6168998380098,7940.0
scanId=175634,2.9271,736.6325290609949,5544.0
scanId=175634,2.9271,736.6481584033871,3952.0
scanId=175634,2.9271,736.6637879579829,2649.0
scanId=175634,2.9271,736.6794176319954,1734.0
scanId=175634,2.9271,736.6950475182018,1219.0
scanId=175634,2.9271,737.4611138972249,1143.0
scanId=175634,2.9271,737.4767520736943,2127.0
scanId=175634,2.9271,737.4923903698352,5818.0
scanId=175634,2.9271,737.5080288779151,12579.0
scanId=175634,2.9271,737.5236675056763,18086.0
scanId=175634,2.9271,737.5393063453666,19470.0
scanId=175634,2.9271,737.554945304748,17074.0
scanId=175634,2.9271,737.5705844760491,13250.0
scanId=175634,2.9271,737.586223767051,9701.0
scanId=175634,2.9271,737.6018632699626,7055.0
scanId=175634,2.9271,737.6175028925846,5077.0
scanId=175634,2.9271,737.6331427271066,3461.0
scanId=175634,2.9271,737.6487826813493,2413.0
scanId=175634,2.9271,737.6644228474818,1809.0
scanId=175634,2.9271,737.6800631333443,1509.0
scanId=175634,2.9271,737.6957036310876,1174.0
scanId=175634,2.9271,738.4935876792596,1198.0
scanId=175634,2.9271,738.5092367988764,2480.0
scanId=175634,2.9271,738.5248860384886,4204.0
scanId=175634,2.9271,738.5405354897159,4504.0
scanId=175634,2.9271,738.5561850609486,3909.0
scanId=175634,2.9271,738.5718348437864,2907.0
scanId=175634,2.9271,738.5874847466392,2350.0
scanId=175634,2.9271,738.6031348610877,2070.0
scanId=175634,2.9271,738.6187850955608,1811.0
scanId=175634,2.9271,738.6344355416197,1378.0
scanId=175634,2.9271,764.5083214386192,2143.0
scanId=175634,2.9271,764.5242438053109,4581.0
scanId=175634,2.9271,764.5401663003796,6954.0
scanId=175634,2.9271,764.556088998682,7904.0
scanId=175634,2.9271,764.5720118253716,7955.0
scanId=175634,2.9271,764.5879348552845,7273.0
scanId=175634,2.9271,764.6038580135952,5872.0
scanId=175634,2.9271,764.6197813751185,4194.0
scanId=175634,2.9271,764.6357048650505,2799.0
scanId=175634,2.9271,764.6516285581841,2070.0
scanId=175634,2.9271,764.667552379737,1430.0
scanId=175634,2.9271,765.5117532024824,1436.0
scanId=175634,2.9271,765.5276859778028,2485.0
scanId=175634,2.9271,765.5436189560313,3884.0
scanId=175634,2.9271,765.559552062973,5370.0
scanId=175634,2.9271,765.5754853728121,6009.0
scanId=175634,2.9271,765.5914188113745,5145.0
scanId=175634,2.9271,765.6073524528243,3706.0
scanId=175634,2.9271,765.6232862230079,2489.0
scanId=175634,2.9271,765.639220196068,1747.0
scanId=175634,2.9271,765.6551542978727,1143.0
scanId=175634,2.9271,766.5317862789125,1070.0
scanId=175634,2.9271,766.5477296661063,1657.0
scanId=175634,2.9271,766.5636732558718,1819.0
scanId=175634,2.9271,766.5796169746869,1616.0
scanId=175634,2.9271,766.5955608960628,1270.0
scanId=175634,2.9271,766.6115049464988,1155.0
scanId=175634,2.9271,766.6274491994856,1055.0
scanId=175634,2.9271,791.5241168871011,1004.0
scanId=175634,2.9271,791.5403181382466,1093.0
scanId=175634,2.9271,791.556519526806,1116.0
scanId=175634,2.9271,810.7241209257202,2000.0
scanId=175634,2.9271,810.7405174954665,2840.0
scanId=175634,2.9271,810.7569142091629,2553.0
scanId=175634,2.9271,810.7733111105201,2087.0
scanId=175634,2.9271,810.7897081558382,1530.0
scanId=175634,2.9271,810.8061053888056,1132.0
scanId=175634,2.9271,811.7082079350408,1289.0
scanId=175634,2.9271,811.7246144531033,1791.0
scanId=175634,2.9271,811.7410211154516,1914.0
scanId=175634,2.9271,811.7574279651244,1894.0
scanId=175634,2.9271,811.7738349590949,1718.0
scanId=175634,2.9271,811.7902421403782,1431.0
scanId=175634,2.9271,822.6881761111754,1022.0
scanId=175634,2.9271,822.704693203578,2482.0
scanId=175634,2.9271,822.7212104795566,3955.0
scanId=175634,2.9271,822.7377279035809,5137.0
scanId=175634,2.9271,822.7542455111701,5032.0
scanId=175634,2.9271,822.7707632668163,3937.0
scanId=175634,2.9271,822.7872812060159,2815.0
scanId=175634,2.9271,822.8037992932842,2035.0
scanId=175634,2.9271,822.8203175640944,1428.0
scanId=175634,2.9271,823.7125499340368,1648.0
scanId=175634,2.9271,823.729077306716,2279.0
scanId=175634,2.9271,823.7456048626209,2746.0
scanId=175634,2.9271,823.7621325669221,3322.0
scanId=175634,2.9271,823.7786604544375,2981.0
scanId=175634,2.9271,823.7951884903604,2314.0
scanId=175634,2.9271,823.8117167094864,1620.0
scanId=175634,2.9271,823.828245077031,1152.0
scanId=175634,2.9271,824.7210236189724,1315.0
scanId=175634,2.9271,824.7375611231931,1922.0
scanId=175634,2.9271,824.7540987761491,2159.0
scanId=175634,2.9271,824.7706366119805,1733.0
scanId=175634,2.9271,824.7871745965584,1293.0
scanId=175634,2.9271,824.8037127640004,1007.0
scanId=175634,2.9271,825.49846516309,1480.0
scanId=175634,2.9271,825.5150104433483,2370.0
scanId=175634,2.9271,825.5315559062217,2923.0
scanId=175634,2.9271,825.5481015181019,2658.0
scanId=175634,2.9271,825.5646473125859,1892.0
scanId=175634,2.9271,825.5811932560879,1317.0
scanId=175634,2.9271,825.9948959494646,1381.0
scanId=175634,2.9271,826.0114462040505,2013.0
scanId=175634,2.9271,826.0279966410818,2316.0
scanId=175634,2.9271,826.0445472272897,2001.0
scanId=175634,2.9271,826.0610979959315,1536.0
scanId=175634,2.9271,826.077648913761,1134.0
scanId=175634,2.9271,826.5411421637606,1160.0
scanId=175634,2.9271,826.5576979065603,1019.0
scanId=175634,2.9271,827.0213257926522,1070.0
scanId=175634,2.9271,827.0378863275151,1217.0
scanId=175634,2.9271,827.054447044473,1058.0
scanId=175634,2.9271,827.6507429899837,1425.0
scanId=175634,2.9271,827.6673098256617,2604.0
scanId=175634,2.9271,827.6838768432194,3577.0
scanId=175634,2.9271,827.7004440105196,3621.0
scanId=175634,2.9271,827.7170113596878,3046.0
scanId=175634,2.9271,827.7335788586098,2215.0
scanId=175634,2.9271,827.7501465393885,1422.0
scanId=175634,2.9271,829.706296063045,1059.0
scanId=175634,2.9271,829.7228834592781,1185.0
scanId=175634,2.9271,836.7209094155927,1406.0
scanId=175634,2.9271,836.7375667840408,1764.0
scanId=175634,2.9271,836.7542243312729,1779.0
scanId=175634,2.9271,836.7708820313429,1959.0
scanId=175634,2.9271,836.7875399101854,2079.0
scanId=175634,2.9271,836.8041979418772,1902.0
scanId=175634,2.9271,836.8208561523301,1407.0
scanId=175634,2.9271,836.8375145156441,1017.0
scanId=175634,2.9271,837.7373127091975,1080.0
scanId=175634,2.9271,837.7539802047451,1584.0
scanId=175634,2.9271,837.7706478534718,1813.0
scanId=175634,2.9271,837.78731568063,1404.0
scanId=175634,2.9271,842.6948452779108,1003.0
scanId=175634,2.9271,842.7115620066769,1123.0
scanId=175634,2.9271,848.7068078592455,1429.0
scanId=175634,2.9271,848.7235841230464,2278.0
scanId=175634,2.9271,848.7403605437531,3351.0
scanId=175634,2.9271,848.7571371391643,4247.0
scanId=175634,2.9271,848.7739138914932,4198.0
scanId=175634,2.9271,848.7906908185149,3504.0
scanId=175634,2.9271,848.8074679024655,2491.0
scanId=175634,2.9271,848.8242451610981,1704.0
scanId=175634,2.9271,848.8410225766704,1188.0
scanId=175634,2.9271,849.7136769005757,1048.0
scanId=175634,2.9271,849.7304631126922,2143.0
scanId=175634,2.9271,849.747249482056,2710.0
scanId=175634,2.9271,849.764036025783,2569.0
scanId=175634,2.9271,849.7808227267684,2071.0
scanId=175634,2.9271,849.7976096021061,1417.0
scanId=175634,2.9271,850.7379390115149,1237.0
scanId=175634,2.9271,850.754735329535,1760.0
scanId=175634,2.9271,850.7715318215782,1981.0
scanId=175634,2.9271,850.7883284712202,1794.0
scanId=175634,2.9271,850.8051252948736,1284.0
scanId=175634,2.9271,853.6798198086068,1239.0
scanId=175634,2.9271,853.6966451507658,2050.0
scanId=175634,2.9271,853.713470651512,2554.0
scanId=175634,2.9271,853.7302963252814,2393.0
scanId=175634,2.9271,853.7471221576496,2055.0
scanId=175634,2.9271,853.7639481630296,1649.0
scanId=175634,2.9271,853.7807743270196,1182.0
scanId=175634,2.9271,860.7610514538425,1274.0
scanId=175634,2.9271,860.7779464342121,1055.0
scanId=175634,2.9271,868.5502456717408,1055.0
scanId=175634,2.9271,868.567216922532,1272.0
scanId=175634,2.9271,868.5841883368959,1514.0
scanId=175634,2.9271,868.6011599192974,1780.0
scanId=175634,2.9271,868.6181316652834,1809.0
scanId=175634,2.9271,868.6351035792956,1400.0
scanId=175634,2.9271,869.5518331010695,1023.0
scanId=175634,2.9271,869.5688141324662,1169.0
scanId=175634,2.9271,869.5857953315731,1484.0
scanId=175634,2.9271,869.6027766945917,1463.0
scanId=175634,2.9271,869.6197582253092,1229.0
scanId=175634,2.9271,872.7471817569683,1003.0
scanId=175634,2.9271,872.7641939608147,1057.0
scanId=175634,2.9271,872.7812063313112,1285.0
scanId=175634,2.9271,872.7982188667797,1025.0
scanId=175634,2.9271,874.738734829802,1326.0
scanId=175634,2.9271,874.7557664337091,1471.0
scanId=175634,2.9271,874.7727982032413,1580.0
scanId=175634,2.9271,874.7898301387589,1409.0
scanId=175634,2.9271,878.7286502165621,1067.0
scanId=175634,2.9271,878.7627911881796,1062.0
scanId=175634,2.9271,878.7798619221293,1609.0
scanId=175634,2.9271,878.7969328230292,1830.0
scanId=175634,2.9271,878.8140038885892,1714.0
scanId=175634,2.9271,878.8310751211113,1232.0
scanId=175634,2.9271,898.7453560033994,1054.0
scanId=175634,2.9271,898.7626197346759,1549.0
scanId=175634,2.9271,898.7798836393724,2062.0
scanId=175634,2.9271,898.7971477022595,2027.0
scanId=175634,2.9271,898.8144119385773,1974.0
scanId=175634,2.9271,898.8316763330752,1627.0
scanId=175634,2.9271,898.8489409010144,1261.0
scanId=175634,2.9271,899.7642000668085,1218.0
scanId=175634,2.9271,899.7814735885289,1100.0
scanId=175634,2.9271,900.7663381770826,1467.0
scanId=175634,2.9271,900.7836213158265,1966.0
scanId=175634,2.9271,900.8009046121242,2013.0
scanId=175634,2.9271,900.8181880824894,1651.0
scanId=175634,2.9271,900.8354717103979,1166.0
scanId=175634,2.9271,901.7517414840937,1270.0
scanId=175634,2.9271,901.7690340654863,1665.0
scanId=175634,2.9271,901.7863268212532,1779.0
scanId=175634,2.9271,901.8036197342561,1728.0
scanId=175634,2.9271,901.8209128216445,1411.0
scanId=175634,2.9271,901.8382060662582,1063.0
scanId=175634,2.9271,903.7068528938779,1061.0
scanId=175634,2.9271,903.7241642204466,1021.0
scanId=175634,2.9271,905.6987417974921,1194.0
scanId=175634,2.9271,905.7160721824849,1726.0
scanId=175634,2.9271,905.7334027430969,2011.0
scanId=175634,2.9271,905.7507334597001,2021.0
scanId=175634,2.9271,905.7680643519336,1789.0
scanId=175634,2.9271,905.7853954001473,1453.0
scanId=175634,2.9271,905.8027266240022,1207.0
scanId=175634,2.9271,956.5648006430691,1028.0
scanId=175634,2.9271,956.5826110591474,1766.0
scanId=175634,2.9271,956.6004216161843,2036.0
scanId=175634,2.9271,956.6182323638834,1700.0
scanId=175634,2.9271,956.6360432525308,1128.0
scanId=175634,2.9271,957.615898168199,1032.0
scanId=175634,2.9271,957.6337183419413,1088.0
scanId=175634,2.9271,961.5760469576954,1262.0
scanId=175634,2.9271,961.5939039402065,1429.0
scanId=175634,2.9271,961.6117611147379,1097.0
scanId=175634,2.9271,987.5161983482183,3138.0
scanId=175634,2.9271,987.5342946205959,12264.0
scanId=175634,2.9271,987.5523910259078,33759.0
scanId=175634,2.9271,987.5704876299051,70882.0
scanId=175634,2.9271,987.5885843668275,111191.0
scanId=175634,2.9271,987.6066813024439,135439.0
scanId=175634,2.9271,987.6247783709769,136261.0
scanId=175634,2.9271,987.6428756382126,117783.0
scanId=175634,2.9271,987.6609730383562,89955.0
scanId=175634,2.9271,987.6790706372111,64303.0
scanId=175634,2.9271,987.6971683689651,44362.0
scanId=175634,2.9271,987.7152662994397,29924.0
scanId=175634,2.9271,987.7333643628042,20080.0
scanId=175634,2.9271,987.7514626248978,13345.0
scanId=175634,2.9271,987.7695610198731,9096.0
scanId=175634,2.9271,987.787659613586,6475.0
scanId=175634,2.9271,987.8057583401718,4719.0
scanId=175634,2.9271,987.8238572655041,3709.0
scanId=175634,2.9271,987.8419563237002,2938.0
scanId=175634,2.9271,987.860055580652,2253.0
scanId=175634,2.9271,987.8781549704586,1859.0
scanId=175634,2.9271,987.8962545590294,1818.0
scanId=175634,2.9271,987.9143542804468,1944.0
scanId=175634,2.9271,987.932454200637,2117.0
scanId=175634,2.9271,987.9505542536648,1958.0
scanId=175634,2.9271,987.9686545054745,1852.0
scanId=175634,2.9271,987.9867548901127,1668.0
scanId=175634,2.9271,988.0048554735417,1616.0
scanId=175634,2.9271,988.0229561897905,1522.0
scanId=175634,2.9271,988.0410571048387,1537.0
scanId=175634,2.9271,988.0591581526983,1401.0
scanId=175634,2.9271,988.0772593993656,1192.0
scanId=175634,2.9271,988.0953607788354,1295.0
scanId=175634,2.9271,988.1134623571223,1333.0
scanId=175634,2.9271,988.1315640682027,1116.0
scanId=175634,2.9271,988.1496659781088,1151.0
scanId=175634,2.9271,988.1677680207999,1087.0
scanId=175634,2.9271,988.1858702623252,1050.0
scanId=175634,2.9271,988.2039726366266,1170.0
scanId=175634,2.9271,988.2220752097716,1243.0
scanId=175634,2.9271,988.2401779156835,1490.0
scanId=175634,2.9271,988.2582808204478,1397.0
scanId=175634,2.9271,988.2763838579702,1273.0
scanId=175634,2.9271,988.2944870943535,1375.0
scanId=175634,2.9271,988.3125904634867,1546.0
scanId=175634,2.9271,988.3306940314892,1474.0
scanId=175634,2.9271,988.3487977322327,1351.0
scanId=175634,2.9271,988.3669016318548,1196.0
scanId=175634,2.9271,988.3850056642088,1078.0
scanId=175634,2.9271,988.4031098954501,1101.0
scanId=175634,2.9271,988.4212142594149,1426.0
scanId=175634,2.9271,988.4393188222754,1501.0
scanId=175634,2.9271,988.4574235178507,1196.0
scanId=175634,2.9271,988.4755284123305,1019.0
scanId=175634,2.9271,988.4936334395161,1294.0
scanId=175634,2.9271,988.5117386656154,2341.0
scanId=175634,2.9271,988.5298440244115,6930.0
scanId=175634,2.9271,988.54794958213,18846.0
scanId=175634,2.9271,988.5660552725368,41434.0
scanId=175634,2.9271,988.5841611618745,71572.0
scanId=175634,2.9271,988.6022671838916,95481.0
scanId=175634,2.9271,988.6203734048488,101452.0
scanId=175634,2.9271,988.6384797584766,91889.0
scanId=175634,2.9271,988.6565863110532,71818.0
scanId=175634,2.9271,988.6746929962914,51086.0
scanId=175634,2.9271,988.6927998804869,34676.0
scanId=175634,2.9271,988.7109068973358,22624.0
scanId=175634,2.9271,988.7290141131507,14886.0
scanId=175634,2.9271,988.74712146161,10093.0
scanId=175634,2.9271,988.7652290090443,6830.0
scanId=175634,2.9271,988.7833366891142,4886.0
scanId=175634,2.9271,988.8014445681677,3700.0
scanId=175634,2.9271,988.8195525798482,3233.0
scanId=175634,2.9271,988.8376607905209,3252.0
scanId=175634,2.9271,988.8557691338117,3026.0
scanId=175634,2.9271,988.8738776761039,2987.0
scanId=175634,2.9271,988.8919863510054,3065.0
scanId=175634,2.9271,988.9100952249169,2758.0
scanId=175634,2.9271,988.9282042314288,2517.0
scanId=175634,2.9271,988.9463134369594,2369.0
scanId=175634,2.9271,988.964422775082,1927.0
scanId=175634,2.9271,988.9825323122319,1937.0
scanId=175634,2.9271,989.0006419819649,2138.0
scanId=175634,2.9271,989.0187518507342,2218.0
scanId=175634,2.9271,989.0368618520778,2027.0
scanId=175634,2.9271,989.054972052466,1962.0
scanId=175634,2.9271,989.0730823854203,1909.0
scanId=175634,2.9271,989.0911929174281,1834.0
scanId=175634,2.9271,989.1093035819929,2100.0
scanId=175634,2.9271,989.1274144456198,2372.0
scanId=175634,2.9271,989.1455254417949,2693.0
scanId=175634,2.9271,989.1636366370413,2774.0
scanId=175634,2.9271,989.181747964827,2604.0
scanId=175634,2.9271,989.1998594916925,2279.0
scanId=175634,2.9271,989.2179711510888,1937.0
scanId=175634,2.9271,989.2360830095736,1712.0
scanId=175634,2.9271,989.2541950005802,1784.0
scanId=175634,2.9271,989.2723071906845,2069.0
scanId=175634,2.9271,989.2904195133017,2151.0
scanId=175634,2.9271,989.3085320350252,2022.0
scanId=175634,2.9271,989.3266446892529,1847.0
scanId=175634,2.9271,989.3447575425955,1896.0
scanId=175634,2.9271,989.3628705284341,1837.0
scanId=175634,2.9271,989.3809837133957,1648.0
scanId=175634,2.9271,989.3990970308446,1626.0
scanId=175634,2.9271,989.417210547426,1820.0
scanId=175634,2.9271,989.4353241964852,1702.0
scanId=175634,2.9271,989.4534380446855,1584.0
scanId=175634,2.9271,989.4715520253557,1748.0
scanId=175634,2.9271,989.4896662051752,1757.0
scanId=175634,2.9271,989.5077805174558,1575.0
scanId=175634,2.9271,989.5258950288948,2027.0
scanId=175634,2.9271,989.5440096727856,5357.0
scanId=175634,2.9271,989.562124515844,13069.0
scanId=175634,2.9271,989.5802394913454,23184.0
scanId=175634,2.9271,989.5983546660228,31949.0
scanId=175634,2.9271,989.616469973135,35144.0
scanId=175634,2.9271,989.6345854794316,34209.0
scanId=175634,2.9271,989.6527011181541,28462.0
scanId=175634,2.9271,989.6708169560702,20854.0
scanId=175634,2.9271,989.6889329264033,15178.0
scanId=175634,2.9271,989.7070490959385,10851.0
scanId=175634,2.9271,989.7251653978822,7604.0
scanId=175634,2.9271,989.7432818990367,5326.0
scanId=175634,2.9271,989.761398532591,4445.0
scanId=175634,2.9271,989.7795153653645,3756.0
scanId=175634,2.9271,989.7976323305292,3214.0
scanId=175634,2.9271,989.8157494949223,2859.0
scanId=175634,2.9271,989.8338667916975,2611.0
scanId=175634,2.9271,989.8519842877096,2667.0
scanId=175634,2.9271,989.8701019160955,2442.0
scanId=175634,2.9271,989.8882197437268,1858.0
scanId=175634,2.9271,989.906337703723,1491.0
scanId=175634,2.9271,989.924455862974,1343.0
scanId=175634,2.9271,989.9425741545807,1193.0
scanId=175634,2.9271,989.9606926454508,1078.0
scanId=175634,2.9271,989.978811268668,1101.0
scanId=175634,2.9271,989.9969300911572,1263.0
scanId=175634,2.9271,990.0150490459852,1402.0
scanId=175634,2.9271,990.0331682000935,1314.0
scanId=175634,2.9271,990.0512874865318,1214.0
scanId=175634,2.9271,990.0694069722597,1431.0
scanId=175634,2.9271,990.0875265903085,1807.0
scanId=175634,2.9271,990.1056464076553,1886.0
scanId=175634,2.9271,990.1237663573148,1687.0
scanId=175634,2.9271,990.1418865062809,1462.0
scanId=175634,2.9271,990.1600067875511,1284.0
scanId=175634,2.9271,990.1781272681364,1356.0
scanId=175634,2.9271,990.1962478810168,1518.0
scanId=175634,2.9271,990.2143686932216,1425.0
scanId=175634,2.9271,990.2324896377125,1246.0
scanId=175634,2.9271,990.2506107815364,1383.0
scanId=175634,2.9271,990.2687320576381,1526.0
scanId=175634,2.9271,990.2868535330812,1387.0
scanId=175634,2.9271,990.3049751407932,1292.0
scanId=175634,2.9271,990.3230969478556,1401.0
scanId=175634,2.9271,990.3412188871781,1410.0
scanId=175634,2.9271,990.3593410258596,1585.0
scanId=175634,2.9271,990.3774632967929,1574.0
scanId=175634,2.9271,990.3955857670936,1596.0
scanId=175634,2.9271,990.4137083696374,1494.0
scanId=175634,2.9271,990.4318311715574,1345.0
scanId=175634,2.9271,990.4499541057115,1562.0
scanId=175634,2.9271,990.4680772392509,1765.0
scanId=175634,2.9271,990.4862005050155,1716.0
scanId=175634,2.9271,990.5043239701739,1535.0
scanId=175634,2.9271,990.5224475675493,1329.0
scanId=175634,2.9271,990.540571364327,1595.0
scanId=175634,2.9271,990.5586952933127,2708.0
scanId=175634,2.9271,990.5768194217097,4323.0
scanId=175634,2.9271,990.5949436823059,6475.0
scanId=175634,2.9271,990.6130681423222,8362.0
scanId=175634,2.9271,990.6311927345289,8406.0
scanId=175634,2.9271,990.6493175261643,7030.0
scanId=175634,2.9271,990.6674424499818,5283.0
scanId=175634,2.9271,990.6855675732363,3806.0
scanId=175634,2.9271,990.7036928286641,2603.0
scanId=175634,2.9271,990.721818283538,1964.0
scanId=175634,2.9271,990.7399438705763,1806.0
scanId=175634,2.9271,990.7580696570693,1695.0
scanId=175634,2.9271,990.7761955757184,1573.0
scanId=175634,2.9271,990.7943216938305,1505.0
scanId=175634,2.9271,990.8124479440902,1416.0
scanId=175634,2.9271,990.8305743938215,1324.0
scanId=175634,2.9271,990.8487009756915,1120.0
scanId=175634,2.9271,991.2293978668844,1004.0
scanId=175634,2.9271,991.265658525632,1057.0
scanId=175634,2.9271,991.2837890868283,1017.0
scanId=175634,2.9271,991.5195017072983,1031.0
scanId=175634,2.9271,991.5376345897683,1209.0
scanId=175634,2.9271,991.5557676718837,1143.0
scanId=175634,2.9271,991.5739008859643,1118.0
scanId=175634,2.9271,991.592034299699,1402.0
scanId=175634,2.9271,991.6101678453899,1829.0
scanId=175634,2.9271,991.6283015907438,1882.0
scanId=175634,2.9271,991.6464354680454,1668.0
scanId=175634,2.9271,991.6645695450186,1362.0
scanId=175634,2.9271,991.6827037539306,1004.0
scanId=175634,2.9271,991.7189727030456,1068.0
scanId=175634,2.9271,991.7371074432568,1099.0
scanId=175634,2.9271,1009.5522439312708,1327.0
scanId=175634,2.9271,1009.5705409609523,1780.0
scanId=175634,2.9271,1009.5888381944,1951.0
scanId=175634,2.9271,1009.6071355556919,1827.0
scanId=175634,2.9271,1009.625433120758,1474.0
scanId=175634,2.9271,1009.6437308136602,1006.0
scanId=175634,2.9271,1010.5771339994535,1559.0
scanId=175634,2.9271,1010.5954403142296,1635.0
scanId=175634,2.9271,1010.6137468329948,1350.0
scanId=175634,2.9271,1010.6320534793815,1245.0
scanId=175634,2.9271,1010.6503603297652,1020.0
scanId=175634,2.9271,1013.5999224400433,1604.0
scanId=175634,2.9271,1013.618256151518,1884.0
scanId=175634,2.9271,1013.6365899899679,1990.0
scanId=175634,2.9271,1013.6549240330608,1756.0
scanId=175634,2.9271,1013.6732582031212,1527.0
scanId=175634,2.9271,1013.6915925778325,1187.0
scanId=175634,2.9271,1014.6085217465031,1174.0
scanId=175634,2.9271,1014.6268645384373,1332.0
scanId=175634,2.9271,1014.6452075352249,1368.0
scanId=175634,2.9271,1014.6635506587695,1212.0
scanId=175634,2.9271,1014.6818939871756,1143.0
scanId=175634,2.9271,1014.7002374423307,1019.0
scanId=175634,2.9271,1015.617622580725,1197.0
scanId=175634,2.9271,1015.6359745312061,1105.0
scanId=175634,2.9271,1019.5487146944861,1562.0
scanId=175634,2.9271,1019.567102128113,2601.0
scanId=175634,2.9271,1019.5854896874683,3233.0
scanId=175634,2.9271,1019.6038774527134,3703.0
scanId=175634,2.9271,1019.6222653436791,3940.0
scanId=175634,2.9271,1019.6406534405421,4071.0
scanId=175634,2.9271,1019.6590416631187,3629.0
scanId=175634,2.9271,1019.6774300915997,2697.0
scanId=175634,2.9271,1019.6958186457866,1767.0
scanId=175634,2.9271,1019.7142074058859,1158.0
scanId=175634,2.9271,1020.5602686855634,1522.0
scanId=175634,2.9271,1020.5786651984032,1934.0
scanId=175634,2.9271,1020.5970619173361,2620.0
scanId=175634,2.9271,1020.6154587617862,3381.0
scanId=175634,2.9271,1020.6338558123374,3449.0
scanId=175634,2.9271,1020.652252988398,3023.0
scanId=175634,2.9271,1020.6706503705672,2805.0
scanId=175634,2.9271,1020.6890478782383,2412.0
scanId=175634,2.9271,1020.7074455920255,1644.0
scanId=175634,2.9271,1020.7258434313073,1121.0
scanId=175634,2.9271,1021.572324202977,1285.0
scanId=175634,2.9271,1021.5907298755972,1414.0
scanId=175634,2.9271,1021.6091356735316,1533.0
scanId=175634,2.9271,1021.6275416777694,1676.0
scanId=175634,2.9271,1021.6459478073145,1500.0
scanId=175634,2.9271,1021.6643541431705,1023.0
scanId=175634,2.9271,1041.5656226568358,1723.0
scanId=175634,2.9271,1041.5842075244557,2751.0
scanId=175634,2.9271,1041.6027926021875,2985.0
scanId=175634,2.9271,1041.6213778014173,2822.0
scanId=175634,2.9271,1041.6399632107666,2550.0
scanId=175634,2.9271,1041.6585487416069,2034.0
scanId=175634,2.9271,1041.6771344825736,1605.0
scanId=175634,2.9271,1041.6957203450245,1263.0
scanId=175634,2.9271,1042.5694439742297,1007.0
scanId=175634,2.9271,1042.588037795333,1246.0
scanId=175634,2.9271,1042.6066318267276,1507.0
scanId=175634,2.9271,1042.625225979442,1559.0
scanId=175634,2.9271,1042.6438203424527,1397.0
scanId=175634,2.9271,1042.6624148267774,1058.0
scanId=175634,2.9271,1045.6024295654286,1092.0
scanId=175634,2.9271,1045.6210504578012,1766.0
scanId=175634,2.9271,1045.639671470968,2310.0
scanId=175634,2.9271,1045.6582926949575,2407.0
scanId=175634,2.9271,1045.6769140397348,2315.0
scanId=175634,2.9271,1045.6955355953417,2021.0
scanId=175634,2.9271,1045.7141572717296,1444.0
scanId=175634,2.9271,1046.5895641727932,1446.0
scanId=175634,2.9271,1046.6081938078337,3542.0
scanId=175634,2.9271,1046.6268236538635,7359.0
scanId=175634,2.9271,1046.6454536205147,11097.0
scanId=175634,2.9271,1046.664083798161,12143.0
scanId=175634,2.9271,1046.6827140964226,10773.0
scanId=175634,2.9271,1046.701344605686,8601.0
scanId=175634,2.9271,1046.7199752355586,6645.0
scanId=175634,2.9271,1046.7386060764386,5221.0
scanId=175634,2.9271,1046.7572370379214,3643.0
scanId=175634,2.9271,1046.7758682104184,2252.0
scanId=175634,2.9271,1046.7944995035116,1408.0
scanId=175634,2.9271,1047.5958029545106,1117.0
scanId=175634,2.9271,1047.6144415430356,2983.0
scanId=175634,2.9271,1047.6330803427206,5407.0
scanId=175634,2.9271,1047.6517192628564,6799.0
scanId=175634,2.9271,1047.6703583941585,6680.0
scanId=175634,2.9271,1047.6889976459045,5782.0
scanId=175634,2.9271,1047.7076371088233,4321.0
scanId=175634,2.9271,1047.7262766921797,3047.0
scanId=175634,2.9271,1047.7449164867153,2190.0
scanId=175634,2.9271,1047.7635564016828,1541.0
scanId=175634,2.9271,1048.5838778072675,1224.0
scanId=175634,2.9271,1048.60252522899,1777.0
scanId=175634,2.9271,1048.6211727709992,1960.0
scanId=175634,2.9271,1048.6398205243388,2304.0
scanId=175634,2.9271,1048.6584683979584,2640.0
scanId=175634,2.9271,1048.6771164829154,2452.0
scanId=175634,2.9271,1048.6957646881456,1857.0
scanId=175634,2.9271,1048.7144131047187,1361.0
scanId=175634,2.9271,1048.7330616415593,1003.0
scanId=175634,2.9271,1049.665701025787,1054.0
scanId=175634,2.9271,1060.6271323710414,1334.0
scanId=175634,2.9271,1060.6458865732836,3546.0
scanId=175634,2.9271,1060.6646408938825,7582.0
scanId=175634,2.9271,1060.6833954277413,11364.0
scanId=175634,2.9271,1060.702150079951,13454.0
scanId=175634,2.9271,1060.7209049454254,12467.0
scanId=175634,2.9271,1060.7396599292456,9672.0
scanId=175634,2.9271,1060.7584151263363,6851.0
scanId=175634,2.9271,1060.7771704417669,4934.0
scanId=175634,2.9271,1060.7959259704744,3375.0
scanId=175634,2.9271,1060.8146816175156,2340.0
scanId=175634,2.9271,1060.8334374778387,1683.0
scanId=175634,2.9271,1060.8521934564903,1276.0
scanId=175634,2.9271,1060.8709496484298,1012.0
scanId=175634,2.9271,1061.6400952803408,2387.0
scanId=175634,2.9271,1061.6588584362205,4758.0
scanId=175634,2.9271,1061.6776217103036,7092.0
scanId=175634,2.9271,1061.6963851977994,9336.0
scanId=175634,2.9271,1061.715148803493,9902.0
scanId=175634,2.9271,1061.7339126226057,8812.0
scanId=175634,2.9271,1061.75267655991,6926.0
scanId=175634,2.9271,1061.771440710638,4903.0
scanId=175634,2.9271,1061.7902049795528,3331.0
scanId=175634,2.9271,1061.8089694618968,2132.0
scanId=175634,2.9271,1061.8277340624227,1416.0
scanId=175634,2.9271,1061.846498876383,1060.0
scanId=175634,2.9271,1062.653541681908,1921.0
scanId=175634,2.9271,1062.6723137914237,3424.0
scanId=175634,2.9271,1062.6910860189912,4653.0
scanId=175634,2.9271,1062.7098584601229,4697.0
scanId=175634,2.9271,1062.728631019301,3669.0
scanId=175634,2.9271,1062.7474037920485,2764.0
scanId=175634,2.9271,1062.7661766828376,2169.0
scanId=175634,2.9271,1062.7849497872016,1598.0
scanId=175634,2.9271,1062.8037230096006,1156.0
scanId=175634,2.9271,1063.7238152146747,1094.0
scanId=175634,2.9271,1063.7425967273368,1010.0
scanId=175634,2.9271,1088.6977857491145,1546.0
scanId=175634,2.9271,1088.7167864563357,1376.0
scanId=175634,2.9271,1088.735787380518,1036.0
scanId=175634,2.9271,1117.6740515727358,1123.0
scanId=175634,2.9271,1117.6933035286925,1474.0
scanId=175634,2.9271,1117.7125555966938,1711.0
scanId=175634,2.9271,1117.7318078842636,1502.0
scanId=175634,2.9271,1117.7510602838754,1202.0
scanId=175634,2.9271,1118.6561113850703,1434.0
scanId=175634,2.9271,1118.6753717433348,1859.0
scanId=175634,2.9271,1118.6946323212326,1775.0
scanId=175634,2.9271,1118.7138930111075,1525.0
scanId=175634,2.9271,1118.7331539206182,1160.0
scanId=175634,2.9271,1119.677140253096,1123.0
scanId=175634,2.9271,1119.6964094529335,1230.0
scanId=175634,2.9271,1119.7156787646823,1115.0
scanId=175634,2.9271,1119.7349482961324,1061.0
scanId=175634,2.9271,1276.2744457811218,2430.0
scanId=175634,2.9271,1276.2950183222447,5945.0
scanId=175634,2.9271,1276.3155910733994,9951.0
scanId=175634,2.9271,1276.3361639461334,11333.0
scanId=175634,2.9271,1276.3567370288908,10591.0
scanId=175634,2.9271,1276.3773102332348,8540.0
scanId=175634,2.9271,1276.3978836475949,6444.0
scanId=175634,2.9271,1276.4184571835494,4772.0
scanId=175634,2.9271,1276.4390309295122,3377.0
scanId=175634,2.9271,1276.4596047970779,2240.0
scanId=175634,2.9271,1276.4801788746431,1677.0
scanId=175634,2.9271,1276.5007530738187,1274.0
scanId=175634,2.9271,1277.2621158426355,2444.0
scanId=175634,2.9271,1277.2826963424109,5064.0
scanId=175634,2.9271,1277.30327705203,9164.0
scanId=175634,2.9271,1277.323857883416,12234.0
scanId=175634,2.9271,1277.3444389246374,12827.0
scanId=175634,2.9271,1277.3650200876345,11687.0
scanId=175634,2.9271,1277.3856014604587,9664.0
scanId=175634,2.9271,1277.406182955066,6750.0
scanId=175634,2.9271,1277.4267646594924,4642.0
scanId=175634,2.9271,1277.44734648571,3242.0
scanId=175634,2.9271,1277.4679285217396,2235.0
scanId=175634,2.9271,1277.4885106795682,1567.0
scanId=175634,2.9271,1277.5090930472002,1030.0
scanId=175634,2.9271,1278.2501679149323,1602.0
scanId=175634,2.9271,1278.2707563733609,3857.0
scanId=175634,2.9271,1278.2913450414421,7314.0
scanId=175634,2.9271,1278.311933831481,10726.0
scanId=175634,2.9271,1278.3325228311646,14017.0
scanId=175634,2.9271,1278.353111952814,14855.0
scanId=175634,2.9271,1278.3737012841007,13328.0
scanId=175634,2.9271,1278.394290737361,10833.0
scanId=175634,2.9271,1278.4148804002498,8175.0
scanId=175634,2.9271,1278.4354701851203,5644.0
scanId=175634,2.9271,1278.4560601796118,3794.0
scanId=175634,2.9271,1278.4766502960927,2523.0
scanId=175634,2.9271,1278.4972406221873,1602.0
scanId=175634,2.9271,1278.5178310702786,1023.0
scanId=175634,2.9271,1279.2386019979733,1352.0
scanId=175634,2.9271,1279.2591984150542,2540.0
scanId=175634,2.9271,1279.2797950415963,3974.0
scanId=175634,2.9271,1279.3003917902884,6251.0
scanId=175634,2.9271,1279.320988748433,9446.0
scanId=175634,2.9271,1279.3415858287349,11017.0
scanId=175634,2.9271,1279.3621831184819,10677.0
scanId=175634,2.9271,1279.3827805303945,8912.0
scanId=175634,2.9271,1279.403378151744,6526.0
scanId=175634,2.9271,1279.4239758952674,4424.0
scanId=175634,2.9271,1279.4445738482195,3036.0
scanId=175634,2.9271,1279.4651719233532,2038.0
scanId=175634,2.9271,1279.4857702079078,1314.0
scanId=175634,2.9271,1280.2686270524537,1867.0
scanId=175634,2.9271,1280.2892317597978,3884.0
scanId=175634,2.9271,1280.3098366764011,5720.0
scanId=175634,2.9271,1280.3304417153563,6796.0
scanId=175634,2.9271,1280.3510469635623,6928.0
scanId=175634,2.9271,1280.3716523341277,6081.0
scanId=175634,2.9271,1280.3922579139362,4868.0
scanId=175634,2.9271,1280.412863616112,3862.0
scanId=175634,2.9271,1280.4334695275231,2816.0
scanId=175634,2.9271,1280.4540755613095,1964.0
scanId=175634,2.9271,1280.4746818043227,1397.0
scanId=175634,2.9271,1280.4952881697195,1037.0
scanId=175634,2.9271,1281.2578410739736,1341.0
scanId=175634,2.9271,1281.2784537399705,2543.0
scanId=175634,2.9271,1281.2990666150313,3551.0
scanId=175634,2.9271,1281.3196796126385,4408.0
scanId=175634,2.9271,1281.340292819302,5031.0
scanId=175634,2.9271,1281.3609061485204,5057.0
scanId=175634,2.9271,1281.3815196867863,4039.0
scanId=175634,2.9271,1281.4021333476148,2826.0
scanId=175634,2.9271,1281.4227472174828,2000.0
scanId=175634,2.9271,1281.4433612099217,1592.0
scanId=175634,2.9271,1281.4639754113925,1293.0
scanId=175634,2.9271,1282.288678564283,1052.0
scanId=175634,2.9271,1282.309299520543,1103.0
scanId=175634,2.9271,1282.329920685662,1646.0
scanId=175634,2.9271,1282.3505419735327,1882.0
scanId=175634,2.9271,1282.3711634702538,1700.0
scanId=175634,2.9271,1282.3917850897355,1506.0
scanId=175634,2.9271,1282.412406918059,1292.0
scanId=175634,2.9271,1282.4330288691506,1233.0
scanId=175634,2.9271,1282.4536510290766,1122.0
scanId=175634,2.9271,1283.2786725241158,1138.0
scanId=175634,2.9271,1283.2993014390288,1285.0
scanId=175634,2.9271,1283.319930562602,1589.0
scanId=175634,2.9271,1283.3405598091251,1677.0
scanId=175634,2.9271,1283.3611892643005,1342.0
scanId=175634,2.9271,1284.3103224500815,1049.0
scanId=175634,2.9271,1284.3309596552579,1029.0
scanId=175634,2.9271,1299.8140508323042,1021.0
scanId=175634,2.9271,1299.8348122649327,1005.0
scanId=175634,2.9271,1306.3620957187104,1075.0
scanId=175634,2.9271,1315.8285383330324,1201.0
scanId=175634,2.9271,1315.8494272305988,1113.0
scanId=175634,2.9271,1318.3154833357473,1451.0
scanId=175634,2.9271,1318.3363919989647,2032.0
scanId=175634,2.9271,1318.357300793163,2195.0
scanId=175634,2.9271,1318.3782097879796,1977.0
scanId=175634,2.9271,1318.3991189137882,1682.0
scanId=175634,2.9271,1318.4200282402048,1292.0
scanId=175634,2.9271,1319.2983689385132,1035.0
scanId=175634,2.9271,1319.3192853597534,1688.0
scanId=175634,2.9271,1319.3402019813643,2192.0
scanId=175634,2.9271,1319.361118734215,2395.0
scanId=175634,2.9271,1319.3820356874264,2088.0
scanId=175634,2.9271,1319.4029527718876,1644.0
scanId=175634,2.9271,1319.423870056698,1229.0
scanId=175634,2.9271,1319.4447874727698,1035.0
scanId=175634,2.9271,1319.46570508918,1106.0
scanId=175634,2.9271,1320.302545012967,1249.0
scanId=175634,2.9271,1320.32346939286,2128.0
scanId=175634,2.9271,1320.3443939728631,2680.0
scanId=175634,2.9271,1320.3653186843667,2798.0
scanId=175634,2.9271,1320.3862435959695,2471.0
scanId=175634,2.9271,1320.4071686390835,1822.0
scanId=175634,2.9271,1320.4280938822862,1338.0
scanId=175634,2.9271,1321.328035435026,1388.0
scanId=175634,2.9271,1321.3489679734203,2336.0
scanId=175634,2.9271,1321.3699006435766,2639.0
scanId=175634,2.9271,1321.39083351357,2354.0
scanId=175634,2.9271,1321.4117665153367,1744.0
scanId=175634,2.9271,1321.4326997169296,1144.0
scanId=175634,2.9271,1332.3614348527215,1307.0
scanId=175634,2.9271,1332.3824546017045,1752.0
scanId=175634,2.9271,1332.4034744854293,2200.0
scanId=175634,2.9271,1332.424494566011,2190.0
scanId=175634,2.9271,1332.4455147813462,1674.0
scanId=175634,2.9271,1332.4665351935262,1145.0
scanId=175634,2.9271,1333.349541572711,1082.0
scanId=175634,2.9271,1333.370569083478,2171.0
scanId=175634,2.9271,1333.3915967908313,3004.0
scanId=175634,2.9271,1333.412624633209,3305.0
scanId=175634,2.9271,1333.4336526721615,3092.0
scanId=175634,2.9271,1333.4546808461498,2310.0
scanId=175634,2.9271,1333.4757092167004,1472.0
scanId=175634,2.9271,1334.3590498533588,1706.0
scanId=175634,2.9271,1334.3800853227785,2490.0
scanId=175634,2.9271,1334.401120988501,2920.0
scanId=175634,2.9271,1334.422156789531,2715.0
scanId=175634,2.9271,1334.4431927868523,2116.0
scanId=175634,2.9271,1334.464228919493,1572.0
scanId=175634,2.9271,1334.4852652484135,1064.0
scanId=175634,2.9271,1335.3689401425104,1184.0
scanId=175634,2.9271,1335.389983570583,1790.0
scanId=175634,2.9271,1335.4110271946734,1996.0
scanId=175634,2.9271,1335.4320709543563,1946.0
scanId=175634,2.9271,1335.4531149100446,1539.0
scanId=175634,2.9271,1335.4741590013382,1101.0
scanId=175634,2.9271,1342.9130880616597,1020.0
scanId=175634,2.9271,1342.9341908480167,1120.0
scanId=175634,2.9271,1521.9339564835284,1502.0
scanId=175634,2.9271,1521.956421857544,1633.0
scanId=175634,2.9271,1521.9788873518978,1751.0
scanId=175634,2.9271,1522.001353057524,1496.0
scanId=175634,2.9271,1522.0238188834655,1143.0
scanId=176632,2.943733333333,102.11945812823743,1350.0
scanId=176632,2.943733333333,102.12527748278399,1824.0
scanId=176632,2.943733333333,102.13109700313582,1704.0
scanId=176632,2.943733333333,102.13691668929287,1159.0
scanId=176632,2.943733333333,135.07622463778605,1082.0
scanId=176632,2.943733333333,135.08291756351133,1004.0
scanId=176632,2.943733333333,169.07423145331143,1143.0
scanId=176632,2.943733333333,169.08171930622856,1335.0
scanId=176632,2.943733333333,169.08920742142695,1105.0
scanId=176632,2.943733333333,206.14787658812693,1348.0
scanId=176632,2.943733333333,206.156144720616,1479.0
scanId=176632,2.943733333333,206.16441309231655,1162.0
scanId=176632,2.943733333333,244.08743532822794,1217.0
scanId=176632,2.943733333333,244.0964322204038,1650.0
scanId=176632,2.943733333333,244.105429232833,1375.0
scanId=176632,2.943733333333,248.11649242936642,1876.0
scanId=176632,2.943733333333,248.1255632676533,2183.0
scanId=176632,2.943733333333,248.13463422923016,1771.0
scanId=176632,2.943733333333,248.14370539911383,1148.0
scanId=176632,2.943733333333,262.09554256576735,1298.0
scanId=176632,2.943733333333,262.1048654175388,1549.0
scanId=176632,2.943733333333,262.1141884031169,1479.0
scanId=176632,2.943733333333,262.123511586485,1003.0
scanId=176632,2.943733333333,264.11312501001044,1052.0
scanId=176632,2.943733333333,264.12248367420875,1195.0
scanId=176632,2.943733333333,273.16423223135126,1179.0
scanId=176632,2.943733333333,273.17374987230903,1033.0
scanId=176632,2.943733333333,277.1378878168327,1107.0
scanId=176632,2.943733333333,290.1229042156162,1576.0
scanId=176632,2.943733333333,290.132712856216,2233.0
scanId=176632,2.943733333333,290.1425216512173,2302.0
scanId=176632,2.943733333333,290.15233062341366,1806.0
scanId=176632,2.943733333333,290.16213975002535,1198.0
scanId=176632,2.943733333333,291.12423902021993,1048.0
scanId=176632,2.943733333333,291.13406457224085,1120.0
scanId=176632,2.943733333333,292.1371412897361,1582.0
scanId=176632,2.943733333333,292.1469839090111,2450.0
scanId=176632,2.943733333333,292.1568267040502,2316.0
scanId=176632,2.943733333333,292.16666965493573,1698.0
scanId=176632,2.943733333333,292.1765127815714,1211.0
scanId=176632,2.943733333333,294.1484697292405,1461.0
scanId=176632,2.943733333333,294.1583461727894,2777.0
scanId=176632,2.943733333333,294.1682227906732,3010.0
scanId=176632,2.943733333333,294.17809956583255,2432.0
scanId=176632,2.943733333333,294.18797651531276,1547.0
scanId=176632,2.943733333333,294.1978536220828,1005.0
scanId=176632,2.943733333333,295.1567214513058,1047.0
scanId=176632,2.943733333333,295.1666148069916,1100.0
scanId=176632,2.943733333333,308.1783016301014,1030.0
scanId=176632,2.943733333333,331.20732187370083,1126.0
scanId=176632,2.943733333333,331.21780199791993,1153.0
scanId=176632,2.943733333333,368.39443187414173,1046.0
scanId=176632,2.943733333333,368.4054846683426,3438.0
scanId=176632,2.943733333333,368.41653766604406,4541.0
scanId=176632,2.943733333333,368.4275907918437,4043.0
scanId=176632,2.943733333333,368.43864412115585,2955.0
scanId=176632,2.943733333333,368.44969757855444,1985.0
scanId=176632,2.943733333333,368.46075123947713,1228.0
scanId=176632,2.943733333333,369.41198472351476,1053.0
scanId=176632,2.943733333333,369.42305277127025,1113.0
scanId=176632,2.943733333333,391.19588074331597,1221.0
scanId=176632,2.943733333333,391.2072704427044,1125.0
scanId=176632,2.943733333333,494.2662843147362,1862.0
scanId=176632,2.943733333333,494.27908688958235,6122.0
scanId=176632,2.943733333333,494.2918895514093,12766.0
scanId=176632,2.943733333333,494.30469245786617,18085.0
scanId=176632,2.943733333333,494.31749545130026,19093.0
scanId=176632,2.943733333333,494.3302986893676,16588.0
scanId=176632,2.943733333333,494.3431020144088,12605.0
scanId=176632,2.943733333333,494.35590558408654,8821.0
scanId=176632,2.943733333333,494.368709240735,5684.0
scanId=176632,2.943733333333,494.3815131420232,3719.0
scanId=176632,2.943733333333,494.3943171302785,2586.0
scanId=176632,2.943733333333,494.40712136317745,1810.0
scanId=176632,2.943733333333,494.4199256830399,1274.0
scanId=176632,2.943733333333,494.56078461767277,1008.0
scanId=176632,2.943733333333,494.7785150595488,3414.0
scanId=176632,2.943733333333,494.79132426660567,8260.0
scanId=176632,2.943733333333,494.80413356057454,12682.0
scanId=176632,2.943733333333,494.81694309924177,14205.0
scanId=176632,2.943733333333,494.829752724818,12278.0
scanId=176632,2.943733333333,494.8425625950957,8981.0
scanId=176632,2.943733333333,494.8553725522789,6259.0
scanId=176632,2.943733333333,494.8681827541673,4206.0
scanId=176632,2.943733333333,494.88099304295764,2629.0
scanId=176632,2.943733333333,494.89380357645643,1699.0
scanId=176632,2.943733333333,494.906614196854,1079.0
scanId=176632,2.943733333333,495.29101109141766,2631.0
scanId=176632,2.943733333333,495.3038269306849,4421.0
scanId=176632,2.943733333333,495.3166428567965,5334.0
scanId=176632,2.943733333333,495.32945902767443,4584.0
scanId=176632,2.943733333333,495.3422752853931,3566.0
scanId=176632,2.943733333333,495.3550917878814,2670.0
scanId=176632,2.943733333333,495.36790837720747,1814.0
scanId=176632,2.943733333333,495.3807252113063,1229.0
scanId=176632,2.943733333333,495.3935421322395,1108.0
scanId=176632,2.943733333333,495.4063592979488,1021.0
scanId=176632,2.943733333333,495.803772410357,1151.0
scanId=176632,2.943733333333,495.81659488183476,1262.0
scanId=176632,2.943733333333,495.82941744008986,1258.0
scanId=176632,2.943733333333,539.2743813441801,1009.0
scanId=176632,2.943733333333,550.6064443088574,1022.0
scanId=176632,2.943733333333,550.6199568618437,1426.0
scanId=176632,2.943733333333,550.6334694985801,1669.0
scanId=176632,2.943733333333,550.6469823831769,1355.0
scanId=176632,2.943733333333,551.3498787285891,1115.0
scanId=176632,2.943733333333,551.3634003188224,1090.0
scanId=176632,2.943733333333,559.8468555813724,1186.0
scanId=176632,2.943733333333,559.8604809659402,1288.0
scanId=176632,2.943733333333,559.8741065981163,1136.0
scanId=176632,2.943733333333,564.3522467404891,1199.0
scanId=176632,2.943733333333,564.3659268409909,1520.0
scanId=176632,2.943733333333,564.3796071889043,1311.0
scanId=176632,2.943733333333,604.3251894637757,1100.0
scanId=176632,2.943733333333,604.3393457607261,2135.0
scanId=176632,2.943733333333,604.3535023013575,4708.0
scanId=176632,2.943733333333,604.3676589299223,8117.0
scanId=176632,2.943733333333,604.3818158021639,9167.0
scanId=176632,2.943733333333,604.3959727623434,8001.0
scanId=176632,2.943733333333,604.4101299661955,5777.0
scanId=176632,2.943733333333,604.4242872579892,3952.0
scanId=176632,2.943733333333,604.438444793452,2891.0
scanId=176632,2.943733333333,604.4526024168598,1973.0
scanId=176632,2.943733333333,604.4667602839332,1179.0
scanId=176632,2.943733333333,605.3448694484081,1031.0
scanId=176632,2.943733333333,605.3590376834766,1625.0
scanId=176632,2.943733333333,605.3732061620868,2518.0
scanId=176632,2.943733333333,605.3873747287697,3203.0
scanId=176632,2.943733333333,605.4015435389904,3147.0
scanId=176632,2.943733333333,605.4157124372877,2558.0
scanId=176632,2.943733333333,605.4298815791188,1809.0
scanId=176632,2.943733333333,605.4440508090307,1198.0
scanId=176632,2.943733333333,606.3937695623453,1262.0
scanId=176632,2.943733333333,606.4079500671482,1428.0
scanId=176632,2.943733333333,606.4221308153479,1503.0
scanId=176632,2.943733333333,606.4363116517655,1425.0
scanId=176632,2.943733333333,606.4504927315757,1255.0
scanId=176632,2.943733333333,607.301658618045,1007.0
scanId=176632,2.943733333333,607.3158497345122,1003.0
scanId=176632,2.943733333333,608.3522519454885,1260.0
scanId=176632,2.943733333333,608.3664553316945,1286.0
scanId=176632,2.943733333333,608.3806589610206,1110.0
scanId=176632,2.943733333333,609.2900336409218,1032.0
scanId=176632,2.943733333333,609.3042479704104,2929.0
scanId=176632,2.943733333333,609.3184625428839,5689.0
scanId=176632,2.943733333333,609.3326772039871,7411.0
scanId=176632,2.943733333333,609.3468921080712,7344.0
scanId=176632,2.943733333333,609.3611071007888,6254.0
scanId=176632,2.943733333333,609.3753223364835,4578.0
scanId=176632,2.943733333333,609.3895376608159,3044.0
scanId=176632,2.943733333333,609.403753228121,2057.0
scanId=176632,2.943733333333,609.4179688840682,1396.0
scanId=176632,2.943733333333,610.313891943427,1701.0
scanId=176632,2.943733333333,610.3281182110438,3023.0
scanId=176632,2.943733333333,610.3423447214964,3448.0
scanId=176632,2.943733333333,610.356571320728,3012.0
scanId=176632,2.943733333333,610.3707981627911,2457.0
scanId=176632,2.943733333333,610.3850250936372,1891.0
scanId=176632,2.943733333333,610.3992522673109,1447.0
scanId=176632,2.943733333333,610.413479529772,1068.0
scanId=176632,2.943733333333,611.3101337948817,1004.0
scanId=176632,2.943733333333,611.3243716690141,1265.0
scanId=176632,2.943733333333,611.3386097858353,1351.0
scanId=176632,2.943733333333,611.3528479915826,1202.0
scanId=176632,2.943733333333,611.3670864400141,1098.0
scanId=176632,2.943733333333,625.3140267918673,1202.0
scanId=176632,2.943733333333,625.3284268258142,1050.0
scanId=176632,2.943733333333,626.33684384295,1036.0
scanId=176632,2.943733333333,660.4403125918748,1109.0
scanId=176632,2.943733333333,661.4174023994958,1265.0
scanId=176632,2.943733333333,661.4322123114382,1533.0
scanId=176632,2.943733333333,661.4470224564197,1471.0
scanId=176632,2.943733333333,661.4618326999794,1387.0
scanId=176632,2.943733333333,661.4766431765713,1005.0
scanId=176632,2.943733333333,663.3885805791531,1444.0
scanId=176632,2.943733333333,663.4034126104293,3647.0
scanId=176632,2.943733333333,663.4182447407413,7563.0
scanId=176632,2.943733333333,663.4330771036281,12484.0
scanId=176632,2.943733333333,663.4479095655576,14726.0
scanId=176632,2.943733333333,663.462742260055,13727.0
scanId=176632,2.943733333333,663.4775750536019,10476.0
scanId=176632,2.943733333333,663.4924080797097,7078.0
scanId=176632,2.943733333333,663.5072412048743,4525.0
scanId=176632,2.943733333333,663.5220745625926,2835.0
scanId=176632,2.943733333333,663.5369080193746,1851.0
scanId=176632,2.943733333333,663.5517417087036,1178.0
scanId=176632,2.943733333333,664.4123774501221,3789.0
scanId=176632,2.943733333333,664.4272208554299,5918.0
scanId=176632,2.943733333333,664.4420644930748,6978.0
scanId=176632,2.943733333333,664.4569082300002,7072.0
scanId=176632,2.943733333333,664.4717521992554,5968.0
scanId=176632,2.943733333333,664.4865962677985,4365.0
scanId=176632,2.943733333333,664.5014405686643,2640.0
scanId=176632,2.943733333333,664.5162849688248,1724.0
scanId=176632,2.943733333333,664.5311296013012,1166.0
scanId=176632,2.943733333333,665.4369636617787,1302.0
scanId=176632,2.943733333333,665.4518185741814,1520.0
scanId=176632,2.943733333333,665.4666735861043,1495.0
scanId=176632,2.943733333333,665.4815288301177,1225.0
scanId=176632,2.943733333333,680.4647901671929,1274.0
scanId=176632,2.943733333333,680.4798118796912,1318.0
scanId=176632,2.943733333333,680.494833695438,1155.0
scanId=176632,2.943733333333,681.4866421988937,1021.0
scanId=176632,2.943733333333,681.5016751861499,1217.0
scanId=176632,2.943733333333,685.3857176469489,1446.0
scanId=176632,2.943733333333,685.4007935164914,2398.0
scanId=176632,2.943733333333,685.4158696131161,2732.0
scanId=176632,2.943733333333,685.4309458142773,2382.0
scanId=176632,2.943733333333,685.4460222425125,1919.0
scanId=176632,2.943733333333,685.4610987752919,1444.0
scanId=176632,2.943733333333,685.4761755351378,1067.0
scanId=176632,2.943733333333,686.41125656812,1440.0
scanId=176632,2.943733333333,686.4263437126917,1749.0
scanId=176632,2.943733333333,686.4414310840745,1759.0
scanId=176632,2.943733333333,686.4565185602646,1525.0
scanId=176632,2.943733333333,686.471606263258,1135.0
scanId=176632,2.943733333333,696.4352436111849,1060.0
scanId=176632,2.943733333333,696.450440521556,1187.0
scanId=176632,2.943733333333,696.4656376560232,1052.0
scanId=176632,2.943733333333,722.4475780194828,1345.0
scanId=176632,2.943733333333,722.4630561431144,1898.0
scanId=176632,2.943733333333,722.4785344833093,2021.0
scanId=176632,2.943733333333,722.4940129385607,2104.0
scanId=176632,2.943733333333,722.5094916103661,2129.0
scanId=176632,2.943733333333,722.5249703972373,2087.0
scanId=176632,2.943733333333,722.5404494006534,1817.0
scanId=176632,2.943733333333,722.5559285191445,1518.0
scanId=176632,2.943733333333,722.571407854171,1134.0
scanId=176632,2.943733333333,736.4606169595852,1357.0
scanId=176632,2.943733333333,736.4762445245176,4939.0
scanId=176632,2.943733333333,736.4918722088086,12534.0
scanId=176632,2.943733333333,736.5075001053515,23362.0
scanId=176632,2.943733333333,736.5231281212626,32067.0
scanId=176632,2.943733333333,736.5387563494161,33823.0
scanId=176632,2.943733333333,736.5543846969474,29411.0
scanId=176632,2.943733333333,736.5700132567116,23107.0
scanId=176632,2.943733333333,736.5856419358632,17651.0
scanId=176632,2.943733333333,736.6012708272378,12732.0
scanId=176632,2.943733333333,736.6168998380098,8929.0
scanId=176632,2.943733333333,736.6325290609949,5971.0
scanId=176632,2.943733333333,736.6481584033871,3947.0
scanId=176632,2.943733333333,736.6637879579829,2757.0
scanId=176632,2.943733333333,736.6794176319954,1871.0
scanId=176632,2.943733333333,736.6950475182018,1305.0
scanId=176632,2.943733333333,736.7106775238345,1098.0
scanId=176632,2.943733333333,737.4767520736943,2245.0
scanId=176632,2.943733333333,737.4923903698352,6040.0
scanId=176632,2.943733333333,737.5080288779151,11432.0
scanId=176632,2.943733333333,737.5236675056763,16567.0
scanId=176632,2.943733333333,737.5393063453666,18475.0
scanId=176632,2.943733333333,737.554945304748,16882.0
scanId=176632,2.943733333333,737.5705844760491,13282.0
scanId=176632,2.943733333333,737.586223767051,9500.0
scanId=176632,2.943733333333,737.6018632699626,6754.0
scanId=176632,2.943733333333,737.6175028925846,4573.0
scanId=176632,2.943733333333,737.6331427271066,3055.0
scanId=176632,2.943733333333,737.6487826813493,2044.0
scanId=176632,2.943733333333,737.6644228474818,1359.0
scanId=176632,2.943733333333,737.6800631333443,1078.0
scanId=176632,2.943733333333,738.4779387712679,1096.0
scanId=176632,2.943733333333,738.4935876792596,1969.0
scanId=176632,2.943733333333,738.5092367988764,3508.0
scanId=176632,2.943733333333,738.5248860384886,4500.0
scanId=176632,2.943733333333,738.5405354897159,4463.0
scanId=176632,2.943733333333,738.5561850609486,3806.0
scanId=176632,2.943733333333,738.5718348437864,2876.0
scanId=176632,2.943733333333,738.5874847466392,2169.0
scanId=176632,2.943733333333,738.6031348610877,1518.0
scanId=176632,2.943733333333,738.6187850955608,1054.0
scanId=176632,2.943733333333,739.5267837197292,1151.0
scanId=176632,2.943733333333,739.5424437824934,1345.0
scanId=176632,2.943733333333,739.558103965578,1219.0
scanId=176632,2.943733333333,764.5083214386192,1407.0
scanId=176632,2.943733333333,764.5242438053109,3995.0
scanId=176632,2.943733333333,764.5401663003796,7272.0
scanId=176632,2.943733333333,764.556088998682,10107.0
scanId=176632,2.943733333333,764.5720118253716,10652.0
scanId=176632,2.943733333333,764.5879348552845,8922.0
scanId=176632,2.943733333333,764.6038580135952,6540.0
scanId=176632,2.943733333333,764.6197813751185,4540.0
scanId=176632,2.943733333333,764.6357048650505,3315.0
scanId=176632,2.943733333333,764.6516285581841,2456.0
scanId=176632,2.943733333333,764.667552379737,1795.0
scanId=176632,2.943733333333,764.6834764044814,1309.0
scanId=176632,2.943733333333,764.6994005576552,1008.0
scanId=176632,2.943733333333,765.5276859778028,1513.0
scanId=176632,2.943733333333,765.5436189560313,3690.0
scanId=176632,2.943733333333,765.559552062973,6170.0
scanId=176632,2.943733333333,765.5754853728121,6623.0
scanId=176632,2.943733333333,765.5914188113745,5579.0
scanId=176632,2.943733333333,765.6073524528243,4238.0
scanId=176632,2.943733333333,765.6232862230079,2885.0
scanId=176632,2.943733333333,765.639220196068,1973.0
scanId=176632,2.943733333333,765.6551542978727,1455.0
scanId=176632,2.943733333333,765.6710886025435,1086.0
scanId=176632,2.943733333333,766.5477296661063,1085.0
scanId=176632,2.943733333333,766.5636732558718,1628.0
scanId=176632,2.943733333333,766.5796169746869,1856.0
scanId=176632,2.943733333333,766.5955608960628,1756.0
scanId=176632,2.943733333333,766.6115049464988,1479.0
scanId=176632,2.943733333333,766.6274491994856,1196.0
scanId=176632,2.943733333333,773.4347735406363,1085.0
scanId=176632,2.943733333333,773.4507885579936,1317.0
scanId=176632,2.943733333333,773.4668037756333,1239.0
scanId=176632,2.943733333333,773.4828191246118,1092.0
scanId=176632,2.943733333333,810.7077245436453,1489.0
scanId=176632,2.943733333333,810.7241209257202,2216.0
scanId=176632,2.943733333333,810.7405174954665,2521.0
scanId=176632,2.943733333333,810.7569142091629,2240.0
scanId=176632,2.943733333333,810.7733111105201,1831.0
scanId=176632,2.943733333333,810.7897081558382,1410.0
scanId=176632,2.943733333333,811.7574279651244,1128.0
scanId=176632,2.943733333333,815.6834178310952,1132.0
scanId=176632,2.943733333333,815.6998644740313,1251.0
scanId=176632,2.943733333333,815.7163112626123,1168.0
scanId=176632,2.943733333333,822.6881761111754,1108.0
scanId=176632,2.943733333333,822.704693203578,2558.0
scanId=176632,2.943733333333,822.7212104795566,4518.0
scanId=176632,2.943733333333,822.7377279035809,6160.0
scanId=176632,2.943733333333,822.7542455111701,6470.0
scanId=176632,2.943733333333,822.7707632668163,5279.0
scanId=176632,2.943733333333,822.7872812060159,3761.0
scanId=176632,2.943733333333,822.8037992932842,2514.0
scanId=176632,2.943733333333,822.8203175640944,1623.0
scanId=176632,2.943733333333,822.8368359829843,1074.0
scanId=176632,2.943733333333,823.6960227097422,1062.0
scanId=176632,2.943733333333,823.7125499340368,2447.0
scanId=176632,2.943733333333,823.729077306716,3781.0
scanId=176632,2.943733333333,823.7456048626209,4360.0
scanId=176632,2.943733333333,823.7621325669221,4090.0
scanId=176632,2.943733333333,823.7786604544375,3464.0
scanId=176632,2.943733333333,823.7951884903604,2541.0
scanId=176632,2.943733333333,823.8117167094864,1900.0
scanId=176632,2.943733333333,823.828245077031,1368.0
scanId=176632,2.943733333333,824.7210236189724,1186.0
scanId=176632,2.943733333333,824.7375611231931,1570.0
scanId=176632,2.943733333333,824.7540987761491,1815.0
scanId=176632,2.943733333333,824.7706366119805,1786.0
scanId=176632,2.943733333333,824.7871745965584,1371.0
scanId=176632,2.943733333333,825.5150104433483,1644.0
scanId=176632,2.943733333333,825.5315559062217,1924.0
scanId=176632,2.943733333333,825.5481015181019,2098.0
scanId=176632,2.943733333333,825.5646473125859,1744.0
scanId=176632,2.943733333333,825.5811932560879,1206.0
scanId=176632,2.943733333333,825.9948959494646,1120.0
scanId=176632,2.943733333333,826.0114462040505,2111.0
scanId=176632,2.943733333333,826.0279966410818,2567.0
scanId=176632,2.943733333333,826.0445472272897,2371.0
scanId=176632,2.943733333333,826.0610979959315,1856.0
scanId=176632,2.943733333333,826.077648913761,1278.0
scanId=176632,2.943733333333,826.5080311920359,1267.0
scanId=176632,2.943733333333,826.5245866032252,1559.0
scanId=176632,2.943733333333,826.5411421637606,1589.0
scanId=176632,2.943733333333,826.5576979065603,1385.0
scanId=176632,2.943733333333,826.5742537987175,1002.0
scanId=176632,2.943733333333,827.6673098256617,1065.0
scanId=176632,2.943733333333,827.6838768432194,1560.0
scanId=176632,2.943733333333,827.7004440105196,1618.0
scanId=176632,2.943733333333,827.7170113596878,1701.0
scanId=176632,2.943733333333,827.7335788586098,1694.0
scanId=176632,2.943733333333,827.7501465393885,1360.0
scanId=176632,2.943733333333,828.6782008433544,1397.0
scanId=176632,2.943733333333,828.69477795931,1448.0
scanId=176632,2.943733333333,828.7113552567941,1562.0
scanId=176632,2.943733333333,828.7279327043716,1746.0
scanId=176632,2.943733333333,828.7445103334663,1587.0
scanId=176632,2.943733333333,828.7610881126656,1304.0
scanId=176632,2.943733333333,828.7776660733707,1110.0
scanId=176632,2.943733333333,833.6088948703605,1144.0
scanId=176632,2.943733333333,833.6255212462028,1092.0
scanId=176632,2.943733333333,836.7209094155927,1154.0
scanId=176632,2.943733333333,836.7375667840408,1811.0
scanId=176632,2.943733333333,836.7542243312729,2026.0
scanId=176632,2.943733333333,836.7708820313429,2110.0
scanId=176632,2.943733333333,836.7875399101854,2105.0
scanId=176632,2.943733333333,836.8041979418772,1853.0
scanId=176632,2.943733333333,836.8208561523301,1478.0
scanId=176632,2.943733333333,836.8375145156441,1038.0
scanId=176632,2.943733333333,842.6948452779108,1021.0
scanId=176632,2.943733333333,843.6646899444647,1004.0
scanId=176632,2.943733333333,848.7068078592455,1197.0
scanId=176632,2.943733333333,848.7235841230464,1992.0
scanId=176632,2.943733333333,848.7403605437531,2613.0
scanId=176632,2.943733333333,848.7571371391643,3076.0
scanId=176632,2.943733333333,848.7739138914932,3283.0
scanId=176632,2.943733333333,848.7906908185149,3178.0
scanId=176632,2.943733333333,848.8074679024655,2576.0
scanId=176632,2.943733333333,848.8242451610981,1989.0
scanId=176632,2.943733333333,848.8410225766704,1485.0
scanId=176632,2.943733333333,849.7304631126922,1670.0
scanId=176632,2.943733333333,849.747249482056,2467.0
scanId=176632,2.943733333333,849.764036025783,2457.0
scanId=176632,2.943733333333,849.7808227267684,1999.0
scanId=176632,2.943733333333,849.7976096021061,1387.0
scanId=176632,2.943733333333,850.7379390115149,1016.0
scanId=176632,2.943733333333,850.754735329535,1579.0
scanId=176632,2.943733333333,850.7715318215782,1343.0
scanId=176632,2.943733333333,853.6966451507658,1035.0
scanId=176632,2.943733333333,853.713470651512,1537.0
scanId=176632,2.943733333333,853.7302963252814,1474.0
scanId=176632,2.943733333333,853.7471221576496,1152.0
scanId=176632,2.943733333333,864.7528641087287,1037.0
scanId=176632,2.943733333333,868.5502456717408,1346.0
scanId=176632,2.943733333333,868.567216922532,2426.0
scanId=176632,2.943733333333,868.5841883368959,2987.0
scanId=176632,2.943733333333,868.6011599192974,2874.0
scanId=176632,2.943733333333,868.6181316652834,2646.0
scanId=176632,2.943733333333,868.6351035792956,2173.0
scanId=176632,2.943733333333,868.6520756569031,1490.0
scanId=176632,2.943733333333,869.5688141324662,1198.0
scanId=176632,2.943733333333,869.5857953315731,1399.0
scanId=176632,2.943733333333,869.6027766945917,1320.0
scanId=176632,2.943733333333,869.6197582253092,1054.0
scanId=176632,2.943733333333,872.7812063313112,1095.0
scanId=176632,2.943733333333,872.7982188667797,1107.0
scanId=176632,2.943733333333,874.7557664337091,1524.0
scanId=176632,2.943733333333,874.7727982032413,1711.0
scanId=176632,2.943733333333,874.7898301387589,1401.0
scanId=176632,2.943733333333,874.8068622399127,1117.0
scanId=176632,2.943733333333,878.7627911881796,1070.0
scanId=176632,2.943733333333,878.7798619221293,1827.0
scanId=176632,2.943733333333,878.7969328230292,1863.0
scanId=176632,2.943733333333,878.8140038885892,1668.0
scanId=176632,2.943733333333,878.8310751211113,1459.0
scanId=176632,2.943733333333,878.8481465182817,1017.0
scanId=176632,2.943733333333,879.7531678711224,1158.0
scanId=176632,2.943733333333,879.7702482217773,1194.0
scanId=176632,2.943733333333,879.787328739708,1217.0
scanId=176632,2.943733333333,879.8044094219732,1127.0
scanId=176632,2.943733333333,898.7280924303245,1187.0
scanId=176632,2.943733333333,898.7453560033994,1689.0
scanId=176632,2.943733333333,898.7626197346759,2088.0
scanId=176632,2.943733333333,898.7798836393724,2208.0
scanId=176632,2.943733333333,898.7971477022595,1980.0
scanId=176632,2.943733333333,898.8144119385773,1694.0
scanId=176632,2.943733333333,898.8316763330752,1180.0
scanId=176632,2.943733333333,899.816021121463,1023.0
scanId=176632,2.943733333333,900.7490552123954,1496.0
scanId=176632,2.943733333333,900.7663381770826,2007.0
scanId=176632,2.943733333333,900.7836213158265,1930.0
scanId=176632,2.943733333333,900.8009046121242,1750.0
scanId=176632,2.943733333333,900.8181880824894,1660.0
scanId=176632,2.943733333333,900.8354717103979,1540.0
scanId=176632,2.943733333333,900.8527555123845,1105.0
scanId=176632,2.943733333333,901.7863268212532,1037.0
scanId=176632,2.943733333333,901.8036197342561,1093.0
scanId=176632,2.943733333333,904.728504592732,1008.0
scanId=176632,2.943733333333,956.5826110591474,1222.0
scanId=176632,2.943733333333,956.6004216161843,1244.0
scanId=176632,2.943733333333,956.6182323638834,1148.0
scanId=176632,2.943733333333,956.6360432525308,1142.0
scanId=176632,2.943733333333,956.6538543318499,1004.0
scanId=176632,2.943733333333,957.5802582930004,1201.0
scanId=176632,2.943733333333,957.5980781351323,1457.0
scanId=176632,2.943733333333,957.615898168199,1576.0
scanId=176632,2.943733333333,957.6337183419413,1266.0
scanId=176632,2.943733333333,961.5581901147843,1041.0
scanId=176632,2.943733333333,961.5760469576954,1539.0
scanId=176632,2.943733333333,961.5939039402065,1484.0
scanId=176632,2.943733333333,987.5161983482183,2051.0
scanId=176632,2.943733333333,987.5342946205959,8772.0
scanId=176632,2.943733333333,987.5523910259078,26579.0
scanId=176632,2.943733333333,987.5704876299051,55733.0
scanId=176632,2.943733333333,987.5885843668275,89547.0
scanId=176632,2.943733333333,987.6066813024439,109773.0
scanId=176632,2.943733333333,987.6247783709769,111962.0
scanId=176632,2.943733333333,987.6428756382126,98220.0
scanId=176632,2.943733333333,987.6609730383562,74919.0
scanId=176632,2.943733333333,987.6790706372111,52174.0
scanId=176632,2.943733333333,987.6971683689651,34832.0
scanId=176632,2.943733333333,987.7152662994397,22866.0
scanId=176632,2.943733333333,987.7333643628042,14681.0
scanId=176632,2.943733333333,987.7514626248978,9504.0
scanId=176632,2.943733333333,987.7695610198731,6456.0
scanId=176632,2.943733333333,987.787659613586,4376.0
scanId=176632,2.943733333333,987.8057583401718,3194.0
scanId=176632,2.943733333333,987.8238572655041,2534.0
scanId=176632,2.943733333333,987.8419563237002,2303.0
scanId=176632,2.943733333333,987.860055580652,1902.0
scanId=176632,2.943733333333,987.8781549704586,1614.0
scanId=176632,2.943733333333,987.8962545590294,1746.0
scanId=176632,2.943733333333,987.9143542804468,1680.0
scanId=176632,2.943733333333,987.932454200637,1453.0
scanId=176632,2.943733333333,987.9505542536648,1393.0
scanId=176632,2.943733333333,987.9686545054745,1567.0
scanId=176632,2.943733333333,987.9867548901127,1793.0
scanId=176632,2.943733333333,988.0048554735417,2039.0
scanId=176632,2.943733333333,988.0229561897905,2028.0
scanId=176632,2.943733333333,988.0410571048387,1691.0
scanId=176632,2.943733333333,988.0591581526983,1405.0
scanId=176632,2.943733333333,988.0772593993656,1179.0
scanId=176632,2.943733333333,988.0953607788354,1038.0
scanId=176632,2.943733333333,988.1134623571223,1004.0
scanId=176632,2.943733333333,988.1315640682027,1190.0
scanId=176632,2.943733333333,988.1496659781088,1444.0
scanId=176632,2.943733333333,988.1677680207999,1206.0
scanId=176632,2.943733333333,988.2763838579702,1197.0
scanId=176632,2.943733333333,988.2944870943535,1278.0
scanId=176632,2.943733333333,988.3125904634867,1438.0
scanId=176632,2.943733333333,988.3306940314892,1442.0
scanId=176632,2.943733333333,988.3487977322327,1351.0
scanId=176632,2.943733333333,988.3669016318548,1407.0
scanId=176632,2.943733333333,988.3850056642088,1255.0
scanId=176632,2.943733333333,988.4031098954501,1032.0
scanId=176632,2.943733333333,988.4755284123305,1197.0
scanId=176632,2.943733333333,988.4936334395161,1300.0
scanId=176632,2.943733333333,988.5117386656154,1749.0
scanId=176632,2.943733333333,988.5298440244115,4266.0
scanId=176632,2.943733333333,988.54794958213,14295.0
scanId=176632,2.943733333333,988.5660552725368,35726.0
scanId=176632,2.943733333333,988.5841611618745,60784.0
scanId=176632,2.943733333333,988.6022671838916,78777.0
scanId=176632,2.943733333333,988.6203734048488,84272.0
scanId=176632,2.943733333333,988.6384797584766,76243.0
scanId=176632,2.943733333333,988.6565863110532,58332.0
scanId=176632,2.943733333333,988.6746929962914,40662.0
scanId=176632,2.943733333333,988.6927998804869,28043.0
scanId=176632,2.943733333333,988.7109068973358,18754.0
scanId=176632,2.943733333333,988.7290141131507,12585.0
scanId=176632,2.943733333333,988.74712146161,8530.0
scanId=176632,2.943733333333,988.7652290090443,6033.0
scanId=176632,2.943733333333,988.7833366891142,4684.0
scanId=176632,2.943733333333,988.8014445681677,3718.0
scanId=176632,2.943733333333,988.8195525798482,3007.0
scanId=176632,2.943733333333,988.8376607905209,2631.0
scanId=176632,2.943733333333,988.8557691338117,2505.0
scanId=176632,2.943733333333,988.8738776761039,2297.0
scanId=176632,2.943733333333,988.8919863510054,2341.0
scanId=176632,2.943733333333,988.9100952249169,2002.0
scanId=176632,2.943733333333,988.9282042314288,1544.0
scanId=176632,2.943733333333,988.9463134369594,1643.0
scanId=176632,2.943733333333,988.964422775082,2066.0
scanId=176632,2.943733333333,988.9825323122319,2156.0
scanId=176632,2.943733333333,989.0006419819649,2204.0
scanId=176632,2.943733333333,989.0187518507342,2133.0
scanId=176632,2.943733333333,989.0368618520778,2054.0
scanId=176632,2.943733333333,989.054972052466,1933.0
scanId=176632,2.943733333333,989.0730823854203,1906.0
scanId=176632,2.943733333333,989.0911929174281,2162.0
scanId=176632,2.943733333333,989.1093035819929,2078.0
scanId=176632,2.943733333333,989.1274144456198,1886.0
scanId=176632,2.943733333333,989.1455254417949,1707.0
scanId=176632,2.943733333333,989.1636366370413,1908.0
scanId=176632,2.943733333333,989.181747964827,1879.0
scanId=176632,2.943733333333,989.1998594916925,1624.0
scanId=176632,2.943733333333,989.2179711510888,1521.0
scanId=176632,2.943733333333,989.2360830095736,1417.0
scanId=176632,2.943733333333,989.2541950005802,1171.0
scanId=176632,2.943733333333,989.2723071906845,1194.0
scanId=176632,2.943733333333,989.2904195133017,1396.0
scanId=176632,2.943733333333,989.3085320350252,1630.0
scanId=176632,2.943733333333,989.3266446892529,2093.0
scanId=176632,2.943733333333,989.3447575425955,2162.0
scanId=176632,2.943733333333,989.3628705284341,2082.0
scanId=176632,2.943733333333,989.3809837133957,1964.0
scanId=176632,2.943733333333,989.3990970308446,1718.0
scanId=176632,2.943733333333,989.417210547426,1545.0
scanId=176632,2.943733333333,989.4353241964852,1770.0
scanId=176632,2.943733333333,989.4534380446855,2077.0
scanId=176632,2.943733333333,989.4715520253557,1948.0
scanId=176632,2.943733333333,989.4896662051752,1792.0
scanId=176632,2.943733333333,989.5077805174558,2088.0
scanId=176632,2.943733333333,989.5258950288948,2394.0
scanId=176632,2.943733333333,989.5440096727856,4231.0
scanId=176632,2.943733333333,989.562124515844,10361.0
scanId=176632,2.943733333333,989.5802394913454,19732.0
scanId=176632,2.943733333333,989.5983546660228,29153.0
scanId=176632,2.943733333333,989.616469973135,33208.0
scanId=176632,2.943733333333,989.6345854794316,31291.0
scanId=176632,2.943733333333,989.6527011181541,25860.0
scanId=176632,2.943733333333,989.6708169560702,19865.0
scanId=176632,2.943733333333,989.6889329264033,14347.0
scanId=176632,2.943733333333,989.7070490959385,10029.0
scanId=176632,2.943733333333,989.7251653978822,7104.0
scanId=176632,2.943733333333,989.7432818990367,5285.0
scanId=176632,2.943733333333,989.761398532591,4010.0
scanId=176632,2.943733333333,989.7795153653645,3046.0
scanId=176632,2.943733333333,989.7976323305292,2384.0
scanId=176632,2.943733333333,989.8157494949223,1883.0
scanId=176632,2.943733333333,989.8338667916975,1531.0
scanId=176632,2.943733333333,989.8519842877096,1342.0
scanId=176632,2.943733333333,989.8701019160955,1417.0
scanId=176632,2.943733333333,989.8882197437268,1586.0
scanId=176632,2.943733333333,989.906337703723,1637.0
scanId=176632,2.943733333333,989.924455862974,1598.0
scanId=176632,2.943733333333,989.9425741545807,1596.0
scanId=176632,2.943733333333,989.9606926454508,1560.0
scanId=176632,2.943733333333,989.978811268668,1740.0
scanId=176632,2.943733333333,989.9969300911572,1691.0
scanId=176632,2.943733333333,990.0150490459852,1410.0
scanId=176632,2.943733333333,990.0331682000935,1111.0
scanId=176632,2.943733333333,990.0694069722597,1213.0
scanId=176632,2.943733333333,990.0875265903085,1349.0
scanId=176632,2.943733333333,990.1056464076553,1421.0
scanId=176632,2.943733333333,990.1237663573148,1502.0
scanId=176632,2.943733333333,990.1418865062809,1481.0
scanId=176632,2.943733333333,990.1600067875511,1471.0
scanId=176632,2.943733333333,990.1781272681364,1587.0
scanId=176632,2.943733333333,990.1962478810168,1499.0
scanId=176632,2.943733333333,990.2143686932216,1252.0
scanId=176632,2.943733333333,990.2324896377125,1078.0
scanId=176632,2.943733333333,990.2506107815364,1182.0
scanId=176632,2.943733333333,990.2687320576381,1498.0
scanId=176632,2.943733333333,990.2868535330812,1689.0
scanId=176632,2.943733333333,990.3049751407932,1687.0
scanId=176632,2.943733333333,990.3230969478556,1459.0
scanId=176632,2.943733333333,990.3412188871781,1297.0
scanId=176632,2.943733333333,990.3593410258596,1159.0
scanId=176632,2.943733333333,990.3774632967929,1260.0
scanId=176632,2.943733333333,990.3955857670936,1273.0
scanId=176632,2.943733333333,990.4137083696374,1179.0
scanId=176632,2.943733333333,990.4318311715574,1037.0
scanId=176632,2.943733333333,990.4680772392509,1163.0
scanId=176632,2.943733333333,990.4862005050155,1612.0
scanId=176632,2.943733333333,990.5043239701739,2030.0
scanId=176632,2.943733333333,990.5224475675493,2092.0
scanId=176632,2.943733333333,990.540571364327,2505.0
scanId=176632,2.943733333333,990.5586952933127,3633.0
scanId=176632,2.943733333333,990.5768194217097,5720.0
scanId=176632,2.943733333333,990.5949436823059,7716.0
scanId=176632,2.943733333333,990.6130681423222,8887.0
scanId=176632,2.943733333333,990.6311927345289,8476.0
scanId=176632,2.943733333333,990.6493175261643,6943.0
scanId=176632,2.943733333333,990.6674424499818,5280.0
scanId=176632,2.943733333333,990.6855675732363,3976.0
scanId=176632,2.943733333333,990.7036928286641,2783.0
scanId=176632,2.943733333333,990.721818283538,1852.0
scanId=176632,2.943733333333,990.7399438705763,1522.0
scanId=176632,2.943733333333,990.7580696570693,1650.0
scanId=176632,2.943733333333,990.7761955757184,1561.0
scanId=176632,2.943733333333,990.7943216938305,1223.0
scanId=176632,2.943733333333,990.8305743938215,1052.0
scanId=176632,2.943733333333,990.8487009756915,1054.0
scanId=176632,2.943733333333,991.592034299699,1088.0
scanId=176632,2.943733333333,991.6101678453899,1232.0
scanId=176632,2.943733333333,991.6283015907438,1417.0
scanId=176632,2.943733333333,991.6464354680454,1400.0
scanId=176632,2.943733333333,991.6645695450186,1131.0
scanId=176632,2.943733333333,1009.5522439312708,1198.0
scanId=176632,2.943733333333,1009.5705409609523,1384.0
scanId=176632,2.943733333333,1009.5888381944,1747.0
scanId=176632,2.943733333333,1009.6071355556919,2049.0
scanId=176632,2.943733333333,1009.625433120758,2029.0
scanId=176632,2.943733333333,1009.6437308136602,1965.0
scanId=176632,2.943733333333,1009.6620287103452,1667.0
scanId=176632,2.943733333333,1009.680326734858,1365.0
scanId=176632,2.943733333333,1009.6986249631613,1100.0
scanId=176632,2.943733333333,1010.5588278123066,1535.0
scanId=176632,2.943733333333,1010.5771339994535,1832.0
scanId=176632,2.943733333333,1010.5954403142296,1929.0
scanId=176632,2.943733333333,1010.6137468329948,1797.0
scanId=176632,2.943733333333,1010.6320534793815,1350.0
scanId=176632,2.943733333333,1013.5815889332041,1554.0
scanId=176632,2.943733333333,1013.5999224400433,2196.0
scanId=176632,2.943733333333,1013.618256151518,2714.0
scanId=176632,2.943733333333,1013.6365899899679,2652.0
scanId=176632,2.943733333333,1013.6549240330608,2214.0
scanId=176632,2.943733333333,1013.6732582031212,1610.0
scanId=176632,2.943733333333,1013.6915925778325,1087.0
scanId=176632,2.943733333333,1014.5901790813338,1287.0
scanId=176632,2.943733333333,1014.6085217465031,1835.0
scanId=176632,2.943733333333,1014.6268645384373,1977.0
scanId=176632,2.943733333333,1014.6452075352249,1770.0
scanId=176632,2.943733333333,1014.6635506587695,1252.0
scanId=176632,2.943733333333,1019.567102128113,1517.0
scanId=176632,2.943733333333,1019.5854896874683,2920.0
scanId=176632,2.943733333333,1019.6038774527134,4147.0
scanId=176632,2.943733333333,1019.6222653436791,3950.0
scanId=176632,2.943733333333,1019.6406534405421,3351.0
scanId=176632,2.943733333333,1019.6590416631187,2733.0
scanId=176632,2.943733333333,1019.6774300915997,2063.0
scanId=176632,2.943733333333,1019.6958186457866,1578.0
scanId=176632,2.943733333333,1019.7142074058859,1169.0
scanId=176632,2.943733333333,1020.5786651984032,1609.0
scanId=176632,2.943733333333,1020.5970619173361,2149.0
scanId=176632,2.943733333333,1020.6154587617862,2481.0
scanId=176632,2.943733333333,1020.6338558123374,2516.0
scanId=176632,2.943733333333,1020.652252988398,2178.0
scanId=176632,2.943733333333,1020.6706503705672,1571.0
scanId=176632,2.943733333333,1020.6890478782383,1271.0
scanId=176632,2.943733333333,1020.7074455920255,1103.0
scanId=176632,2.943733333333,1020.7258434313073,1032.0
scanId=176632,2.943733333333,1021.6275416777694,1030.0
scanId=176632,2.943733333333,1021.6459478073145,1183.0
scanId=176632,2.943733333333,1041.5656226568358,1439.0
scanId=176632,2.943733333333,1041.5842075244557,1724.0
scanId=176632,2.943733333333,1041.6027926021875,1842.0
scanId=176632,2.943733333333,1041.6213778014173,2184.0
scanId=176632,2.943733333333,1041.6399632107666,2234.0
scanId=176632,2.943733333333,1041.6585487416069,1843.0
scanId=176632,2.943733333333,1041.6771344825736,1335.0
scanId=176632,2.943733333333,1042.5694439742297,1086.0
scanId=176632,2.943733333333,1042.588037795333,1952.0
scanId=176632,2.943733333333,1042.6066318267276,2662.0
scanId=176632,2.943733333333,1042.625225979442,2806.0
scanId=176632,2.943733333333,1042.6438203424527,2381.0
scanId=176632,2.943733333333,1042.6624148267774,1837.0
scanId=176632,2.943733333333,1042.6810095214057,1250.0
scanId=176632,2.943733333333,1043.5923515591442,1069.0
scanId=176632,2.943733333333,1043.6109545441989,1121.0
scanId=176632,2.943733333333,1043.6295576503976,1067.0
scanId=176632,2.943733333333,1045.639671470968,1472.0
scanId=176632,2.943733333333,1045.6582926949575,1989.0
scanId=176632,2.943733333333,1045.6769140397348,1895.0
scanId=176632,2.943733333333,1045.6955355953417,1426.0
scanId=176632,2.943733333333,1046.5895641727932,1396.0
scanId=176632,2.943733333333,1046.6081938078337,3519.0
scanId=176632,2.943733333333,1046.6268236538635,6240.0
scanId=176632,2.943733333333,1046.6454536205147,7659.0
scanId=176632,2.943733333333,1046.664083798161,8200.0
scanId=176632,2.943733333333,1046.6827140964226,7784.0
scanId=176632,2.943733333333,1046.701344605686,6270.0
scanId=176632,2.943733333333,1046.7199752355586,4444.0
scanId=176632,2.943733333333,1046.7386060764386,2931.0
scanId=176632,2.943733333333,1046.7572370379214,1961.0
scanId=176632,2.943733333333,1046.7758682104184,1352.0
scanId=176632,2.943733333333,1047.5958029545106,1222.0
scanId=176632,2.943733333333,1047.6144415430356,3118.0
scanId=176632,2.943733333333,1047.6330803427206,5202.0
scanId=176632,2.943733333333,1047.6517192628564,6749.0
scanId=176632,2.943733333333,1047.6703583941585,7556.0
scanId=176632,2.943733333333,1047.6889976459045,6721.0
scanId=176632,2.943733333333,1047.7076371088233,5076.0
scanId=176632,2.943733333333,1047.7262766921797,3666.0
scanId=176632,2.943733333333,1047.7449164867153,2440.0
scanId=176632,2.943733333333,1047.7635564016828,1421.0
scanId=176632,2.943733333333,1048.6211727709992,1063.0
scanId=176632,2.943733333333,1048.6398205243388,1608.0
scanId=176632,2.943733333333,1048.6584683979584,2152.0
scanId=176632,2.943733333333,1048.6771164829154,2323.0
scanId=176632,2.943733333333,1048.6957646881456,2056.0
scanId=176632,2.943733333333,1048.7144131047187,1657.0
scanId=176632,2.943733333333,1048.7330616415593,1309.0
scanId=176632,2.943733333333,1049.6470441986833,1432.0
scanId=176632,2.943733333333,1049.665701025787,1582.0
scanId=176632,2.943733333333,1049.6843580643967,1519.0
scanId=176632,2.943733333333,1049.7030152231112,1263.0
scanId=176632,2.943733333333,1049.7216725933376,1122.0
scanId=176632,2.943733333333,1060.6271323710414,1462.0
scanId=176632,2.943733333333,1060.6458865732836,4255.0
scanId=176632,2.943733333333,1060.6646408938825,7037.0
scanId=176632,2.943733333333,1060.6833954277413,8505.0
scanId=176632,2.943733333333,1060.702150079951,9310.0
scanId=176632,2.943733333333,1060.7209049454254,9270.0
scanId=176632,2.943733333333,1060.7396599292456,7550.0
scanId=176632,2.943733333333,1060.7584151263363,5039.0
scanId=176632,2.943733333333,1060.7771704417669,3280.0
scanId=176632,2.943733333333,1060.7959259704744,2052.0
scanId=176632,2.943733333333,1060.8146816175156,1283.0
scanId=176632,2.943733333333,1061.6400952803408,2229.0
scanId=176632,2.943733333333,1061.6588584362205,4589.0
scanId=176632,2.943733333333,1061.6776217103036,7685.0
scanId=176632,2.943733333333,1061.6963851977994,8599.0
scanId=176632,2.943733333333,1061.715148803493,8324.0
scanId=176632,2.943733333333,1061.7339126226057,7716.0
scanId=176632,2.943733333333,1061.75267655991,6026.0
scanId=176632,2.943733333333,1061.771440710638,4205.0
scanId=176632,2.943733333333,1061.7902049795528,2834.0
scanId=176632,2.943733333333,1061.8089694618968,1792.0
scanId=176632,2.943733333333,1061.8277340624227,1175.0
scanId=176632,2.943733333333,1062.653541681908,2194.0
scanId=176632,2.943733333333,1062.6723137914237,3663.0
scanId=176632,2.943733333333,1062.6910860189912,4125.0
scanId=176632,2.943733333333,1062.7098584601229,3943.0
scanId=176632,2.943733333333,1062.728631019301,3810.0
scanId=176632,2.943733333333,1062.7474037920485,3294.0
scanId=176632,2.943733333333,1062.7661766828376,2446.0
scanId=176632,2.943733333333,1062.7849497872016,1633.0
scanId=176632,2.943733333333,1063.6862526388559,1317.0
scanId=176632,2.943733333333,1063.705033819908,1504.0
scanId=176632,2.943733333333,1063.7238152146747,1245.0
scanId=176632,2.943733333333,1081.7167736675535,1028.0
scanId=176632,2.943733333333,1117.6547998363446,1303.0
scanId=176632,2.943733333333,1117.6740515727358,1818.0
scanId=176632,2.943733333333,1117.6933035286925,2105.0
scanId=176632,2.943733333333,1117.7125555966938,1862.0
scanId=176632,2.943733333333,1117.7318078842636,1670.0
scanId=176632,2.943733333333,1117.7510602838754,1391.0
scanId=176632,2.943733333333,1118.6561113850703,1491.0
scanId=176632,2.943733333333,1118.6753717433348,2231.0
scanId=176632,2.943733333333,1118.6946323212326,2045.0
scanId=176632,2.943733333333,1118.7138930111075,1789.0
scanId=176632,2.943733333333,1118.7331539206182,1457.0
scanId=176632,2.943733333333,1118.7524149421042,1109.0
scanId=176632,2.943733333333,1119.6964094529335,1036.0
scanId=176632,2.943733333333,1276.25387336157,1606.0
scanId=176632,2.943733333333,1276.2744457811218,3812.0
scanId=176632,2.943733333333,1276.2950183222447,7370.0
scanId=176632,2.943733333333,1276.3155910733994,10069.0
scanId=176632,2.943733333333,1276.3361639461334,11291.0
scanId=176632,2.943733333333,1276.3567370288908,11552.0
scanId=176632,2.943733333333,1276.3773102332348,10201.0
scanId=176632,2.943733333333,1276.3978836475949,7830.0
scanId=176632,2.943733333333,1276.4184571835494,5650.0
scanId=176632,2.943733333333,1276.4390309295122,3908.0
scanId=176632,2.943733333333,1276.4596047970779,2524.0
scanId=176632,2.943733333333,1276.4801788746431,1617.0
scanId=176632,2.943733333333,1276.5007530738187,1087.0
scanId=176632,2.943733333333,1277.2621158426355,1966.0
scanId=176632,2.943733333333,1277.2826963424109,4748.0
scanId=176632,2.943733333333,1277.30327705203,8768.0
scanId=176632,2.943733333333,1277.323857883416,11744.0
scanId=176632,2.943733333333,1277.3444389246374,12381.0
scanId=176632,2.943733333333,1277.3650200876345,11455.0
scanId=176632,2.943733333333,1277.3856014604587,9670.0
scanId=176632,2.943733333333,1277.406182955066,7770.0
scanId=176632,2.943733333333,1277.4267646594924,5820.0
scanId=176632,2.943733333333,1277.44734648571,3819.0
scanId=176632,2.943733333333,1277.4679285217396,2627.0
scanId=176632,2.943733333333,1277.4885106795682,1786.0
scanId=176632,2.943733333333,1277.5090930472002,1145.0
scanId=176632,2.943733333333,1278.2501679149323,2263.0
scanId=176632,2.943733333333,1278.2707563733609,4277.0
scanId=176632,2.943733333333,1278.2913450414421,7490.0
scanId=176632,2.943733333333,1278.311933831481,12029.0
scanId=176632,2.943733333333,1278.3325228311646,14951.0
scanId=176632,2.943733333333,1278.353111952814,14786.0
scanId=176632,2.943733333333,1278.3737012841007,12794.0
scanId=176632,2.943733333333,1278.394290737361,10305.0
scanId=176632,2.943733333333,1278.4148804002498,7605.0
scanId=176632,2.943733333333,1278.4354701851203,5131.0
scanId=176632,2.943733333333,1278.4560601796118,3505.0
scanId=176632,2.943733333333,1278.4766502960927,2559.0
scanId=176632,2.943733333333,1278.4972406221873,1743.0
scanId=176632,2.943733333333,1278.5178310702786,1225.0
scanId=176632,2.943733333333,1278.5384217279752,1063.0
scanId=176632,2.943733333333,1279.2591984150542,2311.0
scanId=176632,2.943733333333,1279.2797950415963,4926.0
scanId=176632,2.943733333333,1279.3003917902884,7963.0
scanId=176632,2.943733333333,1279.320988748433,9905.0
scanId=176632,2.943733333333,1279.3415858287349,11186.0
scanId=176632,2.943733333333,1279.3621831184819,11414.0
scanId=176632,2.943733333333,1279.3827805303945,10338.0
scanId=176632,2.943733333333,1279.403378151744,7733.0
scanId=176632,2.943733333333,1279.4239758952674,5397.0
scanId=176632,2.943733333333,1279.4445738482195,3959.0
scanId=176632,2.943733333333,1279.4651719233532,2627.0
scanId=176632,2.943733333333,1279.4857702079078,1582.0
scanId=176632,2.943733333333,1279.5063686146518,1099.0
scanId=176632,2.943733333333,1280.2686270524537,2274.0
scanId=176632,2.943733333333,1280.2892317597978,3963.0
scanId=176632,2.943733333333,1280.3098366764011,6634.0
scanId=176632,2.943733333333,1280.3304417153563,8914.0
scanId=176632,2.943733333333,1280.3510469635623,8708.0
scanId=176632,2.943733333333,1280.3716523341277,7373.0
scanId=176632,2.943733333333,1280.3922579139362,5864.0
scanId=176632,2.943733333333,1280.412863616112,4531.0
scanId=176632,2.943733333333,1280.4334695275231,3328.0
scanId=176632,2.943733333333,1280.4540755613095,2341.0
scanId=176632,2.943733333333,1280.4746818043227,1709.0
scanId=176632,2.943733333333,1280.4952881697195,1308.0
scanId=176632,2.943733333333,1280.5158947443354,1096.0
scanId=176632,2.943733333333,1281.2784537399705,1296.0
scanId=176632,2.943733333333,1281.2990666150313,3031.0
scanId=176632,2.943733333333,1281.3196796126385,5029.0
scanId=176632,2.943733333333,1281.340292819302,5419.0
scanId=176632,2.943733333333,1281.3609061485204,5250.0
scanId=176632,2.943733333333,1281.3815196867863,4710.0
scanId=176632,2.943733333333,1281.4021333476148,3489.0
scanId=176632,2.943733333333,1281.4227472174828,2374.0
scanId=176632,2.943733333333,1281.4433612099217,1648.0
scanId=176632,2.943733333333,1281.4639754113925,1119.0
scanId=176632,2.943733333333,1282.288678564283,1458.0
scanId=176632,2.943733333333,1282.309299520543,2340.0
scanId=176632,2.943733333333,1282.329920685662,3004.0
scanId=176632,2.943733333333,1282.3505419735327,2642.0
scanId=176632,2.943733333333,1282.3711634702538,2126.0
scanId=176632,2.943733333333,1282.3917850897355,1686.0
scanId=176632,2.943733333333,1282.412406918059,1311.0
scanId=176632,2.943733333333,1283.319930562602,1271.0
scanId=176632,2.943733333333,1283.3405598091251,1447.0
scanId=176632,2.943733333333,1283.3611892643005,1297.0
scanId=176632,2.943733333333,1284.289685368056,1091.0
scanId=176632,2.943733333333,1284.3103224500815,1044.0
scanId=176632,2.943733333333,1300.7692474351347,1113.0
scanId=176632,2.943733333333,1300.7900164945868,1324.0
scanId=176632,2.943733333333,1300.8107856807533,1300.0
scanId=176632,2.943733333333,1300.8315550718064,1073.0
scanId=176632,2.943733333333,1318.3154833357473,1263.0
scanId=176632,2.943733333333,1318.3363919989647,2080.0
scanId=176632,2.943733333333,1318.357300793163,2403.0
scanId=176632,2.943733333333,1318.3782097879796,2207.0
scanId=176632,2.943733333333,1318.3991189137882,1848.0
scanId=176632,2.943733333333,1318.4200282402048,1356.0
scanId=176632,2.943733333333,1319.2983689385132,1012.0
scanId=176632,2.943733333333,1319.3192853597534,1597.0
scanId=176632,2.943733333333,1319.3402019813643,2162.0
scanId=176632,2.943733333333,1319.361118734215,2296.0
scanId=176632,2.943733333333,1319.3820356874264,1941.0
scanId=176632,2.943733333333,1319.4029527718876,1643.0
scanId=176632,2.943733333333,1319.423870056698,1338.0
scanId=176632,2.943733333333,1320.32346939286,1587.0
scanId=176632,2.943733333333,1320.3443939728631,2089.0
scanId=176632,2.943733333333,1320.3653186843667,2447.0
scanId=176632,2.943733333333,1320.3862435959695,2319.0
scanId=176632,2.943733333333,1320.4071686390835,1847.0
scanId=176632,2.943733333333,1320.4280938822862,1362.0
scanId=176632,2.943733333333,1320.4490192570108,1061.0
scanId=176632,2.943733333333,1321.3071030964804,1340.0
scanId=176632,2.943733333333,1321.328035435026,2497.0
scanId=176632,2.943733333333,1321.3489679734203,2997.0
scanId=176632,2.943733333333,1321.3699006435766,2593.0
scanId=176632,2.943733333333,1321.39083351357,1748.0
scanId=176632,2.943733333333,1321.4117665153367,1062.0
scanId=176632,2.943733333333,1322.332983486213,1028.0
scanId=176632,2.943733333333,1322.3539239829959,1060.0
scanId=176632,2.943733333333,1322.3748646118047,1495.0
scanId=176632,2.943733333333,1322.3958054401876,1683.0
scanId=176632,2.943733333333,1322.416746400607,1255.0
scanId=176632,2.943733333333,1332.3614348527215,1501.0
scanId=176632,2.943733333333,1332.3824546017045,2058.0
scanId=176632,2.943733333333,1332.4034744854293,2109.0
scanId=176632,2.943733333333,1332.424494566011,1746.0
scanId=176632,2.943733333333,1332.4455147813462,1329.0
scanId=176632,2.943733333333,1332.4665351935262,1011.0
scanId=176632,2.943733333333,1333.370569083478,1802.0
scanId=176632,2.943733333333,1333.3915967908313,2830.0
scanId=176632,2.943733333333,1333.412624633209,3302.0
scanId=176632,2.943733333333,1333.4336526721615,2876.0
scanId=176632,2.943733333333,1333.4546808461498,2036.0
scanId=176632,2.943733333333,1333.4757092167004,1333.0
scanId=176632,2.943733333333,1334.3380145192345,1588.0
scanId=176632,2.943733333333,1334.3590498533588,2223.0
scanId=176632,2.943733333333,1334.3800853227785,3058.0
scanId=176632,2.943733333333,1334.401120988501,3879.0
scanId=176632,2.943733333333,1334.422156789531,4046.0
scanId=176632,2.943733333333,1334.4431927868523,3329.0
scanId=176632,2.943733333333,1334.464228919493,2496.0
scanId=176632,2.943733333333,1334.4852652484135,1837.0
scanId=176632,2.943733333333,1334.5063017126647,1348.0
scanId=176632,2.943733333333,1335.3478968500192,1063.0
scanId=176632,2.943733333333,1335.3689401425104,1733.0
scanId=176632,2.943733333333,1335.389983570583,1867.0
scanId=176632,2.943733333333,1335.4110271946734,1762.0
scanId=176632,2.943733333333,1335.4320709543563,1709.0
scanId=176632,2.943733333333,1335.4531149100446,1324.0
scanId=176632,2.943733333333,1521.911491320763,1356.0
scanId=176632,2.943733333333,1521.9339564835284,1691.0
scanId=176632,2.943733333333,1521.956421857544,1645.0
scanId=176632,2.943733333333,1521.9788873518978,1429.0
scanId=176632,2.943733333333,1522.001353057524,1045.0
scanId=177631,2.960383333333,129.09369315859675,1238.0
scanId=177631,2.960383333333,129.10023619722594,1459.0
scanId=177631,2.960383333333,129.1067792917494,1193.0
scanId=177631,2.960383333333,129.1133226619878,1012.0
scanId=177631,2.960383333333,206.156144720616,1050.0
scanId=177631,2.960383333333,244.07843864740929,1081.0
scanId=177631,2.960383333333,244.08743532822794,1977.0
scanId=177631,2.960383333333,244.0964322204038,1984.0
scanId=177631,2.960383333333,244.105429232833,1350.0
scanId=177631,2.960383333333,248.10742179940004,1278.0
scanId=177631,2.960383333333,248.11649242936642,2344.0
scanId=177631,2.960383333333,248.1255632676533,2434.0
scanId=177631,2.960383333333,248.13463422923016,2001.0
scanId=177631,2.960383333333,248.14370539911383,1421.0
scanId=177631,2.960383333333,262.09554256576735,1197.0
scanId=177631,2.960383333333,262.1048654175388,1091.0
scanId=177631,2.960383333333,262.1141884031169,1050.0
scanId=177631,2.960383333333,262.123511586485,1059.0
scanId=177631,2.960383333333,263.15941377319365,1132.0
scanId=177631,2.960383333333,290.11309575222555,1410.0
scanId=177631,2.960383333333,290.1229042156162,3190.0
scanId=177631,2.960383333333,290.132712856216,4277.0
scanId=177631,2.960383333333,290.1425216512173,4418.0
scanId=177631,2.960383333333,290.15233062341366,3599.0
scanId=177631,2.960383333333,290.16213975002535,2438.0
scanId=177631,2.960383333333,290.17194905381825,1594.0
scanId=177631,2.960383333333,290.18175851204046,1070.0
scanId=177631,2.960383333333,292.1371412897361,1154.0
scanId=177631,2.960383333333,292.1469839090111,1888.0
scanId=177631,2.960383333333,292.1568267040502,1870.0
scanId=177631,2.960383333333,292.16666965493573,1402.0
scanId=177631,2.960383333333,294.1484697292405,1314.0
scanId=177631,2.960383333333,294.1583461727894,2940.0
scanId=177631,2.960383333333,294.1682227906732,3400.0
scanId=177631,2.960383333333,294.17809956583255,2823.0
scanId=177631,2.960383333333,294.18797651531276,1965.0
scanId=177631,2.960383333333,294.1978536220828,1265.0
scanId=177631,2.960383333333,331.1968418989914,1017.0
scanId=177631,2.960383333333,368.4054846683426,2057.0
scanId=177631,2.960383333333,368.41653766604406,2834.0
scanId=177631,2.960383333333,368.4275907918437,2624.0
scanId=177631,2.960383333333,368.43864412115585,1829.0
scanId=177631,2.960383333333,368.44969757855444,1206.0
scanId=177631,2.960383333333,369.41198472351476,1034.0
scanId=177631,2.960383333333,369.42305277127025,1362.0
scanId=177631,2.960383333333,369.434121023056,1213.0
scanId=177631,2.960383333333,494.2662843147362,1313.0
scanId=177631,2.960383333333,494.27908688958235,5670.0
scanId=177631,2.960383333333,494.2918895514093,13020.0
scanId=177631,2.960383333333,494.30469245786617,18978.0
scanId=177631,2.960383333333,494.31749545130026,19798.0
scanId=177631,2.960383333333,494.3302986893676,16269.0
scanId=177631,2.960383333333,494.3431020144088,11982.0
scanId=177631,2.960383333333,494.35590558408654,8402.0
scanId=177631,2.960383333333,494.368709240735,5578.0
scanId=177631,2.960383333333,494.3815131420232,3510.0
scanId=177631,2.960383333333,494.3943171302785,2235.0
scanId=177631,2.960383333333,494.40712136317745,1479.0
scanId=177631,2.960383333333,494.7785150595488,2911.0
scanId=177631,2.960383333333,494.79132426660567,6861.0
scanId=177631,2.960383333333,494.80413356057454,10546.0
scanId=177631,2.960383333333,494.81694309924177,11585.0
scanId=177631,2.960383333333,494.829752724818,9262.0
scanId=177631,2.960383333333,494.8425625950957,6292.0
scanId=177631,2.960383333333,494.8553725522789,4018.0
scanId=177631,2.960383333333,494.8681827541673,2626.0
scanId=177631,2.960383333333,494.88099304295764,1837.0
scanId=177631,2.960383333333,494.89380357645643,1301.0
scanId=177631,2.960383333333,495.2781954969131,1669.0
scanId=177631,2.960383333333,495.29101109141766,3377.0
scanId=177631,2.960383333333,495.3038269306849,4296.0
scanId=177631,2.960383333333,495.3166428567965,4114.0
scanId=177631,2.960383333333,495.32945902767443,3745.0
scanId=177631,2.960383333333,495.3422752853931,3311.0
scanId=177631,2.960383333333,495.3550917878814,2441.0
scanId=177631,2.960383333333,495.36790837720747,1771.0
scanId=177631,2.960383333333,495.3807252113063,1424.0
scanId=177631,2.960383333333,495.3935421322395,1127.0
scanId=177631,2.960383333333,495.803772410357,1177.0
scanId=177631,2.960383333333,495.81659488183476,1194.0
scanId=177631,2.960383333333,510.8152802964993,1396.0
scanId=177631,2.960383333333,510.8282954336937,1401.0
scanId=177631,2.960383333333,510.84131065602855,1156.0
scanId=177631,2.960383333333,521.30664463209,1151.0
scanId=177631,2.960383333333,521.3197927451062,1386.0
scanId=177631,2.960383333333,521.3329409424902,1345.0
scanId=177631,2.960383333333,521.3460893871168,1226.0
scanId=177631,2.960383333333,550.5929320037319,1118.0
scanId=177631,2.960383333333,550.6064443088574,1613.0
scanId=177631,2.960383333333,550.6199568618437,1825.0
scanId=177631,2.960383333333,550.6334694985801,1616.0
scanId=177631,2.960383333333,550.6469823831769,1222.0
scanId=177631,2.960383333333,551.3363572221187,1366.0
scanId=177631,2.960383333333,551.3498787285891,1589.0
scanId=177631,2.960383333333,551.3634003188224,1267.0
scanId=177631,2.960383333333,604.3251894637757,1122.0
scanId=177631,2.960383333333,604.3393457607261,3163.0
scanId=177631,2.960383333333,604.3535023013575,6381.0
scanId=177631,2.960383333333,604.3676589299223,9852.0
scanId=177631,2.960383333333,604.3818158021639,11164.0
scanId=177631,2.960383333333,604.3959727623434,9788.0
scanId=177631,2.960383333333,604.4101299661955,7246.0
scanId=177631,2.960383333333,604.4242872579892,5311.0
scanId=177631,2.960383333333,604.438444793452,3703.0
scanId=177631,2.960383333333,604.4526024168598,2423.0
scanId=177631,2.960383333333,604.4667602839332,1669.0
scanId=177631,2.960383333333,604.4809182389556,1117.0
scanId=177631,2.960383333333,605.3448694484081,1186.0
scanId=177631,2.960383333333,605.3590376834766,2067.0
scanId=177631,2.960383333333,605.3732061620868,2695.0
scanId=177631,2.960383333333,605.3873747287697,3157.0
scanId=177631,2.960383333333,605.4015435389904,2856.0
scanId=177631,2.960383333333,605.4157124372877,1913.0
scanId=177631,2.960383333333,605.4298815791188,1067.0
scanId=177631,2.960383333333,606.379589145756,1204.0
scanId=177631,2.960383333333,606.3937695623453,1577.0
scanId=177631,2.960383333333,606.4079500671482,1570.0
scanId=177631,2.960383333333,606.4221308153479,1477.0
scanId=177631,2.960383333333,606.4363116517655,1295.0
scanId=177631,2.960383333333,609.2900336409218,1597.0
scanId=177631,2.960383333333,609.3042479704104,3937.0
scanId=177631,2.960383333333,609.3184625428839,5704.0
scanId=177631,2.960383333333,609.3326772039871,6325.0
scanId=177631,2.960383333333,609.3468921080712,5960.0
scanId=177631,2.960383333333,609.3611071007888,4614.0
scanId=177631,2.960383333333,609.3753223364835,3158.0
scanId=177631,2.960383333333,609.3895376608159,2151.0
scanId=177631,2.960383333333,609.403753228121,1455.0
scanId=177631,2.960383333333,610.2996657645849,1253.0
scanId=177631,2.960383333333,610.313891943427,2277.0
scanId=177631,2.960383333333,610.3281182110438,3048.0
scanId=177631,2.960383333333,610.3423447214964,3214.0
scanId=177631,2.960383333333,610.356571320728,2576.0
scanId=177631,2.960383333333,610.3707981627911,1935.0
scanId=177631,2.960383333333,610.3850250936372,1398.0
scanId=177631,2.960383333333,610.3992522673109,1048.0
scanId=177631,2.960383333333,620.3702412378133,1189.0
scanId=177631,2.960383333333,620.3845842339082,1293.0
scanId=177631,2.960383333333,620.3989274712666,1071.0
scanId=177631,2.960383333333,623.314030147332,1049.0
scanId=177631,2.960383333333,623.3284072089641,1666.0
scanId=177631,2.960383333333,623.3427843614415,2006.0
scanId=177631,2.960383333333,623.3571617546842,2215.0
scanId=177631,2.960383333333,623.3715392387771,1774.0
scanId=177631,2.960383333333,623.3859169636303,1340.0
scanId=177631,2.960383333333,623.4002947793385,1008.0
scanId=177631,2.960383333333,623.4290509831261,1073.0
scanId=177631,2.960383333333,623.4434293712003,1026.0
scanId=177631,2.960383333333,623.4578078501395,1099.0
scanId=177631,2.960383333333,646.397595253147,1008.0
scanId=177631,2.960383333333,659.4935213233096,1010.0
scanId=177631,2.960383333333,663.4034126104293,3157.0
scanId=177631,2.960383333333,663.4182447407413,7519.0
scanId=177631,2.960383333333,663.4330771036281,11598.0
scanId=177631,2.960383333333,663.4479095655576,13151.0
scanId=177631,2.960383333333,663.462742260055,12398.0
scanId=177631,2.960383333333,663.4775750536019,9930.0
scanId=177631,2.960383333333,663.4924080797097,6623.0
scanId=177631,2.960383333333,663.5072412048743,4120.0
scanId=177631,2.960383333333,663.5220745625926,2619.0
scanId=177631,2.960383333333,663.5369080193746,1772.0
scanId=177631,2.960383333333,663.5517417087036,1165.0
scanId=177631,2.960383333333,664.4123774501221,2714.0
scanId=177631,2.960383333333,664.4272208554299,4982.0
scanId=177631,2.960383333333,664.4420644930748,6603.0
scanId=177631,2.960383333333,664.4569082300002,6595.0
scanId=177631,2.960383333333,664.4717521992554,5355.0
scanId=177631,2.960383333333,664.4865962677985,3824.0
scanId=177631,2.960383333333,664.5014405686643,2628.0
scanId=177631,2.960383333333,664.5162849688248,1766.0
scanId=177631,2.960383333333,664.5311296013012,1245.0
scanId=177631,2.960383333333,665.4072544006812,1020.0
scanId=177631,2.960383333333,665.4221089814732,1716.0
scanId=177631,2.960383333333,665.4369636617787,2245.0
scanId=177631,2.960383333333,665.4518185741814,2043.0
scanId=177631,2.960383333333,665.4666735861043,1623.0
scanId=177631,2.960383333333,665.4815288301177,1095.0
scanId=177631,2.960383333333,685.4007935164914,2251.0
scanId=177631,2.960383333333,685.4158696131161,3071.0
scanId=177631,2.960383333333,685.4309458142773,3193.0
scanId=177631,2.960383333333,685.4460222425125,2728.0
scanId=177631,2.960383333333,685.4610987752919,1965.0
scanId=177631,2.960383333333,685.4761755351378,1286.0
scanId=177631,2.960383333333,686.4263437126917,1396.0
scanId=177631,2.960383333333,686.4414310840745,1752.0
scanId=177631,2.960383333333,686.4565185602646,1323.0
scanId=177631,2.960383333333,722.4630561431144,1250.0
scanId=177631,2.960383333333,722.4785344833093,2190.0
scanId=177631,2.960383333333,722.4940129385607,2535.0
scanId=177631,2.960383333333,722.5094916103661,2479.0
scanId=177631,2.960383333333,722.5249703972373,2014.0
scanId=177631,2.960383333333,722.5404494006534,1522.0
scanId=177631,2.960383333333,722.5559285191445,1333.0
scanId=177631,2.960383333333,722.571407854171,1294.0
scanId=177631,2.960383333333,722.5868873042821,1024.0
scanId=177631,2.960383333333,723.4540025596784,1004.0
scanId=177631,2.960383333333,723.4694915114103,1075.0
scanId=177631,2.960383333333,723.484980578498,1291.0
scanId=177631,2.960383333333,723.5004698618403,1139.0
scanId=177631,2.960383333333,736.4762445245176,3219.0
scanId=177631,2.960383333333,736.4918722088086,9947.0
scanId=177631,2.960383333333,736.5075001053515,22192.0
scanId=177631,2.960383333333,736.5231281212626,34444.0
scanId=177631,2.960383333333,736.5387563494161,36640.0
scanId=177631,2.960383333333,736.5543846969474,30741.0
scanId=177631,2.960383333333,736.5700132567116,23348.0
scanId=177631,2.960383333333,736.5856419358632,16888.0
scanId=177631,2.960383333333,736.6012708272378,11646.0
scanId=177631,2.960383333333,736.6168998380098,7718.0
scanId=177631,2.960383333333,736.6325290609949,5220.0
scanId=177631,2.960383333333,736.6481584033871,3547.0
scanId=177631,2.960383333333,736.6637879579829,2291.0
scanId=177631,2.960383333333,736.6794176319954,1614.0
scanId=177631,2.960383333333,736.6950475182018,1239.0
scanId=177631,2.960383333333,737.4767520736943,1376.0
scanId=177631,2.960383333333,737.4923903698352,4443.0
scanId=177631,2.960383333333,737.5080288779151,9884.0
scanId=177631,2.960383333333,737.5236675056763,15554.0
scanId=177631,2.960383333333,737.5393063453666,17967.0
scanId=177631,2.960383333333,737.554945304748,16650.0
scanId=177631,2.960383333333,737.5705844760491,13337.0
scanId=177631,2.960383333333,737.586223767051,9475.0
scanId=177631,2.960383333333,737.6018632699626,6110.0
scanId=177631,2.960383333333,737.6175028925846,4280.0
scanId=177631,2.960383333333,737.6331427271066,3101.0
scanId=177631,2.960383333333,737.6487826813493,2285.0
scanId=177631,2.960383333333,737.6644228474818,1687.0
scanId=177631,2.960383333333,737.6800631333443,1147.0
scanId=177631,2.960383333333,738.4935876792596,1244.0
scanId=177631,2.960383333333,738.5092367988764,2958.0
scanId=177631,2.960383333333,738.5248860384886,4378.0
scanId=177631,2.960383333333,738.5405354897159,5048.0
scanId=177631,2.960383333333,738.5561850609486,5147.0
scanId=177631,2.960383333333,738.5718348437864,4986.0
scanId=177631,2.960383333333,738.5874847466392,4192.0
scanId=177631,2.960383333333,738.6031348610877,3305.0
scanId=177631,2.960383333333,738.6187850955608,2430.0
scanId=177631,2.960383333333,738.6344355416197,1861.0
scanId=177631,2.960383333333,738.6500861077135,1475.0
scanId=177631,2.960383333333,738.6657368853829,1088.0
scanId=177631,2.960383333333,739.5267837197292,1006.0
scanId=177631,2.960383333333,739.5424437824934,1137.0
scanId=177631,2.960383333333,739.558103965578,1130.0
scanId=177631,2.960383333333,739.6364075045639,1025.0
scanId=177631,2.960383333333,747.4876923571558,1203.0
scanId=177631,2.960383333333,747.5034364402263,1056.0
scanId=177631,2.960383333333,764.5083214386192,1359.0
scanId=177631,2.960383333333,764.5242438053109,3376.0
scanId=177631,2.960383333333,764.5401663003796,6407.0
scanId=177631,2.960383333333,764.556088998682,8818.0
scanId=177631,2.960383333333,764.5720118253716,8417.0
scanId=177631,2.960383333333,764.5879348552845,6721.0
scanId=177631,2.960383333333,764.6038580135952,4803.0
scanId=177631,2.960383333333,764.6197813751185,3239.0
scanId=177631,2.960383333333,764.6357048650505,2152.0
scanId=177631,2.960383333333,764.6516285581841,1438.0
scanId=177631,2.960383333333,765.5276859778028,2211.0
scanId=177631,2.960383333333,765.5436189560313,3646.0
scanId=177631,2.960383333333,765.559552062973,4400.0
scanId=177631,2.960383333333,765.5754853728121,4634.0
scanId=177631,2.960383333333,765.5914188113745,4446.0
scanId=177631,2.960383333333,765.6073524528243,3744.0
scanId=177631,2.960383333333,765.6232862230079,2847.0
scanId=177631,2.960383333333,765.639220196068,2090.0
scanId=177631,2.960383333333,765.6551542978727,1431.0
scanId=177631,2.960383333333,765.6710886025435,1028.0
scanId=177631,2.960383333333,766.5477296661063,1397.0
scanId=177631,2.960383333333,766.5636732558718,1794.0
scanId=177631,2.960383333333,766.5796169746869,1738.0
scanId=177631,2.960383333333,766.5955608960628,1484.0
scanId=177631,2.960383333333,766.6115049464988,1268.0
scanId=177631,2.960383333333,773.4507885579936,1289.0
scanId=177631,2.960383333333,773.4668037756333,1281.0
scanId=177631,2.960383333333,773.4828191246118,1028.0
scanId=177631,2.960383333333,782.5419038486702,1228.0
scanId=177631,2.960383333333,782.5580129120891,1099.0
scanId=177631,2.960383333333,784.4600446788647,1097.0
scanId=177631,2.960383333333,784.476173442327,1184.0
scanId=177631,2.960383333333,784.4923024023776,1026.0
scanId=177631,2.960383333333,810.7077245436453,1881.0
scanId=177631,2.960383333333,810.7241209257202,2688.0
scanId=177631,2.960383333333,810.7405174954665,2786.0
scanId=177631,2.960383333333,810.7569142091629,2445.0
scanId=177631,2.960383333333,810.7733111105201,1853.0
scanId=177631,2.960383333333,810.7897081558382,1244.0
scanId=177631,2.960383333333,811.7082079350408,1038.0
scanId=177631,2.960383333333,811.7246144531033,1475.0
scanId=177631,2.960383333333,811.7410211154516,1527.0
scanId=177631,2.960383333333,811.7574279651244,1189.0
scanId=177631,2.960383333333,822.6881761111754,1452.0
scanId=177631,2.960383333333,822.704693203578,2768.0
scanId=177631,2.960383333333,822.7212104795566,3968.0
scanId=177631,2.960383333333,822.7377279035809,4854.0
scanId=177631,2.960383333333,822.7542455111701,5327.0
scanId=177631,2.960383333333,822.7707632668163,4722.0
scanId=177631,2.960383333333,822.7872812060159,3397.0
scanId=177631,2.960383333333,822.8037992932842,2267.0
scanId=177631,2.960383333333,822.8203175640944,1607.0
scanId=177631,2.960383333333,822.8368359829843,1104.0
scanId=177631,2.960383333333,823.6960227097422,1235.0
scanId=177631,2.960383333333,823.7125499340368,2171.0
scanId=177631,2.960383333333,823.729077306716,3147.0
scanId=177631,2.960383333333,823.7456048626209,3292.0
scanId=177631,2.960383333333,823.7621325669221,2643.0
scanId=177631,2.960383333333,823.7786604544375,1731.0
scanId=177631,2.960383333333,823.7951884903604,1146.0
scanId=177631,2.960383333333,824.7044862976381,1001.0
scanId=177631,2.960383333333,824.7210236189724,1691.0
scanId=177631,2.960383333333,824.7375611231931,1821.0
scanId=177631,2.960383333333,824.7540987761491,1617.0
scanId=177631,2.960383333333,824.7706366119805,1217.0
scanId=177631,2.960383333333,825.5315559062217,1250.0
scanId=177631,2.960383333333,825.5481015181019,1570.0
scanId=177631,2.960383333333,825.5646473125859,1593.0
scanId=177631,2.960383333333,825.5811932560879,1135.0
scanId=177631,2.960383333333,825.746661894503,1128.0
scanId=177631,2.960383333333,825.7632096786502,1350.0
scanId=177631,2.960383333333,825.7797576118832,1099.0
scanId=177631,2.960383333333,825.9948959494646,1086.0
scanId=177631,2.960383333333,826.0114462040505,1744.0
scanId=177631,2.960383333333,826.0279966410818,2264.0
scanId=177631,2.960383333333,826.0445472272897,2722.0
scanId=177631,2.960383333333,826.0610979959315,2506.0
scanId=177631,2.960383333333,826.077648913761,1720.0
scanId=177631,2.960383333333,826.0942000140135,1238.0
scanId=177631,2.960383333333,826.5080311920359,1149.0
scanId=177631,2.960383333333,826.5245866032252,1555.0
scanId=177631,2.960383333333,826.5411421637606,1498.0
scanId=177631,2.960383333333,826.5576979065603,1210.0
scanId=177631,2.960383333333,827.6838768432194,1547.0
scanId=177631,2.960383333333,827.7004440105196,1966.0
scanId=177631,2.960383333333,827.7170113596878,1999.0
scanId=177631,2.960383333333,827.7335788586098,1507.0
scanId=177631,2.960383333333,828.6782008433544,1287.0
scanId=177631,2.960383333333,828.69477795931,1737.0
scanId=177631,2.960383333333,828.7113552567941,1934.0
scanId=177631,2.960383333333,828.7279327043716,1707.0
scanId=177631,2.960383333333,828.7445103334663,1207.0
scanId=177631,2.960383333333,833.5922686743688,1059.0
scanId=177631,2.960383333333,833.6088948703605,1023.0
scanId=177631,2.960383333333,836.7375667840408,1277.0
scanId=177631,2.960383333333,836.7542243312729,1427.0
scanId=177631,2.960383333333,836.7708820313429,1268.0
scanId=177631,2.960383333333,836.7875399101854,1140.0
scanId=177631,2.960383333333,836.8041979418772,1059.0
scanId=177631,2.960383333333,848.7068078592455,1634.0
scanId=177631,2.960383333333,848.7235841230464,2273.0
scanId=177631,2.960383333333,848.7403605437531,3234.0
scanId=177631,2.960383333333,848.7571371391643,3826.0
scanId=177631,2.960383333333,848.7739138914932,3487.0
scanId=177631,2.960383333333,848.7906908185149,2706.0
scanId=177631,2.960383333333,848.8074679024655,1830.0
scanId=177631,2.960383333333,848.8242451610981,1228.0
scanId=177631,2.960383333333,849.7136769005757,1048.0
scanId=177631,2.960383333333,849.7304631126922,1677.0
scanId=177631,2.960383333333,849.747249482056,2180.0
scanId=177631,2.960383333333,849.764036025783,2049.0
scanId=177631,2.960383333333,849.7808227267684,1610.0
scanId=177631,2.960383333333,849.7976096021061,1334.0
scanId=177631,2.960383333333,850.7379390115149,1002.0
scanId=177631,2.960383333333,850.754735329535,1254.0
scanId=177631,2.960383333333,850.7715318215782,1151.0
scanId=177631,2.960383333333,851.7628180861898,1259.0
scanId=177631,2.960383333333,851.7796245265486,1476.0
scanId=177631,2.960383333333,851.7964311248475,1403.0
scanId=177631,2.960383333333,851.8132378968168,1023.0
scanId=177631,2.960383333333,852.7714977520186,1026.0
scanId=177631,2.960383333333,853.6798198086068,1224.0
scanId=177631,2.960383333333,853.6966451507658,1731.0
scanId=177631,2.960383333333,853.713470651512,1880.0
scanId=177631,2.960383333333,853.7302963252814,1655.0
scanId=177631,2.960383333333,853.7471221576496,1406.0
scanId=177631,2.960383333333,853.7639481630296,1216.0
scanId=177631,2.960383333333,854.7064688923363,1110.0
scanId=177631,2.960383333333,854.7233043417392,1278.0
scanId=177631,2.960383333333,854.7401399638244,1167.0
scanId=177631,2.960383333333,860.7272619953651,1186.0
scanId=177631,2.960383333333,860.7441566441245,1734.0
scanId=177631,2.960383333333,860.7610514538425,2028.0
scanId=177631,2.960383333333,860.7779464342121,1733.0
scanId=177631,2.960383333333,860.7948415755521,1182.0
scanId=177631,2.960383333333,862.7558034253257,1035.0
scanId=177631,2.960383333333,862.7727179707165,1301.0
scanId=177631,2.960383333333,862.789632677746,1428.0
scanId=177631,2.960383333333,862.8065475547476,1078.0
scanId=177631,2.960383333333,868.5502456717408,1463.0
scanId=177631,2.960383333333,868.567216922532,2428.0
scanId=177631,2.960383333333,868.5841883368959,2852.0
scanId=177631,2.960383333333,868.6011599192974,2609.0
scanId=177631,2.960383333333,868.6181316652834,1874.0
scanId=177631,2.960383333333,868.6351035792956,1179.0
scanId=177631,2.960383333333,869.5688141324662,1167.0
scanId=177631,2.960383333333,869.5857953315731,2063.0
scanId=177631,2.960383333333,869.6027766945917,1951.0
scanId=177631,2.960383333333,869.6197582253092,1515.0
scanId=177631,2.960383333333,869.6367399199495,1161.0
scanId=177631,2.960383333333,870.5709885222502,1273.0
scanId=177631,2.960383333333,870.5879795023016,1208.0
scanId=177631,2.960383333333,874.738734829802,1434.0
scanId=177631,2.960383333333,874.7557664337091,1990.0
scanId=177631,2.960383333333,874.7727982032413,1875.0
scanId=177631,2.960383333333,874.7898301387589,1405.0
scanId=177631,2.960383333333,874.8068622399127,1007.0
scanId=177631,2.960383333333,878.7798619221293,1046.0
scanId=177631,2.960383333333,878.7969328230292,1018.0
scanId=177631,2.960383333333,878.8140038885892,1090.0
scanId=177631,2.960383333333,879.8044094219732,1268.0
scanId=177631,2.960383333333,879.8214902715258,1655.0
scanId=177631,2.960383333333,879.8385712854016,1575.0
scanId=177631,2.960383333333,879.8556524665756,1133.0
scanId=177631,2.960383333333,898.7280924303245,1120.0
scanId=177631,2.960383333333,898.7453560033994,1438.0
scanId=177631,2.960383333333,898.7626197346759,1576.0
scanId=177631,2.960383333333,898.7798836393724,1795.0
scanId=177631,2.960383333333,898.7971477022595,1603.0
scanId=177631,2.960383333333,898.8144119385773,1246.0
scanId=177631,2.960383333333,899.7642000668085,1070.0
scanId=177631,2.960383333333,899.7814735885289,1181.0
scanId=177631,2.960383333333,899.7987472681214,1191.0
scanId=177631,2.960383333333,899.816021121463,1050.0
scanId=177631,2.960383333333,900.7490552123954,1654.0
scanId=177631,2.960383333333,900.7663381770826,2671.0
scanId=177631,2.960383333333,900.7836213158265,2592.0
scanId=177631,2.960383333333,900.8009046121242,2280.0
scanId=177631,2.960383333333,900.8181880824894,1946.0
scanId=177631,2.960383333333,900.8354717103979,1469.0
scanId=177631,2.960383333333,902.772287732007,1125.0
scanId=177631,2.960383333333,902.7895901047965,1546.0
scanId=177631,2.960383333333,902.8068926345051,1550.0
scanId=177631,2.960383333333,902.8241953389158,1249.0
scanId=177631,2.960383333333,927.5963913920364,1098.0
scanId=177631,2.960383333333,927.6139300284407,1171.0
scanId=177631,2.960383333333,956.5648006430691,1223.0
scanId=177631,2.960383333333,956.5826110591474,1651.0
scanId=177631,2.960383333333,956.6004216161843,1778.0
scanId=177631,2.960383333333,956.6182323638834,1621.0
scanId=177631,2.960383333333,956.6360432525308,1497.0
scanId=177631,2.960383333333,956.6538543318499,1147.0
scanId=177631,2.960383333333,957.5624385915538,1348.0
scanId=177631,2.960383333333,957.5802582930004,1885.0
scanId=177631,2.960383333333,957.5980781351323,2173.0
scanId=177631,2.960383333333,957.615898168199,2063.0
scanId=177631,2.960383333333,957.6337183419413,1828.0
scanId=177631,2.960383333333,957.6515387066286,1599.0
scanId=177631,2.960383333333,957.6693592119813,1464.0
scanId=177631,2.960383333333,957.6871799082886,1237.0
scanId=177631,2.960383333333,962.6298933827956,1134.0
scanId=177631,2.960383333333,987.5161983482183,1973.0
scanId=177631,2.960383333333,987.5342946205959,8832.0
scanId=177631,2.960383333333,987.5523910259078,25144.0
scanId=177631,2.960383333333,987.5704876299051,49494.0
scanId=177631,2.960383333333,987.5885843668275,76324.0
scanId=177631,2.960383333333,987.6066813024439,92153.0
scanId=177631,2.960383333333,987.6247783709769,90045.0
scanId=177631,2.960383333333,987.6428756382126,74456.0
scanId=177631,2.960383333333,987.6609730383562,55054.0
scanId=177631,2.960383333333,987.6790706372111,38585.0
scanId=177631,2.960383333333,987.6971683689651,27095.0
scanId=177631,2.960383333333,987.7152662994397,18950.0
scanId=177631,2.960383333333,987.7333643628042,12823.0
scanId=177631,2.960383333333,987.7514626248978,8274.0
scanId=177631,2.960383333333,987.7695610198731,5351.0
scanId=177631,2.960383333333,987.787659613586,3755.0
scanId=177631,2.960383333333,987.8057583401718,2908.0
scanId=177631,2.960383333333,987.8238572655041,2297.0
scanId=177631,2.960383333333,987.8419563237002,1780.0
scanId=177631,2.960383333333,987.860055580652,1472.0
scanId=177631,2.960383333333,987.8781549704586,1236.0
scanId=177631,2.960383333333,987.9505542536648,1070.0
scanId=177631,2.960383333333,987.9686545054745,1110.0
scanId=177631,2.960383333333,987.9867548901127,1008.0
scanId=177631,2.960383333333,988.1496659781088,1054.0
scanId=177631,2.960383333333,988.1677680207999,1262.0
scanId=177631,2.960383333333,988.1858702623252,1278.0
scanId=177631,2.960383333333,988.2039726366266,1305.0
scanId=177631,2.960383333333,988.2220752097716,1388.0
scanId=177631,2.960383333333,988.2401779156835,1377.0
scanId=177631,2.960383333333,988.2582808204478,1189.0
scanId=177631,2.960383333333,988.2763838579702,1035.0
scanId=177631,2.960383333333,988.2944870943535,1079.0
scanId=177631,2.960383333333,988.3125904634867,1087.0
scanId=177631,2.960383333333,988.4212142594149,1055.0
scanId=177631,2.960383333333,988.4393188222754,1095.0
scanId=177631,2.960383333333,988.5117386656154,1921.0
scanId=177631,2.960383333333,988.5298440244115,5272.0
scanId=177631,2.960383333333,988.54794958213,14162.0
scanId=177631,2.960383333333,988.5660552725368,29676.0
scanId=177631,2.960383333333,988.5841611618745,48008.0
scanId=177631,2.960383333333,988.6022671838916,63008.0
scanId=177631,2.960383333333,988.6203734048488,68867.0
scanId=177631,2.960383333333,988.6384797584766,63640.0
scanId=177631,2.960383333333,988.6565863110532,50568.0
scanId=177631,2.960383333333,988.6746929962914,36463.0
scanId=177631,2.960383333333,988.6927998804869,25227.0
scanId=177631,2.960383333333,988.7109068973358,17189.0
scanId=177631,2.960383333333,988.7290141131507,11349.0
scanId=177631,2.960383333333,988.74712146161,7511.0
scanId=177631,2.960383333333,988.7652290090443,5139.0
scanId=177631,2.960383333333,988.7833366891142,3982.0
scanId=177631,2.960383333333,988.8014445681677,3534.0
scanId=177631,2.960383333333,988.8195525798482,2843.0
scanId=177631,2.960383333333,988.8376607905209,2146.0
scanId=177631,2.960383333333,988.8557691338117,1891.0
scanId=177631,2.960383333333,988.8738776761039,1828.0
scanId=177631,2.960383333333,988.8919863510054,2119.0
scanId=177631,2.960383333333,988.9100952249169,2391.0
scanId=177631,2.960383333333,988.9282042314288,2242.0
scanId=177631,2.960383333333,988.9463134369594,2059.0
scanId=177631,2.960383333333,988.964422775082,1677.0
scanId=177631,2.960383333333,988.9825323122319,1412.0
scanId=177631,2.960383333333,989.0006419819649,1239.0
scanId=177631,2.960383333333,989.0187518507342,1113.0
scanId=177631,2.960383333333,989.0368618520778,1257.0
scanId=177631,2.960383333333,989.054972052466,1489.0
scanId=177631,2.960383333333,989.0730823854203,1629.0
scanId=177631,2.960383333333,989.0911929174281,1696.0
scanId=177631,2.960383333333,989.1093035819929,1423.0
scanId=177631,2.960383333333,989.1274144456198,1324.0
scanId=177631,2.960383333333,989.1455254417949,1477.0
scanId=177631,2.960383333333,989.1636366370413,1629.0
scanId=177631,2.960383333333,989.181747964827,1679.0
scanId=177631,2.960383333333,989.1998594916925,1464.0
scanId=177631,2.960383333333,989.2179711510888,1306.0
scanId=177631,2.960383333333,989.2360830095736,1409.0
scanId=177631,2.960383333333,989.2541950005802,1373.0
scanId=177631,2.960383333333,989.2723071906845,1211.0
scanId=177631,2.960383333333,989.2904195133017,1271.0
scanId=177631,2.960383333333,989.3085320350252,1204.0
scanId=177631,2.960383333333,989.3266446892529,1059.0
scanId=177631,2.960383333333,989.3628705284341,1079.0
scanId=177631,2.960383333333,989.3809837133957,1239.0
scanId=177631,2.960383333333,989.3990970308446,1260.0
scanId=177631,2.960383333333,989.417210547426,1192.0
scanId=177631,2.960383333333,989.4353241964852,1114.0
scanId=177631,2.960383333333,989.4534380446855,1146.0
scanId=177631,2.960383333333,989.4715520253557,1163.0
scanId=177631,2.960383333333,989.5258950288948,1820.0
scanId=177631,2.960383333333,989.5440096727856,3271.0
scanId=177631,2.960383333333,989.562124515844,6247.0
scanId=177631,2.960383333333,989.5802394913454,10331.0
scanId=177631,2.960383333333,989.5983546660228,15107.0
scanId=177631,2.960383333333,989.616469973135,19079.0
scanId=177631,2.960383333333,989.6345854794316,20138.0
scanId=177631,2.960383333333,989.6527011181541,17916.0
scanId=177631,2.960383333333,989.6708169560702,14054.0
scanId=177631,2.960383333333,989.6889329264033,10003.0
scanId=177631,2.960383333333,989.7070490959385,7016.0
scanId=177631,2.960383333333,989.7251653978822,4667.0
scanId=177631,2.960383333333,989.7432818990367,3070.0
scanId=177631,2.960383333333,989.761398532591,2188.0
scanId=177631,2.960383333333,989.7795153653645,1802.0
scanId=177631,2.960383333333,989.7976323305292,1663.0
scanId=177631,2.960383333333,989.8157494949223,1559.0
scanId=177631,2.960383333333,989.8338667916975,1625.0
scanId=177631,2.960383333333,989.8519842877096,1644.0
scanId=177631,2.960383333333,989.8701019160955,1418.0
scanId=177631,2.960383333333,989.8882197437268,1350.0
scanId=177631,2.960383333333,989.906337703723,1336.0
scanId=177631,2.960383333333,989.924455862974,1210.0
scanId=177631,2.960383333333,989.9425741545807,1284.0
scanId=177631,2.960383333333,989.9606926454508,1346.0
scanId=177631,2.960383333333,989.978811268668,1216.0
scanId=177631,2.960383333333,989.9969300911572,1097.0
scanId=177631,2.960383333333,990.0150490459852,1364.0
scanId=177631,2.960383333333,990.0331682000935,1534.0
scanId=177631,2.960383333333,990.0512874865318,1316.0
scanId=177631,2.960383333333,990.0694069722597,1064.0
scanId=177631,2.960383333333,990.1056464076553,1051.0
scanId=177631,2.960383333333,990.1237663573148,1178.0
scanId=177631,2.960383333333,990.1418865062809,1110.0
scanId=177631,2.960383333333,990.1600067875511,1051.0
scanId=177631,2.960383333333,990.1781272681364,1074.0
scanId=177631,2.960383333333,990.1962478810168,1064.0
scanId=177631,2.960383333333,990.2324896377125,1032.0
scanId=177631,2.960383333333,990.2506107815364,1177.0
scanId=177631,2.960383333333,990.2687320576381,1154.0
scanId=177631,2.960383333333,990.2868535330812,1096.0
scanId=177631,2.960383333333,990.3049751407932,1092.0
scanId=177631,2.960383333333,990.3230969478556,1038.0
scanId=177631,2.960383333333,990.4137083696374,1010.0
scanId=177631,2.960383333333,990.4318311715574,1012.0
scanId=177631,2.960383333333,990.5586952933127,1490.0
scanId=177631,2.960383333333,990.5768194217097,3009.0
scanId=177631,2.960383333333,990.5949436823059,4149.0
scanId=177631,2.960383333333,990.6130681423222,4507.0
scanId=177631,2.960383333333,990.6311927345289,5139.0
scanId=177631,2.960383333333,990.6493175261643,5017.0
scanId=177631,2.960383333333,990.6674424499818,3951.0
scanId=177631,2.960383333333,990.6855675732363,3017.0
scanId=177631,2.960383333333,990.7036928286641,2310.0
scanId=177631,2.960383333333,990.721818283538,1762.0
scanId=177631,2.960383333333,990.7399438705763,1237.0
scanId=177631,2.960383333333,990.7580696570693,1043.0
scanId=177631,2.960383333333,990.7761955757184,1065.0
scanId=177631,2.960383333333,990.7943216938305,1118.0
scanId=177631,2.960383333333,990.8124479440902,1273.0
scanId=177631,2.960383333333,990.8305743938215,1684.0
scanId=177631,2.960383333333,990.8487009756915,1635.0
scanId=177631,2.960383333333,990.8668277570423,1190.0
scanId=177631,2.960383333333,991.592034299699,1282.0
scanId=177631,2.960383333333,991.6101678453899,1419.0
scanId=177631,2.960383333333,991.6283015907438,1307.0
scanId=177631,2.960383333333,991.6464354680454,1230.0
scanId=177631,2.960383333333,991.6645695450186,1148.0
scanId=177631,2.960383333333,991.6827037539306,1197.0
scanId=177631,2.960383333333,991.7008381625227,1006.0
scanId=177631,2.960383333333,1009.5522439312708,1123.0
scanId=177631,2.960383333333,1009.5705409609523,1532.0
scanId=177631,2.960383333333,1009.5888381944,1823.0
scanId=177631,2.960383333333,1009.6071355556919,1909.0
scanId=177631,2.960383333333,1009.625433120758,1561.0
scanId=177631,2.960383333333,1009.6437308136602,1178.0
scanId=177631,2.960383333333,1013.563255553348,1118.0
scanId=177631,2.960383333333,1013.5815889332041,1753.0
scanId=177631,2.960383333333,1013.5999224400433,2481.0
scanId=177631,2.960383333333,1013.618256151518,3148.0
scanId=177631,2.960383333333,1013.6365899899679,3130.0
scanId=177631,2.960383333333,1013.6549240330608,2642.0
scanId=177631,2.960383333333,1013.6732582031212,2183.0
scanId=177631,2.960383333333,1013.6915925778325,1750.0
scanId=177631,2.960383333333,1013.7099270795036,1342.0
scanId=177631,2.960383333333,1014.5901790813338,1165.0
scanId=177631,2.960383333333,1014.6085217465031,1818.0
scanId=177631,2.960383333333,1014.6268645384373,2289.0
scanId=177631,2.960383333333,1014.6452075352249,2239.0
scanId=177631,2.960383333333,1014.6635506587695,1813.0
scanId=177631,2.960383333333,1014.6818939871756,1285.0
scanId=177631,2.960383333333,1019.5487146944861,1090.0
scanId=177631,2.960383333333,1019.567102128113,2121.0
scanId=177631,2.960383333333,1019.5854896874683,2843.0
scanId=177631,2.960383333333,1019.6038774527134,3189.0
scanId=177631,2.960383333333,1019.6222653436791,3458.0
scanId=177631,2.960383333333,1019.6406534405421,3183.0
scanId=177631,2.960383333333,1019.6590416631187,2456.0
scanId=177631,2.960383333333,1019.6774300915997,1755.0
scanId=177631,2.960383333333,1019.6958186457866,1209.0
scanId=177631,2.960383333333,1020.5602686855634,1571.0
scanId=177631,2.960383333333,1020.5786651984032,2436.0
scanId=177631,2.960383333333,1020.5970619173361,2845.0
scanId=177631,2.960383333333,1020.6154587617862,3121.0
scanId=177631,2.960383333333,1020.6338558123374,2699.0
scanId=177631,2.960383333333,1020.652252988398,2225.0
scanId=177631,2.960383333333,1020.6706503705672,1626.0
scanId=177631,2.960383333333,1020.6890478782383,1101.0
scanId=177631,2.960383333333,1021.572324202977,1258.0
scanId=177631,2.960383333333,1021.5907298755972,1434.0
scanId=177631,2.960383333333,1021.6091356735316,1319.0
scanId=177631,2.960383333333,1021.6275416777694,1159.0
scanId=177631,2.960383333333,1021.6459478073145,1076.0
scanId=177631,2.960383333333,1041.5656226568358,1356.0
scanId=177631,2.960383333333,1041.5842075244557,1813.0
scanId=177631,2.960383333333,1041.6027926021875,1890.0
scanId=177631,2.960383333333,1041.6213778014173,1825.0
scanId=177631,2.960383333333,1041.6399632107666,1460.0
scanId=177631,2.960383333333,1041.6585487416069,1201.0
scanId=177631,2.960383333333,1042.6066318267276,1166.0
scanId=177631,2.960383333333,1042.625225979442,1683.0
scanId=177631,2.960383333333,1042.6438203424527,1561.0
scanId=177631,2.960383333333,1042.6624148267774,1272.0
scanId=177631,2.960383333333,1045.6769140397348,1116.0
scanId=177631,2.960383333333,1045.6955355953417,1052.0
scanId=177631,2.960383333333,1046.5895641727932,1204.0
scanId=177631,2.960383333333,1046.6081938078337,2226.0
scanId=177631,2.960383333333,1046.6268236538635,3990.0
scanId=177631,2.960383333333,1046.6454536205147,5721.0
scanId=177631,2.960383333333,1046.664083798161,5927.0
scanId=177631,2.960383333333,1046.6827140964226,5434.0
scanId=177631,2.960383333333,1046.701344605686,4503.0
scanId=177631,2.960383333333,1046.7199752355586,3217.0
scanId=177631,2.960383333333,1046.7386060764386,2336.0
scanId=177631,2.960383333333,1046.7572370379214,1733.0
scanId=177631,2.960383333333,1046.7758682104184,1084.0
scanId=177631,2.960383333333,1047.5958029545106,1094.0
scanId=177631,2.960383333333,1047.6144415430356,2101.0
scanId=177631,2.960383333333,1047.6330803427206,4043.0
scanId=177631,2.960383333333,1047.6517192628564,5859.0
scanId=177631,2.960383333333,1047.6703583941585,6252.0
scanId=177631,2.960383333333,1047.6889976459045,5323.0
scanId=177631,2.960383333333,1047.7076371088233,4005.0
scanId=177631,2.960383333333,1047.7262766921797,2849.0
scanId=177631,2.960383333333,1047.7449164867153,2081.0
scanId=177631,2.960383333333,1047.7635564016828,1517.0
scanId=177631,2.960383333333,1047.7821965278354,1031.0
scanId=177631,2.960383333333,1048.6398205243388,1031.0
scanId=177631,2.960383333333,1048.6584683979584,1414.0
scanId=177631,2.960383333333,1048.6771164829154,1433.0
scanId=177631,2.960383333333,1048.6957646881456,1181.0
scanId=177631,2.960383333333,1049.6843580643967,1226.0
scanId=177631,2.960383333333,1049.7030152231112,1117.0
scanId=177631,2.960383333333,1060.6271323710414,1179.0
scanId=177631,2.960383333333,1060.6458865732836,2884.0
scanId=177631,2.960383333333,1060.6646408938825,5484.0
scanId=177631,2.960383333333,1060.6833954277413,7708.0
scanId=177631,2.960383333333,1060.702150079951,7913.0
scanId=177631,2.960383333333,1060.7209049454254,6869.0
scanId=177631,2.960383333333,1060.7396599292456,5471.0
scanId=177631,2.960383333333,1060.7584151263363,3979.0
scanId=177631,2.960383333333,1060.7771704417669,2695.0
scanId=177631,2.960383333333,1060.7959259704744,1966.0
scanId=177631,2.960383333333,1060.8146816175156,1370.0
scanId=177631,2.960383333333,1061.6400952803408,1492.0
scanId=177631,2.960383333333,1061.6588584362205,3284.0
scanId=177631,2.960383333333,1061.6776217103036,5697.0
scanId=177631,2.960383333333,1061.6963851977994,7506.0
scanId=177631,2.960383333333,1061.715148803493,7442.0
scanId=177631,2.960383333333,1061.7339126226057,5886.0
scanId=177631,2.960383333333,1061.75267655991,4263.0
scanId=177631,2.960383333333,1061.771440710638,3056.0
scanId=177631,2.960383333333,1061.7902049795528,2275.0
scanId=177631,2.960383333333,1061.8089694618968,1521.0
scanId=177631,2.960383333333,1062.653541681908,1360.0
scanId=177631,2.960383333333,1062.6723137914237,1904.0
scanId=177631,2.960383333333,1062.6910860189912,2157.0
scanId=177631,2.960383333333,1062.7098584601229,2114.0
scanId=177631,2.960383333333,1062.728631019301,1850.0
scanId=177631,2.960383333333,1062.7474037920485,1747.0
scanId=177631,2.960383333333,1062.7661766828376,1625.0
scanId=177631,2.960383333333,1062.7849497872016,1324.0
scanId=177631,2.960383333333,1063.6862526388559,1074.0
scanId=177631,2.960383333333,1063.705033819908,1277.0
scanId=177631,2.960383333333,1063.7238152146747,1181.0
scanId=177631,2.960383333333,1117.6547998363446,1362.0
scanId=177631,2.960383333333,1117.6740515727358,1836.0
scanId=177631,2.960383333333,1117.6933035286925,2120.0
scanId=177631,2.960383333333,1117.7125555966938,1888.0
scanId=177631,2.960383333333,1117.7318078842636,1440.0
scanId=177631,2.960383333333,1117.7510602838754,1028.0
scanId=177631,2.960383333333,1118.6946323212326,1047.0
scanId=177631,2.960383333333,1118.7138930111075,1169.0
scanId=177631,2.960383333333,1118.7331539206182,1135.0
scanId=177631,2.960383333333,1276.25387336157,1272.0
scanId=177631,2.960383333333,1276.2744457811218,3037.0
scanId=177631,2.960383333333,1276.2950183222447,5928.0
scanId=177631,2.960383333333,1276.3155910733994,9186.0
scanId=177631,2.960383333333,1276.3361639461334,11101.0
scanId=177631,2.960383333333,1276.3567370288908,11123.0
scanId=177631,2.960383333333,1276.3773102332348,9506.0
scanId=177631,2.960383333333,1276.3978836475949,7440.0
scanId=177631,2.960383333333,1276.4184571835494,5406.0
scanId=177631,2.960383333333,1276.4390309295122,3898.0
scanId=177631,2.960383333333,1276.4596047970779,2811.0
scanId=177631,2.960383333333,1276.4801788746431,1874.0
scanId=177631,2.960383333333,1276.5007530738187,1218.0
scanId=177631,2.960383333333,1277.241535464619,1043.0
scanId=177631,2.960383333333,1277.2621158426355,2751.0
scanId=177631,2.960383333333,1277.2826963424109,5230.0
scanId=177631,2.960383333333,1277.30327705203,9335.0
scanId=177631,2.960383333333,1277.323857883416,13066.0
scanId=177631,2.960383333333,1277.3444389246374,14845.0
scanId=177631,2.960383333333,1277.3650200876345,14460.0
scanId=177631,2.960383333333,1277.3856014604587,12171.0
scanId=177631,2.960383333333,1277.406182955066,8990.0
scanId=177631,2.960383333333,1277.4267646594924,6214.0
scanId=177631,2.960383333333,1277.44734648571,4099.0
scanId=177631,2.960383333333,1277.4679285217396,2754.0
scanId=177631,2.960383333333,1277.4885106795682,1923.0
scanId=177631,2.960383333333,1277.5090930472002,1411.0
scanId=177631,2.960383333333,1277.529675536639,1079.0
scanId=177631,2.960383333333,1278.2501679149323,2459.0
scanId=177631,2.960383333333,1278.2707563733609,5326.0
scanId=177631,2.960383333333,1278.2913450414421,10100.0
scanId=177631,2.960383333333,1278.311933831481,14927.0
scanId=177631,2.960383333333,1278.3325228311646,17210.0
scanId=177631,2.960383333333,1278.353111952814,18399.0
scanId=177631,2.960383333333,1278.3737012841007,16965.0
scanId=177631,2.960383333333,1278.394290737361,13433.0
scanId=177631,2.960383333333,1278.4148804002498,9438.0
scanId=177631,2.960383333333,1278.4354701851203,6025.0
scanId=177631,2.960383333333,1278.4560601796118,3697.0
scanId=177631,2.960383333333,1278.4766502960927,2514.0
scanId=177631,2.960383333333,1278.4972406221873,1909.0
scanId=177631,2.960383333333,1278.5178310702786,1425.0
scanId=177631,2.960383333333,1279.2386019979733,1020.0
scanId=177631,2.960383333333,1279.2591984150542,2997.0
scanId=177631,2.960383333333,1279.2797950415963,6560.0
scanId=177631,2.960383333333,1279.3003917902884,9795.0
scanId=177631,2.960383333333,1279.320988748433,11799.0
scanId=177631,2.960383333333,1279.3415858287349,12837.0
scanId=177631,2.960383333333,1279.3621831184819,12136.0
scanId=177631,2.960383333333,1279.3827805303945,10128.0
scanId=177631,2.960383333333,1279.403378151744,7511.0
scanId=177631,2.960383333333,1279.4239758952674,5186.0
scanId=177631,2.960383333333,1279.4445738482195,3739.0
scanId=177631,2.960383333333,1279.4651719233532,2526.0
scanId=177631,2.960383333333,1279.4857702079078,1592.0
scanId=177631,2.960383333333,1279.5063686146518,1038.0
scanId=177631,2.960383333333,1280.2686270524537,1847.0
scanId=177631,2.960383333333,1280.2892317597978,3796.0
scanId=177631,2.960383333333,1280.3098366764011,5633.0
scanId=177631,2.960383333333,1280.3304417153563,7183.0
scanId=177631,2.960383333333,1280.3510469635623,7612.0
scanId=177631,2.960383333333,1280.3716523341277,6625.0
scanId=177631,2.960383333333,1280.3922579139362,5364.0
scanId=177631,2.960383333333,1280.412863616112,4355.0
scanId=177631,2.960383333333,1280.4334695275231,3356.0
scanId=177631,2.960383333333,1280.4540755613095,2523.0
scanId=177631,2.960383333333,1280.4746818043227,1845.0
scanId=177631,2.960383333333,1280.4952881697195,1305.0
scanId=177631,2.960383333333,1281.2578410739736,1530.0
scanId=177631,2.960383333333,1281.2784537399705,2485.0
scanId=177631,2.960383333333,1281.2990666150313,3567.0
scanId=177631,2.960383333333,1281.3196796126385,4783.0
scanId=177631,2.960383333333,1281.340292819302,4989.0
scanId=177631,2.960383333333,1281.3609061485204,4373.0
scanId=177631,2.960383333333,1281.3815196867863,3435.0
scanId=177631,2.960383333333,1281.4021333476148,2469.0
scanId=177631,2.960383333333,1281.4227472174828,1804.0
scanId=177631,2.960383333333,1281.4433612099217,1488.0
scanId=177631,2.960383333333,1281.4639754113925,1207.0
scanId=177631,2.960383333333,1282.268057730766,1410.0
scanId=177631,2.960383333333,1282.288678564283,2012.0
scanId=177631,2.960383333333,1282.309299520543,2523.0
scanId=177631,2.960383333333,1282.329920685662,2423.0
scanId=177631,2.960383333333,1282.3505419735327,2121.0
scanId=177631,2.960383333333,1282.3711634702538,1891.0
scanId=177631,2.960383333333,1282.3917850897355,1667.0
scanId=177631,2.960383333333,1282.412406918059,1428.0
scanId=177631,2.960383333333,1282.4330288691506,1099.0
scanId=177631,2.960383333333,1283.2786725241158,1308.0
scanId=177631,2.960383333333,1283.2993014390288,1761.0
scanId=177631,2.960383333333,1283.319930562602,2183.0
scanId=177631,2.960383333333,1283.3405598091251,2097.0
scanId=177631,2.960383333333,1283.3611892643005,1811.0
scanId=177631,2.960383333333,1283.381818842434,1456.0
scanId=177631,2.960383333333,1283.4024486292121,1147.0
scanId=177631,2.960383333333,1284.289685368056,1120.0
scanId=177631,2.960383333333,1284.3103224500815,1245.0
scanId=177631,2.960383333333,1284.3309596552579,1190.0
scanId=177631,2.960383333333,1313.7822289427547,1109.0
scanId=177631,2.960383333333,1318.3363919989647,1232.0
scanId=177631,2.960383333333,1318.357300793163,1620.0
scanId=177631,2.960383333333,1318.3782097879796,1780.0
scanId=177631,2.960383333333,1318.3991189137882,1767.0
scanId=177631,2.960383333333,1318.4200282402048,1481.0
scanId=177631,2.960383333333,1318.440937697624,1127.0
scanId=177631,2.960383333333,1319.2983689385132,1162.0
scanId=177631,2.960383333333,1319.3192853597534,1771.0
scanId=177631,2.960383333333,1319.3402019813643,2241.0
scanId=177631,2.960383333333,1319.361118734215,2278.0
scanId=177631,2.960383333333,1319.3820356874264,1972.0
scanId=177631,2.960383333333,1319.4029527718876,1723.0
scanId=177631,2.960383333333,1319.423870056698,1525.0
scanId=177631,2.960383333333,1319.4447874727698,1314.0
scanId=177631,2.960383333333,1319.46570508918,1004.0
scanId=177631,2.960383333333,1320.302545012967,1120.0
scanId=177631,2.960383333333,1320.32346939286,1588.0
scanId=177631,2.960383333333,1320.3443939728631,2096.0
scanId=177631,2.960383333333,1320.3653186843667,2315.0
scanId=177631,2.960383333333,1320.3862435959695,2050.0
scanId=177631,2.960383333333,1320.4071686390835,1511.0
scanId=177631,2.960383333333,1320.4280938822862,1220.0
scanId=177631,2.960383333333,1320.4490192570108,1048.0
scanId=177631,2.960383333333,1321.3071030964804,1807.0
scanId=177631,2.960383333333,1321.328035435026,2676.0
scanId=177631,2.960383333333,1321.3489679734203,2547.0
scanId=177631,2.960383333333,1321.3699006435766,2168.0
scanId=177631,2.960383333333,1321.39083351357,1962.0
scanId=177631,2.960383333333,1321.4117665153367,1653.0
scanId=177631,2.960383333333,1321.4326997169296,1383.0
scanId=177631,2.960383333333,1322.3539239829959,1528.0
scanId=177631,2.960383333333,1322.3748646118047,2080.0
scanId=177631,2.960383333333,1322.3958054401876,1942.0
scanId=177631,2.960383333333,1322.416746400607,1438.0
scanId=177631,2.960383333333,1332.3614348527215,1818.0
scanId=177631,2.960383333333,1332.3824546017045,2590.0
scanId=177631,2.960383333333,1332.4034744854293,2593.0
scanId=177631,2.960383333333,1332.424494566011,2331.0
scanId=177631,2.960383333333,1332.4455147813462,2136.0
scanId=177631,2.960383333333,1332.4665351935262,1717.0
scanId=177631,2.960383333333,1332.4875557404728,1212.0
scanId=177631,2.960383333333,1333.370569083478,1605.0
scanId=177631,2.960383333333,1333.3915967908313,2203.0
scanId=177631,2.960383333333,1333.412624633209,2634.0
scanId=177631,2.960383333333,1333.4336526721615,2647.0
scanId=177631,2.960383333333,1333.4546808461498,2210.0
scanId=177631,2.960383333333,1333.4757092167004,1560.0
scanId=177631,2.960383333333,1333.496737722299,1127.0
scanId=177631,2.960383333333,1334.3590498533588,1042.0
scanId=177631,2.960383333333,1334.3800853227785,1859.0
scanId=177631,2.960383333333,1334.401120988501,2446.0
scanId=177631,2.960383333333,1334.422156789531,2294.0
scanId=177631,2.960383333333,1334.4431927868523,1925.0
scanId=177631,2.960383333333,1334.464228919493,1525.0
scanId=177631,2.960383333333,1334.4852652484135,1186.0
scanId=177631,2.960383333333,1335.3689401425104,1336.0
scanId=177631,2.960383333333,1335.389983570583,1754.0
scanId=177631,2.960383333333,1335.4110271946734,1891.0
scanId=177631,2.960383333333,1335.4320709543563,1816.0
scanId=177631,2.960383333333,1335.4531149100446,1445.0
scanId=177631,2.960383333333,1336.3792124401268,1170.0
scanId=177631,2.960383333333,1336.4002638268519,1109.0
scanId=177631,2.960383333333,1336.4213154093077,1058.0
scanId=177631,2.960383333333,1337.431985632366,1102.0
scanId=177631,2.960383333333,1337.4530453093541,1057.0
scanId=177631,2.960383333333,1521.9339564835284,1232.0
scanId=177631,2.960383333333,1521.956421857544,1338.0
scanId=177631,2.960383333333,1521.9788873518978,1066.0
scanId=178630,2.977033333333,102.11945812823743,1341.0
scanId=178630,2.977033333333,102.12527748278399,1711.0
scanId=178630,2.977033333333,102.13109700313582,1415.0
scanId=178630,2.977033333333,102.13691668929287,1035.0
scanId=178630,2.977033333333,206.1396085480254,1143.0
scanId=178630,2.977033333333,206.14787658812693,1312.0
scanId=178630,2.977033333333,206.156144720616,1022.0
scanId=178630,2.977033333333,207.09980284355598,1002.0
scanId=178630,2.977033333333,244.08743532822794,1214.0
scanId=178630,2.977033333333,244.0964322204038,1062.0
scanId=178630,2.977033333333,248.13463422923016,1072.0
scanId=178630,2.977033333333,265.1341936702401,1168.0
scanId=178630,2.977033333333,265.1435703767237,1115.0
scanId=178630,2.977033333333,277.1378878168327,1285.0
scanId=178630,2.977033333333,277.14747443278026,1367.0
scanId=178630,2.977033333333,277.157061235353,1455.0
scanId=178630,2.977033333333,277.1666481829111,1027.0
scanId=178630,2.977033333333,279.0873723911788,1277.0
scanId=178630,2.977033333333,279.09699268499196,1245.0
scanId=178630,2.977033333333,290.11309575222555,1336.0
scanId=178630,2.977033333333,290.1229042156162,3105.0
scanId=178630,2.977033333333,290.132712856216,4206.0
scanId=178630,2.977033333333,290.1425216512173,3744.0
scanId=178630,2.977033333333,290.15233062341366,2704.0
scanId=178630,2.977033333333,290.16213975002535,1889.0
scanId=178630,2.977033333333,290.17194905381825,1208.0
scanId=178630,2.977033333333,292.1371412897361,1544.0
scanId=178630,2.977033333333,292.1469839090111,2530.0
scanId=178630,2.977033333333,292.1568267040502,2783.0
scanId=178630,2.977033333333,292.16666965493573,2327.0
scanId=178630,2.977033333333,292.1765127815714,1505.0
scanId=178630,2.977033333333,294.1484697292405,1993.0
scanId=178630,2.977033333333,294.1583461727894,2995.0
scanId=178630,2.977033333333,294.1682227906732,3260.0
scanId=178630,2.977033333333,294.17809956583255,2808.0
scanId=178630,2.977033333333,294.18797651531276,2441.0
scanId=178630,2.977033333333,294.1978536220828,1758.0
scanId=178630,2.977033333333,294.20773090315953,1172.0
scanId=178630,2.977033333333,305.1530175236827,1059.0
scanId=178630,2.977033333333,313.16188042578835,1016.0
scanId=178630,2.977033333333,313.1720710657254,1078.0
scanId=178630,2.977033333333,368.4054846683426,1574.0
scanId=178630,2.977033333333,368.41653766604406,2059.0
scanId=178630,2.977033333333,368.4275907918437,1960.0
scanId=178630,2.977033333333,368.43864412115585,1636.0
scanId=178630,2.977033333333,368.44969757855444,1103.0
scanId=178630,2.977033333333,453.32550978221957,1046.0
scanId=178630,2.977033333333,453.3377706004417,1343.0
scanId=178630,2.977033333333,453.35003165529605,1238.0
scanId=178630,2.977033333333,494.27908688958235,3272.0
scanId=178630,2.977033333333,494.2918895514093,9519.0
scanId=178630,2.977033333333,494.30469245786617,15308.0
scanId=178630,2.977033333333,494.31749545130026,16090.0
scanId=178630,2.977033333333,494.3302986893676,13278.0
scanId=178630,2.977033333333,494.3431020144088,9195.0
scanId=178630,2.977033333333,494.35590558408654,6166.0
scanId=178630,2.977033333333,494.368709240735,4019.0
scanId=178630,2.977033333333,494.3815131420232,2607.0
scanId=178630,2.977033333333,494.3943171302785,1756.0
scanId=178630,2.977033333333,494.40712136317745,1083.0
scanId=178630,2.977033333333,494.7785150595488,2159.0
scanId=178630,2.977033333333,494.79132426660567,6616.0
scanId=178630,2.977033333333,494.80413356057454,11037.0
scanId=178630,2.977033333333,494.81694309924177,11006.0
scanId=178630,2.977033333333,494.829752724818,9264.0
scanId=178630,2.977033333333,494.8425625950957,6781.0
scanId=178630,2.977033333333,494.8553725522789,4811.0
scanId=178630,2.977033333333,494.8681827541673,3355.0
scanId=178630,2.977033333333,494.88099304295764,2291.0
scanId=178630,2.977033333333,494.89380357645643,1539.0
scanId=178630,2.977033333333,494.906614196854,1026.0
scanId=178630,2.977033333333,495.2781954969131,1176.0
scanId=178630,2.977033333333,495.29101109141766,2154.0
scanId=178630,2.977033333333,495.3038269306849,3111.0
scanId=178630,2.977033333333,495.3166428567965,3311.0
scanId=178630,2.977033333333,495.32945902767443,2763.0
scanId=178630,2.977033333333,495.3422752853931,2028.0
scanId=178630,2.977033333333,495.3550917878814,1354.0
scanId=178630,2.977033333333,510.32082947700775,1073.0
scanId=178630,2.977033333333,521.3197927451062,1110.0
scanId=178630,2.977033333333,521.3329409424902,1021.0
scanId=178630,2.977033333333,550.6064443088574,1372.0
scanId=178630,2.977033333333,550.6199568618437,1467.0
scanId=178630,2.977033333333,550.6334694985801,1273.0
scanId=178630,2.977033333333,550.6469823831769,1100.0
scanId=178630,2.977033333333,604.3251894637757,1086.0
scanId=178630,2.977033333333,604.3393457607261,3060.0
scanId=178630,2.977033333333,604.3535023013575,5987.0
scanId=178630,2.977033333333,604.3676589299223,9210.0
scanId=178630,2.977033333333,604.3818158021639,10609.0
scanId=178630,2.977033333333,604.3959727623434,9353.0
scanId=178630,2.977033333333,604.4101299661955,6630.0
scanId=178630,2.977033333333,604.4242872579892,4513.0
scanId=178630,2.977033333333,604.438444793452,3005.0
scanId=178630,2.977033333333,604.4526024168598,1978.0
scanId=178630,2.977033333333,604.4667602839332,1410.0
scanId=178630,2.977033333333,605.3448694484081,1303.0
scanId=178630,2.977033333333,605.3590376834766,2421.0
scanId=178630,2.977033333333,605.3732061620868,3843.0
scanId=178630,2.977033333333,605.3873747287697,4286.0
scanId=178630,2.977033333333,605.4015435389904,3784.0
scanId=178630,2.977033333333,605.4157124372877,2871.0
scanId=178630,2.977033333333,605.4298815791188,2062.0
scanId=178630,2.977033333333,605.4440508090307,1357.0
scanId=178630,2.977033333333,606.3654089725676,1123.0
scanId=178630,2.977033333333,606.379589145756,1784.0
scanId=178630,2.977033333333,606.3937695623453,1537.0
scanId=178630,2.977033333333,606.4079500671482,1050.0
scanId=178630,2.977033333333,607.3868080363317,1265.0
scanId=178630,2.977033333333,607.4010001476423,1093.0
scanId=178630,2.977033333333,609.2900336409218,1858.0
scanId=178630,2.977033333333,609.3042479704104,5101.0
scanId=178630,2.977033333333,609.3184625428839,8574.0
scanId=178630,2.977033333333,609.3326772039871,10220.0
scanId=178630,2.977033333333,609.3468921080712,9598.0
scanId=178630,2.977033333333,609.3611071007888,7517.0
scanId=178630,2.977033333333,609.3753223364835,5258.0
scanId=178630,2.977033333333,609.3895376608159,3395.0
scanId=178630,2.977033333333,609.403753228121,2188.0
scanId=178630,2.977033333333,609.4179688840682,1674.0
scanId=178630,2.977033333333,609.4321847829838,1223.0
scanId=178630,2.977033333333,610.2996657645849,1133.0
scanId=178630,2.977033333333,610.313891943427,2203.0
scanId=178630,2.977033333333,610.3281182110438,3224.0
scanId=178630,2.977033333333,610.3423447214964,3555.0
scanId=178630,2.977033333333,610.356571320728,2883.0
scanId=178630,2.977033333333,610.3707981627911,1832.0
scanId=178630,2.977033333333,610.3850250936372,1200.0
scanId=178630,2.977033333333,611.3528479915826,1143.0
scanId=178630,2.977033333333,611.3670864400141,1145.0
scanId=178630,2.977033333333,625.3140267918673,1006.0
scanId=178630,2.977033333333,625.3284268258142,1100.0
scanId=178630,2.977033333333,646.368314105512,1016.0
scanId=178630,2.977033333333,646.3829545611452,1283.0
scanId=178630,2.977033333333,646.397595253147,1456.0
scanId=178630,2.977033333333,646.4122360403966,1500.0
scanId=178630,2.977033333333,646.426877064009,1351.0
scanId=178630,2.977033333333,659.4639450394264,1050.0
scanId=178630,2.977033333333,659.4787330646228,1226.0
scanId=178630,2.977033333333,659.4935213233096,1075.0
scanId=178630,2.977033333333,661.4470224564197,1141.0
scanId=178630,2.977033333333,661.4618326999794,1095.0
scanId=178630,2.977033333333,663.3885805791531,1372.0
scanId=178630,2.977033333333,663.4034126104293,4674.0
scanId=178630,2.977033333333,663.4182447407413,10101.0
scanId=178630,2.977033333333,663.4330771036281,15431.0
scanId=178630,2.977033333333,663.4479095655576,17302.0
scanId=178630,2.977033333333,663.462742260055,15997.0
scanId=178630,2.977033333333,663.4775750536019,12240.0
scanId=178630,2.977033333333,663.4924080797097,8468.0
scanId=178630,2.977033333333,663.5072412048743,5577.0
scanId=178630,2.977033333333,663.5220745625926,3511.0
scanId=178630,2.977033333333,663.5369080193746,2139.0
scanId=178630,2.977033333333,663.5517417087036,1363.0
scanId=178630,2.977033333333,664.3975341440878,1947.0
scanId=178630,2.977033333333,664.4123774501221,4600.0
scanId=178630,2.977033333333,664.4272208554299,7216.0
scanId=178630,2.977033333333,664.4420644930748,8588.0
scanId=178630,2.977033333333,664.4569082300002,8324.0
scanId=178630,2.977033333333,664.4717521992554,7395.0
scanId=178630,2.977033333333,664.4865962677985,5710.0
scanId=178630,2.977033333333,664.5014405686643,3766.0
scanId=178630,2.977033333333,664.5162849688248,2326.0
scanId=178630,2.977033333333,664.5311296013012,1513.0
scanId=178630,2.977033333333,665.4369636617787,1584.0
scanId=178630,2.977033333333,665.4518185741814,1660.0
scanId=178630,2.977033333333,665.4666735861043,1374.0
scanId=178630,2.977033333333,680.4647901671929,1040.0
scanId=178630,2.977033333333,680.4798118796912,1322.0
scanId=178630,2.977033333333,680.494833695438,1107.0
scanId=178630,2.977033333333,685.4007935164914,1536.0
scanId=178630,2.977033333333,685.4158696131161,1893.0
scanId=178630,2.977033333333,685.4309458142773,2219.0
scanId=178630,2.977033333333,685.4460222425125,1967.0
scanId=178630,2.977033333333,685.4610987752919,1456.0
scanId=178630,2.977033333333,685.4761755351378,1003.0
scanId=178630,2.977033333333,686.4414310840745,1217.0
scanId=178630,2.977033333333,686.4565185602646,1330.0
scanId=178630,2.977033333333,722.4630561431144,1080.0
scanId=178630,2.977033333333,722.4785344833093,1677.0
scanId=178630,2.977033333333,722.4940129385607,2484.0
scanId=178630,2.977033333333,722.5094916103661,2511.0
scanId=178630,2.977033333333,722.5249703972373,1931.0
scanId=178630,2.977033333333,722.5404494006534,1289.0
scanId=178630,2.977033333333,723.484980578498,1282.0
scanId=178630,2.977033333333,723.5004698618403,1411.0
scanId=178630,2.977033333333,723.5159592605478,1161.0
scanId=178630,2.977033333333,736.4762445245176,3971.0
scanId=178630,2.977033333333,736.4918722088086,10869.0
scanId=178630,2.977033333333,736.5075001053515,22674.0
scanId=178630,2.977033333333,736.5231281212626,32380.0
scanId=178630,2.977033333333,736.5387563494161,36310.0
scanId=178630,2.977033333333,736.5543846969474,33102.0
scanId=178630,2.977033333333,736.5700132567116,25708.0
scanId=178630,2.977033333333,736.5856419358632,18144.0
scanId=178630,2.977033333333,736.6012708272378,12636.0
scanId=178630,2.977033333333,736.6168998380098,8474.0
scanId=178630,2.977033333333,736.6325290609949,5486.0
scanId=178630,2.977033333333,736.6481584033871,3557.0
scanId=178630,2.977033333333,736.6637879579829,2176.0
scanId=178630,2.977033333333,736.6794176319954,1402.0
scanId=178630,2.977033333333,736.6950475182018,1052.0
scanId=178630,2.977033333333,737.4767520736943,2121.0
scanId=178630,2.977033333333,737.4923903698352,5770.0
scanId=178630,2.977033333333,737.5080288779151,10960.0
scanId=178630,2.977033333333,737.5236675056763,16293.0
scanId=178630,2.977033333333,737.5393063453666,19568.0
scanId=178630,2.977033333333,737.554945304748,19160.0
scanId=178630,2.977033333333,737.5705844760491,15602.0
scanId=178630,2.977033333333,737.586223767051,11470.0
scanId=178630,2.977033333333,737.6018632699626,7999.0
scanId=178630,2.977033333333,737.6175028925846,5457.0
scanId=178630,2.977033333333,737.6331427271066,3802.0
scanId=178630,2.977033333333,737.6487826813493,2586.0
scanId=178630,2.977033333333,737.6644228474818,1728.0
scanId=178630,2.977033333333,737.6800631333443,1258.0
scanId=178630,2.977033333333,738.4779387712679,1175.0
scanId=178630,2.977033333333,738.4935876792596,2025.0
scanId=178630,2.977033333333,738.5092367988764,3409.0
scanId=178630,2.977033333333,738.5248860384886,4311.0
scanId=178630,2.977033333333,738.5405354897159,4523.0
scanId=178630,2.977033333333,738.5561850609486,4106.0
scanId=178630,2.977033333333,738.5718348437864,3179.0
scanId=178630,2.977033333333,738.5874847466392,2674.0
scanId=178630,2.977033333333,738.6031348610877,2384.0
scanId=178630,2.977033333333,738.6187850955608,2141.0
scanId=178630,2.977033333333,738.6344355416197,1807.0
scanId=178630,2.977033333333,738.6500861077135,1552.0
scanId=178630,2.977033333333,738.6657368853829,1106.0
scanId=178630,2.977033333333,761.5814314610935,1087.0
scanId=178630,2.977033333333,764.5083214386192,2054.0
scanId=178630,2.977033333333,764.5242438053109,4281.0
scanId=178630,2.977033333333,764.5401663003796,7475.0
scanId=178630,2.977033333333,764.556088998682,10112.0
scanId=178630,2.977033333333,764.5720118253716,9977.0
scanId=178630,2.977033333333,764.5879348552845,8298.0
scanId=178630,2.977033333333,764.6038580135952,6561.0
scanId=178630,2.977033333333,764.6197813751185,4831.0
scanId=178630,2.977033333333,764.6357048650505,3311.0
scanId=178630,2.977033333333,764.6516285581841,2270.0
scanId=178630,2.977033333333,764.667552379737,1488.0
scanId=178630,2.977033333333,765.5276859778028,2567.0
scanId=178630,2.977033333333,765.5436189560313,4882.0
scanId=178630,2.977033333333,765.559552062973,6614.0
scanId=178630,2.977033333333,765.5754853728121,6693.0
scanId=178630,2.977033333333,765.5914188113745,5591.0
scanId=178630,2.977033333333,765.6073524528243,4264.0
scanId=178630,2.977033333333,765.6232862230079,3071.0
scanId=178630,2.977033333333,765.639220196068,2067.0
scanId=178630,2.977033333333,765.6551542978727,1254.0
scanId=178630,2.977033333333,766.5317862789125,1030.0
scanId=178630,2.977033333333,766.5477296661063,1132.0
scanId=178630,2.977033333333,766.5636732558718,1118.0
scanId=178630,2.977033333333,766.5796169746869,1005.0
scanId=178630,2.977033333333,773.4668037756333,1290.0
scanId=178630,2.977033333333,773.4828191246118,1193.0
scanId=178630,2.977033333333,773.4988346738618,1011.0
scanId=178630,2.977033333333,780.5295786392372,1163.0
scanId=178630,2.977033333333,780.5456669448935,1049.0
scanId=178630,2.977033333333,810.7077245436453,1271.0
scanId=178630,2.977033333333,810.7241209257202,2052.0
scanId=178630,2.977033333333,810.7405174954665,2482.0
scanId=178630,2.977033333333,810.7569142091629,2484.0
scanId=178630,2.977033333333,810.7733111105201,2196.0
scanId=178630,2.977033333333,810.7897081558382,1698.0
scanId=178630,2.977033333333,810.8061053888056,1388.0
scanId=178630,2.977033333333,811.7082079350408,1107.0
scanId=178630,2.977033333333,811.7246144531033,1536.0
scanId=178630,2.977033333333,811.7410211154516,1802.0
scanId=178630,2.977033333333,811.7574279651244,1817.0
scanId=178630,2.977033333333,811.7738349590949,1527.0
scanId=178630,2.977033333333,811.7902421403782,1157.0
scanId=178630,2.977033333333,812.7257249307816,1104.0
scanId=178630,2.977033333333,812.7421417287701,1014.0
scanId=178630,2.977033333333,815.6669713741356,1204.0
scanId=178630,2.977033333333,815.6834178310952,1719.0
scanId=178630,2.977033333333,815.6998644740313,1660.0
scanId=178630,2.977033333333,815.7163112626123,1278.0
scanId=178630,2.977033333333,822.6881761111754,1160.0
scanId=178630,2.977033333333,822.704693203578,3262.0
scanId=178630,2.977033333333,822.7212104795566,5014.0
scanId=178630,2.977033333333,822.7377279035809,5658.0
scanId=178630,2.977033333333,822.7542455111701,4938.0
scanId=178630,2.977033333333,822.7707632668163,3713.0
scanId=178630,2.977033333333,822.7872812060159,2821.0
scanId=178630,2.977033333333,822.8037992932842,1985.0
scanId=178630,2.977033333333,822.8203175640944,1223.0
scanId=178630,2.977033333333,823.6960227097422,1245.0
scanId=178630,2.977033333333,823.7125499340368,2721.0
scanId=178630,2.977033333333,823.729077306716,4423.0
scanId=178630,2.977033333333,823.7456048626209,5116.0
scanId=178630,2.977033333333,823.7621325669221,4529.0
scanId=178630,2.977033333333,823.7786604544375,3506.0
scanId=178630,2.977033333333,823.7951884903604,2410.0
scanId=178630,2.977033333333,823.8117167094864,1540.0
scanId=178630,2.977033333333,823.828245077031,1011.0
scanId=178630,2.977033333333,825.49846516309,1344.0
scanId=178630,2.977033333333,825.5150104433483,1687.0
scanId=178630,2.977033333333,825.5315559062217,2126.0
scanId=178630,2.977033333333,825.5481015181019,1886.0
scanId=178630,2.977033333333,825.5646473125859,1558.0
scanId=178630,2.977033333333,825.5811932560879,1289.0
scanId=178630,2.977033333333,826.0114462040505,1768.0
scanId=178630,2.977033333333,826.0279966410818,2249.0
scanId=178630,2.977033333333,826.0445472272897,2011.0
scanId=178630,2.977033333333,826.0610979959315,1387.0
scanId=178630,2.977033333333,826.5080311920359,1116.0
scanId=178630,2.977033333333,826.5245866032252,1235.0
scanId=178630,2.977033333333,826.5411421637606,1393.0
scanId=178630,2.977033333333,826.5576979065603,1411.0
scanId=178630,2.977033333333,826.5742537987175,1173.0
scanId=178630,2.977033333333,827.6507429899837,1076.0
scanId=178630,2.977033333333,827.6673098256617,1771.0
scanId=178630,2.977033333333,827.6838768432194,2534.0
scanId=178630,2.977033333333,827.7004440105196,2494.0
scanId=178630,2.977033333333,827.7170113596878,2209.0
scanId=178630,2.977033333333,827.7335788586098,1852.0
scanId=178630,2.977033333333,827.7501465393885,1325.0
scanId=178630,2.977033333333,828.6782008433544,1232.0
scanId=178630,2.977033333333,828.69477795931,1356.0
scanId=178630,2.977033333333,828.7113552567941,1124.0
scanId=178630,2.977033333333,836.7209094155927,1493.0
scanId=178630,2.977033333333,836.7375667840408,2016.0
scanId=178630,2.977033333333,836.7542243312729,2311.0
scanId=178630,2.977033333333,836.7708820313429,2516.0
scanId=178630,2.977033333333,836.7875399101854,2314.0
scanId=178630,2.977033333333,836.8041979418772,1978.0
scanId=178630,2.977033333333,836.8208561523301,1723.0
scanId=178630,2.977033333333,836.8375145156441,1308.0
scanId=178630,2.977033333333,837.7373127091975,1725.0
scanId=178630,2.977033333333,837.7539802047451,1928.0
scanId=178630,2.977033333333,837.7706478534718,1652.0
scanId=178630,2.977033333333,837.78731568063,1224.0
scanId=178630,2.977033333333,838.7043011655111,1023.0
scanId=178630,2.977033333333,838.7543329873889,1086.0
scanId=178630,2.977033333333,838.7710105847722,1340.0
scanId=178630,2.977033333333,838.7876883602461,1132.0
scanId=178630,2.977033333333,841.7088514326214,1015.0
scanId=178630,2.977033333333,848.7068078592455,1309.0
scanId=178630,2.977033333333,848.7235841230464,2837.0
scanId=178630,2.977033333333,848.7403605437531,4118.0
scanId=178630,2.977033333333,848.7571371391643,4568.0
scanId=178630,2.977033333333,848.7739138914932,4290.0
scanId=178630,2.977033333333,848.7906908185149,3656.0
scanId=178630,2.977033333333,848.8074679024655,2706.0
scanId=178630,2.977033333333,848.8242451610981,1803.0
scanId=178630,2.977033333333,848.8410225766704,1468.0
scanId=178630,2.977033333333,848.8578001669133,1335.0
scanId=178630,2.977033333333,849.7304631126922,1781.0
scanId=178630,2.977033333333,849.747249482056,2444.0
scanId=178630,2.977033333333,849.764036025783,2425.0
scanId=178630,2.977033333333,849.7808227267684,2370.0
scanId=178630,2.977033333333,849.7976096021061,2240.0
scanId=178630,2.977033333333,849.8143966347135,1814.0
scanId=178630,2.977033333333,849.8311838416616,1356.0
scanId=178630,2.977033333333,850.7211428510825,1051.0
scanId=178630,2.977033333333,850.7379390115149,1631.0
scanId=178630,2.977033333333,850.754735329535,2070.0
scanId=178630,2.977033333333,850.7715318215782,2266.0
scanId=178630,2.977033333333,850.7883284712202,2073.0
scanId=178630,2.977033333333,850.8051252948736,1664.0
scanId=178630,2.977033333333,850.8219222761378,1257.0
scanId=178630,2.977033333333,851.7796245265486,1149.0
scanId=178630,2.977033333333,853.6966451507658,1645.0
scanId=178630,2.977033333333,853.713470651512,1942.0
scanId=178630,2.977033333333,853.7302963252814,1695.0
scanId=178630,2.977033333333,853.7471221576496,1139.0
scanId=178630,2.977033333333,854.6896336018616,1158.0
scanId=178630,2.977033333333,854.7064688923363,1249.0
scanId=178630,2.977033333333,854.7233043417392,1388.0
scanId=178630,2.977033333333,854.7401399638244,1120.0
scanId=178630,2.977033333333,860.710367517269,1356.0
scanId=178630,2.977033333333,860.7272619953651,1556.0
scanId=178630,2.977033333333,860.7441566441245,1903.0
scanId=178630,2.977033333333,860.7610514538425,2067.0
scanId=178630,2.977033333333,860.7779464342121,1787.0
scanId=178630,2.977033333333,860.7948415755521,1293.0
scanId=178630,2.977033333333,864.7867324918593,1141.0
scanId=178630,2.977033333333,864.8036669338818,1094.0
scanId=178630,2.977033333333,868.567216922532,1136.0
scanId=178630,2.977033333333,868.5841883368959,1839.0
scanId=178630,2.977033333333,868.6011599192974,1826.0
scanId=178630,2.977033333333,868.6181316652834,1289.0
scanId=178630,2.977033333333,869.5857953315731,1075.0
scanId=178630,2.977033333333,869.6027766945917,1195.0
scanId=178630,2.977033333333,872.7471817569683,1109.0
scanId=178630,2.977033333333,872.7641939608147,1246.0
scanId=178630,2.977033333333,872.7812063313112,1111.0
scanId=178630,2.977033333333,874.7557664337091,1493.0
scanId=178630,2.977033333333,874.7727982032413,2049.0
scanId=178630,2.977033333333,874.7898301387589,1993.0
scanId=178630,2.977033333333,874.8068622399127,1567.0
scanId=178630,2.977033333333,874.8238945070411,1120.0
scanId=178630,2.977033333333,875.7779660912546,1232.0
scanId=178630,2.977033333333,875.7950078094398,1080.0
scanId=178630,2.977033333333,878.7627911881796,1313.0
scanId=178630,2.977033333333,878.7798619221293,1685.0
scanId=178630,2.977033333333,878.7969328230292,1791.0
scanId=178630,2.977033333333,878.8140038885892,1767.0
scanId=178630,2.977033333333,878.8310751211113,1559.0
scanId=178630,2.977033333333,878.8481465182817,1153.0
scanId=178630,2.977033333333,896.7093994017347,1093.0
scanId=178630,2.977033333333,898.7453560033994,1089.0
scanId=178630,2.977033333333,898.7626197346759,1828.0
scanId=178630,2.977033333333,898.7798836393724,1959.0
scanId=178630,2.977033333333,898.7971477022595,1543.0
scanId=178630,2.977033333333,899.7469267188266,1028.0
scanId=178630,2.977033333333,899.7642000668085,1051.0
scanId=178630,2.977033333333,899.7814735885289,1038.0
scanId=178630,2.977033333333,900.731772405273,1049.0
scanId=178630,2.977033333333,900.7490552123954,1841.0
scanId=178630,2.977033333333,900.7663381770826,2243.0
scanId=178630,2.977033333333,900.7836213158265,2028.0
scanId=178630,2.977033333333,900.8009046121242,1577.0
scanId=178630,2.977033333333,900.8181880824894,1208.0
scanId=178630,2.977033333333,901.7517414840937,1042.0
scanId=178630,2.977033333333,901.7690340654863,1422.0
scanId=178630,2.977033333333,901.7863268212532,1425.0
scanId=178630,2.977033333333,902.7549855339092,1037.0
scanId=178630,2.977033333333,902.772287732007,1408.0
scanId=178630,2.977033333333,902.7895901047965,1308.0
scanId=178630,2.977033333333,903.7241642204466,1130.0
scanId=178630,2.977033333333,904.7977900061838,1065.0
scanId=178630,2.977033333333,904.8151117693029,1305.0
scanId=178630,2.977033333333,904.8324337077579,1347.0
scanId=178630,2.977033333333,904.8497558024876,1152.0
scanId=178630,2.977033333333,905.7160721824849,1238.0
scanId=178630,2.977033333333,905.7334027430969,1082.0
scanId=178630,2.977033333333,956.5648006430691,1214.0
scanId=178630,2.977033333333,956.5826110591474,2006.0
scanId=178630,2.977033333333,956.6004216161843,2527.0
scanId=178630,2.977033333333,956.6182323638834,2529.0
scanId=178630,2.977033333333,956.6360432525308,2089.0
scanId=178630,2.977033333333,956.6538543318499,1590.0
scanId=178630,2.977033333333,956.671665552108,1135.0
scanId=178630,2.977033333333,957.615898168199,1129.0
scanId=178630,2.977033333333,957.6337183419413,1174.0
scanId=178630,2.977033333333,987.5161983482183,2135.0
scanId=178630,2.977033333333,987.5342946205959,6833.0
scanId=178630,2.977033333333,987.5523910259078,19522.0
scanId=178630,2.977033333333,987.5704876299051,42538.0
scanId=178630,2.977033333333,987.5885843668275,69063.0
scanId=178630,2.977033333333,987.6066813024439,84437.0
scanId=178630,2.977033333333,987.6247783709769,82845.0
scanId=178630,2.977033333333,987.6428756382126,69204.0
scanId=178630,2.977033333333,987.6609730383562,52633.0
scanId=178630,2.977033333333,987.6790706372111,37800.0
scanId=178630,2.977033333333,987.6971683689651,26203.0
scanId=178630,2.977033333333,987.7152662994397,17533.0
scanId=178630,2.977033333333,987.7333643628042,11153.0
scanId=178630,2.977033333333,987.7514626248978,7417.0
scanId=178630,2.977033333333,987.7695610198731,5020.0
scanId=178630,2.977033333333,987.787659613586,3410.0
scanId=178630,2.977033333333,987.8057583401718,2387.0
scanId=178630,2.977033333333,987.8238572655041,1751.0
scanId=178630,2.977033333333,987.8419563237002,1422.0
scanId=178630,2.977033333333,987.860055580652,1488.0
scanId=178630,2.977033333333,987.8781549704586,1547.0
scanId=178630,2.977033333333,987.8962545590294,1567.0
scanId=178630,2.977033333333,987.9143542804468,1731.0
scanId=178630,2.977033333333,987.932454200637,1813.0
scanId=178630,2.977033333333,987.9505542536648,1628.0
scanId=178630,2.977033333333,987.9686545054745,1388.0
scanId=178630,2.977033333333,987.9867548901127,1401.0
scanId=178630,2.977033333333,988.0048554735417,1219.0
scanId=178630,2.977033333333,988.0229561897905,1015.0
scanId=178630,2.977033333333,988.0410571048387,1038.0
scanId=178630,2.977033333333,988.0591581526983,1198.0
scanId=178630,2.977033333333,988.0772593993656,1038.0
scanId=178630,2.977033333333,988.1496659781088,1042.0
scanId=178630,2.977033333333,988.1677680207999,1056.0
scanId=178630,2.977033333333,988.2039726366266,1008.0
scanId=178630,2.977033333333,988.2220752097716,1014.0
scanId=178630,2.977033333333,988.2944870943535,1102.0
scanId=178630,2.977033333333,988.3125904634867,1173.0
scanId=178630,2.977033333333,988.3306940314892,1188.0
scanId=178630,2.977033333333,988.3487977322327,1497.0
scanId=178630,2.977033333333,988.3669016318548,1653.0
scanId=178630,2.977033333333,988.3850056642088,1476.0
scanId=178630,2.977033333333,988.4031098954501,1125.0
scanId=178630,2.977033333333,988.4212142594149,1072.0
scanId=178630,2.977033333333,988.4393188222754,1078.0
scanId=178630,2.977033333333,988.4574235178507,1173.0
scanId=178630,2.977033333333,988.4755284123305,1113.0
scanId=178630,2.977033333333,988.4936334395161,1085.0
scanId=178630,2.977033333333,988.5117386656154,1528.0
scanId=178630,2.977033333333,988.5298440244115,4399.0
scanId=178630,2.977033333333,988.54794958213,12262.0
scanId=178630,2.977033333333,988.5660552725368,26889.0
scanId=178630,2.977033333333,988.5841611618745,44529.0
scanId=178630,2.977033333333,988.6022671838916,58799.0
scanId=178630,2.977033333333,988.6203734048488,62882.0
scanId=178630,2.977033333333,988.6384797584766,55586.0
scanId=178630,2.977033333333,988.6565863110532,42331.0
scanId=178630,2.977033333333,988.6746929962914,30432.0
scanId=178630,2.977033333333,988.6927998804869,21180.0
scanId=178630,2.977033333333,988.7109068973358,14234.0
scanId=178630,2.977033333333,988.7290141131507,9759.0
scanId=178630,2.977033333333,988.74712146161,7220.0
scanId=178630,2.977033333333,988.7652290090443,5100.0
scanId=178630,2.977033333333,988.7833366891142,3821.0
scanId=178630,2.977033333333,988.8014445681677,2846.0
scanId=178630,2.977033333333,988.8195525798482,2313.0
scanId=178630,2.977033333333,988.8376607905209,2209.0
scanId=178630,2.977033333333,988.8557691338117,2330.0
scanId=178630,2.977033333333,988.8738776761039,2328.0
scanId=178630,2.977033333333,988.8919863510054,2382.0
scanId=178630,2.977033333333,988.9100952249169,2561.0
scanId=178630,2.977033333333,988.9282042314288,2315.0
scanId=178630,2.977033333333,988.9463134369594,1863.0
scanId=178630,2.977033333333,988.964422775082,1568.0
scanId=178630,2.977033333333,988.9825323122319,1513.0
scanId=178630,2.977033333333,989.0006419819649,1847.0
scanId=178630,2.977033333333,989.0187518507342,1813.0
scanId=178630,2.977033333333,989.0368618520778,1581.0
scanId=178630,2.977033333333,989.054972052466,1264.0
scanId=178630,2.977033333333,989.0730823854203,1129.0
scanId=178630,2.977033333333,989.0911929174281,1310.0
scanId=178630,2.977033333333,989.1093035819929,1447.0
scanId=178630,2.977033333333,989.1274144456198,1248.0
scanId=178630,2.977033333333,989.181747964827,1054.0
scanId=178630,2.977033333333,989.1998594916925,1104.0
scanId=178630,2.977033333333,989.2179711510888,1048.0
scanId=178630,2.977033333333,989.3266446892529,1091.0
scanId=178630,2.977033333333,989.3447575425955,1287.0
scanId=178630,2.977033333333,989.3628705284341,1243.0
scanId=178630,2.977033333333,989.3809837133957,1167.0
scanId=178630,2.977033333333,989.3990970308446,1293.0
scanId=178630,2.977033333333,989.417210547426,1223.0
scanId=178630,2.977033333333,989.4353241964852,1266.0
scanId=178630,2.977033333333,989.4534380446855,1344.0
scanId=178630,2.977033333333,989.4715520253557,1374.0
scanId=178630,2.977033333333,989.4896662051752,1387.0
scanId=178630,2.977033333333,989.5077805174558,1519.0
scanId=178630,2.977033333333,989.5258950288948,2082.0
scanId=178630,2.977033333333,989.5440096727856,3974.0
scanId=178630,2.977033333333,989.562124515844,8767.0
scanId=178630,2.977033333333,989.5802394913454,15566.0
scanId=178630,2.977033333333,989.5983546660228,21007.0
scanId=178630,2.977033333333,989.616469973135,23251.0
scanId=178630,2.977033333333,989.6345854794316,22185.0
scanId=178630,2.977033333333,989.6527011181541,18297.0
scanId=178630,2.977033333333,989.6708169560702,13589.0
scanId=178630,2.977033333333,989.6889329264033,9509.0
scanId=178630,2.977033333333,989.7070490959385,6682.0
scanId=178630,2.977033333333,989.7251653978822,4660.0
scanId=178630,2.977033333333,989.7432818990367,3321.0
scanId=178630,2.977033333333,989.761398532591,2448.0
scanId=178630,2.977033333333,989.7795153653645,1637.0
scanId=178630,2.977033333333,989.7976323305292,1140.0
scanId=178630,2.977033333333,989.8157494949223,1018.0
scanId=178630,2.977033333333,989.8882197437268,1026.0
scanId=178630,2.977033333333,989.906337703723,1289.0
scanId=178630,2.977033333333,989.924455862974,1574.0
scanId=178630,2.977033333333,989.9425741545807,1734.0
scanId=178630,2.977033333333,989.9606926454508,1569.0
scanId=178630,2.977033333333,989.978811268668,1245.0
scanId=178630,2.977033333333,989.9969300911572,1239.0
scanId=178630,2.977033333333,990.0150490459852,1513.0
scanId=178630,2.977033333333,990.0331682000935,1518.0
scanId=178630,2.977033333333,990.0512874865318,1475.0
scanId=178630,2.977033333333,990.0694069722597,1617.0
scanId=178630,2.977033333333,990.0875265903085,1420.0
scanId=178630,2.977033333333,990.1056464076553,1168.0
scanId=178630,2.977033333333,990.1237663573148,1160.0
scanId=178630,2.977033333333,990.1418865062809,1193.0
scanId=178630,2.977033333333,990.1600067875511,1060.0
scanId=178630,2.977033333333,990.3049751407932,1006.0
scanId=178630,2.977033333333,990.3230969478556,1032.0
scanId=178630,2.977033333333,990.5586952933127,1384.0
scanId=178630,2.977033333333,990.5768194217097,2388.0
scanId=178630,2.977033333333,990.5949436823059,3790.0
scanId=178630,2.977033333333,990.6130681423222,4974.0
scanId=178630,2.977033333333,990.6311927345289,5332.0
scanId=178630,2.977033333333,990.6493175261643,5119.0
scanId=178630,2.977033333333,990.6674424499818,4292.0
scanId=178630,2.977033333333,990.6855675732363,3436.0
scanId=178630,2.977033333333,990.7036928286641,2665.0
scanId=178630,2.977033333333,990.721818283538,1907.0
scanId=178630,2.977033333333,990.7399438705763,1501.0
scanId=178630,2.977033333333,990.7580696570693,1270.0
scanId=178630,2.977033333333,990.7761955757184,1010.0
scanId=178630,2.977033333333,1009.5888381944,1049.0
scanId=178630,2.977033333333,1009.6071355556919,1079.0
scanId=178630,2.977033333333,1010.5954403142296,1312.0
scanId=178630,2.977033333333,1010.6137468329948,1179.0
scanId=178630,2.977033333333,1013.563255553348,1683.0
scanId=178630,2.977033333333,1013.5815889332041,3456.0
scanId=178630,2.977033333333,1013.5999224400433,5098.0
scanId=178630,2.977033333333,1013.618256151518,5840.0
scanId=178630,2.977033333333,1013.6365899899679,5273.0
scanId=178630,2.977033333333,1013.6549240330608,4346.0
scanId=178630,2.977033333333,1013.6732582031212,3109.0
scanId=178630,2.977033333333,1013.6915925778325,2313.0
scanId=178630,2.977033333333,1013.7099270795036,1788.0
scanId=178630,2.977033333333,1013.7282617858332,1218.0
scanId=178630,2.977033333333,1014.553494287459,1265.0
scanId=178630,2.977033333333,1014.5718366210103,2080.0
scanId=178630,2.977033333333,1014.5901790813338,3292.0
scanId=178630,2.977033333333,1014.6085217465031,4215.0
scanId=178630,2.977033333333,1014.6268645384373,4768.0
scanId=178630,2.977033333333,1014.6452075352249,4788.0
scanId=178630,2.977033333333,1014.6635506587695,3849.0
scanId=178630,2.977033333333,1014.6818939871756,2827.0
scanId=178630,2.977033333333,1014.7002374423307,2036.0
scanId=178630,2.977033333333,1014.7185811023548,1273.0
scanId=178630,2.977033333333,1015.5809192164435,1125.0
scanId=178630,2.977033333333,1015.5992708353067,1356.0
scanId=178630,2.977033333333,1015.617622580725,1595.0
scanId=178630,2.977033333333,1015.6359745312061,1738.0
scanId=178630,2.977033333333,1015.6543266082352,1492.0
scanId=178630,2.977033333333,1015.6726788903347,1045.0
scanId=178630,2.977033333333,1019.5487146944861,1102.0
scanId=178630,2.977033333333,1019.567102128113,2050.0
scanId=178630,2.977033333333,1019.5854896874683,2701.0
scanId=178630,2.977033333333,1019.6038774527134,3095.0
scanId=178630,2.977033333333,1019.6222653436791,3364.0
scanId=178630,2.977033333333,1019.6406534405421,3076.0
scanId=178630,2.977033333333,1019.6590416631187,2309.0
scanId=178630,2.977033333333,1019.6774300915997,1623.0
scanId=178630,2.977033333333,1019.6958186457866,1085.0
scanId=178630,2.977033333333,1020.5602686855634,1169.0
scanId=178630,2.977033333333,1020.5786651984032,1917.0
scanId=178630,2.977033333333,1020.5970619173361,2044.0
scanId=178630,2.977033333333,1020.6154587617862,1837.0
scanId=178630,2.977033333333,1020.6338558123374,1671.0
scanId=178630,2.977033333333,1020.652252988398,1433.0
scanId=178630,2.977033333333,1020.6706503705672,1051.0
scanId=178630,2.977033333333,1021.6091356735316,1011.0
scanId=178630,2.977033333333,1041.5842075244557,1037.0
scanId=178630,2.977033333333,1041.6027926021875,1194.0
scanId=178630,2.977033333333,1041.6213778014173,1283.0
scanId=178630,2.977033333333,1041.6399632107666,1127.0
scanId=178630,2.977033333333,1042.588037795333,1460.0
scanId=178630,2.977033333333,1042.6066318267276,1905.0
scanId=178630,2.977033333333,1042.625225979442,1951.0
scanId=178630,2.977033333333,1042.6438203424527,1558.0
scanId=178630,2.977033333333,1043.5923515591442,1147.0
scanId=178630,2.977033333333,1043.6109545441989,1046.0
scanId=178630,2.977033333333,1043.6295576503976,1018.0
scanId=178630,2.977033333333,1043.6481609670695,1017.0
scanId=178630,2.977033333333,1045.6210504578012,1122.0
scanId=178630,2.977033333333,1045.639671470968,1603.0
scanId=178630,2.977033333333,1045.6582926949575,1658.0
scanId=178630,2.977033333333,1045.6769140397348,1346.0
scanId=178630,2.977033333333,1046.5895641727932,1354.0
scanId=178630,2.977033333333,1046.6081938078337,2425.0
scanId=178630,2.977033333333,1046.6268236538635,4452.0
scanId=178630,2.977033333333,1046.6454536205147,6367.0
scanId=178630,2.977033333333,1046.664083798161,7005.0
scanId=178630,2.977033333333,1046.6827140964226,6035.0
scanId=178630,2.977033333333,1046.701344605686,4500.0
scanId=178630,2.977033333333,1046.7199752355586,3180.0
scanId=178630,2.977033333333,1046.7386060764386,2309.0
scanId=178630,2.977033333333,1046.7572370379214,1612.0
scanId=178630,2.977033333333,1046.7758682104184,1016.0
scanId=178630,2.977033333333,1047.6144415430356,2021.0
scanId=178630,2.977033333333,1047.6330803427206,4274.0
scanId=178630,2.977033333333,1047.6517192628564,5597.0
scanId=178630,2.977033333333,1047.6703583941585,5313.0
scanId=178630,2.977033333333,1047.6889976459045,4469.0
scanId=178630,2.977033333333,1047.7076371088233,3474.0
scanId=178630,2.977033333333,1047.7262766921797,2487.0
scanId=178630,2.977033333333,1047.7449164867153,1646.0
scanId=178630,2.977033333333,1047.7635564016828,1111.0
scanId=178630,2.977033333333,1048.6398205243388,1389.0
scanId=178630,2.977033333333,1048.6584683979584,1546.0
scanId=178630,2.977033333333,1048.6771164829154,1459.0
scanId=178630,2.977033333333,1048.6957646881456,1200.0
scanId=178630,2.977033333333,1060.6271323710414,1702.0
scanId=178630,2.977033333333,1060.6458865732836,3341.0
scanId=178630,2.977033333333,1060.6646408938825,5434.0
scanId=178630,2.977033333333,1060.6833954277413,6725.0
scanId=178630,2.977033333333,1060.702150079951,6833.0
scanId=178630,2.977033333333,1060.7209049454254,5786.0
scanId=178630,2.977033333333,1060.7396599292456,4466.0
scanId=178630,2.977033333333,1060.7584151263363,3129.0
scanId=178630,2.977033333333,1060.7771704417669,2267.0
scanId=178630,2.977033333333,1060.7959259704744,1585.0
scanId=178630,2.977033333333,1061.6400952803408,1923.0
scanId=178630,2.977033333333,1061.6588584362205,4001.0
scanId=178630,2.977033333333,1061.6776217103036,5643.0
scanId=178630,2.977033333333,1061.6963851977994,6509.0
scanId=178630,2.977033333333,1061.715148803493,6459.0
scanId=178630,2.977033333333,1061.7339126226057,5634.0
scanId=178630,2.977033333333,1061.75267655991,4164.0
scanId=178630,2.977033333333,1061.771440710638,2730.0
scanId=178630,2.977033333333,1061.7902049795528,1752.0
scanId=178630,2.977033333333,1061.8089694618968,1242.0
scanId=178630,2.977033333333,1062.6347697859505,1310.0
scanId=178630,2.977033333333,1062.653541681908,2062.0
scanId=178630,2.977033333333,1062.6723137914237,2955.0
scanId=178630,2.977033333333,1062.6910860189912,3804.0
scanId=178630,2.977033333333,1062.7098584601229,3673.0
scanId=178630,2.977033333333,1062.728631019301,3111.0
scanId=178630,2.977033333333,1062.7474037920485,2735.0
scanId=178630,2.977033333333,1062.7661766828376,2043.0
scanId=178630,2.977033333333,1062.7849497872016,1313.0
scanId=178630,2.977033333333,1063.6486907262645,1022.0
scanId=178630,2.977033333333,1063.6674715757058,1253.0
scanId=178630,2.977033333333,1063.6862526388559,1160.0
scanId=178630,2.977033333333,1063.705033819908,1075.0
scanId=178630,2.977033333333,1086.7036314920347,1129.0
scanId=178630,2.977033333333,1086.7226148406312,1359.0
scanId=178630,2.977033333333,1086.741598304105,1170.0
scanId=178630,2.977033333333,1104.735968090769,1003.0
scanId=178630,2.977033333333,1117.6547998363446,1090.0
scanId=178630,2.977033333333,1117.6740515727358,1405.0
scanId=178630,2.977033333333,1117.6933035286925,1639.0
scanId=178630,2.977033333333,1117.7125555966938,1689.0
scanId=178630,2.977033333333,1117.7318078842636,1472.0
scanId=178630,2.977033333333,1117.7510602838754,1251.0
scanId=178630,2.977033333333,1117.7703129030585,1015.0
scanId=178630,2.977033333333,1118.6561113850703,1567.0
scanId=178630,2.977033333333,1118.6753717433348,2104.0
scanId=178630,2.977033333333,1118.6946323212326,2086.0
scanId=178630,2.977033333333,1118.7138930111075,1891.0
scanId=178630,2.977033333333,1118.7331539206182,1629.0
scanId=178630,2.977033333333,1118.7524149421042,1261.0
scanId=178630,2.977033333333,1119.677140253096,1048.0
scanId=178630,2.977033333333,1119.6964094529335,1179.0
scanId=178630,2.977033333333,1119.7156787646823,1307.0
scanId=178630,2.977033333333,1119.7349482961324,1174.0
scanId=178630,2.977033333333,1276.25387336157,1979.0
scanId=178630,2.977033333333,1276.2744457811218,4228.0
scanId=178630,2.977033333333,1276.2950183222447,8307.0
scanId=178630,2.977033333333,1276.3155910733994,12233.0
scanId=178630,2.977033333333,1276.3361639461334,13994.0
scanId=178630,2.977033333333,1276.3567370288908,13243.0
scanId=178630,2.977033333333,1276.3773102332348,11278.0
scanId=178630,2.977033333333,1276.3978836475949,8583.0
scanId=178630,2.977033333333,1276.4184571835494,6310.0
scanId=178630,2.977033333333,1276.4390309295122,4500.0
scanId=178630,2.977033333333,1276.4596047970779,2827.0
scanId=178630,2.977033333333,1276.4801788746431,1772.0
scanId=178630,2.977033333333,1276.5007530738187,1102.0
scanId=178630,2.977033333333,1277.241535464619,1432.0
scanId=178630,2.977033333333,1277.2621158426355,3574.0
scanId=178630,2.977033333333,1277.2826963424109,7074.0
scanId=178630,2.977033333333,1277.30327705203,10802.0
scanId=178630,2.977033333333,1277.323857883416,13755.0
scanId=178630,2.977033333333,1277.3444389246374,15274.0
scanId=178630,2.977033333333,1277.3650200876345,14752.0
scanId=178630,2.977033333333,1277.3856014604587,12417.0
scanId=178630,2.977033333333,1277.406182955066,8840.0
scanId=178630,2.977033333333,1277.4267646594924,5791.0
scanId=178630,2.977033333333,1277.44734648571,3997.0
scanId=178630,2.977033333333,1277.4679285217396,2889.0
scanId=178630,2.977033333333,1277.4885106795682,1961.0
scanId=178630,2.977033333333,1277.5090930472002,1368.0
scanId=178630,2.977033333333,1278.2501679149323,2370.0
scanId=178630,2.977033333333,1278.2707563733609,5175.0
scanId=178630,2.977033333333,1278.2913450414421,8509.0
scanId=178630,2.977033333333,1278.311933831481,13137.0
scanId=178630,2.977033333333,1278.3325228311646,17207.0
scanId=178630,2.977033333333,1278.353111952814,18247.0
scanId=178630,2.977033333333,1278.3737012841007,15941.0
scanId=178630,2.977033333333,1278.394290737361,13008.0
scanId=178630,2.977033333333,1278.4148804002498,9995.0
scanId=178630,2.977033333333,1278.4354701851203,7043.0
scanId=178630,2.977033333333,1278.4560601796118,4708.0
scanId=178630,2.977033333333,1278.4766502960927,2973.0
scanId=178630,2.977033333333,1278.4972406221873,2109.0
scanId=178630,2.977033333333,1278.5178310702786,1572.0
scanId=178630,2.977033333333,1279.2386019979733,1733.0
scanId=178630,2.977033333333,1279.2591984150542,3422.0
scanId=178630,2.977033333333,1279.2797950415963,6450.0
scanId=178630,2.977033333333,1279.3003917902884,10520.0
scanId=178630,2.977033333333,1279.320988748433,13143.0
scanId=178630,2.977033333333,1279.3415858287349,14293.0
scanId=178630,2.977033333333,1279.3621831184819,14166.0
scanId=178630,2.977033333333,1279.3827805303945,12414.0
scanId=178630,2.977033333333,1279.403378151744,9438.0
scanId=178630,2.977033333333,1279.4239758952674,6636.0
scanId=178630,2.977033333333,1279.4445738482195,4869.0
scanId=178630,2.977033333333,1279.4651719233532,3470.0
scanId=178630,2.977033333333,1279.4857702079078,2537.0
scanId=178630,2.977033333333,1279.5063686146518,1938.0
scanId=178630,2.977033333333,1279.526967230809,1484.0
scanId=178630,2.977033333333,1279.5475659691638,1028.0
scanId=178630,2.977033333333,1280.2480224674523,1645.0
scanId=178630,2.977033333333,1280.2686270524537,2899.0
scanId=178630,2.977033333333,1280.2892317597978,4715.0
scanId=178630,2.977033333333,1280.3098366764011,6582.0
scanId=178630,2.977033333333,1280.3304417153563,8321.0
scanId=178630,2.977033333333,1280.3510469635623,8663.0
scanId=178630,2.977033333333,1280.3716523341277,7655.0
scanId=178630,2.977033333333,1280.3922579139362,6300.0
scanId=178630,2.977033333333,1280.412863616112,4785.0
scanId=178630,2.977033333333,1280.4334695275231,3383.0
scanId=178630,2.977033333333,1280.4540755613095,2427.0
scanId=178630,2.977033333333,1280.4746818043227,1720.0
scanId=178630,2.977033333333,1280.4952881697195,1183.0
scanId=178630,2.977033333333,1281.2578410739736,1229.0
scanId=178630,2.977033333333,1281.2784537399705,2092.0
scanId=178630,2.977033333333,1281.2990666150313,3537.0
scanId=178630,2.977033333333,1281.3196796126385,4767.0
scanId=178630,2.977033333333,1281.340292819302,5290.0
scanId=178630,2.977033333333,1281.3609061485204,5228.0
scanId=178630,2.977033333333,1281.3815196867863,4574.0
scanId=178630,2.977033333333,1281.4021333476148,3380.0
scanId=178630,2.977033333333,1281.4227472174828,2251.0
scanId=178630,2.977033333333,1281.4433612099217,1494.0
scanId=178630,2.977033333333,1281.4639754113925,1085.0
scanId=178630,2.977033333333,1282.268057730766,1042.0
scanId=178630,2.977033333333,1282.288678564283,1623.0
scanId=178630,2.977033333333,1282.309299520543,2563.0
scanId=178630,2.977033333333,1282.329920685662,3185.0
scanId=178630,2.977033333333,1282.3505419735327,3157.0
scanId=178630,2.977033333333,1282.3711634702538,2993.0
scanId=178630,2.977033333333,1282.3917850897355,2327.0
scanId=178630,2.977033333333,1282.412406918059,1679.0
scanId=178630,2.977033333333,1282.4330288691506,1310.0
scanId=178630,2.977033333333,1282.4536510290766,1013.0
scanId=178630,2.977033333333,1283.2786725241158,1568.0
scanId=178630,2.977033333333,1283.2993014390288,2152.0
scanId=178630,2.977033333333,1283.319930562602,2409.0
scanId=178630,2.977033333333,1283.3405598091251,2348.0
scanId=178630,2.977033333333,1283.3611892643005,2034.0
scanId=178630,2.977033333333,1283.381818842434,1622.0
scanId=178630,2.977033333333,1283.4024486292121,1237.0
scanId=178630,2.977033333333,1283.4230785389564,1025.0
scanId=178630,2.977033333333,1318.3154833357473,1133.0
scanId=178630,2.977033333333,1318.3363919989647,1499.0
scanId=178630,2.977033333333,1318.357300793163,1696.0
scanId=178630,2.977033333333,1318.3782097879796,1588.0
scanId=178630,2.977033333333,1318.3991189137882,1342.0
scanId=178630,2.977033333333,1319.3192853597534,1607.0
scanId=178630,2.977033333333,1319.3402019813643,2357.0
scanId=178630,2.977033333333,1319.361118734215,2903.0
scanId=178630,2.977033333333,1319.3820356874264,3234.0
scanId=178630,2.977033333333,1319.4029527718876,3010.0
scanId=178630,2.977033333333,1319.423870056698,2369.0
scanId=178630,2.977033333333,1319.4447874727698,1727.0
scanId=178630,2.977033333333,1319.46570508918,1252.0
scanId=178630,2.977033333333,1320.302545012967,1560.0
scanId=178630,2.977033333333,1320.32346939286,2465.0
scanId=178630,2.977033333333,1320.3443939728631,3162.0
scanId=178630,2.977033333333,1320.3653186843667,3898.0
scanId=178630,2.977033333333,1320.3862435959695,3987.0
scanId=178630,2.977033333333,1320.4071686390835,3117.0
scanId=178630,2.977033333333,1320.4280938822862,2286.0
scanId=178630,2.977033333333,1320.4490192570108,1641.0
scanId=178630,2.977033333333,1320.469944831813,1041.0
scanId=178630,2.977033333333,1321.3071030964804,1504.0
scanId=178630,2.977033333333,1321.328035435026,1944.0
scanId=178630,2.977033333333,1321.3489679734203,1908.0
scanId=178630,2.977033333333,1321.3699006435766,1796.0
scanId=178630,2.977033333333,1321.39083351357,1698.0
scanId=178630,2.977033333333,1321.4117665153367,1302.0
scanId=178630,2.977033333333,1321.4326997169296,1025.0
scanId=178630,2.977033333333,1322.3120431890147,1327.0
scanId=178630,2.977033333333,1322.332983486213,2063.0
scanId=178630,2.977033333333,1322.3539239829959,2244.0
scanId=178630,2.977033333333,1322.3748646118047,1927.0
scanId=178630,2.977033333333,1322.3958054401876,1494.0
scanId=178630,2.977033333333,1322.416746400607,1442.0
scanId=178630,2.977033333333,1322.4376875605888,1280.0
scanId=178630,2.977033333333,1332.3404153006072,1201.0
scanId=178630,2.977033333333,1332.3614348527215,1232.0
scanId=178630,2.977033333333,1332.3824546017045,1452.0
scanId=178630,2.977033333333,1332.4034744854293,1955.0
scanId=178630,2.977033333333,1332.424494566011,2158.0
scanId=178630,2.977033333333,1332.4455147813462,1902.0
scanId=178630,2.977033333333,1332.4665351935262,1292.0
scanId=178630,2.977033333333,1333.3285141969563,1069.0
scanId=178630,2.977033333333,1333.349541572711,1820.0
scanId=178630,2.977033333333,1333.370569083478,2161.0
scanId=178630,2.977033333333,1333.3915967908313,2617.0
scanId=178630,2.977033333333,1333.412624633209,3266.0
scanId=178630,2.977033333333,1333.4336526721615,3304.0
scanId=178630,2.977033333333,1333.4546808461498,2555.0
scanId=178630,2.977033333333,1333.4757092167004,1681.0
scanId=178630,2.977033333333,1333.496737722299,1029.0
scanId=178630,2.977033333333,1334.3380145192345,1174.0
scanId=178630,2.977033333333,1334.3590498533588,2108.0
scanId=178630,2.977033333333,1334.3800853227785,2933.0
scanId=178630,2.977033333333,1334.401120988501,3253.0
scanId=178630,2.977033333333,1334.422156789531,3094.0
scanId=178630,2.977033333333,1334.4431927868523,2592.0
scanId=178630,2.977033333333,1334.464228919493,1813.0
scanId=178630,2.977033333333,1334.4852652484135,1213.0
scanId=178630,2.977033333333,1335.3478968500192,1107.0
scanId=178630,2.977033333333,1335.3689401425104,1513.0
scanId=178630,2.977033333333,1335.389983570583,1752.0
scanId=178630,2.977033333333,1335.4110271946734,1870.0
scanId=178630,2.977033333333,1335.4320709543563,2031.0
scanId=178630,2.977033333333,1335.4531149100446,1895.0
scanId=178630,2.977033333333,1335.4741590013382,1440.0
scanId=178630,2.977033333333,1336.3581611892696,1066.0
scanId=178630,2.977033333333,1336.3792124401268,1792.0
scanId=178630,2.977033333333,1336.4002638268519,2497.0
scanId=178630,2.977033333333,1336.4213154093077,2631.0
scanId=178630,2.977033333333,1336.4423671276431,2235.0
scanId=178630,2.977033333333,1336.4634190416982,1706.0
scanId=178630,2.977033333333,1336.4844710916443,1202.0
scanId=178630,2.977033333333,1521.9339564835284,1342.0
scanId=178630,2.977033333333,1521.956421857544,1980.0
scanId=178630,2.977033333333,1521.9788873518978,1797.0
scanId=178630,2.977033333333,1522.001353057524,1470.0
scanId=178630,2.977033333333,1522.0238188834655,1143.0
scanId=179628,2.993666666667,102.11945812823743,1282.0
scanId=179628,2.993666666667,102.12527748278399,1491.0
scanId=179628,2.993666666667,102.13109700313582,1436.0
scanId=179628,2.993666666667,102.13691668929287,1029.0
scanId=179628,2.993666666667,129.10023619722594,1153.0
scanId=179628,2.993666666667,129.1067792917494,1024.0
scanId=179628,2.993666666667,165.07717927593006,1271.0
scanId=179628,2.993666666667,165.08457818992196,1608.0
scanId=179628,2.993666666667,165.0919771712177,1457.0
scanId=179628,2.993666666667,165.09937641681282,1032.0
scanId=179628,2.993666666667,177.11213066554265,1183.0
scanId=179628,2.993666666667,177.1197945299267,1109.0
scanId=179628,2.993666666667,216.09583026504714,1069.0
scanId=179628,2.993666666667,244.07843864740929,1150.0
scanId=179628,2.993666666667,244.08743532822794,2098.0
scanId=179628,2.993666666667,244.0964322204038,2194.0
scanId=179628,2.993666666667,244.105429232833,1686.0
scanId=179628,2.993666666667,244.11442645660586,1183.0
scanId=179628,2.993666666667,248.10742179940004,1441.0
scanId=179628,2.993666666667,248.11649242936642,2659.0
scanId=179628,2.993666666667,248.1255632676533,2712.0
scanId=179628,2.993666666667,248.13463422923016,2045.0
scanId=179628,2.993666666667,248.14370539911383,1257.0
scanId=179628,2.993666666667,262.1048654175388,1156.0
scanId=179628,2.993666666667,262.1141884031169,1088.0
scanId=179628,2.993666666667,262.123511586485,1085.0
scanId=179628,2.993666666667,265.1529472787309,1013.0
scanId=179628,2.993666666667,273.16423223135126,1135.0
scanId=179628,2.993666666667,279.0873723911788,1143.0
scanId=179628,2.993666666667,290.1229042156162,1377.0
scanId=179628,2.993666666667,290.132712856216,1983.0
scanId=179628,2.993666666667,290.1425216512173,2084.0
scanId=179628,2.993666666667,290.15233062341366,1587.0
scanId=179628,2.993666666667,290.16213975002535,1146.0
scanId=179628,2.993666666667,291.12423902021993,1043.0
scanId=179628,2.993666666667,292.1371412897361,1789.0
scanId=179628,2.993666666667,292.1469839090111,2547.0
scanId=179628,2.993666666667,292.1568267040502,2302.0
scanId=179628,2.993666666667,292.16666965493573,1748.0
scanId=179628,2.993666666667,292.1765127815714,1291.0
scanId=179628,2.993666666667,294.1484697292405,2254.0
scanId=179628,2.993666666667,294.1583461727894,4823.0
scanId=179628,2.993666666667,294.1682227906732,5424.0
scanId=179628,2.993666666667,294.17809956583255,4650.0
scanId=179628,2.993666666667,294.18797651531276,3368.0
scanId=179628,2.993666666667,294.1978536220828,2215.0
scanId=179628,2.993666666667,294.20773090315953,1391.0
scanId=179628,2.993666666667,315.1726379131547,1373.0
scanId=179628,2.993666666667,315.1828612213156,1337.0
scanId=179628,2.993666666667,331.1968418989914,1055.0
scanId=179628,2.993666666667,331.20732187370083,1191.0
scanId=179628,2.993666666667,331.21780199791993,1031.0
scanId=179628,2.993666666667,368.39443187414173,1159.0
scanId=179628,2.993666666667,368.4054846683426,3184.0
scanId=179628,2.993666666667,368.41653766604406,4266.0
scanId=179628,2.993666666667,368.4275907918437,4247.0
scanId=179628,2.993666666667,368.43864412115585,3352.0
scanId=179628,2.993666666667,368.44969757855444,2490.0
scanId=179628,2.993666666667,368.46075123947713,1684.0
scanId=179628,2.993666666667,368.47180502847476,1158.0
scanId=179628,2.993666666667,391.19588074331597,1169.0
scanId=179628,2.993666666667,391.2072704427044,1147.0
scanId=179628,2.993666666667,494.27908688958235,3155.0
scanId=179628,2.993666666667,494.2918895514093,8490.0
scanId=179628,2.993666666667,494.30469245786617,13438.0
scanId=179628,2.993666666667,494.31749545130026,14093.0
scanId=179628,2.993666666667,494.3302986893676,11549.0
scanId=179628,2.993666666667,494.3431020144088,8689.0
scanId=179628,2.993666666667,494.35590558408654,6361.0
scanId=179628,2.993666666667,494.368709240735,4343.0
scanId=179628,2.993666666667,494.3815131420232,2823.0
scanId=179628,2.993666666667,494.3943171302785,1737.0
scanId=179628,2.993666666667,494.40712136317745,1146.0
scanId=179628,2.993666666667,494.7785150595488,2463.0
scanId=179628,2.993666666667,494.79132426660567,5233.0
scanId=179628,2.993666666667,494.80413356057454,7379.0
scanId=179628,2.993666666667,494.81694309924177,9148.0
scanId=179628,2.993666666667,494.829752724818,8043.0
scanId=179628,2.993666666667,494.8425625950957,6037.0
scanId=179628,2.993666666667,494.8553725522789,3848.0
scanId=179628,2.993666666667,494.8681827541673,2335.0
scanId=179628,2.993666666667,494.88099304295764,1587.0
scanId=179628,2.993666666667,494.89380357645643,1160.0
scanId=179628,2.993666666667,495.29101109141766,1157.0
scanId=179628,2.993666666667,495.3038269306849,2297.0
scanId=179628,2.993666666667,495.3166428567965,2772.0
scanId=179628,2.993666666667,495.32945902767443,2970.0
scanId=179628,2.993666666667,495.3422752853931,2354.0
scanId=179628,2.993666666667,495.3550917878814,1646.0
scanId=179628,2.993666666667,495.36790837720747,1140.0
scanId=179628,2.993666666667,507.2942999839335,1506.0
scanId=179628,2.993666666667,507.30727010756493,1712.0
scanId=179628,2.993666666667,507.32024047733813,1835.0
scanId=179628,2.993666666667,507.33321093257734,1601.0
scanId=179628,2.993666666667,507.34618163396124,1355.0
scanId=179628,2.993666666667,507.3591524208084,1064.0
scanId=179628,2.993666666667,507.80025919317137,1233.0
scanId=179628,2.993666666667,507.8132358635448,1358.0
scanId=179628,2.993666666667,507.82621261933616,1379.0
scanId=179628,2.993666666667,507.8391896213199,1093.0
scanId=179628,2.993666666667,511.30997053796455,1147.0
scanId=179628,2.993666666667,550.6064443088574,1368.0
scanId=179628,2.993666666667,550.6199568618437,1215.0
scanId=179628,2.993666666667,550.6334694985801,1006.0
scanId=179628,2.993666666667,551.3363572221187,1319.0
scanId=179628,2.993666666667,551.3498787285891,1520.0
scanId=179628,2.993666666667,551.3634003188224,1326.0
scanId=179628,2.993666666667,551.6068180341241,1259.0
scanId=179628,2.993666666667,551.6203428567,1473.0
scanId=179628,2.993666666667,551.6338677630432,1224.0
scanId=179628,2.993666666667,604.3251894637757,1304.0
scanId=179628,2.993666666667,604.3393457607261,3656.0
scanId=179628,2.993666666667,604.3535023013575,6617.0
scanId=179628,2.993666666667,604.3676589299223,8801.0
scanId=179628,2.993666666667,604.3818158021639,9261.0
scanId=179628,2.993666666667,604.3959727623434,8084.0
scanId=179628,2.993666666667,604.4101299661955,5992.0
scanId=179628,2.993666666667,604.4242872579892,4092.0
scanId=179628,2.993666666667,604.438444793452,2720.0
scanId=179628,2.993666666667,604.4526024168598,1855.0
scanId=179628,2.993666666667,604.4667602839332,1340.0
scanId=179628,2.993666666667,605.3590376834766,2348.0
scanId=179628,2.993666666667,605.3732061620868,3705.0
scanId=179628,2.993666666667,605.3873747287697,3764.0
scanId=179628,2.993666666667,605.4015435389904,2966.0
scanId=179628,2.993666666667,605.4157124372877,1947.0
scanId=179628,2.993666666667,605.4298815791188,1177.0
scanId=179628,2.993666666667,606.379589145756,1262.0
scanId=179628,2.993666666667,606.3937695623453,1064.0
scanId=179628,2.993666666667,609.2900336409218,1744.0
scanId=179628,2.993666666667,609.3042479704104,4613.0
scanId=179628,2.993666666667,609.3184625428839,7215.0
scanId=179628,2.993666666667,609.3326772039871,8367.0
scanId=179628,2.993666666667,609.3468921080712,7800.0
scanId=179628,2.993666666667,609.3611071007888,6065.0
scanId=179628,2.993666666667,609.3753223364835,4222.0
scanId=179628,2.993666666667,609.3895376608159,2848.0
scanId=179628,2.993666666667,609.403753228121,1891.0
scanId=179628,2.993666666667,609.4179688840682,1210.0
scanId=179628,2.993666666667,610.1574134806692,1181.0
scanId=179628,2.993666666667,610.1716380014586,1785.0
scanId=179628,2.993666666667,610.1858626110018,1846.0
scanId=179628,2.993666666667,610.2000874634018,1440.0
scanId=179628,2.993666666667,610.2143124045598,1122.0
scanId=179628,2.993666666667,610.2996657645849,1151.0
scanId=179628,2.993666666667,610.313891943427,2608.0
scanId=179628,2.993666666667,610.3281182110438,3467.0
scanId=179628,2.993666666667,610.3423447214964,3220.0
scanId=179628,2.993666666667,610.356571320728,2387.0
scanId=179628,2.993666666667,610.3707981627911,1568.0
scanId=179628,2.993666666667,610.3850250936372,1062.0
scanId=179628,2.993666666667,625.2996268491087,1196.0
scanId=179628,2.993666666667,625.3140267918673,1424.0
scanId=179628,2.993666666667,625.3284268258142,1247.0
scanId=179628,2.993666666667,660.4255137216513,1133.0
scanId=179628,2.993666666667,660.4403125918748,1336.0
scanId=179628,2.993666666667,660.4551115604432,1211.0
scanId=179628,2.993666666667,663.4034126104293,3844.0
scanId=179628,2.993666666667,663.4182447407413,9789.0
scanId=179628,2.993666666667,663.4330771036281,15911.0
scanId=179628,2.993666666667,663.4479095655576,17936.0
scanId=179628,2.993666666667,663.462742260055,15593.0
scanId=179628,2.993666666667,663.4775750536019,11303.0
scanId=179628,2.993666666667,663.4924080797097,7771.0
scanId=179628,2.993666666667,663.5072412048743,5454.0
scanId=179628,2.993666666667,663.5220745625926,3607.0
scanId=179628,2.993666666667,663.5369080193746,2106.0
scanId=179628,2.993666666667,663.5517417087036,1245.0
scanId=179628,2.993666666667,664.3975341440878,1707.0
scanId=179628,2.993666666667,664.4123774501221,4034.0
scanId=179628,2.993666666667,664.4272208554299,6719.0
scanId=179628,2.993666666667,664.4420644930748,8743.0
scanId=179628,2.993666666667,664.4569082300002,8269.0
scanId=179628,2.993666666667,664.4717521992554,6341.0
scanId=179628,2.993666666667,664.4865962677985,4486.0
scanId=179628,2.993666666667,664.5014405686643,2992.0
scanId=179628,2.993666666667,664.5162849688248,2147.0
scanId=179628,2.993666666667,664.5311296013012,1647.0
scanId=179628,2.993666666667,664.5459743330792,1065.0
scanId=179628,2.993666666667,665.4072544006812,1197.0
scanId=179628,2.993666666667,665.4221089814732,1807.0
scanId=179628,2.993666666667,665.4369636617787,2460.0
scanId=179628,2.993666666667,665.4518185741814,2641.0
scanId=179628,2.993666666667,665.4666735861043,2193.0
scanId=179628,2.993666666667,665.4815288301177,1572.0
scanId=179628,2.993666666667,665.4963841736583,1124.0
scanId=179628,2.993666666667,680.4647901671929,1246.0
scanId=179628,2.993666666667,680.4798118796912,1302.0
scanId=179628,2.993666666667,680.494833695438,1022.0
scanId=179628,2.993666666667,685.4007935164914,1641.0
scanId=179628,2.993666666667,685.4158696131161,2473.0
scanId=179628,2.993666666667,685.4309458142773,2647.0
scanId=179628,2.993666666667,685.4460222425125,2069.0
scanId=179628,2.993666666667,685.4610987752919,1529.0
scanId=179628,2.993666666667,685.4761755351378,1261.0
scanId=179628,2.993666666667,686.3961695283479,1101.0
scanId=179628,2.993666666667,686.41125656812,1646.0
scanId=179628,2.993666666667,686.4263437126917,1668.0
scanId=179628,2.993666666667,686.4414310840745,1878.0
scanId=179628,2.993666666667,686.4565185602646,1832.0
scanId=179628,2.993666666667,686.471606263258,1358.0
scanId=179628,2.993666666667,707.6190827262183,1090.0
scanId=179628,2.993666666667,708.4771727456094,1075.0
scanId=179628,2.993666666667,708.4925005346247,1092.0
scanId=179628,2.993666666667,722.4630561431144,1047.0
scanId=179628,2.993666666667,722.4785344833093,1900.0
scanId=179628,2.993666666667,722.4940129385607,2519.0
scanId=179628,2.993666666667,722.5094916103661,2718.0
scanId=179628,2.993666666667,722.5249703972373,2239.0
scanId=179628,2.993666666667,722.5404494006534,1611.0
scanId=179628,2.993666666667,722.5559285191445,1075.0
scanId=179628,2.993666666667,724.5386278404723,1003.0
scanId=179628,2.993666666667,736.4762445245176,3942.0
scanId=179628,2.993666666667,736.4918722088086,12186.0
scanId=179628,2.993666666667,736.5075001053515,22951.0
scanId=179628,2.993666666667,736.5231281212626,30137.0
scanId=179628,2.993666666667,736.5387563494161,31036.0
scanId=179628,2.993666666667,736.5543846969474,28171.0
scanId=179628,2.993666666667,736.5700132567116,22626.0
scanId=179628,2.993666666667,736.5856419358632,16981.0
scanId=179628,2.993666666667,736.6012708272378,11954.0
scanId=179628,2.993666666667,736.6168998380098,8048.0
scanId=179628,2.993666666667,736.6325290609949,5302.0
scanId=179628,2.993666666667,736.6481584033871,3527.0
scanId=179628,2.993666666667,736.6637879579829,2394.0
scanId=179628,2.993666666667,736.6794176319954,1644.0
scanId=179628,2.993666666667,736.6950475182018,1148.0
scanId=179628,2.993666666667,737.4767520736943,1755.0
scanId=179628,2.993666666667,737.4923903698352,4218.0
scanId=179628,2.993666666667,737.5080288779151,9113.0
scanId=179628,2.993666666667,737.5236675056763,13712.0
scanId=179628,2.993666666667,737.5393063453666,15909.0
scanId=179628,2.993666666667,737.554945304748,14960.0
scanId=179628,2.993666666667,737.5705844760491,12117.0
scanId=179628,2.993666666667,737.586223767051,8888.0
scanId=179628,2.993666666667,737.6018632699626,6333.0
scanId=179628,2.993666666667,737.6175028925846,4211.0
scanId=179628,2.993666666667,737.6331427271066,2682.0
scanId=179628,2.993666666667,737.6487826813493,1744.0
scanId=179628,2.993666666667,737.6644228474818,1268.0
scanId=179628,2.993666666667,738.4935876792596,1065.0
scanId=179628,2.993666666667,738.5092367988764,1908.0
scanId=179628,2.993666666667,738.5248860384886,3510.0
scanId=179628,2.993666666667,738.5405354897159,5038.0
scanId=179628,2.993666666667,738.5561850609486,5177.0
scanId=179628,2.993666666667,738.5718348437864,4333.0
scanId=179628,2.993666666667,738.5874847466392,3487.0
scanId=179628,2.993666666667,738.6031348610877,2745.0
scanId=179628,2.993666666667,738.6187850955608,2075.0
scanId=179628,2.993666666667,738.6344355416197,1473.0
scanId=179628,2.993666666667,738.6500861077135,1178.0
scanId=179628,2.993666666667,739.5267837197292,1397.0
scanId=179628,2.993666666667,739.5424437824934,1687.0
scanId=179628,2.993666666667,739.558103965578,1514.0
scanId=179628,2.993666666667,739.5737643599527,1105.0
scanId=179628,2.993666666667,764.5083214386192,2463.0
scanId=179628,2.993666666667,764.5242438053109,5242.0
scanId=179628,2.993666666667,764.5401663003796,7774.0
scanId=179628,2.993666666667,764.556088998682,9868.0
scanId=179628,2.993666666667,764.5720118253716,10440.0
scanId=179628,2.993666666667,764.5879348552845,8830.0
scanId=179628,2.993666666667,764.6038580135952,6404.0
scanId=179628,2.993666666667,764.6197813751185,4643.0
scanId=179628,2.993666666667,764.6357048650505,3165.0
scanId=179628,2.993666666667,764.6516285581841,2088.0
scanId=179628,2.993666666667,764.667552379737,1580.0
scanId=179628,2.993666666667,764.6834764044814,1236.0
scanId=179628,2.993666666667,765.5276859778028,1794.0
scanId=179628,2.993666666667,765.5436189560313,2835.0
scanId=179628,2.993666666667,765.559552062973,3463.0
scanId=179628,2.993666666667,765.5754853728121,3377.0
scanId=179628,2.993666666667,765.5914188113745,2725.0
scanId=179628,2.993666666667,765.6073524528243,1944.0
scanId=179628,2.993666666667,765.6232862230079,1241.0
scanId=179628,2.993666666667,766.5317862789125,1179.0
scanId=179628,2.993666666667,766.5477296661063,2076.0
scanId=179628,2.993666666667,766.5636732558718,2540.0
scanId=179628,2.993666666667,766.5796169746869,2393.0
scanId=179628,2.993666666667,766.5955608960628,1955.0
scanId=179628,2.993666666667,766.6115049464988,1478.0
scanId=179628,2.993666666667,766.6274491994856,1124.0
scanId=179628,2.993666666667,789.5164485175175,1048.0
scanId=179628,2.993666666667,791.5403181382466,1047.0
scanId=179628,2.993666666667,791.556519526806,1007.0
scanId=179628,2.993666666667,810.7077245436453,1573.0
scanId=179628,2.993666666667,810.7241209257202,2352.0
scanId=179628,2.993666666667,810.7405174954665,2679.0
scanId=179628,2.993666666667,810.7569142091629,2514.0
scanId=179628,2.993666666667,810.7733111105201,1880.0
scanId=179628,2.993666666667,810.7897081558382,1351.0
scanId=179628,2.993666666667,810.8061053888056,1141.0
scanId=179628,2.993666666667,811.7082079350408,1281.0
scanId=179628,2.993666666667,811.7246144531033,2045.0
scanId=179628,2.993666666667,811.7410211154516,2478.0
scanId=179628,2.993666666667,811.7574279651244,2308.0
scanId=179628,2.993666666667,811.7738349590949,1818.0
scanId=179628,2.993666666667,811.7902421403782,1161.0
scanId=179628,2.993666666667,815.6834178310952,1136.0
scanId=179628,2.993666666667,815.6998644740313,1290.0
scanId=179628,2.993666666667,815.7163112626123,1094.0
scanId=179628,2.993666666667,822.6881761111754,1210.0
scanId=179628,2.993666666667,822.704693203578,2526.0
scanId=179628,2.993666666667,822.7212104795566,4326.0
scanId=179628,2.993666666667,822.7377279035809,5524.0
scanId=179628,2.993666666667,822.7542455111701,5444.0
scanId=179628,2.993666666667,822.7707632668163,4914.0
scanId=179628,2.993666666667,822.7872812060159,3969.0
scanId=179628,2.993666666667,822.8037992932842,2668.0
scanId=179628,2.993666666667,822.8203175640944,1738.0
scanId=179628,2.993666666667,822.8368359829843,1251.0
scanId=179628,2.993666666667,823.729077306716,1372.0
scanId=179628,2.993666666667,823.7456048626209,1889.0
scanId=179628,2.993666666667,823.7621325669221,2047.0
scanId=179628,2.993666666667,823.7786604544375,1931.0
scanId=179628,2.993666666667,823.7951884903604,1436.0
scanId=179628,2.993666666667,823.8117167094864,1016.0
scanId=179628,2.993666666667,824.7375611231931,1383.0
scanId=179628,2.993666666667,824.7540987761491,1534.0
scanId=179628,2.993666666667,824.7706366119805,1364.0
scanId=179628,2.993666666667,825.49846516309,1238.0
scanId=179628,2.993666666667,825.5150104433483,1622.0
scanId=179628,2.993666666667,825.5315559062217,1516.0
scanId=179628,2.993666666667,825.5481015181019,1169.0
scanId=179628,2.993666666667,825.9948959494646,1103.0
scanId=179628,2.993666666667,826.0114462040505,1767.0
scanId=179628,2.993666666667,826.0279966410818,2125.0
scanId=179628,2.993666666667,826.0445472272897,1932.0
scanId=179628,2.993666666667,826.0610979959315,1733.0
scanId=179628,2.993666666667,826.077648913761,1359.0
scanId=179628,2.993666666667,826.0942000140135,1102.0
scanId=179628,2.993666666667,826.5245866032252,1005.0
scanId=179628,2.993666666667,827.6507429899837,1026.0
scanId=179628,2.993666666667,827.6673098256617,2258.0
scanId=179628,2.993666666667,827.6838768432194,3152.0
scanId=179628,2.993666666667,827.7004440105196,3476.0
scanId=179628,2.993666666667,827.7170113596878,3021.0
scanId=179628,2.993666666667,827.7335788586098,2163.0
scanId=179628,2.993666666667,827.7501465393885,1727.0
scanId=179628,2.993666666667,827.7667143699323,1299.0
scanId=179628,2.993666666667,828.6782008433544,1187.0
scanId=179628,2.993666666667,828.69477795931,1621.0
scanId=179628,2.993666666667,828.7113552567941,1573.0
scanId=179628,2.993666666667,828.7279327043716,1419.0
scanId=179628,2.993666666667,828.7445103334663,1164.0
scanId=179628,2.993666666667,829.706296063045,1129.0
scanId=179628,2.993666666667,829.7228834592781,1120.0
scanId=179628,2.993666666667,836.7209094155927,2028.0
scanId=179628,2.993666666667,836.7375667840408,2878.0
scanId=179628,2.993666666667,836.7542243312729,3317.0
scanId=179628,2.993666666667,836.7708820313429,3171.0
scanId=179628,2.993666666667,836.7875399101854,2360.0
scanId=179628,2.993666666667,836.8041979418772,1607.0
scanId=179628,2.993666666667,836.8208561523301,1106.0
scanId=179628,2.993666666667,837.7206453920929,1069.0
scanId=179628,2.993666666667,837.7373127091975,1189.0
scanId=179628,2.993666666667,837.7539802047451,1194.0
scanId=179628,2.993666666667,837.7706478534718,1307.0
scanId=179628,2.993666666667,837.78731568063,1439.0
scanId=179628,2.993666666667,837.8039836609786,1217.0
scanId=179628,2.993666666667,841.7088514326214,1151.0
scanId=179628,2.993666666667,841.7255583898219,1240.0
scanId=179628,2.993666666667,841.7422655015531,1353.0
scanId=179628,2.993666666667,841.758972790364,1033.0
scanId=179628,2.993666666667,842.7115620066769,1058.0
scanId=179628,2.993666666667,848.7068078592455,1618.0
scanId=179628,2.993666666667,848.7235841230464,2807.0
scanId=179628,2.993666666667,848.7403605437531,3732.0
scanId=179628,2.993666666667,848.7571371391643,3723.0
scanId=179628,2.993666666667,848.7739138914932,3144.0
scanId=179628,2.993666666667,848.7906908185149,2447.0
scanId=179628,2.993666666667,848.8074679024655,1693.0
scanId=179628,2.993666666667,848.8242451610981,1160.0
scanId=179628,2.993666666667,849.7304631126922,1570.0
scanId=179628,2.993666666667,849.747249482056,2246.0
scanId=179628,2.993666666667,849.764036025783,2425.0
scanId=179628,2.993666666667,849.7808227267684,2367.0
scanId=179628,2.993666666667,849.7976096021061,2269.0
scanId=179628,2.993666666667,849.8143966347135,1828.0
scanId=179628,2.993666666667,849.8311838416616,1370.0
scanId=179628,2.993666666667,850.754735329535,1015.0
scanId=179628,2.993666666667,850.7715318215782,1053.0
scanId=179628,2.993666666667,853.713470651512,1063.0
scanId=179628,2.993666666667,853.7302963252814,1373.0
scanId=179628,2.993666666667,853.7471221576496,1357.0
scanId=179628,2.993666666667,853.7639481630296,1082.0
scanId=179628,2.993666666667,865.7522602189765,1050.0
scanId=179628,2.993666666667,868.5502456717408,1664.0
scanId=179628,2.993666666667,868.567216922532,2036.0
scanId=179628,2.993666666667,868.5841883368959,2018.0
scanId=179628,2.993666666667,868.6011599192974,1790.0
scanId=179628,2.993666666667,868.6181316652834,1451.0
scanId=179628,2.993666666667,868.6351035792956,1239.0
scanId=179628,2.993666666667,869.5857953315731,1055.0
scanId=179628,2.993666666667,869.6027766945917,1042.0
scanId=179628,2.993666666667,870.6049706497242,1000.0
scanId=179628,2.993666666667,872.7471817569683,1035.0
scanId=179628,2.993666666667,872.7641939608147,1353.0
scanId=179628,2.993666666667,872.7812063313112,1208.0
scanId=179628,2.993666666667,874.738734829802,1532.0
scanId=179628,2.993666666667,874.7557664337091,2400.0
scanId=179628,2.993666666667,874.7727982032413,2561.0
scanId=179628,2.993666666667,874.7898301387589,2191.0
scanId=179628,2.993666666667,874.8068622399127,1523.0
scanId=179628,2.993666666667,875.7609245390316,1186.0
scanId=179628,2.993666666667,875.7779660912546,1664.0
scanId=179628,2.993666666667,875.7950078094398,1462.0
scanId=179628,2.993666666667,875.8120496932735,1068.0
scanId=179628,2.993666666667,878.7798619221293,1433.0
scanId=179628,2.993666666667,878.7969328230292,1793.0
scanId=179628,2.993666666667,878.8140038885892,1642.0
scanId=179628,2.993666666667,878.8310751211113,1278.0
scanId=179628,2.993666666667,898.7453560033994,1376.0
scanId=179628,2.993666666667,898.7626197346759,1773.0
scanId=179628,2.993666666667,898.7798836393724,2075.0
scanId=179628,2.993666666667,898.7971477022595,2009.0
scanId=179628,2.993666666667,898.8144119385773,1549.0
scanId=179628,2.993666666667,898.8316763330752,1093.0
scanId=179628,2.993666666667,899.7469267188266,1065.0
scanId=179628,2.993666666667,899.7642000668085,1241.0
scanId=179628,2.993666666667,899.7814735885289,1310.0
scanId=179628,2.993666666667,899.7987472681214,1116.0
scanId=179628,2.993666666667,900.7490552123954,1836.0
scanId=179628,2.993666666667,900.7663381770826,2365.0
scanId=179628,2.993666666667,900.7836213158265,2790.0
scanId=179628,2.993666666667,900.8009046121242,2721.0
scanId=179628,2.993666666667,900.8181880824894,2236.0
scanId=179628,2.993666666667,900.8354717103979,1921.0
scanId=179628,2.993666666667,900.8527555123845,1725.0
scanId=179628,2.993666666667,900.8700394719033,1231.0
scanId=179628,2.993666666667,902.7895901047965,1081.0
scanId=179628,2.993666666667,903.7068528938779,1168.0
scanId=179628,2.993666666667,903.7241642204466,1132.0
scanId=179628,2.993666666667,904.7977900061838,1125.0
scanId=179628,2.993666666667,904.8151117693029,1419.0
scanId=179628,2.993666666667,904.8324337077579,1137.0
scanId=179628,2.993666666667,905.8200580038267,1042.0
scanId=179628,2.993666666667,905.8373895593028,1108.0
scanId=179628,2.993666666667,905.8547212707376,1015.0
scanId=179628,2.993666666667,956.5826110591474,1624.0
scanId=179628,2.993666666667,956.6004216161843,2255.0
scanId=179628,2.993666666667,956.6182323638834,1987.0
scanId=179628,2.993666666667,956.6360432525308,1586.0
scanId=179628,2.993666666667,956.6538543318499,1166.0
scanId=179628,2.993666666667,957.5980781351323,1492.0
scanId=179628,2.993666666667,957.615898168199,1469.0
scanId=179628,2.993666666667,957.6337183419413,1313.0
scanId=179628,2.993666666667,957.6515387066286,1094.0
scanId=179628,2.993666666667,961.5760469576954,1015.0
scanId=179628,2.993666666667,961.5939039402065,1006.0
scanId=179628,2.993666666667,987.5161983482183,1456.0
scanId=179628,2.993666666667,987.5342946205959,7331.0
scanId=179628,2.993666666667,987.5523910259078,18373.0
scanId=179628,2.993666666667,987.5704876299051,35536.0
scanId=179628,2.993666666667,987.5885843668275,54552.0
scanId=179628,2.993666666667,987.6066813024439,64979.0
scanId=179628,2.993666666667,987.6247783709769,63659.0
scanId=179628,2.993666666667,987.6428756382126,53729.0
scanId=179628,2.993666666667,987.6609730383562,41067.0
scanId=179628,2.993666666667,987.6790706372111,29636.0
scanId=179628,2.993666666667,987.6971683689651,20085.0
scanId=179628,2.993666666667,987.7152662994397,12869.0
scanId=179628,2.993666666667,987.7333643628042,8362.0
scanId=179628,2.993666666667,987.7514626248978,5640.0
scanId=179628,2.993666666667,987.7695610198731,3719.0
scanId=179628,2.993666666667,987.787659613586,2466.0
scanId=179628,2.993666666667,987.8057583401718,1947.0
scanId=179628,2.993666666667,987.8238572655041,1500.0
scanId=179628,2.993666666667,987.8419563237002,1176.0
scanId=179628,2.993666666667,988.0229561897905,1123.0
scanId=179628,2.993666666667,988.0410571048387,1144.0
scanId=179628,2.993666666667,988.0591581526983,1015.0
scanId=179628,2.993666666667,988.0772593993656,1042.0
scanId=179628,2.993666666667,988.1858702623252,1006.0
scanId=179628,2.993666666667,988.3669016318548,1012.0
scanId=179628,2.993666666667,988.5117386656154,1209.0
scanId=179628,2.993666666667,988.5298440244115,3561.0
scanId=179628,2.993666666667,988.54794958213,10204.0
scanId=179628,2.993666666667,988.5660552725368,22016.0
scanId=179628,2.993666666667,988.5841611618745,35121.0
scanId=179628,2.993666666667,988.6022671838916,45307.0
scanId=179628,2.993666666667,988.6203734048488,48376.0
scanId=179628,2.993666666667,988.6384797584766,42212.0
scanId=179628,2.993666666667,988.6565863110532,32546.0
scanId=179628,2.993666666667,988.6746929962914,23758.0
scanId=179628,2.993666666667,988.6927998804869,16716.0
scanId=179628,2.993666666667,988.7109068973358,11284.0
scanId=179628,2.993666666667,988.7290141131507,7627.0
scanId=179628,2.993666666667,988.74712146161,5039.0
scanId=179628,2.993666666667,988.7652290090443,3193.0
scanId=179628,2.993666666667,988.7833366891142,2202.0
scanId=179628,2.993666666667,988.8014445681677,1762.0
scanId=179628,2.993666666667,988.8195525798482,1459.0
scanId=179628,2.993666666667,988.8376607905209,1130.0
scanId=179628,2.993666666667,988.8557691338117,1194.0
scanId=179628,2.993666666667,988.8738776761039,1411.0
scanId=179628,2.993666666667,988.8919863510054,1624.0
scanId=179628,2.993666666667,988.9100952249169,1725.0
scanId=179628,2.993666666667,988.9282042314288,1558.0
scanId=179628,2.993666666667,988.9463134369594,1190.0
scanId=179628,2.993666666667,988.964422775082,1072.0
scanId=179628,2.993666666667,988.9825323122319,1068.0
scanId=179628,2.993666666667,989.0006419819649,1172.0
scanId=179628,2.993666666667,989.0187518507342,1190.0
scanId=179628,2.993666666667,989.0368618520778,1032.0
scanId=179628,2.993666666667,989.054972052466,1164.0
scanId=179628,2.993666666667,989.0730823854203,1334.0
scanId=179628,2.993666666667,989.0911929174281,1436.0
scanId=179628,2.993666666667,989.1093035819929,1401.0
scanId=179628,2.993666666667,989.1274144456198,1291.0
scanId=179628,2.993666666667,989.1455254417949,1272.0
scanId=179628,2.993666666667,989.1636366370413,1322.0
scanId=179628,2.993666666667,989.181747964827,1452.0
scanId=179628,2.993666666667,989.1998594916925,1432.0
scanId=179628,2.993666666667,989.2179711510888,1679.0
scanId=179628,2.993666666667,989.2360830095736,1858.0
scanId=179628,2.993666666667,989.2541950005802,1592.0
scanId=179628,2.993666666667,989.2723071906845,1358.0
scanId=179628,2.993666666667,989.2904195133017,1099.0
scanId=179628,2.993666666667,989.3085320350252,1022.0
scanId=179628,2.993666666667,989.3266446892529,1018.0
scanId=179628,2.993666666667,989.4896662051752,1018.0
scanId=179628,2.993666666667,989.5077805174558,1188.0
scanId=179628,2.993666666667,989.5258950288948,1603.0
scanId=179628,2.993666666667,989.5440096727856,3086.0
scanId=179628,2.993666666667,989.562124515844,6877.0
scanId=179628,2.993666666667,989.5802394913454,11660.0
scanId=179628,2.993666666667,989.5983546660228,16540.0
scanId=179628,2.993666666667,989.616469973135,19215.0
scanId=179628,2.993666666667,989.6345854794316,18279.0
scanId=179628,2.993666666667,989.6527011181541,15104.0
scanId=179628,2.993666666667,989.6708169560702,11069.0
scanId=179628,2.993666666667,989.6889329264033,7701.0
scanId=179628,2.993666666667,989.7070490959385,5305.0
scanId=179628,2.993666666667,989.7251653978822,3624.0
scanId=179628,2.993666666667,989.7432818990367,2528.0
scanId=179628,2.993666666667,989.761398532591,2143.0
scanId=179628,2.993666666667,989.7795153653645,1642.0
scanId=179628,2.993666666667,989.7976323305292,1254.0
scanId=179628,2.993666666667,989.8157494949223,1054.0
scanId=179628,2.993666666667,990.2324896377125,1045.0
scanId=179628,2.993666666667,990.5224475675493,1002.0
scanId=179628,2.993666666667,990.540571364327,1266.0
scanId=179628,2.993666666667,990.5586952933127,1816.0
scanId=179628,2.993666666667,990.5768194217097,2826.0
scanId=179628,2.993666666667,990.5949436823059,4360.0
scanId=179628,2.993666666667,990.6130681423222,5431.0
scanId=179628,2.993666666667,990.6311927345289,5322.0
scanId=179628,2.993666666667,990.6493175261643,4533.0
scanId=179628,2.993666666667,990.6674424499818,3334.0
scanId=179628,2.993666666667,990.6855675732363,2560.0
scanId=179628,2.993666666667,990.7036928286641,2021.0
scanId=179628,2.993666666667,990.721818283538,1506.0
scanId=179628,2.993666666667,990.7399438705763,1129.0
scanId=179628,2.993666666667,991.6645695450186,1014.0
scanId=179628,2.993666666667,1009.5339470294417,1157.0
scanId=179628,2.993666666667,1009.5522439312708,1486.0
scanId=179628,2.993666666667,1009.5705409609523,1674.0
scanId=179628,2.993666666667,1009.5888381944,1604.0
scanId=179628,2.993666666667,1009.6071355556919,1382.0
scanId=179628,2.993666666667,1009.625433120758,1001.0
scanId=179628,2.993666666667,1010.6137468329948,1031.0
scanId=179628,2.993666666667,1013.563255553348,2417.0
scanId=179628,2.993666666667,1013.5815889332041,4610.0
scanId=179628,2.993666666667,1013.5999224400433,6989.0
scanId=179628,2.993666666667,1013.618256151518,8947.0
scanId=179628,2.993666666667,1013.6365899899679,9566.0
scanId=179628,2.993666666667,1013.6549240330608,8426.0
scanId=179628,2.993666666667,1013.6732582031212,6579.0
scanId=179628,2.993666666667,1013.6915925778325,4879.0
scanId=179628,2.993666666667,1013.7099270795036,3240.0
scanId=179628,2.993666666667,1013.7282617858332,2065.0
scanId=179628,2.993666666667,1013.7465966191145,1355.0
scanId=179628,2.993666666667,1014.5718366210103,2017.0
scanId=179628,2.993666666667,1014.5901790813338,3753.0
scanId=179628,2.993666666667,1014.6085217465031,4785.0
scanId=179628,2.993666666667,1014.6268645384373,5301.0
scanId=179628,2.993666666667,1014.6452075352249,5646.0
scanId=179628,2.993666666667,1014.6635506587695,5566.0
scanId=179628,2.993666666667,1014.6818939871756,4605.0
scanId=179628,2.993666666667,1014.7002374423307,3307.0
scanId=179628,2.993666666667,1014.7185811023548,2431.0
scanId=179628,2.993666666667,1014.7369248891207,1642.0
scanId=179628,2.993666666667,1014.7552688807633,1066.0
scanId=179628,2.993666666667,1015.5809192164435,1029.0
scanId=179628,2.993666666667,1015.5992708353067,1662.0
scanId=179628,2.993666666667,1015.617622580725,2066.0
scanId=179628,2.993666666667,1015.6359745312061,2074.0
scanId=179628,2.993666666667,1015.6543266082352,1887.0
scanId=179628,2.993666666667,1015.6726788903347,1527.0
scanId=179628,2.993666666667,1019.567102128113,1251.0
scanId=179628,2.993666666667,1019.5854896874683,2315.0
scanId=179628,2.993666666667,1019.6038774527134,2861.0
scanId=179628,2.993666666667,1019.6222653436791,2518.0
scanId=179628,2.993666666667,1019.6406534405421,2247.0
scanId=179628,2.993666666667,1019.6590416631187,1980.0
scanId=179628,2.993666666667,1019.6774300915997,1629.0
scanId=179628,2.993666666667,1019.6958186457866,1114.0
scanId=179628,2.993666666667,1020.5786651984032,1014.0
scanId=179628,2.993666666667,1020.5970619173361,1187.0
scanId=179628,2.993666666667,1020.6154587617862,1187.0
scanId=179628,2.993666666667,1020.6338558123374,1242.0
scanId=179628,2.993666666667,1020.652252988398,1298.0
scanId=179628,2.993666666667,1020.6706503705672,1061.0
scanId=179628,2.993666666667,1041.6027926021875,1166.0
scanId=179628,2.993666666667,1041.6213778014173,1114.0
scanId=179628,2.993666666667,1041.6399632107666,1143.0
scanId=179628,2.993666666667,1041.6585487416069,1079.0
scanId=179628,2.993666666667,1042.588037795333,1105.0
scanId=179628,2.993666666667,1045.6769140397348,1058.0
scanId=179628,2.993666666667,1046.5895641727932,1231.0
scanId=179628,2.993666666667,1046.6081938078337,1698.0
scanId=179628,2.993666666667,1046.6268236538635,3047.0
scanId=179628,2.993666666667,1046.6454536205147,4661.0
scanId=179628,2.993666666667,1046.664083798161,5286.0
scanId=179628,2.993666666667,1046.6827140964226,4864.0
scanId=179628,2.993666666667,1046.701344605686,3763.0
scanId=179628,2.993666666667,1046.7199752355586,2734.0
scanId=179628,2.993666666667,1046.7386060764386,2148.0
scanId=179628,2.993666666667,1046.7572370379214,1483.0
scanId=179628,2.993666666667,1047.6144415430356,1267.0
scanId=179628,2.993666666667,1047.6330803427206,1971.0
scanId=179628,2.993666666667,1047.6517192628564,3051.0
scanId=179628,2.993666666667,1047.6703583941585,3599.0
scanId=179628,2.993666666667,1047.6889976459045,3419.0
scanId=179628,2.993666666667,1047.7076371088233,2654.0
scanId=179628,2.993666666667,1047.7262766921797,1872.0
scanId=179628,2.993666666667,1047.7449164867153,1260.0
scanId=179628,2.993666666667,1048.6584683979584,1319.0
scanId=179628,2.993666666667,1048.6771164829154,1290.0
scanId=179628,2.993666666667,1048.6957646881456,1186.0
scanId=179628,2.993666666667,1048.7144131047187,1158.0
scanId=179628,2.993666666667,1060.6271323710414,1119.0
scanId=179628,2.993666666667,1060.6458865732836,2915.0
scanId=179628,2.993666666667,1060.6646408938825,5436.0
scanId=179628,2.993666666667,1060.6833954277413,7017.0
scanId=179628,2.993666666667,1060.702150079951,6785.0
scanId=179628,2.993666666667,1060.7209049454254,5828.0
scanId=179628,2.993666666667,1060.7396599292456,4681.0
scanId=179628,2.993666666667,1060.7584151263363,3433.0
scanId=179628,2.993666666667,1060.7771704417669,2254.0
scanId=179628,2.993666666667,1060.7959259704744,1490.0
scanId=179628,2.993666666667,1061.6400952803408,1943.0
scanId=179628,2.993666666667,1061.6588584362205,2767.0
scanId=179628,2.993666666667,1061.6776217103036,3783.0
scanId=179628,2.993666666667,1061.6963851977994,4507.0
scanId=179628,2.993666666667,1061.715148803493,4307.0
scanId=179628,2.993666666667,1061.7339126226057,3151.0
scanId=179628,2.993666666667,1061.75267655991,2312.0
scanId=179628,2.993666666667,1061.771440710638,1706.0
scanId=179628,2.993666666667,1061.7902049795528,1196.0
scanId=179628,2.993666666667,1062.6910860189912,1012.0
scanId=179628,2.993666666667,1062.7098584601229,1695.0
scanId=179628,2.993666666667,1062.728631019301,1937.0
scanId=179628,2.993666666667,1062.7474037920485,1713.0
scanId=179628,2.993666666667,1062.7661766828376,1446.0
scanId=179628,2.993666666667,1062.7849497872016,1156.0
scanId=179628,2.993666666667,1088.6977857491145,1143.0
scanId=179628,2.993666666667,1088.7167864563357,1289.0
scanId=179628,2.993666666667,1088.735787380518,1063.0
scanId=179628,2.993666666667,1117.6547998363446,1411.0
scanId=179628,2.993666666667,1117.6740515727358,2162.0
scanId=179628,2.993666666667,1117.6933035286925,2690.0
scanId=179628,2.993666666667,1117.7125555966938,2425.0
scanId=179628,2.993666666667,1117.7318078842636,1850.0
scanId=179628,2.993666666667,1117.7510602838754,1319.0
scanId=179628,2.993666666667,1118.6368511387857,1329.0
scanId=179628,2.993666666667,1118.6561113850703,1620.0
scanId=179628,2.993666666667,1118.6753717433348,1702.0
scanId=179628,2.993666666667,1118.6946323212326,2066.0
scanId=179628,2.993666666667,1118.7138930111075,2201.0
scanId=179628,2.993666666667,1118.7331539206182,1763.0
scanId=179628,2.993666666667,1118.7524149421042,1254.0
scanId=179628,2.993666666667,1276.25387336157,1321.0
scanId=179628,2.993666666667,1276.2744457811218,3723.0
scanId=179628,2.993666666667,1276.2950183222447,7400.0
scanId=179628,2.993666666667,1276.3155910733994,10424.0
scanId=179628,2.993666666667,1276.3361639461334,11918.0
scanId=179628,2.993666666667,1276.3567370288908,12304.0
scanId=179628,2.993666666667,1276.3773102332348,10598.0
scanId=179628,2.993666666667,1276.3978836475949,8373.0
scanId=179628,2.993666666667,1276.4184571835494,6281.0
scanId=179628,2.993666666667,1276.4390309295122,4373.0
scanId=179628,2.993666666667,1276.4596047970779,3125.0
scanId=179628,2.993666666667,1276.4801788746431,2040.0
scanId=179628,2.993666666667,1276.5007530738187,1261.0
scanId=179628,2.993666666667,1277.2621158426355,2336.0
scanId=179628,2.993666666667,1277.2826963424109,5741.0
scanId=179628,2.993666666667,1277.30327705203,10667.0
scanId=179628,2.993666666667,1277.323857883416,13514.0
scanId=179628,2.993666666667,1277.3444389246374,14376.0
scanId=179628,2.993666666667,1277.3650200876345,14020.0
scanId=179628,2.993666666667,1277.3856014604587,11440.0
scanId=179628,2.993666666667,1277.406182955066,8096.0
scanId=179628,2.993666666667,1277.4267646594924,5330.0
scanId=179628,2.993666666667,1277.44734648571,3660.0
scanId=179628,2.993666666667,1277.4679285217396,2614.0
scanId=179628,2.993666666667,1277.4885106795682,1778.0
scanId=179628,2.993666666667,1277.5090930472002,1285.0
scanId=179628,2.993666666667,1277.529675536639,1084.0
scanId=179628,2.993666666667,1278.2501679149323,2464.0
scanId=179628,2.993666666667,1278.2707563733609,5964.0
scanId=179628,2.993666666667,1278.2913450414421,10339.0
scanId=179628,2.993666666667,1278.311933831481,13225.0
scanId=179628,2.993666666667,1278.3325228311646,15227.0
scanId=179628,2.993666666667,1278.353111952814,15870.0
scanId=179628,2.993666666667,1278.3737012841007,13982.0
scanId=179628,2.993666666667,1278.394290737361,11250.0
scanId=179628,2.993666666667,1278.4148804002498,8547.0
scanId=179628,2.993666666667,1278.4354701851203,6094.0
scanId=179628,2.993666666667,1278.4560601796118,4354.0
scanId=179628,2.993666666667,1278.4766502960927,3373.0
scanId=179628,2.993666666667,1278.4972406221873,2515.0
scanId=179628,2.993666666667,1278.5178310702786,1616.0
scanId=179628,2.993666666667,1278.5384217279752,1107.0
scanId=179628,2.993666666667,1278.5590125076772,1087.0
scanId=179628,2.993666666667,1279.2591984150542,2557.0
scanId=179628,2.993666666667,1279.2797950415963,5628.0
scanId=179628,2.993666666667,1279.3003917902884,9769.0
scanId=179628,2.993666666667,1279.320988748433,12243.0
scanId=179628,2.993666666667,1279.3415858287349,12390.0
scanId=179628,2.993666666667,1279.3621831184819,11006.0
scanId=179628,2.993666666667,1279.3827805303945,9063.0
scanId=179628,2.993666666667,1279.403378151744,7012.0
scanId=179628,2.993666666667,1279.4239758952674,5208.0
scanId=179628,2.993666666667,1279.4445738482195,3621.0
scanId=179628,2.993666666667,1279.4651719233532,2267.0
scanId=179628,2.993666666667,1279.4857702079078,1399.0
scanId=179628,2.993666666667,1280.2480224674523,1047.0
scanId=179628,2.993666666667,1280.2686270524537,2594.0
scanId=179628,2.993666666667,1280.2892317597978,4783.0
scanId=179628,2.993666666667,1280.3098366764011,7351.0
scanId=179628,2.993666666667,1280.3304417153563,9289.0
scanId=179628,2.993666666667,1280.3510469635623,9210.0
scanId=179628,2.993666666667,1280.3716523341277,8121.0
scanId=179628,2.993666666667,1280.3922579139362,6407.0
scanId=179628,2.993666666667,1280.412863616112,4397.0
scanId=179628,2.993666666667,1280.4334695275231,3125.0
scanId=179628,2.993666666667,1280.4540755613095,2343.0
scanId=179628,2.993666666667,1280.4746818043227,1667.0
scanId=179628,2.993666666667,1280.4952881697195,1221.0
scanId=179628,2.993666666667,1281.2578410739736,1069.0
scanId=179628,2.993666666667,1281.2784537399705,2225.0
scanId=179628,2.993666666667,1281.2990666150313,4203.0
scanId=179628,2.993666666667,1281.3196796126385,5862.0
scanId=179628,2.993666666667,1281.340292819302,6432.0
scanId=179628,2.993666666667,1281.3609061485204,5469.0
scanId=179628,2.993666666667,1281.3815196867863,4200.0
scanId=179628,2.993666666667,1281.4021333476148,3187.0
scanId=179628,2.993666666667,1281.4227472174828,2160.0
scanId=179628,2.993666666667,1281.4433612099217,1481.0
scanId=179628,2.993666666667,1281.4639754113925,1247.0
scanId=179628,2.993666666667,1281.4845897354421,1024.0
scanId=179628,2.993666666667,1282.309299520543,1615.0
scanId=179628,2.993666666667,1282.329920685662,2406.0
scanId=179628,2.993666666667,1282.3505419735327,2712.0
scanId=179628,2.993666666667,1282.3711634702538,2587.0
scanId=179628,2.993666666667,1282.3917850897355,2121.0
scanId=179628,2.993666666667,1282.412406918059,1570.0
scanId=179628,2.993666666667,1282.4330288691506,1184.0
scanId=179628,2.993666666667,1283.2786725241158,1093.0
scanId=179628,2.993666666667,1283.2993014390288,1468.0
scanId=179628,2.993666666667,1283.319930562602,1654.0
scanId=179628,2.993666666667,1283.3405598091251,1691.0
scanId=179628,2.993666666667,1283.3611892643005,1690.0
scanId=179628,2.993666666667,1283.381818842434,1390.0
scanId=179628,2.993666666667,1318.3154833357473,1910.0
scanId=179628,2.993666666667,1318.3363919989647,2834.0
scanId=179628,2.993666666667,1318.357300793163,2922.0
scanId=179628,2.993666666667,1318.3782097879796,2546.0
scanId=179628,2.993666666667,1318.3991189137882,2018.0
scanId=179628,2.993666666667,1318.4200282402048,1604.0
scanId=179628,2.993666666667,1318.440937697624,1153.0
scanId=179628,2.993666666667,1319.3192853597534,1518.0
scanId=179628,2.993666666667,1319.3402019813643,1844.0
scanId=179628,2.993666666667,1319.361118734215,1843.0
scanId=179628,2.993666666667,1319.3820356874264,2006.0
scanId=179628,2.993666666667,1319.4029527718876,1943.0
scanId=179628,2.993666666667,1319.423870056698,1781.0
scanId=179628,2.993666666667,1319.4447874727698,1541.0
scanId=179628,2.993666666667,1319.46570508918,1182.0
scanId=179628,2.993666666667,1320.302545012967,1338.0
scanId=179628,2.993666666667,1320.32346939286,2400.0
scanId=179628,2.993666666667,1320.3443939728631,3002.0
scanId=179628,2.993666666667,1320.3653186843667,2822.0
scanId=179628,2.993666666667,1320.3862435959695,2348.0
scanId=179628,2.993666666667,1320.4071686390835,1712.0
scanId=179628,2.993666666667,1320.4280938822862,1249.0
scanId=179628,2.993666666667,1320.4490192570108,1040.0
scanId=179628,2.993666666667,1321.328035435026,1734.0
scanId=179628,2.993666666667,1321.3489679734203,2373.0
scanId=179628,2.993666666667,1321.3699006435766,2427.0
scanId=179628,2.993666666667,1321.39083351357,2006.0
scanId=179628,2.993666666667,1321.4117665153367,1851.0
scanId=179628,2.993666666667,1321.4326997169296,1513.0
scanId=179628,2.993666666667,1321.4536330503067,1105.0
scanId=179628,2.993666666667,1322.2911030238315,1079.0
scanId=179628,2.993666666667,1322.3120431890147,1342.0
scanId=179628,2.993666666667,1322.332983486213,1561.0
scanId=179628,2.993666666667,1322.3539239829959,1623.0
scanId=179628,2.993666666667,1322.3748646118047,1569.0
scanId=179628,2.993666666667,1322.3958054401876,1493.0
scanId=179628,2.993666666667,1322.416746400607,1218.0
scanId=179628,2.993666666667,1332.3614348527215,1462.0
scanId=179628,2.993666666667,1332.3824546017045,1819.0
scanId=179628,2.993666666667,1332.4034744854293,1838.0
scanId=179628,2.993666666667,1332.424494566011,1570.0
scanId=179628,2.993666666667,1332.4455147813462,1266.0
scanId=179628,2.993666666667,1333.349541572711,1061.0
scanId=179628,2.993666666667,1333.370569083478,2277.0
scanId=179628,2.993666666667,1333.3915967908313,3278.0
scanId=179628,2.993666666667,1333.412624633209,3238.0
scanId=179628,2.993666666667,1333.4336526721615,2631.0
scanId=179628,2.993666666667,1333.4546808461498,2054.0
scanId=179628,2.993666666667,1333.4757092167004,1489.0
scanId=179628,2.993666666667,1333.496737722299,1198.0
scanId=179628,2.993666666667,1334.3380145192345,1001.0
scanId=179628,2.993666666667,1334.3590498533588,1547.0
scanId=179628,2.993666666667,1334.3800853227785,2069.0
scanId=179628,2.993666666667,1334.401120988501,2599.0
scanId=179628,2.993666666667,1334.422156789531,2831.0
scanId=179628,2.993666666667,1334.4431927868523,2446.0
scanId=179628,2.993666666667,1334.464228919493,1810.0
scanId=179628,2.993666666667,1334.4852652484135,1370.0
scanId=179628,2.993666666667,1334.5063017126647,1042.0
scanId=179628,2.993666666667,1335.3689401425104,1453.0
scanId=179628,2.993666666667,1335.389983570583,1955.0
scanId=179628,2.993666666667,1335.4110271946734,2215.0
scanId=179628,2.993666666667,1335.4320709543563,1989.0
scanId=179628,2.993666666667,1335.4531149100446,1549.0
scanId=179628,2.993666666667,1335.4741590013382,1144.0
scanId=179628,2.993666666667,1336.3792124401268,1196.0
scanId=179628,2.993666666667,1336.4002638268519,1936.0
scanId=179628,2.993666666667,1336.4213154093077,2015.0
scanId=179628,2.993666666667,1336.4423671276431,1458.0
scanId=179628,2.993666666667,1521.9339564835284,1425.0
scanId=179628,2.993666666667,1521.956421857544,1741.0
scanId=179628,2.993666666667,1521.9788873518978,1639.0
scanId=179628,2.993666666667,1522.001353057524,1221.0
